==========================================================
Lanzando Experimento: CMS3_ettm1 | Dataset: ettm1
==========================================================
Args in experiment:
Namespace(random_seed=2021, is_training=1, model_id='CMS3_ettm1_336_96', model='PatchTST', data='ETTm1', root_path='./dataset/', data_path='ETTm1.csv', features='M', target='OT', freq='h', checkpoints='./checkpoints/', seq_len=336, label_len=48, pred_len=96, head_type='cms3', fc_dropout=0.2, head_dropout=0.0, patch_len=16, stride=8, padding_patch='end', revin=1, affine=0, subtract_last=0, decomposition=0, kernel_size=25, individual=0, embed_type=0, enc_in=7, dec_in=7, c_out=7, d_model=128, n_heads=16, e_layers=3, d_layers=1, d_ff=256, moving_avg=25, factor=1, distil=True, dropout=0.2, embed='timeF', activation='gelu', output_attention=False, do_predict=False, num_workers=0, itr=1, train_epochs=100, batch_size=128, patience=20, learning_rate=0.0001, des='Exp', loss='mse', lradj='TST', pct_start=0.4, use_amp=False, use_gpu=True, gpu=0, use_multi_gpu=False, devices='0,1,2,3', test_flop=False)
Use GPU: cuda:0
>>>>>>>start training : CMS3_ettm1_336_96_PatchTST_ETTm1_ftM_sl336_ll48_pl96_dm128_nh16_el3_dl1_df256_fc1_ebtimeF_dtTrue_Exp_0>>>>>>>>>>>>>>>>>>>>>>>>>>
train 34129
val 11425
test 11425
	iters: 100, epoch: 1 | loss: 0.5055999
	speed: 0.0921s/iter; left time: 2439.4561s
	iters: 200, epoch: 1 | loss: 0.5111336
	speed: 0.0498s/iter; left time: 1314.9979s
Epoch: 1 cost time: 14.205587387084961
Epoch: 1, Steps: 266 | Train Loss: 0.4966334 Vali Loss: 0.9134872 Test Loss: 0.6886300
Validation loss decreased (inf --> 0.913487).  Saving model ...
Updating learning rate to 4.147995783958166e-06
	iters: 100, epoch: 2 | loss: 0.5209674
	speed: 0.1184s/iter; left time: 3105.8547s
	iters: 200, epoch: 2 | loss: 0.4901738
	speed: 0.0509s/iter; left time: 1331.5536s
Epoch: 2 cost time: 13.5198392868042
Epoch: 2, Steps: 266 | Train Loss: 0.4961964 Vali Loss: 0.9131324 Test Loss: 0.6877815
Validation loss decreased (0.913487 --> 0.913132).  Saving model ...
Updating learning rate to 4.591070521163098e-06
	iters: 100, epoch: 3 | loss: 0.5013704
	speed: 0.1196s/iter; left time: 3105.2897s
	iters: 200, epoch: 3 | loss: 0.5399612
	speed: 0.0511s/iter; left time: 1322.0036s
Epoch: 3 cost time: 13.591778039932251
Epoch: 3, Steps: 266 | Train Loss: 0.4957870 Vali Loss: 0.9116151 Test Loss: 0.6868217
Validation loss decreased (0.913132 --> 0.911615).  Saving model ...
Updating learning rate to 5.326491995236255e-06
	iters: 100, epoch: 4 | loss: 0.4946383
	speed: 0.1203s/iter; left time: 3090.8791s
	iters: 200, epoch: 4 | loss: 0.5106382
	speed: 0.0511s/iter; left time: 1309.5792s
Epoch: 4 cost time: 13.62765645980835
Epoch: 4, Steps: 266 | Train Loss: 0.4950008 Vali Loss: 0.9102821 Test Loss: 0.6857142
Validation loss decreased (0.911615 --> 0.910282).  Saving model ...
Updating learning rate to 6.349725236277868e-06
	iters: 100, epoch: 5 | loss: 0.5121703
	speed: 0.1199s/iter; left time: 3049.9116s
	iters: 200, epoch: 5 | loss: 0.4425101
	speed: 0.0512s/iter; left time: 1298.3751s
Epoch: 5 cost time: 13.634419918060303
Epoch: 5, Steps: 266 | Train Loss: 0.4944637 Vali Loss: 0.9089864 Test Loss: 0.6844050
Validation loss decreased (0.910282 --> 0.908986).  Saving model ...
Updating learning rate to 7.654460485717921e-06
	iters: 100, epoch: 6 | loss: 0.5559387
	speed: 0.1201s/iter; left time: 3021.9331s
	iters: 200, epoch: 6 | loss: 0.5102451
	speed: 0.0515s/iter; left time: 1290.6175s
Epoch: 6 cost time: 13.661431550979614
Epoch: 6, Steps: 266 | Train Loss: 0.4937830 Vali Loss: 0.9067104 Test Loss: 0.6828508
Validation loss decreased (0.908986 --> 0.906710).  Saving model ...
Updating learning rate to 9.232652105385623e-06
	iters: 100, epoch: 7 | loss: 0.5237196
	speed: 0.1202s/iter; left time: 2993.7771s
	iters: 200, epoch: 7 | loss: 0.4618009
	speed: 0.0514s/iter; left time: 1276.2152s
Epoch: 7 cost time: 13.674594163894653
Epoch: 7, Steps: 266 | Train Loss: 0.4927596 Vali Loss: 0.9041529 Test Loss: 0.6810203
Validation loss decreased (0.906710 --> 0.904153).  Saving model ...
Updating learning rate to 1.1074568190864783e-05
	iters: 100, epoch: 8 | loss: 0.4743208
	speed: 0.1202s/iter; left time: 2961.5925s
	iters: 200, epoch: 8 | loss: 0.4694993
	speed: 0.0514s/iter; left time: 1262.1267s
Epoch: 8 cost time: 13.67292594909668
Epoch: 8, Steps: 266 | Train Loss: 0.4917379 Vali Loss: 0.9021049 Test Loss: 0.6788489
Validation loss decreased (0.904153 --> 0.902105).  Saving model ...
Updating learning rate to 1.316885058319476e-05
	iters: 100, epoch: 9 | loss: 0.4467992
	speed: 0.1207s/iter; left time: 2942.2623s
	iters: 200, epoch: 9 | loss: 0.5095310
	speed: 0.0514s/iter; left time: 1248.0832s
Epoch: 9 cost time: 13.681826829910278
Epoch: 9, Steps: 266 | Train Loss: 0.4903957 Vali Loss: 0.8993680 Test Loss: 0.6763018
Validation loss decreased (0.902105 --> 0.899368).  Saving model ...
Updating learning rate to 1.5502584908855415e-05
	iters: 100, epoch: 10 | loss: 0.4652042
	speed: 0.1203s/iter; left time: 2899.7209s
	iters: 200, epoch: 10 | loss: 0.4793187
	speed: 0.0514s/iter; left time: 1234.9746s
Epoch: 10 cost time: 13.677912473678589
Epoch: 10, Steps: 266 | Train Loss: 0.4889866 Vali Loss: 0.8952172 Test Loss: 0.6732712
Validation loss decreased (0.899368 --> 0.895217).  Saving model ...
Updating learning rate to 1.806138021613527e-05
	iters: 100, epoch: 11 | loss: 0.5011405
	speed: 0.1203s/iter; left time: 2867.7032s
	iters: 200, epoch: 11 | loss: 0.4865471
	speed: 0.0516s/iter; left time: 1224.0778s
Epoch: 11 cost time: 13.696057081222534
Epoch: 11, Steps: 266 | Train Loss: 0.4873327 Vali Loss: 0.8914413 Test Loss: 0.6697066
Validation loss decreased (0.895217 --> 0.891441).  Saving model ...
Updating learning rate to 2.0829457716805565e-05
	iters: 100, epoch: 12 | loss: 0.5003166
	speed: 0.1203s/iter; left time: 2835.6622s
	iters: 200, epoch: 12 | loss: 0.5048684
	speed: 0.0514s/iter; left time: 1207.0945s
Epoch: 12 cost time: 13.666094779968262
Epoch: 12, Steps: 266 | Train Loss: 0.4852946 Vali Loss: 0.8860040 Test Loss: 0.6654257
Validation loss decreased (0.891441 --> 0.886004).  Saving model ...
Updating learning rate to 2.3789748085875986e-05
	iters: 100, epoch: 13 | loss: 0.4641378
	speed: 0.1203s/iter; left time: 2803.1503s
	iters: 200, epoch: 13 | loss: 0.4983418
	speed: 0.0514s/iter; left time: 1193.0525s
Epoch: 13 cost time: 13.67603087425232
Epoch: 13, Steps: 266 | Train Loss: 0.4828965 Vali Loss: 0.8799664 Test Loss: 0.6603097
Validation loss decreased (0.886004 --> 0.879966).  Saving model ...
Updating learning rate to 2.6923996719433387e-05
	iters: 100, epoch: 14 | loss: 0.5009884
	speed: 0.1209s/iter; left time: 2784.8163s
	iters: 200, epoch: 14 | loss: 0.4811470
	speed: 0.0515s/iter; left time: 1180.6105s
Epoch: 14 cost time: 13.681836605072021
Epoch: 14, Steps: 266 | Train Loss: 0.4798597 Vali Loss: 0.8721327 Test Loss: 0.6541310
Validation loss decreased (0.879966 --> 0.872133).  Saving model ...
Updating learning rate to 3.021287630149266e-05
	iters: 100, epoch: 15 | loss: 0.4944119
	speed: 0.1203s/iter; left time: 2740.2211s
	iters: 200, epoch: 15 | loss: 0.4438501
	speed: 0.0514s/iter; left time: 1165.7404s
Epoch: 15 cost time: 13.6761953830719
Epoch: 15, Steps: 266 | Train Loss: 0.4763847 Vali Loss: 0.8624557 Test Loss: 0.6466494
Validation loss decreased (0.872133 --> 0.862456).  Saving model ...
Updating learning rate to 3.363610598571669e-05
	iters: 100, epoch: 16 | loss: 0.4705052
	speed: 0.1204s/iter; left time: 2710.6298s
	iters: 200, epoch: 16 | loss: 0.4610911
	speed: 0.0515s/iter; left time: 1154.5755s
Epoch: 16 cost time: 13.684107065200806
Epoch: 16, Steps: 266 | Train Loss: 0.4723764 Vali Loss: 0.8513414 Test Loss: 0.6377197
Validation loss decreased (0.862456 --> 0.851341).  Saving model ...
Updating learning rate to 3.717257645707274e-05
	iters: 100, epoch: 17 | loss: 0.4859281
	speed: 0.1201s/iter; left time: 2672.0421s
	iters: 200, epoch: 17 | loss: 0.4343906
	speed: 0.0514s/iter; left time: 1137.4637s
Epoch: 17 cost time: 13.655012607574463
Epoch: 17, Steps: 266 | Train Loss: 0.4673073 Vali Loss: 0.8376898 Test Loss: 0.6271513
Validation loss decreased (0.851341 --> 0.837690).  Saving model ...
Updating learning rate to 4.08004801022336e-05
	iters: 100, epoch: 18 | loss: 0.4864955
	speed: 0.1203s/iter; left time: 2643.1724s
	iters: 200, epoch: 18 | loss: 0.4669560
	speed: 0.0515s/iter; left time: 1126.0553s
Epoch: 18 cost time: 13.694122791290283
Epoch: 18, Steps: 266 | Train Loss: 0.4613126 Vali Loss: 0.8225451 Test Loss: 0.6150278
Validation loss decreased (0.837690 --> 0.822545).  Saving model ...
Updating learning rate to 4.4497445486028815e-05
	iters: 100, epoch: 19 | loss: 0.4445587
	speed: 0.1209s/iter; left time: 2625.1179s
	iters: 200, epoch: 19 | loss: 0.4432369
	speed: 0.0514s/iter; left time: 1111.1847s
Epoch: 19 cost time: 13.67704439163208
Epoch: 19, Steps: 266 | Train Loss: 0.4545331 Vali Loss: 0.8048219 Test Loss: 0.6015719
Validation loss decreased (0.822545 --> 0.804822).  Saving model ...
Updating learning rate to 4.8240675304698384e-05
	iters: 100, epoch: 20 | loss: 0.4414002
	speed: 0.1203s/iter; left time: 2580.0407s
	iters: 200, epoch: 20 | loss: 0.4599853
	speed: 0.0514s/iter; left time: 1097.4152s
Epoch: 20 cost time: 13.673493385314941
Epoch: 20, Steps: 266 | Train Loss: 0.4468775 Vali Loss: 0.7848161 Test Loss: 0.5872192
Validation loss decreased (0.804822 --> 0.784816).  Saving model ...
Updating learning rate to 5.2007086965261054e-05
	iters: 100, epoch: 21 | loss: 0.4903367
	speed: 0.1203s/iter; left time: 2548.9558s
	iters: 200, epoch: 21 | loss: 0.4635831
	speed: 0.0515s/iter; left time: 1085.5476s
Epoch: 21 cost time: 13.686665296554565
Epoch: 21, Steps: 266 | Train Loss: 0.4387861 Vali Loss: 0.7644367 Test Loss: 0.5723665
Validation loss decreased (0.784816 --> 0.764437).  Saving model ...
Updating learning rate to 5.5773454924116216e-05
	iters: 100, epoch: 22 | loss: 0.4383009
	speed: 0.1202s/iter; left time: 2514.4430s
	iters: 200, epoch: 22 | loss: 0.4355304
	speed: 0.0514s/iter; left time: 1069.4787s
Epoch: 22 cost time: 13.662078380584717
Epoch: 22, Steps: 266 | Train Loss: 0.4298930 Vali Loss: 0.7412084 Test Loss: 0.5572956
Validation loss decreased (0.764437 --> 0.741208).  Saving model ...
Updating learning rate to 5.95165539071495e-05
	iters: 100, epoch: 23 | loss: 0.3784281
	speed: 0.1202s/iter; left time: 2482.3239s
	iters: 200, epoch: 23 | loss: 0.4307052
	speed: 0.0514s/iter; left time: 1055.7171s
Epoch: 23 cost time: 13.672027587890625
Epoch: 23, Steps: 266 | Train Loss: 0.4207768 Vali Loss: 0.7186037 Test Loss: 0.5421907
Validation loss decreased (0.741208 --> 0.718604).  Saving model ...
Updating learning rate to 6.321330212817643e-05
	iters: 100, epoch: 24 | loss: 0.4489132
	speed: 0.1204s/iter; left time: 2454.2637s
	iters: 200, epoch: 24 | loss: 0.3879929
	speed: 0.0513s/iter; left time: 1040.4244s
Epoch: 24 cost time: 13.643066167831421
Epoch: 24, Steps: 266 | Train Loss: 0.4111743 Vali Loss: 0.6948814 Test Loss: 0.5270301
Validation loss decreased (0.718604 --> 0.694881).  Saving model ...
Updating learning rate to 6.684090362256924e-05
	iters: 100, epoch: 25 | loss: 0.3961198
	speed: 0.1202s/iter; left time: 2418.2337s
	iters: 200, epoch: 25 | loss: 0.3982090
	speed: 0.0513s/iter; left time: 1027.3495s
Epoch: 25 cost time: 13.653515100479126
Epoch: 25, Steps: 266 | Train Loss: 0.4012426 Vali Loss: 0.6715553 Test Loss: 0.5118700
Validation loss decreased (0.694881 --> 0.671555).  Saving model ...
Updating learning rate to 7.037698881836747e-05
	iters: 100, epoch: 26 | loss: 0.4116949
	speed: 0.1203s/iter; left time: 2387.5570s
	iters: 200, epoch: 26 | loss: 0.4051378
	speed: 0.0514s/iter; left time: 1014.8748s
Epoch: 26 cost time: 13.66693902015686
Epoch: 26, Steps: 266 | Train Loss: 0.3911446 Vali Loss: 0.6470928 Test Loss: 0.4966042
Validation loss decreased (0.671555 --> 0.647093).  Saving model ...
Updating learning rate to 7.379975247804219e-05
	iters: 100, epoch: 27 | loss: 0.3505746
	speed: 0.1201s/iter; left time: 2351.4173s
	iters: 200, epoch: 27 | loss: 0.3801694
	speed: 0.0513s/iter; left time: 999.9738s
Epoch: 27 cost time: 13.65064549446106
Epoch: 27, Steps: 266 | Train Loss: 0.3808937 Vali Loss: 0.6234239 Test Loss: 0.4812216
Validation loss decreased (0.647093 --> 0.623424).  Saving model ...
Updating learning rate to 7.70880881602968e-05
	iters: 100, epoch: 28 | loss: 0.3698036
	speed: 0.1200s/iter; left time: 2317.5008s
	iters: 200, epoch: 28 | loss: 0.3603347
	speed: 0.0514s/iter; left time: 987.1818s
Epoch: 28 cost time: 13.658618688583374
Epoch: 28, Steps: 266 | Train Loss: 0.3708542 Vali Loss: 0.5994202 Test Loss: 0.4657013
Validation loss decreased (0.623424 --> 0.599420).  Saving model ...
Updating learning rate to 8.02217183727475e-05
	iters: 100, epoch: 29 | loss: 0.3857237
	speed: 0.1204s/iter; left time: 2293.1736s
	iters: 200, epoch: 29 | loss: 0.3433666
	speed: 0.0512s/iter; left time: 971.1901s
Epoch: 29 cost time: 13.62710189819336
Epoch: 29, Steps: 266 | Train Loss: 0.3601737 Vali Loss: 0.5764913 Test Loss: 0.4502895
Validation loss decreased (0.599420 --> 0.576491).  Saving model ...
Updating learning rate to 8.318131961289731e-05
	iters: 100, epoch: 30 | loss: 0.3804513
	speed: 0.1198s/iter; left time: 2251.5097s
	iters: 200, epoch: 30 | loss: 0.3512210
	speed: 0.0512s/iter; left time: 957.4370s
Epoch: 30 cost time: 13.629121780395508
Epoch: 30, Steps: 266 | Train Loss: 0.3497307 Vali Loss: 0.5525150 Test Loss: 0.4345120
Validation loss decreased (0.576491 --> 0.552515).  Saving model ...
Updating learning rate to 8.59486415263404e-05
	iters: 100, epoch: 31 | loss: 0.3700017
	speed: 0.1202s/iter; left time: 2225.7512s
	iters: 200, epoch: 31 | loss: 0.3377233
	speed: 0.0513s/iter; left time: 945.4647s
Epoch: 31 cost time: 13.67763066291809
Epoch: 31, Steps: 266 | Train Loss: 0.3392980 Vali Loss: 0.5307650 Test Loss: 0.4188868
Validation loss decreased (0.552515 --> 0.530765).  Saving model ...
Updating learning rate to 8.850661944740828e-05
	iters: 100, epoch: 32 | loss: 0.3061067
	speed: 0.1320s/iter; left time: 2409.4113s
	iters: 200, epoch: 32 | loss: 0.3429528
	speed: 0.0513s/iter; left time: 930.8339s
Epoch: 32 cost time: 13.613792419433594
Epoch: 32, Steps: 266 | Train Loss: 0.3291233 Vali Loss: 0.5089676 Test Loss: 0.4038005
Validation loss decreased (0.530765 --> 0.508968).  Saving model ...
Updating learning rate to 9.083947962827694e-05
	iters: 100, epoch: 33 | loss: 0.3281564
	speed: 0.1203s/iter; left time: 2163.2350s
	iters: 200, epoch: 33 | loss: 0.2852255
	speed: 0.0513s/iter; left time: 918.2661s
Epoch: 33 cost time: 13.66282033920288
Epoch: 33, Steps: 266 | Train Loss: 0.3192117 Vali Loss: 0.4881596 Test Loss: 0.3894719
Validation loss decreased (0.508968 --> 0.488160).  Saving model ...
Updating learning rate to 9.293283650764084e-05
	iters: 100, epoch: 34 | loss: 0.3289098
	speed: 0.1201s/iter; left time: 2128.7009s
	iters: 200, epoch: 34 | loss: 0.3271109
	speed: 0.0514s/iter; left time: 905.7088s
Epoch: 34 cost time: 13.67944860458374
Epoch: 34, Steps: 266 | Train Loss: 0.3095350 Vali Loss: 0.4696090 Test Loss: 0.3756909
Validation loss decreased (0.488160 --> 0.469609).  Saving model ...
Updating learning rate to 9.477378141914727e-05
	iters: 100, epoch: 35 | loss: 0.2954789
	speed: 0.1319s/iter; left time: 2302.8075s
	iters: 200, epoch: 35 | loss: 0.2920460
	speed: 0.0512s/iter; left time: 888.4021s
Epoch: 35 cost time: 13.612459897994995
Epoch: 35, Steps: 266 | Train Loss: 0.3006593 Vali Loss: 0.4519754 Test Loss: 0.3632856
Validation loss decreased (0.469609 --> 0.451975).  Saving model ...
Updating learning rate to 9.635096219257111e-05
	iters: 100, epoch: 36 | loss: 0.2787562
	speed: 0.1199s/iter; left time: 2061.1181s
	iters: 200, epoch: 36 | loss: 0.3039615
	speed: 0.0513s/iter; left time: 876.0359s
Epoch: 36 cost time: 13.640737056732178
Epoch: 36, Steps: 266 | Train Loss: 0.2921155 Vali Loss: 0.4356017 Test Loss: 0.3518881
Validation loss decreased (0.451975 --> 0.435602).  Saving model ...
Updating learning rate to 9.765465315687045e-05
	iters: 100, epoch: 37 | loss: 0.2836531
	speed: 0.1204s/iter; left time: 2037.3798s
	iters: 200, epoch: 37 | loss: 0.3002566
	speed: 0.0515s/iter; left time: 867.1232s
Epoch: 37 cost time: 13.68839144706726
Epoch: 37, Steps: 266 | Train Loss: 0.2845851 Vali Loss: 0.4223919 Test Loss: 0.3417277
Validation loss decreased (0.435602 --> 0.422392).  Saving model ...
Updating learning rate to 9.867681511344941e-05
	iters: 100, epoch: 38 | loss: 0.2663943
	speed: 0.1213s/iter; left time: 2020.2327s
	iters: 200, epoch: 38 | loss: 0.2815896
	speed: 0.0513s/iter; left time: 850.0292s
Epoch: 38 cost time: 13.654112100601196
Epoch: 38, Steps: 266 | Train Loss: 0.2775793 Vali Loss: 0.4102235 Test Loss: 0.3332679
Validation loss decreased (0.422392 --> 0.410224).  Saving model ...
Updating learning rate to 9.941114490980398e-05
	iters: 100, epoch: 39 | loss: 0.2705047
	speed: 0.1202s/iter; left time: 1969.6449s
	iters: 200, epoch: 39 | loss: 0.2755389
	speed: 0.0513s/iter; left time: 835.8009s
Epoch: 39 cost time: 13.66100811958313
Epoch: 39, Steps: 266 | Train Loss: 0.2718440 Vali Loss: 0.4002252 Test Loss: 0.3255701
Validation loss decreased (0.410224 --> 0.400225).  Saving model ...
Updating learning rate to 9.98531143078552e-05
	iters: 100, epoch: 40 | loss: 0.2816532
	speed: 0.1210s/iter; left time: 1952.0334s
	iters: 200, epoch: 40 | loss: 0.2616061
	speed: 0.0513s/iter; left time: 821.8411s
Epoch: 40 cost time: 13.651730060577393
Epoch: 40, Steps: 266 | Train Loss: 0.2664619 Vali Loss: 0.3918155 Test Loss: 0.3190355
Validation loss decreased (0.400225 --> 0.391816).  Saving model ...
Updating learning rate to 9.999999903133806e-05
	iters: 100, epoch: 41 | loss: 0.2690566
	speed: 0.1200s/iter; left time: 1903.8194s
	iters: 200, epoch: 41 | loss: 0.2496574
	speed: 0.0513s/iter; left time: 808.6242s
Epoch: 41 cost time: 13.646500587463379
Epoch: 41, Steps: 266 | Train Loss: 0.2618733 Vali Loss: 0.3849863 Test Loss: 0.3138897
Validation loss decreased (0.391816 --> 0.384986).  Saving model ...
Updating learning rate to 9.993096095176514e-05
	iters: 100, epoch: 42 | loss: 0.2552179
	speed: 0.1202s/iter; left time: 1875.2056s
	iters: 200, epoch: 42 | loss: 0.2505030
	speed: 0.0515s/iter; left time: 797.7766s
Epoch: 42 cost time: 13.673622846603394
Epoch: 42, Steps: 266 | Train Loss: 0.2578228 Vali Loss: 0.3788474 Test Loss: 0.3098027
Validation loss decreased (0.384986 --> 0.378847).  Saving model ...
Updating learning rate to 9.972506612706808e-05
	iters: 100, epoch: 43 | loss: 0.2636219
	speed: 0.1201s/iter; left time: 1841.1358s
	iters: 200, epoch: 43 | loss: 0.2461231
	speed: 0.0512s/iter; left time: 780.3658s
Epoch: 43 cost time: 13.642709255218506
Epoch: 43, Steps: 266 | Train Loss: 0.2545188 Vali Loss: 0.3746055 Test Loss: 0.3064015
Validation loss decreased (0.378847 --> 0.374606).  Saving model ...
Updating learning rate to 9.93828789006498e-05
	iters: 100, epoch: 44 | loss: 0.2486070
	speed: 0.1200s/iter; left time: 1807.0691s
	iters: 200, epoch: 44 | loss: 0.2508992
	speed: 0.0513s/iter; left time: 766.9454s
Epoch: 44 cost time: 13.64220643043518
Epoch: 44, Steps: 266 | Train Loss: 0.2515204 Vali Loss: 0.3716024 Test Loss: 0.3036804
Validation loss decreased (0.374606 --> 0.371602).  Saving model ...
Updating learning rate to 9.890533718391275e-05
	iters: 100, epoch: 45 | loss: 0.2666030
	speed: 0.1208s/iter; left time: 1788.0760s
	iters: 200, epoch: 45 | loss: 0.2654003
	speed: 0.0513s/iter; left time: 753.4326s
Epoch: 45 cost time: 13.643214464187622
Epoch: 45, Steps: 266 | Train Loss: 0.2489109 Vali Loss: 0.3689219 Test Loss: 0.3010061
Validation loss decreased (0.371602 --> 0.368922).  Saving model ...
Updating learning rate to 9.829374988550901e-05
	iters: 100, epoch: 46 | loss: 0.2431940
	speed: 0.1492s/iter; left time: 2167.8007s
	iters: 200, epoch: 46 | loss: 0.2530634
	speed: 0.0510s/iter; left time: 735.9100s
Epoch: 46 cost time: 13.557064533233643
Epoch: 46, Steps: 266 | Train Loss: 0.2468456 Vali Loss: 0.3665370 Test Loss: 0.2992176
Validation loss decreased (0.368922 --> 0.366537).  Saving model ...
Updating learning rate to 9.754979332371259e-05
	iters: 100, epoch: 47 | loss: 0.2297941
	speed: 0.1202s/iter; left time: 1715.1837s
	iters: 200, epoch: 47 | loss: 0.2239180
	speed: 0.0514s/iter; left time: 728.5415s
Epoch: 47 cost time: 13.673558712005615
Epoch: 47, Steps: 266 | Train Loss: 0.2447822 Vali Loss: 0.3653885 Test Loss: 0.2978920
Validation loss decreased (0.366537 --> 0.365389).  Saving model ...
Updating learning rate to 9.667550663174757e-05
	iters: 100, epoch: 48 | loss: 0.2338356
	speed: 0.1201s/iter; left time: 1681.5020s
	iters: 200, epoch: 48 | loss: 0.2227945
	speed: 0.0514s/iter; left time: 715.0206s
Epoch: 48 cost time: 13.670410871505737
Epoch: 48, Steps: 266 | Train Loss: 0.2428990 Vali Loss: 0.3624410 Test Loss: 0.2966962
Validation loss decreased (0.365389 --> 0.362441).  Saving model ...
Updating learning rate to 9.567328616866573e-05
	iters: 100, epoch: 49 | loss: 0.2526809
	speed: 0.1204s/iter; left time: 1652.9545s
	iters: 200, epoch: 49 | loss: 0.2607152
	speed: 0.0515s/iter; left time: 701.8737s
Epoch: 49 cost time: 13.703133344650269
Epoch: 49, Steps: 266 | Train Loss: 0.2415184 Vali Loss: 0.3622731 Test Loss: 0.2954957
Validation loss decreased (0.362441 --> 0.362273).  Saving model ...
Updating learning rate to 9.454587895109285e-05
	iters: 100, epoch: 50 | loss: 0.2485488
	speed: 0.1532s/iter; left time: 2062.5017s
	iters: 200, epoch: 50 | loss: 0.2362865
	speed: 0.0511s/iter; left time: 682.6705s
Epoch: 50 cost time: 13.579815149307251
Epoch: 50, Steps: 266 | Train Loss: 0.2398779 Vali Loss: 0.3610232 Test Loss: 0.2944956
Validation loss decreased (0.362273 --> 0.361023).  Saving model ...
Updating learning rate to 9.329637512384722e-05
	iters: 100, epoch: 51 | loss: 0.2275381
	speed: 0.1199s/iter; left time: 1583.2790s
	iters: 200, epoch: 51 | loss: 0.2599319
	speed: 0.0514s/iter; left time: 672.8656s
Epoch: 51 cost time: 13.658264875411987
Epoch: 51, Steps: 266 | Train Loss: 0.2385389 Vali Loss: 0.3605384 Test Loss: 0.2942778
Validation loss decreased (0.361023 --> 0.360538).  Saving model ...
Updating learning rate to 9.192819949006735e-05
	iters: 100, epoch: 52 | loss: 0.2473408
	speed: 0.1206s/iter; left time: 1560.3711s
	iters: 200, epoch: 52 | loss: 0.2291210
	speed: 0.0515s/iter; left time: 660.7885s
Epoch: 52 cost time: 13.708550214767456
Epoch: 52, Steps: 266 | Train Loss: 0.2372979 Vali Loss: 0.3599351 Test Loss: 0.2936865
Validation loss decreased (0.360538 --> 0.359935).  Saving model ...
Updating learning rate to 9.044510212406473e-05
	iters: 100, epoch: 53 | loss: 0.2224145
	speed: 0.1204s/iter; left time: 1525.0814s
	iters: 200, epoch: 53 | loss: 0.2282545
	speed: 0.0514s/iter; left time: 646.3050s
Epoch: 53 cost time: 13.676655292510986
Epoch: 53, Steps: 266 | Train Loss: 0.2361362 Vali Loss: 0.3595074 Test Loss: 0.2931522
Validation loss decreased (0.359935 --> 0.359507).  Saving model ...
Updating learning rate to 8.885114809263072e-05
	iters: 100, epoch: 54 | loss: 0.2436461
	speed: 0.1203s/iter; left time: 1492.2421s
	iters: 200, epoch: 54 | loss: 0.2275702
	speed: 0.0516s/iter; left time: 634.3021s
Epoch: 54 cost time: 13.703055381774902
Epoch: 54, Steps: 266 | Train Loss: 0.2348760 Vali Loss: 0.3589054 Test Loss: 0.2925937
Validation loss decreased (0.359507 --> 0.358905).  Saving model ...
Updating learning rate to 8.71507063129711e-05
	iters: 100, epoch: 55 | loss: 0.2140098
	speed: 0.1207s/iter; left time: 1464.4791s
	iters: 200, epoch: 55 | loss: 0.2239387
	speed: 0.0515s/iter; left time: 619.5381s
Epoch: 55 cost time: 13.674010753631592
Epoch: 55, Steps: 266 | Train Loss: 0.2340006 Vali Loss: 0.3587520 Test Loss: 0.2923700
Validation loss decreased (0.358905 --> 0.358752).  Saving model ...
Updating learning rate to 8.534843757780764e-05
	iters: 100, epoch: 56 | loss: 0.2444695
	speed: 0.1203s/iter; left time: 1428.2040s
	iters: 200, epoch: 56 | loss: 0.2349768
	speed: 0.0514s/iter; left time: 605.4369s
Epoch: 56 cost time: 13.67216420173645
Epoch: 56, Steps: 266 | Train Loss: 0.2330201 Vali Loss: 0.3578381 Test Loss: 0.2922117
Validation loss decreased (0.358752 --> 0.357838).  Saving model ...
Updating learning rate to 8.34492817804693e-05
	iters: 100, epoch: 57 | loss: 0.2201376
	speed: 0.1210s/iter; left time: 1403.8231s
	iters: 200, epoch: 57 | loss: 0.2346279
	speed: 0.0515s/iter; left time: 592.4659s
Epoch: 57 cost time: 13.714646577835083
Epoch: 57, Steps: 266 | Train Loss: 0.2320218 Vali Loss: 0.3571402 Test Loss: 0.2917539
Validation loss decreased (0.357838 --> 0.357140).  Saving model ...
Updating learning rate to 8.145844437498785e-05
	iters: 100, epoch: 58 | loss: 0.2301739
	speed: 0.1203s/iter; left time: 1364.0834s
	iters: 200, epoch: 58 | loss: 0.2455726
	speed: 0.0515s/iter; left time: 578.2738s
Epoch: 58 cost time: 13.675499677658081
Epoch: 58, Steps: 266 | Train Loss: 0.2309584 Vali Loss: 0.3574016 Test Loss: 0.2911967
EarlyStopping counter: 1 out of 20
Updating learning rate to 7.938138210831032e-05
	iters: 100, epoch: 59 | loss: 0.2362337
	speed: 0.1198s/iter; left time: 1326.4305s
	iters: 200, epoch: 59 | loss: 0.2427755
	speed: 0.0515s/iter; left time: 565.2401s
Epoch: 59 cost time: 13.699090242385864
Epoch: 59, Steps: 266 | Train Loss: 0.2304146 Vali Loss: 0.3569045 Test Loss: 0.2909288
Validation loss decreased (0.357140 --> 0.356904).  Saving model ...
Updating learning rate to 7.722378806373484e-05
	iters: 100, epoch: 60 | loss: 0.2204386
	speed: 0.1207s/iter; left time: 1304.6373s
	iters: 200, epoch: 60 | loss: 0.2127963
	speed: 0.0514s/iter; left time: 550.8612s
Epoch: 60 cost time: 13.67386245727539
Epoch: 60, Steps: 266 | Train Loss: 0.2296957 Vali Loss: 0.3568837 Test Loss: 0.2909234
Validation loss decreased (0.356904 --> 0.356884).  Saving model ...
Updating learning rate to 7.499157605656507e-05
	iters: 100, epoch: 61 | loss: 0.2343048
	speed: 0.1202s/iter; left time: 1267.5261s
	iters: 200, epoch: 61 | loss: 0.2263703
	speed: 0.0514s/iter; left time: 536.7137s
Epoch: 61 cost time: 13.660148620605469
Epoch: 61, Steps: 266 | Train Loss: 0.2287809 Vali Loss: 0.3574241 Test Loss: 0.2908883
EarlyStopping counter: 1 out of 20
Updating learning rate to 7.26908644247535e-05
	iters: 100, epoch: 62 | loss: 0.2143617
	speed: 0.1199s/iter; left time: 1232.4726s
	iters: 200, epoch: 62 | loss: 0.2374326
	speed: 0.0514s/iter; left time: 523.4699s
Epoch: 62 cost time: 13.696589231491089
Epoch: 62, Steps: 266 | Train Loss: 0.2281553 Vali Loss: 0.3570127 Test Loss: 0.2910241
EarlyStopping counter: 2 out of 20
Updating learning rate to 7.032795925896242e-05
	iters: 100, epoch: 63 | loss: 0.2232905
	speed: 0.1198s/iter; left time: 1199.2154s
	iters: 200, epoch: 63 | loss: 0.2419067
	speed: 0.0514s/iter; left time: 509.1021s
Epoch: 63 cost time: 13.669235944747925
Epoch: 63, Steps: 266 | Train Loss: 0.2273847 Vali Loss: 0.3569231 Test Loss: 0.2908310
EarlyStopping counter: 3 out of 20
Updating learning rate to 6.790933711800776e-05
	iters: 100, epoch: 64 | loss: 0.2211851
	speed: 0.1198s/iter; left time: 1166.9532s
	iters: 200, epoch: 64 | loss: 0.2119571
	speed: 0.0516s/iter; left time: 497.1933s
Epoch: 64 cost time: 13.707958459854126
Epoch: 64, Steps: 266 | Train Loss: 0.2267355 Vali Loss: 0.3566021 Test Loss: 0.2907561
Validation loss decreased (0.356884 --> 0.356602).  Saving model ...
Updating learning rate to 6.544162727706148e-05
	iters: 100, epoch: 65 | loss: 0.2167320
	speed: 0.1210s/iter; left time: 1146.2948s
	iters: 200, epoch: 65 | loss: 0.2146094
	speed: 0.0514s/iter; left time: 481.6399s
Epoch: 65 cost time: 13.678634881973267
Epoch: 65, Steps: 266 | Train Loss: 0.2261588 Vali Loss: 0.3562556 Test Loss: 0.2906200
Validation loss decreased (0.356602 --> 0.356256).  Saving model ...
Updating learning rate to 6.293159355726925e-05
	iters: 100, epoch: 66 | loss: 0.2241369
	speed: 0.1203s/iter; left time: 1108.4890s
	iters: 200, epoch: 66 | loss: 0.2210171
	speed: 0.0514s/iter; left time: 468.4437s
Epoch: 66 cost time: 13.669881105422974
Epoch: 66, Steps: 266 | Train Loss: 0.2256984 Vali Loss: 0.3567764 Test Loss: 0.2904457
EarlyStopping counter: 1 out of 20
Updating learning rate to 6.038611578658668e-05
	iters: 100, epoch: 67 | loss: 0.2417429
	speed: 0.1200s/iter; left time: 1073.0752s
	iters: 200, epoch: 67 | loss: 0.2255165
	speed: 0.0515s/iter; left time: 455.3349s
Epoch: 67 cost time: 13.692181587219238
Epoch: 67, Steps: 266 | Train Loss: 0.2252260 Vali Loss: 0.3570979 Test Loss: 0.2906279
EarlyStopping counter: 2 out of 20
Updating learning rate to 5.7812170942649225e-05
	iters: 100, epoch: 68 | loss: 0.2412219
	speed: 0.1196s/iter; left time: 1038.3242s
	iters: 200, epoch: 68 | loss: 0.2462574
	speed: 0.0513s/iter; left time: 440.3761s
Epoch: 68 cost time: 13.648231983184814
Epoch: 68, Steps: 266 | Train Loss: 0.2247461 Vali Loss: 0.3566737 Test Loss: 0.2902805
EarlyStopping counter: 3 out of 20
Updating learning rate to 5.521681402936143e-05
	iters: 100, epoch: 69 | loss: 0.2452994
	speed: 0.1196s/iter; left time: 1006.1469s
	iters: 200, epoch: 69 | loss: 0.2355233
	speed: 0.0514s/iter; left time: 427.1826s
Epoch: 69 cost time: 13.673580646514893
Epoch: 69, Steps: 266 | Train Loss: 0.2242415 Vali Loss: 0.3565468 Test Loss: 0.2904787
EarlyStopping counter: 4 out of 20
Updating learning rate to 5.260715873962152e-05
	iters: 100, epoch: 70 | loss: 0.2197958
	speed: 0.1203s/iter; left time: 979.8370s
	iters: 200, epoch: 70 | loss: 0.2027101
	speed: 0.0513s/iter; left time: 413.0480s
Epoch: 70 cost time: 13.653310298919678
Epoch: 70, Steps: 266 | Train Loss: 0.2236964 Vali Loss: 0.3567304 Test Loss: 0.2905040
EarlyStopping counter: 5 out of 20
Updating learning rate to 4.999035795718381e-05
	iters: 100, epoch: 71 | loss: 0.2264061
	speed: 0.1196s/iter; left time: 942.8200s
	iters: 200, epoch: 71 | loss: 0.2107365
	speed: 0.0513s/iter; left time: 399.3810s
Epoch: 71 cost time: 13.651677131652832
Epoch: 71, Steps: 266 | Train Loss: 0.2231889 Vali Loss: 0.3567112 Test Loss: 0.2907083
EarlyStopping counter: 6 out of 20
Updating learning rate to 4.737358415110133e-05
	iters: 100, epoch: 72 | loss: 0.2202497
	speed: 0.1197s/iter; left time: 911.8602s
	iters: 200, epoch: 72 | loss: 0.2269714
	speed: 0.0514s/iter; left time: 386.4350s
Epoch: 72 cost time: 13.675169706344604
Epoch: 72, Steps: 266 | Train Loss: 0.2230013 Vali Loss: 0.3568697 Test Loss: 0.2904904
EarlyStopping counter: 7 out of 20
Updating learning rate to 4.476400971648687e-05
	iters: 100, epoch: 73 | loss: 0.2369385
	speed: 0.1196s/iter; left time: 878.8927s
	iters: 200, epoch: 73 | loss: 0.2261615
	speed: 0.0513s/iter; left time: 372.2120s
Epoch: 73 cost time: 13.651142835617065
Epoch: 73, Steps: 266 | Train Loss: 0.2223566 Vali Loss: 0.3567918 Test Loss: 0.2907828
EarlyStopping counter: 8 out of 20
Updating learning rate to 4.2168787315476384e-05
	iters: 100, epoch: 74 | loss: 0.2107586
	speed: 0.1196s/iter; left time: 846.7981s
	iters: 200, epoch: 74 | loss: 0.2110579
	speed: 0.0513s/iter; left time: 358.1385s
Epoch: 74 cost time: 13.654300212860107
Epoch: 74, Steps: 266 | Train Loss: 0.2221315 Vali Loss: 0.3567663 Test Loss: 0.2905913
EarlyStopping counter: 9 out of 20
Updating learning rate to 3.959503027227936e-05
	iters: 100, epoch: 75 | loss: 0.2316153
	speed: 0.1203s/iter; left time: 819.8577s
	iters: 200, epoch: 75 | loss: 0.2396444
	speed: 0.0513s/iter; left time: 344.4373s
Epoch: 75 cost time: 13.6392343044281
Epoch: 75, Steps: 266 | Train Loss: 0.2216519 Vali Loss: 0.3565354 Test Loss: 0.2906660
EarlyStopping counter: 10 out of 20
Updating learning rate to 3.704979307605154e-05
	iters: 100, epoch: 76 | loss: 0.2133376
	speed: 0.1194s/iter; left time: 782.1666s
	iters: 200, epoch: 76 | loss: 0.2162272
	speed: 0.0512s/iter; left time: 330.5893s
Epoch: 76 cost time: 13.630561590194702
Epoch: 76, Steps: 266 | Train Loss: 0.2213860 Vali Loss: 0.3563873 Test Loss: 0.2905796
EarlyStopping counter: 11 out of 20
Updating learning rate to 3.454005204503052e-05
	iters: 100, epoch: 77 | loss: 0.2230552
	speed: 0.1197s/iter; left time: 752.0787s
	iters: 200, epoch: 77 | loss: 0.2174446
	speed: 0.0514s/iter; left time: 317.8385s
Epoch: 77 cost time: 13.665168046951294
Epoch: 77, Steps: 266 | Train Loss: 0.2212957 Vali Loss: 0.3568102 Test Loss: 0.2904045
EarlyStopping counter: 12 out of 20
Updating learning rate to 3.207268620493234e-05
	iters: 100, epoch: 78 | loss: 0.1862943
	speed: 0.1195s/iter; left time: 719.0784s
	iters: 200, epoch: 78 | loss: 0.2125973
	speed: 0.0513s/iter; left time: 303.3898s
Epoch: 78 cost time: 13.636987447738647
Epoch: 78, Steps: 266 | Train Loss: 0.2208888 Vali Loss: 0.3566114 Test Loss: 0.2905987
EarlyStopping counter: 13 out of 20
Updating learning rate to 2.965445843402027e-05
	iters: 100, epoch: 79 | loss: 0.2399852
	speed: 0.1195s/iter; left time: 687.5649s
	iters: 200, epoch: 79 | loss: 0.2333713
	speed: 0.0513s/iter; left time: 289.9172s
Epoch: 79 cost time: 13.662112712860107
Epoch: 79, Steps: 266 | Train Loss: 0.2207018 Vali Loss: 0.3566535 Test Loss: 0.2907009
EarlyStopping counter: 14 out of 20
Updating learning rate to 2.729199692652537e-05
	iters: 100, epoch: 80 | loss: 0.2172048
	speed: 0.1204s/iter; left time: 660.8066s
	iters: 200, epoch: 80 | loss: 0.2330871
	speed: 0.0513s/iter; left time: 276.2324s
Epoch: 80 cost time: 13.641619443893433
Epoch: 80, Steps: 266 | Train Loss: 0.2205144 Vali Loss: 0.3566427 Test Loss: 0.2906136
EarlyStopping counter: 15 out of 20
Updating learning rate to 2.4991777025227013e-05
	iters: 100, epoch: 81 | loss: 0.1965195
	speed: 0.1195s/iter; left time: 623.8744s
	iters: 200, epoch: 81 | loss: 0.2055094
	speed: 0.0513s/iter; left time: 262.6221s
Epoch: 81 cost time: 13.641723871231079
Epoch: 81, Steps: 266 | Train Loss: 0.2201898 Vali Loss: 0.3564118 Test Loss: 0.2905360
EarlyStopping counter: 16 out of 20
Updating learning rate to 2.2760103472988355e-05
	iters: 100, epoch: 82 | loss: 0.2203023
	speed: 0.1386s/iter; left time: 686.8210s
	iters: 200, epoch: 82 | loss: 0.2183297
	speed: 0.0513s/iter; left time: 249.0005s
Epoch: 82 cost time: 13.650449752807617
Epoch: 82, Steps: 266 | Train Loss: 0.2199375 Vali Loss: 0.3568558 Test Loss: 0.2905512
EarlyStopping counter: 17 out of 20
Updating learning rate to 2.0603093131894333e-05
	iters: 100, epoch: 83 | loss: 0.2135639
	speed: 0.1194s/iter; left time: 559.7324s
	iters: 200, epoch: 83 | loss: 0.2520123
	speed: 0.0512s/iter; left time: 235.1592s
Epoch: 83 cost time: 13.633330345153809
Epoch: 83, Steps: 266 | Train Loss: 0.2196799 Vali Loss: 0.3571169 Test Loss: 0.2906061
EarlyStopping counter: 18 out of 20
Updating learning rate to 1.852665821735796e-05
	iters: 100, epoch: 84 | loss: 0.2048016
	speed: 0.1195s/iter; left time: 528.7323s
	iters: 200, epoch: 84 | loss: 0.2325113
	speed: 0.0514s/iter; left time: 222.1699s
Epoch: 84 cost time: 13.668168783187866
Epoch: 84, Steps: 266 | Train Loss: 0.2195106 Vali Loss: 0.3567725 Test Loss: 0.2907448
EarlyStopping counter: 19 out of 20
Updating learning rate to 1.653649009314874e-05
	iters: 100, epoch: 85 | loss: 0.2095490
	speed: 0.1200s/iter; left time: 498.8778s
	iters: 200, epoch: 85 | loss: 0.2155217
	speed: 0.0513s/iter; left time: 208.1600s
Epoch: 85 cost time: 13.642531394958496
Epoch: 85, Steps: 266 | Train Loss: 0.2193283 Vali Loss: 0.3563727 Test Loss: 0.2904648
EarlyStopping counter: 20 out of 20
Early stopping
>>>>>>>testing : CMS3_ettm1_336_96_PatchTST_ETTm1_ftM_sl336_ll48_pl96_dm128_nh16_el3_dl1_df256_fc1_ebtimeF_dtTrue_Exp_0<<<<<<<<<<<<<<<<<<<<<<<<<<<<<<<<<
test 11425
mse:0.30277472734451294, mae:0.355421245098114, rse:0.5234164595603943
Args in experiment:
Namespace(random_seed=2021, is_training=1, model_id='CMS3_ettm1_336_192', model='PatchTST', data='ETTm1', root_path='./dataset/', data_path='ETTm1.csv', features='M', target='OT', freq='h', checkpoints='./checkpoints/', seq_len=336, label_len=48, pred_len=192, head_type='cms3', fc_dropout=0.2, head_dropout=0.0, patch_len=16, stride=8, padding_patch='end', revin=1, affine=0, subtract_last=0, decomposition=0, kernel_size=25, individual=0, embed_type=0, enc_in=7, dec_in=7, c_out=7, d_model=128, n_heads=16, e_layers=3, d_layers=1, d_ff=256, moving_avg=25, factor=1, distil=True, dropout=0.2, embed='timeF', activation='gelu', output_attention=False, do_predict=False, num_workers=0, itr=1, train_epochs=100, batch_size=128, patience=20, learning_rate=0.0001, des='Exp', loss='mse', lradj='TST', pct_start=0.4, use_amp=False, use_gpu=True, gpu=0, use_multi_gpu=False, devices='0,1,2,3', test_flop=False)
Use GPU: cuda:0
>>>>>>>start training : CMS3_ettm1_336_192_PatchTST_ETTm1_ftM_sl336_ll48_pl192_dm128_nh16_el3_dl1_df256_fc1_ebtimeF_dtTrue_Exp_0>>>>>>>>>>>>>>>>>>>>>>>>>>
train 34033
val 11329
test 11329
	iters: 100, epoch: 1 | loss: 0.4975450
	speed: 0.0648s/iter; left time: 1709.9364s
	iters: 200, epoch: 1 | loss: 0.5427671
	speed: 0.0511s/iter; left time: 1342.9666s
Epoch: 1 cost time: 13.795596361160278
Epoch: 1, Steps: 265 | Train Loss: 0.5172986 Vali Loss: 0.9915310 Test Loss: 0.6970524
Validation loss decreased (inf --> 0.991531).  Saving model ...
Updating learning rate to 4.147995888890545e-06
	iters: 100, epoch: 2 | loss: 0.5551983
	speed: 0.1206s/iter; left time: 3152.3648s
	iters: 200, epoch: 2 | loss: 0.5615808
	speed: 0.0514s/iter; left time: 1338.8149s
Epoch: 2 cost time: 13.62301230430603
Epoch: 2, Steps: 265 | Train Loss: 0.5170732 Vali Loss: 0.9903618 Test Loss: 0.6964719
Validation loss decreased (0.991531 --> 0.990362).  Saving model ...
Updating learning rate to 4.591070939598485e-06
	iters: 100, epoch: 3 | loss: 0.4825384
	speed: 0.1205s/iter; left time: 3118.7322s
	iters: 200, epoch: 3 | loss: 0.4824876
	speed: 0.0515s/iter; left time: 1327.9951s
Epoch: 3 cost time: 13.651918172836304
Epoch: 3, Steps: 265 | Train Loss: 0.5168135 Vali Loss: 0.9890942 Test Loss: 0.6958351
Validation loss decreased (0.990362 --> 0.989094).  Saving model ...
Updating learning rate to 5.326492931874866e-06
	iters: 100, epoch: 4 | loss: 0.4943841
	speed: 0.1212s/iter; left time: 3102.3145s
	iters: 200, epoch: 4 | loss: 0.4993388
	speed: 0.0516s/iter; left time: 1317.0980s
Epoch: 4 cost time: 13.695959568023682
Epoch: 4, Steps: 265 | Train Loss: 0.5163233 Vali Loss: 0.9889885 Test Loss: 0.6950932
Validation loss decreased (0.989094 --> 0.988989).  Saving model ...
Updating learning rate to 6.349726889409005e-06
	iters: 100, epoch: 5 | loss: 0.4892669
	speed: 0.1207s/iter; left time: 3057.4169s
	iters: 200, epoch: 5 | loss: 0.4905742
	speed: 0.0516s/iter; left time: 1302.9893s
Epoch: 5 cost time: 13.667783975601196
Epoch: 5, Steps: 265 | Train Loss: 0.5159100 Vali Loss: 0.9884271 Test Loss: 0.6942196
Validation loss decreased (0.988989 --> 0.988427).  Saving model ...
Updating learning rate to 7.654463044738896e-06
	iters: 100, epoch: 6 | loss: 0.4944302
	speed: 0.1207s/iter; left time: 3026.5812s
	iters: 200, epoch: 6 | loss: 0.5515497
	speed: 0.0518s/iter; left time: 1293.8307s
Epoch: 6 cost time: 13.709542512893677
Epoch: 6, Steps: 265 | Train Loss: 0.5153870 Vali Loss: 0.9865677 Test Loss: 0.6931801
Validation loss decreased (0.988427 --> 0.986568).  Saving model ...
Updating learning rate to 9.232655748403029e-06
	iters: 100, epoch: 7 | loss: 0.4935734
	speed: 0.1210s/iter; left time: 3001.7998s
	iters: 200, epoch: 7 | loss: 0.4646135
	speed: 0.0516s/iter; left time: 1275.4071s
Epoch: 7 cost time: 13.674377679824829
Epoch: 7, Steps: 265 | Train Loss: 0.5146951 Vali Loss: 0.9850533 Test Loss: 0.6919577
Validation loss decreased (0.986568 --> 0.985053).  Saving model ...
Updating learning rate to 1.107457308240065e-05
	iters: 100, epoch: 8 | loss: 0.5174451
	speed: 0.1207s/iter; left time: 2961.7528s
	iters: 200, epoch: 8 | loss: 0.4921960
	speed: 0.0516s/iter; left time: 1261.1754s
Epoch: 8 cost time: 13.66646146774292
Epoch: 8, Steps: 265 | Train Loss: 0.5140001 Vali Loss: 0.9835278 Test Loss: 0.6905199
Validation loss decreased (0.985053 --> 0.983528).  Saving model ...
Updating learning rate to 1.3168856872018862e-05
	iters: 100, epoch: 9 | loss: 0.5570267
	speed: 0.1213s/iter; left time: 2944.8461s
	iters: 200, epoch: 9 | loss: 0.5157710
	speed: 0.0517s/iter; left time: 1249.9149s
Epoch: 9 cost time: 13.70973515510559
Epoch: 9, Steps: 265 | Train Loss: 0.5130856 Vali Loss: 0.9814942 Test Loss: 0.6888433
Validation loss decreased (0.983528 --> 0.981494).  Saving model ...
Updating learning rate to 1.550259272596464e-05
	iters: 100, epoch: 10 | loss: 0.5007222
	speed: 0.1207s/iter; left time: 2898.9474s
	iters: 200, epoch: 10 | loss: 0.5170662
	speed: 0.0516s/iter; left time: 1233.8212s
Epoch: 10 cost time: 13.670608520507812
Epoch: 10, Steps: 265 | Train Loss: 0.5121128 Vali Loss: 0.9796352 Test Loss: 0.6868616
Validation loss decreased (0.981494 --> 0.979635).  Saving model ...
Updating learning rate to 1.806138967289881e-05
	iters: 100, epoch: 11 | loss: 0.4591284
	speed: 0.1208s/iter; left time: 2869.9650s
	iters: 200, epoch: 11 | loss: 0.5318477
	speed: 0.0517s/iter; left time: 1223.1232s
Epoch: 11 cost time: 13.698434352874756
Epoch: 11, Steps: 265 | Train Loss: 0.5109232 Vali Loss: 0.9759348 Test Loss: 0.6845368
Validation loss decreased (0.979635 --> 0.975935).  Saving model ...
Updating learning rate to 2.0829468903294163e-05
	iters: 100, epoch: 12 | loss: 0.5412623
	speed: 0.1227s/iter; left time: 2882.4359s
	iters: 200, epoch: 12 | loss: 0.4834451
	speed: 0.0515s/iter; left time: 1205.2036s
Epoch: 12 cost time: 13.65706992149353
Epoch: 12, Steps: 265 | Train Loss: 0.5095915 Vali Loss: 0.9724993 Test Loss: 0.6817917
Validation loss decreased (0.975935 --> 0.972499).  Saving model ...
Updating learning rate to 2.3789761069391508e-05
	iters: 100, epoch: 13 | loss: 0.4996764
	speed: 0.1205s/iter; left time: 2798.9499s
	iters: 200, epoch: 13 | loss: 0.5074852
	speed: 0.0516s/iter; left time: 1192.8028s
Epoch: 13 cost time: 13.671340703964233
Epoch: 13, Steps: 265 | Train Loss: 0.5076167 Vali Loss: 0.9678239 Test Loss: 0.6785292
Validation loss decreased (0.972499 --> 0.967824).  Saving model ...
Updating learning rate to 2.692401154325343e-05
	iters: 100, epoch: 14 | loss: 0.4764006
	speed: 0.1214s/iter; left time: 2787.1427s
	iters: 200, epoch: 14 | loss: 0.5155452
	speed: 0.0516s/iter; left time: 1179.6781s
Epoch: 14 cost time: 13.69920301437378
Epoch: 14, Steps: 265 | Train Loss: 0.5059172 Vali Loss: 0.9635816 Test Loss: 0.6746442
Validation loss decreased (0.967824 --> 0.963582).  Saving model ...
Updating learning rate to 3.0212892983843068e-05
	iters: 100, epoch: 15 | loss: 0.5068187
	speed: 0.1205s/iter; left time: 2734.4056s
	iters: 200, epoch: 15 | loss: 0.5070239
	speed: 0.0516s/iter; left time: 1166.0825s
Epoch: 15 cost time: 13.671620845794678
Epoch: 15, Steps: 265 | Train Loss: 0.5034489 Vali Loss: 0.9571701 Test Loss: 0.6699850
Validation loss decreased (0.963582 --> 0.957170).  Saving model ...
Updating learning rate to 3.3636124518983084e-05
	iters: 100, epoch: 16 | loss: 0.5082251
	speed: 0.1206s/iter; left time: 2704.8022s
	iters: 200, epoch: 16 | loss: 0.4627737
	speed: 0.0518s/iter; left time: 1156.5559s
Epoch: 16 cost time: 13.69950532913208
Epoch: 16, Steps: 265 | Train Loss: 0.5009545 Vali Loss: 0.9508400 Test Loss: 0.6644835
Validation loss decreased (0.957170 --> 0.950840).  Saving model ...
Updating learning rate to 3.717259680726015e-05
	iters: 100, epoch: 17 | loss: 0.4755399
	speed: 0.1206s/iter; left time: 2672.4310s
	iters: 200, epoch: 17 | loss: 0.4879307
	speed: 0.0516s/iter; left time: 1138.1819s
Epoch: 17 cost time: 13.66535758972168
Epoch: 17, Steps: 265 | Train Loss: 0.4976980 Vali Loss: 0.9422734 Test Loss: 0.6581109
Validation loss decreased (0.950840 --> 0.942273).  Saving model ...
Updating learning rate to 4.080050220868085e-05
	iters: 100, epoch: 18 | loss: 0.5062146
	speed: 0.1209s/iter; left time: 2646.1887s
	iters: 200, epoch: 18 | loss: 0.4699737
	speed: 0.0516s/iter; left time: 1125.2849s
Epoch: 18 cost time: 13.676353693008423
Epoch: 18, Steps: 265 | Train Loss: 0.4940646 Vali Loss: 0.9327764 Test Loss: 0.6509252
Validation loss decreased (0.942273 --> 0.932776).  Saving model ...
Updating learning rate to 4.449746926138297e-05
	iters: 100, epoch: 19 | loss: 0.4785434
	speed: 0.1215s/iter; left time: 2628.0402s
	iters: 200, epoch: 19 | loss: 0.5449475
	speed: 0.0516s/iter; left time: 1111.5228s
Epoch: 19 cost time: 13.694048404693604
Epoch: 19, Steps: 265 | Train Loss: 0.4898766 Vali Loss: 0.9213945 Test Loss: 0.6430676
Validation loss decreased (0.932776 --> 0.921395).  Saving model ...
Updating learning rate to 4.824070063515135e-05
	iters: 100, epoch: 20 | loss: 0.4753524
	speed: 0.1206s/iter; left time: 2576.5824s
	iters: 200, epoch: 20 | loss: 0.4815896
	speed: 0.0516s/iter; left time: 1096.7907s
Epoch: 20 cost time: 13.664146661758423
Epoch: 20, Steps: 265 | Train Loss: 0.4853977 Vali Loss: 0.9098064 Test Loss: 0.6347516
Validation loss decreased (0.921395 --> 0.909806).  Saving model ...
Updating learning rate to 5.200711371104918e-05
	iters: 100, epoch: 21 | loss: 0.4707032
	speed: 0.1206s/iter; left time: 2545.4907s
	iters: 200, epoch: 21 | loss: 0.4719880
	speed: 0.0517s/iter; left time: 1086.7998s
Epoch: 21 cost time: 13.690732479095459
Epoch: 21, Steps: 265 | Train Loss: 0.4803832 Vali Loss: 0.8983532 Test Loss: 0.6262233
Validation loss decreased (0.909806 --> 0.898353).  Saving model ...
Updating learning rate to 5.577348292028073e-05
	iters: 100, epoch: 22 | loss: 0.4341080
	speed: 0.1206s/iter; left time: 2512.7642s
	iters: 200, epoch: 22 | loss: 0.5011901
	speed: 0.0515s/iter; left time: 1067.5299s
Epoch: 22 cost time: 13.652206897735596
Epoch: 22, Steps: 265 | Train Loss: 0.4753220 Vali Loss: 0.8857685 Test Loss: 0.6175554
Validation loss decreased (0.898353 --> 0.885769).  Saving model ...
Updating learning rate to 5.9516582964553954e-05
	iters: 100, epoch: 23 | loss: 0.4659115
	speed: 0.1210s/iter; left time: 2488.2202s
	iters: 200, epoch: 23 | loss: 0.4682298
	speed: 0.0515s/iter; left time: 1053.4463s
Epoch: 23 cost time: 13.636222839355469
Epoch: 23, Steps: 265 | Train Loss: 0.4699856 Vali Loss: 0.8722227 Test Loss: 0.6087293
Validation loss decreased (0.885769 --> 0.872223).  Saving model ...
Updating learning rate to 6.321333203477474e-05
	iters: 100, epoch: 24 | loss: 0.4748960
	speed: 0.1211s/iter; left time: 2458.2455s
	iters: 200, epoch: 24 | loss: 0.4672412
	speed: 0.0514s/iter; left time: 1039.2542s
Epoch: 24 cost time: 13.65125560760498
Epoch: 24, Steps: 265 | Train Loss: 0.4641572 Vali Loss: 0.8581578 Test Loss: 0.5997916
Validation loss decreased (0.872223 --> 0.858158).  Saving model ...
Updating learning rate to 6.684093414491588e-05
	iters: 100, epoch: 25 | loss: 0.4776555
	speed: 0.1202s/iter; left time: 2409.2346s
	iters: 200, epoch: 25 | loss: 0.4976212
	speed: 0.0514s/iter; left time: 1025.7056s
Epoch: 25 cost time: 13.627572774887085
Epoch: 25, Steps: 265 | Train Loss: 0.4584600 Vali Loss: 0.8451436 Test Loss: 0.5907686
Validation loss decreased (0.858158 --> 0.845144).  Saving model ...
Updating learning rate to 7.037701970335941e-05
	iters: 100, epoch: 26 | loss: 0.4498362
	speed: 0.1204s/iter; left time: 2380.5825s
	iters: 200, epoch: 26 | loss: 0.4604538
	speed: 0.0517s/iter; left time: 1017.9822s
Epoch: 26 cost time: 13.675926208496094
Epoch: 26, Steps: 265 | Train Loss: 0.4528368 Vali Loss: 0.8315378 Test Loss: 0.5816191
Validation loss decreased (0.845144 --> 0.831538).  Saving model ...
Updating learning rate to 7.379978345487968e-05
	iters: 100, epoch: 27 | loss: 0.4572639
	speed: 0.1203s/iter; left time: 2347.6442s
	iters: 200, epoch: 27 | loss: 0.4387072
	speed: 0.0514s/iter; left time: 998.2437s
Epoch: 27 cost time: 13.624016523361206
Epoch: 27, Steps: 265 | Train Loss: 0.4467471 Vali Loss: 0.8178496 Test Loss: 0.5722890
Validation loss decreased (0.831538 --> 0.817850).  Saving model ...
Updating learning rate to 7.70881189426489e-05
	iters: 100, epoch: 28 | loss: 0.4830419
	speed: 0.1203s/iter; left time: 2316.0851s
	iters: 200, epoch: 28 | loss: 0.4044020
	speed: 0.0514s/iter; left time: 985.0552s
Epoch: 28 cost time: 13.63486647605896
Epoch: 28, Steps: 265 | Train Loss: 0.4407303 Vali Loss: 0.8036720 Test Loss: 0.5625849
Validation loss decreased (0.817850 --> 0.803672).  Saving model ...
Updating learning rate to 8.022174866110521e-05
	iters: 100, epoch: 29 | loss: 0.4136406
	speed: 0.1211s/iter; left time: 2297.8315s
	iters: 200, epoch: 29 | loss: 0.4112628
	speed: 0.0514s/iter; left time: 970.2920s
Epoch: 29 cost time: 13.63542914390564
Epoch: 29, Steps: 265 | Train Loss: 0.4347504 Vali Loss: 0.7896666 Test Loss: 0.5528061
Validation loss decreased (0.803672 --> 0.789667).  Saving model ...
Updating learning rate to 8.318134909709714e-05
	iters: 100, epoch: 30 | loss: 0.4155274
	speed: 0.1204s/iter; left time: 2252.9727s
	iters: 200, epoch: 30 | loss: 0.4143701
	speed: 0.0514s/iter; left time: 957.2271s
Epoch: 30 cost time: 13.630661010742188
Epoch: 30, Steps: 265 | Train Loss: 0.4283567 Vali Loss: 0.7749776 Test Loss: 0.5426300
Validation loss decreased (0.789667 --> 0.774978).  Saving model ...
Updating learning rate to 8.594866988823775e-05
	iters: 100, epoch: 31 | loss: 0.4380771
	speed: 0.1281s/iter; left time: 2362.8756s
	iters: 200, epoch: 31 | loss: 0.4240489
	speed: 0.0516s/iter; left time: 947.1238s
Epoch: 31 cost time: 13.640785932540894
Epoch: 31, Steps: 265 | Train Loss: 0.4217487 Vali Loss: 0.7596907 Test Loss: 0.5317817
Validation loss decreased (0.774978 --> 0.759691).  Saving model ...
Updating learning rate to 8.850664636367998e-05
	iters: 100, epoch: 32 | loss: 0.4128330
	speed: 0.1202s/iter; left time: 2185.8571s
	iters: 200, epoch: 32 | loss: 0.4324449
	speed: 0.0514s/iter; left time: 929.4855s
Epoch: 32 cost time: 13.622085332870483
Epoch: 32, Steps: 265 | Train Loss: 0.4149622 Vali Loss: 0.7439256 Test Loss: 0.5209936
Validation loss decreased (0.759691 --> 0.743926).  Saving model ...
Updating learning rate to 9.083950477333033e-05
	iters: 100, epoch: 33 | loss: 0.4430141
	speed: 0.1203s/iter; left time: 2156.7518s
	iters: 200, epoch: 33 | loss: 0.3914498
	speed: 0.0514s/iter; left time: 915.8962s
Epoch: 33 cost time: 13.623516321182251
Epoch: 33, Steps: 265 | Train Loss: 0.4084366 Vali Loss: 0.7289801 Test Loss: 0.5098780
Validation loss decreased (0.743926 --> 0.728980).  Saving model ...
Updating learning rate to 9.293285955660577e-05
	iters: 100, epoch: 34 | loss: 0.4195495
	speed: 0.1212s/iter; left time: 2140.3788s
	iters: 200, epoch: 34 | loss: 0.3735054
	speed: 0.0515s/iter; left time: 903.2780s
Epoch: 34 cost time: 13.652876138687134
Epoch: 34, Steps: 265 | Train Loss: 0.4012638 Vali Loss: 0.7126583 Test Loss: 0.4986174
Validation loss decreased (0.728980 --> 0.712658).  Saving model ...
Updating learning rate to 9.477380205092656e-05
	iters: 100, epoch: 35 | loss: 0.4170171
	speed: 0.1205s/iter; left time: 2094.8984s
	iters: 200, epoch: 35 | loss: 0.3714803
	speed: 0.0514s/iter; left time: 889.3117s
Epoch: 35 cost time: 13.630691289901733
Epoch: 35, Steps: 265 | Train Loss: 0.3942534 Vali Loss: 0.6963627 Test Loss: 0.4873690
Validation loss decreased (0.712658 --> 0.696363).  Saving model ...
Updating learning rate to 9.635098009292423e-05
	iters: 100, epoch: 36 | loss: 0.3786777
	speed: 0.1203s/iter; left time: 2059.7945s
	iters: 200, epoch: 36 | loss: 0.4225057
	speed: 0.0516s/iter; left time: 879.3924s
Epoch: 36 cost time: 13.658692359924316
Epoch: 36, Steps: 265 | Train Loss: 0.3870667 Vali Loss: 0.6796485 Test Loss: 0.4758955
Validation loss decreased (0.696363 --> 0.679648).  Saving model ...
Updating learning rate to 9.765466802150444e-05
	iters: 100, epoch: 37 | loss: 0.3880717
	speed: 0.1205s/iter; left time: 2030.9137s
	iters: 200, epoch: 37 | loss: 0.3835622
	speed: 0.0514s/iter; left time: 861.3568s
Epoch: 37 cost time: 13.621385335922241
Epoch: 37, Steps: 265 | Train Loss: 0.3800692 Vali Loss: 0.6632268 Test Loss: 0.4645477
Validation loss decreased (0.679648 --> 0.663227).  Saving model ...
Updating learning rate to 9.867682665109111e-05
	iters: 100, epoch: 38 | loss: 0.3832870
	speed: 0.1202s/iter; left time: 1995.1425s
	iters: 200, epoch: 38 | loss: 0.3994080
	speed: 0.0514s/iter; left time: 848.2642s
Epoch: 38 cost time: 13.626176357269287
Epoch: 38, Steps: 265 | Train Loss: 0.3731750 Vali Loss: 0.6474975 Test Loss: 0.4535064
Validation loss decreased (0.663227 --> 0.647498).  Saving model ...
Updating learning rate to 9.941115284522702e-05
	iters: 100, epoch: 39 | loss: 0.3699060
	speed: 0.1212s/iter; left time: 1979.1683s
	iters: 200, epoch: 39 | loss: 0.3668912
	speed: 0.0514s/iter; left time: 834.7617s
Epoch: 39 cost time: 13.645806550979614
Epoch: 39, Steps: 265 | Train Loss: 0.3659983 Vali Loss: 0.6325825 Test Loss: 0.4427752
Validation loss decreased (0.647498 --> 0.632583).  Saving model ...
Updating learning rate to 9.985311838483566e-05
	iters: 100, epoch: 40 | loss: 0.3623809
	speed: 0.1204s/iter; left time: 1934.1584s
	iters: 200, epoch: 40 | loss: 0.3071786
	speed: 0.0515s/iter; left time: 821.7340s
Epoch: 40 cost time: 13.634592533111572
Epoch: 40, Steps: 265 | Train Loss: 0.3592334 Vali Loss: 0.6178971 Test Loss: 0.4327020
Validation loss decreased (0.632583 --> 0.617897).  Saving model ...
Updating learning rate to 9.99999990240136e-05
	iters: 100, epoch: 41 | loss: 0.3647374
	speed: 0.1203s/iter; left time: 1900.5355s
	iters: 200, epoch: 41 | loss: 0.3361837
	speed: 0.0516s/iter; left time: 810.8769s
Epoch: 41 cost time: 13.653453826904297
Epoch: 41, Steps: 265 | Train Loss: 0.3528209 Vali Loss: 0.6037625 Test Loss: 0.4229090
Validation loss decreased (0.617897 --> 0.603763).  Saving model ...
Updating learning rate to 9.993095900070463e-05
	iters: 100, epoch: 42 | loss: 0.3437891
	speed: 0.1213s/iter; left time: 1884.9742s
	iters: 200, epoch: 42 | loss: 0.3599097
	speed: 0.0514s/iter; left time: 793.2002s
Epoch: 42 cost time: 13.627172470092773
Epoch: 42, Steps: 265 | Train Loss: 0.3466921 Vali Loss: 0.5903097 Test Loss: 0.4139161
Validation loss decreased (0.603763 --> 0.590310).  Saving model ...
Updating learning rate to 9.972506223761924e-05
	iters: 100, epoch: 43 | loss: 0.3613953
	speed: 0.1202s/iter; left time: 1835.4684s
	iters: 200, epoch: 43 | loss: 0.3397279
	speed: 0.0514s/iter; left time: 780.2353s
Epoch: 43 cost time: 13.629258155822754
Epoch: 43, Steps: 265 | Train Loss: 0.3408956 Vali Loss: 0.5779638 Test Loss: 0.4050243
Validation loss decreased (0.590310 --> 0.577964).  Saving model ...
Updating learning rate to 9.938287308347333e-05
	iters: 100, epoch: 44 | loss: 0.3267843
	speed: 0.1212s/iter; left time: 1819.3299s
	iters: 200, epoch: 44 | loss: 0.4325090
	speed: 0.0515s/iter; left time: 766.9970s
Epoch: 44 cost time: 13.649047613143921
Epoch: 44, Steps: 265 | Train Loss: 0.3352244 Vali Loss: 0.5662537 Test Loss: 0.3973953
Validation loss decreased (0.577964 --> 0.566254).  Saving model ...
Updating learning rate to 9.890532945495314e-05
	iters: 100, epoch: 45 | loss: 0.3564985
	speed: 0.1204s/iter; left time: 1775.2200s
	iters: 200, epoch: 45 | loss: 0.3099614
	speed: 0.0514s/iter; left time: 752.9431s
Epoch: 45 cost time: 13.629564046859741
Epoch: 45, Steps: 265 | Train Loss: 0.3301024 Vali Loss: 0.5554402 Test Loss: 0.3897971
Validation loss decreased (0.566254 --> 0.555440).  Saving model ...
Updating learning rate to 9.829374026595078e-05
	iters: 100, epoch: 46 | loss: 0.3384543
	speed: 0.1203s/iter; left time: 1741.2484s
	iters: 200, epoch: 46 | loss: 0.2974877
	speed: 0.0517s/iter; left time: 742.7169s
Epoch: 46 cost time: 13.659464120864868
Epoch: 46, Steps: 265 | Train Loss: 0.3253130 Vali Loss: 0.5446716 Test Loss: 0.3832185
Validation loss decreased (0.555440 --> 0.544672).  Saving model ...
Updating learning rate to 9.754978183992228e-05
	iters: 100, epoch: 47 | loss: 0.3601436
	speed: 0.1204s/iter; left time: 1711.1486s
	iters: 200, epoch: 47 | loss: 0.3109304
	speed: 0.0514s/iter; left time: 725.7670s
Epoch: 47 cost time: 13.632349491119385
Epoch: 47, Steps: 265 | Train Loss: 0.3210789 Vali Loss: 0.5364756 Test Loss: 0.3779486
Validation loss decreased (0.544672 --> 0.536476).  Saving model ...
Updating learning rate to 9.667549331520148e-05
	iters: 100, epoch: 48 | loss: 0.3148774
	speed: 0.1203s/iter; left time: 1677.5083s
	iters: 200, epoch: 48 | loss: 0.3477623
	speed: 0.0514s/iter; left time: 711.9400s
Epoch: 48 cost time: 13.63175654411316
Epoch: 48, Steps: 265 | Train Loss: 0.3169837 Vali Loss: 0.5283883 Test Loss: 0.3723359
Validation loss decreased (0.536476 --> 0.528388).  Saving model ...
Updating learning rate to 9.567327105586355e-05
	iters: 100, epoch: 49 | loss: 0.3096887
	speed: 0.1214s/iter; left time: 1660.6186s
	iters: 200, epoch: 49 | loss: 0.3252743
	speed: 0.0514s/iter; left time: 698.1770s
Epoch: 49 cost time: 13.63794231414795
Epoch: 49, Steps: 265 | Train Loss: 0.3131622 Vali Loss: 0.5212091 Test Loss: 0.3670504
Validation loss decreased (0.528388 --> 0.521209).  Saving model ...
Updating learning rate to 9.454586208345774e-05
	iters: 100, epoch: 50 | loss: 0.2928784
	speed: 0.1203s/iter; left time: 1614.1691s
	iters: 200, epoch: 50 | loss: 0.3566964
	speed: 0.0514s/iter; left time: 685.0320s
Epoch: 50 cost time: 13.636205911636353
Epoch: 50, Steps: 265 | Train Loss: 0.3100204 Vali Loss: 0.5154855 Test Loss: 0.3629407
Validation loss decreased (0.521209 --> 0.515486).  Saving model ...
Updating learning rate to 9.329635654761219e-05
	iters: 100, epoch: 51 | loss: 0.3120328
	speed: 0.1203s/iter; left time: 1581.6173s
	iters: 200, epoch: 51 | loss: 0.2810213
	speed: 0.0517s/iter; left time: 674.7295s
Epoch: 51 cost time: 13.661019563674927
Epoch: 51, Steps: 265 | Train Loss: 0.3070348 Vali Loss: 0.5097251 Test Loss: 0.3596527
Validation loss decreased (0.515486 --> 0.509725).  Saving model ...
Updating learning rate to 9.192817925614859e-05
	iters: 100, epoch: 52 | loss: 0.2736982
	speed: 0.1208s/iter; left time: 1556.5487s
	iters: 200, epoch: 52 | loss: 0.3078478
	speed: 0.0514s/iter; left time: 657.5827s
Epoch: 52 cost time: 13.63772463798523
Epoch: 52, Steps: 265 | Train Loss: 0.3041089 Vali Loss: 0.5057037 Test Loss: 0.3564911
Validation loss decreased (0.509725 --> 0.505704).  Saving model ...
Updating learning rate to 9.044508028792197e-05
	iters: 100, epoch: 53 | loss: 0.2998934
	speed: 0.1205s/iter; left time: 1520.4579s
	iters: 200, epoch: 53 | loss: 0.3200997
	speed: 0.0514s/iter; left time: 643.5956s
Epoch: 53 cost time: 13.630833625793457
Epoch: 53, Steps: 265 | Train Loss: 0.3017915 Vali Loss: 0.5011532 Test Loss: 0.3539362
Validation loss decreased (0.505704 --> 0.501153).  Saving model ...
Updating learning rate to 8.885112471411532e-05
	iters: 100, epoch: 54 | loss: 0.2891115
	speed: 0.1213s/iter; left time: 1499.2800s
	iters: 200, epoch: 54 | loss: 0.3255285
	speed: 0.0514s/iter; left time: 630.4592s
Epoch: 54 cost time: 13.645332336425781
Epoch: 54, Steps: 265 | Train Loss: 0.2997077 Vali Loss: 0.4977766 Test Loss: 0.3513002
Validation loss decreased (0.501153 --> 0.497777).  Saving model ...
Updating learning rate to 8.715068145616196e-05
	iters: 100, epoch: 55 | loss: 0.2890043
	speed: 0.1228s/iter; left time: 1484.5710s
	iters: 200, epoch: 55 | loss: 0.2901999
	speed: 0.0514s/iter; left time: 616.3545s
Epoch: 55 cost time: 13.621914863586426
Epoch: 55, Steps: 265 | Train Loss: 0.2978037 Vali Loss: 0.4954197 Test Loss: 0.3497670
Validation loss decreased (0.497777 --> 0.495420).  Saving model ...
Updating learning rate to 8.534841131083555e-05
	iters: 100, epoch: 56 | loss: 0.2861641
	speed: 0.1203s/iter; left time: 1423.0186s
	iters: 200, epoch: 56 | loss: 0.2974594
	speed: 0.0517s/iter; left time: 605.8450s
Epoch: 56 cost time: 13.666669845581055
Epoch: 56, Steps: 265 | Train Loss: 0.2960502 Vali Loss: 0.4929048 Test Loss: 0.3486084
Validation loss decreased (0.495420 --> 0.492905).  Saving model ...
Updating learning rate to 8.344925417533019e-05
	iters: 100, epoch: 57 | loss: 0.3116347
	speed: 0.1203s/iter; left time: 1391.2662s
	iters: 200, epoch: 57 | loss: 0.3090253
	speed: 0.0514s/iter; left time: 589.6578s
Epoch: 57 cost time: 13.63314151763916
Epoch: 57, Steps: 265 | Train Loss: 0.2944784 Vali Loss: 0.4907607 Test Loss: 0.3468347
Validation loss decreased (0.492905 --> 0.490761).  Saving model ...
Updating learning rate to 8.14584155073455e-05
	iters: 100, epoch: 58 | loss: 0.3100659
	speed: 0.1203s/iter; left time: 1358.4448s
	iters: 200, epoch: 58 | loss: 0.3092874
	speed: 0.0514s/iter; left time: 575.7223s
Epoch: 58 cost time: 13.63047170639038
Epoch: 58, Steps: 265 | Train Loss: 0.2930471 Vali Loss: 0.4889160 Test Loss: 0.3459393
Validation loss decreased (0.490761 --> 0.488916).  Saving model ...
Updating learning rate to 7.938135205728891e-05
	iters: 100, epoch: 59 | loss: 0.3001896
	speed: 0.1214s/iter; left time: 1338.9268s
	iters: 200, epoch: 59 | loss: 0.2876657
	speed: 0.0514s/iter; left time: 562.2610s
Epoch: 59 cost time: 13.647284507751465
Epoch: 59, Steps: 265 | Train Loss: 0.2915938 Vali Loss: 0.4872110 Test Loss: 0.3448718
Validation loss decreased (0.488916 --> 0.487211).  Saving model ...
Updating learning rate to 7.722375691170215e-05
	iters: 100, epoch: 60 | loss: 0.2871124
	speed: 0.1206s/iter; left time: 1298.1921s
	iters: 200, epoch: 60 | loss: 0.2691203
	speed: 0.0511s/iter; left time: 545.0085s
Epoch: 60 cost time: 13.550970792770386
Epoch: 60, Steps: 265 | Train Loss: 0.2904298 Vali Loss: 0.4862459 Test Loss: 0.3440701
Validation loss decreased (0.487211 --> 0.486246).  Saving model ...
Updating learning rate to 7.499154388890664e-05
	iters: 100, epoch: 61 | loss: 0.3388881
	speed: 0.1198s/iter; left time: 1258.2970s
	iters: 200, epoch: 61 | loss: 0.2669143
	speed: 0.0514s/iter; left time: 534.4876s
Epoch: 61 cost time: 13.577640056610107
Epoch: 61, Steps: 265 | Train Loss: 0.2891532 Vali Loss: 0.4856971 Test Loss: 0.3431593
Validation loss decreased (0.486246 --> 0.485697).  Saving model ...
Updating learning rate to 7.269083132963864e-05
	iters: 100, epoch: 62 | loss: 0.2853234
	speed: 0.1199s/iter; left time: 1227.6202s
	iters: 200, epoch: 62 | loss: 0.2907862
	speed: 0.0515s/iter; left time: 521.9795s
Epoch: 62 cost time: 13.62285327911377
Epoch: 62, Steps: 265 | Train Loss: 0.2880293 Vali Loss: 0.4843379 Test Loss: 0.3428605
Validation loss decreased (0.485697 --> 0.484338).  Saving model ...
Updating learning rate to 7.032792532710257e-05
	iters: 100, epoch: 63 | loss: 0.3035139
	speed: 0.1203s/iter; left time: 1199.6792s
	iters: 200, epoch: 63 | loss: 0.2899486
	speed: 0.0515s/iter; left time: 508.2060s
Epoch: 63 cost time: 13.642966747283936
Epoch: 63, Steps: 265 | Train Loss: 0.2871454 Vali Loss: 0.4838273 Test Loss: 0.3426323
Validation loss decreased (0.484338 --> 0.483827).  Saving model ...
Updating learning rate to 6.790930244240778e-05
	iters: 100, epoch: 64 | loss: 0.2660008
	speed: 0.1214s/iter; left time: 1178.6410s
	iters: 200, epoch: 64 | loss: 0.2893339
	speed: 0.0514s/iter; left time: 494.0910s
Epoch: 64 cost time: 13.65156078338623
Epoch: 64, Steps: 265 | Train Loss: 0.2861626 Vali Loss: 0.4826909 Test Loss: 0.3416540
Validation loss decreased (0.483827 --> 0.482691).  Saving model ...
Updating learning rate to 6.544159195276479e-05
	iters: 100, epoch: 65 | loss: 0.2641892
	speed: 0.1203s/iter; left time: 1135.3605s
	iters: 200, epoch: 65 | loss: 0.2666180
	speed: 0.0514s/iter; left time: 480.3076s
Epoch: 65 cost time: 13.627466917037964
Epoch: 65, Steps: 265 | Train Loss: 0.2852777 Vali Loss: 0.4822541 Test Loss: 0.3414505
Validation loss decreased (0.482691 --> 0.482254).  Saving model ...
Updating learning rate to 6.293155768109725e-05
	iters: 100, epoch: 66 | loss: 0.2698361
	speed: 0.1203s/iter; left time: 1104.3213s
	iters: 200, epoch: 66 | loss: 0.2886299
	speed: 0.0517s/iter; left time: 469.5712s
Epoch: 66 cost time: 13.672280073165894
Epoch: 66, Steps: 265 | Train Loss: 0.2846007 Vali Loss: 0.4817779 Test Loss: 0.3409080
Validation loss decreased (0.482254 --> 0.481778).  Saving model ...
Updating learning rate to 6.038607945687349e-05
	iters: 100, epoch: 67 | loss: 0.3059255
	speed: 0.1209s/iter; left time: 1077.6120s
	iters: 200, epoch: 67 | loss: 0.3037309
	speed: 0.0514s/iter; left time: 453.0772s
Epoch: 67 cost time: 13.637401819229126
Epoch: 67, Steps: 265 | Train Loss: 0.2837726 Vali Loss: 0.4818816 Test Loss: 0.3409458
EarlyStopping counter: 1 out of 20
Updating learning rate to 5.781213425897207e-05
	iters: 100, epoch: 68 | loss: 0.2718308
	speed: 0.1199s/iter; left time: 1036.2869s
	iters: 200, epoch: 68 | loss: 0.2862341
	speed: 0.0514s/iter; left time: 439.6681s
Epoch: 68 cost time: 13.633146524429321
Epoch: 68, Steps: 265 | Train Loss: 0.2829179 Vali Loss: 0.4816594 Test Loss: 0.3411435
Validation loss decreased (0.481778 --> 0.481659).  Saving model ...
Updating learning rate to 5.5216777092267685e-05
	iters: 100, epoch: 69 | loss: 0.2812962
	speed: 0.1212s/iter; left time: 1015.9051s
	iters: 200, epoch: 69 | loss: 0.3020213
	speed: 0.0514s/iter; left time: 425.9039s
Epoch: 69 cost time: 13.641413688659668
Epoch: 69, Steps: 265 | Train Loss: 0.2825872 Vali Loss: 0.4808196 Test Loss: 0.3402461
Validation loss decreased (0.481659 --> 0.480820).  Saving model ...
Updating learning rate to 5.260712165035325e-05
	iters: 100, epoch: 70 | loss: 0.2989892
	speed: 0.1202s/iter; left time: 975.4462s
	iters: 200, epoch: 70 | loss: 0.2455792
	speed: 0.0514s/iter; left time: 412.0450s
Epoch: 70 cost time: 13.621180772781372
Epoch: 70, Steps: 265 | Train Loss: 0.2816464 Vali Loss: 0.4805610 Test Loss: 0.3399950
Validation loss decreased (0.480820 --> 0.480561).  Saving model ...
Updating learning rate to 4.999032081740008e-05
	iters: 100, epoch: 71 | loss: 0.3048524
	speed: 0.1203s/iter; left time: 944.8284s
	iters: 200, epoch: 71 | loss: 0.2895874
	speed: 0.0517s/iter; left time: 400.6932s
Epoch: 71 cost time: 13.66549015045166
Epoch: 71, Steps: 265 | Train Loss: 0.2811899 Vali Loss: 0.4813663 Test Loss: 0.3398848
EarlyStopping counter: 1 out of 20
Updating learning rate to 4.737354706259972e-05
	iters: 100, epoch: 72 | loss: 0.3242941
	speed: 0.1197s/iter; left time: 908.2789s
	iters: 200, epoch: 72 | loss: 0.2726646
	speed: 0.0515s/iter; left time: 385.1728s
Epoch: 72 cost time: 13.630629777908325
Epoch: 72, Steps: 265 | Train Loss: 0.2806575 Vali Loss: 0.4804913 Test Loss: 0.3401670
Validation loss decreased (0.480561 --> 0.480491).  Saving model ...
Updating learning rate to 4.476397278092438e-05
	iters: 100, epoch: 73 | loss: 0.2737221
	speed: 0.1203s/iter; left time: 881.0616s
	iters: 200, epoch: 73 | loss: 0.2684241
	speed: 0.0514s/iter; left time: 371.2981s
Epoch: 73 cost time: 13.624130010604858
Epoch: 73, Steps: 265 | Train Loss: 0.2800293 Vali Loss: 0.4805616 Test Loss: 0.3400468
EarlyStopping counter: 1 out of 20
Updating learning rate to 4.216875063409081e-05
	iters: 100, epoch: 74 | loss: 0.2909351
	speed: 0.1206s/iter; left time: 850.7168s
	iters: 200, epoch: 74 | loss: 0.2937456
	speed: 0.0514s/iter; left time: 357.6413s
Epoch: 74 cost time: 13.642009496688843
Epoch: 74, Steps: 265 | Train Loss: 0.2795909 Vali Loss: 0.4806088 Test Loss: 0.3397276
EarlyStopping counter: 2 out of 20
Updating learning rate to 3.959499394561185e-05
	iters: 100, epoch: 75 | loss: 0.2910882
	speed: 0.1198s/iter; left time: 813.5673s
	iters: 200, epoch: 75 | loss: 0.2899431
	speed: 0.0514s/iter; left time: 344.0732s
Epoch: 75 cost time: 13.625051259994507
Epoch: 75, Steps: 265 | Train Loss: 0.2791183 Vali Loss: 0.4800672 Test Loss: 0.3391706
Validation loss decreased (0.480491 --> 0.480067).  Saving model ...
Updating learning rate to 3.704975720367095e-05
	iters: 100, epoch: 76 | loss: 0.2666084
	speed: 0.1203s/iter; left time: 784.9301s
	iters: 200, epoch: 76 | loss: 0.2844472
	speed: 0.0517s/iter; left time: 331.9755s
Epoch: 76 cost time: 13.6657555103302
Epoch: 76, Steps: 265 | Train Loss: 0.2785695 Vali Loss: 0.4805923 Test Loss: 0.3392672
EarlyStopping counter: 1 out of 20
Updating learning rate to 3.454001672526056e-05
	iters: 100, epoch: 77 | loss: 0.2814727
	speed: 0.1197s/iter; left time: 749.5573s
	iters: 200, epoch: 77 | loss: 0.2677346
	speed: 0.0514s/iter; left time: 316.8289s
Epoch: 77 cost time: 13.626910209655762
Epoch: 77, Steps: 265 | Train Loss: 0.2781618 Vali Loss: 0.4804638 Test Loss: 0.3395567
EarlyStopping counter: 2 out of 20
Updating learning rate to 3.207265153458206e-05
	iters: 100, epoch: 78 | loss: 0.2646797
	speed: 0.1198s/iter; left time: 718.1746s
	iters: 200, epoch: 78 | loss: 0.2746226
	speed: 0.0514s/iter; left time: 303.2382s
Epoch: 78 cost time: 13.630379438400269
Epoch: 78, Steps: 265 | Train Loss: 0.2778972 Vali Loss: 0.4797890 Test Loss: 0.3395513
Validation loss decreased (0.480067 --> 0.479789).  Saving model ...
Updating learning rate to 2.965442450811866e-05
	iters: 100, epoch: 79 | loss: 0.2863903
	speed: 0.1211s/iter; left time: 694.2221s
	iters: 200, epoch: 79 | loss: 0.2495709
	speed: 0.0514s/iter; left time: 289.6316s
Epoch: 79 cost time: 13.652064561843872
Epoch: 79, Steps: 265 | Train Loss: 0.2775800 Vali Loss: 0.4802766 Test Loss: 0.3395146
EarlyStopping counter: 1 out of 20
Updating learning rate to 2.7291963838060986e-05
	iters: 100, epoch: 80 | loss: 0.2863673
	speed: 0.1199s/iter; left time: 655.1476s
	iters: 200, epoch: 80 | loss: 0.2985102
	speed: 0.0515s/iter; left time: 276.1982s
Epoch: 80 cost time: 13.63762092590332
Epoch: 80, Steps: 265 | Train Loss: 0.2772937 Vali Loss: 0.4796697 Test Loss: 0.3391030
Validation loss decreased (0.479789 --> 0.479670).  Saving model ...
Updating learning rate to 2.499174486489305e-05
	iters: 100, epoch: 81 | loss: 0.2607743
	speed: 0.1204s/iter; left time: 626.0646s
	iters: 200, epoch: 81 | loss: 0.2856004
	speed: 0.0513s/iter; left time: 261.7428s
Epoch: 81 cost time: 13.575065851211548
Epoch: 81, Steps: 265 | Train Loss: 0.2769242 Vali Loss: 0.4802129 Test Loss: 0.3386887
EarlyStopping counter: 1 out of 20
Updating learning rate to 2.276007232893402e-05
	iters: 100, epoch: 82 | loss: 0.2724605
	speed: 0.1192s/iter; left time: 588.5908s
	iters: 200, epoch: 82 | loss: 0.2926099
	speed: 0.0511s/iter; left time: 247.0206s
Epoch: 82 cost time: 13.53950834274292
Epoch: 82, Steps: 265 | Train Loss: 0.2767219 Vali Loss: 0.4801500 Test Loss: 0.3396194
EarlyStopping counter: 2 out of 20
Updating learning rate to 2.0603063089483323e-05
	iters: 100, epoch: 83 | loss: 0.2718723
	speed: 0.1192s/iter; left time: 556.6713s
	iters: 200, epoch: 83 | loss: 0.2973420
	speed: 0.0513s/iter; left time: 234.3984s
Epoch: 83 cost time: 13.578394651412964
Epoch: 83, Steps: 265 | Train Loss: 0.2764315 Vali Loss: 0.4807275 Test Loss: 0.3391286
EarlyStopping counter: 3 out of 20
Updating learning rate to 1.8526629358934466e-05
	iters: 100, epoch: 84 | loss: 0.2578811
	speed: 0.1205s/iter; left time: 531.0610s
	iters: 200, epoch: 84 | loss: 0.2776020
	speed: 0.0514s/iter; left time: 221.4909s
Epoch: 84 cost time: 13.648397207260132
Epoch: 84, Steps: 265 | Train Loss: 0.2760128 Vali Loss: 0.4798348 Test Loss: 0.3394592
EarlyStopping counter: 4 out of 20
Updating learning rate to 1.653646249781165e-05
	iters: 100, epoch: 85 | loss: 0.2523917
	speed: 0.1199s/iter; left time: 496.3940s
	iters: 200, epoch: 85 | loss: 0.2770042
	speed: 0.0514s/iter; left time: 207.6690s
Epoch: 85 cost time: 13.618764400482178
Epoch: 85, Steps: 265 | Train Loss: 0.2759313 Vali Loss: 0.4799112 Test Loss: 0.3390563
EarlyStopping counter: 5 out of 20
Updating learning rate to 1.4638017415146474e-05
	iters: 100, epoch: 86 | loss: 0.2811482
	speed: 0.1197s/iter; left time: 464.0498s
	iters: 200, epoch: 86 | loss: 0.3325700
	speed: 0.0516s/iter; left time: 194.8094s
Epoch: 86 cost time: 13.652849912643433
Epoch: 86, Steps: 265 | Train Loss: 0.2758893 Vali Loss: 0.4800847 Test Loss: 0.3390628
EarlyStopping counter: 6 out of 20
Updating learning rate to 1.2836497616951199e-05
	iters: 100, epoch: 87 | loss: 0.3072128
	speed: 0.1200s/iter; left time: 433.2188s
	iters: 200, epoch: 87 | loss: 0.2804436
	speed: 0.0514s/iter; left time: 180.4687s
Epoch: 87 cost time: 13.618613004684448
Epoch: 87, Steps: 265 | Train Loss: 0.2757032 Vali Loss: 0.4802270 Test Loss: 0.3393317
EarlyStopping counter: 7 out of 20
Updating learning rate to 1.1136840943770596e-05
	iters: 100, epoch: 88 | loss: 0.2554909
	speed: 0.1197s/iter; left time: 400.4485s
	iters: 200, epoch: 88 | loss: 0.2739392
	speed: 0.0514s/iter; left time: 166.9260s
Epoch: 88 cost time: 13.62480092048645
Epoch: 88, Steps: 265 | Train Loss: 0.2755624 Vali Loss: 0.4806603 Test Loss: 0.3391651
EarlyStopping counter: 8 out of 20
Updating learning rate to 9.54370603640415e-06
	iters: 100, epoch: 89 | loss: 0.2554485
	speed: 0.1205s/iter; left time: 371.1965s
	iters: 200, epoch: 89 | loss: 0.2942899
	speed: 0.0514s/iter; left time: 153.3181s
Epoch: 89 cost time: 13.647741079330444
Epoch: 89, Steps: 265 | Train Loss: 0.2753749 Vali Loss: 0.4807813 Test Loss: 0.3390992
EarlyStopping counter: 9 out of 20
Updating learning rate to 8.061459566895504e-06
	iters: 100, epoch: 90 | loss: 0.2724084
	speed: 0.1199s/iter; left time: 337.5799s
	iters: 200, epoch: 90 | loss: 0.3389581
	speed: 0.0514s/iter; left time: 139.7225s
Epoch: 90 cost time: 13.628631114959717
Epoch: 90, Steps: 265 | Train Loss: 0.2752135 Vali Loss: 0.4803016 Test Loss: 0.3392026
EarlyStopping counter: 10 out of 20
Updating learning rate to 6.694164269787878e-06
	iters: 100, epoch: 91 | loss: 0.2597758
	speed: 0.1197s/iter; left time: 305.4702s
	iters: 200, epoch: 91 | loss: 0.2826546
	speed: 0.0516s/iter; left time: 126.5116s
Epoch: 91 cost time: 13.657528400421143
Epoch: 91, Steps: 265 | Train Loss: 0.2752222 Vali Loss: 0.4803839 Test Loss: 0.3396660
EarlyStopping counter: 11 out of 20
Updating learning rate to 5.4455678064511385e-06
	iters: 100, epoch: 92 | loss: 0.2880673
	speed: 0.1200s/iter; left time: 274.3252s
	iters: 200, epoch: 92 | loss: 0.2686321
	speed: 0.0514s/iter; left time: 112.4092s
Epoch: 92 cost time: 13.626363754272461
Epoch: 92, Steps: 265 | Train Loss: 0.2750752 Vali Loss: 0.4804916 Test Loss: 0.3392363
EarlyStopping counter: 12 out of 20
Updating learning rate to 4.319092493002395e-06
	iters: 100, epoch: 93 | loss: 0.2603339
	speed: 0.1198s/iter; left time: 242.0404s
	iters: 200, epoch: 93 | loss: 0.2825685
	speed: 0.0514s/iter; left time: 98.8029s
Epoch: 93 cost time: 13.62712025642395
Epoch: 93, Steps: 265 | Train Loss: 0.2750930 Vali Loss: 0.4801825 Test Loss: 0.3391261
EarlyStopping counter: 13 out of 20
Updating learning rate to 3.317825919975493e-06
	iters: 100, epoch: 94 | loss: 0.2776131
	speed: 0.1205s/iter; left time: 211.6027s
	iters: 200, epoch: 94 | loss: 0.2853493
	speed: 0.0515s/iter; left time: 85.2129s
Epoch: 94 cost time: 13.655112266540527
Epoch: 94, Steps: 265 | Train Loss: 0.2749999 Vali Loss: 0.4804588 Test Loss: 0.3392143
EarlyStopping counter: 14 out of 20
Updating learning rate to 2.4445124894499002e-06
	iters: 100, epoch: 95 | loss: 0.2882310
	speed: 0.1197s/iter; left time: 178.5098s
	iters: 200, epoch: 95 | loss: 0.2614938
	speed: 0.0514s/iter; left time: 71.5543s
Epoch: 95 cost time: 13.62836241722107
Epoch: 95, Steps: 265 | Train Loss: 0.2750306 Vali Loss: 0.4808669 Test Loss: 0.3390701
EarlyStopping counter: 15 out of 20
Updating learning rate to 1.7015458928354114e-06
	iters: 100, epoch: 96 | loss: 0.2807022
	speed: 0.1198s/iter; left time: 146.8452s
	iters: 200, epoch: 96 | loss: 0.2838385
	speed: 0.0516s/iter; left time: 58.1211s
Epoch: 96 cost time: 13.664796590805054
Epoch: 96, Steps: 265 | Train Loss: 0.2750347 Vali Loss: 0.4806851 Test Loss: 0.3391159
EarlyStopping counter: 16 out of 20
Updating learning rate to 1.0909625499303723e-06
	iters: 100, epoch: 97 | loss: 0.2585101
	speed: 0.1201s/iter; left time: 115.4507s
	iters: 200, epoch: 97 | loss: 0.2601722
	speed: 0.0515s/iter; left time: 44.3098s
Epoch: 97 cost time: 13.638520956039429
Epoch: 97, Steps: 265 | Train Loss: 0.2751113 Vali Loss: 0.4806017 Test Loss: 0.3392323
EarlyStopping counter: 17 out of 20
Updating learning rate to 6.144360272365664e-07
	iters: 100, epoch: 98 | loss: 0.2752802
	speed: 0.1198s/iter; left time: 83.3789s
	iters: 200, epoch: 98 | loss: 0.2668982
	speed: 0.0515s/iter; left time: 30.6778s
Epoch: 98 cost time: 13.635944128036499
Epoch: 98, Steps: 265 | Train Loss: 0.2748247 Vali Loss: 0.4802300 Test Loss: 0.3389058
EarlyStopping counter: 18 out of 20
Updating learning rate to 2.732724508297455e-07
	iters: 100, epoch: 99 | loss: 0.2607200
	speed: 0.1204s/iter; left time: 51.9137s
	iters: 200, epoch: 99 | loss: 0.2905084
	speed: 0.0515s/iter; left time: 17.0371s
Epoch: 99 cost time: 13.658288955688477
Epoch: 99, Steps: 265 | Train Loss: 0.2748474 Vali Loss: 0.4802739 Test Loss: 0.3392644
EarlyStopping counter: 19 out of 20
Updating learning rate to 6.840692635883826e-08
	iters: 100, epoch: 100 | loss: 0.2676254
	speed: 0.1198s/iter; left time: 19.8818s
	iters: 200, epoch: 100 | loss: 0.2697751
	speed: 0.0515s/iter; left time: 3.3982s
Epoch: 100 cost time: 13.641021728515625
Epoch: 100, Steps: 265 | Train Loss: 0.2747519 Vali Loss: 0.4801053 Test Loss: 0.3393578
EarlyStopping counter: 20 out of 20
Early stopping
>>>>>>>testing : CMS3_ettm1_336_192_PatchTST_ETTm1_ftM_sl336_ll48_pl192_dm128_nh16_el3_dl1_df256_fc1_ebtimeF_dtTrue_Exp_0<<<<<<<<<<<<<<<<<<<<<<<<<<<<<<<<<
test 11329
mse:0.3553701937198639, mae:0.3902915418148041, rse:0.567002534866333
Args in experiment:
Namespace(random_seed=2021, is_training=1, model_id='CMS3_ettm1_336_336', model='PatchTST', data='ETTm1', root_path='./dataset/', data_path='ETTm1.csv', features='M', target='OT', freq='h', checkpoints='./checkpoints/', seq_len=336, label_len=48, pred_len=336, head_type='cms3', fc_dropout=0.2, head_dropout=0.0, patch_len=16, stride=8, padding_patch='end', revin=1, affine=0, subtract_last=0, decomposition=0, kernel_size=25, individual=0, embed_type=0, enc_in=7, dec_in=7, c_out=7, d_model=128, n_heads=16, e_layers=3, d_layers=1, d_ff=256, moving_avg=25, factor=1, distil=True, dropout=0.2, embed='timeF', activation='gelu', output_attention=False, do_predict=False, num_workers=0, itr=1, train_epochs=100, batch_size=128, patience=20, learning_rate=0.0001, des='Exp', loss='mse', lradj='TST', pct_start=0.4, use_amp=False, use_gpu=True, gpu=0, use_multi_gpu=False, devices='0,1,2,3', test_flop=False)
Use GPU: cuda:0
>>>>>>>start training : CMS3_ettm1_336_336_PatchTST_ETTm1_ftM_sl336_ll48_pl336_dm128_nh16_el3_dl1_df256_fc1_ebtimeF_dtTrue_Exp_0>>>>>>>>>>>>>>>>>>>>>>>>>>
train 33889
val 11185
test 11185
	iters: 100, epoch: 1 | loss: 0.5416481
	speed: 0.0787s/iter; left time: 2070.5680s
	iters: 200, epoch: 1 | loss: 0.5426070
	speed: 0.0511s/iter; left time: 1337.6040s
Epoch: 1 cost time: 13.73585033416748
Epoch: 1, Steps: 264 | Train Loss: 0.5452544 Vali Loss: 1.1039485 Test Loss: 0.7088125
Validation loss decreased (inf --> 1.103948).  Saving model ...
Updating learning rate to 4.147995994617984e-06
	iters: 100, epoch: 2 | loss: 0.5293673
	speed: 0.1217s/iter; left time: 3168.3630s
	iters: 200, epoch: 2 | loss: 0.5229144
	speed: 0.0516s/iter; left time: 1337.9981s
Epoch: 2 cost time: 13.623002767562866
Epoch: 2, Steps: 264 | Train Loss: 0.5449834 Vali Loss: 1.1028916 Test Loss: 0.7083809
Validation loss decreased (1.103948 --> 1.102892).  Saving model ...
Updating learning rate to 4.591071361204269e-06
	iters: 100, epoch: 3 | loss: 0.5392160
	speed: 0.1219s/iter; left time: 3142.7929s
	iters: 200, epoch: 3 | loss: 0.5793360
	speed: 0.0519s/iter; left time: 1331.9891s
Epoch: 3 cost time: 13.702325820922852
Epoch: 3, Steps: 264 | Train Loss: 0.5447729 Vali Loss: 1.1027085 Test Loss: 0.7079049
Validation loss decreased (1.102892 --> 1.102708).  Saving model ...
Updating learning rate to 5.3264938756102174e-06
	iters: 100, epoch: 4 | loss: 0.5452900
	speed: 0.1218s/iter; left time: 3107.4280s
	iters: 200, epoch: 4 | loss: 0.5020810
	speed: 0.0518s/iter; left time: 1316.0853s
Epoch: 4 cost time: 13.677601337432861
Epoch: 4, Steps: 264 | Train Loss: 0.5444797 Vali Loss: 1.1019748 Test Loss: 0.7073471
Validation loss decreased (1.102708 --> 1.101975).  Saving model ...
Updating learning rate to 6.349728555065631e-06
	iters: 100, epoch: 5 | loss: 0.5737338
	speed: 0.1220s/iter; left time: 3079.9151s
	iters: 200, epoch: 5 | loss: 0.5187281
	speed: 0.0519s/iter; left time: 1306.1480s
Epoch: 5 cost time: 13.726941585540771
Epoch: 5, Steps: 264 | Train Loss: 0.5440374 Vali Loss: 1.1014632 Test Loss: 0.7066940
Validation loss decreased (1.101975 --> 1.101463).  Saving model ...
Updating learning rate to 7.654465623149092e-06
	iters: 100, epoch: 6 | loss: 0.5442290
	speed: 0.1227s/iter; left time: 3066.2847s
	iters: 200, epoch: 6 | loss: 0.5345007
	speed: 0.0520s/iter; left time: 1292.8292s
Epoch: 6 cost time: 13.70937967300415
Epoch: 6, Steps: 264 | Train Loss: 0.5437187 Vali Loss: 1.1002362 Test Loss: 0.7059262
Validation loss decreased (1.101463 --> 1.100236).  Saving model ...
Updating learning rate to 9.232659419022894e-06
	iters: 100, epoch: 7 | loss: 0.5370176
	speed: 0.1220s/iter; left time: 3015.5942s
	iters: 200, epoch: 7 | loss: 0.5610657
	speed: 0.0519s/iter; left time: 1278.3808s
Epoch: 7 cost time: 13.69975996017456
Epoch: 7, Steps: 264 | Train Loss: 0.5431739 Vali Loss: 1.0995041 Test Loss: 0.7050158
Validation loss decreased (1.100236 --> 1.099504).  Saving model ...
Updating learning rate to 1.1074578010998666e-05
	iters: 100, epoch: 8 | loss: 0.4831090
	speed: 0.1221s/iter; left time: 2985.2867s
	iters: 200, epoch: 8 | loss: 0.5521405
	speed: 0.0520s/iter; left time: 1266.4981s
Epoch: 8 cost time: 13.740398645401001
Epoch: 8, Steps: 264 | Train Loss: 0.5426815 Vali Loss: 1.0984150 Test Loss: 0.7039483
Validation loss decreased (1.099504 --> 1.098415).  Saving model ...
Updating learning rate to 1.3168863208492038e-05
	iters: 100, epoch: 9 | loss: 0.5053042
	speed: 0.1219s/iter; left time: 2948.1216s
	iters: 200, epoch: 9 | loss: 0.5351256
	speed: 0.0519s/iter; left time: 1250.5500s
Epoch: 9 cost time: 13.695141315460205
Epoch: 9, Steps: 264 | Train Loss: 0.5420969 Vali Loss: 1.0967555 Test Loss: 0.7027025
Validation loss decreased (1.098415 --> 1.096756).  Saving model ...
Updating learning rate to 1.5502600602302323e-05
	iters: 100, epoch: 10 | loss: 0.5680907
	speed: 0.1219s/iter; left time: 2915.5733s
	iters: 200, epoch: 10 | loss: 0.4774897
	speed: 0.0520s/iter; left time: 1239.2818s
Epoch: 10 cost time: 13.744595289230347
Epoch: 10, Steps: 264 | Train Loss: 0.5411174 Vali Loss: 1.0943947 Test Loss: 0.7012594
Validation loss decreased (1.096756 --> 1.094395).  Saving model ...
Updating learning rate to 1.8061399201313948e-05
	iters: 100, epoch: 11 | loss: 0.4850316
	speed: 0.1224s/iter; left time: 2896.0253s
	iters: 200, epoch: 11 | loss: 0.5065823
	speed: 0.0520s/iter; left time: 1224.4323s
Epoch: 11 cost time: 13.706734657287598
Epoch: 11, Steps: 264 | Train Loss: 0.5402806 Vali Loss: 1.0916677 Test Loss: 0.6995677
Validation loss decreased (1.094395 --> 1.091668).  Saving model ...
Updating learning rate to 2.08294801745399e-05
	iters: 100, epoch: 12 | loss: 0.6005018
	speed: 0.1217s/iter; left time: 2847.0290s
	iters: 200, epoch: 12 | loss: 0.5567241
	speed: 0.0519s/iter; left time: 1209.0859s
Epoch: 12 cost time: 13.698349475860596
Epoch: 12, Steps: 264 | Train Loss: 0.5391087 Vali Loss: 1.0907043 Test Loss: 0.6975910
Validation loss decreased (1.091668 --> 1.090704).  Saving model ...
Updating learning rate to 2.378977415127951e-05
	iters: 100, epoch: 13 | loss: 0.5258458
	speed: 0.1223s/iter; left time: 2828.5418s
	iters: 200, epoch: 13 | loss: 0.4706046
	speed: 0.0520s/iter; left time: 1197.0665s
Epoch: 13 cost time: 13.734629154205322
Epoch: 13, Steps: 264 | Train Loss: 0.5382269 Vali Loss: 1.0870632 Test Loss: 0.6952612
Validation loss decreased (1.090704 --> 1.087063).  Saving model ...
Updating learning rate to 2.6924026479389104e-05
	iters: 100, epoch: 14 | loss: 0.5876133
	speed: 0.1217s/iter; left time: 2783.7731s
	iters: 200, epoch: 14 | loss: 0.5429913
	speed: 0.0519s/iter; left time: 1181.8188s
Epoch: 14 cost time: 13.698728799819946
Epoch: 14, Steps: 264 | Train Loss: 0.5368690 Vali Loss: 1.0840032 Test Loss: 0.6925229
Validation loss decreased (1.087063 --> 1.084003).  Saving model ...
Updating learning rate to 3.0212909792590238e-05
	iters: 100, epoch: 15 | loss: 0.5438213
	speed: 0.1219s/iter; left time: 2755.7367s
	iters: 200, epoch: 15 | loss: 0.5844390
	speed: 0.0521s/iter; left time: 1172.6902s
Epoch: 15 cost time: 13.742395401000977
Epoch: 15, Steps: 264 | Train Loss: 0.5353223 Vali Loss: 1.0797807 Test Loss: 0.6893446
Validation loss decreased (1.084003 --> 1.079781).  Saving model ...
Updating learning rate to 3.363614319266957e-05
	iters: 100, epoch: 16 | loss: 0.5696599
	speed: 0.1225s/iter; left time: 2736.4058s
	iters: 200, epoch: 16 | loss: 0.5648131
	speed: 0.0523s/iter; left time: 1163.1743s
Epoch: 16 cost time: 13.771044254302979
Epoch: 16, Steps: 264 | Train Loss: 0.5334483 Vali Loss: 1.0747373 Test Loss: 0.6856791
Validation loss decreased (1.079781 --> 1.074737).  Saving model ...
Updating learning rate to 3.7172617311633196e-05
	iters: 100, epoch: 17 | loss: 0.5276065
	speed: 0.1325s/iter; left time: 2925.3760s
	iters: 200, epoch: 17 | loss: 0.5480015
	speed: 0.0519s/iter; left time: 1141.6793s
Epoch: 17 cost time: 13.834038257598877
Epoch: 17, Steps: 264 | Train Loss: 0.5311813 Vali Loss: 1.0694910 Test Loss: 0.6815512
Validation loss decreased (1.074737 --> 1.069491).  Saving model ...
Updating learning rate to 4.0800524482619576e-05
	iters: 100, epoch: 18 | loss: 0.4990969
	speed: 0.1222s/iter; left time: 2665.7213s
	iters: 200, epoch: 18 | loss: 0.4985408
	speed: 0.0521s/iter; left time: 1130.6366s
Epoch: 18 cost time: 13.748816728591919
Epoch: 18, Steps: 264 | Train Loss: 0.5290476 Vali Loss: 1.0630665 Test Loss: 0.6770619
Validation loss decreased (1.069491 --> 1.063066).  Saving model ...
Updating learning rate to 4.449749321687241e-05
	iters: 100, epoch: 19 | loss: 0.5265837
	speed: 0.1221s/iter; left time: 2630.1077s
	iters: 200, epoch: 19 | loss: 0.5280220
	speed: 0.0521s/iter; left time: 1117.2947s
Epoch: 19 cost time: 13.75510573387146
Epoch: 19, Steps: 264 | Train Loss: 0.5263818 Vali Loss: 1.0571177 Test Loss: 0.6724543
Validation loss decreased (1.063066 --> 1.057118).  Saving model ...
Updating learning rate to 4.824072615752094e-05
	iters: 100, epoch: 20 | loss: 0.5128816
	speed: 0.1227s/iter; left time: 2610.6892s
	iters: 200, epoch: 20 | loss: 0.4773377
	speed: 0.0521s/iter; left time: 1103.8564s
Epoch: 20 cost time: 13.746946811676025
Epoch: 20, Steps: 264 | Train Loss: 0.5234936 Vali Loss: 1.0503889 Test Loss: 0.6677990
Validation loss decreased (1.057118 --> 1.050389).  Saving model ...
Updating learning rate to 5.200714065947608e-05
	iters: 100, epoch: 21 | loss: 0.4976345
	speed: 0.1224s/iter; left time: 2573.2389s
	iters: 200, epoch: 21 | loss: 0.5132614
	speed: 0.0521s/iter; left time: 1090.5465s
Epoch: 21 cost time: 13.75423812866211
Epoch: 21, Steps: 264 | Train Loss: 0.5209139 Vali Loss: 1.0439738 Test Loss: 0.6631799
Validation loss decreased (1.050389 --> 1.043974).  Saving model ...
Updating learning rate to 5.577351112855618e-05
	iters: 100, epoch: 22 | loss: 0.4953087
	speed: 0.1225s/iter; left time: 2543.3196s
	iters: 200, epoch: 22 | loss: 0.4706967
	speed: 0.0521s/iter; left time: 1076.2923s
Epoch: 22 cost time: 13.753848552703857
Epoch: 22, Steps: 264 | Train Loss: 0.5179695 Vali Loss: 1.0368578 Test Loss: 0.6584969
Validation loss decreased (1.043974 --> 1.036858).  Saving model ...
Updating learning rate to 5.951661224210828e-05
	iters: 100, epoch: 23 | loss: 0.5055459
	speed: 0.1228s/iter; left time: 2515.5783s
	iters: 200, epoch: 23 | loss: 0.5229380
	speed: 0.0521s/iter; left time: 1062.5004s
Epoch: 23 cost time: 13.746040105819702
Epoch: 23, Steps: 264 | Train Loss: 0.5152137 Vali Loss: 1.0300316 Test Loss: 0.6537676
Validation loss decreased (1.036858 --> 1.030032).  Saving model ...
Updating learning rate to 6.321336216795497e-05
	iters: 100, epoch: 24 | loss: 0.5098168
	speed: 0.1223s/iter; left time: 2474.9810s
	iters: 200, epoch: 24 | loss: 0.4993642
	speed: 0.0520s/iter; left time: 1047.3715s
Epoch: 24 cost time: 13.730367422103882
Epoch: 24, Steps: 264 | Train Loss: 0.5119571 Vali Loss: 1.0222588 Test Loss: 0.6489361
Validation loss decreased (1.030032 --> 1.022259).  Saving model ...
Updating learning rate to 6.684096489850761e-05
	iters: 100, epoch: 25 | loss: 0.5311068
	speed: 0.1337s/iter; left time: 2669.2767s
	iters: 200, epoch: 25 | loss: 0.5084407
	speed: 0.0518s/iter; left time: 1029.3335s
Epoch: 25 cost time: 13.662914991378784
Epoch: 25, Steps: 264 | Train Loss: 0.5089875 Vali Loss: 1.0152850 Test Loss: 0.6440460
Validation loss decreased (1.022259 --> 1.015285).  Saving model ...
Updating learning rate to 7.03770508223417e-05
	iters: 100, epoch: 26 | loss: 0.5360368
	speed: 0.1220s/iter; left time: 2403.9813s
	iters: 200, epoch: 26 | loss: 0.4980456
	speed: 0.0520s/iter; left time: 1019.1988s
Epoch: 26 cost time: 13.71692943572998
Epoch: 26, Steps: 264 | Train Loss: 0.5059003 Vali Loss: 1.0078701 Test Loss: 0.6390111
Validation loss decreased (1.015285 --> 1.007870).  Saving model ...
Updating learning rate to 7.379981466640088e-05
	iters: 100, epoch: 27 | loss: 0.5086152
	speed: 0.1223s/iter; left time: 2377.8551s
	iters: 200, epoch: 27 | loss: 0.4979738
	speed: 0.0520s/iter; left time: 1005.7341s
Epoch: 27 cost time: 13.730849981307983
Epoch: 27, Steps: 264 | Train Loss: 0.5027040 Vali Loss: 1.0006431 Test Loss: 0.6339161
Validation loss decreased (1.007870 --> 1.000643).  Saving model ...
Updating learning rate to 7.708814995820833e-05
	iters: 100, epoch: 28 | loss: 0.4942474
	speed: 0.1223s/iter; left time: 2345.3767s
	iters: 200, epoch: 28 | loss: 0.5204604
	speed: 0.0520s/iter; left time: 992.2609s
Epoch: 28 cost time: 13.731034994125366
Epoch: 28, Steps: 264 | Train Loss: 0.4995360 Vali Loss: 0.9934942 Test Loss: 0.6285301
Validation loss decreased (1.000643 --> 0.993494).  Saving model ...
Updating learning rate to 8.022177917892456e-05
	iters: 100, epoch: 29 | loss: 0.5037262
	speed: 0.1226s/iter; left time: 2318.0860s
	iters: 200, epoch: 29 | loss: 0.4931039
	speed: 0.0520s/iter; left time: 977.4562s
Epoch: 29 cost time: 13.727328062057495
Epoch: 29, Steps: 264 | Train Loss: 0.4961675 Vali Loss: 0.9853470 Test Loss: 0.6228808
Validation loss decreased (0.993494 --> 0.985347).  Saving model ...
Updating learning rate to 8.318137880466269e-05
	iters: 100, epoch: 30 | loss: 0.5007315
	speed: 0.1222s/iter; left time: 2278.6100s
	iters: 200, epoch: 30 | loss: 0.4677742
	speed: 0.0520s/iter; left time: 964.3527s
Epoch: 30 cost time: 13.721991300582886
Epoch: 30, Steps: 264 | Train Loss: 0.4925649 Vali Loss: 0.9778143 Test Loss: 0.6171459
Validation loss decreased (0.985347 --> 0.977814).  Saving model ...
Updating learning rate to 8.594869846499432e-05
	iters: 100, epoch: 31 | loss: 0.4693028
	speed: 0.1223s/iter; left time: 2247.2219s
	iters: 200, epoch: 31 | loss: 0.5383369
	speed: 0.0520s/iter; left time: 950.4354s
Epoch: 31 cost time: 13.714507341384888
Epoch: 31, Steps: 264 | Train Loss: 0.4890844 Vali Loss: 0.9687428 Test Loss: 0.6112541
Validation loss decreased (0.977814 --> 0.968743).  Saving model ...
Updating learning rate to 8.85066734838546e-05
	iters: 100, epoch: 32 | loss: 0.4749940
	speed: 0.1224s/iter; left time: 2218.1178s
	iters: 200, epoch: 32 | loss: 0.4530272
	speed: 0.0520s/iter; left time: 936.6438s
Epoch: 32 cost time: 13.71547818183899
Epoch: 32, Steps: 264 | Train Loss: 0.4852550 Vali Loss: 0.9599349 Test Loss: 0.6050118
Validation loss decreased (0.968743 --> 0.959935).  Saving model ...
Updating learning rate to 9.083953010886336e-05
	iters: 100, epoch: 33 | loss: 0.5170015
	speed: 0.1223s/iter; left time: 2182.9185s
	iters: 200, epoch: 33 | loss: 0.4907290
	speed: 0.0520s/iter; left time: 923.4767s
Epoch: 33 cost time: 13.714170694351196
Epoch: 33, Steps: 264 | Train Loss: 0.4814065 Vali Loss: 0.9497513 Test Loss: 0.5985618
Validation loss decreased (0.959935 --> 0.949751).  Saving model ...
Updating learning rate to 9.29328827801656e-05
	iters: 100, epoch: 34 | loss: 0.5112518
	speed: 0.1220s/iter; left time: 2146.4791s
	iters: 200, epoch: 34 | loss: 0.4738318
	speed: 0.0520s/iter; left time: 908.9665s
Epoch: 34 cost time: 13.703892230987549
Epoch: 34, Steps: 264 | Train Loss: 0.4774372 Vali Loss: 0.9406984 Test Loss: 0.5919594
Validation loss decreased (0.949751 --> 0.940698).  Saving model ...
Updating learning rate to 9.477382283898318e-05
	iters: 100, epoch: 35 | loss: 0.4860837
	speed: 0.1224s/iter; left time: 2120.0090s
	iters: 200, epoch: 35 | loss: 0.4586286
	speed: 0.0520s/iter; left time: 895.8897s
Epoch: 35 cost time: 13.7232027053833
Epoch: 35, Steps: 264 | Train Loss: 0.4732117 Vali Loss: 0.9306147 Test Loss: 0.5853130
Validation loss decreased (0.940698 --> 0.930615).  Saving model ...
Updating learning rate to 9.635099812885627e-05
	iters: 100, epoch: 36 | loss: 0.4443513
	speed: 0.1312s/iter; left time: 2239.0693s
	iters: 200, epoch: 36 | loss: 0.4743693
	speed: 0.0519s/iter; left time: 879.4874s
Epoch: 36 cost time: 13.681757688522339
Epoch: 36, Steps: 264 | Train Loss: 0.4688156 Vali Loss: 0.9208403 Test Loss: 0.5782334
Validation loss decreased (0.930615 --> 0.920840).  Saving model ...
Updating learning rate to 9.765468299871352e-05
	iters: 100, epoch: 37 | loss: 0.4604375
	speed: 0.1223s/iter; left time: 2053.7829s
	iters: 200, epoch: 37 | loss: 0.4345190
	speed: 0.0520s/iter; left time: 868.1100s
Epoch: 37 cost time: 13.720218420028687
Epoch: 37, Steps: 264 | Train Loss: 0.4646254 Vali Loss: 0.9102731 Test Loss: 0.5709400
Validation loss decreased (0.920840 --> 0.910273).  Saving model ...
Updating learning rate to 9.86768382760973e-05
	iters: 100, epoch: 38 | loss: 0.4390920
	speed: 0.1225s/iter; left time: 2025.6755s
	iters: 200, epoch: 38 | loss: 0.4830168
	speed: 0.0520s/iter; left time: 854.2492s
Epoch: 38 cost time: 13.717237949371338
Epoch: 38, Steps: 264 | Train Loss: 0.4600069 Vali Loss: 0.9000877 Test Loss: 0.5638721
Validation loss decreased (0.910273 --> 0.900088).  Saving model ...
Updating learning rate to 9.941116084071886e-05
	iters: 100, epoch: 39 | loss: 0.4361494
	speed: 0.1223s/iter; left time: 1990.1042s
	iters: 200, epoch: 39 | loss: 0.4445461
	speed: 0.0520s/iter; left time: 840.9599s
Epoch: 39 cost time: 13.718047618865967
Epoch: 39, Steps: 264 | Train Loss: 0.4554552 Vali Loss: 0.8886657 Test Loss: 0.5566882
Validation loss decreased (0.900088 --> 0.888666).  Saving model ...
Updating learning rate to 9.985312249264813e-05
	iters: 100, epoch: 40 | loss: 0.4353323
	speed: 0.1223s/iter; left time: 1957.3395s
	iters: 200, epoch: 40 | loss: 0.4528388
	speed: 0.0519s/iter; left time: 826.2103s
Epoch: 40 cost time: 13.711501836776733
Epoch: 40, Steps: 264 | Train Loss: 0.4508077 Vali Loss: 0.8781764 Test Loss: 0.5494303
Validation loss decreased (0.888666 --> 0.878176).  Saving model ...
Updating learning rate to 9.999999901660576e-05
	iters: 100, epoch: 41 | loss: 0.4482682
	speed: 0.1224s/iter; left time: 1926.6734s
	iters: 200, epoch: 41 | loss: 0.4134733
	speed: 0.0520s/iter; left time: 813.2160s
Epoch: 41 cost time: 13.696082830429077
Epoch: 41, Steps: 264 | Train Loss: 0.4462624 Vali Loss: 0.8685052 Test Loss: 0.5420794
Validation loss decreased (0.878176 --> 0.868505).  Saving model ...
Updating learning rate to 9.99309570348355e-05
	iters: 100, epoch: 42 | loss: 0.4542284
	speed: 0.1226s/iter; left time: 1897.4379s
	iters: 200, epoch: 42 | loss: 0.4168257
	speed: 0.0520s/iter; left time: 800.2909s
Epoch: 42 cost time: 13.731707096099854
Epoch: 42, Steps: 264 | Train Loss: 0.4416109 Vali Loss: 0.8575080 Test Loss: 0.5347922
Validation loss decreased (0.868505 --> 0.857508).  Saving model ...
Updating learning rate to 9.972505831867712e-05
	iters: 100, epoch: 43 | loss: 0.4303279
	speed: 0.1228s/iter; left time: 1867.7625s
	iters: 200, epoch: 43 | loss: 0.4480209
	speed: 0.0520s/iter; left time: 786.4100s
Epoch: 43 cost time: 13.733724355697632
Epoch: 43, Steps: 264 | Train Loss: 0.4368544 Vali Loss: 0.8467420 Test Loss: 0.5276268
Validation loss decreased (0.857508 --> 0.846742).  Saving model ...
Updating learning rate to 9.938286722219978e-05
	iters: 100, epoch: 44 | loss: 0.4583724
	speed: 0.1225s/iter; left time: 1831.5200s
	iters: 200, epoch: 44 | loss: 0.4071506
	speed: 0.0516s/iter; left time: 766.9241s
Epoch: 44 cost time: 13.65164041519165
Epoch: 44, Steps: 264 | Train Loss: 0.4322215 Vali Loss: 0.8363623 Test Loss: 0.5202641
Validation loss decreased (0.846742 --> 0.836362).  Saving model ...
Updating learning rate to 9.890532166741349e-05
	iters: 100, epoch: 45 | loss: 0.3921788
	speed: 0.1228s/iter; left time: 1803.6927s
	iters: 200, epoch: 45 | loss: 0.4352335
	speed: 0.0520s/iter; left time: 758.3617s
Epoch: 45 cost time: 13.731055498123169
Epoch: 45, Steps: 264 | Train Loss: 0.4274818 Vali Loss: 0.8255427 Test Loss: 0.5134156
Validation loss decreased (0.836362 --> 0.825543).  Saving model ...
Updating learning rate to 9.829373057349015e-05
	iters: 100, epoch: 46 | loss: 0.4145119
	speed: 0.1228s/iter; left time: 1771.1543s
	iters: 200, epoch: 46 | loss: 0.4137431
	speed: 0.0520s/iter; left time: 745.2369s
Epoch: 46 cost time: 13.735853672027588
Epoch: 46, Steps: 264 | Train Loss: 0.4230780 Vali Loss: 0.8159481 Test Loss: 0.5062882
Validation loss decreased (0.825543 --> 0.815948).  Saving model ...
Updating learning rate to 9.754977026910703e-05
	iters: 100, epoch: 47 | loss: 0.4097505
	speed: 0.1230s/iter; left time: 1740.8267s
	iters: 200, epoch: 47 | loss: 0.4207305
	speed: 0.0520s/iter; left time: 730.7489s
Epoch: 47 cost time: 13.725898504257202
Epoch: 47, Steps: 264 | Train Loss: 0.4186476 Vali Loss: 0.8059801 Test Loss: 0.4994278
Validation loss decreased (0.815948 --> 0.805980).  Saving model ...
Updating learning rate to 9.66754798977464e-05
	iters: 100, epoch: 48 | loss: 0.4114984
	speed: 0.1227s/iter; left time: 1705.3547s
	iters: 200, epoch: 48 | loss: 0.4003094
	speed: 0.0520s/iter; left time: 717.1184s
Epoch: 48 cost time: 13.722601413726807
Epoch: 48, Steps: 264 | Train Loss: 0.4140522 Vali Loss: 0.7963358 Test Loss: 0.4931630
Validation loss decreased (0.805980 --> 0.796336).  Saving model ...
Updating learning rate to 9.567325582854496e-05
	iters: 100, epoch: 49 | loss: 0.4174218
	speed: 0.1227s/iter; left time: 1671.7574s
	iters: 200, epoch: 49 | loss: 0.3837221
	speed: 0.0520s/iter; left time: 703.1791s
Epoch: 49 cost time: 13.71511697769165
Epoch: 49, Steps: 264 | Train Loss: 0.4099168 Vali Loss: 0.7858582 Test Loss: 0.4868184
Validation loss decreased (0.796336 --> 0.785858).  Saving model ...
Updating learning rate to 9.454584508801265e-05
	iters: 100, epoch: 50 | loss: 0.4443339
	speed: 0.1230s/iter; left time: 1643.3549s
	iters: 200, epoch: 50 | loss: 0.4112274
	speed: 0.0518s/iter; left time: 687.0550s
Epoch: 50 cost time: 13.680437564849854
Epoch: 50, Steps: 264 | Train Loss: 0.4056847 Vali Loss: 0.7771411 Test Loss: 0.4802617
Validation loss decreased (0.785858 --> 0.777141).  Saving model ...
Updating learning rate to 9.329633783062396e-05
	iters: 100, epoch: 51 | loss: 0.3940703
	speed: 0.1229s/iter; left time: 1609.8676s
	iters: 200, epoch: 51 | loss: 0.4133415
	speed: 0.0518s/iter; left time: 673.7022s
Epoch: 51 cost time: 13.692007780075073
Epoch: 51, Steps: 264 | Train Loss: 0.4014903 Vali Loss: 0.7683239 Test Loss: 0.4743589
Validation loss decreased (0.777141 --> 0.768324).  Saving model ...
Updating learning rate to 9.192815886891915e-05
	iters: 100, epoch: 52 | loss: 0.3899420
	speed: 0.1219s/iter; left time: 1564.2516s
	iters: 200, epoch: 52 | loss: 0.3773445
	speed: 0.0519s/iter; left time: 661.0620s
Epoch: 52 cost time: 13.693725109100342
Epoch: 52, Steps: 264 | Train Loss: 0.3974875 Vali Loss: 0.7597808 Test Loss: 0.4685976
Validation loss decreased (0.768324 --> 0.759781).  Saving model ...
Updating learning rate to 9.044505828633132e-05
	iters: 100, epoch: 53 | loss: 0.3936310
	speed: 0.1222s/iter; left time: 1536.2247s
	iters: 200, epoch: 53 | loss: 0.4264639
	speed: 0.0519s/iter; left time: 646.8831s
Epoch: 53 cost time: 13.693160057067871
Epoch: 53, Steps: 264 | Train Loss: 0.3936076 Vali Loss: 0.7518746 Test Loss: 0.4626695
Validation loss decreased (0.759781 --> 0.751875).  Saving model ...
Updating learning rate to 8.88511011584683e-05
	iters: 100, epoch: 54 | loss: 0.4256355
	speed: 0.1220s/iter; left time: 1501.6621s
	iters: 200, epoch: 54 | loss: 0.4110357
	speed: 0.0519s/iter; left time: 633.0392s
Epoch: 54 cost time: 13.696735620498657
Epoch: 54, Steps: 264 | Train Loss: 0.3897874 Vali Loss: 0.7438028 Test Loss: 0.4570982
Validation loss decreased (0.751875 --> 0.743803).  Saving model ...
Updating learning rate to 8.715065641102294e-05
	iters: 100, epoch: 55 | loss: 0.3525183
	speed: 0.1221s/iter; left time: 1470.7732s
	iters: 200, epoch: 55 | loss: 0.3358772
	speed: 0.0519s/iter; left time: 619.6153s
Epoch: 55 cost time: 13.694347858428955
Epoch: 55, Steps: 264 | Train Loss: 0.3862232 Vali Loss: 0.7360937 Test Loss: 0.4522045
Validation loss decreased (0.743803 --> 0.736094).  Saving model ...
Updating learning rate to 8.534838484485153e-05
	iters: 100, epoch: 56 | loss: 0.3795802
	speed: 0.1222s/iter; left time: 1439.3006s
	iters: 200, epoch: 56 | loss: 0.3664948
	speed: 0.0519s/iter; left time: 606.2718s
Epoch: 56 cost time: 13.69716739654541
Epoch: 56, Steps: 264 | Train Loss: 0.3828811 Vali Loss: 0.7291740 Test Loss: 0.4471253
Validation loss decreased (0.736094 --> 0.729174).  Saving model ...
Updating learning rate to 8.344922636104257e-05
	iters: 100, epoch: 57 | loss: 0.3907154
	speed: 0.1222s/iter; left time: 1407.7305s
	iters: 200, epoch: 57 | loss: 0.3789237
	speed: 0.0519s/iter; left time: 592.2776s
Epoch: 57 cost time: 13.688825368881226
Epoch: 57, Steps: 264 | Train Loss: 0.3794389 Vali Loss: 0.7225895 Test Loss: 0.4426106
Validation loss decreased (0.729174 --> 0.722589).  Saving model ...
Updating learning rate to 8.145838642099132e-05
	iters: 100, epoch: 58 | loss: 0.3880002
	speed: 0.1220s/iter; left time: 1373.3322s
	iters: 200, epoch: 58 | loss: 0.3639840
	speed: 0.0519s/iter; left time: 578.8817s
Epoch: 58 cost time: 13.700419425964355
Epoch: 58, Steps: 264 | Train Loss: 0.3762029 Vali Loss: 0.7166469 Test Loss: 0.4382399
Validation loss decreased (0.722589 --> 0.716647).  Saving model ...
Updating learning rate to 7.938132177859184e-05
	iters: 100, epoch: 59 | loss: 0.3671648
	speed: 0.1222s/iter; left time: 1343.1191s
	iters: 200, epoch: 59 | loss: 0.3919218
	speed: 0.0519s/iter; left time: 565.5407s
Epoch: 59 cost time: 13.712011337280273
Epoch: 59, Steps: 264 | Train Loss: 0.3733444 Vali Loss: 0.7093273 Test Loss: 0.4341728
Validation loss decreased (0.716647 --> 0.709327).  Saving model ...
Updating learning rate to 7.7223725523654e-05
	iters: 100, epoch: 60 | loss: 0.3869078
	speed: 0.1222s/iter; left time: 1310.8063s
	iters: 200, epoch: 60 | loss: 0.3785172
	speed: 0.0519s/iter; left time: 551.5742s
Epoch: 60 cost time: 13.713214635848999
Epoch: 60, Steps: 264 | Train Loss: 0.3703808 Vali Loss: 0.7041690 Test Loss: 0.4308477
Validation loss decreased (0.709327 --> 0.704169).  Saving model ...
Updating learning rate to 7.499151147753989e-05
	iters: 100, epoch: 61 | loss: 0.3712420
	speed: 0.1224s/iter; left time: 1280.3057s
	iters: 200, epoch: 61 | loss: 0.3827771
	speed: 0.0519s/iter; left time: 537.3621s
Epoch: 61 cost time: 13.698256492614746
Epoch: 61, Steps: 264 | Train Loss: 0.3677741 Vali Loss: 0.6987038 Test Loss: 0.4263656
Validation loss decreased (0.704169 --> 0.698704).  Saving model ...
Updating learning rate to 7.269079798379057e-05
	iters: 100, epoch: 62 | loss: 0.4113958
	speed: 0.1221s/iter; left time: 1244.5996s
	iters: 200, epoch: 62 | loss: 0.3377903
	speed: 0.0519s/iter; left time: 523.8593s
Epoch: 62 cost time: 13.694924116134644
Epoch: 62, Steps: 264 | Train Loss: 0.3651449 Vali Loss: 0.6938531 Test Loss: 0.4234068
Validation loss decreased (0.698704 --> 0.693853).  Saving model ...
Updating learning rate to 7.032789113817185e-05
	iters: 100, epoch: 63 | loss: 0.3583519
	speed: 0.1220s/iter; left time: 1211.6950s
	iters: 200, epoch: 63 | loss: 0.3910784
	speed: 0.0519s/iter; left time: 510.3212s
Epoch: 63 cost time: 13.693545579910278
Epoch: 63, Steps: 264 | Train Loss: 0.3627040 Vali Loss: 0.6903354 Test Loss: 0.4204198
Validation loss decreased (0.693853 --> 0.690335).  Saving model ...
Updating learning rate to 6.790926750410386e-05
	iters: 100, epoch: 64 | loss: 0.3662134
	speed: 0.1221s/iter; left time: 1180.4351s
	iters: 200, epoch: 64 | loss: 0.3649721
	speed: 0.0519s/iter; left time: 496.6713s
Epoch: 64 cost time: 13.696592330932617
Epoch: 64, Steps: 264 | Train Loss: 0.3604175 Vali Loss: 0.6852863 Test Loss: 0.4171116
Validation loss decreased (0.690335 --> 0.685286).  Saving model ...
Updating learning rate to 6.544155636085115e-05
	iters: 100, epoch: 65 | loss: 0.3579379
	speed: 0.1221s/iter; left time: 1148.6484s
	iters: 200, epoch: 65 | loss: 0.3286766
	speed: 0.0519s/iter; left time: 483.2014s
Epoch: 65 cost time: 13.696791887283325
Epoch: 65, Steps: 264 | Train Loss: 0.3584290 Vali Loss: 0.6818737 Test Loss: 0.4142958
Validation loss decreased (0.685286 --> 0.681874).  Saving model ...
Updating learning rate to 6.293152153312886e-05
	iters: 100, epoch: 66 | loss: 0.3636047
	speed: 0.1219s/iter; left time: 1114.1225s
	iters: 200, epoch: 66 | loss: 0.3400144
	speed: 0.0520s/iter; left time: 469.8590s
Epoch: 66 cost time: 13.705483198165894
Epoch: 66, Steps: 264 | Train Loss: 0.3564165 Vali Loss: 0.6780948 Test Loss: 0.4120091
Validation loss decreased (0.681874 --> 0.678095).  Saving model ...
Updating learning rate to 6.03860428519294e-05
	iters: 100, epoch: 67 | loss: 0.3585038
	speed: 0.1223s/iter; left time: 1085.7221s
	iters: 200, epoch: 67 | loss: 0.3510105
	speed: 0.0519s/iter; left time: 455.9301s
Epoch: 67 cost time: 13.716817378997803
Epoch: 67, Steps: 264 | Train Loss: 0.3544960 Vali Loss: 0.6748061 Test Loss: 0.4094225
Validation loss decreased (0.678095 --> 0.674806).  Saving model ...
Updating learning rate to 5.781209729738391e-05
	iters: 100, epoch: 68 | loss: 0.3415437
	speed: 0.1219s/iter; left time: 1050.1763s
	iters: 200, epoch: 68 | loss: 0.3459144
	speed: 0.0519s/iter; left time: 441.4181s
Epoch: 68 cost time: 13.663731813430786
Epoch: 68, Steps: 264 | Train Loss: 0.3529200 Vali Loss: 0.6719671 Test Loss: 0.4073952
Validation loss decreased (0.674806 --> 0.671967).  Saving model ...
Updating learning rate to 5.52167398753446e-05
	iters: 100, epoch: 69 | loss: 0.3467584
	speed: 0.1225s/iter; left time: 1023.0322s
	iters: 200, epoch: 69 | loss: 0.3781898
	speed: 0.0520s/iter; left time: 428.6448s
Epoch: 69 cost time: 13.711455345153809
Epoch: 69, Steps: 264 | Train Loss: 0.3512371 Vali Loss: 0.6692234 Test Loss: 0.4052362
Validation loss decreased (0.671967 --> 0.669223).  Saving model ...
Updating learning rate to 5.260708428010421e-05
	iters: 100, epoch: 70 | loss: 0.3404237
	speed: 0.1226s/iter; left time: 991.0368s
	iters: 200, epoch: 70 | loss: 0.3385234
	speed: 0.0520s/iter; left time: 414.9428s
Epoch: 70 cost time: 13.719115018844604
Epoch: 70, Steps: 264 | Train Loss: 0.3496435 Vali Loss: 0.6662768 Test Loss: 0.4038129
Validation loss decreased (0.669223 --> 0.666277).  Saving model ...
Updating learning rate to 4.9990283396254354e-05
	iters: 100, epoch: 71 | loss: 0.3632450
	speed: 0.1223s/iter; left time: 956.8753s
	iters: 200, epoch: 71 | loss: 0.3572025
	speed: 0.0520s/iter; left time: 401.4850s
Epoch: 71 cost time: 13.71409273147583
Epoch: 71, Steps: 264 | Train Loss: 0.3482241 Vali Loss: 0.6637633 Test Loss: 0.4024980
Validation loss decreased (0.666277 --> 0.663763).  Saving model ...
Updating learning rate to 4.737350969312607e-05
	iters: 100, epoch: 72 | loss: 0.3282501
	speed: 0.1223s/iter; left time: 924.3204s
	iters: 200, epoch: 72 | loss: 0.3367534
	speed: 0.0520s/iter; left time: 387.4258s
Epoch: 72 cost time: 13.709802150726318
Epoch: 72, Steps: 264 | Train Loss: 0.3470799 Vali Loss: 0.6619310 Test Loss: 0.4006102
Validation loss decreased (0.663763 --> 0.661931).  Saving model ...
Updating learning rate to 4.476393556554994e-05
	iters: 100, epoch: 73 | loss: 0.3145967
	speed: 0.1231s/iter; left time: 898.0678s
	iters: 200, epoch: 73 | loss: 0.3374695
	speed: 0.0519s/iter; left time: 373.5797s
Epoch: 73 cost time: 13.7166109085083
Epoch: 73, Steps: 264 | Train Loss: 0.3458871 Vali Loss: 0.6600720 Test Loss: 0.3999864
Validation loss decreased (0.661931 --> 0.660072).  Saving model ...
Updating learning rate to 4.216871367482033e-05
	iters: 100, epoch: 74 | loss: 0.3325006
	speed: 0.1221s/iter; left time: 858.1006s
	iters: 200, epoch: 74 | loss: 0.3739076
	speed: 0.0520s/iter; left time: 360.4437s
Epoch: 74 cost time: 13.724824905395508
Epoch: 74, Steps: 264 | Train Loss: 0.3447540 Vali Loss: 0.6579009 Test Loss: 0.3985102
Validation loss decreased (0.660072 --> 0.657901).  Saving model ...
Updating learning rate to 3.9594957343748134e-05
	iters: 100, epoch: 75 | loss: 0.3214360
	speed: 0.1228s/iter; left time: 830.5297s
	iters: 200, epoch: 75 | loss: 0.3360866
	speed: 0.0521s/iter; left time: 346.9598s
Epoch: 75 cost time: 13.737535238265991
Epoch: 75, Steps: 264 | Train Loss: 0.3437752 Vali Loss: 0.6568365 Test Loss: 0.3971634
Validation loss decreased (0.657901 --> 0.656837).  Saving model ...
Updating learning rate to 3.704972105953714e-05
	iters: 100, epoch: 76 | loss: 0.3320592
	speed: 0.1229s/iter; left time: 798.6860s
	iters: 200, epoch: 76 | loss: 0.3567439
	speed: 0.0520s/iter; left time: 332.8204s
Epoch: 76 cost time: 13.721500635147095
Epoch: 76, Steps: 264 | Train Loss: 0.3427832 Vali Loss: 0.6548783 Test Loss: 0.3961059
Validation loss decreased (0.656837 --> 0.654878).  Saving model ...
Updating learning rate to 3.453998113792522e-05
	iters: 100, epoch: 77 | loss: 0.3093664
	speed: 0.1227s/iter; left time: 765.3484s
	iters: 200, epoch: 77 | loss: 0.3431276
	speed: 0.0520s/iter; left time: 319.2236s
Epoch: 77 cost time: 13.727017641067505
Epoch: 77, Steps: 264 | Train Loss: 0.3419933 Vali Loss: 0.6536153 Test Loss: 0.3955392
Validation loss decreased (0.654878 --> 0.653615).  Saving model ...
Updating learning rate to 3.2072616601587606e-05
	iters: 100, epoch: 78 | loss: 0.3354193
	speed: 0.1230s/iter; left time: 734.6225s
	iters: 200, epoch: 78 | loss: 0.3718843
	speed: 0.0520s/iter; left time: 305.3994s
Epoch: 78 cost time: 13.718878507614136
Epoch: 78, Steps: 264 | Train Loss: 0.3413048 Vali Loss: 0.6525730 Test Loss: 0.3945833
Validation loss decreased (0.653615 --> 0.652573).  Saving model ...
Updating learning rate to 2.9654390325214005e-05
	iters: 100, epoch: 79 | loss: 0.3347727
	speed: 0.1227s/iter; left time: 700.5879s
	iters: 200, epoch: 79 | loss: 0.3474702
	speed: 0.0520s/iter; left time: 291.9116s
Epoch: 79 cost time: 13.733648777008057
Epoch: 79, Steps: 264 | Train Loss: 0.3405284 Vali Loss: 0.6505383 Test Loss: 0.3938954
Validation loss decreased (0.652573 --> 0.650538).  Saving model ...
Updating learning rate to 2.729193049893908e-05
	iters: 100, epoch: 80 | loss: 0.3196080
	speed: 0.1227s/iter; left time: 667.8395s
	iters: 200, epoch: 80 | loss: 0.3452323
	speed: 0.0520s/iter; left time: 277.8437s
Epoch: 80 cost time: 13.722014665603638
Epoch: 80, Steps: 264 | Train Loss: 0.3398856 Vali Loss: 0.6510783 Test Loss: 0.3930990
EarlyStopping counter: 1 out of 20
Updating learning rate to 2.4991712460934126e-05
	iters: 100, epoch: 81 | loss: 0.3327200
	speed: 0.1225s/iter; left time: 634.5491s
	iters: 200, epoch: 81 | loss: 0.3242655
	speed: 0.0520s/iter; left time: 264.3109s
Epoch: 81 cost time: 13.728346109390259
Epoch: 81, Steps: 264 | Train Loss: 0.3392979 Vali Loss: 0.6494133 Test Loss: 0.3924911
Validation loss decreased (0.650538 --> 0.649413).  Saving model ...
Updating learning rate to 2.2760040948955092e-05
	iters: 100, epoch: 82 | loss: 0.3252483
	speed: 0.1234s/iter; left time: 606.8487s
	iters: 200, epoch: 82 | loss: 0.3425245
	speed: 0.0518s/iter; left time: 249.6093s
Epoch: 82 cost time: 13.702109336853027
Epoch: 82, Steps: 264 | Train Loss: 0.3388270 Vali Loss: 0.6493744 Test Loss: 0.3920406
Validation loss decreased (0.649413 --> 0.649374).  Saving model ...
Updating learning rate to 2.060303281949472e-05
	iters: 100, epoch: 83 | loss: 0.3325472
	speed: 0.1217s/iter; left time: 566.1263s
	iters: 200, epoch: 83 | loss: 0.2939145
	speed: 0.0518s/iter; left time: 235.9438s
Epoch: 83 cost time: 13.68163275718689
Epoch: 83, Steps: 264 | Train Loss: 0.3383488 Vali Loss: 0.6480806 Test Loss: 0.3916565
Validation loss decreased (0.649374 --> 0.648081).  Saving model ...
Updating learning rate to 1.8526600281904088e-05
	iters: 100, epoch: 84 | loss: 0.3557807
	speed: 0.1221s/iter; left time: 535.9245s
	iters: 200, epoch: 84 | loss: 0.3247404
	speed: 0.0518s/iter; left time: 222.1018s
Epoch: 84 cost time: 13.66849422454834
Epoch: 84, Steps: 264 | Train Loss: 0.3379632 Vali Loss: 0.6475367 Test Loss: 0.3913151
Validation loss decreased (0.648081 --> 0.647537).  Saving model ...
Updating learning rate to 1.653643469343765e-05
	iters: 100, epoch: 85 | loss: 0.3357742
	speed: 0.1213s/iter; left time: 500.1655s
	iters: 200, epoch: 85 | loss: 0.3438320
	speed: 0.0518s/iter; left time: 208.5764s
Epoch: 85 cost time: 13.663150787353516
Epoch: 85, Steps: 264 | Train Loss: 0.3376377 Vali Loss: 0.6479569 Test Loss: 0.3908488
EarlyStopping counter: 1 out of 20
Updating learning rate to 1.4637990959638704e-05
	iters: 100, epoch: 86 | loss: 0.3084583
	speed: 0.1205s/iter; left time: 465.2116s
	iters: 200, epoch: 86 | loss: 0.3247390
	speed: 0.0513s/iter; left time: 193.0213s
Epoch: 86 cost time: 13.566052198410034
Epoch: 86, Steps: 264 | Train Loss: 0.3373754 Vali Loss: 0.6472340 Test Loss: 0.3908073
Validation loss decreased (0.647537 --> 0.647234).  Saving model ...
Updating learning rate to 1.2836472582822378e-05
	iters: 100, epoch: 87 | loss: 0.3155978
	speed: 0.1208s/iter; left time: 434.4503s
	iters: 200, epoch: 87 | loss: 0.3141998
	speed: 0.0513s/iter; left time: 179.3156s
Epoch: 87 cost time: 13.548726320266724
Epoch: 87, Steps: 264 | Train Loss: 0.3369696 Vali Loss: 0.6469779 Test Loss: 0.3906453
Validation loss decreased (0.647234 --> 0.646978).  Saving model ...
Updating learning rate to 1.1136817399637517e-05
	iters: 100, epoch: 88 | loss: 0.3377989
	speed: 0.1206s/iter; left time: 401.8461s
	iters: 200, epoch: 88 | loss: 0.3483700
	speed: 0.0513s/iter; left time: 165.7780s
Epoch: 88 cost time: 13.55524730682373
Epoch: 88, Steps: 264 | Train Loss: 0.3368678 Vali Loss: 0.6467458 Test Loss: 0.3903582
Validation loss decreased (0.646978 --> 0.646746).  Saving model ...
Updating learning rate to 9.543684046799632e-06
	iters: 100, epoch: 89 | loss: 0.3298227
	speed: 0.1217s/iter; left time: 373.4145s
	iters: 200, epoch: 89 | loss: 0.3332560
	speed: 0.0517s/iter; left time: 153.4557s
Epoch: 89 cost time: 13.645966053009033
Epoch: 89, Steps: 264 | Train Loss: 0.3365574 Vali Loss: 0.6451249 Test Loss: 0.3902402
Validation loss decreased (0.646746 --> 0.645125).  Saving model ...
Updating learning rate to 8.061439192091535e-06
	iters: 100, epoch: 90 | loss: 0.3218973
	speed: 0.1214s/iter; left time: 340.4719s
	iters: 200, epoch: 90 | loss: 0.3282863
	speed: 0.0517s/iter; left time: 139.9050s
Epoch: 90 cost time: 13.655406951904297
Epoch: 90, Steps: 264 | Train Loss: 0.3362139 Vali Loss: 0.6457636 Test Loss: 0.3899786
EarlyStopping counter: 1 out of 20
Updating learning rate to 6.694145565630398e-06
	iters: 100, epoch: 91 | loss: 0.3030970
	speed: 0.1208s/iter; left time: 307.0628s
	iters: 200, epoch: 91 | loss: 0.3220847
	speed: 0.0517s/iter; left time: 126.2775s
Epoch: 91 cost time: 13.650391340255737
Epoch: 91, Steps: 264 | Train Loss: 0.3361042 Vali Loss: 0.6454073 Test Loss: 0.3894412
EarlyStopping counter: 2 out of 20
Updating learning rate to 5.445550824206933e-06
	iters: 100, epoch: 92 | loss: 0.3214869
	speed: 0.1207s/iter; left time: 274.8813s
	iters: 200, epoch: 92 | loss: 0.3191845
	speed: 0.0517s/iter; left time: 112.6484s
Epoch: 92 cost time: 13.651285886764526
Epoch: 92, Steps: 264 | Train Loss: 0.3360664 Vali Loss: 0.6461911 Test Loss: 0.3896757
EarlyStopping counter: 3 out of 20
Updating learning rate to 4.319077279218611e-06
	iters: 100, epoch: 93 | loss: 0.3349640
	speed: 0.1209s/iter; left time: 243.4278s
	iters: 200, epoch: 93 | loss: 0.3564002
	speed: 0.0517s/iter; left time: 98.8786s
Epoch: 93 cost time: 13.65048360824585
Epoch: 93, Steps: 264 | Train Loss: 0.3359324 Vali Loss: 0.6454860 Test Loss: 0.3893294
EarlyStopping counter: 4 out of 20
Updating learning rate to 3.317812516352051e-06
	iters: 100, epoch: 94 | loss: 0.3294953
	speed: 0.1208s/iter; left time: 211.1934s
	iters: 200, epoch: 94 | loss: 0.3407796
	speed: 0.0517s/iter; left time: 85.2062s
Epoch: 94 cost time: 13.646100759506226
Epoch: 94, Steps: 264 | Train Loss: 0.3360399 Vali Loss: 0.6450346 Test Loss: 0.3894364
Validation loss decreased (0.645125 --> 0.645035).  Saving model ...
Updating learning rate to 2.444500932725193e-06
	iters: 100, epoch: 95 | loss: 0.3487672
	speed: 0.1214s/iter; left time: 180.3026s
	iters: 200, epoch: 95 | loss: 0.3410296
	speed: 0.0517s/iter; left time: 71.5698s
Epoch: 95 cost time: 13.647568941116333
Epoch: 95, Steps: 264 | Train Loss: 0.3358353 Vali Loss: 0.6456973 Test Loss: 0.3893504
EarlyStopping counter: 1 out of 20
Updating learning rate to 1.701536214685629e-06
	iters: 100, epoch: 96 | loss: 0.3690060
	speed: 0.1210s/iter; left time: 147.7496s
	iters: 200, epoch: 96 | loss: 0.3415617
	speed: 0.0513s/iter; left time: 57.5349s
Epoch: 96 cost time: 13.586201429367065
Epoch: 96, Steps: 264 | Train Loss: 0.3356733 Vali Loss: 0.6460866 Test Loss: 0.3895772
EarlyStopping counter: 2 out of 20
Updating learning rate to 1.0909547768826563e-06
	iters: 100, epoch: 97 | loss: 0.3355538
	speed: 0.1200s/iter; left time: 114.8058s
	iters: 200, epoch: 97 | loss: 0.3493983
	speed: 0.0513s/iter; left time: 43.9997s
Epoch: 97 cost time: 13.544978857040405
Epoch: 97, Steps: 264 | Train Loss: 0.3357377 Vali Loss: 0.6453805 Test Loss: 0.3891815
EarlyStopping counter: 3 out of 20
Updating learning rate to 6.144301805962944e-07
	iters: 100, epoch: 98 | loss: 0.3286048
	speed: 0.1199s/iter; left time: 83.1247s
	iters: 200, epoch: 98 | loss: 0.3214462
	speed: 0.0513s/iter; left time: 30.4274s
Epoch: 98 cost time: 13.54447603225708
Epoch: 98, Steps: 264 | Train Loss: 0.3358012 Vali Loss: 0.6450486 Test Loss: 0.3892672
EarlyStopping counter: 4 out of 20
Updating learning rate to 2.7326854662214547e-07
	iters: 100, epoch: 99 | loss: 0.3239884
	speed: 0.1200s/iter; left time: 51.4837s
	iters: 200, epoch: 99 | loss: 0.3084324
	speed: 0.0513s/iter; left time: 16.8689s
Epoch: 99 cost time: 13.541937351226807
Epoch: 99, Steps: 264 | Train Loss: 0.3357888 Vali Loss: 0.6450042 Test Loss: 0.3894125
Validation loss decreased (0.645035 --> 0.645004).  Saving model ...
Updating learning rate to 6.84049752850796e-08
	iters: 100, epoch: 100 | loss: 0.3324428
	speed: 0.1211s/iter; left time: 19.9833s
	iters: 200, epoch: 100 | loss: 0.3245412
	speed: 0.0517s/iter; left time: 3.3573s
Epoch: 100 cost time: 13.633915901184082
Epoch: 100, Steps: 264 | Train Loss: 0.3358121 Vali Loss: 0.6452020 Test Loss: 0.3894633
EarlyStopping counter: 1 out of 20
Updating learning rate to 4.00983394240411e-10
>>>>>>>testing : CMS3_ettm1_336_336_PatchTST_ETTm1_ftM_sl336_ll48_pl336_dm128_nh16_el3_dl1_df256_fc1_ebtimeF_dtTrue_Exp_0<<<<<<<<<<<<<<<<<<<<<<<<<<<<<<<<<
test 11185
mse:0.4009699523448944, mae:0.42133089900016785, rse:0.6024935841560364
Args in experiment:
Namespace(random_seed=2021, is_training=1, model_id='CMS3_ettm1_336_720', model='PatchTST', data='ETTm1', root_path='./dataset/', data_path='ETTm1.csv', features='M', target='OT', freq='h', checkpoints='./checkpoints/', seq_len=336, label_len=48, pred_len=720, head_type='cms3', fc_dropout=0.2, head_dropout=0.0, patch_len=16, stride=8, padding_patch='end', revin=1, affine=0, subtract_last=0, decomposition=0, kernel_size=25, individual=0, embed_type=0, enc_in=7, dec_in=7, c_out=7, d_model=128, n_heads=16, e_layers=3, d_layers=1, d_ff=256, moving_avg=25, factor=1, distil=True, dropout=0.2, embed='timeF', activation='gelu', output_attention=False, do_predict=False, num_workers=0, itr=1, train_epochs=100, batch_size=128, patience=20, learning_rate=0.0001, des='Exp', loss='mse', lradj='TST', pct_start=0.4, use_amp=False, use_gpu=True, gpu=0, use_multi_gpu=False, devices='0,1,2,3', test_flop=False)
Use GPU: cuda:0
>>>>>>>start training : CMS3_ettm1_336_720_PatchTST_ETTm1_ftM_sl336_ll48_pl720_dm128_nh16_el3_dl1_df256_fc1_ebtimeF_dtTrue_Exp_0>>>>>>>>>>>>>>>>>>>>>>>>>>
train 33505
val 10801
test 10801
	iters: 100, epoch: 1 | loss: 0.5915915
	speed: 0.0669s/iter; left time: 1738.8607s
	iters: 200, epoch: 1 | loss: 0.5864312
	speed: 0.0517s/iter; left time: 1338.7807s
Epoch: 1 cost time: 13.835915327072144
Epoch: 1, Steps: 261 | Train Loss: 0.5944587 Vali Loss: 1.3752909 Test Loss: 0.7262248
Validation loss decreased (inf --> 1.375291).  Saving model ...
Updating learning rate to 4.147996316662011e-06
	iters: 100, epoch: 2 | loss: 0.6418855
	speed: 0.1245s/iter; left time: 3204.2240s
	iters: 200, epoch: 2 | loss: 0.5760121
	speed: 0.0523s/iter; left time: 1340.9435s
Epoch: 2 cost time: 13.656684160232544
Epoch: 2, Steps: 261 | Train Loss: 0.5943141 Vali Loss: 1.3757632 Test Loss: 0.7258895
EarlyStopping counter: 1 out of 20
Updating learning rate to 4.591072645408634e-06
	iters: 100, epoch: 3 | loss: 0.6512694
	speed: 0.1238s/iter; left time: 3155.0611s
	iters: 200, epoch: 3 | loss: 0.5833977
	speed: 0.0524s/iter; left time: 1330.9316s
Epoch: 3 cost time: 13.6749849319458
Epoch: 3, Steps: 261 | Train Loss: 0.5941196 Vali Loss: 1.3747953 Test Loss: 0.7255251
Validation loss decreased (1.375291 --> 1.374795).  Saving model ...
Updating learning rate to 5.326496750212602e-06
	iters: 100, epoch: 4 | loss: 0.6388628
	speed: 0.1253s/iter; left time: 3159.3399s
	iters: 200, epoch: 4 | loss: 0.5870973
	speed: 0.0525s/iter; left time: 1319.5601s
Epoch: 4 cost time: 13.712882041931152
Epoch: 4, Steps: 261 | Train Loss: 0.5937868 Vali Loss: 1.3746475 Test Loss: 0.7251022
Validation loss decreased (1.374795 --> 1.374647).  Saving model ...
Updating learning rate to 6.349733628628268e-06
	iters: 100, epoch: 5 | loss: 0.6375083
	speed: 0.1247s/iter; left time: 3112.4188s
	iters: 200, epoch: 5 | loss: 0.5982553
	speed: 0.0525s/iter; left time: 1305.8227s
Epoch: 5 cost time: 13.713814973831177
Epoch: 5, Steps: 261 | Train Loss: 0.5935530 Vali Loss: 1.3734962 Test Loss: 0.7246134
Validation loss decreased (1.374647 --> 1.373496).  Saving model ...
Updating learning rate to 7.654473476944045e-06
	iters: 100, epoch: 6 | loss: 0.5521383
	speed: 0.1250s/iter; left time: 3087.8474s
	iters: 200, epoch: 6 | loss: 0.6130559
	speed: 0.0525s/iter; left time: 1291.9189s
Epoch: 6 cost time: 13.708203315734863
Epoch: 6, Steps: 261 | Train Loss: 0.5932911 Vali Loss: 1.3742195 Test Loss: 0.7240323
EarlyStopping counter: 1 out of 20
Updating learning rate to 9.232670599670218e-06
	iters: 100, epoch: 7 | loss: 0.5919757
	speed: 0.1240s/iter; left time: 3030.6116s
	iters: 200, epoch: 7 | loss: 0.5683784
	speed: 0.0526s/iter; left time: 1279.7344s
Epoch: 7 cost time: 13.71300721168518
Epoch: 7, Steps: 261 | Train Loss: 0.5928830 Vali Loss: 1.3724643 Test Loss: 0.7233602
Validation loss decreased (1.373496 --> 1.372464).  Saving model ...
Updating learning rate to 1.1074593023426382e-05
	iters: 100, epoch: 8 | loss: 0.5683814
	speed: 0.1245s/iter; left time: 3009.9721s
	iters: 200, epoch: 8 | loss: 0.5731596
	speed: 0.0526s/iter; left time: 1266.2481s
Epoch: 8 cost time: 13.71692442893982
Epoch: 8, Steps: 261 | Train Loss: 0.5924561 Vali Loss: 1.3719044 Test Loss: 0.7225757
Validation loss decreased (1.372464 --> 1.371904).  Saving model ...
Updating learning rate to 1.3168882509283648e-05
	iters: 100, epoch: 9 | loss: 0.5851247
	speed: 0.1246s/iter; left time: 2980.0251s
	iters: 200, epoch: 9 | loss: 0.6512236
	speed: 0.0526s/iter; left time: 1252.1206s
Epoch: 9 cost time: 13.739526510238647
Epoch: 9, Steps: 261 | Train Loss: 0.5919847 Vali Loss: 1.3706897 Test Loss: 0.7216827
Validation loss decreased (1.371904 --> 1.370690).  Saving model ...
Updating learning rate to 1.5502624593494887e-05
	iters: 100, epoch: 10 | loss: 0.6332402
	speed: 0.1277s/iter; left time: 3021.1072s
	iters: 200, epoch: 10 | loss: 0.6043823
	speed: 0.0525s/iter; left time: 1236.6665s
Epoch: 10 cost time: 13.698997735977173
Epoch: 10, Steps: 261 | Train Loss: 0.5913845 Vali Loss: 1.3681055 Test Loss: 0.7206553
Validation loss decreased (1.370690 --> 1.368106).  Saving model ...
Updating learning rate to 1.806142822470586e-05
	iters: 100, epoch: 11 | loss: 0.5757843
	speed: 0.1248s/iter; left time: 2918.5670s
	iters: 200, epoch: 11 | loss: 0.5918845
	speed: 0.0525s/iter; left time: 1223.4509s
Epoch: 11 cost time: 13.709110260009766
Epoch: 11, Steps: 261 | Train Loss: 0.5906710 Vali Loss: 1.3672925 Test Loss: 0.7194808
Validation loss decreased (1.368106 --> 1.367293).  Saving model ...
Updating learning rate to 2.0829514506563195e-05
	iters: 100, epoch: 12 | loss: 0.5864156
	speed: 0.1244s/iter; left time: 2877.2243s
	iters: 200, epoch: 12 | loss: 0.5699989
	speed: 0.0525s/iter; left time: 1210.1722s
Epoch: 12 cost time: 13.716666221618652
Epoch: 12, Steps: 261 | Train Loss: 0.5899362 Vali Loss: 1.3650084 Test Loss: 0.7181357
Validation loss decreased (1.367293 --> 1.365008).  Saving model ...
Updating learning rate to 2.3789813998487008e-05
	iters: 100, epoch: 13 | loss: 0.5944274
	speed: 0.1243s/iter; left time: 2843.4471s
	iters: 200, epoch: 13 | loss: 0.5932359
	speed: 0.0526s/iter; left time: 1197.3545s
Epoch: 13 cost time: 13.709505081176758
Epoch: 13, Steps: 261 | Train Loss: 0.5891462 Vali Loss: 1.3637179 Test Loss: 0.7165924
Validation loss decreased (1.365008 --> 1.363718).  Saving model ...
Updating learning rate to 2.6924071974601397e-05
	iters: 100, epoch: 14 | loss: 0.5914437
	speed: 0.1246s/iter; left time: 2816.5316s
	iters: 200, epoch: 14 | loss: 0.5747378
	speed: 0.0526s/iter; left time: 1183.3604s
Epoch: 14 cost time: 13.713229417800903
Epoch: 14, Steps: 261 | Train Loss: 0.5882065 Vali Loss: 1.3612781 Test Loss: 0.7148336
Validation loss decreased (1.363718 --> 1.361278).  Saving model ...
Updating learning rate to 3.0212960991742456e-05
	iters: 100, epoch: 15 | loss: 0.5871105
	speed: 0.1244s/iter; left time: 2780.7349s
	iters: 200, epoch: 15 | loss: 0.5635337
	speed: 0.0525s/iter; left time: 1168.2499s
Epoch: 15 cost time: 13.705627202987671
Epoch: 15, Steps: 261 | Train Loss: 0.5870689 Vali Loss: 1.3588156 Test Loss: 0.7128251
Validation loss decreased (1.361278 --> 1.358816).  Saving model ...
Updating learning rate to 3.363620007239161e-05
	iters: 100, epoch: 16 | loss: 0.5678899
	speed: 0.1244s/iter; left time: 2747.8570s
	iters: 200, epoch: 16 | loss: 0.5716074
	speed: 0.0525s/iter; left time: 1154.9428s
Epoch: 16 cost time: 13.711464405059814
Epoch: 16, Steps: 261 | Train Loss: 0.5859109 Vali Loss: 1.3552889 Test Loss: 0.7106087
Validation loss decreased (1.358816 --> 1.355289).  Saving model ...
Updating learning rate to 3.717267976759092e-05
	iters: 100, epoch: 17 | loss: 0.6034775
	speed: 0.1243s/iter; left time: 2712.9780s
	iters: 200, epoch: 17 | loss: 0.6005577
	speed: 0.0526s/iter; left time: 1141.7219s
Epoch: 17 cost time: 13.704519510269165
Epoch: 17, Steps: 261 | Train Loss: 0.5846425 Vali Loss: 1.3529303 Test Loss: 0.7081888
Validation loss decreased (1.355289 --> 1.352930).  Saving model ...
Updating learning rate to 4.0800592328638756e-05
	iters: 100, epoch: 18 | loss: 0.6062548
	speed: 0.1245s/iter; left time: 2683.9049s
	iters: 200, epoch: 18 | loss: 0.5753702
	speed: 0.0525s/iter; left time: 1127.6968s
Epoch: 18 cost time: 13.707693576812744
Epoch: 18, Steps: 261 | Train Loss: 0.5831465 Vali Loss: 1.3492194 Test Loss: 0.7056855
Validation loss decreased (1.352930 --> 1.349219).  Saving model ...
Updating learning rate to 4.449756618485984e-05
	iters: 100, epoch: 19 | loss: 0.5966118
	speed: 0.1246s/iter; left time: 2654.2233s
	iters: 200, epoch: 19 | loss: 0.6011695
	speed: 0.0525s/iter; left time: 1112.7620s
Epoch: 19 cost time: 13.698202133178711
Epoch: 19, Steps: 261 | Train Loss: 0.5815848 Vali Loss: 1.3455403 Test Loss: 0.7031824
Validation loss decreased (1.349219 --> 1.345540).  Saving model ...
Updating learning rate to 4.824080389819096e-05
	iters: 100, epoch: 20 | loss: 0.5479940
	speed: 0.1247s/iter; left time: 2624.5236s
	iters: 200, epoch: 20 | loss: 0.5639939
	speed: 0.0527s/iter; left time: 1102.7220s
Epoch: 20 cost time: 13.73196816444397
Epoch: 20, Steps: 261 | Train Loss: 0.5801648 Vali Loss: 1.3422192 Test Loss: 0.7007393
Validation loss decreased (1.345540 --> 1.342219).  Saving model ...
Updating learning rate to 5.2007222743883666e-05
	iters: 100, epoch: 21 | loss: 0.5921806
	speed: 0.1245s/iter; left time: 2586.4383s
	iters: 200, epoch: 21 | loss: 0.5982963
	speed: 0.0526s/iter; left time: 1087.6604s
Epoch: 21 cost time: 13.719457864761353
Epoch: 21, Steps: 261 | Train Loss: 0.5784752 Vali Loss: 1.3391231 Test Loss: 0.6983615
Validation loss decreased (1.342219 --> 1.339123).  Saving model ...
Updating learning rate to 5.577359705043091e-05
	iters: 100, epoch: 22 | loss: 0.5843287
	speed: 0.1242s/iter; left time: 2549.1472s
	iters: 200, epoch: 22 | loss: 0.6412121
	speed: 0.0526s/iter; left time: 1074.2746s
Epoch: 22 cost time: 13.71589708328247
Epoch: 22, Steps: 261 | Train Loss: 0.5770282 Vali Loss: 1.3358136 Test Loss: 0.6960343
Validation loss decreased (1.339123 --> 1.335814).  Saving model ...
Updating learning rate to 5.951670142097692e-05
	iters: 100, epoch: 23 | loss: 0.6053795
	speed: 0.1249s/iter; left time: 2529.3797s
	iters: 200, epoch: 23 | loss: 0.5756714
	speed: 0.0526s/iter; left time: 1059.5152s
Epoch: 23 cost time: 13.724467039108276
Epoch: 23, Steps: 261 | Train Loss: 0.5756197 Vali Loss: 1.3319712 Test Loss: 0.6937565
Validation loss decreased (1.335814 --> 1.331971).  Saving model ...
Updating learning rate to 6.321345395303321e-05
	iters: 100, epoch: 24 | loss: 0.5833794
	speed: 0.1246s/iter; left time: 2490.9443s
	iters: 200, epoch: 24 | loss: 0.6045457
	speed: 0.0525s/iter; left time: 1045.4480s
Epoch: 24 cost time: 13.71824836730957
Epoch: 24, Steps: 261 | Train Loss: 0.5741581 Vali Loss: 1.3281630 Test Loss: 0.6914951
Validation loss decreased (1.331971 --> 1.328163).  Saving model ...
Updating learning rate to 6.6841058573335e-05
	iters: 100, epoch: 25 | loss: 0.5953373
	speed: 0.1246s/iter; left time: 2460.1393s
	iters: 200, epoch: 25 | loss: 0.5747160
	speed: 0.0525s/iter; left time: 1030.8869s
Epoch: 25 cost time: 13.709129810333252
Epoch: 25, Steps: 261 | Train Loss: 0.5725478 Vali Loss: 1.3244413 Test Loss: 0.6892858
Validation loss decreased (1.328163 --> 1.324441).  Saving model ...
Updating learning rate to 7.037714561012768e-05
	iters: 100, epoch: 26 | loss: 0.5855328
	speed: 0.1247s/iter; left time: 2428.0287s
	iters: 200, epoch: 26 | loss: 0.5466957
	speed: 0.0525s/iter; left time: 1017.9555s
Epoch: 26 cost time: 13.714353322982788
Epoch: 26, Steps: 261 | Train Loss: 0.5710647 Vali Loss: 1.3220054 Test Loss: 0.6869894
Validation loss decreased (1.324441 --> 1.322005).  Saving model ...
Updating learning rate to 7.379990973604285e-05
	iters: 100, epoch: 27 | loss: 0.5530283
	speed: 0.1240s/iter; left time: 2382.0244s
	iters: 200, epoch: 27 | loss: 0.5609373
	speed: 0.0526s/iter; left time: 1004.5232s
Epoch: 27 cost time: 13.698407888412476
Epoch: 27, Steps: 261 | Train Loss: 0.5696190 Vali Loss: 1.3177134 Test Loss: 0.6846511
Validation loss decreased (1.322005 --> 1.317713).  Saving model ...
Updating learning rate to 7.708824443093723e-05
	iters: 100, epoch: 28 | loss: 0.5710980
	speed: 0.1245s/iter; left time: 2359.8945s
	iters: 200, epoch: 28 | loss: 0.5746971
	speed: 0.0525s/iter; left time: 989.7169s
Epoch: 28 cost time: 13.700899839401245
Epoch: 28, Steps: 261 | Train Loss: 0.5679286 Vali Loss: 1.3147867 Test Loss: 0.6821145
Validation loss decreased (1.317713 --> 1.314787).  Saving model ...
Updating learning rate to 8.022187213552767e-05
	iters: 100, epoch: 29 | loss: 0.5655996
	speed: 0.1249s/iter; left time: 2334.0622s
	iters: 200, epoch: 29 | loss: 0.5896780
	speed: 0.0525s/iter; left time: 976.3043s
Epoch: 29 cost time: 13.710586071014404
Epoch: 29, Steps: 261 | Train Loss: 0.5663017 Vali Loss: 1.3108468 Test Loss: 0.6794982
Validation loss decreased (1.314787 --> 1.310847).  Saving model ...
Updating learning rate to 8.318146929322795e-05
	iters: 100, epoch: 30 | loss: 0.5654726
	speed: 0.1241s/iter; left time: 2287.2224s
	iters: 200, epoch: 30 | loss: 0.5691232
	speed: 0.0525s/iter; left time: 961.5337s
Epoch: 30 cost time: 13.691215515136719
Epoch: 30, Steps: 261 | Train Loss: 0.5646789 Vali Loss: 1.3062952 Test Loss: 0.6769845
Validation loss decreased (1.310847 --> 1.306295).  Saving model ...
Updating learning rate to 8.59487855091154e-05
	iters: 100, epoch: 31 | loss: 0.5588885
	speed: 0.1249s/iter; left time: 2269.9376s
	iters: 200, epoch: 31 | loss: 0.5528961
	speed: 0.0525s/iter; left time: 948.2749s
Epoch: 31 cost time: 13.701789140701294
Epoch: 31, Steps: 261 | Train Loss: 0.5629105 Vali Loss: 1.3022647 Test Loss: 0.6740962
Validation loss decreased (1.306295 --> 1.302265).  Saving model ...
Updating learning rate to 8.850675609123214e-05
	iters: 100, epoch: 32 | loss: 0.5566429
	speed: 0.1242s/iter; left time: 2224.4724s
	iters: 200, epoch: 32 | loss: 0.5414860
	speed: 0.0525s/iter; left time: 935.2988s
Epoch: 32 cost time: 13.707741975784302
Epoch: 32, Steps: 261 | Train Loss: 0.5611810 Vali Loss: 1.2977598 Test Loss: 0.6710656
Validation loss decreased (1.302265 --> 1.297760).  Saving model ...
Updating learning rate to 9.083960728023302e-05
	iters: 100, epoch: 33 | loss: 0.5535607
	speed: 0.1248s/iter; left time: 2202.9267s
	iters: 200, epoch: 33 | loss: 0.5378255
	speed: 0.0526s/iter; left time: 922.7000s
Epoch: 33 cost time: 13.695548057556152
Epoch: 33, Steps: 261 | Train Loss: 0.5593796 Vali Loss: 1.2934469 Test Loss: 0.6680598
Validation loss decreased (1.297760 --> 1.293447).  Saving model ...
Updating learning rate to 9.293295351848083e-05
	iters: 100, epoch: 34 | loss: 0.5835951
	speed: 0.1242s/iter; left time: 2159.4438s
	iters: 200, epoch: 34 | loss: 0.5711791
	speed: 0.0522s/iter; left time: 902.6315s
Epoch: 34 cost time: 13.650015354156494
Epoch: 34, Steps: 261 | Train Loss: 0.5572408 Vali Loss: 1.2891611 Test Loss: 0.6647711
Validation loss decreased (1.293447 --> 1.289161).  Saving model ...
Updating learning rate to 9.47738861587773e-05
	iters: 100, epoch: 35 | loss: 0.6085777
	speed: 0.1247s/iter; left time: 2135.8238s
	iters: 200, epoch: 35 | loss: 0.5708003
	speed: 0.0520s/iter; left time: 886.2446s
Epoch: 35 cost time: 13.599711894989014
Epoch: 35, Steps: 261 | Train Loss: 0.5552904 Vali Loss: 1.2837032 Test Loss: 0.6614327
Validation loss decreased (1.289161 --> 1.283703).  Saving model ...
Updating learning rate to 9.635105306570629e-05
	iters: 100, epoch: 36 | loss: 0.5913165
	speed: 0.1240s/iter; left time: 2091.5379s
	iters: 200, epoch: 36 | loss: 0.6020139
	speed: 0.0520s/iter; left time: 872.0740s
Epoch: 36 cost time: 13.604255437850952
Epoch: 36, Steps: 261 | Train Loss: 0.5530232 Vali Loss: 1.2803831 Test Loss: 0.6579676
Validation loss decreased (1.283703 --> 1.280383).  Saving model ...
Updating learning rate to 9.765472861872672e-05
	iters: 100, epoch: 37 | loss: 0.5703262
	speed: 0.1242s/iter; left time: 2062.7198s
	iters: 200, epoch: 37 | loss: 0.5519310
	speed: 0.0520s/iter; left time: 859.0069s
Epoch: 37 cost time: 13.601202011108398
Epoch: 37, Steps: 261 | Train Loss: 0.5508422 Vali Loss: 1.2737178 Test Loss: 0.6544181
Validation loss decreased (1.280383 --> 1.273718).  Saving model ...
Updating learning rate to 9.867687368533986e-05
	iters: 100, epoch: 38 | loss: 0.5435127
	speed: 0.1238s/iter; left time: 2023.4625s
	iters: 200, epoch: 38 | loss: 0.5341933
	speed: 0.0525s/iter; left time: 853.5720s
Epoch: 38 cost time: 13.70172381401062
Epoch: 38, Steps: 261 | Train Loss: 0.5487173 Vali Loss: 1.2684233 Test Loss: 0.6507696
Validation loss decreased (1.273718 --> 1.268423).  Saving model ...
Updating learning rate to 9.941118519450599e-05
	iters: 100, epoch: 39 | loss: 0.5546322
	speed: 0.1240s/iter; left time: 1994.7369s
	iters: 200, epoch: 39 | loss: 0.5573437
	speed: 0.0525s/iter; left time: 838.9301s
Epoch: 39 cost time: 13.695237398147583
Epoch: 39, Steps: 261 | Train Loss: 0.5463468 Vali Loss: 1.2628120 Test Loss: 0.6470441
Validation loss decreased (1.268423 --> 1.262812).  Saving model ...
Updating learning rate to 9.985313500461516e-05
	iters: 100, epoch: 40 | loss: 0.5547442
	speed: 0.1239s/iter; left time: 1960.2585s
	iters: 200, epoch: 40 | loss: 0.5185355
	speed: 0.0520s/iter; left time: 817.5406s
Epoch: 40 cost time: 13.582187175750732
Epoch: 40, Steps: 261 | Train Loss: 0.5440524 Vali Loss: 1.2580471 Test Loss: 0.6432206
Validation loss decreased (1.262812 --> 1.258047).  Saving model ...
Updating learning rate to 9.999999899386908e-05
	iters: 100, epoch: 41 | loss: 0.5654367
	speed: 0.1234s/iter; left time: 1920.1680s
	iters: 200, epoch: 41 | loss: 0.5433455
	speed: 0.0520s/iter; left time: 803.8740s
Epoch: 41 cost time: 13.575251579284668
Epoch: 41, Steps: 261 | Train Loss: 0.5416566 Vali Loss: 1.2518069 Test Loss: 0.6395128
Validation loss decreased (1.258047 --> 1.251807).  Saving model ...
Updating learning rate to 9.993095104667097e-05
	iters: 100, epoch: 42 | loss: 0.5357416
	speed: 0.1238s/iter; left time: 1893.4762s
	iters: 200, epoch: 42 | loss: 0.5443833
	speed: 0.0521s/iter; left time: 791.1922s
Epoch: 42 cost time: 13.584413051605225
Epoch: 42, Steps: 261 | Train Loss: 0.5391587 Vali Loss: 1.2461592 Test Loss: 0.6356931
Validation loss decreased (1.251807 --> 1.246159).  Saving model ...
Updating learning rate to 9.97250463814979e-05
	iters: 100, epoch: 43 | loss: 0.5063328
	speed: 0.1242s/iter; left time: 1867.9334s
	iters: 200, epoch: 43 | loss: 0.5310576
	speed: 0.0525s/iter; left time: 783.9541s
Epoch: 43 cost time: 13.679033041000366
Epoch: 43, Steps: 261 | Train Loss: 0.5365161 Vali Loss: 1.2410380 Test Loss: 0.6318269
Validation loss decreased (1.246159 --> 1.241038).  Saving model ...
Updating learning rate to 9.938284936872484e-05
	iters: 100, epoch: 44 | loss: 0.5473167
	speed: 0.1244s/iter; left time: 1838.4083s
	iters: 200, epoch: 44 | loss: 0.5012447
	speed: 0.0525s/iter; left time: 770.4036s
Epoch: 44 cost time: 13.69615387916565
Epoch: 44, Steps: 261 | Train Loss: 0.5340872 Vali Loss: 1.2350863 Test Loss: 0.6277150
Validation loss decreased (1.241038 --> 1.235086).  Saving model ...
Updating learning rate to 9.890529794657798e-05
	iters: 100, epoch: 45 | loss: 0.5611897
	speed: 0.1243s/iter; left time: 1804.8899s
	iters: 200, epoch: 45 | loss: 0.5577597
	speed: 0.0525s/iter; left time: 757.0076s
Epoch: 45 cost time: 13.714513778686523
Epoch: 45, Steps: 261 | Train Loss: 0.5314558 Vali Loss: 1.2282948 Test Loss: 0.6238437
Validation loss decreased (1.235086 --> 1.228295).  Saving model ...
Updating learning rate to 9.829370105031122e-05
	iters: 100, epoch: 46 | loss: 0.4821006
	speed: 0.1244s/iter; left time: 1773.1529s
	iters: 200, epoch: 46 | loss: 0.4992677
	speed: 0.0525s/iter; left time: 742.5249s
Epoch: 46 cost time: 13.694815874099731
Epoch: 46, Steps: 261 | Train Loss: 0.5287883 Vali Loss: 1.2222476 Test Loss: 0.6200554
Validation loss decreased (1.228295 --> 1.222248).  Saving model ...
Updating learning rate to 9.754973502450565e-05
	iters: 100, epoch: 47 | loss: 0.4994349
	speed: 0.1248s/iter; left time: 1746.8589s
	iters: 200, epoch: 47 | loss: 0.5283443
	speed: 0.0524s/iter; left time: 728.0881s
Epoch: 47 cost time: 13.687728881835938
Epoch: 47, Steps: 261 | Train Loss: 0.5263886 Vali Loss: 1.2168787 Test Loss: 0.6161200
Validation loss decreased (1.222248 --> 1.216879).  Saving model ...
Updating learning rate to 9.667543902832558e-05
	iters: 100, epoch: 48 | loss: 0.4973707
	speed: 0.1244s/iter; left time: 1708.7008s
	iters: 200, epoch: 48 | loss: 0.5214620
	speed: 0.0525s/iter; left time: 715.7707s
Epoch: 48 cost time: 13.706108570098877
Epoch: 48, Steps: 261 | Train Loss: 0.5237985 Vali Loss: 1.2114656 Test Loss: 0.6120611
Validation loss decreased (1.216879 --> 1.211466).  Saving model ...
Updating learning rate to 9.567320944632494e-05
	iters: 100, epoch: 49 | loss: 0.5480839
	speed: 0.1242s/iter; left time: 1673.2682s
	iters: 200, epoch: 49 | loss: 0.5434068
	speed: 0.0525s/iter; left time: 702.3628s
Epoch: 49 cost time: 13.701669692993164
Epoch: 49, Steps: 261 | Train Loss: 0.5211808 Vali Loss: 1.2058573 Test Loss: 0.6082329
Validation loss decreased (1.211466 --> 1.205857).  Saving model ...
Updating learning rate to 9.45457933201239e-05
	iters: 100, epoch: 50 | loss: 0.5442256
	speed: 0.1248s/iter; left time: 1649.4145s
	iters: 200, epoch: 50 | loss: 0.5142500
	speed: 0.0525s/iter; left time: 687.7993s
Epoch: 50 cost time: 13.696979284286499
Epoch: 50, Steps: 261 | Train Loss: 0.5185799 Vali Loss: 1.2004569 Test Loss: 0.6044584
Validation loss decreased (1.205857 --> 1.200457).  Saving model ...
Updating learning rate to 9.329628081895862e-05
	iters: 100, epoch: 51 | loss: 0.5433985
	speed: 0.1242s/iter; left time: 1609.0680s
	iters: 200, epoch: 51 | loss: 0.4716186
	speed: 0.0524s/iter; left time: 673.3496s
Epoch: 51 cost time: 13.684043884277344
Epoch: 51, Steps: 261 | Train Loss: 0.5160437 Vali Loss: 1.1940203 Test Loss: 0.6006354
Validation loss decreased (1.200457 --> 1.194020).  Saving model ...
Updating learning rate to 9.192809676974225e-05
	iters: 100, epoch: 52 | loss: 0.5012382
	speed: 0.1243s/iter; left time: 1577.6417s
	iters: 200, epoch: 52 | loss: 0.5489535
	speed: 0.0524s/iter; left time: 659.7991s
Epoch: 52 cost time: 13.684298753738403
Epoch: 52, Steps: 261 | Train Loss: 0.5133909 Vali Loss: 1.1878306 Test Loss: 0.5967996
Validation loss decreased (1.194020 --> 1.187831).  Saving model ...
Updating learning rate to 9.044499126985239e-05
	iters: 100, epoch: 53 | loss: 0.5095735
	speed: 0.1245s/iter; left time: 1547.8121s
	iters: 200, epoch: 53 | loss: 0.5107010
	speed: 0.0524s/iter; left time: 646.5149s
Epoch: 53 cost time: 13.694376945495605
Epoch: 53, Steps: 261 | Train Loss: 0.5109053 Vali Loss: 1.1820203 Test Loss: 0.5929902
Validation loss decreased (1.187831 --> 1.182020).  Saving model ...
Updating learning rate to 8.885102940837483e-05
	iters: 100, epoch: 54 | loss: 0.4970825
	speed: 0.1246s/iter; left time: 1516.6450s
	iters: 200, epoch: 54 | loss: 0.4790817
	speed: 0.0525s/iter; left time: 633.4263s
Epoch: 54 cost time: 13.688855648040771
Epoch: 54, Steps: 261 | Train Loss: 0.5083344 Vali Loss: 1.1759847 Test Loss: 0.5895970
Validation loss decreased (1.182020 --> 1.175985).  Saving model ...
Updating learning rate to 8.715058012397698e-05
	iters: 100, epoch: 55 | loss: 0.4952803
	speed: 0.1242s/iter; left time: 1478.6976s
	iters: 200, epoch: 55 | loss: 0.5305035
	speed: 0.0527s/iter; left time: 621.9525s
Epoch: 55 cost time: 13.732928991317749
Epoch: 55, Steps: 261 | Train Loss: 0.5058439 Vali Loss: 1.1706251 Test Loss: 0.5860822
Validation loss decreased (1.175985 --> 1.170625).  Saving model ...
Updating learning rate to 8.534830422995055e-05
	iters: 100, epoch: 56 | loss: 0.5622249
	speed: 0.1246s/iter; left time: 1450.7842s
	iters: 200, epoch: 56 | loss: 0.5104915
	speed: 0.0526s/iter; left time: 606.9041s
Epoch: 56 cost time: 13.711999416351318
Epoch: 56, Steps: 261 | Train Loss: 0.5033961 Vali Loss: 1.1658251 Test Loss: 0.5825149
Validation loss decreased (1.170625 --> 1.165825).  Saving model ...
Updating learning rate to 8.344914163924644e-05
	iters: 100, epoch: 57 | loss: 0.5249317
	speed: 0.1252s/iter; left time: 1425.2737s
	iters: 200, epoch: 57 | loss: 0.5275057
	speed: 0.0525s/iter; left time: 591.9574s
Epoch: 57 cost time: 13.694679498672485
Epoch: 57, Steps: 261 | Train Loss: 0.5009748 Vali Loss: 1.1608633 Test Loss: 0.5793338
Validation loss decreased (1.165825 --> 1.160863).  Saving model ...
Updating learning rate to 8.145829782451657e-05
	iters: 100, epoch: 58 | loss: 0.5215964
	speed: 0.1244s/iter; left time: 1383.3498s
	iters: 200, epoch: 58 | loss: 0.4953812
	speed: 0.0525s/iter; left time: 579.0678s
Epoch: 58 cost time: 13.706408500671387
Epoch: 58, Steps: 261 | Train Loss: 0.4984700 Vali Loss: 1.1554121 Test Loss: 0.5757986
Validation loss decreased (1.160863 --> 1.155412).  Saving model ...
Updating learning rate to 7.938122955027528e-05
	iters: 100, epoch: 59 | loss: 0.5223889
	speed: 0.1241s/iter; left time: 1348.5361s
	iters: 200, epoch: 59 | loss: 0.5169113
	speed: 0.0525s/iter; left time: 565.4079s
Epoch: 59 cost time: 13.70507550239563
Epoch: 59, Steps: 261 | Train Loss: 0.4962083 Vali Loss: 1.1504292 Test Loss: 0.5729647
Validation loss decreased (1.155412 --> 1.150429).  Saving model ...
Updating learning rate to 7.722362991628698e-05
	iters: 100, epoch: 60 | loss: 0.5047385
	speed: 0.1252s/iter; left time: 1326.9317s
	iters: 200, epoch: 60 | loss: 0.4997522
	speed: 0.0525s/iter; left time: 551.5040s
Epoch: 60 cost time: 13.70167088508606
Epoch: 60, Steps: 261 | Train Loss: 0.4938593 Vali Loss: 1.1458035 Test Loss: 0.5699019
Validation loss decreased (1.150429 --> 1.145803).  Saving model ...
Updating learning rate to 7.499141275317558e-05
	iters: 100, epoch: 61 | loss: 0.4961309
	speed: 0.1244s/iter; left time: 1286.4556s
	iters: 200, epoch: 61 | loss: 0.5091190
	speed: 0.0524s/iter; left time: 536.8368s
Epoch: 61 cost time: 13.688779592514038
Epoch: 61, Steps: 261 | Train Loss: 0.4917076 Vali Loss: 1.1422504 Test Loss: 0.5671601
Validation loss decreased (1.145803 --> 1.142250).  Saving model ...
Updating learning rate to 7.269069641302562e-05
	iters: 100, epoch: 62 | loss: 0.5211388
	speed: 0.1242s/iter; left time: 1252.1238s
	iters: 200, epoch: 62 | loss: 0.4788283
	speed: 0.0525s/iter; left time: 523.9287s
Epoch: 62 cost time: 13.69252610206604
Epoch: 62, Steps: 261 | Train Loss: 0.4894974 Vali Loss: 1.1368246 Test Loss: 0.5644262
Validation loss decreased (1.142250 --> 1.136825).  Saving model ...
Updating learning rate to 7.032778699940462e-05
	iters: 100, epoch: 63 | loss: 0.4812871
	speed: 0.1244s/iter; left time: 1221.5799s
	iters: 200, epoch: 63 | loss: 0.4899023
	speed: 0.0524s/iter; left time: 509.6334s
Epoch: 63 cost time: 13.688048124313354
Epoch: 63, Steps: 261 | Train Loss: 0.4874135 Vali Loss: 1.1330354 Test Loss: 0.5616437
Validation loss decreased (1.136825 --> 1.133035).  Saving model ...
Updating learning rate to 6.79091610827715e-05
	iters: 100, epoch: 64 | loss: 0.4804247
	speed: 0.1246s/iter; left time: 1191.3199s
	iters: 200, epoch: 64 | loss: 0.4748043
	speed: 0.0524s/iter; left time: 495.9434s
Epoch: 64 cost time: 13.700487613677979
Epoch: 64, Steps: 261 | Train Loss: 0.4851932 Vali Loss: 1.1297057 Test Loss: 0.5587572
Validation loss decreased (1.133035 --> 1.129706).  Saving model ...
Updating learning rate to 6.544144794864713e-05
	iters: 100, epoch: 65 | loss: 0.4949836
	speed: 0.1245s/iter; left time: 1157.2363s
	iters: 200, epoch: 65 | loss: 0.5018876
	speed: 0.0525s/iter; left time: 482.9899s
Epoch: 65 cost time: 13.69438123703003
Epoch: 65, Steps: 261 | Train Loss: 0.4834050 Vali Loss: 1.1252415 Test Loss: 0.5564683
Validation loss decreased (1.129706 --> 1.125242).  Saving model ...
Updating learning rate to 6.293141142720349e-05
	iters: 100, epoch: 66 | loss: 0.4818909
	speed: 0.1243s/iter; left time: 1122.8420s
	iters: 200, epoch: 66 | loss: 0.4381882
	speed: 0.0525s/iter; left time: 469.2672s
Epoch: 66 cost time: 13.6953763961792
Epoch: 66, Steps: 261 | Train Loss: 0.4813916 Vali Loss: 1.1222955 Test Loss: 0.5542058
Validation loss decreased (1.125242 --> 1.122295).  Saving model ...
Updating learning rate to 6.038593135407538e-05
	iters: 100, epoch: 67 | loss: 0.5003589
	speed: 0.1247s/iter; left time: 1094.0458s
	iters: 200, epoch: 67 | loss: 0.4757381
	speed: 0.0524s/iter; left time: 454.6383s
Epoch: 67 cost time: 13.698119640350342
Epoch: 67, Steps: 261 | Train Loss: 0.4796377 Vali Loss: 1.1172072 Test Loss: 0.5520375
Validation loss decreased (1.122295 --> 1.117207).  Saving model ...
Updating learning rate to 5.7811984713209085e-05
	iters: 100, epoch: 68 | loss: 0.5122458
	speed: 0.1244s/iter; left time: 1059.0109s
	iters: 200, epoch: 68 | loss: 0.4522419
	speed: 0.0524s/iter; left time: 441.0405s
Epoch: 68 cost time: 13.693402528762817
Epoch: 68, Steps: 261 | Train Loss: 0.4778407 Vali Loss: 1.1148695 Test Loss: 0.5499757
Validation loss decreased (1.117207 --> 1.114869).  Saving model ...
Updating learning rate to 5.5216626513434395e-05
	iters: 100, epoch: 69 | loss: 0.4345951
	speed: 0.1256s/iter; left time: 1036.6687s
	iters: 200, epoch: 69 | loss: 0.4738969
	speed: 0.0524s/iter; left time: 427.2560s
Epoch: 69 cost time: 13.689706563949585
Epoch: 69, Steps: 261 | Train Loss: 0.4761779 Vali Loss: 1.1118015 Test Loss: 0.5483044
Validation loss decreased (1.114869 --> 1.111802).  Saving model ...
Updating learning rate to 5.260697045117572e-05
	iters: 100, epoch: 70 | loss: 0.4569710
	speed: 0.1241s/iter; left time: 991.8718s
	iters: 200, epoch: 70 | loss: 0.4591807
	speed: 0.0524s/iter; left time: 413.5240s
Epoch: 70 cost time: 13.686602115631104
Epoch: 70, Steps: 261 | Train Loss: 0.4746078 Vali Loss: 1.1091008 Test Loss: 0.5462418
Validation loss decreased (1.111802 --> 1.109101).  Saving model ...
Updating learning rate to 4.999016941230477e-05
	iters: 100, epoch: 71 | loss: 0.4572517
	speed: 0.1245s/iter; left time: 962.5028s
	iters: 200, epoch: 71 | loss: 0.4516138
	speed: 0.0525s/iter; left time: 400.6679s
Epoch: 71 cost time: 13.70158863067627
Epoch: 71, Steps: 261 | Train Loss: 0.4730534 Vali Loss: 1.1064200 Test Loss: 0.5446776
Validation loss decreased (1.109101 --> 1.106420).  Saving model ...
Updating learning rate to 4.7373395866577476e-05
	iters: 100, epoch: 72 | loss: 0.4737089
	speed: 0.1241s/iter; left time: 926.6915s
	iters: 200, epoch: 72 | loss: 0.4770290
	speed: 0.0525s/iter; left time: 386.9085s
Epoch: 72 cost time: 13.685012578964233
Epoch: 72, Steps: 261 | Train Loss: 0.4716143 Vali Loss: 1.1030512 Test Loss: 0.5427397
Validation loss decreased (1.106420 --> 1.103051).  Saving model ...
Updating learning rate to 4.476382220839299e-05
	iters: 100, epoch: 73 | loss: 0.4919994
	speed: 0.1243s/iter; left time: 895.7279s
	iters: 200, epoch: 73 | loss: 0.4657842
	speed: 0.0524s/iter; left time: 372.7687s
Epoch: 73 cost time: 13.690178394317627
Epoch: 73, Steps: 261 | Train Loss: 0.4701325 Vali Loss: 1.1018976 Test Loss: 0.5409548
Validation loss decreased (1.103051 --> 1.101898).  Saving model ...
Updating learning rate to 4.2168601097759126e-05
	iters: 100, epoch: 74 | loss: 0.4838033
	speed: 0.1247s/iter; left time: 866.4859s
	iters: 200, epoch: 74 | loss: 0.4386479
	speed: 0.0524s/iter; left time: 358.9533s
Epoch: 74 cost time: 13.697807312011719
Epoch: 74, Steps: 261 | Train Loss: 0.4688479 Vali Loss: 1.0996459 Test Loss: 0.5397952
Validation loss decreased (1.101898 --> 1.099646).  Saving model ...
Updating learning rate to 3.959484585534855e-05
	iters: 100, epoch: 75 | loss: 0.4528826
	speed: 0.1249s/iter; left time: 835.2802s
	iters: 200, epoch: 75 | loss: 0.4510945
	speed: 0.0524s/iter; left time: 345.0971s
Epoch: 75 cost time: 13.681490421295166
Epoch: 75, Steps: 261 | Train Loss: 0.4676760 Vali Loss: 1.0967108 Test Loss: 0.5383363
Validation loss decreased (1.099646 --> 1.096711).  Saving model ...
Updating learning rate to 3.7049610965381156e-05
	iters: 100, epoch: 76 | loss: 0.4577322
	speed: 0.1251s/iter; left time: 803.6215s
	iters: 200, epoch: 76 | loss: 0.4540353
	speed: 0.0525s/iter; left time: 331.8253s
Epoch: 76 cost time: 13.705581426620483
Epoch: 76, Steps: 261 | Train Loss: 0.4665451 Vali Loss: 1.0951380 Test Loss: 0.5375078
Validation loss decreased (1.096711 --> 1.095138).  Saving model ...
Updating learning rate to 3.4539872739773254e-05
	iters: 100, epoch: 77 | loss: 0.4570636
	speed: 0.1243s/iter; left time: 766.4946s
	iters: 200, epoch: 77 | loss: 0.4474216
	speed: 0.0525s/iter; left time: 318.3965s
Epoch: 77 cost time: 13.688592910766602
Epoch: 77, Steps: 261 | Train Loss: 0.4654100 Vali Loss: 1.0936098 Test Loss: 0.5362151
Validation loss decreased (1.095138 --> 1.093610).  Saving model ...
Updating learning rate to 3.2072510196551436e-05
	iters: 100, epoch: 78 | loss: 0.4497278
	speed: 0.1244s/iter; left time: 734.3028s
	iters: 200, epoch: 78 | loss: 0.4558646
	speed: 0.0525s/iter; left time: 304.4806s
Epoch: 78 cost time: 13.685200691223145
Epoch: 78, Steps: 261 | Train Loss: 0.4644216 Vali Loss: 1.0917575 Test Loss: 0.5347101
Validation loss decreased (1.093610 --> 1.091758).  Saving model ...
Updating learning rate to 2.965428620494246e-05
	iters: 100, epoch: 79 | loss: 0.4670231
	speed: 0.1242s/iter; left time: 700.6845s
	iters: 200, epoch: 79 | loss: 0.4675699
	speed: 0.0524s/iter; left time: 290.4274s
Epoch: 79 cost time: 13.677389860153198
Epoch: 79, Steps: 261 | Train Loss: 0.4635786 Vali Loss: 1.0907984 Test Loss: 0.5340069
Validation loss decreased (1.091758 --> 1.090798).  Saving model ...
Updating learning rate to 2.72918289488186e-05
	iters: 100, epoch: 80 | loss: 0.4792293
	speed: 0.1241s/iter; left time: 667.9713s
	iters: 200, epoch: 80 | loss: 0.4734271
	speed: 0.0524s/iter; left time: 276.7467s
Epoch: 80 cost time: 13.690752983093262
Epoch: 80, Steps: 261 | Train Loss: 0.4626979 Vali Loss: 1.0895073 Test Loss: 0.5333672
Validation loss decreased (1.090798 --> 1.089507).  Saving model ...
Updating learning rate to 2.499161375930652e-05
	iters: 100, epoch: 81 | loss: 0.4862693
	speed: 0.1244s/iter; left time: 637.0887s
	iters: 200, epoch: 81 | loss: 0.4406629
	speed: 0.0524s/iter; left time: 263.1313s
Epoch: 81 cost time: 13.69011640548706
Epoch: 81, Steps: 261 | Train Loss: 0.4619204 Vali Loss: 1.0878779 Test Loss: 0.5326262
Validation loss decreased (1.089507 --> 1.087878).  Saving model ...
Updating learning rate to 2.275994536635464e-05
	iters: 100, epoch: 82 | loss: 0.4565158
	speed: 0.1247s/iter; left time: 606.0612s
	iters: 200, epoch: 82 | loss: 0.4754657
	speed: 0.0524s/iter; left time: 249.5385s
Epoch: 82 cost time: 13.692387580871582
Epoch: 82, Steps: 261 | Train Loss: 0.4612480 Vali Loss: 1.0869473 Test Loss: 0.5315664
Validation loss decreased (1.087878 --> 1.086947).  Saving model ...
Updating learning rate to 2.0602940617906718e-05
	iters: 100, epoch: 83 | loss: 0.4553789
	speed: 0.1238s/iter; left time: 569.2675s
	iters: 200, epoch: 83 | loss: 0.4790665
	speed: 0.0525s/iter; left time: 236.3549s
Epoch: 83 cost time: 13.697612762451172
Epoch: 83, Steps: 261 | Train Loss: 0.4604593 Vali Loss: 1.0857372 Test Loss: 0.5308352
Validation loss decreased (1.086947 --> 1.085737).  Saving model ...
Updating learning rate to 1.8526511714046667e-05
	iters: 100, epoch: 84 | loss: 0.4469839
	speed: 0.1246s/iter; left time: 540.3818s
	iters: 200, epoch: 84 | loss: 0.4927460
	speed: 0.0525s/iter; left time: 222.6779s
Epoch: 84 cost time: 13.70533299446106
Epoch: 84, Steps: 261 | Train Loss: 0.4599701 Vali Loss: 1.0852907 Test Loss: 0.5303969
Validation loss decreased (1.085737 --> 1.085291).  Saving model ...
Updating learning rate to 1.653635000206915e-05
	iters: 100, epoch: 85 | loss: 0.4491720
	speed: 0.1246s/iter; left time: 508.0451s
	iters: 200, epoch: 85 | loss: 0.4533549
	speed: 0.0525s/iter; left time: 208.9646s
Epoch: 85 cost time: 13.712021827697754
Epoch: 85, Steps: 261 | Train Loss: 0.4594979 Vali Loss: 1.0837023 Test Loss: 0.5300710
Validation loss decreased (1.085291 --> 1.083702).  Saving model ...
Updating learning rate to 1.4637910376892278e-05
	iters: 100, epoch: 86 | loss: 0.4752494
	speed: 0.1242s/iter; left time: 474.0552s
	iters: 200, epoch: 86 | loss: 0.4391713
	speed: 0.0526s/iter; left time: 195.3460s
Epoch: 86 cost time: 13.708057403564453
Epoch: 86, Steps: 261 | Train Loss: 0.4590146 Vali Loss: 1.0832156 Test Loss: 0.5293939
Validation loss decreased (1.083702 --> 1.083216).  Saving model ...
Updating learning rate to 1.2836396329569726e-05
	iters: 100, epoch: 87 | loss: 0.4182639
	speed: 0.1262s/iter; left time: 448.5763s
	iters: 200, epoch: 87 | loss: 0.4289712
	speed: 0.0525s/iter; left time: 181.4084s
Epoch: 87 cost time: 13.721027851104736
Epoch: 87, Steps: 261 | Train Loss: 0.4585407 Vali Loss: 1.0832516 Test Loss: 0.5287598
EarlyStopping counter: 1 out of 20
Updating learning rate to 1.113674568488352e-05
	iters: 100, epoch: 88 | loss: 0.4498958
	speed: 0.1245s/iter; left time: 410.2155s
	iters: 200, epoch: 88 | loss: 0.4965088
	speed: 0.0526s/iter; left time: 167.8603s
Epoch: 88 cost time: 13.719252824783325
Epoch: 88, Steps: 261 | Train Loss: 0.4581509 Vali Loss: 1.0818694 Test Loss: 0.5285904
Validation loss decreased (1.083216 --> 1.081869).  Saving model ...
Updating learning rate to 9.543617067109444e-06
	iters: 100, epoch: 89 | loss: 0.4529346
	speed: 0.1244s/iter; left time: 377.3475s
	iters: 200, epoch: 89 | loss: 0.4409863
	speed: 0.0526s/iter; left time: 154.1845s
Epoch: 89 cost time: 13.712248086929321
Epoch: 89, Steps: 261 | Train Loss: 0.4579537 Vali Loss: 1.0817003 Test Loss: 0.5285735
Validation loss decreased (1.081869 --> 1.081700).  Saving model ...
Updating learning rate to 8.061377131051827e-06
	iters: 100, epoch: 90 | loss: 0.4514843
	speed: 0.1244s/iter; left time: 344.7638s
	iters: 200, epoch: 90 | loss: 0.4497082
	speed: 0.0526s/iter; left time: 140.6314s
Epoch: 90 cost time: 13.718506097793579
Epoch: 90, Steps: 261 | Train Loss: 0.4575959 Vali Loss: 1.0818341 Test Loss: 0.5282536
EarlyStopping counter: 1 out of 20
Updating learning rate to 6.694088593346153e-06
	iters: 100, epoch: 91 | loss: 0.4682012
	speed: 0.1237s/iter; left time: 310.4914s
	iters: 200, epoch: 91 | loss: 0.4690683
	speed: 0.0522s/iter; left time: 125.8712s
Epoch: 91 cost time: 13.615190505981445
Epoch: 91, Steps: 261 | Train Loss: 0.4574173 Vali Loss: 1.0812140 Test Loss: 0.5277708
Validation loss decreased (1.081700 --> 1.081214).  Saving model ...
Updating learning rate to 5.445499096835229e-06
	iters: 100, epoch: 92 | loss: 0.4699485
	speed: 0.1238s/iter; left time: 278.5158s
	iters: 200, epoch: 92 | loss: 0.4471639
	speed: 0.0521s/iter; left time: 112.1180s
Epoch: 92 cost time: 13.600122928619385
Epoch: 92, Steps: 261 | Train Loss: 0.4573102 Vali Loss: 1.0809906 Test Loss: 0.5276769
Validation loss decreased (1.081214 --> 1.080991).  Saving model ...
Updating learning rate to 4.319030938540595e-06
	iters: 100, epoch: 93 | loss: 0.4736241
	speed: 0.1240s/iter; left time: 246.6268s
	iters: 200, epoch: 93 | loss: 0.4476086
	speed: 0.0521s/iter; left time: 98.4374s
Epoch: 93 cost time: 13.611691951751709
Epoch: 93, Steps: 261 | Train Loss: 0.4570840 Vali Loss: 1.0812688 Test Loss: 0.5279465
EarlyStopping counter: 1 out of 20
Updating learning rate to 3.317771689384289e-06
	iters: 100, epoch: 94 | loss: 0.4260882
	speed: 0.1232s/iter; left time: 212.8132s
	iters: 200, epoch: 94 | loss: 0.4242467
	speed: 0.0521s/iter; left time: 84.7681s
Epoch: 94 cost time: 13.60365343093872
Epoch: 94, Steps: 261 | Train Loss: 0.4569457 Vali Loss: 1.0808356 Test Loss: 0.5275553
Validation loss decreased (1.080991 --> 1.080836).  Saving model ...
Updating learning rate to 2.444465731371563e-06
	iters: 100, epoch: 95 | loss: 0.4709947
	speed: 0.1244s/iter; left time: 182.4738s
	iters: 200, epoch: 95 | loss: 0.4854607
	speed: 0.0525s/iter; left time: 71.7174s
Epoch: 95 cost time: 13.707511186599731
Epoch: 95, Steps: 261 | Train Loss: 0.4568560 Vali Loss: 1.0811231 Test Loss: 0.5276226
EarlyStopping counter: 1 out of 20
Updating learning rate to 1.7015067354305982e-06
	iters: 100, epoch: 96 | loss: 0.4655663
	speed: 0.1246s/iter; left time: 150.2862s
	iters: 200, epoch: 96 | loss: 0.4690219
	speed: 0.0525s/iter; left time: 58.0196s
Epoch: 96 cost time: 13.702756643295288
Epoch: 96, Steps: 261 | Train Loss: 0.4568939 Vali Loss: 1.0803870 Test Loss: 0.5278081
Validation loss decreased (1.080836 --> 1.080387).  Saving model ...
Updating learning rate to 1.0909311005268064e-06
	iters: 100, epoch: 97 | loss: 0.4441886
	speed: 0.1254s/iter; left time: 118.4882s
	iters: 200, epoch: 97 | loss: 0.4549040
	speed: 0.0525s/iter; left time: 44.3361s
Epoch: 97 cost time: 13.697635412216187
Epoch: 97, Steps: 261 | Train Loss: 0.4567270 Vali Loss: 1.0801346 Test Loss: 0.5272449
Validation loss decreased (1.080387 --> 1.080135).  Saving model ...
Updating learning rate to 6.14412372034877e-07
	iters: 100, epoch: 98 | loss: 0.4763933
	speed: 0.1247s/iter; left time: 85.2769s
	iters: 200, epoch: 98 | loss: 0.4500511
	speed: 0.0525s/iter; left time: 30.6521s
Epoch: 98 cost time: 13.711725950241089
Epoch: 98, Steps: 261 | Train Loss: 0.4566478 Vali Loss: 1.0808477 Test Loss: 0.5275941
EarlyStopping counter: 1 out of 20
Updating learning rate to 2.7325665466719185e-07
	iters: 100, epoch: 99 | loss: 0.4599185
	speed: 0.1234s/iter; left time: 52.1936s
	iters: 200, epoch: 99 | loss: 0.4236612
	speed: 0.0522s/iter; left time: 16.8491s
Epoch: 99 cost time: 13.60594129562378
Epoch: 99, Steps: 261 | Train Loss: 0.4567441 Vali Loss: 1.0804853 Test Loss: 0.5274751
EarlyStopping counter: 2 out of 20
Updating learning rate to 6.839903253160819e-08
	iters: 100, epoch: 100 | loss: 0.4555445
	speed: 0.1233s/iter; left time: 19.9795s
	iters: 200, epoch: 100 | loss: 0.4635052
	speed: 0.0524s/iter; left time: 3.2470s
Epoch: 100 cost time: 13.649025201797485
Epoch: 100, Steps: 261 | Train Loss: 0.4567245 Vali Loss: 1.0806048 Test Loss: 0.5271360
EarlyStopping counter: 3 out of 20
Updating learning rate to 4.0100613092859e-10
>>>>>>>testing : CMS3_ettm1_336_720_PatchTST_ETTm1_ftM_sl336_ll48_pl720_dm128_nh16_el3_dl1_df256_fc1_ebtimeF_dtTrue_Exp_0<<<<<<<<<<<<<<<<<<<<<<<<<<<<<<<<<
test 10801
mse:0.5275648236274719, mae:0.489484041929245, rse:0.6909154057502747
