==========================================================
Lanzando Experimento: CMS3_weather | Dataset: weather
==========================================================
Args in experiment:
Namespace(random_seed=2021, is_training=1, model_id='CMS3_weather_336_96', model='PatchTST', data='custom', root_path='./dataset/', data_path='weather.csv', features='M', target='OT', freq='h', checkpoints='./checkpoints/', seq_len=336, label_len=48, pred_len=96, head_type='cms3', fc_dropout=0.2, head_dropout=0.0, patch_len=16, stride=8, padding_patch='end', revin=1, affine=0, subtract_last=0, decomposition=0, kernel_size=25, individual=0, embed_type=0, enc_in=21, dec_in=7, c_out=7, d_model=128, n_heads=16, e_layers=3, d_layers=1, d_ff=256, moving_avg=25, factor=1, distil=True, dropout=0.2, embed='timeF', activation='gelu', output_attention=False, do_predict=False, num_workers=0, itr=1, train_epochs=100, batch_size=128, patience=20, learning_rate=0.0001, des='Exp', loss='mse', lradj='type3', pct_start=0.3, use_amp=False, use_gpu=True, gpu=0, use_multi_gpu=False, devices='0,1,2,3', test_flop=False)
Use GPU: cuda:0
>>>>>>>start training : CMS3_weather_336_96_PatchTST_custom_ftM_sl336_ll48_pl96_dm128_nh16_el3_dl1_df256_fc1_ebtimeF_dtTrue_Exp_0>>>>>>>>>>>>>>>>>>>>>>>>>>
train 36456
val 5175
test 10444
	iters: 100, epoch: 1 | loss: 0.6678073
	speed: 0.1703s/iter; left time: 4819.3865s
	iters: 200, epoch: 1 | loss: 0.6430213
	speed: 0.1225s/iter; left time: 3455.2891s
Epoch: 1 cost time: 35.54271841049194
Epoch: 1, Steps: 284 | Train Loss: 0.6844670 Vali Loss: 0.6373944 Test Loss: 0.2575753
Validation loss decreased (inf --> 0.637394).  Saving model ...
Updating learning rate to 0.0001
	iters: 100, epoch: 2 | loss: 0.7793105
	speed: 0.2857s/iter; left time: 8003.9315s
	iters: 200, epoch: 2 | loss: 0.5806897
	speed: 0.1234s/iter; left time: 3444.5301s
Epoch: 2 cost time: 35.0613112449646
Epoch: 2, Steps: 284 | Train Loss: 0.6793019 Vali Loss: 0.6276661 Test Loss: 0.2547940
Validation loss decreased (0.637394 --> 0.627666).  Saving model ...
Updating learning rate to 0.0001
	iters: 100, epoch: 3 | loss: 0.7523101
	speed: 0.2863s/iter; left time: 7939.5845s
	iters: 200, epoch: 3 | loss: 0.5951911
	speed: 0.1241s/iter; left time: 3428.9482s
Epoch: 3 cost time: 35.23940372467041
Epoch: 3, Steps: 284 | Train Loss: 0.6693040 Vali Loss: 0.6177180 Test Loss: 0.2517215
Validation loss decreased (0.627666 --> 0.617718).  Saving model ...
Updating learning rate to 0.0001
	iters: 100, epoch: 4 | loss: 0.5006074
	speed: 0.2874s/iter; left time: 7889.1698s
	iters: 200, epoch: 4 | loss: 0.5529363
	speed: 0.1243s/iter; left time: 3399.4323s
Epoch: 4 cost time: 35.31791114807129
Epoch: 4, Steps: 284 | Train Loss: 0.6571419 Vali Loss: 0.6037990 Test Loss: 0.2478540
Validation loss decreased (0.617718 --> 0.603799).  Saving model ...
Updating learning rate to 9e-05
	iters: 100, epoch: 5 | loss: 0.5353905
	speed: 0.2879s/iter; left time: 7821.5491s
	iters: 200, epoch: 5 | loss: 0.5476556
	speed: 0.1247s/iter; left time: 3375.0778s
Epoch: 5 cost time: 35.40760564804077
Epoch: 5, Steps: 284 | Train Loss: 0.6414033 Vali Loss: 0.5919545 Test Loss: 0.2435692
Validation loss decreased (0.603799 --> 0.591954).  Saving model ...
Updating learning rate to 8.1e-05
	iters: 100, epoch: 6 | loss: 0.5672607
	speed: 0.2884s/iter; left time: 7753.1031s
	iters: 200, epoch: 6 | loss: 0.5272889
	speed: 0.1248s/iter; left time: 3340.9930s
Epoch: 6 cost time: 35.431512117385864
Epoch: 6, Steps: 284 | Train Loss: 0.6289633 Vali Loss: 0.5804126 Test Loss: 0.2391510
Validation loss decreased (0.591954 --> 0.580413).  Saving model ...
Updating learning rate to 7.290000000000001e-05
	iters: 100, epoch: 7 | loss: 0.8152319
	speed: 0.2895s/iter; left time: 7699.9100s
	iters: 200, epoch: 7 | loss: 0.7776343
	speed: 0.1248s/iter; left time: 3305.5512s
Epoch: 7 cost time: 35.44578194618225
Epoch: 7, Steps: 284 | Train Loss: 0.6160049 Vali Loss: 0.5693124 Test Loss: 0.2348713
Validation loss decreased (0.580413 --> 0.569312).  Saving model ...
Updating learning rate to 6.561e-05
	iters: 100, epoch: 8 | loss: 0.9350342
	speed: 0.2890s/iter; left time: 7604.9492s
	iters: 200, epoch: 8 | loss: 0.5379720
	speed: 0.1248s/iter; left time: 3272.6341s
Epoch: 8 cost time: 35.46039009094238
Epoch: 8, Steps: 284 | Train Loss: 0.6034767 Vali Loss: 0.5592020 Test Loss: 0.2308495
Validation loss decreased (0.569312 --> 0.559202).  Saving model ...
Updating learning rate to 5.904900000000001e-05
	iters: 100, epoch: 9 | loss: 0.5551818
	speed: 0.2885s/iter; left time: 7508.1397s
	iters: 200, epoch: 9 | loss: 0.5949036
	speed: 0.1249s/iter; left time: 3237.5150s
Epoch: 9 cost time: 35.51003313064575
Epoch: 9, Steps: 284 | Train Loss: 0.5922149 Vali Loss: 0.5493944 Test Loss: 0.2271347
Validation loss decreased (0.559202 --> 0.549394).  Saving model ...
Updating learning rate to 5.3144100000000005e-05
	iters: 100, epoch: 10 | loss: 0.7258945
	speed: 0.2896s/iter; left time: 7455.4175s
	iters: 200, epoch: 10 | loss: 0.7589699
	speed: 0.1249s/iter; left time: 3203.5488s
Epoch: 10 cost time: 35.494285583496094
Epoch: 10, Steps: 284 | Train Loss: 0.5825150 Vali Loss: 0.5416909 Test Loss: 0.2237522
Validation loss decreased (0.549394 --> 0.541691).  Saving model ...
Updating learning rate to 4.782969000000001e-05
	iters: 100, epoch: 11 | loss: 0.4932673
	speed: 0.2890s/iter; left time: 7359.1030s
	iters: 200, epoch: 11 | loss: 0.7502465
	speed: 0.1249s/iter; left time: 3168.8036s
Epoch: 11 cost time: 35.489680767059326
Epoch: 11, Steps: 284 | Train Loss: 0.5735583 Vali Loss: 0.5294566 Test Loss: 0.2206199
Validation loss decreased (0.541691 --> 0.529457).  Saving model ...
Updating learning rate to 4.304672100000001e-05
	iters: 100, epoch: 12 | loss: 0.6481071
	speed: 0.2890s/iter; left time: 7275.5346s
	iters: 200, epoch: 12 | loss: 0.5031216
	speed: 0.1250s/iter; left time: 3134.1888s
Epoch: 12 cost time: 35.4957389831543
Epoch: 12, Steps: 284 | Train Loss: 0.5657064 Vali Loss: 0.5280015 Test Loss: 0.2178275
Validation loss decreased (0.529457 --> 0.528002).  Saving model ...
Updating learning rate to 3.874204890000001e-05
	iters: 100, epoch: 13 | loss: 0.5200111
	speed: 0.2888s/iter; left time: 7187.9366s
	iters: 200, epoch: 13 | loss: 0.4643301
	speed: 0.1250s/iter; left time: 3099.1637s
Epoch: 13 cost time: 35.499000787734985
Epoch: 13, Steps: 284 | Train Loss: 0.5577996 Vali Loss: 0.5210322 Test Loss: 0.2152808
Validation loss decreased (0.528002 --> 0.521032).  Saving model ...
Updating learning rate to 3.486784401000001e-05
	iters: 100, epoch: 14 | loss: 0.4563099
	speed: 0.2887s/iter; left time: 7105.7921s
	iters: 200, epoch: 14 | loss: 0.7465324
	speed: 0.1251s/iter; left time: 3066.4343s
Epoch: 14 cost time: 35.5100634098053
Epoch: 14, Steps: 284 | Train Loss: 0.5520905 Vali Loss: 0.5153052 Test Loss: 0.2129944
Validation loss decreased (0.521032 --> 0.515305).  Saving model ...
Updating learning rate to 3.138105960900001e-05
	iters: 100, epoch: 15 | loss: 0.3923810
	speed: 0.2887s/iter; left time: 7023.8034s
	iters: 200, epoch: 15 | loss: 0.4090060
	speed: 0.1250s/iter; left time: 3027.1181s
Epoch: 15 cost time: 35.49244570732117
Epoch: 15, Steps: 284 | Train Loss: 0.5466131 Vali Loss: 0.5074644 Test Loss: 0.2108934
Validation loss decreased (0.515305 --> 0.507464).  Saving model ...
Updating learning rate to 2.824295364810001e-05
	iters: 100, epoch: 16 | loss: 0.6079499
	speed: 0.2887s/iter; left time: 6941.2651s
	iters: 200, epoch: 16 | loss: 0.4917279
	speed: 0.1250s/iter; left time: 2992.1218s
Epoch: 16 cost time: 35.49745988845825
Epoch: 16, Steps: 284 | Train Loss: 0.5416986 Vali Loss: 0.5075237 Test Loss: 0.2090389
EarlyStopping counter: 1 out of 20
Updating learning rate to 2.541865828329001e-05
	iters: 100, epoch: 17 | loss: 0.4072503
	speed: 0.2882s/iter; left time: 6846.4680s
	iters: 200, epoch: 17 | loss: 0.4250212
	speed: 0.1250s/iter; left time: 2956.6208s
Epoch: 17 cost time: 35.48654866218567
Epoch: 17, Steps: 284 | Train Loss: 0.5374478 Vali Loss: 0.5004005 Test Loss: 0.2073514
Validation loss decreased (0.507464 --> 0.500400).  Saving model ...
Updating learning rate to 2.287679245496101e-05
	iters: 100, epoch: 18 | loss: 0.5257678
	speed: 0.2895s/iter; left time: 6795.0168s
	iters: 200, epoch: 18 | loss: 0.3773946
	speed: 0.1249s/iter; left time: 2919.8531s
Epoch: 18 cost time: 35.496153354644775
Epoch: 18, Steps: 284 | Train Loss: 0.5334778 Vali Loss: 0.4983035 Test Loss: 0.2058286
Validation loss decreased (0.500400 --> 0.498304).  Saving model ...
Updating learning rate to 2.0589113209464907e-05
	iters: 100, epoch: 19 | loss: 0.5431316
	speed: 0.2893s/iter; left time: 6709.0792s
	iters: 200, epoch: 19 | loss: 0.4723484
	speed: 0.1249s/iter; left time: 2883.8640s
Epoch: 19 cost time: 35.49911952018738
Epoch: 19, Steps: 284 | Train Loss: 0.5297557 Vali Loss: 0.4969378 Test Loss: 0.2044851
Validation loss decreased (0.498304 --> 0.496938).  Saving model ...
Updating learning rate to 1.8530201888518416e-05
	iters: 100, epoch: 20 | loss: 0.4426792
	speed: 0.2896s/iter; left time: 6632.6902s
	iters: 200, epoch: 20 | loss: 0.3999304
	speed: 0.1249s/iter; left time: 2847.3581s
Epoch: 20 cost time: 35.49180722236633
Epoch: 20, Steps: 284 | Train Loss: 0.5265217 Vali Loss: 0.4926949 Test Loss: 0.2032527
Validation loss decreased (0.496938 --> 0.492695).  Saving model ...
Updating learning rate to 1.6677181699666577e-05
	iters: 100, epoch: 21 | loss: 0.8017944
	speed: 0.2886s/iter; left time: 6528.8439s
	iters: 200, epoch: 21 | loss: 0.4675570
	speed: 0.1249s/iter; left time: 2812.9091s
Epoch: 21 cost time: 35.482542753219604
Epoch: 21, Steps: 284 | Train Loss: 0.5241153 Vali Loss: 0.4875446 Test Loss: 0.2021357
Validation loss decreased (0.492695 --> 0.487545).  Saving model ...
Updating learning rate to 1.5009463529699919e-05
	iters: 100, epoch: 22 | loss: 0.4290007
	speed: 0.2886s/iter; left time: 6446.4666s
	iters: 200, epoch: 22 | loss: 0.4784907
	speed: 0.1249s/iter; left time: 2778.4262s
Epoch: 22 cost time: 35.48258948326111
Epoch: 22, Steps: 284 | Train Loss: 0.5214724 Vali Loss: 0.4869771 Test Loss: 0.2011586
Validation loss decreased (0.487545 --> 0.486977).  Saving model ...
Updating learning rate to 1.3508517176729929e-05
	iters: 100, epoch: 23 | loss: 0.3763309
	speed: 0.2893s/iter; left time: 6380.3760s
	iters: 200, epoch: 23 | loss: 0.4474133
	speed: 0.1249s/iter; left time: 2742.2483s
Epoch: 23 cost time: 35.51551103591919
Epoch: 23, Steps: 284 | Train Loss: 0.5193999 Vali Loss: 0.4866536 Test Loss: 0.2002817
Validation loss decreased (0.486977 --> 0.486654).  Saving model ...
Updating learning rate to 1.2157665459056936e-05
	iters: 100, epoch: 24 | loss: 0.4236932
	speed: 0.2892s/iter; left time: 6296.5746s
	iters: 200, epoch: 24 | loss: 0.5243475
	speed: 0.1251s/iter; left time: 2709.9947s
Epoch: 24 cost time: 35.50416898727417
Epoch: 24, Steps: 284 | Train Loss: 0.5176243 Vali Loss: 0.4848550 Test Loss: 0.1994815
Validation loss decreased (0.486654 --> 0.484855).  Saving model ...
Updating learning rate to 1.0941898913151242e-05
	iters: 100, epoch: 25 | loss: 0.4305927
	speed: 0.2888s/iter; left time: 6204.1390s
	iters: 200, epoch: 25 | loss: 0.4153610
	speed: 0.1249s/iter; left time: 2670.5518s
Epoch: 25 cost time: 35.475000619888306
Epoch: 25, Steps: 284 | Train Loss: 0.5160386 Vali Loss: 0.4811029 Test Loss: 0.1987600
Validation loss decreased (0.484855 --> 0.481103).  Saving model ...
Updating learning rate to 9.847709021836118e-06
	iters: 100, epoch: 26 | loss: 0.4153844
	speed: 0.2888s/iter; left time: 6123.7079s
	iters: 200, epoch: 26 | loss: 0.4380947
	speed: 0.1249s/iter; left time: 2635.3530s
Epoch: 26 cost time: 35.48528218269348
Epoch: 26, Steps: 284 | Train Loss: 0.5145650 Vali Loss: 0.4799770 Test Loss: 0.1981671
Validation loss decreased (0.481103 --> 0.479977).  Saving model ...
Updating learning rate to 8.862938119652508e-06
	iters: 100, epoch: 27 | loss: 0.5112082
	speed: 0.2886s/iter; left time: 6035.8470s
	iters: 200, epoch: 27 | loss: 0.9092404
	speed: 0.1249s/iter; left time: 2600.3989s
Epoch: 27 cost time: 35.47024083137512
Epoch: 27, Steps: 284 | Train Loss: 0.5122347 Vali Loss: 0.4769875 Test Loss: 0.1975909
Validation loss decreased (0.479977 --> 0.476987).  Saving model ...
Updating learning rate to 7.976644307687255e-06
	iters: 100, epoch: 28 | loss: 0.3558953
	speed: 0.2886s/iter; left time: 5954.2651s
	iters: 200, epoch: 28 | loss: 0.4120027
	speed: 0.1250s/iter; left time: 2566.5093s
Epoch: 28 cost time: 35.48825144767761
Epoch: 28, Steps: 284 | Train Loss: 0.5117053 Vali Loss: 0.4786631 Test Loss: 0.1970847
EarlyStopping counter: 1 out of 20
Updating learning rate to 7.178979876918531e-06
	iters: 100, epoch: 29 | loss: 0.6686478
	speed: 0.2882s/iter; left time: 5864.7684s
	iters: 200, epoch: 29 | loss: 0.4245602
	speed: 0.1249s/iter; left time: 2528.4623s
Epoch: 29 cost time: 35.471675634384155
Epoch: 29, Steps: 284 | Train Loss: 0.5093402 Vali Loss: 0.4771872 Test Loss: 0.1966468
EarlyStopping counter: 2 out of 20
Updating learning rate to 6.4610818892266776e-06
	iters: 100, epoch: 30 | loss: 0.3946820
	speed: 0.2881s/iter; left time: 5780.5501s
	iters: 200, epoch: 30 | loss: 0.4120207
	speed: 0.1249s/iter; left time: 2492.7558s
Epoch: 30 cost time: 35.471359729766846
Epoch: 30, Steps: 284 | Train Loss: 0.5094051 Vali Loss: 0.4753069 Test Loss: 0.1962050
Validation loss decreased (0.476987 --> 0.475307).  Saving model ...
Updating learning rate to 5.8149737003040096e-06
	iters: 100, epoch: 31 | loss: 0.6062567
	speed: 0.2888s/iter; left time: 5712.5285s
	iters: 200, epoch: 31 | loss: 0.4929413
	speed: 0.1249s/iter; left time: 2457.5932s
Epoch: 31 cost time: 35.48635721206665
Epoch: 31, Steps: 284 | Train Loss: 0.5082924 Vali Loss: 0.4735582 Test Loss: 0.1958442
Validation loss decreased (0.475307 --> 0.473558).  Saving model ...
Updating learning rate to 5.23347633027361e-06
	iters: 100, epoch: 32 | loss: 0.4161025
	speed: 0.2885s/iter; left time: 5625.0330s
	iters: 200, epoch: 32 | loss: 0.7635437
	speed: 0.1250s/iter; left time: 2425.0210s
Epoch: 32 cost time: 35.49912142753601
Epoch: 32, Steps: 284 | Train Loss: 0.5077602 Vali Loss: 0.4725255 Test Loss: 0.1955054
Validation loss decreased (0.473558 --> 0.472526).  Saving model ...
Updating learning rate to 4.710128697246249e-06
	iters: 100, epoch: 33 | loss: 1.1345830
	speed: 0.2891s/iter; left time: 5553.9746s
	iters: 200, epoch: 33 | loss: 0.6341957
	speed: 0.1249s/iter; left time: 2387.5560s
Epoch: 33 cost time: 35.47676992416382
Epoch: 33, Steps: 284 | Train Loss: 0.5063418 Vali Loss: 0.4742871 Test Loss: 0.1952131
EarlyStopping counter: 1 out of 20
Updating learning rate to 4.239115827521624e-06
	iters: 100, epoch: 34 | loss: 0.3853430
	speed: 0.2880s/iter; left time: 5452.0626s
	iters: 200, epoch: 34 | loss: 0.3731481
	speed: 0.1249s/iter; left time: 2352.2348s
Epoch: 34 cost time: 35.975223779678345
Epoch: 34, Steps: 284 | Train Loss: 0.5062410 Vali Loss: 0.4730329 Test Loss: 0.1949514
EarlyStopping counter: 2 out of 20
Updating learning rate to 3.815204244769462e-06
	iters: 100, epoch: 35 | loss: 0.4230787
	speed: 0.2931s/iter; left time: 5464.6114s
	iters: 200, epoch: 35 | loss: 0.3780847
	speed: 0.1249s/iter; left time: 2316.0324s
Epoch: 35 cost time: 35.473169803619385
Epoch: 35, Steps: 284 | Train Loss: 0.5057943 Vali Loss: 0.4725301 Test Loss: 0.1947039
EarlyStopping counter: 3 out of 20
Updating learning rate to 3.4336838202925152e-06
	iters: 100, epoch: 36 | loss: 0.3794369
	speed: 0.2882s/iter; left time: 5290.8442s
	iters: 200, epoch: 36 | loss: 0.4115729
	speed: 0.1250s/iter; left time: 2282.1079s
Epoch: 36 cost time: 35.51329565048218
Epoch: 36, Steps: 284 | Train Loss: 0.5053997 Vali Loss: 0.4700633 Test Loss: 0.1945144
Validation loss decreased (0.472526 --> 0.470063).  Saving model ...
Updating learning rate to 3.090315438263264e-06
	iters: 100, epoch: 37 | loss: 0.6641498
	speed: 0.2896s/iter; left time: 5235.3890s
	iters: 200, epoch: 37 | loss: 0.7436283
	speed: 0.1249s/iter; left time: 2245.1511s
Epoch: 37 cost time: 35.49926424026489
Epoch: 37, Steps: 284 | Train Loss: 0.5036150 Vali Loss: 0.4719289 Test Loss: 0.1943101
EarlyStopping counter: 1 out of 20
Updating learning rate to 2.7812838944369375e-06
	iters: 100, epoch: 38 | loss: 0.6980160
	speed: 0.2881s/iter; left time: 5126.6188s
	iters: 200, epoch: 38 | loss: 0.4535879
	speed: 0.1250s/iter; left time: 2211.6541s
Epoch: 38 cost time: 35.49226355552673
Epoch: 38, Steps: 284 | Train Loss: 0.5044420 Vali Loss: 0.4715564 Test Loss: 0.1941199
EarlyStopping counter: 2 out of 20
Updating learning rate to 2.503155504993244e-06
	iters: 100, epoch: 39 | loss: 0.6513481
	speed: 0.2883s/iter; left time: 5047.5760s
	iters: 200, epoch: 39 | loss: 0.6470569
	speed: 0.1250s/iter; left time: 2176.2761s
Epoch: 39 cost time: 35.49479866027832
Epoch: 39, Steps: 284 | Train Loss: 0.5039397 Vali Loss: 0.4697966 Test Loss: 0.1939875
Validation loss decreased (0.470063 --> 0.469797).  Saving model ...
Updating learning rate to 2.2528399544939195e-06
	iters: 100, epoch: 40 | loss: 0.4236123
	speed: 0.2894s/iter; left time: 4984.8636s
	iters: 200, epoch: 40 | loss: 0.8380747
	speed: 0.1253s/iter; left time: 2145.4081s
Epoch: 40 cost time: 35.538859367370605
Epoch: 40, Steps: 284 | Train Loss: 0.5038784 Vali Loss: 0.4707296 Test Loss: 0.1938346
EarlyStopping counter: 1 out of 20
Updating learning rate to 2.0275559590445276e-06
	iters: 100, epoch: 41 | loss: 0.4358179
	speed: 0.2883s/iter; left time: 4884.3885s
	iters: 200, epoch: 41 | loss: 0.5741686
	speed: 0.1250s/iter; left time: 2105.2110s
Epoch: 41 cost time: 35.512465715408325
Epoch: 41, Steps: 284 | Train Loss: 0.5033188 Vali Loss: 0.4692879 Test Loss: 0.1937128
Validation loss decreased (0.469797 --> 0.469288).  Saving model ...
Updating learning rate to 1.8248003631400751e-06
	iters: 100, epoch: 42 | loss: 0.6753310
	speed: 0.2895s/iter; left time: 4822.2184s
	iters: 200, epoch: 42 | loss: 0.3944672
	speed: 0.1252s/iter; left time: 2072.7921s
Epoch: 42 cost time: 35.579684257507324
Epoch: 42, Steps: 284 | Train Loss: 0.5022153 Vali Loss: 0.4698465 Test Loss: 0.1936101
EarlyStopping counter: 1 out of 20
Updating learning rate to 1.6423203268260676e-06
	iters: 100, epoch: 43 | loss: 0.3624225
	speed: 0.2886s/iter; left time: 4725.3266s
	iters: 200, epoch: 43 | loss: 0.3562663
	speed: 0.1253s/iter; left time: 2038.7478s
Epoch: 43 cost time: 35.579427003860474
Epoch: 43, Steps: 284 | Train Loss: 0.5028132 Vali Loss: 0.4709501 Test Loss: 0.1935006
EarlyStopping counter: 2 out of 20
Updating learning rate to 1.4780882941434609e-06
	iters: 100, epoch: 44 | loss: 0.4013883
	speed: 0.2889s/iter; left time: 4647.5065s
	iters: 200, epoch: 44 | loss: 0.7597505
	speed: 0.1253s/iter; left time: 2003.3947s
Epoch: 44 cost time: 35.58521318435669
Epoch: 44, Steps: 284 | Train Loss: 0.5026565 Vali Loss: 0.4702311 Test Loss: 0.1934168
EarlyStopping counter: 3 out of 20
Updating learning rate to 1.3302794647291146e-06
	iters: 100, epoch: 45 | loss: 0.6514021
	speed: 0.2888s/iter; left time: 4565.2559s
	iters: 200, epoch: 45 | loss: 0.4700582
	speed: 0.1253s/iter; left time: 1967.5249s
Epoch: 45 cost time: 35.58596992492676
Epoch: 45, Steps: 284 | Train Loss: 0.5023641 Vali Loss: 0.4675727 Test Loss: 0.1933156
Validation loss decreased (0.469288 --> 0.467573).  Saving model ...
Updating learning rate to 1.1972515182562034e-06
	iters: 100, epoch: 46 | loss: 0.4021249
	speed: 0.2901s/iter; left time: 4502.5800s
	iters: 200, epoch: 46 | loss: 0.7203954
	speed: 0.1253s/iter; left time: 1931.9420s
Epoch: 46 cost time: 35.58561658859253
Epoch: 46, Steps: 284 | Train Loss: 0.5023414 Vali Loss: 0.4677169 Test Loss: 0.1932610
EarlyStopping counter: 1 out of 20
Updating learning rate to 1.077526366430583e-06
	iters: 100, epoch: 47 | loss: 0.4837943
	speed: 0.2890s/iter; left time: 4403.6658s
	iters: 200, epoch: 47 | loss: 0.6022665
	speed: 0.1253s/iter; left time: 1896.9840s
Epoch: 47 cost time: 35.590800046920776
Epoch: 47, Steps: 284 | Train Loss: 0.5020486 Vali Loss: 0.4694996 Test Loss: 0.1931805
EarlyStopping counter: 2 out of 20
Updating learning rate to 9.697737297875248e-07
	iters: 100, epoch: 48 | loss: 0.6943429
	speed: 0.2889s/iter; left time: 4319.6449s
	iters: 200, epoch: 48 | loss: 0.3900083
	speed: 0.1253s/iter; left time: 1861.5470s
Epoch: 48 cost time: 35.60298156738281
Epoch: 48, Steps: 284 | Train Loss: 0.5018859 Vali Loss: 0.4654238 Test Loss: 0.1931203
Validation loss decreased (0.467573 --> 0.465424).  Saving model ...
Updating learning rate to 8.727963568087723e-07
	iters: 100, epoch: 49 | loss: 0.7107897
	speed: 0.2897s/iter; left time: 4249.6485s
	iters: 200, epoch: 49 | loss: 0.6167212
	speed: 0.1253s/iter; left time: 1826.0249s
Epoch: 49 cost time: 35.61351013183594
Epoch: 49, Steps: 284 | Train Loss: 0.5017303 Vali Loss: 0.4692023 Test Loss: 0.1930657
EarlyStopping counter: 1 out of 20
Updating learning rate to 7.855167211278951e-07
	iters: 100, epoch: 50 | loss: 0.4023810
	speed: 0.2890s/iter; left time: 4156.8397s
	iters: 200, epoch: 50 | loss: 0.6726311
	speed: 0.1255s/iter; left time: 1793.3358s
Epoch: 50 cost time: 35.622535943984985
Epoch: 50, Steps: 284 | Train Loss: 0.5010975 Vali Loss: 0.4645685 Test Loss: 0.1930230
Validation loss decreased (0.465424 --> 0.464569).  Saving model ...
Updating learning rate to 7.069650490151056e-07
	iters: 100, epoch: 51 | loss: 0.4500577
	speed: 0.2901s/iter; left time: 4090.1529s
	iters: 200, epoch: 51 | loss: 0.6620937
	speed: 0.1254s/iter; left time: 1755.3196s
Epoch: 51 cost time: 35.61766767501831
Epoch: 51, Steps: 284 | Train Loss: 0.5016516 Vali Loss: 0.4684907 Test Loss: 0.1929700
EarlyStopping counter: 1 out of 20
Updating learning rate to 6.36268544113595e-07
	iters: 100, epoch: 52 | loss: 0.4535465
	speed: 0.2897s/iter; left time: 4002.6113s
	iters: 200, epoch: 52 | loss: 0.3502620
	speed: 0.1256s/iter; left time: 1723.4951s
Epoch: 52 cost time: 35.67095708847046
Epoch: 52, Steps: 284 | Train Loss: 0.5017624 Vali Loss: 0.4690431 Test Loss: 0.1929345
EarlyStopping counter: 2 out of 20
Updating learning rate to 5.726416897022355e-07
	iters: 100, epoch: 53 | loss: 0.4253176
	speed: 0.2890s/iter; left time: 3911.6202s
	iters: 200, epoch: 53 | loss: 0.4949916
	speed: 0.1253s/iter; left time: 1683.7826s
Epoch: 53 cost time: 35.604928970336914
Epoch: 53, Steps: 284 | Train Loss: 0.4995518 Vali Loss: 0.4686124 Test Loss: 0.1929020
EarlyStopping counter: 3 out of 20
Updating learning rate to 5.15377520732012e-07
	iters: 100, epoch: 54 | loss: 0.7009750
	speed: 0.2888s/iter; left time: 3826.9154s
	iters: 200, epoch: 54 | loss: 0.6396861
	speed: 0.1254s/iter; left time: 1648.6380s
Epoch: 54 cost time: 35.61744689941406
Epoch: 54, Steps: 284 | Train Loss: 0.5011475 Vali Loss: 0.4674768 Test Loss: 0.1928756
EarlyStopping counter: 4 out of 20
Updating learning rate to 4.6383976865881085e-07
	iters: 100, epoch: 55 | loss: 0.3640355
	speed: 0.2891s/iter; left time: 3748.2804s
	iters: 200, epoch: 55 | loss: 0.3873524
	speed: 0.1254s/iter; left time: 1613.4264s
Epoch: 55 cost time: 35.61535906791687
Epoch: 55, Steps: 284 | Train Loss: 0.5000050 Vali Loss: 0.4685608 Test Loss: 0.1928503
EarlyStopping counter: 5 out of 20
Updating learning rate to 4.174557917929298e-07
	iters: 100, epoch: 56 | loss: 0.3817957
	speed: 0.2891s/iter; left time: 3666.5898s
	iters: 200, epoch: 56 | loss: 0.3714666
	speed: 0.1254s/iter; left time: 1577.7645s
Epoch: 56 cost time: 35.6099898815155
Epoch: 56, Steps: 284 | Train Loss: 0.5010241 Vali Loss: 0.4674520 Test Loss: 0.1928008
EarlyStopping counter: 6 out of 20
Updating learning rate to 3.7571021261363677e-07
	iters: 100, epoch: 57 | loss: 1.1852808
	speed: 0.2890s/iter; left time: 3583.3084s
	iters: 200, epoch: 57 | loss: 0.4082392
	speed: 0.1253s/iter; left time: 1541.2735s
Epoch: 57 cost time: 35.59926080703735
Epoch: 57, Steps: 284 | Train Loss: 0.5012013 Vali Loss: 0.4686662 Test Loss: 0.1927981
EarlyStopping counter: 7 out of 20
Updating learning rate to 3.381391913522731e-07
	iters: 100, epoch: 58 | loss: 0.5013551
	speed: 0.2889s/iter; left time: 3499.2944s
	iters: 200, epoch: 58 | loss: 0.3522981
	speed: 0.1253s/iter; left time: 1505.3514s
Epoch: 58 cost time: 35.59395217895508
Epoch: 58, Steps: 284 | Train Loss: 0.5011114 Vali Loss: 0.4674178 Test Loss: 0.1927686
EarlyStopping counter: 8 out of 20
Updating learning rate to 3.043252722170458e-07
	iters: 100, epoch: 59 | loss: 0.4522101
	speed: 0.2888s/iter; left time: 3416.0419s
	iters: 200, epoch: 59 | loss: 0.7151189
	speed: 0.1253s/iter; left time: 1469.5444s
Epoch: 59 cost time: 35.59127902984619
Epoch: 59, Steps: 284 | Train Loss: 0.5007712 Vali Loss: 0.4665760 Test Loss: 0.1927547
EarlyStopping counter: 9 out of 20
Updating learning rate to 2.7389274499534124e-07
	iters: 100, epoch: 60 | loss: 0.4560885
	speed: 0.2889s/iter; left time: 3335.6669s
	iters: 200, epoch: 60 | loss: 0.6177315
	speed: 0.1253s/iter; left time: 1433.9481s
Epoch: 60 cost time: 35.58899664878845
Epoch: 60, Steps: 284 | Train Loss: 0.5009936 Vali Loss: 0.4671188 Test Loss: 0.1927344
EarlyStopping counter: 10 out of 20
Updating learning rate to 2.465034704958071e-07
	iters: 100, epoch: 61 | loss: 0.4867251
	speed: 0.2894s/iter; left time: 3258.6350s
	iters: 200, epoch: 61 | loss: 0.3831883
	speed: 0.1256s/iter; left time: 1402.2641s
Epoch: 61 cost time: 35.65076184272766
Epoch: 61, Steps: 284 | Train Loss: 0.5009349 Vali Loss: 0.4660477 Test Loss: 0.1927345
EarlyStopping counter: 11 out of 20
Updating learning rate to 2.218531234462264e-07
	iters: 100, epoch: 62 | loss: 0.4186567
	speed: 0.2888s/iter; left time: 3169.7727s
	iters: 200, epoch: 62 | loss: 0.7366248
	speed: 0.1253s/iter; left time: 1362.4915s
Epoch: 62 cost time: 35.579323053359985
Epoch: 62, Steps: 284 | Train Loss: 0.5008252 Vali Loss: 0.4679743 Test Loss: 0.1927212
EarlyStopping counter: 12 out of 20
Updating learning rate to 1.9966781110160376e-07
	iters: 100, epoch: 63 | loss: 0.4680404
	speed: 0.2888s/iter; left time: 3088.5999s
	iters: 200, epoch: 63 | loss: 0.4772846
	speed: 0.1256s/iter; left time: 1330.0619s
Epoch: 63 cost time: 35.60418963432312
Epoch: 63, Steps: 284 | Train Loss: 0.5007454 Vali Loss: 0.4688094 Test Loss: 0.1927049
EarlyStopping counter: 13 out of 20
Updating learning rate to 1.797010299914434e-07
	iters: 100, epoch: 64 | loss: 0.8350817
	speed: 0.2890s/iter; left time: 3008.1022s
	iters: 200, epoch: 64 | loss: 0.3669109
	speed: 0.1252s/iter; left time: 1291.0152s
Epoch: 64 cost time: 35.57481050491333
Epoch: 64, Steps: 284 | Train Loss: 0.4991878 Vali Loss: 0.4680368 Test Loss: 0.1926779
EarlyStopping counter: 14 out of 20
Updating learning rate to 1.6173092699229907e-07
	iters: 100, epoch: 65 | loss: 0.6077288
	speed: 0.2887s/iter; left time: 2923.0800s
	iters: 200, epoch: 65 | loss: 0.4705185
	speed: 0.1252s/iter; left time: 1255.2622s
Epoch: 65 cost time: 35.569127321243286
Epoch: 65, Steps: 284 | Train Loss: 0.4994330 Vali Loss: 0.4679608 Test Loss: 0.1926712
EarlyStopping counter: 15 out of 20
Updating learning rate to 1.4555783429306916e-07
	iters: 100, epoch: 66 | loss: 0.3981897
	speed: 0.2888s/iter; left time: 2842.5696s
	iters: 200, epoch: 66 | loss: 0.4466301
	speed: 0.1252s/iter; left time: 1219.5288s
Epoch: 66 cost time: 35.562331199645996
Epoch: 66, Steps: 284 | Train Loss: 0.4998040 Vali Loss: 0.4664337 Test Loss: 0.1926689
EarlyStopping counter: 16 out of 20
Updating learning rate to 1.3100205086376224e-07
	iters: 100, epoch: 67 | loss: 0.4129709
	speed: 0.2888s/iter; left time: 2760.1676s
	iters: 200, epoch: 67 | loss: 0.6710466
	speed: 0.1252s/iter; left time: 1184.2239s
Epoch: 67 cost time: 35.56108212471008
Epoch: 67, Steps: 284 | Train Loss: 0.5006679 Vali Loss: 0.4676699 Test Loss: 0.1926606
EarlyStopping counter: 17 out of 20
Updating learning rate to 1.1790184577738603e-07
	iters: 100, epoch: 68 | loss: 0.3966115
	speed: 0.2888s/iter; left time: 2678.3389s
	iters: 200, epoch: 68 | loss: 0.6771905
	speed: 0.1252s/iter; left time: 1148.4587s
Epoch: 68 cost time: 35.56204843521118
Epoch: 68, Steps: 284 | Train Loss: 0.5002554 Vali Loss: 0.4641513 Test Loss: 0.1926514
Validation loss decreased (0.464569 --> 0.464151).  Saving model ...
Updating learning rate to 1.0611166119964742e-07
	iters: 100, epoch: 69 | loss: 0.4153258
	speed: 0.2896s/iter; left time: 2603.4295s
	iters: 200, epoch: 69 | loss: 0.3807134
	speed: 0.1252s/iter; left time: 1112.9343s
Epoch: 69 cost time: 35.57807493209839
Epoch: 69, Steps: 284 | Train Loss: 0.5005191 Vali Loss: 0.4684144 Test Loss: 0.1926533
EarlyStopping counter: 1 out of 20
Updating learning rate to 9.550049507968268e-08
	iters: 100, epoch: 70 | loss: 0.7591088
	speed: 0.2888s/iter; left time: 2513.6716s
	iters: 200, epoch: 70 | loss: 0.4072073
	speed: 0.1252s/iter; left time: 1077.2869s
Epoch: 70 cost time: 35.56798553466797
Epoch: 70, Steps: 284 | Train Loss: 0.5004812 Vali Loss: 0.4638677 Test Loss: 0.1926374
Validation loss decreased (0.464151 --> 0.463868).  Saving model ...
Updating learning rate to 8.595044557171442e-08
	iters: 100, epoch: 71 | loss: 0.4385230
	speed: 0.2894s/iter; left time: 2436.9630s
	iters: 200, epoch: 71 | loss: 0.4075588
	speed: 0.1254s/iter; left time: 1043.8034s
Epoch: 71 cost time: 35.60111379623413
Epoch: 71, Steps: 284 | Train Loss: 0.5006989 Vali Loss: 0.4677293 Test Loss: 0.1926544
EarlyStopping counter: 1 out of 20
Updating learning rate to 7.735540101454298e-08
	iters: 100, epoch: 72 | loss: 0.6919313
	speed: 0.2887s/iter; left time: 2348.8309s
	iters: 200, epoch: 72 | loss: 0.5656117
	speed: 0.1252s/iter; left time: 1006.4339s
Epoch: 72 cost time: 35.558066844940186
Epoch: 72, Steps: 284 | Train Loss: 0.5007121 Vali Loss: 0.4681008 Test Loss: 0.1926360
EarlyStopping counter: 2 out of 20
Updating learning rate to 6.961986091308869e-08
	iters: 100, epoch: 73 | loss: 0.6865844
	speed: 0.2887s/iter; left time: 2267.4136s
	iters: 200, epoch: 73 | loss: 0.3621414
	speed: 0.1252s/iter; left time: 970.3270s
Epoch: 73 cost time: 35.55778384208679
Epoch: 73, Steps: 284 | Train Loss: 0.5005928 Vali Loss: 0.4677686 Test Loss: 0.1926281
EarlyStopping counter: 3 out of 20
Updating learning rate to 6.265787482177981e-08
	iters: 100, epoch: 74 | loss: 0.4782876
	speed: 0.2887s/iter; left time: 2185.3317s
	iters: 200, epoch: 74 | loss: 0.3910420
	speed: 0.1252s/iter; left time: 934.8353s
Epoch: 74 cost time: 35.5456657409668
Epoch: 74, Steps: 284 | Train Loss: 0.5003879 Vali Loss: 0.4663718 Test Loss: 0.1926228
EarlyStopping counter: 4 out of 20
Updating learning rate to 5.639208733960184e-08
	iters: 100, epoch: 75 | loss: 0.3819006
	speed: 0.2889s/iter; left time: 2104.7770s
	iters: 200, epoch: 75 | loss: 0.4210309
	speed: 0.1253s/iter; left time: 900.1097s
Epoch: 75 cost time: 35.56589365005493
Epoch: 75, Steps: 284 | Train Loss: 0.4997595 Vali Loss: 0.4660811 Test Loss: 0.1926331
EarlyStopping counter: 5 out of 20
Updating learning rate to 5.075287860564165e-08
	iters: 100, epoch: 76 | loss: 0.4731452
	speed: 0.2886s/iter; left time: 2020.4465s
	iters: 200, epoch: 76 | loss: 0.6116888
	speed: 0.1258s/iter; left time: 868.1022s
Epoch: 76 cost time: 35.620760917663574
Epoch: 76, Steps: 284 | Train Loss: 0.5005848 Vali Loss: 0.4662025 Test Loss: 0.1926269
EarlyStopping counter: 6 out of 20
Updating learning rate to 4.567759074507749e-08
	iters: 100, epoch: 77 | loss: 0.4733507
	speed: 0.2887s/iter; left time: 1939.3918s
	iters: 200, epoch: 77 | loss: 0.3592339
	speed: 0.1252s/iter; left time: 828.3995s
Epoch: 77 cost time: 35.55630135536194
Epoch: 77, Steps: 284 | Train Loss: 0.4997785 Vali Loss: 0.4672658 Test Loss: 0.1926211
EarlyStopping counter: 7 out of 20
Updating learning rate to 4.1109831670569744e-08
	iters: 100, epoch: 78 | loss: 0.5259565
	speed: 0.2888s/iter; left time: 1857.8210s
	iters: 200, epoch: 78 | loss: 0.6488917
	speed: 0.1252s/iter; left time: 792.9352s
Epoch: 78 cost time: 35.55677676200867
Epoch: 78, Steps: 284 | Train Loss: 0.5006985 Vali Loss: 0.4658233 Test Loss: 0.1926099
EarlyStopping counter: 8 out of 20
Updating learning rate to 3.6998848503512764e-08
	iters: 100, epoch: 79 | loss: 0.5413011
	speed: 0.2888s/iter; left time: 1775.9297s
	iters: 200, epoch: 79 | loss: 0.6584519
	speed: 0.1252s/iter; left time: 757.1028s
Epoch: 79 cost time: 35.564958333969116
Epoch: 79, Steps: 284 | Train Loss: 0.5005225 Vali Loss: 0.4676356 Test Loss: 0.1926138
EarlyStopping counter: 9 out of 20
Updating learning rate to 3.3298963653161496e-08
	iters: 100, epoch: 80 | loss: 0.8805382
	speed: 0.2887s/iter; left time: 1693.1079s
	iters: 200, epoch: 80 | loss: 0.3570242
	speed: 0.1251s/iter; left time: 721.2815s
Epoch: 80 cost time: 35.54259204864502
Epoch: 80, Steps: 284 | Train Loss: 0.4997304 Vali Loss: 0.4669611 Test Loss: 0.1926139
EarlyStopping counter: 10 out of 20
Updating learning rate to 2.996906728784534e-08
	iters: 100, epoch: 81 | loss: 0.6672615
	speed: 0.2886s/iter; left time: 1610.4052s
	iters: 200, epoch: 81 | loss: 0.3522618
	speed: 0.1251s/iter; left time: 685.8718s
Epoch: 81 cost time: 35.54458737373352
Epoch: 81, Steps: 284 | Train Loss: 0.5005356 Vali Loss: 0.4671337 Test Loss: 0.1926311
EarlyStopping counter: 11 out of 20
Updating learning rate to 2.697216055906081e-08
	iters: 100, epoch: 82 | loss: 0.7700764
	speed: 0.2886s/iter; left time: 1528.7484s
	iters: 200, epoch: 82 | loss: 0.3394266
	speed: 0.1251s/iter; left time: 650.3813s
Epoch: 82 cost time: 35.55392384529114
Epoch: 82, Steps: 284 | Train Loss: 0.5002821 Vali Loss: 0.4651362 Test Loss: 0.1926199
EarlyStopping counter: 12 out of 20
Updating learning rate to 2.427494450315473e-08
	iters: 100, epoch: 83 | loss: 0.6724076
	speed: 0.2892s/iter; left time: 1449.7042s
	iters: 200, epoch: 83 | loss: 0.4555505
	speed: 0.1252s/iter; left time: 615.0605s
Epoch: 83 cost time: 35.59122037887573
Epoch: 83, Steps: 284 | Train Loss: 0.5007928 Vali Loss: 0.4661013 Test Loss: 0.1926242
EarlyStopping counter: 13 out of 20
Updating learning rate to 2.1847450052839257e-08
	iters: 100, epoch: 84 | loss: 0.4956169
	speed: 0.2886s/iter; left time: 1364.9330s
	iters: 200, epoch: 84 | loss: 0.4301116
	speed: 0.1251s/iter; left time: 579.2086s
Epoch: 84 cost time: 35.54462718963623
Epoch: 84, Steps: 284 | Train Loss: 0.5006709 Vali Loss: 0.4637395 Test Loss: 0.1926135
Validation loss decreased (0.463868 --> 0.463739).  Saving model ...
Updating learning rate to 1.9662705047555332e-08
	iters: 100, epoch: 85 | loss: 0.3955893
	speed: 0.2895s/iter; left time: 1286.6434s
	iters: 200, epoch: 85 | loss: 0.3659775
	speed: 0.1251s/iter; left time: 543.6073s
Epoch: 85 cost time: 35.552974462509155
Epoch: 85, Steps: 284 | Train Loss: 0.5008257 Vali Loss: 0.4682736 Test Loss: 0.1926151
EarlyStopping counter: 1 out of 20
Updating learning rate to 1.7696434542799797e-08
	iters: 100, epoch: 86 | loss: 0.4241570
	speed: 0.2889s/iter; left time: 1201.9863s
	iters: 200, epoch: 86 | loss: 1.0740628
	speed: 0.1251s/iter; left time: 508.1084s
Epoch: 86 cost time: 35.53925943374634
Epoch: 86, Steps: 284 | Train Loss: 0.5004675 Vali Loss: 0.4658730 Test Loss: 0.1926146
EarlyStopping counter: 2 out of 20
Updating learning rate to 1.5926791088519817e-08
	iters: 100, epoch: 87 | loss: 0.3665189
	speed: 0.2885s/iter; left time: 1118.5614s
	iters: 200, epoch: 87 | loss: 0.4532835
	speed: 0.1251s/iter; left time: 472.5034s
Epoch: 87 cost time: 35.54087710380554
Epoch: 87, Steps: 284 | Train Loss: 0.5006469 Vali Loss: 0.4673432 Test Loss: 0.1926093
EarlyStopping counter: 3 out of 20
Updating learning rate to 1.4334111979667836e-08
	iters: 100, epoch: 88 | loss: 0.4787957
	speed: 0.2887s/iter; left time: 1037.2802s
	iters: 200, epoch: 88 | loss: 0.4991397
	speed: 0.1251s/iter; left time: 437.0823s
Epoch: 88 cost time: 35.54708218574524
Epoch: 88, Steps: 284 | Train Loss: 0.5004731 Vali Loss: 0.4668249 Test Loss: 0.1926165
EarlyStopping counter: 4 out of 20
Updating learning rate to 1.2900700781701054e-08
	iters: 100, epoch: 89 | loss: 0.4184921
	speed: 0.2886s/iter; left time: 954.9141s
	iters: 200, epoch: 89 | loss: 0.3931183
	speed: 0.1252s/iter; left time: 401.7318s
Epoch: 89 cost time: 35.5471305847168
Epoch: 89, Steps: 284 | Train Loss: 0.5002210 Vali Loss: 0.4669184 Test Loss: 0.1926071
EarlyStopping counter: 5 out of 20
Updating learning rate to 1.161063070353095e-08
	iters: 100, epoch: 90 | loss: 0.7027008
	speed: 0.2887s/iter; left time: 873.2662s
	iters: 200, epoch: 90 | loss: 0.4726470
	speed: 0.1251s/iter; left time: 365.9483s
Epoch: 90 cost time: 35.54270839691162
Epoch: 90, Steps: 284 | Train Loss: 0.5008579 Vali Loss: 0.4684830 Test Loss: 0.1926208
EarlyStopping counter: 6 out of 20
Updating learning rate to 1.0449567633177854e-08
	iters: 100, epoch: 91 | loss: 0.5531852
	speed: 0.2887s/iter; left time: 791.2980s
	iters: 200, epoch: 91 | loss: 0.3572068
	speed: 0.1251s/iter; left time: 330.4717s
Epoch: 91 cost time: 35.54219317436218
Epoch: 91, Steps: 284 | Train Loss: 0.4998297 Vali Loss: 0.4639529 Test Loss: 0.1926071
EarlyStopping counter: 7 out of 20
Updating learning rate to 9.404610869860069e-09
	iters: 100, epoch: 92 | loss: 0.6925726
	speed: 0.2887s/iter; left time: 709.3133s
	iters: 200, epoch: 92 | loss: 0.4401673
	speed: 0.1251s/iter; left time: 294.9470s
Epoch: 92 cost time: 35.5480170249939
Epoch: 92, Steps: 284 | Train Loss: 0.5002689 Vali Loss: 0.4672519 Test Loss: 0.1926109
EarlyStopping counter: 8 out of 20
Updating learning rate to 8.464149782874063e-09
	iters: 100, epoch: 93 | loss: 0.3830561
	speed: 0.2886s/iter; left time: 627.2181s
	iters: 200, epoch: 93 | loss: 0.4372094
	speed: 0.1251s/iter; left time: 259.4158s
Epoch: 93 cost time: 35.56031560897827
Epoch: 93, Steps: 284 | Train Loss: 0.5007608 Vali Loss: 0.4686922 Test Loss: 0.1926242
EarlyStopping counter: 9 out of 20
Updating learning rate to 7.617734804586658e-09
	iters: 100, epoch: 94 | loss: 0.4312260
	speed: 0.2886s/iter; left time: 545.1621s
	iters: 200, epoch: 94 | loss: 0.6670372
	speed: 0.1252s/iter; left time: 223.9267s
Epoch: 94 cost time: 35.547730684280396
Epoch: 94, Steps: 284 | Train Loss: 0.4999807 Vali Loss: 0.4667295 Test Loss: 0.1926200
EarlyStopping counter: 10 out of 20
Updating learning rate to 6.855961324127991e-09
	iters: 100, epoch: 95 | loss: 0.6314043
	speed: 0.2887s/iter; left time: 463.4134s
	iters: 200, epoch: 95 | loss: 0.4864943
	speed: 0.1251s/iter; left time: 188.3485s
Epoch: 95 cost time: 35.55254101753235
Epoch: 95, Steps: 284 | Train Loss: 0.5005787 Vali Loss: 0.4681103 Test Loss: 0.1926135
EarlyStopping counter: 11 out of 20
Updating learning rate to 6.170365191715193e-09
	iters: 100, epoch: 96 | loss: 0.3790118
	speed: 0.2887s/iter; left time: 381.3544s
	iters: 200, epoch: 96 | loss: 0.4427624
	speed: 0.1251s/iter; left time: 152.7546s
Epoch: 96 cost time: 35.541476011276245
Epoch: 96, Steps: 284 | Train Loss: 0.5003509 Vali Loss: 0.4678045 Test Loss: 0.1926052
EarlyStopping counter: 12 out of 20
Updating learning rate to 5.5533286725436726e-09
	iters: 100, epoch: 97 | loss: 0.3679935
	speed: 0.2885s/iter; left time: 299.1781s
	iters: 200, epoch: 97 | loss: 0.5537825
	speed: 0.1251s/iter; left time: 117.2463s
Epoch: 97 cost time: 35.53931450843811
Epoch: 97, Steps: 284 | Train Loss: 0.5006056 Vali Loss: 0.4654249 Test Loss: 0.1926107
EarlyStopping counter: 13 out of 20
Updating learning rate to 4.997995805289306e-09
	iters: 100, epoch: 98 | loss: 0.4235226
	speed: 0.2884s/iter; left time: 217.1896s
	iters: 200, epoch: 98 | loss: 0.6290467
	speed: 0.1251s/iter; left time: 81.7086s
Epoch: 98 cost time: 35.541250228881836
Epoch: 98, Steps: 284 | Train Loss: 0.5008043 Vali Loss: 0.4682771 Test Loss: 0.1926203
EarlyStopping counter: 14 out of 20
Updating learning rate to 4.498196224760375e-09
	iters: 100, epoch: 99 | loss: 0.7057890
	speed: 0.2890s/iter; left time: 135.5474s
	iters: 200, epoch: 99 | loss: 0.4317932
	speed: 0.1251s/iter; left time: 46.1686s
Epoch: 99 cost time: 35.54314064979553
Epoch: 99, Steps: 284 | Train Loss: 0.5002309 Vali Loss: 0.4674993 Test Loss: 0.1926095
EarlyStopping counter: 15 out of 20
Updating learning rate to 4.048376602284338e-09
	iters: 100, epoch: 100 | loss: 0.5877833
	speed: 0.2886s/iter; left time: 53.3839s
	iters: 200, epoch: 100 | loss: 0.5071636
	speed: 0.1251s/iter; left time: 10.6361s
Epoch: 100 cost time: 35.53616261482239
Epoch: 100, Steps: 284 | Train Loss: 0.5007320 Vali Loss: 0.4674914 Test Loss: 0.1926093
EarlyStopping counter: 16 out of 20
Updating learning rate to 3.643538942055904e-09
>>>>>>>testing : CMS3_weather_336_96_PatchTST_custom_ftM_sl336_ll48_pl96_dm128_nh16_el3_dl1_df256_fc1_ebtimeF_dtTrue_Exp_0<<<<<<<<<<<<<<<<<<<<<<<<<<<<<<<<<
test 10444
mse:0.19186027348041534, mae:0.2458750307559967, rse:0.5770355463027954
Args in experiment:
Namespace(random_seed=2021, is_training=1, model_id='CMS3_weather_336_192', model='PatchTST', data='custom', root_path='./dataset/', data_path='weather.csv', features='M', target='OT', freq='h', checkpoints='./checkpoints/', seq_len=336, label_len=48, pred_len=192, head_type='cms3', fc_dropout=0.2, head_dropout=0.0, patch_len=16, stride=8, padding_patch='end', revin=1, affine=0, subtract_last=0, decomposition=0, kernel_size=25, individual=0, embed_type=0, enc_in=21, dec_in=7, c_out=7, d_model=128, n_heads=16, e_layers=3, d_layers=1, d_ff=256, moving_avg=25, factor=1, distil=True, dropout=0.2, embed='timeF', activation='gelu', output_attention=False, do_predict=False, num_workers=0, itr=1, train_epochs=100, batch_size=128, patience=20, learning_rate=0.0001, des='Exp', loss='mse', lradj='type3', pct_start=0.3, use_amp=False, use_gpu=True, gpu=0, use_multi_gpu=False, devices='0,1,2,3', test_flop=False)
Use GPU: cuda:0
>>>>>>>start training : CMS3_weather_336_192_PatchTST_custom_ftM_sl336_ll48_pl192_dm128_nh16_el3_dl1_df256_fc1_ebtimeF_dtTrue_Exp_0>>>>>>>>>>>>>>>>>>>>>>>>>>
train 36360
val 5079
test 10348
	iters: 100, epoch: 1 | loss: 0.5930165
	speed: 0.1501s/iter; left time: 4248.9798s
	iters: 200, epoch: 1 | loss: 0.6505421
	speed: 0.1247s/iter; left time: 3516.4370s
Epoch: 1 cost time: 35.81474041938782
Epoch: 1, Steps: 284 | Train Loss: 0.7078723 Vali Loss: 0.6792483 Test Loss: 0.2858599
Validation loss decreased (inf --> 0.679248).  Saving model ...
Updating learning rate to 0.0001
	iters: 100, epoch: 2 | loss: 0.6114016
	speed: 0.2915s/iter; left time: 8165.6519s
	iters: 200, epoch: 2 | loss: 0.8125961
	speed: 0.1251s/iter; left time: 3491.4078s
Epoch: 2 cost time: 35.539121866226196
Epoch: 2, Steps: 284 | Train Loss: 0.7035355 Vali Loss: 0.6721316 Test Loss: 0.2834572
Validation loss decreased (0.679248 --> 0.672132).  Saving model ...
Updating learning rate to 0.0001
	iters: 100, epoch: 3 | loss: 0.7552540
	speed: 0.2920s/iter; left time: 8097.7114s
	iters: 200, epoch: 3 | loss: 0.8141772
	speed: 0.1252s/iter; left time: 3460.5786s
Epoch: 3 cost time: 35.57615566253662
Epoch: 3, Steps: 284 | Train Loss: 0.6956460 Vali Loss: 0.6655998 Test Loss: 0.2810728
Validation loss decreased (0.672132 --> 0.665600).  Saving model ...
Updating learning rate to 0.0001
	iters: 100, epoch: 4 | loss: 0.8878207
	speed: 0.2911s/iter; left time: 7990.7382s
	iters: 200, epoch: 4 | loss: 0.5953708
	speed: 0.1253s/iter; left time: 3427.8640s
Epoch: 4 cost time: 35.600239992141724
Epoch: 4, Steps: 284 | Train Loss: 0.6870450 Vali Loss: 0.6577249 Test Loss: 0.2783739
Validation loss decreased (0.665600 --> 0.657725).  Saving model ...
Updating learning rate to 9e-05
	iters: 100, epoch: 5 | loss: 0.8809457
	speed: 0.2907s/iter; left time: 7897.9611s
	iters: 200, epoch: 5 | loss: 0.8651015
	speed: 0.1253s/iter; left time: 3391.7458s
Epoch: 5 cost time: 35.602930545806885
Epoch: 5, Steps: 284 | Train Loss: 0.6774100 Vali Loss: 0.6480879 Test Loss: 0.2756805
Validation loss decreased (0.657725 --> 0.648088).  Saving model ...
Updating learning rate to 8.1e-05
	iters: 100, epoch: 6 | loss: 0.5832441
	speed: 0.2916s/iter; left time: 7838.9280s
	iters: 200, epoch: 6 | loss: 0.5982583
	speed: 0.1253s/iter; left time: 3356.5643s
Epoch: 6 cost time: 35.612422466278076
Epoch: 6, Steps: 284 | Train Loss: 0.6689835 Vali Loss: 0.6416333 Test Loss: 0.2731291
Validation loss decreased (0.648088 --> 0.641633).  Saving model ...
Updating learning rate to 7.290000000000001e-05
	iters: 100, epoch: 7 | loss: 0.5240954
	speed: 0.2906s/iter; left time: 7728.3140s
	iters: 200, epoch: 7 | loss: 0.5571292
	speed: 0.1253s/iter; left time: 3321.1950s
Epoch: 7 cost time: 35.60335659980774
Epoch: 7, Steps: 284 | Train Loss: 0.6608342 Vali Loss: 0.6337558 Test Loss: 0.2707709
Validation loss decreased (0.641633 --> 0.633756).  Saving model ...
Updating learning rate to 6.561e-05
	iters: 100, epoch: 8 | loss: 0.6064947
	speed: 0.2907s/iter; left time: 7647.9772s
	iters: 200, epoch: 8 | loss: 0.5267797
	speed: 0.1253s/iter; left time: 3285.4112s
Epoch: 8 cost time: 35.61303448677063
Epoch: 8, Steps: 284 | Train Loss: 0.6536451 Vali Loss: 0.6261529 Test Loss: 0.2686079
Validation loss decreased (0.633756 --> 0.626153).  Saving model ...
Updating learning rate to 5.904900000000001e-05
	iters: 100, epoch: 9 | loss: 0.6207268
	speed: 0.2913s/iter; left time: 7582.3852s
	iters: 200, epoch: 9 | loss: 0.6136804
	speed: 0.1254s/iter; left time: 3250.7965s
Epoch: 9 cost time: 35.61811184883118
Epoch: 9, Steps: 284 | Train Loss: 0.6472154 Vali Loss: 0.6223468 Test Loss: 0.2666611
Validation loss decreased (0.626153 --> 0.622347).  Saving model ...
Updating learning rate to 5.3144100000000005e-05
	iters: 100, epoch: 10 | loss: 0.5235211
	speed: 0.2908s/iter; left time: 7486.6808s
	iters: 200, epoch: 10 | loss: 0.5483874
	speed: 0.1254s/iter; left time: 3215.6636s
Epoch: 10 cost time: 35.613353967666626
Epoch: 10, Steps: 284 | Train Loss: 0.6416072 Vali Loss: 0.6169222 Test Loss: 0.2648840
Validation loss decreased (0.622347 --> 0.616922).  Saving model ...
Updating learning rate to 4.782969000000001e-05
	iters: 100, epoch: 11 | loss: 0.7191145
	speed: 0.2908s/iter; left time: 7404.3677s
	iters: 200, epoch: 11 | loss: 0.5946565
	speed: 0.1254s/iter; left time: 3179.9802s
Epoch: 11 cost time: 35.61346077919006
Epoch: 11, Steps: 284 | Train Loss: 0.6362316 Vali Loss: 0.6149302 Test Loss: 0.2633021
Validation loss decreased (0.616922 --> 0.614930).  Saving model ...
Updating learning rate to 4.304672100000001e-05
	iters: 100, epoch: 12 | loss: 0.6935447
	speed: 0.2911s/iter; left time: 7329.4872s
	iters: 200, epoch: 12 | loss: 0.5621820
	speed: 0.1254s/iter; left time: 3143.8803s
Epoch: 12 cost time: 35.61459136009216
Epoch: 12, Steps: 284 | Train Loss: 0.6322616 Vali Loss: 0.6104777 Test Loss: 0.2618406
Validation loss decreased (0.614930 --> 0.610478).  Saving model ...
Updating learning rate to 3.874204890000001e-05
	iters: 100, epoch: 13 | loss: 0.7395495
	speed: 0.2906s/iter; left time: 7234.1895s
	iters: 200, epoch: 13 | loss: 0.5450454
	speed: 0.1254s/iter; left time: 3109.2738s
Epoch: 13 cost time: 35.6172571182251
Epoch: 13, Steps: 284 | Train Loss: 0.6284320 Vali Loss: 0.6072912 Test Loss: 0.2605695
Validation loss decreased (0.610478 --> 0.607291).  Saving model ...
Updating learning rate to 3.486784401000001e-05
	iters: 100, epoch: 14 | loss: 0.5403265
	speed: 0.2907s/iter; left time: 7154.2088s
	iters: 200, epoch: 14 | loss: 0.7112814
	speed: 0.1254s/iter; left time: 3073.1074s
Epoch: 14 cost time: 35.61678194999695
Epoch: 14, Steps: 284 | Train Loss: 0.6248485 Vali Loss: 0.6041945 Test Loss: 0.2594048
Validation loss decreased (0.607291 --> 0.604195).  Saving model ...
Updating learning rate to 3.138105960900001e-05
	iters: 100, epoch: 15 | loss: 0.6262161
	speed: 0.2910s/iter; left time: 7079.7101s
	iters: 200, epoch: 15 | loss: 0.5341000
	speed: 0.1254s/iter; left time: 3036.6168s
Epoch: 15 cost time: 35.60859227180481
Epoch: 15, Steps: 284 | Train Loss: 0.6217610 Vali Loss: 0.6020708 Test Loss: 0.2583584
Validation loss decreased (0.604195 --> 0.602071).  Saving model ...
Updating learning rate to 2.824295364810001e-05
	iters: 100, epoch: 16 | loss: 0.5777933
	speed: 0.2908s/iter; left time: 6990.6313s
	iters: 200, epoch: 16 | loss: 0.5051966
	speed: 0.1254s/iter; left time: 3003.0056s
Epoch: 16 cost time: 35.61208939552307
Epoch: 16, Steps: 284 | Train Loss: 0.6189085 Vali Loss: 0.5968076 Test Loss: 0.2574078
Validation loss decreased (0.602071 --> 0.596808).  Saving model ...
Updating learning rate to 2.541865828329001e-05
	iters: 100, epoch: 17 | loss: 0.7193677
	speed: 0.2909s/iter; left time: 6909.8977s
	iters: 200, epoch: 17 | loss: 0.5930950
	speed: 0.1254s/iter; left time: 2965.9430s
Epoch: 17 cost time: 35.6129424571991
Epoch: 17, Steps: 284 | Train Loss: 0.6163959 Vali Loss: 0.5971587 Test Loss: 0.2565600
EarlyStopping counter: 1 out of 20
Updating learning rate to 2.287679245496101e-05
	iters: 100, epoch: 18 | loss: 0.7101332
	speed: 0.2902s/iter; left time: 6811.0151s
	iters: 200, epoch: 18 | loss: 0.5076790
	speed: 0.1253s/iter; left time: 2929.1614s
Epoch: 18 cost time: 35.61523985862732
Epoch: 18, Steps: 284 | Train Loss: 0.6140746 Vali Loss: 0.5943857 Test Loss: 0.2558061
Validation loss decreased (0.596808 --> 0.594386).  Saving model ...
Updating learning rate to 2.0589113209464907e-05
	iters: 100, epoch: 19 | loss: 0.5379339
	speed: 0.2980s/iter; left time: 6909.7765s
	iters: 200, epoch: 19 | loss: 0.4809788
	speed: 0.1253s/iter; left time: 2893.3797s
Epoch: 19 cost time: 35.66608214378357
Epoch: 19, Steps: 284 | Train Loss: 0.6118249 Vali Loss: 0.5910081 Test Loss: 0.2551195
Validation loss decreased (0.594386 --> 0.591008).  Saving model ...
Updating learning rate to 1.8530201888518416e-05
	iters: 100, epoch: 20 | loss: 0.6723521
	speed: 0.2905s/iter; left time: 6653.6671s
	iters: 200, epoch: 20 | loss: 0.6731451
	speed: 0.1253s/iter; left time: 2858.5883s
Epoch: 20 cost time: 35.610962867736816
Epoch: 20, Steps: 284 | Train Loss: 0.6102480 Vali Loss: 0.5892500 Test Loss: 0.2544983
Validation loss decreased (0.591008 --> 0.589250).  Saving model ...
Updating learning rate to 1.6677181699666577e-05
	iters: 100, epoch: 21 | loss: 0.6234258
	speed: 0.2913s/iter; left time: 6589.6336s
	iters: 200, epoch: 21 | loss: 0.5443870
	speed: 0.1254s/iter; left time: 2823.7919s
Epoch: 21 cost time: 35.59953689575195
Epoch: 21, Steps: 284 | Train Loss: 0.6086805 Vali Loss: 0.5903514 Test Loss: 0.2539432
EarlyStopping counter: 1 out of 20
Updating learning rate to 1.5009463529699919e-05
	iters: 100, epoch: 22 | loss: 0.5047428
	speed: 0.2901s/iter; left time: 6480.7003s
	iters: 200, epoch: 22 | loss: 0.5979965
	speed: 0.1253s/iter; left time: 2787.3035s
Epoch: 22 cost time: 35.599101066589355
Epoch: 22, Steps: 284 | Train Loss: 0.6071525 Vali Loss: 0.5879110 Test Loss: 0.2534581
Validation loss decreased (0.589250 --> 0.587911).  Saving model ...
Updating learning rate to 1.3508517176729929e-05
	iters: 100, epoch: 23 | loss: 0.5271143
	speed: 0.2908s/iter; left time: 6412.4937s
	iters: 200, epoch: 23 | loss: 0.5226967
	speed: 0.1254s/iter; left time: 2751.9585s
Epoch: 23 cost time: 35.61386752128601
Epoch: 23, Steps: 284 | Train Loss: 0.6058700 Vali Loss: 0.5858908 Test Loss: 0.2530141
Validation loss decreased (0.587911 --> 0.585891).  Saving model ...
Updating learning rate to 1.2157665459056936e-05
	iters: 100, epoch: 24 | loss: 0.8874930
	speed: 0.2910s/iter; left time: 6334.0894s
	iters: 200, epoch: 24 | loss: 0.5508289
	speed: 0.1253s/iter; left time: 2716.0671s
Epoch: 24 cost time: 35.61175870895386
Epoch: 24, Steps: 284 | Train Loss: 0.6047196 Vali Loss: 0.5839398 Test Loss: 0.2526177
Validation loss decreased (0.585891 --> 0.583940).  Saving model ...
Updating learning rate to 1.0941898913151242e-05
	iters: 100, epoch: 25 | loss: 0.6383648
	speed: 0.2916s/iter; left time: 6265.3482s
	iters: 200, epoch: 25 | loss: 0.5388193
	speed: 0.1254s/iter; left time: 2681.9644s
Epoch: 25 cost time: 35.6247124671936
Epoch: 25, Steps: 284 | Train Loss: 0.6037150 Vali Loss: 0.5844033 Test Loss: 0.2522523
EarlyStopping counter: 1 out of 20
Updating learning rate to 9.847709021836118e-06
	iters: 100, epoch: 26 | loss: 0.5373121
	speed: 0.2904s/iter; left time: 6157.1925s
	iters: 200, epoch: 26 | loss: 0.8386320
	speed: 0.1253s/iter; left time: 2643.8307s
Epoch: 26 cost time: 35.59097337722778
Epoch: 26, Steps: 284 | Train Loss: 0.6027104 Vali Loss: 0.5827519 Test Loss: 0.2519284
Validation loss decreased (0.583940 --> 0.582752).  Saving model ...
Updating learning rate to 8.862938119652508e-06
	iters: 100, epoch: 27 | loss: 0.5204607
	speed: 0.2911s/iter; left time: 6088.2508s
	iters: 200, epoch: 27 | loss: 0.4866178
	speed: 0.1256s/iter; left time: 2615.3766s
Epoch: 27 cost time: 35.647806882858276
Epoch: 27, Steps: 284 | Train Loss: 0.6017787 Vali Loss: 0.5818805 Test Loss: 0.2516255
Validation loss decreased (0.582752 --> 0.581880).  Saving model ...
Updating learning rate to 7.976644307687255e-06
	iters: 100, epoch: 28 | loss: 0.4620955
	speed: 0.2911s/iter; left time: 6006.3278s
	iters: 200, epoch: 28 | loss: 0.6406076
	speed: 0.1253s/iter; left time: 2573.6520s
Epoch: 28 cost time: 35.62801766395569
Epoch: 28, Steps: 284 | Train Loss: 0.6010548 Vali Loss: 0.5829148 Test Loss: 0.2513614
EarlyStopping counter: 1 out of 20
Updating learning rate to 7.178979876918531e-06
	iters: 100, epoch: 29 | loss: 0.8547683
	speed: 0.2903s/iter; left time: 5907.5111s
	iters: 200, epoch: 29 | loss: 0.4625751
	speed: 0.1253s/iter; left time: 2537.9400s
Epoch: 29 cost time: 35.60058951377869
Epoch: 29, Steps: 284 | Train Loss: 0.6003756 Vali Loss: 0.5807694 Test Loss: 0.2511235
Validation loss decreased (0.581880 --> 0.580769).  Saving model ...
Updating learning rate to 6.4610818892266776e-06
	iters: 100, epoch: 30 | loss: 0.4901029
	speed: 0.2905s/iter; left time: 5828.4164s
	iters: 200, epoch: 30 | loss: 0.5291284
	speed: 0.1253s/iter; left time: 2502.5052s
Epoch: 30 cost time: 35.60997724533081
Epoch: 30, Steps: 284 | Train Loss: 0.5997246 Vali Loss: 0.5807506 Test Loss: 0.2509060
Validation loss decreased (0.580769 --> 0.580751).  Saving model ...
Updating learning rate to 5.8149737003040096e-06
	iters: 100, epoch: 31 | loss: 0.5418395
	speed: 0.2908s/iter; left time: 5752.6068s
	iters: 200, epoch: 31 | loss: 0.5352719
	speed: 0.1253s/iter; left time: 2466.7800s
Epoch: 31 cost time: 35.61077427864075
Epoch: 31, Steps: 284 | Train Loss: 0.5992380 Vali Loss: 0.5801460 Test Loss: 0.2507179
Validation loss decreased (0.580751 --> 0.580146).  Saving model ...
Updating learning rate to 5.23347633027361e-06
	iters: 100, epoch: 32 | loss: 0.5429692
	speed: 0.2908s/iter; left time: 5669.9230s
	iters: 200, epoch: 32 | loss: 0.6767099
	speed: 0.1254s/iter; left time: 2431.6124s
Epoch: 32 cost time: 35.61212778091431
Epoch: 32, Steps: 284 | Train Loss: 0.5987193 Vali Loss: 0.5807013 Test Loss: 0.2505456
EarlyStopping counter: 1 out of 20
Updating learning rate to 4.710128697246249e-06
	iters: 100, epoch: 33 | loss: 0.4681477
	speed: 0.2905s/iter; left time: 5581.9529s
	iters: 200, epoch: 33 | loss: 0.6709831
	speed: 0.1254s/iter; left time: 2397.1623s
Epoch: 33 cost time: 35.61596417427063
Epoch: 33, Steps: 284 | Train Loss: 0.5982363 Vali Loss: 0.5793333 Test Loss: 0.2503883
Validation loss decreased (0.580146 --> 0.579333).  Saving model ...
Updating learning rate to 4.239115827521624e-06
	iters: 100, epoch: 34 | loss: 0.7304825
	speed: 0.2909s/iter; left time: 5506.2118s
	iters: 200, epoch: 34 | loss: 0.4825670
	speed: 0.1254s/iter; left time: 2360.4647s
Epoch: 34 cost time: 35.62254071235657
Epoch: 34, Steps: 284 | Train Loss: 0.5977721 Vali Loss: 0.5798097 Test Loss: 0.2502438
EarlyStopping counter: 1 out of 20
Updating learning rate to 3.815204244769462e-06
	iters: 100, epoch: 35 | loss: 0.5265275
	speed: 0.2905s/iter; left time: 5416.2898s
	iters: 200, epoch: 35 | loss: 0.5229961
	speed: 0.1256s/iter; left time: 2328.3792s
Epoch: 35 cost time: 35.66509652137756
Epoch: 35, Steps: 284 | Train Loss: 0.5969782 Vali Loss: 0.5786248 Test Loss: 0.2501212
Validation loss decreased (0.579333 --> 0.578625).  Saving model ...
Updating learning rate to 3.4336838202925152e-06
	iters: 100, epoch: 36 | loss: 0.7279276
	speed: 0.2912s/iter; left time: 5346.8151s
	iters: 200, epoch: 36 | loss: 0.6448969
	speed: 0.1256s/iter; left time: 2293.6288s
Epoch: 36 cost time: 35.674412965774536
Epoch: 36, Steps: 284 | Train Loss: 0.5970872 Vali Loss: 0.5762691 Test Loss: 0.2500071
Validation loss decreased (0.578625 --> 0.576269).  Saving model ...
Updating learning rate to 3.090315438263264e-06
	iters: 100, epoch: 37 | loss: 0.4407505
	speed: 0.2911s/iter; left time: 5262.3363s
	iters: 200, epoch: 37 | loss: 0.5118823
	speed: 0.1257s/iter; left time: 2258.8527s
Epoch: 37 cost time: 35.688169717788696
Epoch: 37, Steps: 284 | Train Loss: 0.5967609 Vali Loss: 0.5785818 Test Loss: 0.2499059
EarlyStopping counter: 1 out of 20
Updating learning rate to 2.7812838944369375e-06
	iters: 100, epoch: 38 | loss: 0.5654672
	speed: 0.2909s/iter; left time: 5175.2225s
	iters: 200, epoch: 38 | loss: 0.6539969
	speed: 0.1256s/iter; left time: 2222.6723s
Epoch: 38 cost time: 35.68813443183899
Epoch: 38, Steps: 284 | Train Loss: 0.5964282 Vali Loss: 0.5752958 Test Loss: 0.2498115
Validation loss decreased (0.576269 --> 0.575296).  Saving model ...
Updating learning rate to 2.503155504993244e-06
	iters: 100, epoch: 39 | loss: 0.5059139
	speed: 0.2916s/iter; left time: 5105.6838s
	iters: 200, epoch: 39 | loss: 0.6936529
	speed: 0.1257s/iter; left time: 2187.7811s
Epoch: 39 cost time: 35.70716571807861
Epoch: 39, Steps: 284 | Train Loss: 0.5963114 Vali Loss: 0.5748389 Test Loss: 0.2497303
Validation loss decreased (0.575296 --> 0.574839).  Saving model ...
Updating learning rate to 2.2528399544939195e-06
	iters: 100, epoch: 40 | loss: 0.5873091
	speed: 0.2915s/iter; left time: 5021.5534s
	iters: 200, epoch: 40 | loss: 0.4911507
	speed: 0.1256s/iter; left time: 2151.5025s
Epoch: 40 cost time: 35.69206643104553
Epoch: 40, Steps: 284 | Train Loss: 0.5961091 Vali Loss: 0.5786493 Test Loss: 0.2496548
EarlyStopping counter: 1 out of 20
Updating learning rate to 2.0275559590445276e-06
	iters: 100, epoch: 41 | loss: 0.5344298
	speed: 0.2906s/iter; left time: 4922.5983s
	iters: 200, epoch: 41 | loss: 0.5993175
	speed: 0.1258s/iter; left time: 2117.8701s
Epoch: 41 cost time: 35.704737186431885
Epoch: 41, Steps: 284 | Train Loss: 0.5958627 Vali Loss: 0.5761195 Test Loss: 0.2495902
EarlyStopping counter: 2 out of 20
Updating learning rate to 1.8248003631400751e-06
	iters: 100, epoch: 42 | loss: 0.6558565
	speed: 0.2909s/iter; left time: 4845.1344s
	iters: 200, epoch: 42 | loss: 0.6271694
	speed: 0.1257s/iter; left time: 2081.1367s
Epoch: 42 cost time: 35.70760631561279
Epoch: 42, Steps: 284 | Train Loss: 0.5957349 Vali Loss: 0.5783465 Test Loss: 0.2495285
EarlyStopping counter: 3 out of 20
Updating learning rate to 1.6423203268260676e-06
	iters: 100, epoch: 43 | loss: 0.6479180
	speed: 0.2910s/iter; left time: 4763.9636s
	iters: 200, epoch: 43 | loss: 0.5301144
	speed: 0.1257s/iter; left time: 2045.9765s
Epoch: 43 cost time: 35.71248745918274
Epoch: 43, Steps: 284 | Train Loss: 0.5955169 Vali Loss: 0.5760469 Test Loss: 0.2494749
EarlyStopping counter: 4 out of 20
Updating learning rate to 1.4780882941434609e-06
	iters: 100, epoch: 44 | loss: 0.5366700
	speed: 0.2910s/iter; left time: 4681.3614s
	iters: 200, epoch: 44 | loss: 0.5296106
	speed: 0.1258s/iter; left time: 2010.6380s
Epoch: 44 cost time: 35.70935797691345
Epoch: 44, Steps: 284 | Train Loss: 0.5953004 Vali Loss: 0.5764834 Test Loss: 0.2494281
EarlyStopping counter: 5 out of 20
Updating learning rate to 1.3302794647291146e-06
	iters: 100, epoch: 45 | loss: 0.6312145
	speed: 0.2913s/iter; left time: 4604.1292s
	iters: 200, epoch: 45 | loss: 0.6497324
	speed: 0.1257s/iter; left time: 1974.5462s
Epoch: 45 cost time: 35.71093416213989
Epoch: 45, Steps: 284 | Train Loss: 0.5952910 Vali Loss: 0.5769867 Test Loss: 0.2493841
EarlyStopping counter: 6 out of 20
Updating learning rate to 1.1972515182562034e-06
	iters: 100, epoch: 46 | loss: 0.4904831
	speed: 0.2914s/iter; left time: 4522.7848s
	iters: 200, epoch: 46 | loss: 0.5864547
	speed: 0.1258s/iter; left time: 1939.2547s
Epoch: 46 cost time: 35.75673174858093
Epoch: 46, Steps: 284 | Train Loss: 0.5951919 Vali Loss: 0.5763560 Test Loss: 0.2493400
EarlyStopping counter: 7 out of 20
Updating learning rate to 1.077526366430583e-06
	iters: 100, epoch: 47 | loss: 0.7893643
	speed: 0.2910s/iter; left time: 4433.8386s
	iters: 200, epoch: 47 | loss: 0.5495045
	speed: 0.1257s/iter; left time: 1903.0627s
Epoch: 47 cost time: 35.71108436584473
Epoch: 47, Steps: 284 | Train Loss: 0.5946966 Vali Loss: 0.5759874 Test Loss: 0.2493083
EarlyStopping counter: 8 out of 20
Updating learning rate to 9.697737297875248e-07
	iters: 100, epoch: 48 | loss: 0.4696305
	speed: 0.2908s/iter; left time: 4349.0155s
	iters: 200, epoch: 48 | loss: 0.7983624
	speed: 0.1257s/iter; left time: 1866.9681s
Epoch: 48 cost time: 35.71888184547424
Epoch: 48, Steps: 284 | Train Loss: 0.5950188 Vali Loss: 0.5769181 Test Loss: 0.2492762
EarlyStopping counter: 9 out of 20
Updating learning rate to 8.727963568087723e-07
	iters: 100, epoch: 49 | loss: 0.5732428
	speed: 0.2913s/iter; left time: 4272.4753s
	iters: 200, epoch: 49 | loss: 0.5366555
	speed: 0.1257s/iter; left time: 1831.2161s
Epoch: 49 cost time: 35.712002754211426
Epoch: 49, Steps: 284 | Train Loss: 0.5948753 Vali Loss: 0.5758191 Test Loss: 0.2492449
EarlyStopping counter: 10 out of 20
Updating learning rate to 7.855167211278951e-07
	iters: 100, epoch: 50 | loss: 0.6453044
	speed: 0.2910s/iter; left time: 4185.5930s
	iters: 200, epoch: 50 | loss: 0.5152158
	speed: 0.1257s/iter; left time: 1796.3024s
Epoch: 50 cost time: 35.70606827735901
Epoch: 50, Steps: 284 | Train Loss: 0.5947821 Vali Loss: 0.5764392 Test Loss: 0.2492200
EarlyStopping counter: 11 out of 20
Updating learning rate to 7.069650490151056e-07
	iters: 100, epoch: 51 | loss: 0.5996606
	speed: 0.2911s/iter; left time: 4104.7809s
	iters: 200, epoch: 51 | loss: 0.6699533
	speed: 0.1257s/iter; left time: 1760.0744s
Epoch: 51 cost time: 35.70158839225769
Epoch: 51, Steps: 284 | Train Loss: 0.5946917 Vali Loss: 0.5754620 Test Loss: 0.2491949
EarlyStopping counter: 12 out of 20
Updating learning rate to 6.36268544113595e-07
	iters: 100, epoch: 52 | loss: 0.6675368
	speed: 0.2912s/iter; left time: 4023.1900s
	iters: 200, epoch: 52 | loss: 0.6228302
	speed: 0.1257s/iter; left time: 1723.7609s
Epoch: 52 cost time: 35.69661617279053
Epoch: 52, Steps: 284 | Train Loss: 0.5946221 Vali Loss: 0.5754251 Test Loss: 0.2491746
EarlyStopping counter: 13 out of 20
Updating learning rate to 5.726416897022355e-07
	iters: 100, epoch: 53 | loss: 0.5784365
	speed: 0.2908s/iter; left time: 3934.9225s
	iters: 200, epoch: 53 | loss: 0.4920655
	speed: 0.1257s/iter; left time: 1688.0750s
Epoch: 53 cost time: 35.69724416732788
Epoch: 53, Steps: 284 | Train Loss: 0.5946418 Vali Loss: 0.5761122 Test Loss: 0.2491577
EarlyStopping counter: 14 out of 20
Updating learning rate to 5.15377520732012e-07
	iters: 100, epoch: 54 | loss: 0.5472015
	speed: 0.2907s/iter; left time: 3851.0916s
	iters: 200, epoch: 54 | loss: 0.5724391
	speed: 0.1257s/iter; left time: 1652.3299s
Epoch: 54 cost time: 35.690953493118286
Epoch: 54, Steps: 284 | Train Loss: 0.5945670 Vali Loss: 0.5766734 Test Loss: 0.2491392
EarlyStopping counter: 15 out of 20
Updating learning rate to 4.6383976865881085e-07
	iters: 100, epoch: 55 | loss: 0.6324114
	speed: 0.2910s/iter; left time: 3772.3536s
	iters: 200, epoch: 55 | loss: 0.5282426
	speed: 0.1257s/iter; left time: 1616.9004s
Epoch: 55 cost time: 35.69740152359009
Epoch: 55, Steps: 284 | Train Loss: 0.5944851 Vali Loss: 0.5760747 Test Loss: 0.2491273
EarlyStopping counter: 16 out of 20
Updating learning rate to 4.174557917929298e-07
	iters: 100, epoch: 56 | loss: 0.6150896
	speed: 0.2910s/iter; left time: 3690.1586s
	iters: 200, epoch: 56 | loss: 0.5359175
	speed: 0.1257s/iter; left time: 1581.8966s
Epoch: 56 cost time: 35.71115493774414
Epoch: 56, Steps: 284 | Train Loss: 0.5944840 Vali Loss: 0.5755490 Test Loss: 0.2491118
EarlyStopping counter: 17 out of 20
Updating learning rate to 3.7571021261363677e-07
	iters: 100, epoch: 57 | loss: 0.7383009
	speed: 0.2910s/iter; left time: 3607.2262s
	iters: 200, epoch: 57 | loss: 0.4815417
	speed: 0.1256s/iter; left time: 1545.0154s
Epoch: 57 cost time: 35.68383860588074
Epoch: 57, Steps: 284 | Train Loss: 0.5944727 Vali Loss: 0.5747195 Test Loss: 0.2491010
Validation loss decreased (0.574839 --> 0.574719).  Saving model ...
Updating learning rate to 3.381391913522731e-07
	iters: 100, epoch: 58 | loss: 0.6323999
	speed: 0.2913s/iter; left time: 3528.8654s
	iters: 200, epoch: 58 | loss: 0.7514544
	speed: 0.1256s/iter; left time: 1508.9625s
Epoch: 58 cost time: 35.68881940841675
Epoch: 58, Steps: 284 | Train Loss: 0.5943965 Vali Loss: 0.5772982 Test Loss: 0.2490851
EarlyStopping counter: 1 out of 20
Updating learning rate to 3.043252722170458e-07
	iters: 100, epoch: 59 | loss: 0.5579516
	speed: 0.2907s/iter; left time: 3438.9580s
	iters: 200, epoch: 59 | loss: 0.6335770
	speed: 0.1257s/iter; left time: 1473.9228s
Epoch: 59 cost time: 35.68328928947449
Epoch: 59, Steps: 284 | Train Loss: 0.5944004 Vali Loss: 0.5765631 Test Loss: 0.2490765
EarlyStopping counter: 2 out of 20
Updating learning rate to 2.7389274499534124e-07
	iters: 100, epoch: 60 | loss: 0.5016276
	speed: 0.2908s/iter; left time: 3356.8492s
	iters: 200, epoch: 60 | loss: 0.4858189
	speed: 0.1256s/iter; left time: 1437.3163s
Epoch: 60 cost time: 35.684571266174316
Epoch: 60, Steps: 284 | Train Loss: 0.5942305 Vali Loss: 0.5736265 Test Loss: 0.2490685
Validation loss decreased (0.574719 --> 0.573627).  Saving model ...
Updating learning rate to 2.465034704958071e-07
	iters: 100, epoch: 61 | loss: 0.7035920
	speed: 0.2914s/iter; left time: 3281.8880s
	iters: 200, epoch: 61 | loss: 0.7508586
	speed: 0.1260s/iter; left time: 1406.0511s
Epoch: 61 cost time: 35.71185922622681
Epoch: 61, Steps: 284 | Train Loss: 0.5939145 Vali Loss: 0.5755915 Test Loss: 0.2490630
EarlyStopping counter: 1 out of 20
Updating learning rate to 2.218531234462264e-07
	iters: 100, epoch: 62 | loss: 0.6729760
	speed: 0.2909s/iter; left time: 3193.5072s
	iters: 200, epoch: 62 | loss: 0.4893604
	speed: 0.1256s/iter; left time: 1366.1379s
Epoch: 62 cost time: 35.674251317977905
Epoch: 62, Steps: 284 | Train Loss: 0.5943108 Vali Loss: 0.5743670 Test Loss: 0.2490553
EarlyStopping counter: 2 out of 20
Updating learning rate to 1.9966781110160376e-07
	iters: 100, epoch: 63 | loss: 0.6512596
	speed: 0.2908s/iter; left time: 3109.8393s
	iters: 200, epoch: 63 | loss: 0.5762182
	speed: 0.1256s/iter; left time: 1330.3117s
Epoch: 63 cost time: 35.709173917770386
Epoch: 63, Steps: 284 | Train Loss: 0.5943568 Vali Loss: 0.5758361 Test Loss: 0.2490482
EarlyStopping counter: 3 out of 20
Updating learning rate to 1.797010299914434e-07
	iters: 100, epoch: 64 | loss: 0.4892962
	speed: 0.2908s/iter; left time: 3027.4338s
	iters: 200, epoch: 64 | loss: 0.4816046
	speed: 0.1255s/iter; left time: 1294.2817s
Epoch: 64 cost time: 35.661375522613525
Epoch: 64, Steps: 284 | Train Loss: 0.5942590 Vali Loss: 0.5749248 Test Loss: 0.2490395
EarlyStopping counter: 4 out of 20
Updating learning rate to 1.6173092699229907e-07
	iters: 100, epoch: 65 | loss: 0.6032323
	speed: 0.2904s/iter; left time: 2940.1125s
	iters: 200, epoch: 65 | loss: 0.5498862
	speed: 0.1256s/iter; left time: 1258.8414s
Epoch: 65 cost time: 35.65733361244202
Epoch: 65, Steps: 284 | Train Loss: 0.5943352 Vali Loss: 0.5767728 Test Loss: 0.2490342
EarlyStopping counter: 5 out of 20
Updating learning rate to 1.4555783429306916e-07
	iters: 100, epoch: 66 | loss: 0.7680064
	speed: 0.2906s/iter; left time: 2860.2623s
	iters: 200, epoch: 66 | loss: 0.6510554
	speed: 0.1256s/iter; left time: 1223.0044s
Epoch: 66 cost time: 35.66038775444031
Epoch: 66, Steps: 284 | Train Loss: 0.5941903 Vali Loss: 0.5777887 Test Loss: 0.2490322
EarlyStopping counter: 6 out of 20
Updating learning rate to 1.3100205086376224e-07
	iters: 100, epoch: 67 | loss: 0.9933370
	speed: 0.2909s/iter; left time: 2779.9882s
	iters: 200, epoch: 67 | loss: 0.5555357
	speed: 0.1256s/iter; left time: 1187.5458s
Epoch: 67 cost time: 35.668057441711426
Epoch: 67, Steps: 284 | Train Loss: 0.5942259 Vali Loss: 0.5760549 Test Loss: 0.2490274
EarlyStopping counter: 7 out of 20
Updating learning rate to 1.1790184577738603e-07
	iters: 100, epoch: 68 | loss: 0.4899423
	speed: 0.2910s/iter; left time: 2698.2432s
	iters: 200, epoch: 68 | loss: 0.6179848
	speed: 0.1256s/iter; left time: 1152.1919s
Epoch: 68 cost time: 35.67834162712097
Epoch: 68, Steps: 284 | Train Loss: 0.5942486 Vali Loss: 0.5716714 Test Loss: 0.2490252
Validation loss decreased (0.573627 --> 0.571671).  Saving model ...
Updating learning rate to 1.0611166119964742e-07
	iters: 100, epoch: 69 | loss: 0.5718874
	speed: 0.2914s/iter; left time: 2619.1860s
	iters: 200, epoch: 69 | loss: 0.5982933
	speed: 0.1255s/iter; left time: 1115.8091s
Epoch: 69 cost time: 35.659841775894165
Epoch: 69, Steps: 284 | Train Loss: 0.5942059 Vali Loss: 0.5757238 Test Loss: 0.2490181
EarlyStopping counter: 1 out of 20
Updating learning rate to 9.550049507968268e-08
	iters: 100, epoch: 70 | loss: 0.6041098
	speed: 0.2902s/iter; left time: 2526.2376s
	iters: 200, epoch: 70 | loss: 0.5551765
	speed: 0.1255s/iter; left time: 1080.1163s
Epoch: 70 cost time: 35.65803003311157
Epoch: 70, Steps: 284 | Train Loss: 0.5937467 Vali Loss: 0.5737505 Test Loss: 0.2490208
EarlyStopping counter: 2 out of 20
Updating learning rate to 8.595044557171442e-08
	iters: 100, epoch: 71 | loss: 0.8243724
	speed: 0.2905s/iter; left time: 2446.0583s
	iters: 200, epoch: 71 | loss: 0.5147465
	speed: 0.1255s/iter; left time: 1044.6689s
Epoch: 71 cost time: 35.64961004257202
Epoch: 71, Steps: 284 | Train Loss: 0.5942041 Vali Loss: 0.5745434 Test Loss: 0.2490191
EarlyStopping counter: 3 out of 20
Updating learning rate to 7.735540101454298e-08
	iters: 100, epoch: 72 | loss: 0.4826073
	speed: 0.2910s/iter; left time: 2368.1083s
	iters: 200, epoch: 72 | loss: 0.5405183
	speed: 0.1256s/iter; left time: 1009.0568s
Epoch: 72 cost time: 35.6808717250824
Epoch: 72, Steps: 284 | Train Loss: 0.5942557 Vali Loss: 0.5768297 Test Loss: 0.2490156
EarlyStopping counter: 4 out of 20
Updating learning rate to 6.961986091308869e-08
	iters: 100, epoch: 73 | loss: 0.6640589
	speed: 0.2906s/iter; left time: 2282.4448s
	iters: 200, epoch: 73 | loss: 0.4415339
	speed: 0.1256s/iter; left time: 973.4752s
Epoch: 73 cost time: 35.661102056503296
Epoch: 73, Steps: 284 | Train Loss: 0.5942121 Vali Loss: 0.5759193 Test Loss: 0.2490118
EarlyStopping counter: 5 out of 20
Updating learning rate to 6.265787482177981e-08
	iters: 100, epoch: 74 | loss: 0.5374581
	speed: 0.2908s/iter; left time: 2201.0557s
	iters: 200, epoch: 74 | loss: 0.6621634
	speed: 0.1255s/iter; left time: 937.3853s
Epoch: 74 cost time: 35.649994134902954
Epoch: 74, Steps: 284 | Train Loss: 0.5940806 Vali Loss: 0.5749561 Test Loss: 0.2490140
EarlyStopping counter: 6 out of 20
Updating learning rate to 5.639208733960184e-08
	iters: 100, epoch: 75 | loss: 0.4716090
	speed: 0.2909s/iter; left time: 2119.5632s
	iters: 200, epoch: 75 | loss: 0.7483590
	speed: 0.1255s/iter; left time: 901.8227s
Epoch: 75 cost time: 35.678465843200684
Epoch: 75, Steps: 284 | Train Loss: 0.5941318 Vali Loss: 0.5766532 Test Loss: 0.2490099
EarlyStopping counter: 7 out of 20
Updating learning rate to 5.075287860564165e-08
	iters: 100, epoch: 76 | loss: 0.7477552
	speed: 0.2901s/iter; left time: 2031.1536s
	iters: 200, epoch: 76 | loss: 0.6129176
	speed: 0.1257s/iter; left time: 867.1961s
Epoch: 76 cost time: 35.66984415054321
Epoch: 76, Steps: 284 | Train Loss: 0.5941668 Vali Loss: 0.5758100 Test Loss: 0.2490120
EarlyStopping counter: 8 out of 20
Updating learning rate to 4.567759074507749e-08
	iters: 100, epoch: 77 | loss: 0.5979572
	speed: 0.2906s/iter; left time: 1951.8534s
	iters: 200, epoch: 77 | loss: 0.6420613
	speed: 0.1256s/iter; left time: 830.9189s
Epoch: 77 cost time: 35.66048216819763
Epoch: 77, Steps: 284 | Train Loss: 0.5940843 Vali Loss: 0.5743134 Test Loss: 0.2490130
EarlyStopping counter: 9 out of 20
Updating learning rate to 4.1109831670569744e-08
	iters: 100, epoch: 78 | loss: 0.5069911
	speed: 0.2908s/iter; left time: 1870.6241s
	iters: 200, epoch: 78 | loss: 0.5380813
	speed: 0.1255s/iter; left time: 794.9530s
Epoch: 78 cost time: 35.66705250740051
Epoch: 78, Steps: 284 | Train Loss: 0.5941268 Vali Loss: 0.5752255 Test Loss: 0.2490047
EarlyStopping counter: 10 out of 20
Updating learning rate to 3.6998848503512764e-08
	iters: 100, epoch: 79 | loss: 0.4975302
	speed: 0.2909s/iter; left time: 1788.7420s
	iters: 200, epoch: 79 | loss: 0.5258826
	speed: 0.1255s/iter; left time: 759.3058s
Epoch: 79 cost time: 35.662702798843384
Epoch: 79, Steps: 284 | Train Loss: 0.5941592 Vali Loss: 0.5773715 Test Loss: 0.2490049
EarlyStopping counter: 11 out of 20
Updating learning rate to 3.3298963653161496e-08
	iters: 100, epoch: 80 | loss: 0.6356015
	speed: 0.2907s/iter; left time: 1705.1008s
	iters: 200, epoch: 80 | loss: 0.4898563
	speed: 0.1255s/iter; left time: 723.5750s
Epoch: 80 cost time: 35.660922050476074
Epoch: 80, Steps: 284 | Train Loss: 0.5941096 Vali Loss: 0.5756173 Test Loss: 0.2490073
EarlyStopping counter: 12 out of 20
Updating learning rate to 2.996906728784534e-08
	iters: 100, epoch: 81 | loss: 0.6601597
	speed: 0.2908s/iter; left time: 1623.1563s
	iters: 200, epoch: 81 | loss: 0.6622305
	speed: 0.1256s/iter; left time: 688.2109s
Epoch: 81 cost time: 35.70247721672058
Epoch: 81, Steps: 284 | Train Loss: 0.5941791 Vali Loss: 0.5746452 Test Loss: 0.2490050
EarlyStopping counter: 13 out of 20
Updating learning rate to 2.697216055906081e-08
	iters: 100, epoch: 82 | loss: 0.5817707
	speed: 0.2908s/iter; left time: 1540.6138s
	iters: 200, epoch: 82 | loss: 0.5398181
	speed: 0.1255s/iter; left time: 652.4250s
Epoch: 82 cost time: 35.66263198852539
Epoch: 82, Steps: 284 | Train Loss: 0.5942277 Vali Loss: 0.5746300 Test Loss: 0.2490019
EarlyStopping counter: 14 out of 20
Updating learning rate to 2.427494450315473e-08
	iters: 100, epoch: 83 | loss: 0.5636255
	speed: 0.2905s/iter; left time: 1456.4125s
	iters: 200, epoch: 83 | loss: 0.7304026
	speed: 0.1256s/iter; left time: 617.0990s
Epoch: 83 cost time: 35.666154623031616
Epoch: 83, Steps: 284 | Train Loss: 0.5941343 Vali Loss: 0.5752253 Test Loss: 0.2490058
EarlyStopping counter: 15 out of 20
Updating learning rate to 2.1847450052839257e-08
	iters: 100, epoch: 84 | loss: 0.4818009
	speed: 0.2911s/iter; left time: 1376.5086s
	iters: 200, epoch: 84 | loss: 0.5101637
	speed: 0.1255s/iter; left time: 581.0284s
Epoch: 84 cost time: 35.698486328125
Epoch: 84, Steps: 284 | Train Loss: 0.5941654 Vali Loss: 0.5748560 Test Loss: 0.2490044
EarlyStopping counter: 16 out of 20
Updating learning rate to 1.9662705047555332e-08
	iters: 100, epoch: 85 | loss: 0.4851709
	speed: 0.2906s/iter; left time: 1291.7134s
	iters: 200, epoch: 85 | loss: 0.5179619
	speed: 0.1255s/iter; left time: 545.4324s
Epoch: 85 cost time: 35.65285873413086
Epoch: 85, Steps: 284 | Train Loss: 0.5941158 Vali Loss: 0.5751289 Test Loss: 0.2490010
EarlyStopping counter: 17 out of 20
Updating learning rate to 1.7696434542799797e-08
	iters: 100, epoch: 86 | loss: 0.5215517
	speed: 0.2912s/iter; left time: 1211.6504s
	iters: 200, epoch: 86 | loss: 0.5109212
	speed: 0.1255s/iter; left time: 509.5820s
Epoch: 86 cost time: 35.69925403594971
Epoch: 86, Steps: 284 | Train Loss: 0.5942268 Vali Loss: 0.5746753 Test Loss: 0.2490051
EarlyStopping counter: 18 out of 20
Updating learning rate to 1.5926791088519817e-08
	iters: 100, epoch: 87 | loss: 0.7057786
	speed: 0.2905s/iter; left time: 1126.1597s
	iters: 200, epoch: 87 | loss: 0.5914837
	speed: 0.1258s/iter; left time: 475.1463s
Epoch: 87 cost time: 35.723925828933716
Epoch: 87, Steps: 284 | Train Loss: 0.5942013 Vali Loss: 0.5749434 Test Loss: 0.2490067
EarlyStopping counter: 19 out of 20
Updating learning rate to 1.4334111979667836e-08
	iters: 100, epoch: 88 | loss: 0.5424460
	speed: 0.2908s/iter; left time: 1044.9303s
	iters: 200, epoch: 88 | loss: 0.5277379
	speed: 0.1255s/iter; left time: 438.3243s
Epoch: 88 cost time: 35.650187730789185
Epoch: 88, Steps: 284 | Train Loss: 0.5941962 Vali Loss: 0.5747898 Test Loss: 0.2490061
EarlyStopping counter: 20 out of 20
Early stopping
>>>>>>>testing : CMS3_weather_336_192_PatchTST_custom_ftM_sl336_ll48_pl192_dm128_nh16_el3_dl1_df256_fc1_ebtimeF_dtTrue_Exp_0<<<<<<<<<<<<<<<<<<<<<<<<<<<<<<<<<
test 10348
mse:0.24865417182445526, mae:0.292826384305954, rse:0.6560145616531372
Args in experiment:
Namespace(random_seed=2021, is_training=1, model_id='CMS3_weather_336_336', model='PatchTST', data='custom', root_path='./dataset/', data_path='weather.csv', features='M', target='OT', freq='h', checkpoints='./checkpoints/', seq_len=336, label_len=48, pred_len=336, head_type='cms3', fc_dropout=0.2, head_dropout=0.0, patch_len=16, stride=8, padding_patch='end', revin=1, affine=0, subtract_last=0, decomposition=0, kernel_size=25, individual=0, embed_type=0, enc_in=21, dec_in=7, c_out=7, d_model=128, n_heads=16, e_layers=3, d_layers=1, d_ff=256, moving_avg=25, factor=1, distil=True, dropout=0.2, embed='timeF', activation='gelu', output_attention=False, do_predict=False, num_workers=0, itr=1, train_epochs=100, batch_size=128, patience=20, learning_rate=0.0001, des='Exp', loss='mse', lradj='type3', pct_start=0.3, use_amp=False, use_gpu=True, gpu=0, use_multi_gpu=False, devices='0,1,2,3', test_flop=False)
Use GPU: cuda:0
>>>>>>>start training : CMS3_weather_336_336_PatchTST_custom_ftM_sl336_ll48_pl336_dm128_nh16_el3_dl1_df256_fc1_ebtimeF_dtTrue_Exp_0>>>>>>>>>>>>>>>>>>>>>>>>>>
train 36216
val 4935
test 10204
	iters: 100, epoch: 1 | loss: 0.6768355
	speed: 0.1569s/iter; left time: 4409.5877s
	iters: 200, epoch: 1 | loss: 0.6447061
	speed: 0.1269s/iter; left time: 3552.5741s
Epoch: 1 cost time: 36.41716432571411
Epoch: 1, Steps: 282 | Train Loss: 0.7424306 Vali Loss: 0.7412623 Test Loss: 0.3189403
Validation loss decreased (inf --> 0.741262).  Saving model ...
Updating learning rate to 0.0001
	iters: 100, epoch: 2 | loss: 0.9063494
	speed: 0.2956s/iter; left time: 8221.9972s
	iters: 200, epoch: 2 | loss: 0.6851180
	speed: 0.1259s/iter; left time: 3490.3535s
Epoch: 2 cost time: 35.51758122444153
Epoch: 2, Steps: 282 | Train Loss: 0.7391903 Vali Loss: 0.7355445 Test Loss: 0.3171924
Validation loss decreased (0.741262 --> 0.735545).  Saving model ...
Updating learning rate to 0.0001
	iters: 100, epoch: 3 | loss: 0.7237700
	speed: 0.2923s/iter; left time: 8049.7209s
	iters: 200, epoch: 3 | loss: 0.6835869
	speed: 0.1260s/iter; left time: 3456.6454s
Epoch: 3 cost time: 35.52621555328369
Epoch: 3, Steps: 282 | Train Loss: 0.7331750 Vali Loss: 0.7306563 Test Loss: 0.3156495
Validation loss decreased (0.735545 --> 0.730656).  Saving model ...
Updating learning rate to 0.0001
	iters: 100, epoch: 4 | loss: 0.7422664
	speed: 0.2923s/iter; left time: 7965.3727s
	iters: 200, epoch: 4 | loss: 0.7364653
	speed: 0.1260s/iter; left time: 3420.9608s
Epoch: 4 cost time: 35.541176319122314
Epoch: 4, Steps: 282 | Train Loss: 0.7276324 Vali Loss: 0.7230760 Test Loss: 0.3140602
Validation loss decreased (0.730656 --> 0.723076).  Saving model ...
Updating learning rate to 9e-05
	iters: 100, epoch: 5 | loss: 0.6376375
	speed: 0.2925s/iter; left time: 7888.8654s
	iters: 200, epoch: 5 | loss: 0.7975579
	speed: 0.1261s/iter; left time: 3387.3638s
Epoch: 5 cost time: 35.550729274749756
Epoch: 5, Steps: 282 | Train Loss: 0.7221572 Vali Loss: 0.7173667 Test Loss: 0.3126258
Validation loss decreased (0.723076 --> 0.717367).  Saving model ...
Updating learning rate to 8.1e-05
	iters: 100, epoch: 6 | loss: 0.7331341
	speed: 0.2919s/iter; left time: 7790.0414s
	iters: 200, epoch: 6 | loss: 0.5726731
	speed: 0.1261s/iter; left time: 3352.0249s
Epoch: 6 cost time: 35.56350803375244
Epoch: 6, Steps: 282 | Train Loss: 0.7168191 Vali Loss: 0.7154388 Test Loss: 0.3113518
Validation loss decreased (0.717367 --> 0.715439).  Saving model ...
Updating learning rate to 7.290000000000001e-05
	iters: 100, epoch: 7 | loss: 0.7333812
	speed: 0.2914s/iter; left time: 7695.2324s
	iters: 200, epoch: 7 | loss: 0.8459635
	speed: 0.1263s/iter; left time: 3323.3971s
Epoch: 7 cost time: 35.595757246017456
Epoch: 7, Steps: 282 | Train Loss: 0.7125119 Vali Loss: 0.7113267 Test Loss: 0.3102201
Validation loss decreased (0.715439 --> 0.711327).  Saving model ...
Updating learning rate to 6.561e-05
	iters: 100, epoch: 8 | loss: 0.6664743
	speed: 0.2924s/iter; left time: 7638.3827s
	iters: 200, epoch: 8 | loss: 0.8062645
	speed: 0.1260s/iter; left time: 3280.6308s
Epoch: 8 cost time: 35.572224140167236
Epoch: 8, Steps: 282 | Train Loss: 0.7088303 Vali Loss: 0.7103981 Test Loss: 0.3091784
Validation loss decreased (0.711327 --> 0.710398).  Saving model ...
Updating learning rate to 5.904900000000001e-05
	iters: 100, epoch: 9 | loss: 0.7050574
	speed: 0.2926s/iter; left time: 7561.3085s
	iters: 200, epoch: 9 | loss: 0.6427268
	speed: 0.1260s/iter; left time: 3245.0708s
Epoch: 9 cost time: 35.56560802459717
Epoch: 9, Steps: 282 | Train Loss: 0.7050179 Vali Loss: 0.7075243 Test Loss: 0.3082434
Validation loss decreased (0.710398 --> 0.707524).  Saving model ...
Updating learning rate to 5.3144100000000005e-05
	iters: 100, epoch: 10 | loss: 0.7242578
	speed: 0.2925s/iter; left time: 7477.2812s
	iters: 200, epoch: 10 | loss: 0.7021220
	speed: 0.1265s/iter; left time: 3221.9849s
Epoch: 10 cost time: 35.61168336868286
Epoch: 10, Steps: 282 | Train Loss: 0.7027873 Vali Loss: 0.7022697 Test Loss: 0.3073859
Validation loss decreased (0.707524 --> 0.702270).  Saving model ...
Updating learning rate to 4.782969000000001e-05
	iters: 100, epoch: 11 | loss: 0.7011863
	speed: 0.2923s/iter; left time: 7388.5732s
	iters: 200, epoch: 11 | loss: 0.6644701
	speed: 0.1263s/iter; left time: 3179.2117s
Epoch: 11 cost time: 35.57856583595276
Epoch: 11, Steps: 282 | Train Loss: 0.7000106 Vali Loss: 0.7028271 Test Loss: 0.3066118
EarlyStopping counter: 1 out of 20
Updating learning rate to 4.304672100000001e-05
	iters: 100, epoch: 12 | loss: 0.5922657
	speed: 0.2914s/iter; left time: 7283.7073s
	iters: 200, epoch: 12 | loss: 0.6886515
	speed: 0.1261s/iter; left time: 3140.5091s
Epoch: 12 cost time: 35.591954708099365
Epoch: 12, Steps: 282 | Train Loss: 0.6976549 Vali Loss: 0.6994287 Test Loss: 0.3059015
Validation loss decreased (0.702270 --> 0.699429).  Saving model ...
Updating learning rate to 3.874204890000001e-05
	iters: 100, epoch: 13 | loss: 0.6507708
	speed: 0.2926s/iter; left time: 7231.8972s
	iters: 200, epoch: 13 | loss: 0.7962099
	speed: 0.1262s/iter; left time: 3107.7165s
Epoch: 13 cost time: 35.578766107559204
Epoch: 13, Steps: 282 | Train Loss: 0.6951637 Vali Loss: 0.6972398 Test Loss: 0.3052658
Validation loss decreased (0.699429 --> 0.697240).  Saving model ...
Updating learning rate to 3.486784401000001e-05
	iters: 100, epoch: 14 | loss: 0.6546504
	speed: 0.2931s/iter; left time: 7162.0437s
	iters: 200, epoch: 14 | loss: 0.6779488
	speed: 0.1261s/iter; left time: 3068.6050s
Epoch: 14 cost time: 35.56018567085266
Epoch: 14, Steps: 282 | Train Loss: 0.6937733 Vali Loss: 0.6950024 Test Loss: 0.3046865
Validation loss decreased (0.697240 --> 0.695002).  Saving model ...
Updating learning rate to 3.138105960900001e-05
	iters: 100, epoch: 15 | loss: 0.6003851
	speed: 0.2960s/iter; left time: 7148.8154s
	iters: 200, epoch: 15 | loss: 0.6013061
	speed: 0.1262s/iter; left time: 3036.0042s
Epoch: 15 cost time: 35.59718155860901
Epoch: 15, Steps: 282 | Train Loss: 0.6913542 Vali Loss: 0.6944595 Test Loss: 0.3041910
Validation loss decreased (0.695002 --> 0.694459).  Saving model ...
Updating learning rate to 2.824295364810001e-05
	iters: 100, epoch: 16 | loss: 0.5982299
	speed: 0.2927s/iter; left time: 6987.6703s
	iters: 200, epoch: 16 | loss: 0.8550543
	speed: 0.1260s/iter; left time: 2994.8975s
Epoch: 16 cost time: 35.5644268989563
Epoch: 16, Steps: 282 | Train Loss: 0.6901804 Vali Loss: 0.6935455 Test Loss: 0.3037274
Validation loss decreased (0.694459 --> 0.693546).  Saving model ...
Updating learning rate to 2.541865828329001e-05
	iters: 100, epoch: 17 | loss: 0.6755633
	speed: 0.2934s/iter; left time: 6919.9045s
	iters: 200, epoch: 17 | loss: 0.8880974
	speed: 0.1261s/iter; left time: 2961.6037s
Epoch: 17 cost time: 35.59458327293396
Epoch: 17, Steps: 282 | Train Loss: 0.6887216 Vali Loss: 0.6922032 Test Loss: 0.3033119
Validation loss decreased (0.693546 --> 0.692203).  Saving model ...
Updating learning rate to 2.287679245496101e-05
	iters: 100, epoch: 18 | loss: 0.9451551
	speed: 0.2933s/iter; left time: 6835.0083s
	iters: 200, epoch: 18 | loss: 0.6808010
	speed: 0.1261s/iter; left time: 2926.0293s
Epoch: 18 cost time: 35.56766486167908
Epoch: 18, Steps: 282 | Train Loss: 0.6867971 Vali Loss: 0.6903967 Test Loss: 0.3029456
Validation loss decreased (0.692203 --> 0.690397).  Saving model ...
Updating learning rate to 2.0589113209464907e-05
	iters: 100, epoch: 19 | loss: 0.7304291
	speed: 0.2935s/iter; left time: 6757.4672s
	iters: 200, epoch: 19 | loss: 0.7145466
	speed: 0.1263s/iter; left time: 2895.2479s
Epoch: 19 cost time: 35.66748309135437
Epoch: 19, Steps: 282 | Train Loss: 0.6863070 Vali Loss: 0.6898071 Test Loss: 0.3026152
Validation loss decreased (0.690397 --> 0.689807).  Saving model ...
Updating learning rate to 1.8530201888518416e-05
	iters: 100, epoch: 20 | loss: 0.5974885
	speed: 0.2935s/iter; left time: 6675.4274s
	iters: 200, epoch: 20 | loss: 0.6715930
	speed: 0.1260s/iter; left time: 2853.4706s
Epoch: 20 cost time: 35.565818548202515
Epoch: 20, Steps: 282 | Train Loss: 0.6855246 Vali Loss: 0.6886165 Test Loss: 0.3023038
Validation loss decreased (0.689807 --> 0.688617).  Saving model ...
Updating learning rate to 1.6677181699666577e-05
	iters: 100, epoch: 21 | loss: 0.6263294
	speed: 0.2934s/iter; left time: 6589.2125s
	iters: 200, epoch: 21 | loss: 0.6407202
	speed: 0.1260s/iter; left time: 2817.5743s
Epoch: 21 cost time: 35.55793309211731
Epoch: 21, Steps: 282 | Train Loss: 0.6850205 Vali Loss: 0.6888119 Test Loss: 0.3020391
EarlyStopping counter: 1 out of 20
Updating learning rate to 1.5009463529699919e-05
	iters: 100, epoch: 22 | loss: 0.5911697
	speed: 0.2917s/iter; left time: 6470.5776s
	iters: 200, epoch: 22 | loss: 0.5897449
	speed: 0.1261s/iter; left time: 2783.2869s
Epoch: 22 cost time: 35.5545768737793
Epoch: 22, Steps: 282 | Train Loss: 0.6835588 Vali Loss: 0.6869481 Test Loss: 0.3017965
Validation loss decreased (0.688617 --> 0.686948).  Saving model ...
Updating learning rate to 1.3508517176729929e-05
	iters: 100, epoch: 23 | loss: 0.6211464
	speed: 0.2945s/iter; left time: 6448.9130s
	iters: 200, epoch: 23 | loss: 0.7519022
	speed: 0.1261s/iter; left time: 2748.7034s
Epoch: 23 cost time: 35.5714750289917
Epoch: 23, Steps: 282 | Train Loss: 0.6832718 Vali Loss: 0.6871465 Test Loss: 0.3015744
EarlyStopping counter: 1 out of 20
Updating learning rate to 1.2157665459056936e-05
	iters: 100, epoch: 24 | loss: 0.6634093
	speed: 0.2917s/iter; left time: 6305.4903s
	iters: 200, epoch: 24 | loss: 0.7087367
	speed: 0.1261s/iter; left time: 2712.5054s
Epoch: 24 cost time: 35.55085873603821
Epoch: 24, Steps: 282 | Train Loss: 0.6827051 Vali Loss: 0.6865776 Test Loss: 0.3013774
Validation loss decreased (0.686948 --> 0.686578).  Saving model ...
Updating learning rate to 1.0941898913151242e-05
	iters: 100, epoch: 25 | loss: 0.4827392
	speed: 0.2926s/iter; left time: 6241.0436s
	iters: 200, epoch: 25 | loss: 0.8609603
	speed: 0.1266s/iter; left time: 2688.5875s
Epoch: 25 cost time: 35.60566854476929
Epoch: 25, Steps: 282 | Train Loss: 0.6821123 Vali Loss: 0.6851214 Test Loss: 0.3011972
Validation loss decreased (0.686578 --> 0.685121).  Saving model ...
Updating learning rate to 9.847709021836118e-06
	iters: 100, epoch: 26 | loss: 0.5391412
	speed: 0.2915s/iter; left time: 6136.5014s
	iters: 200, epoch: 26 | loss: 0.7492046
	speed: 0.1260s/iter; left time: 2640.8213s
Epoch: 26 cost time: 35.58185291290283
Epoch: 26, Steps: 282 | Train Loss: 0.6809264 Vali Loss: 0.6854148 Test Loss: 0.3010336
EarlyStopping counter: 1 out of 20
Updating learning rate to 8.862938119652508e-06
	iters: 100, epoch: 27 | loss: 0.6424018
	speed: 0.2922s/iter; left time: 6068.1736s
	iters: 200, epoch: 27 | loss: 0.8687696
	speed: 0.1261s/iter; left time: 2607.2384s
Epoch: 27 cost time: 35.60281181335449
Epoch: 27, Steps: 282 | Train Loss: 0.6807555 Vali Loss: 0.6848304 Test Loss: 0.3008831
Validation loss decreased (0.685121 --> 0.684830).  Saving model ...
Updating learning rate to 7.976644307687255e-06
	iters: 100, epoch: 28 | loss: 0.5869069
	speed: 0.2923s/iter; left time: 5988.1685s
	iters: 200, epoch: 28 | loss: 0.7543946
	speed: 0.1262s/iter; left time: 2572.9023s
Epoch: 28 cost time: 35.59231925010681
Epoch: 28, Steps: 282 | Train Loss: 0.6805433 Vali Loss: 0.6855992 Test Loss: 0.3007531
EarlyStopping counter: 1 out of 20
Updating learning rate to 7.178979876918531e-06
	iters: 100, epoch: 29 | loss: 0.6248316
	speed: 0.2920s/iter; left time: 5900.7783s
	iters: 200, epoch: 29 | loss: 0.7136959
	speed: 0.1261s/iter; left time: 2534.6710s
Epoch: 29 cost time: 35.550447940826416
Epoch: 29, Steps: 282 | Train Loss: 0.6801002 Vali Loss: 0.6840650 Test Loss: 0.3006351
Validation loss decreased (0.684830 --> 0.684065).  Saving model ...
Updating learning rate to 6.4610818892266776e-06
	iters: 100, epoch: 30 | loss: 0.8644902
	speed: 0.2925s/iter; left time: 5828.3137s
	iters: 200, epoch: 30 | loss: 0.5849252
	speed: 0.1263s/iter; left time: 2502.7250s
Epoch: 30 cost time: 35.594173431396484
Epoch: 30, Steps: 282 | Train Loss: 0.6799747 Vali Loss: 0.6825131 Test Loss: 0.3005279
Validation loss decreased (0.684065 --> 0.682513).  Saving model ...
Updating learning rate to 5.8149737003040096e-06
	iters: 100, epoch: 31 | loss: 0.6959818
	speed: 0.2924s/iter; left time: 5743.3880s
	iters: 200, epoch: 31 | loss: 0.6481062
	speed: 0.1261s/iter; left time: 2463.6470s
Epoch: 31 cost time: 35.5943341255188
Epoch: 31, Steps: 282 | Train Loss: 0.6792704 Vali Loss: 0.6834440 Test Loss: 0.3004322
EarlyStopping counter: 1 out of 20
Updating learning rate to 5.23347633027361e-06
	iters: 100, epoch: 32 | loss: 0.6900094
	speed: 0.2916s/iter; left time: 5645.3633s
	iters: 200, epoch: 32 | loss: 0.6791040
	speed: 0.1261s/iter; left time: 2429.1145s
Epoch: 32 cost time: 35.57904601097107
Epoch: 32, Steps: 282 | Train Loss: 0.6789117 Vali Loss: 0.6831552 Test Loss: 0.3003465
EarlyStopping counter: 2 out of 20
Updating learning rate to 4.710128697246249e-06
	iters: 100, epoch: 33 | loss: 0.6353040
	speed: 0.2922s/iter; left time: 5573.7382s
	iters: 200, epoch: 33 | loss: 0.6460413
	speed: 0.1260s/iter; left time: 2390.6978s
Epoch: 33 cost time: 35.62046217918396
Epoch: 33, Steps: 282 | Train Loss: 0.6790411 Vali Loss: 0.6830042 Test Loss: 0.3002680
EarlyStopping counter: 3 out of 20
Updating learning rate to 4.239115827521624e-06
	iters: 100, epoch: 34 | loss: 0.5769795
	speed: 0.2930s/iter; left time: 5506.4920s
	iters: 200, epoch: 34 | loss: 0.7431732
	speed: 0.1260s/iter; left time: 2356.2553s
Epoch: 34 cost time: 35.57092475891113
Epoch: 34, Steps: 282 | Train Loss: 0.6785681 Vali Loss: 0.6830689 Test Loss: 0.3001964
EarlyStopping counter: 4 out of 20
Updating learning rate to 3.815204244769462e-06
	iters: 100, epoch: 35 | loss: 0.6363594
	speed: 0.2917s/iter; left time: 5400.2385s
	iters: 200, epoch: 35 | loss: 0.6242204
	speed: 0.1260s/iter; left time: 2320.2376s
Epoch: 35 cost time: 35.54051637649536
Epoch: 35, Steps: 282 | Train Loss: 0.6783673 Vali Loss: 0.6828609 Test Loss: 0.3001331
EarlyStopping counter: 5 out of 20
Updating learning rate to 3.4336838202925152e-06
	iters: 100, epoch: 36 | loss: 0.6544993
	speed: 0.2913s/iter; left time: 5311.3520s
	iters: 200, epoch: 36 | loss: 0.6969174
	speed: 0.1261s/iter; left time: 2286.2762s
Epoch: 36 cost time: 35.61876726150513
Epoch: 36, Steps: 282 | Train Loss: 0.6778540 Vali Loss: 0.6843753 Test Loss: 0.3000779
EarlyStopping counter: 6 out of 20
Updating learning rate to 3.090315438263264e-06
	iters: 100, epoch: 37 | loss: 0.5918967
	speed: 0.2919s/iter; left time: 5238.6336s
	iters: 200, epoch: 37 | loss: 0.7696192
	speed: 0.1260s/iter; left time: 2249.2863s
Epoch: 37 cost time: 35.54504132270813
Epoch: 37, Steps: 282 | Train Loss: 0.6777157 Vali Loss: 0.6822320 Test Loss: 0.3000260
Validation loss decreased (0.682513 --> 0.682232).  Saving model ...
Updating learning rate to 2.7812838944369375e-06
	iters: 100, epoch: 38 | loss: 0.6291271
	speed: 0.2927s/iter; left time: 5170.3792s
	iters: 200, epoch: 38 | loss: 0.6470734
	speed: 0.1261s/iter; left time: 2215.3217s
Epoch: 38 cost time: 35.59030222892761
Epoch: 38, Steps: 282 | Train Loss: 0.6776781 Vali Loss: 0.6827604 Test Loss: 0.2999817
EarlyStopping counter: 1 out of 20
Updating learning rate to 2.503155504993244e-06
	iters: 100, epoch: 39 | loss: 0.6323122
	speed: 0.2918s/iter; left time: 5072.9373s
	iters: 200, epoch: 39 | loss: 0.6752255
	speed: 0.1261s/iter; left time: 2179.2074s
Epoch: 39 cost time: 35.54714584350586
Epoch: 39, Steps: 282 | Train Loss: 0.6777051 Vali Loss: 0.6823786 Test Loss: 0.2999371
EarlyStopping counter: 2 out of 20
Updating learning rate to 2.2528399544939195e-06
	iters: 100, epoch: 40 | loss: 0.9205695
	speed: 0.2915s/iter; left time: 4985.9864s
	iters: 200, epoch: 40 | loss: 0.7444896
	speed: 0.1260s/iter; left time: 2142.6130s
Epoch: 40 cost time: 35.54954481124878
Epoch: 40, Steps: 282 | Train Loss: 0.6769863 Vali Loss: 0.6817262 Test Loss: 0.2999012
Validation loss decreased (0.682232 --> 0.681726).  Saving model ...
Updating learning rate to 2.0275559590445276e-06
	iters: 100, epoch: 41 | loss: 0.6200176
	speed: 0.2920s/iter; left time: 4912.4699s
	iters: 200, epoch: 41 | loss: 0.6778145
	speed: 0.1261s/iter; left time: 2109.3160s
Epoch: 41 cost time: 35.57305407524109
Epoch: 41, Steps: 282 | Train Loss: 0.6773292 Vali Loss: 0.6819783 Test Loss: 0.2998653
EarlyStopping counter: 1 out of 20
Updating learning rate to 1.8248003631400751e-06
	iters: 100, epoch: 42 | loss: 0.7184680
	speed: 0.2917s/iter; left time: 4823.7873s
	iters: 200, epoch: 42 | loss: 0.6358119
	speed: 0.1263s/iter; left time: 2076.9590s
Epoch: 42 cost time: 35.630136013031006
Epoch: 42, Steps: 282 | Train Loss: 0.6764099 Vali Loss: 0.6813247 Test Loss: 0.2998348
Validation loss decreased (0.681726 --> 0.681325).  Saving model ...
Updating learning rate to 1.6423203268260676e-06
	iters: 100, epoch: 43 | loss: 0.6977773
	speed: 0.2930s/iter; left time: 4763.8510s
	iters: 200, epoch: 43 | loss: 0.6485843
	speed: 0.1264s/iter; left time: 2041.9264s
Epoch: 43 cost time: 35.64224147796631
Epoch: 43, Steps: 282 | Train Loss: 0.6773025 Vali Loss: 0.6811086 Test Loss: 0.2998075
Validation loss decreased (0.681325 --> 0.681109).  Saving model ...
Updating learning rate to 1.4780882941434609e-06
	iters: 100, epoch: 44 | loss: 0.6716691
	speed: 0.2932s/iter; left time: 4683.1618s
	iters: 200, epoch: 44 | loss: 0.6776671
	speed: 0.1264s/iter; left time: 2005.9897s
Epoch: 44 cost time: 35.64539957046509
Epoch: 44, Steps: 282 | Train Loss: 0.6772901 Vali Loss: 0.6825694 Test Loss: 0.2997838
EarlyStopping counter: 1 out of 20
Updating learning rate to 1.3302794647291146e-06
	iters: 100, epoch: 45 | loss: 0.8799141
	speed: 0.2925s/iter; left time: 4589.6329s
	iters: 200, epoch: 45 | loss: 0.7134088
	speed: 0.1264s/iter; left time: 1970.3387s
Epoch: 45 cost time: 35.649683237075806
Epoch: 45, Steps: 282 | Train Loss: 0.6773718 Vali Loss: 0.6794443 Test Loss: 0.2997609
Validation loss decreased (0.681109 --> 0.679444).  Saving model ...
Updating learning rate to 1.1972515182562034e-06
	iters: 100, epoch: 46 | loss: 0.6828474
	speed: 0.2925s/iter; left time: 4508.4384s
	iters: 200, epoch: 46 | loss: 0.6017532
	speed: 0.1267s/iter; left time: 1940.2978s
Epoch: 46 cost time: 35.712642431259155
Epoch: 46, Steps: 282 | Train Loss: 0.6769349 Vali Loss: 0.6821924 Test Loss: 0.2997414
EarlyStopping counter: 1 out of 20
Updating learning rate to 1.077526366430583e-06
	iters: 100, epoch: 47 | loss: 0.6287403
	speed: 0.2924s/iter; left time: 4423.2555s
	iters: 200, epoch: 47 | loss: 0.5594471
	speed: 0.1266s/iter; left time: 1902.7961s
Epoch: 47 cost time: 35.673749923706055
Epoch: 47, Steps: 282 | Train Loss: 0.6770765 Vali Loss: 0.6797373 Test Loss: 0.2997234
EarlyStopping counter: 2 out of 20
Updating learning rate to 9.697737297875248e-07
	iters: 100, epoch: 48 | loss: 0.6830266
	speed: 0.2925s/iter; left time: 4343.1172s
	iters: 200, epoch: 48 | loss: 0.9053721
	speed: 0.1264s/iter; left time: 1863.3763s
Epoch: 48 cost time: 35.64470958709717
Epoch: 48, Steps: 282 | Train Loss: 0.6766612 Vali Loss: 0.6797733 Test Loss: 0.2997065
EarlyStopping counter: 3 out of 20
Updating learning rate to 8.727963568087723e-07
	iters: 100, epoch: 49 | loss: 0.6555742
	speed: 0.2925s/iter; left time: 4259.5682s
	iters: 200, epoch: 49 | loss: 0.6139801
	speed: 0.1264s/iter; left time: 1828.6280s
Epoch: 49 cost time: 35.6478636264801
Epoch: 49, Steps: 282 | Train Loss: 0.6770989 Vali Loss: 0.6823481 Test Loss: 0.2996936
EarlyStopping counter: 4 out of 20
Updating learning rate to 7.855167211278951e-07
	iters: 100, epoch: 50 | loss: 0.6031428
	speed: 0.2923s/iter; left time: 4175.6013s
	iters: 200, epoch: 50 | loss: 0.7269683
	speed: 0.1264s/iter; left time: 1792.5154s
Epoch: 50 cost time: 35.65635347366333
Epoch: 50, Steps: 282 | Train Loss: 0.6771109 Vali Loss: 0.6822113 Test Loss: 0.2996794
EarlyStopping counter: 5 out of 20
Updating learning rate to 7.069650490151056e-07
	iters: 100, epoch: 51 | loss: 0.6390770
	speed: 0.2916s/iter; left time: 4082.4599s
	iters: 200, epoch: 51 | loss: 0.5548202
	speed: 0.1264s/iter; left time: 1757.5401s
Epoch: 51 cost time: 35.66205382347107
Epoch: 51, Steps: 282 | Train Loss: 0.6762656 Vali Loss: 0.6802117 Test Loss: 0.2996683
EarlyStopping counter: 6 out of 20
Updating learning rate to 6.36268544113595e-07
	iters: 100, epoch: 52 | loss: 0.6465540
	speed: 0.2923s/iter; left time: 4010.6840s
	iters: 200, epoch: 52 | loss: 0.5497995
	speed: 0.1265s/iter; left time: 1722.1369s
Epoch: 52 cost time: 35.674498319625854
Epoch: 52, Steps: 282 | Train Loss: 0.6763569 Vali Loss: 0.6810053 Test Loss: 0.2996573
EarlyStopping counter: 7 out of 20
Updating learning rate to 5.726416897022355e-07
	iters: 100, epoch: 53 | loss: 0.6377421
	speed: 0.2926s/iter; left time: 3931.3789s
	iters: 200, epoch: 53 | loss: 0.6542804
	speed: 0.1264s/iter; left time: 1685.8168s
Epoch: 53 cost time: 35.65600299835205
Epoch: 53, Steps: 282 | Train Loss: 0.6767627 Vali Loss: 0.6817391 Test Loss: 0.2996473
EarlyStopping counter: 8 out of 20
Updating learning rate to 5.15377520732012e-07
	iters: 100, epoch: 54 | loss: 0.6720309
	speed: 0.2927s/iter; left time: 3850.3945s
	iters: 200, epoch: 54 | loss: 0.6645259
	speed: 0.1264s/iter; left time: 1650.7379s
Epoch: 54 cost time: 35.65303111076355
Epoch: 54, Steps: 282 | Train Loss: 0.6767102 Vali Loss: 0.6826670 Test Loss: 0.2996393
EarlyStopping counter: 9 out of 20
Updating learning rate to 4.6383976865881085e-07
	iters: 100, epoch: 55 | loss: 0.6683412
	speed: 0.2923s/iter; left time: 3763.3698s
	iters: 200, epoch: 55 | loss: 0.7767999
	speed: 0.1264s/iter; left time: 1614.4379s
Epoch: 55 cost time: 35.654245376586914
Epoch: 55, Steps: 282 | Train Loss: 0.6764010 Vali Loss: 0.6810679 Test Loss: 0.2996323
EarlyStopping counter: 10 out of 20
Updating learning rate to 4.174557917929298e-07
	iters: 100, epoch: 56 | loss: 0.6560839
	speed: 0.2916s/iter; left time: 3672.0679s
	iters: 200, epoch: 56 | loss: 0.6696722
	speed: 0.1264s/iter; left time: 1578.5620s
Epoch: 56 cost time: 35.651679277420044
Epoch: 56, Steps: 282 | Train Loss: 0.6766729 Vali Loss: 0.6804151 Test Loss: 0.2996260
EarlyStopping counter: 11 out of 20
Updating learning rate to 3.7571021261363677e-07
	iters: 100, epoch: 57 | loss: 0.6777546
	speed: 0.2924s/iter; left time: 3599.1215s
	iters: 200, epoch: 57 | loss: 0.6376973
	speed: 0.1264s/iter; left time: 1543.7026s
Epoch: 57 cost time: 35.66942310333252
Epoch: 57, Steps: 282 | Train Loss: 0.6765025 Vali Loss: 0.6796058 Test Loss: 0.2996192
EarlyStopping counter: 12 out of 20
Updating learning rate to 3.381391913522731e-07
	iters: 100, epoch: 58 | loss: 0.6104608
	speed: 0.2925s/iter; left time: 3517.8090s
	iters: 200, epoch: 58 | loss: 0.6846111
	speed: 0.1264s/iter; left time: 1507.0448s
Epoch: 58 cost time: 35.640475034713745
Epoch: 58, Steps: 282 | Train Loss: 0.6764932 Vali Loss: 0.6804487 Test Loss: 0.2996130
EarlyStopping counter: 13 out of 20
Updating learning rate to 3.043252722170458e-07
	iters: 100, epoch: 59 | loss: 0.6091416
	speed: 0.2926s/iter; left time: 3437.0659s
	iters: 200, epoch: 59 | loss: 0.7613683
	speed: 0.1264s/iter; left time: 1471.4062s
Epoch: 59 cost time: 35.636966705322266
Epoch: 59, Steps: 282 | Train Loss: 0.6763681 Vali Loss: 0.6815739 Test Loss: 0.2996075
EarlyStopping counter: 14 out of 20
Updating learning rate to 2.7389274499534124e-07
	iters: 100, epoch: 60 | loss: 0.6709017
	speed: 0.2917s/iter; left time: 3344.1216s
	iters: 200, epoch: 60 | loss: 0.5992298
	speed: 0.1263s/iter; left time: 1434.8474s
Epoch: 60 cost time: 35.640340089797974
Epoch: 60, Steps: 282 | Train Loss: 0.6766565 Vali Loss: 0.6813058 Test Loss: 0.2996032
EarlyStopping counter: 15 out of 20
Updating learning rate to 2.465034704958071e-07
	iters: 100, epoch: 61 | loss: 0.7231175
	speed: 0.2918s/iter; left time: 3262.8219s
	iters: 200, epoch: 61 | loss: 0.6395584
	speed: 0.1266s/iter; left time: 1402.5055s
Epoch: 61 cost time: 35.68521809577942
Epoch: 61, Steps: 282 | Train Loss: 0.6761512 Vali Loss: 0.6802867 Test Loss: 0.2995999
EarlyStopping counter: 16 out of 20
Updating learning rate to 2.218531234462264e-07
	iters: 100, epoch: 62 | loss: 0.7362533
	speed: 0.2922s/iter; left time: 3185.0606s
	iters: 200, epoch: 62 | loss: 0.6344909
	speed: 0.1263s/iter; left time: 1363.8077s
Epoch: 62 cost time: 35.63244962692261
Epoch: 62, Steps: 282 | Train Loss: 0.6760974 Vali Loss: 0.6825147 Test Loss: 0.2995965
EarlyStopping counter: 17 out of 20
Updating learning rate to 1.9966781110160376e-07
	iters: 100, epoch: 63 | loss: 0.6003875
	speed: 0.2925s/iter; left time: 3105.2044s
	iters: 200, epoch: 63 | loss: 0.6236818
	speed: 0.1265s/iter; left time: 1330.3410s
Epoch: 63 cost time: 35.69652438163757
Epoch: 63, Steps: 282 | Train Loss: 0.6766396 Vali Loss: 0.6796845 Test Loss: 0.2995930
EarlyStopping counter: 18 out of 20
Updating learning rate to 1.797010299914434e-07
	iters: 100, epoch: 64 | loss: 0.6264126
	speed: 0.2925s/iter; left time: 3023.4456s
	iters: 200, epoch: 64 | loss: 0.5996357
	speed: 0.1265s/iter; left time: 1294.9636s
Epoch: 64 cost time: 35.659440994262695
Epoch: 64, Steps: 282 | Train Loss: 0.6763895 Vali Loss: 0.6825057 Test Loss: 0.2995901
EarlyStopping counter: 19 out of 20
Updating learning rate to 1.6173092699229907e-07
	iters: 100, epoch: 65 | loss: 0.6382300
	speed: 0.2918s/iter; left time: 2933.8372s
	iters: 200, epoch: 65 | loss: 0.5785193
	speed: 0.1264s/iter; left time: 1257.9091s
Epoch: 65 cost time: 35.650792360305786
Epoch: 65, Steps: 282 | Train Loss: 0.6767550 Vali Loss: 0.6820316 Test Loss: 0.2995886
EarlyStopping counter: 20 out of 20
Early stopping
>>>>>>>testing : CMS3_weather_336_336_PatchTST_custom_ftM_sl336_ll48_pl336_dm128_nh16_el3_dl1_df256_fc1_ebtimeF_dtTrue_Exp_0<<<<<<<<<<<<<<<<<<<<<<<<<<<<<<<<<
test 10204
mse:0.299596905708313, mae:0.3295292854309082, rse:0.7190030813217163
Args in experiment:
Namespace(random_seed=2021, is_training=1, model_id='CMS3_weather_336_720', model='PatchTST', data='custom', root_path='./dataset/', data_path='weather.csv', features='M', target='OT', freq='h', checkpoints='./checkpoints/', seq_len=336, label_len=48, pred_len=720, head_type='cms3', fc_dropout=0.2, head_dropout=0.0, patch_len=16, stride=8, padding_patch='end', revin=1, affine=0, subtract_last=0, decomposition=0, kernel_size=25, individual=0, embed_type=0, enc_in=21, dec_in=7, c_out=7, d_model=128, n_heads=16, e_layers=3, d_layers=1, d_ff=256, moving_avg=25, factor=1, distil=True, dropout=0.2, embed='timeF', activation='gelu', output_attention=False, do_predict=False, num_workers=0, itr=1, train_epochs=100, batch_size=128, patience=20, learning_rate=0.0001, des='Exp', loss='mse', lradj='type3', pct_start=0.3, use_amp=False, use_gpu=True, gpu=0, use_multi_gpu=False, devices='0,1,2,3', test_flop=False)
Use GPU: cuda:0
>>>>>>>start training : CMS3_weather_336_720_PatchTST_custom_ftM_sl336_ll48_pl720_dm128_nh16_el3_dl1_df256_fc1_ebtimeF_dtTrue_Exp_0>>>>>>>>>>>>>>>>>>>>>>>>>>
train 35832
val 4551
test 9820
	iters: 100, epoch: 1 | loss: 0.8505261
	speed: 0.1592s/iter; left time: 4427.2645s
	iters: 200, epoch: 1 | loss: 0.7593836
	speed: 0.1299s/iter; left time: 3598.4744s
Epoch: 1 cost time: 36.61744046211243
Epoch: 1, Steps: 279 | Train Loss: 0.7911092 Vali Loss: 0.8128651 Test Loss: 0.3674183
Validation loss decreased (inf --> 0.812865).  Saving model ...
Updating learning rate to 0.0001
	iters: 100, epoch: 2 | loss: 0.8263202
	speed: 0.3018s/iter; left time: 8305.8163s
	iters: 200, epoch: 2 | loss: 0.7878881
	speed: 0.1281s/iter; left time: 3512.7632s
Epoch: 2 cost time: 35.791292667388916
Epoch: 2, Steps: 279 | Train Loss: 0.7885048 Vali Loss: 0.8075140 Test Loss: 0.3661441
Validation loss decreased (0.812865 --> 0.807514).  Saving model ...
Updating learning rate to 0.0001
	iters: 100, epoch: 3 | loss: 0.7481847
	speed: 0.2971s/iter; left time: 8092.8548s
	iters: 200, epoch: 3 | loss: 0.7260932
	speed: 0.1288s/iter; left time: 3494.8052s
Epoch: 3 cost time: 35.828768730163574
Epoch: 3, Steps: 279 | Train Loss: 0.7844243 Vali Loss: 0.8044965 Test Loss: 0.3651358
Validation loss decreased (0.807514 --> 0.804496).  Saving model ...
Updating learning rate to 0.0001
	iters: 100, epoch: 4 | loss: 0.8047042
	speed: 0.2974s/iter; left time: 8018.2831s
	iters: 200, epoch: 4 | loss: 0.7167475
	speed: 0.1281s/iter; left time: 3440.4633s
Epoch: 4 cost time: 35.77291560173035
Epoch: 4, Steps: 279 | Train Loss: 0.7809030 Vali Loss: 0.8000777 Test Loss: 0.3642781
Validation loss decreased (0.804496 --> 0.800078).  Saving model ...
Updating learning rate to 9e-05
	iters: 100, epoch: 5 | loss: 0.7641244
	speed: 0.2972s/iter; left time: 7931.0649s
	iters: 200, epoch: 5 | loss: 0.7677184
	speed: 0.1282s/iter; left time: 3408.8195s
Epoch: 5 cost time: 35.74979043006897
Epoch: 5, Steps: 279 | Train Loss: 0.7776425 Vali Loss: 0.7979074 Test Loss: 0.3636348
Validation loss decreased (0.800078 --> 0.797907).  Saving model ...
Updating learning rate to 8.1e-05
	iters: 100, epoch: 6 | loss: 0.6843787
	speed: 0.2969s/iter; left time: 7838.7624s
	iters: 200, epoch: 6 | loss: 0.7796996
	speed: 0.1281s/iter; left time: 3368.7844s
Epoch: 6 cost time: 35.75934338569641
Epoch: 6, Steps: 279 | Train Loss: 0.7752703 Vali Loss: 0.7958550 Test Loss: 0.3631308
Validation loss decreased (0.797907 --> 0.795855).  Saving model ...
Updating learning rate to 7.290000000000001e-05
	iters: 100, epoch: 7 | loss: 0.8288794
	speed: 0.2964s/iter; left time: 7744.3006s
	iters: 200, epoch: 7 | loss: 0.8277612
	speed: 0.1284s/iter; left time: 3342.2626s
Epoch: 7 cost time: 35.800488233566284
Epoch: 7, Steps: 279 | Train Loss: 0.7728013 Vali Loss: 0.7947078 Test Loss: 0.3627059
Validation loss decreased (0.795855 --> 0.794708).  Saving model ...
Updating learning rate to 6.561e-05
	iters: 100, epoch: 8 | loss: 0.7849323
	speed: 0.2974s/iter; left time: 7688.2531s
	iters: 200, epoch: 8 | loss: 0.7378283
	speed: 0.1281s/iter; left time: 3297.4983s
Epoch: 8 cost time: 35.7835693359375
Epoch: 8, Steps: 279 | Train Loss: 0.7711543 Vali Loss: 0.7931781 Test Loss: 0.3623478
Validation loss decreased (0.794708 --> 0.793178).  Saving model ...
Updating learning rate to 5.904900000000001e-05
	iters: 100, epoch: 9 | loss: 0.9295716
	speed: 0.2973s/iter; left time: 7600.5131s
	iters: 200, epoch: 9 | loss: 0.7332606
	speed: 0.1282s/iter; left time: 3265.0946s
Epoch: 9 cost time: 35.77598834037781
Epoch: 9, Steps: 279 | Train Loss: 0.7695677 Vali Loss: 0.7917528 Test Loss: 0.3620189
Validation loss decreased (0.793178 --> 0.791753).  Saving model ...
Updating learning rate to 5.3144100000000005e-05
	iters: 100, epoch: 10 | loss: 0.6459507
	speed: 0.2973s/iter; left time: 7517.7262s
	iters: 200, epoch: 10 | loss: 0.7128118
	speed: 0.1284s/iter; left time: 3235.1651s
Epoch: 10 cost time: 35.78546404838562
Epoch: 10, Steps: 279 | Train Loss: 0.7686455 Vali Loss: 0.7905189 Test Loss: 0.3617118
Validation loss decreased (0.791753 --> 0.790519).  Saving model ...
Updating learning rate to 4.782969000000001e-05
	iters: 100, epoch: 11 | loss: 0.7277684
	speed: 0.2970s/iter; left time: 7428.7630s
	iters: 200, epoch: 11 | loss: 0.7113328
	speed: 0.1282s/iter; left time: 3194.6079s
Epoch: 11 cost time: 35.820661306381226
Epoch: 11, Steps: 279 | Train Loss: 0.7673492 Vali Loss: 0.7914405 Test Loss: 0.3614448
EarlyStopping counter: 1 out of 20
Updating learning rate to 4.304672100000001e-05
	iters: 100, epoch: 12 | loss: 0.7773477
	speed: 0.2957s/iter; left time: 7313.7580s
	iters: 200, epoch: 12 | loss: 0.7132351
	speed: 0.1283s/iter; left time: 3161.0917s
Epoch: 12 cost time: 35.83240628242493
Epoch: 12, Steps: 279 | Train Loss: 0.7663550 Vali Loss: 0.7887762 Test Loss: 0.3612191
Validation loss decreased (0.790519 --> 0.788776).  Saving model ...
Updating learning rate to 3.874204890000001e-05
	iters: 100, epoch: 13 | loss: 0.6960740
	speed: 0.2975s/iter; left time: 7275.6514s
	iters: 200, epoch: 13 | loss: 0.8408064
	speed: 0.1282s/iter; left time: 3121.4247s
Epoch: 13 cost time: 35.816659688949585
Epoch: 13, Steps: 279 | Train Loss: 0.7655253 Vali Loss: 0.7885010 Test Loss: 0.3610040
Validation loss decreased (0.788776 --> 0.788501).  Saving model ...
Updating learning rate to 3.486784401000001e-05
	iters: 100, epoch: 14 | loss: 0.7338354
	speed: 0.2974s/iter; left time: 7190.5080s
	iters: 200, epoch: 14 | loss: 0.8978776
	speed: 0.1281s/iter; left time: 3084.1573s
Epoch: 14 cost time: 35.78843688964844
Epoch: 14, Steps: 279 | Train Loss: 0.7648821 Vali Loss: 0.7885143 Test Loss: 0.3608176
EarlyStopping counter: 1 out of 20
Updating learning rate to 3.138105960900001e-05
	iters: 100, epoch: 15 | loss: 0.7194318
	speed: 0.2966s/iter; left time: 7088.1394s
	iters: 200, epoch: 15 | loss: 0.7213998
	speed: 0.1283s/iter; left time: 3052.4787s
Epoch: 15 cost time: 35.791303634643555
Epoch: 15, Steps: 279 | Train Loss: 0.7637975 Vali Loss: 0.7885597 Test Loss: 0.3606362
EarlyStopping counter: 2 out of 20
Updating learning rate to 2.824295364810001e-05
	iters: 100, epoch: 16 | loss: 0.7453951
	speed: 0.2962s/iter; left time: 6996.1161s
	iters: 200, epoch: 16 | loss: 0.7605332
	speed: 0.1282s/iter; left time: 3013.6813s
Epoch: 16 cost time: 35.80124878883362
Epoch: 16, Steps: 279 | Train Loss: 0.7632044 Vali Loss: 0.7875338 Test Loss: 0.3604823
Validation loss decreased (0.788501 --> 0.787534).  Saving model ...
Updating learning rate to 2.541865828329001e-05
	iters: 100, epoch: 17 | loss: 0.7839826
	speed: 0.2966s/iter; left time: 6922.5598s
	iters: 200, epoch: 17 | loss: 0.7777339
	speed: 0.1284s/iter; left time: 2983.8279s
Epoch: 17 cost time: 35.798521280288696
Epoch: 17, Steps: 279 | Train Loss: 0.7627145 Vali Loss: 0.7869666 Test Loss: 0.3603404
Validation loss decreased (0.787534 --> 0.786967).  Saving model ...
Updating learning rate to 2.287679245496101e-05
	iters: 100, epoch: 18 | loss: 0.7810236
	speed: 0.2972s/iter; left time: 6853.7298s
	iters: 200, epoch: 18 | loss: 0.7077352
	speed: 0.1283s/iter; left time: 2945.4252s
Epoch: 18 cost time: 35.80393576622009
Epoch: 18, Steps: 279 | Train Loss: 0.7620693 Vali Loss: 0.7861726 Test Loss: 0.3602137
Validation loss decreased (0.786967 --> 0.786173).  Saving model ...
Updating learning rate to 2.0589113209464907e-05
	iters: 100, epoch: 19 | loss: 0.8667045
	speed: 0.2975s/iter; left time: 6776.0588s
	iters: 200, epoch: 19 | loss: 0.8680215
	speed: 0.1284s/iter; left time: 2912.6387s
Epoch: 19 cost time: 35.80037784576416
Epoch: 19, Steps: 279 | Train Loss: 0.7616330 Vali Loss: 0.7867027 Test Loss: 0.3600914
EarlyStopping counter: 1 out of 20
Updating learning rate to 1.8530201888518416e-05
	iters: 100, epoch: 20 | loss: 0.7043710
	speed: 0.2964s/iter; left time: 6668.9008s
	iters: 200, epoch: 20 | loss: 0.8503618
	speed: 0.1278s/iter; left time: 2861.8361s
Epoch: 20 cost time: 35.70418572425842
Epoch: 20, Steps: 279 | Train Loss: 0.7610717 Vali Loss: 0.7862518 Test Loss: 0.3599809
EarlyStopping counter: 2 out of 20
Updating learning rate to 1.6677181699666577e-05
	iters: 100, epoch: 21 | loss: 0.8381084
	speed: 0.2951s/iter; left time: 6557.7487s
	iters: 200, epoch: 21 | loss: 0.7181650
	speed: 0.1279s/iter; left time: 2829.6730s
Epoch: 21 cost time: 35.71303749084473
Epoch: 21, Steps: 279 | Train Loss: 0.7608442 Vali Loss: 0.7840560 Test Loss: 0.3598876
Validation loss decreased (0.786173 --> 0.784056).  Saving model ...
Updating learning rate to 1.5009463529699919e-05
	iters: 100, epoch: 22 | loss: 0.7264807
	speed: 0.2965s/iter; left time: 6505.6404s
	iters: 200, epoch: 22 | loss: 0.7477667
	speed: 0.1283s/iter; left time: 2802.6712s
Epoch: 22 cost time: 35.77593493461609
Epoch: 22, Steps: 279 | Train Loss: 0.7602595 Vali Loss: 0.7835642 Test Loss: 0.3598004
Validation loss decreased (0.784056 --> 0.783564).  Saving model ...
Updating learning rate to 1.3508517176729929e-05
	iters: 100, epoch: 23 | loss: 0.7521713
	speed: 0.2965s/iter; left time: 6423.7099s
	iters: 200, epoch: 23 | loss: 0.7377690
	speed: 0.1281s/iter; left time: 2762.5757s
Epoch: 23 cost time: 35.74458861351013
Epoch: 23, Steps: 279 | Train Loss: 0.7601063 Vali Loss: 0.7851987 Test Loss: 0.3597252
EarlyStopping counter: 1 out of 20
Updating learning rate to 1.2157665459056936e-05
	iters: 100, epoch: 24 | loss: 0.7593184
	speed: 0.2962s/iter; left time: 6334.7561s
	iters: 200, epoch: 24 | loss: 0.7514922
	speed: 0.1284s/iter; left time: 2732.8470s
Epoch: 24 cost time: 35.861560583114624
Epoch: 24, Steps: 279 | Train Loss: 0.7599432 Vali Loss: 0.7847261 Test Loss: 0.3596542
EarlyStopping counter: 2 out of 20
Updating learning rate to 1.0941898913151242e-05
	iters: 100, epoch: 25 | loss: 0.7834812
	speed: 0.2977s/iter; left time: 6282.5292s
	iters: 200, epoch: 25 | loss: 0.7013270
	speed: 0.1284s/iter; left time: 2697.0299s
Epoch: 25 cost time: 35.880757570266724
Epoch: 25, Steps: 279 | Train Loss: 0.7593610 Vali Loss: 0.7842035 Test Loss: 0.3595918
EarlyStopping counter: 3 out of 20
Updating learning rate to 9.847709021836118e-06
	iters: 100, epoch: 26 | loss: 0.7007016
	speed: 0.2961s/iter; left time: 6166.0734s
	iters: 200, epoch: 26 | loss: 0.7653805
	speed: 0.1284s/iter; left time: 2660.4431s
Epoch: 26 cost time: 35.81496739387512
Epoch: 26, Steps: 279 | Train Loss: 0.7590786 Vali Loss: 0.7840986 Test Loss: 0.3595365
EarlyStopping counter: 4 out of 20
Updating learning rate to 8.862938119652508e-06
	iters: 100, epoch: 27 | loss: 0.7296938
	speed: 0.2961s/iter; left time: 6083.6958s
	iters: 200, epoch: 27 | loss: 0.7499309
	speed: 0.1284s/iter; left time: 2626.0512s
Epoch: 27 cost time: 35.82806468009949
Epoch: 27, Steps: 279 | Train Loss: 0.7588702 Vali Loss: 0.7848200 Test Loss: 0.3594818
EarlyStopping counter: 5 out of 20
Updating learning rate to 7.976644307687255e-06
	iters: 100, epoch: 28 | loss: 0.8434077
	speed: 0.2966s/iter; left time: 6012.2598s
	iters: 200, epoch: 28 | loss: 0.8006138
	speed: 0.1282s/iter; left time: 2585.8391s
Epoch: 28 cost time: 35.79142117500305
Epoch: 28, Steps: 279 | Train Loss: 0.7589961 Vali Loss: 0.7842824 Test Loss: 0.3594391
EarlyStopping counter: 6 out of 20
Updating learning rate to 7.178979876918531e-06
	iters: 100, epoch: 29 | loss: 0.7374977
	speed: 0.2971s/iter; left time: 5938.1648s
	iters: 200, epoch: 29 | loss: 0.7563522
	speed: 0.1285s/iter; left time: 2556.1883s
Epoch: 29 cost time: 35.83303642272949
Epoch: 29, Steps: 279 | Train Loss: 0.7586880 Vali Loss: 0.7826800 Test Loss: 0.3593965
Validation loss decreased (0.783564 --> 0.782680).  Saving model ...
Updating learning rate to 6.4610818892266776e-06
	iters: 100, epoch: 30 | loss: 0.7159023
	speed: 0.2972s/iter; left time: 5858.7746s
	iters: 200, epoch: 30 | loss: 0.8047961
	speed: 0.1287s/iter; left time: 2523.4577s
Epoch: 30 cost time: 35.8402841091156
Epoch: 30, Steps: 279 | Train Loss: 0.7584409 Vali Loss: 0.7809287 Test Loss: 0.3593597
Validation loss decreased (0.782680 --> 0.780929).  Saving model ...
Updating learning rate to 5.8149737003040096e-06
	iters: 100, epoch: 31 | loss: 0.7527871
	speed: 0.2962s/iter; left time: 5755.9209s
	iters: 200, epoch: 31 | loss: 0.7003163
	speed: 0.1283s/iter; left time: 2479.8520s
Epoch: 31 cost time: 35.83557391166687
Epoch: 31, Steps: 279 | Train Loss: 0.7584320 Vali Loss: 0.7848070 Test Loss: 0.3593246
EarlyStopping counter: 1 out of 20
Updating learning rate to 5.23347633027361e-06
	iters: 100, epoch: 32 | loss: 0.7056218
	speed: 0.2969s/iter; left time: 5686.8495s
	iters: 200, epoch: 32 | loss: 0.7721049
	speed: 0.1281s/iter; left time: 2440.5657s
Epoch: 32 cost time: 35.77337384223938
Epoch: 32, Steps: 279 | Train Loss: 0.7586041 Vali Loss: 0.7819248 Test Loss: 0.3592951
EarlyStopping counter: 2 out of 20
Updating learning rate to 4.710128697246249e-06
	iters: 100, epoch: 33 | loss: 0.8299264
	speed: 0.2965s/iter; left time: 5596.2772s
	iters: 200, epoch: 33 | loss: 0.8169762
	speed: 0.1282s/iter; left time: 2407.4222s
Epoch: 33 cost time: 35.81180167198181
Epoch: 33, Steps: 279 | Train Loss: 0.7584594 Vali Loss: 0.7827488 Test Loss: 0.3592684
EarlyStopping counter: 3 out of 20
Updating learning rate to 4.239115827521624e-06
	iters: 100, epoch: 34 | loss: 0.7801515
	speed: 0.2970s/iter; left time: 5523.1916s
	iters: 200, epoch: 34 | loss: 0.7196548
	speed: 0.1284s/iter; left time: 2374.1606s
Epoch: 34 cost time: 35.811113119125366
Epoch: 34, Steps: 279 | Train Loss: 0.7579611 Vali Loss: 0.7838882 Test Loss: 0.3592447
EarlyStopping counter: 4 out of 20
Updating learning rate to 3.815204244769462e-06
	iters: 100, epoch: 35 | loss: 0.7661357
	speed: 0.2958s/iter; left time: 5418.0264s
	iters: 200, epoch: 35 | loss: 0.7535478
	speed: 0.1282s/iter; left time: 2335.2743s
Epoch: 35 cost time: 35.77670621871948
Epoch: 35, Steps: 279 | Train Loss: 0.7578461 Vali Loss: 0.7829891 Test Loss: 0.3592229
EarlyStopping counter: 5 out of 20
Updating learning rate to 3.4336838202925152e-06
	iters: 100, epoch: 36 | loss: 0.7488945
	speed: 0.2970s/iter; left time: 5356.8090s
	iters: 200, epoch: 36 | loss: 0.7020087
	speed: 0.1285s/iter; left time: 2304.0795s
Epoch: 36 cost time: 35.9137179851532
Epoch: 36, Steps: 279 | Train Loss: 0.7577208 Vali Loss: 0.7817426 Test Loss: 0.3592022
EarlyStopping counter: 6 out of 20
Updating learning rate to 3.090315438263264e-06
	iters: 100, epoch: 37 | loss: 0.7678361
	speed: 0.2981s/iter; left time: 5293.2444s
	iters: 200, epoch: 37 | loss: 0.7633110
	speed: 0.1288s/iter; left time: 2273.5361s
Epoch: 37 cost time: 35.92266917228699
Epoch: 37, Steps: 279 | Train Loss: 0.7579101 Vali Loss: 0.7836311 Test Loss: 0.3591851
EarlyStopping counter: 7 out of 20
Updating learning rate to 2.7812838944369375e-06
	iters: 100, epoch: 38 | loss: 0.7272702
	speed: 0.2974s/iter; left time: 5197.4202s
	iters: 200, epoch: 38 | loss: 0.6859985
	speed: 0.1283s/iter; left time: 2229.9337s
Epoch: 38 cost time: 35.80529737472534
Epoch: 38, Steps: 279 | Train Loss: 0.7574518 Vali Loss: 0.7817406 Test Loss: 0.3591696
EarlyStopping counter: 8 out of 20
Updating learning rate to 2.503155504993244e-06
	iters: 100, epoch: 39 | loss: 0.7588237
	speed: 0.2971s/iter; left time: 5110.2918s
	iters: 200, epoch: 39 | loss: 0.7119107
	speed: 0.1282s/iter; left time: 2192.8970s
Epoch: 39 cost time: 35.8182647228241
Epoch: 39, Steps: 279 | Train Loss: 0.7576323 Vali Loss: 0.7839007 Test Loss: 0.3591552
EarlyStopping counter: 9 out of 20
Updating learning rate to 2.2528399544939195e-06
	iters: 100, epoch: 40 | loss: 0.7188380
	speed: 0.2961s/iter; left time: 5010.5047s
	iters: 200, epoch: 40 | loss: 0.7171431
	speed: 0.1283s/iter; left time: 2158.5191s
Epoch: 40 cost time: 35.80938673019409
Epoch: 40, Steps: 279 | Train Loss: 0.7575766 Vali Loss: 0.7819860 Test Loss: 0.3591423
EarlyStopping counter: 10 out of 20
Updating learning rate to 2.0275559590445276e-06
	iters: 100, epoch: 41 | loss: 0.7038354
	speed: 0.2966s/iter; left time: 4934.9800s
	iters: 200, epoch: 41 | loss: 0.6911197
	speed: 0.1285s/iter; left time: 2125.7896s
Epoch: 41 cost time: 35.835588693618774
Epoch: 41, Steps: 279 | Train Loss: 0.7575076 Vali Loss: 0.7801833 Test Loss: 0.3591300
Validation loss decreased (0.780929 --> 0.780183).  Saving model ...
Updating learning rate to 1.8248003631400751e-06
	iters: 100, epoch: 42 | loss: 0.7450006
	speed: 0.2981s/iter; left time: 4878.3023s
	iters: 200, epoch: 42 | loss: 0.8323602
	speed: 0.1285s/iter; left time: 2089.7167s
Epoch: 42 cost time: 35.856000900268555
Epoch: 42, Steps: 279 | Train Loss: 0.7572296 Vali Loss: 0.7824795 Test Loss: 0.3591188
EarlyStopping counter: 1 out of 20
Updating learning rate to 1.6423203268260676e-06
	iters: 100, epoch: 43 | loss: 0.6570280
	speed: 0.2972s/iter; left time: 4780.6480s
	iters: 200, epoch: 43 | loss: 0.7612302
	speed: 0.1284s/iter; left time: 2051.9490s
Epoch: 43 cost time: 35.83182168006897
Epoch: 43, Steps: 279 | Train Loss: 0.7575614 Vali Loss: 0.7827159 Test Loss: 0.3591100
EarlyStopping counter: 2 out of 20
Updating learning rate to 1.4780882941434609e-06
	iters: 100, epoch: 44 | loss: 0.6735907
	speed: 0.2971s/iter; left time: 4695.0060s
	iters: 200, epoch: 44 | loss: 0.7113634
	speed: 0.1284s/iter; left time: 2016.5082s
Epoch: 44 cost time: 35.84595537185669
Epoch: 44, Steps: 279 | Train Loss: 0.7572631 Vali Loss: 0.7834216 Test Loss: 0.3591004
EarlyStopping counter: 3 out of 20
Updating learning rate to 1.3302794647291146e-06
	iters: 100, epoch: 45 | loss: 0.8382052
	speed: 0.2961s/iter; left time: 4596.8020s
	iters: 200, epoch: 45 | loss: 0.8084229
	speed: 0.1285s/iter; left time: 1982.4104s
Epoch: 45 cost time: 35.90290641784668
Epoch: 45, Steps: 279 | Train Loss: 0.7573618 Vali Loss: 0.7824543 Test Loss: 0.3590928
EarlyStopping counter: 4 out of 20
Updating learning rate to 1.1972515182562034e-06
	iters: 100, epoch: 46 | loss: 0.7598951
	speed: 0.2976s/iter; left time: 4536.9042s
	iters: 200, epoch: 46 | loss: 0.7031051
	speed: 0.1283s/iter; left time: 1943.7390s
Epoch: 46 cost time: 35.86762619018555
Epoch: 46, Steps: 279 | Train Loss: 0.7573345 Vali Loss: 0.7824126 Test Loss: 0.3590863
EarlyStopping counter: 5 out of 20
Updating learning rate to 1.077526366430583e-06
	iters: 100, epoch: 47 | loss: 0.7524132
	speed: 0.2978s/iter; left time: 4456.8688s
	iters: 200, epoch: 47 | loss: 0.6585188
	speed: 0.1288s/iter; left time: 1914.9784s
Epoch: 47 cost time: 35.88254404067993
Epoch: 47, Steps: 279 | Train Loss: 0.7576368 Vali Loss: 0.7833490 Test Loss: 0.3590795
EarlyStopping counter: 6 out of 20
Updating learning rate to 9.697737297875248e-07
	iters: 100, epoch: 48 | loss: 0.7848674
	speed: 0.2977s/iter; left time: 4372.5633s
	iters: 200, epoch: 48 | loss: 0.7101727
	speed: 0.1285s/iter; left time: 1874.5780s
Epoch: 48 cost time: 35.853211879730225
Epoch: 48, Steps: 279 | Train Loss: 0.7573081 Vali Loss: 0.7800860 Test Loss: 0.3590747
Validation loss decreased (0.780183 --> 0.780086).  Saving model ...
Updating learning rate to 8.727963568087723e-07
	iters: 100, epoch: 49 | loss: 0.7557780
	speed: 0.2976s/iter; left time: 4288.6755s
	iters: 200, epoch: 49 | loss: 0.6707903
	speed: 0.1284s/iter; left time: 1837.6210s
Epoch: 49 cost time: 35.85823726654053
Epoch: 49, Steps: 279 | Train Loss: 0.7572071 Vali Loss: 0.7832652 Test Loss: 0.3590695
EarlyStopping counter: 1 out of 20
Updating learning rate to 7.855167211278951e-07
	iters: 100, epoch: 50 | loss: 0.7230978
	speed: 0.2965s/iter; left time: 4189.1250s
	iters: 200, epoch: 50 | loss: 0.7434562
	speed: 0.1285s/iter; left time: 1802.4779s
Epoch: 50 cost time: 35.855660915374756
Epoch: 50, Steps: 279 | Train Loss: 0.7573066 Vali Loss: 0.7827160 Test Loss: 0.3590634
EarlyStopping counter: 2 out of 20
Updating learning rate to 7.069650490151056e-07
	iters: 100, epoch: 51 | loss: 0.6724168
	speed: 0.2976s/iter; left time: 4121.8042s
	iters: 200, epoch: 51 | loss: 0.7626520
	speed: 0.1284s/iter; left time: 1765.6039s
Epoch: 51 cost time: 35.87011432647705
Epoch: 51, Steps: 279 | Train Loss: 0.7574438 Vali Loss: 0.7811849 Test Loss: 0.3590608
EarlyStopping counter: 3 out of 20
Updating learning rate to 6.36268544113595e-07
	iters: 100, epoch: 52 | loss: 0.7362641
	speed: 0.2976s/iter; left time: 4038.6805s
	iters: 200, epoch: 52 | loss: 0.7604629
	speed: 0.1286s/iter; left time: 1732.8536s
Epoch: 52 cost time: 35.899736642837524
Epoch: 52, Steps: 279 | Train Loss: 0.7573296 Vali Loss: 0.7826834 Test Loss: 0.3590559
EarlyStopping counter: 4 out of 20
Updating learning rate to 5.726416897022355e-07
	iters: 100, epoch: 53 | loss: 0.7488129
	speed: 0.2982s/iter; left time: 3963.4542s
	iters: 200, epoch: 53 | loss: 0.8195555
	speed: 0.1285s/iter; left time: 1694.9722s
Epoch: 53 cost time: 35.89836525917053
Epoch: 53, Steps: 279 | Train Loss: 0.7573274 Vali Loss: 0.7824443 Test Loss: 0.3590524
EarlyStopping counter: 5 out of 20
Updating learning rate to 5.15377520732012e-07
	iters: 100, epoch: 54 | loss: 0.7929993
	speed: 0.2971s/iter; left time: 3866.3213s
	iters: 200, epoch: 54 | loss: 0.7518250
	speed: 0.1285s/iter; left time: 1658.8335s
Epoch: 54 cost time: 35.89146542549133
Epoch: 54, Steps: 279 | Train Loss: 0.7574103 Vali Loss: 0.7825282 Test Loss: 0.3590498
EarlyStopping counter: 6 out of 20
Updating learning rate to 4.6383976865881085e-07
	iters: 100, epoch: 55 | loss: 0.8528852
	speed: 0.2971s/iter; left time: 3783.3197s
	iters: 200, epoch: 55 | loss: 0.7457374
	speed: 0.1290s/iter; left time: 1630.4754s
Epoch: 55 cost time: 35.90731906890869
Epoch: 55, Steps: 279 | Train Loss: 0.7571383 Vali Loss: 0.7834877 Test Loss: 0.3590473
EarlyStopping counter: 7 out of 20
Updating learning rate to 4.174557917929298e-07
	iters: 100, epoch: 56 | loss: 0.6819586
	speed: 0.2974s/iter; left time: 3704.8096s
	iters: 200, epoch: 56 | loss: 0.7655594
	speed: 0.1283s/iter; left time: 1585.3477s
Epoch: 56 cost time: 35.85749125480652
Epoch: 56, Steps: 279 | Train Loss: 0.7571689 Vali Loss: 0.7829547 Test Loss: 0.3590452
EarlyStopping counter: 8 out of 20
Updating learning rate to 3.7571021261363677e-07
	iters: 100, epoch: 57 | loss: 0.7787428
	speed: 0.2973s/iter; left time: 3620.0891s
	iters: 200, epoch: 57 | loss: 0.8117878
	speed: 0.1283s/iter; left time: 1549.1281s
Epoch: 57 cost time: 35.81012463569641
Epoch: 57, Steps: 279 | Train Loss: 0.7568667 Vali Loss: 0.7831919 Test Loss: 0.3590430
EarlyStopping counter: 9 out of 20
Updating learning rate to 3.381391913522731e-07
	iters: 100, epoch: 58 | loss: 0.7436973
	speed: 0.2969s/iter; left time: 3532.5821s
	iters: 200, epoch: 58 | loss: 0.6961920
	speed: 0.1282s/iter; left time: 1512.9819s
Epoch: 58 cost time: 35.82420992851257
Epoch: 58, Steps: 279 | Train Loss: 0.7570938 Vali Loss: 0.7816682 Test Loss: 0.3590406
EarlyStopping counter: 10 out of 20
Updating learning rate to 3.043252722170458e-07
	iters: 100, epoch: 59 | loss: 0.7679011
	speed: 0.2958s/iter; left time: 3436.4032s
	iters: 200, epoch: 59 | loss: 0.7346049
	speed: 0.1287s/iter; left time: 1482.5634s
Epoch: 59 cost time: 35.83438754081726
Epoch: 59, Steps: 279 | Train Loss: 0.7573242 Vali Loss: 0.7816377 Test Loss: 0.3590397
EarlyStopping counter: 11 out of 20
Updating learning rate to 2.7389274499534124e-07
	iters: 100, epoch: 60 | loss: 0.7421305
	speed: 0.2963s/iter; left time: 3359.5941s
	iters: 200, epoch: 60 | loss: 0.8109869
	speed: 0.1282s/iter; left time: 1441.1275s
Epoch: 60 cost time: 35.81558132171631
Epoch: 60, Steps: 279 | Train Loss: 0.7569905 Vali Loss: 0.7819890 Test Loss: 0.3590379
EarlyStopping counter: 12 out of 20
Updating learning rate to 2.465034704958071e-07
	iters: 100, epoch: 61 | loss: 0.7505022
	speed: 0.2972s/iter; left time: 3287.5360s
	iters: 200, epoch: 61 | loss: 0.7515435
	speed: 0.1283s/iter; left time: 1405.9783s
Epoch: 61 cost time: 35.79757213592529
Epoch: 61, Steps: 279 | Train Loss: 0.7573699 Vali Loss: 0.7821885 Test Loss: 0.3590362
EarlyStopping counter: 13 out of 20
Updating learning rate to 2.218531234462264e-07
	iters: 100, epoch: 62 | loss: 0.8334911
	speed: 0.2970s/iter; left time: 3201.8192s
	iters: 200, epoch: 62 | loss: 0.7981413
	speed: 0.1283s/iter; left time: 1370.1020s
Epoch: 62 cost time: 35.773176193237305
Epoch: 62, Steps: 279 | Train Loss: 0.7569091 Vali Loss: 0.7824564 Test Loss: 0.3590351
EarlyStopping counter: 14 out of 20
Updating learning rate to 1.9966781110160376e-07
	iters: 100, epoch: 63 | loss: 0.8508307
	speed: 0.2964s/iter; left time: 3113.5249s
	iters: 200, epoch: 63 | loss: 0.7422600
	speed: 0.1282s/iter; left time: 1333.5857s
Epoch: 63 cost time: 35.799604654312134
Epoch: 63, Steps: 279 | Train Loss: 0.7565864 Vali Loss: 0.7814150 Test Loss: 0.3590342
EarlyStopping counter: 15 out of 20
Updating learning rate to 1.797010299914434e-07
	iters: 100, epoch: 64 | loss: 0.7112191
	speed: 0.2964s/iter; left time: 3030.6643s
	iters: 200, epoch: 64 | loss: 0.7443552
	speed: 0.1287s/iter; left time: 1303.3025s
Epoch: 64 cost time: 35.90365481376648
Epoch: 64, Steps: 279 | Train Loss: 0.7569181 Vali Loss: 0.7825174 Test Loss: 0.3590331
EarlyStopping counter: 16 out of 20
Updating learning rate to 1.6173092699229907e-07
	iters: 100, epoch: 65 | loss: 0.8023672
	speed: 0.2976s/iter; left time: 2959.3938s
	iters: 200, epoch: 65 | loss: 0.7578452
	speed: 0.1283s/iter; left time: 1263.0246s
Epoch: 65 cost time: 35.815757274627686
Epoch: 65, Steps: 279 | Train Loss: 0.7571580 Vali Loss: 0.7824775 Test Loss: 0.3590323
EarlyStopping counter: 17 out of 20
Updating learning rate to 1.4555783429306916e-07
	iters: 100, epoch: 66 | loss: 0.7692857
	speed: 0.2969s/iter; left time: 2869.5520s
	iters: 200, epoch: 66 | loss: 0.7468029
	speed: 0.1283s/iter; left time: 1227.7579s
Epoch: 66 cost time: 35.802223682403564
Epoch: 66, Steps: 279 | Train Loss: 0.7572320 Vali Loss: 0.7835049 Test Loss: 0.3590317
EarlyStopping counter: 18 out of 20
Updating learning rate to 1.3100205086376224e-07
	iters: 100, epoch: 67 | loss: 0.8284560
	speed: 0.2970s/iter; left time: 2787.9466s
	iters: 200, epoch: 67 | loss: 0.7409821
	speed: 0.1283s/iter; left time: 1191.6509s
Epoch: 67 cost time: 35.81023335456848
Epoch: 67, Steps: 279 | Train Loss: 0.7571731 Vali Loss: 0.7824830 Test Loss: 0.3590311
EarlyStopping counter: 19 out of 20
Updating learning rate to 1.1790184577738603e-07
	iters: 100, epoch: 68 | loss: 0.6797065
	speed: 0.2960s/iter; left time: 2695.8175s
	iters: 200, epoch: 68 | loss: 0.7883356
	speed: 0.1282s/iter; left time: 1155.0623s
Epoch: 68 cost time: 35.79167175292969
Epoch: 68, Steps: 279 | Train Loss: 0.7568928 Vali Loss: 0.7820287 Test Loss: 0.3590315
EarlyStopping counter: 20 out of 20
Early stopping
>>>>>>>testing : CMS3_weather_336_720_PatchTST_custom_ftM_sl336_ll48_pl720_dm128_nh16_el3_dl1_df256_fc1_ebtimeF_dtTrue_Exp_0<<<<<<<<<<<<<<<<<<<<<<<<<<<<<<<<<
test 9820
mse:0.35902300477027893, mae:0.3718112111091614, rse:0.7904593348503113
