==========================================================
Lanzando Experimento: CMS3_weather | Dataset: weather
==========================================================
Args in experiment:
Namespace(random_seed=2021, is_training=1, model_id='CMS3_weather_336_96', model='PatchTST', data='custom', root_path='./dataset/', data_path='weather.csv', features='M', target='OT', freq='h', checkpoints='./checkpoints/', seq_len=336, label_len=48, pred_len=96, head_type='cms3', fc_dropout=0.2, head_dropout=0.0, patch_len=16, stride=8, padding_patch='end', revin=1, affine=0, subtract_last=0, decomposition=0, kernel_size=25, individual=0, embed_type=0, enc_in=21, dec_in=7, c_out=7, d_model=128, n_heads=16, e_layers=3, d_layers=1, d_ff=256, moving_avg=25, factor=1, distil=True, dropout=0.2, embed='timeF', activation='gelu', output_attention=False, do_predict=False, num_workers=0, itr=1, train_epochs=100, batch_size=128, patience=20, learning_rate=0.0001, des='Exp', loss='mse', lradj='type3', pct_start=0.3, use_amp=False, use_gpu=True, gpu=0, use_multi_gpu=False, devices='0,1,2,3', test_flop=False)
Use GPU: cuda:0
>>>>>>>start training : CMS3_weather_336_96_PatchTST_custom_ftM_sl336_ll48_pl96_dm128_nh16_el3_dl1_df256_fc1_ebtimeF_dtTrue_Exp_0>>>>>>>>>>>>>>>>>>>>>>>>>>
train 36456
val 5175
test 10444
	iters: 100, epoch: 1 | loss: 0.6678073
	speed: 0.1907s/iter; left time: 5396.0919s
	iters: 200, epoch: 1 | loss: 0.6430213
	speed: 0.1226s/iter; left time: 3458.6333s
Epoch: 1 cost time: 35.95057559013367
Epoch: 1, Steps: 284 | Train Loss: 0.6844670 Vali Loss: 0.6373944 Test Loss: 0.2575753
Validation loss decreased (inf --> 0.637394).  Saving model ...
Updating learning rate to 0.0001
	iters: 100, epoch: 2 | loss: 0.7793105
	speed: 0.2862s/iter; left time: 8017.8715s
	iters: 200, epoch: 2 | loss: 0.5806897
	speed: 0.1236s/iter; left time: 3451.2604s
Epoch: 2 cost time: 35.117860078811646
Epoch: 2, Steps: 284 | Train Loss: 0.6793019 Vali Loss: 0.6276661 Test Loss: 0.2547940
Validation loss decreased (0.637394 --> 0.627666).  Saving model ...
Updating learning rate to 0.0001
	iters: 100, epoch: 3 | loss: 0.7523101
	speed: 0.2865s/iter; left time: 7945.9444s
	iters: 200, epoch: 3 | loss: 0.5951911
	speed: 0.1241s/iter; left time: 3428.8365s
Epoch: 3 cost time: 35.265825033187866
Epoch: 3, Steps: 284 | Train Loss: 0.6693040 Vali Loss: 0.6177180 Test Loss: 0.2517215
Validation loss decreased (0.627666 --> 0.617718).  Saving model ...
Updating learning rate to 0.0001
	iters: 100, epoch: 4 | loss: 0.5006074
	speed: 0.2884s/iter; left time: 7916.7374s
	iters: 200, epoch: 4 | loss: 0.5529363
	speed: 0.1244s/iter; left time: 3401.5527s
Epoch: 4 cost time: 35.31738090515137
Epoch: 4, Steps: 284 | Train Loss: 0.6571419 Vali Loss: 0.6037990 Test Loss: 0.2478540
Validation loss decreased (0.617718 --> 0.603799).  Saving model ...
Updating learning rate to 9e-05
	iters: 100, epoch: 5 | loss: 0.5353905
	speed: 0.2876s/iter; left time: 7813.3258s
	iters: 200, epoch: 5 | loss: 0.5476556
	speed: 0.1245s/iter; left time: 3369.1207s
Epoch: 5 cost time: 35.37109923362732
Epoch: 5, Steps: 284 | Train Loss: 0.6414033 Vali Loss: 0.5919545 Test Loss: 0.2435692
Validation loss decreased (0.603799 --> 0.591954).  Saving model ...
Updating learning rate to 8.1e-05
	iters: 100, epoch: 6 | loss: 0.5672607
	speed: 0.2884s/iter; left time: 7753.7634s
	iters: 200, epoch: 6 | loss: 0.5272889
	speed: 0.1248s/iter; left time: 3342.2991s
Epoch: 6 cost time: 35.45202088356018
Epoch: 6, Steps: 284 | Train Loss: 0.6289633 Vali Loss: 0.5804126 Test Loss: 0.2391510
Validation loss decreased (0.591954 --> 0.580413).  Saving model ...
Updating learning rate to 7.290000000000001e-05
	iters: 100, epoch: 7 | loss: 0.8152319
	speed: 0.2899s/iter; left time: 7709.6600s
	iters: 200, epoch: 7 | loss: 0.7776343
	speed: 0.1248s/iter; left time: 3307.5848s
Epoch: 7 cost time: 35.478981256484985
Epoch: 7, Steps: 284 | Train Loss: 0.6160049 Vali Loss: 0.5693124 Test Loss: 0.2348713
Validation loss decreased (0.580413 --> 0.569312).  Saving model ...
Updating learning rate to 6.561e-05
	iters: 100, epoch: 8 | loss: 0.9350342
	speed: 0.2891s/iter; left time: 7606.4614s
	iters: 200, epoch: 8 | loss: 0.5379720
	speed: 0.1249s/iter; left time: 3275.0043s
Epoch: 8 cost time: 35.482847452163696
Epoch: 8, Steps: 284 | Train Loss: 0.6034767 Vali Loss: 0.5592020 Test Loss: 0.2308495
Validation loss decreased (0.569312 --> 0.559202).  Saving model ...
Updating learning rate to 5.904900000000001e-05
	iters: 100, epoch: 9 | loss: 0.5551818
	speed: 0.2889s/iter; left time: 7519.1163s
	iters: 200, epoch: 9 | loss: 0.5949036
	speed: 0.1250s/iter; left time: 3241.1485s
Epoch: 9 cost time: 35.49340295791626
Epoch: 9, Steps: 284 | Train Loss: 0.5922149 Vali Loss: 0.5493944 Test Loss: 0.2271347
Validation loss decreased (0.559202 --> 0.549394).  Saving model ...
Updating learning rate to 5.3144100000000005e-05
	iters: 100, epoch: 10 | loss: 0.7258945
	speed: 0.2890s/iter; left time: 7440.7224s
	iters: 200, epoch: 10 | loss: 0.7589699
	speed: 0.1250s/iter; left time: 3205.2500s
Epoch: 10 cost time: 35.508246660232544
Epoch: 10, Steps: 284 | Train Loss: 0.5825150 Vali Loss: 0.5416909 Test Loss: 0.2237522
Validation loss decreased (0.549394 --> 0.541691).  Saving model ...
Updating learning rate to 4.782969000000001e-05
	iters: 100, epoch: 11 | loss: 0.4932673
	speed: 0.2905s/iter; left time: 7396.2923s
	iters: 200, epoch: 11 | loss: 0.7502465
	speed: 0.1250s/iter; left time: 3168.9452s
Epoch: 11 cost time: 35.61949181556702
Epoch: 11, Steps: 284 | Train Loss: 0.5735583 Vali Loss: 0.5294566 Test Loss: 0.2206199
Validation loss decreased (0.541691 --> 0.529457).  Saving model ...
Updating learning rate to 4.304672100000001e-05
	iters: 100, epoch: 12 | loss: 0.6481071
	speed: 0.2902s/iter; left time: 7305.2536s
	iters: 200, epoch: 12 | loss: 0.5031216
	speed: 0.1251s/iter; left time: 3136.3543s
Epoch: 12 cost time: 35.517852783203125
Epoch: 12, Steps: 284 | Train Loss: 0.5657064 Vali Loss: 0.5280015 Test Loss: 0.2178275
Validation loss decreased (0.529457 --> 0.528002).  Saving model ...
Updating learning rate to 3.874204890000001e-05
	iters: 100, epoch: 13 | loss: 0.5200111
	speed: 0.2894s/iter; left time: 7203.7705s
	iters: 200, epoch: 13 | loss: 0.4643301
	speed: 0.1250s/iter; left time: 3098.3853s
Epoch: 13 cost time: 35.52393627166748
Epoch: 13, Steps: 284 | Train Loss: 0.5577996 Vali Loss: 0.5210322 Test Loss: 0.2152808
Validation loss decreased (0.528002 --> 0.521032).  Saving model ...
Updating learning rate to 3.486784401000001e-05
	iters: 100, epoch: 14 | loss: 0.4563099
	speed: 0.2896s/iter; left time: 7126.4842s
	iters: 200, epoch: 14 | loss: 0.7465324
	speed: 0.1251s/iter; left time: 3065.1247s
Epoch: 14 cost time: 35.52092623710632
Epoch: 14, Steps: 284 | Train Loss: 0.5520905 Vali Loss: 0.5153052 Test Loss: 0.2129944
Validation loss decreased (0.521032 --> 0.515305).  Saving model ...
Updating learning rate to 3.138105960900001e-05
	iters: 100, epoch: 15 | loss: 0.3923810
	speed: 0.2897s/iter; left time: 7047.5058s
	iters: 200, epoch: 15 | loss: 0.4090060
	speed: 0.1250s/iter; left time: 3027.9663s
Epoch: 15 cost time: 35.52680230140686
Epoch: 15, Steps: 284 | Train Loss: 0.5466131 Vali Loss: 0.5074644 Test Loss: 0.2108934
Validation loss decreased (0.515305 --> 0.507464).  Saving model ...
Updating learning rate to 2.824295364810001e-05
	iters: 100, epoch: 16 | loss: 0.6079499
	speed: 0.2890s/iter; left time: 6948.6804s
	iters: 200, epoch: 16 | loss: 0.4917279
	speed: 0.1250s/iter; left time: 2991.8443s
Epoch: 16 cost time: 35.50045943260193
Epoch: 16, Steps: 284 | Train Loss: 0.5416986 Vali Loss: 0.5075237 Test Loss: 0.2090389
EarlyStopping counter: 1 out of 20
Updating learning rate to 2.541865828329001e-05
	iters: 100, epoch: 17 | loss: 0.4072503
	speed: 0.2885s/iter; left time: 6853.5534s
	iters: 200, epoch: 17 | loss: 0.4250212
	speed: 0.1253s/iter; left time: 2965.2297s
Epoch: 17 cost time: 35.5330126285553
Epoch: 17, Steps: 284 | Train Loss: 0.5374478 Vali Loss: 0.5004005 Test Loss: 0.2073514
Validation loss decreased (0.507464 --> 0.500400).  Saving model ...
Updating learning rate to 2.287679245496101e-05
	iters: 100, epoch: 18 | loss: 0.5257678
	speed: 0.2892s/iter; left time: 6788.8967s
	iters: 200, epoch: 18 | loss: 0.3773946
	speed: 0.1250s/iter; left time: 2920.9143s
Epoch: 18 cost time: 35.502018213272095
Epoch: 18, Steps: 284 | Train Loss: 0.5334778 Vali Loss: 0.4983035 Test Loss: 0.2058286
Validation loss decreased (0.500400 --> 0.498304).  Saving model ...
Updating learning rate to 2.0589113209464907e-05
	iters: 100, epoch: 19 | loss: 0.5431316
	speed: 0.2891s/iter; left time: 6704.9361s
	iters: 200, epoch: 19 | loss: 0.4723484
	speed: 0.1250s/iter; left time: 2885.3227s
Epoch: 19 cost time: 35.49937415122986
Epoch: 19, Steps: 284 | Train Loss: 0.5297557 Vali Loss: 0.4969378 Test Loss: 0.2044851
Validation loss decreased (0.498304 --> 0.496938).  Saving model ...
Updating learning rate to 1.8530201888518416e-05
	iters: 100, epoch: 20 | loss: 0.4426792
	speed: 0.2891s/iter; left time: 6622.8977s
	iters: 200, epoch: 20 | loss: 0.3999304
	speed: 0.1250s/iter; left time: 2850.0451s
Epoch: 20 cost time: 35.4999213218689
Epoch: 20, Steps: 284 | Train Loss: 0.5265217 Vali Loss: 0.4926949 Test Loss: 0.2032527
Validation loss decreased (0.496938 --> 0.492695).  Saving model ...
Updating learning rate to 1.6677181699666577e-05
	iters: 100, epoch: 21 | loss: 0.8017944
	speed: 0.2893s/iter; left time: 6545.2980s
	iters: 200, epoch: 21 | loss: 0.4675570
	speed: 0.1250s/iter; left time: 2814.0176s
Epoch: 21 cost time: 35.49796223640442
Epoch: 21, Steps: 284 | Train Loss: 0.5241153 Vali Loss: 0.4875446 Test Loss: 0.2021357
Validation loss decreased (0.492695 --> 0.487545).  Saving model ...
Updating learning rate to 1.5009463529699919e-05
	iters: 100, epoch: 22 | loss: 0.4290007
	speed: 0.2890s/iter; left time: 6455.8497s
	iters: 200, epoch: 22 | loss: 0.4784907
	speed: 0.1250s/iter; left time: 2779.9988s
Epoch: 22 cost time: 35.519779682159424
Epoch: 22, Steps: 284 | Train Loss: 0.5214724 Vali Loss: 0.4869771 Test Loss: 0.2011586
Validation loss decreased (0.487545 --> 0.486977).  Saving model ...
Updating learning rate to 1.3508517176729929e-05
	iters: 100, epoch: 23 | loss: 0.3763309
	speed: 0.2892s/iter; left time: 6377.8267s
	iters: 200, epoch: 23 | loss: 0.4474133
	speed: 0.1250s/iter; left time: 2744.8062s
Epoch: 23 cost time: 35.51541209220886
Epoch: 23, Steps: 284 | Train Loss: 0.5193999 Vali Loss: 0.4866536 Test Loss: 0.2002817
Validation loss decreased (0.486977 --> 0.486654).  Saving model ...
Updating learning rate to 1.2157665459056936e-05
	iters: 100, epoch: 24 | loss: 0.4236932
	speed: 0.2894s/iter; left time: 6298.8965s
	iters: 200, epoch: 24 | loss: 0.5243475
	speed: 0.1253s/iter; left time: 2714.7790s
Epoch: 24 cost time: 35.542338848114014
Epoch: 24, Steps: 284 | Train Loss: 0.5176243 Vali Loss: 0.4848550 Test Loss: 0.1994815
Validation loss decreased (0.486654 --> 0.484855).  Saving model ...
Updating learning rate to 1.0941898913151242e-05
	iters: 100, epoch: 25 | loss: 0.4305927
	speed: 0.2899s/iter; left time: 6228.5905s
	iters: 200, epoch: 25 | loss: 0.4153610
	speed: 0.1251s/iter; left time: 2674.2645s
Epoch: 25 cost time: 35.52931761741638
Epoch: 25, Steps: 284 | Train Loss: 0.5160386 Vali Loss: 0.4811029 Test Loss: 0.1987600
Validation loss decreased (0.484855 --> 0.481103).  Saving model ...
Updating learning rate to 9.847709021836118e-06
	iters: 100, epoch: 26 | loss: 0.4153844
	speed: 0.2896s/iter; left time: 6139.7561s
	iters: 200, epoch: 26 | loss: 0.4380947
	speed: 0.1251s/iter; left time: 2639.5241s
Epoch: 26 cost time: 35.532543659210205
Epoch: 26, Steps: 284 | Train Loss: 0.5145650 Vali Loss: 0.4799770 Test Loss: 0.1981671
Validation loss decreased (0.481103 --> 0.479977).  Saving model ...
Updating learning rate to 8.862938119652508e-06
	iters: 100, epoch: 27 | loss: 0.5112082
	speed: 0.2894s/iter; left time: 6052.6104s
	iters: 200, epoch: 27 | loss: 0.9092404
	speed: 0.1251s/iter; left time: 2604.8917s
Epoch: 27 cost time: 35.54355216026306
Epoch: 27, Steps: 284 | Train Loss: 0.5122347 Vali Loss: 0.4769875 Test Loss: 0.1975909
Validation loss decreased (0.479977 --> 0.476987).  Saving model ...
Updating learning rate to 7.976644307687255e-06
	iters: 100, epoch: 28 | loss: 0.3558953
	speed: 0.2898s/iter; left time: 5979.1316s
	iters: 200, epoch: 28 | loss: 0.4120027
	speed: 0.1253s/iter; left time: 2572.4050s
Epoch: 28 cost time: 35.56345796585083
Epoch: 28, Steps: 284 | Train Loss: 0.5117053 Vali Loss: 0.4786631 Test Loss: 0.1970847
EarlyStopping counter: 1 out of 20
Updating learning rate to 7.178979876918531e-06
	iters: 100, epoch: 29 | loss: 0.6686478
	speed: 0.2891s/iter; left time: 5883.4000s
	iters: 200, epoch: 29 | loss: 0.4245602
	speed: 0.1252s/iter; left time: 2534.6068s
Epoch: 29 cost time: 35.5683274269104
Epoch: 29, Steps: 284 | Train Loss: 0.5093402 Vali Loss: 0.4771872 Test Loss: 0.1966468
EarlyStopping counter: 2 out of 20
Updating learning rate to 6.4610818892266776e-06
	iters: 100, epoch: 30 | loss: 0.3946820
	speed: 0.2895s/iter; left time: 5807.9629s
	iters: 200, epoch: 30 | loss: 0.4120207
	speed: 0.1251s/iter; left time: 2498.6152s
Epoch: 30 cost time: 35.59841966629028
Epoch: 30, Steps: 284 | Train Loss: 0.5094051 Vali Loss: 0.4753069 Test Loss: 0.1962050
Validation loss decreased (0.476987 --> 0.475307).  Saving model ...
Updating learning rate to 5.8149737003040096e-06
	iters: 100, epoch: 31 | loss: 0.6062567
	speed: 0.2903s/iter; left time: 5741.5079s
	iters: 200, epoch: 31 | loss: 0.4929413
	speed: 0.1252s/iter; left time: 2463.1202s
Epoch: 31 cost time: 35.559505224227905
Epoch: 31, Steps: 284 | Train Loss: 0.5082924 Vali Loss: 0.4735582 Test Loss: 0.1958442
Validation loss decreased (0.475307 --> 0.473558).  Saving model ...
Updating learning rate to 5.23347633027361e-06
	iters: 100, epoch: 32 | loss: 0.4161025
	speed: 0.2903s/iter; left time: 5659.0482s
	iters: 200, epoch: 32 | loss: 0.7635437
	speed: 0.1252s/iter; left time: 2427.7021s
Epoch: 32 cost time: 35.55629205703735
Epoch: 32, Steps: 284 | Train Loss: 0.5077602 Vali Loss: 0.4725255 Test Loss: 0.1955054
Validation loss decreased (0.473558 --> 0.472526).  Saving model ...
Updating learning rate to 4.710128697246249e-06
	iters: 100, epoch: 33 | loss: 1.1345830
	speed: 0.2895s/iter; left time: 5563.0337s
	iters: 200, epoch: 33 | loss: 0.6341957
	speed: 0.1252s/iter; left time: 2392.9402s
Epoch: 33 cost time: 35.60752296447754
Epoch: 33, Steps: 284 | Train Loss: 0.5063418 Vali Loss: 0.4742871 Test Loss: 0.1952131
EarlyStopping counter: 1 out of 20
Updating learning rate to 4.239115827521624e-06
	iters: 100, epoch: 34 | loss: 0.3853430
	speed: 0.2895s/iter; left time: 5480.0647s
	iters: 200, epoch: 34 | loss: 0.3731481
	speed: 0.1252s/iter; left time: 2358.0341s
Epoch: 34 cost time: 35.57011532783508
Epoch: 34, Steps: 284 | Train Loss: 0.5062410 Vali Loss: 0.4730329 Test Loss: 0.1949514
EarlyStopping counter: 2 out of 20
Updating learning rate to 3.815204244769462e-06
	iters: 100, epoch: 35 | loss: 0.4230787
	speed: 0.2890s/iter; left time: 5387.7185s
	iters: 200, epoch: 35 | loss: 0.3780847
	speed: 0.1252s/iter; left time: 2321.6575s
Epoch: 35 cost time: 35.565962076187134
Epoch: 35, Steps: 284 | Train Loss: 0.5057943 Vali Loss: 0.4725301 Test Loss: 0.1947039
EarlyStopping counter: 3 out of 20
Updating learning rate to 3.4336838202925152e-06
	iters: 100, epoch: 36 | loss: 0.3794369
	speed: 0.2892s/iter; left time: 5310.6541s
	iters: 200, epoch: 36 | loss: 0.4115729
	speed: 0.1252s/iter; left time: 2285.9455s
Epoch: 36 cost time: 35.55964207649231
Epoch: 36, Steps: 284 | Train Loss: 0.5053997 Vali Loss: 0.4700633 Test Loss: 0.1945144
Validation loss decreased (0.472526 --> 0.470063).  Saving model ...
Updating learning rate to 3.090315438263264e-06
	iters: 100, epoch: 37 | loss: 0.6641498
	speed: 0.2902s/iter; left time: 5246.5381s
	iters: 200, epoch: 37 | loss: 0.7436283
	speed: 0.1252s/iter; left time: 2250.6107s
Epoch: 37 cost time: 35.561410427093506
Epoch: 37, Steps: 284 | Train Loss: 0.5036150 Vali Loss: 0.4719289 Test Loss: 0.1943101
EarlyStopping counter: 1 out of 20
Updating learning rate to 2.7812838944369375e-06
	iters: 100, epoch: 38 | loss: 0.6980160
	speed: 0.2895s/iter; left time: 5151.2261s
	iters: 200, epoch: 38 | loss: 0.4535879
	speed: 0.1252s/iter; left time: 2214.7936s
Epoch: 38 cost time: 35.56343173980713
Epoch: 38, Steps: 284 | Train Loss: 0.5044420 Vali Loss: 0.4715564 Test Loss: 0.1941199
EarlyStopping counter: 2 out of 20
Updating learning rate to 2.503155504993244e-06
	iters: 100, epoch: 39 | loss: 0.6513481
	speed: 0.2892s/iter; left time: 5063.8909s
	iters: 200, epoch: 39 | loss: 0.6470569
	speed: 0.1252s/iter; left time: 2178.7945s
Epoch: 39 cost time: 35.54776430130005
Epoch: 39, Steps: 284 | Train Loss: 0.5039397 Vali Loss: 0.4697966 Test Loss: 0.1939875
Validation loss decreased (0.470063 --> 0.469797).  Saving model ...
Updating learning rate to 2.2528399544939195e-06
	iters: 100, epoch: 40 | loss: 0.4236123
	speed: 0.2896s/iter; left time: 4987.6861s
	iters: 200, epoch: 40 | loss: 0.8380747
	speed: 0.1252s/iter; left time: 2143.2936s
Epoch: 40 cost time: 35.55105113983154
Epoch: 40, Steps: 284 | Train Loss: 0.5038784 Vali Loss: 0.4707296 Test Loss: 0.1938346
EarlyStopping counter: 1 out of 20
Updating learning rate to 2.0275559590445276e-06
	iters: 100, epoch: 41 | loss: 0.4358179
	speed: 0.2898s/iter; left time: 4908.8781s
	iters: 200, epoch: 41 | loss: 0.5741686
	speed: 0.1251s/iter; left time: 2107.4766s
Epoch: 41 cost time: 35.546042919158936
Epoch: 41, Steps: 284 | Train Loss: 0.5033188 Vali Loss: 0.4692879 Test Loss: 0.1937128
Validation loss decreased (0.469797 --> 0.469288).  Saving model ...
Updating learning rate to 1.8248003631400751e-06
	iters: 100, epoch: 42 | loss: 0.6753310
	speed: 0.2895s/iter; left time: 4821.8378s
	iters: 200, epoch: 42 | loss: 0.3944672
	speed: 0.1252s/iter; left time: 2072.6710s
Epoch: 42 cost time: 35.54592680931091
Epoch: 42, Steps: 284 | Train Loss: 0.5022153 Vali Loss: 0.4698465 Test Loss: 0.1936101
EarlyStopping counter: 1 out of 20
Updating learning rate to 1.6423203268260676e-06
	iters: 100, epoch: 43 | loss: 0.3624225
	speed: 0.2892s/iter; left time: 4735.7567s
	iters: 200, epoch: 43 | loss: 0.3562663
	speed: 0.1251s/iter; left time: 2035.3293s
Epoch: 43 cost time: 35.536945819854736
Epoch: 43, Steps: 284 | Train Loss: 0.5028132 Vali Loss: 0.4709501 Test Loss: 0.1935006
EarlyStopping counter: 2 out of 20
Updating learning rate to 1.4780882941434609e-06
	iters: 100, epoch: 44 | loss: 0.4013883
	speed: 0.2889s/iter; left time: 4647.6970s
	iters: 200, epoch: 44 | loss: 0.7597505
	speed: 0.1251s/iter; left time: 1999.5190s
Epoch: 44 cost time: 35.527865171432495
Epoch: 44, Steps: 284 | Train Loss: 0.5026565 Vali Loss: 0.4702311 Test Loss: 0.1934168
EarlyStopping counter: 3 out of 20
Updating learning rate to 1.3302794647291146e-06
	iters: 100, epoch: 45 | loss: 0.6514021
	speed: 0.2888s/iter; left time: 4563.8846s
	iters: 200, epoch: 45 | loss: 0.4700582
	speed: 0.1251s/iter; left time: 1964.2483s
Epoch: 45 cost time: 35.526386976242065
Epoch: 45, Steps: 284 | Train Loss: 0.5023641 Vali Loss: 0.4675727 Test Loss: 0.1933156
Validation loss decreased (0.469288 --> 0.467573).  Saving model ...
Updating learning rate to 1.1972515182562034e-06
	iters: 100, epoch: 46 | loss: 0.4021249
	speed: 0.2898s/iter; left time: 4498.7602s
	iters: 200, epoch: 46 | loss: 0.7203954
	speed: 0.1251s/iter; left time: 1929.0440s
Epoch: 46 cost time: 35.53284740447998
Epoch: 46, Steps: 284 | Train Loss: 0.5023414 Vali Loss: 0.4677169 Test Loss: 0.1932610
EarlyStopping counter: 1 out of 20
Updating learning rate to 1.077526366430583e-06
	iters: 100, epoch: 47 | loss: 0.4837943
	speed: 0.2891s/iter; left time: 4404.4119s
	iters: 200, epoch: 47 | loss: 0.6022665
	speed: 0.1251s/iter; left time: 1893.8503s
Epoch: 47 cost time: 35.53360652923584
Epoch: 47, Steps: 284 | Train Loss: 0.5020486 Vali Loss: 0.4694996 Test Loss: 0.1931805
EarlyStopping counter: 2 out of 20
Updating learning rate to 9.697737297875248e-07
	iters: 100, epoch: 48 | loss: 0.6943429
	speed: 0.2892s/iter; left time: 4325.1199s
	iters: 200, epoch: 48 | loss: 0.3900083
	speed: 0.1251s/iter; left time: 1857.4745s
Epoch: 48 cost time: 35.52279782295227
Epoch: 48, Steps: 284 | Train Loss: 0.5018859 Vali Loss: 0.4654238 Test Loss: 0.1931203
Validation loss decreased (0.467573 --> 0.465424).  Saving model ...
Updating learning rate to 8.727963568087723e-07
	iters: 100, epoch: 49 | loss: 0.7107897
	speed: 0.2894s/iter; left time: 4244.7788s
	iters: 200, epoch: 49 | loss: 0.6167212
	speed: 0.1250s/iter; left time: 1820.9996s
Epoch: 49 cost time: 35.52034020423889
Epoch: 49, Steps: 284 | Train Loss: 0.5017303 Vali Loss: 0.4692023 Test Loss: 0.1930657
EarlyStopping counter: 1 out of 20
Updating learning rate to 7.855167211278951e-07
	iters: 100, epoch: 50 | loss: 0.4023810
	speed: 0.2889s/iter; left time: 4155.1523s
	iters: 200, epoch: 50 | loss: 0.6726311
	speed: 0.1250s/iter; left time: 1785.5739s
Epoch: 50 cost time: 35.510324478149414
Epoch: 50, Steps: 284 | Train Loss: 0.5010975 Vali Loss: 0.4645685 Test Loss: 0.1930230
Validation loss decreased (0.465424 --> 0.464569).  Saving model ...
Updating learning rate to 7.069650490151056e-07
	iters: 100, epoch: 51 | loss: 0.4500577
	speed: 0.2951s/iter; left time: 4161.6169s
	iters: 200, epoch: 51 | loss: 0.6620937
	speed: 0.1254s/iter; left time: 1755.1873s
Epoch: 51 cost time: 35.54772973060608
Epoch: 51, Steps: 284 | Train Loss: 0.5016516 Vali Loss: 0.4684907 Test Loss: 0.1929700
EarlyStopping counter: 1 out of 20
Updating learning rate to 6.36268544113595e-07
	iters: 100, epoch: 52 | loss: 0.4535465
	speed: 0.2887s/iter; left time: 3988.5728s
	iters: 200, epoch: 52 | loss: 0.3502620
	speed: 0.1250s/iter; left time: 1715.0169s
Epoch: 52 cost time: 35.50534629821777
Epoch: 52, Steps: 284 | Train Loss: 0.5017624 Vali Loss: 0.4690431 Test Loss: 0.1929345
EarlyStopping counter: 2 out of 20
Updating learning rate to 5.726416897022355e-07
	iters: 100, epoch: 53 | loss: 0.4253176
	speed: 0.2888s/iter; left time: 3908.3429s
	iters: 200, epoch: 53 | loss: 0.4949916
	speed: 0.1250s/iter; left time: 1678.9975s
Epoch: 53 cost time: 35.50122308731079
Epoch: 53, Steps: 284 | Train Loss: 0.4995518 Vali Loss: 0.4686124 Test Loss: 0.1929020
EarlyStopping counter: 3 out of 20
Updating learning rate to 5.15377520732012e-07
	iters: 100, epoch: 54 | loss: 0.7009750
	speed: 0.2888s/iter; left time: 3826.1671s
	iters: 200, epoch: 54 | loss: 0.6396861
	speed: 0.1250s/iter; left time: 1643.4006s
Epoch: 54 cost time: 35.498560428619385
Epoch: 54, Steps: 284 | Train Loss: 0.5011475 Vali Loss: 0.4674768 Test Loss: 0.1928756
EarlyStopping counter: 4 out of 20
Updating learning rate to 4.6383976865881085e-07
	iters: 100, epoch: 55 | loss: 0.3640355
	speed: 0.2887s/iter; left time: 3743.0642s
	iters: 200, epoch: 55 | loss: 0.3873524
	speed: 0.1250s/iter; left time: 1607.8085s
Epoch: 55 cost time: 35.50833773612976
Epoch: 55, Steps: 284 | Train Loss: 0.5000050 Vali Loss: 0.4685608 Test Loss: 0.1928503
EarlyStopping counter: 5 out of 20
Updating learning rate to 4.174557917929298e-07
	iters: 100, epoch: 56 | loss: 0.3817957
	speed: 0.2886s/iter; left time: 3659.3303s
	iters: 200, epoch: 56 | loss: 0.3714666
	speed: 0.1250s/iter; left time: 1573.0167s
Epoch: 56 cost time: 35.507790327072144
Epoch: 56, Steps: 284 | Train Loss: 0.5010241 Vali Loss: 0.4674520 Test Loss: 0.1928008
EarlyStopping counter: 6 out of 20
Updating learning rate to 3.7571021261363677e-07
	iters: 100, epoch: 57 | loss: 1.1852808
	speed: 0.2895s/iter; left time: 3588.7666s
	iters: 200, epoch: 57 | loss: 0.4082392
	speed: 0.1250s/iter; left time: 1536.8932s
Epoch: 57 cost time: 35.5330023765564
Epoch: 57, Steps: 284 | Train Loss: 0.5012013 Vali Loss: 0.4686662 Test Loss: 0.1927981
EarlyStopping counter: 7 out of 20
Updating learning rate to 3.381391913522731e-07
	iters: 100, epoch: 58 | loss: 0.5013551
	speed: 0.2889s/iter; left time: 3499.6814s
	iters: 200, epoch: 58 | loss: 0.3522981
	speed: 0.1250s/iter; left time: 1501.5199s
Epoch: 58 cost time: 35.50106692314148
Epoch: 58, Steps: 284 | Train Loss: 0.5011114 Vali Loss: 0.4674178 Test Loss: 0.1927686
EarlyStopping counter: 8 out of 20
Updating learning rate to 3.043252722170458e-07
	iters: 100, epoch: 59 | loss: 0.4522101
	speed: 0.2889s/iter; left time: 3417.8957s
	iters: 200, epoch: 59 | loss: 0.7151189
	speed: 0.1249s/iter; left time: 1465.3196s
Epoch: 59 cost time: 35.49064564704895
Epoch: 59, Steps: 284 | Train Loss: 0.5007712 Vali Loss: 0.4665760 Test Loss: 0.1927547
EarlyStopping counter: 9 out of 20
Updating learning rate to 2.7389274499534124e-07
	iters: 100, epoch: 60 | loss: 0.4560885
	speed: 0.2888s/iter; left time: 3334.0083s
	iters: 200, epoch: 60 | loss: 0.6177315
	speed: 0.1249s/iter; left time: 1429.9054s
Epoch: 60 cost time: 35.49571180343628
Epoch: 60, Steps: 284 | Train Loss: 0.5009936 Vali Loss: 0.4671188 Test Loss: 0.1927344
EarlyStopping counter: 10 out of 20
Updating learning rate to 2.465034704958071e-07
	iters: 100, epoch: 61 | loss: 0.4867251
	speed: 0.2888s/iter; left time: 3251.6716s
	iters: 200, epoch: 61 | loss: 0.3831883
	speed: 0.1249s/iter; left time: 1394.3806s
Epoch: 61 cost time: 35.49330806732178
Epoch: 61, Steps: 284 | Train Loss: 0.5009349 Vali Loss: 0.4660477 Test Loss: 0.1927345
EarlyStopping counter: 11 out of 20
Updating learning rate to 2.218531234462264e-07
	iters: 100, epoch: 62 | loss: 0.4186567
	speed: 0.2887s/iter; left time: 3168.7774s
	iters: 200, epoch: 62 | loss: 0.7366248
	speed: 0.1251s/iter; left time: 1360.5557s
Epoch: 62 cost time: 35.513763666152954
Epoch: 62, Steps: 284 | Train Loss: 0.5008252 Vali Loss: 0.4679743 Test Loss: 0.1927212
EarlyStopping counter: 12 out of 20
Updating learning rate to 1.9966781110160376e-07
	iters: 100, epoch: 63 | loss: 0.4680404
	speed: 0.2887s/iter; left time: 3087.2696s
	iters: 200, epoch: 63 | loss: 0.4772846
	speed: 0.1250s/iter; left time: 1323.7312s
Epoch: 63 cost time: 35.494736433029175
Epoch: 63, Steps: 284 | Train Loss: 0.5007454 Vali Loss: 0.4688094 Test Loss: 0.1927049
EarlyStopping counter: 13 out of 20
Updating learning rate to 1.797010299914434e-07
	iters: 100, epoch: 64 | loss: 0.8350817
	speed: 0.2891s/iter; left time: 3008.9982s
	iters: 200, epoch: 64 | loss: 0.3669109
	speed: 0.1250s/iter; left time: 1288.1528s
Epoch: 64 cost time: 35.492770195007324
Epoch: 64, Steps: 284 | Train Loss: 0.4991878 Vali Loss: 0.4680368 Test Loss: 0.1926779
EarlyStopping counter: 14 out of 20
Updating learning rate to 1.6173092699229907e-07
	iters: 100, epoch: 65 | loss: 0.6077288
	speed: 0.2890s/iter; left time: 2926.3371s
	iters: 200, epoch: 65 | loss: 0.4705185
	speed: 0.1250s/iter; left time: 1253.0108s
Epoch: 65 cost time: 35.503413677215576
Epoch: 65, Steps: 284 | Train Loss: 0.4994330 Vali Loss: 0.4679608 Test Loss: 0.1926712
EarlyStopping counter: 15 out of 20
Updating learning rate to 1.4555783429306916e-07
	iters: 100, epoch: 66 | loss: 0.3981897
	speed: 0.2890s/iter; left time: 2844.3901s
	iters: 200, epoch: 66 | loss: 0.4466301
	speed: 0.1250s/iter; left time: 1217.4177s
Epoch: 66 cost time: 35.49932551383972
Epoch: 66, Steps: 284 | Train Loss: 0.4998040 Vali Loss: 0.4664337 Test Loss: 0.1926689
EarlyStopping counter: 16 out of 20
Updating learning rate to 1.3100205086376224e-07
	iters: 100, epoch: 67 | loss: 0.4129709
	speed: 0.2889s/iter; left time: 2760.6233s
	iters: 200, epoch: 67 | loss: 0.6710466
	speed: 0.1250s/iter; left time: 1182.0423s
Epoch: 67 cost time: 35.49851751327515
Epoch: 67, Steps: 284 | Train Loss: 0.5006679 Vali Loss: 0.4676699 Test Loss: 0.1926606
EarlyStopping counter: 17 out of 20
Updating learning rate to 1.1790184577738603e-07
	iters: 100, epoch: 68 | loss: 0.3966115
	speed: 0.2885s/iter; left time: 2675.7102s
	iters: 200, epoch: 68 | loss: 0.6771905
	speed: 0.1250s/iter; left time: 1146.4949s
Epoch: 68 cost time: 35.49440312385559
Epoch: 68, Steps: 284 | Train Loss: 0.5002554 Vali Loss: 0.4641513 Test Loss: 0.1926514
Validation loss decreased (0.464569 --> 0.464151).  Saving model ...
Updating learning rate to 1.0611166119964742e-07
	iters: 100, epoch: 69 | loss: 0.4153258
	speed: 0.2926s/iter; left time: 2630.0926s
	iters: 200, epoch: 69 | loss: 0.3807134
	speed: 0.1249s/iter; left time: 1110.4713s
Epoch: 69 cost time: 35.49432015419006
Epoch: 69, Steps: 284 | Train Loss: 0.5005191 Vali Loss: 0.4684144 Test Loss: 0.1926533
EarlyStopping counter: 1 out of 20
Updating learning rate to 9.550049507968268e-08
	iters: 100, epoch: 70 | loss: 0.7591088
	speed: 0.2888s/iter; left time: 2513.6630s
	iters: 200, epoch: 70 | loss: 0.4072073
	speed: 0.1249s/iter; left time: 1075.0595s
Epoch: 70 cost time: 35.49349498748779
Epoch: 70, Steps: 284 | Train Loss: 0.5004812 Vali Loss: 0.4638677 Test Loss: 0.1926374
Validation loss decreased (0.464151 --> 0.463868).  Saving model ...
Updating learning rate to 8.595044557171442e-08
	iters: 100, epoch: 71 | loss: 0.4385230
	speed: 0.2894s/iter; left time: 2436.9124s
	iters: 200, epoch: 71 | loss: 0.4075588
	speed: 0.1249s/iter; left time: 1039.6667s
Epoch: 71 cost time: 35.48928999900818
Epoch: 71, Steps: 284 | Train Loss: 0.5006989 Vali Loss: 0.4677293 Test Loss: 0.1926544
EarlyStopping counter: 1 out of 20
Updating learning rate to 7.735540101454298e-08
	iters: 100, epoch: 72 | loss: 0.6919313
	speed: 0.2885s/iter; left time: 2347.6119s
	iters: 200, epoch: 72 | loss: 0.5656117
	speed: 0.1249s/iter; left time: 1004.1541s
Epoch: 72 cost time: 35.488356590270996
Epoch: 72, Steps: 284 | Train Loss: 0.5007121 Vali Loss: 0.4681008 Test Loss: 0.1926360
EarlyStopping counter: 2 out of 20
Updating learning rate to 6.961986091308869e-08
	iters: 100, epoch: 73 | loss: 0.6865844
	speed: 0.2890s/iter; left time: 2269.7114s
	iters: 200, epoch: 73 | loss: 0.3621414
	speed: 0.1251s/iter; left time: 969.9983s
Epoch: 73 cost time: 35.52143716812134
Epoch: 73, Steps: 284 | Train Loss: 0.5005928 Vali Loss: 0.4677686 Test Loss: 0.1926281
EarlyStopping counter: 3 out of 20
Updating learning rate to 6.265787482177981e-08
	iters: 100, epoch: 74 | loss: 0.4782876
	speed: 0.2885s/iter; left time: 2183.5251s
	iters: 200, epoch: 74 | loss: 0.3910420
	speed: 0.1250s/iter; left time: 933.6451s
Epoch: 74 cost time: 35.502575635910034
Epoch: 74, Steps: 284 | Train Loss: 0.5003879 Vali Loss: 0.4663718 Test Loss: 0.1926228
EarlyStopping counter: 4 out of 20
Updating learning rate to 5.639208733960184e-08
	iters: 100, epoch: 75 | loss: 0.3819006
	speed: 0.2887s/iter; left time: 2102.8691s
	iters: 200, epoch: 75 | loss: 0.4210309
	speed: 0.1250s/iter; left time: 898.3170s
Epoch: 75 cost time: 35.517147064208984
Epoch: 75, Steps: 284 | Train Loss: 0.4997595 Vali Loss: 0.4660811 Test Loss: 0.1926331
EarlyStopping counter: 5 out of 20
Updating learning rate to 5.075287860564165e-08
	iters: 100, epoch: 76 | loss: 0.4731452
	speed: 0.2894s/iter; left time: 2025.8556s
	iters: 200, epoch: 76 | loss: 0.6116888
	speed: 0.1251s/iter; left time: 863.0416s
Epoch: 76 cost time: 35.53278970718384
Epoch: 76, Steps: 284 | Train Loss: 0.5005848 Vali Loss: 0.4662025 Test Loss: 0.1926269
EarlyStopping counter: 6 out of 20
Updating learning rate to 4.567759074507749e-08
	iters: 100, epoch: 77 | loss: 0.4733507
	speed: 0.2889s/iter; left time: 1940.7504s
	iters: 200, epoch: 77 | loss: 0.3592339
	speed: 0.1251s/iter; left time: 827.7149s
Epoch: 77 cost time: 35.53369069099426
Epoch: 77, Steps: 284 | Train Loss: 0.4997785 Vali Loss: 0.4672658 Test Loss: 0.1926211
EarlyStopping counter: 7 out of 20
Updating learning rate to 4.1109831670569744e-08
	iters: 100, epoch: 78 | loss: 0.5259565
	speed: 0.2892s/iter; left time: 1860.5169s
	iters: 200, epoch: 78 | loss: 0.6488917
	speed: 0.1251s/iter; left time: 792.5462s
Epoch: 78 cost time: 35.54321646690369
Epoch: 78, Steps: 284 | Train Loss: 0.5006985 Vali Loss: 0.4658233 Test Loss: 0.1926099
EarlyStopping counter: 8 out of 20
Updating learning rate to 3.6998848503512764e-08
	iters: 100, epoch: 79 | loss: 0.5413011
	speed: 0.2891s/iter; left time: 1777.6494s
	iters: 200, epoch: 79 | loss: 0.6584519
	speed: 0.1252s/iter; left time: 757.2429s
Epoch: 79 cost time: 35.547935485839844
Epoch: 79, Steps: 284 | Train Loss: 0.5005225 Vali Loss: 0.4676356 Test Loss: 0.1926138
EarlyStopping counter: 9 out of 20
Updating learning rate to 3.3298963653161496e-08
	iters: 100, epoch: 80 | loss: 0.8805382
	speed: 0.2890s/iter; left time: 1694.7076s
	iters: 200, epoch: 80 | loss: 0.3570242
	speed: 0.1251s/iter; left time: 721.3746s
Epoch: 80 cost time: 35.55005979537964
Epoch: 80, Steps: 284 | Train Loss: 0.4997304 Vali Loss: 0.4669611 Test Loss: 0.1926139
EarlyStopping counter: 10 out of 20
Updating learning rate to 2.996906728784534e-08
	iters: 100, epoch: 81 | loss: 0.6672615
	speed: 0.2888s/iter; left time: 1611.7723s
	iters: 200, epoch: 81 | loss: 0.3522618
	speed: 0.1251s/iter; left time: 685.8836s
Epoch: 81 cost time: 35.54886341094971
Epoch: 81, Steps: 284 | Train Loss: 0.5005356 Vali Loss: 0.4671337 Test Loss: 0.1926311
EarlyStopping counter: 11 out of 20
Updating learning rate to 2.697216055906081e-08
	iters: 100, epoch: 82 | loss: 0.7700764
	speed: 0.2891s/iter; left time: 1531.1296s
	iters: 200, epoch: 82 | loss: 0.3394266
	speed: 0.1252s/iter; left time: 650.5007s
Epoch: 82 cost time: 35.56264066696167
Epoch: 82, Steps: 284 | Train Loss: 0.5002821 Vali Loss: 0.4651362 Test Loss: 0.1926199
EarlyStopping counter: 12 out of 20
Updating learning rate to 2.427494450315473e-08
	iters: 100, epoch: 83 | loss: 0.6724076
	speed: 0.2893s/iter; left time: 1450.0589s
	iters: 200, epoch: 83 | loss: 0.4555505
	speed: 0.1252s/iter; left time: 615.0049s
Epoch: 83 cost time: 35.55771851539612
Epoch: 83, Steps: 284 | Train Loss: 0.5007928 Vali Loss: 0.4661013 Test Loss: 0.1926242
EarlyStopping counter: 13 out of 20
Updating learning rate to 2.1847450052839257e-08
	iters: 100, epoch: 84 | loss: 0.4956169
	speed: 0.2894s/iter; left time: 1368.7617s
	iters: 200, epoch: 84 | loss: 0.4301116
	speed: 0.1252s/iter; left time: 579.4523s
Epoch: 84 cost time: 35.55640959739685
Epoch: 84, Steps: 284 | Train Loss: 0.5006709 Vali Loss: 0.4637395 Test Loss: 0.1926135
Validation loss decreased (0.463868 --> 0.463739).  Saving model ...
Updating learning rate to 1.9662705047555332e-08
	iters: 100, epoch: 85 | loss: 0.3955893
	speed: 0.2893s/iter; left time: 1285.7981s
	iters: 200, epoch: 85 | loss: 0.3659775
	speed: 0.1252s/iter; left time: 543.9877s
Epoch: 85 cost time: 35.56665253639221
Epoch: 85, Steps: 284 | Train Loss: 0.5008257 Vali Loss: 0.4682736 Test Loss: 0.1926151
EarlyStopping counter: 1 out of 20
Updating learning rate to 1.7696434542799797e-08
	iters: 100, epoch: 86 | loss: 0.4241570
	speed: 0.2892s/iter; left time: 1203.2060s
	iters: 200, epoch: 86 | loss: 1.0740628
	speed: 0.1254s/iter; left time: 509.2260s
Epoch: 86 cost time: 35.56930375099182
Epoch: 86, Steps: 284 | Train Loss: 0.5004675 Vali Loss: 0.4658730 Test Loss: 0.1926146
EarlyStopping counter: 2 out of 20
Updating learning rate to 1.5926791088519817e-08
	iters: 100, epoch: 87 | loss: 0.3665189
	speed: 0.2887s/iter; left time: 1119.2674s
	iters: 200, epoch: 87 | loss: 0.4532835
	speed: 0.1253s/iter; left time: 473.3602s
Epoch: 87 cost time: 35.56530261039734
Epoch: 87, Steps: 284 | Train Loss: 0.5006469 Vali Loss: 0.4673432 Test Loss: 0.1926093
EarlyStopping counter: 3 out of 20
Updating learning rate to 1.4334111979667836e-08
	iters: 100, epoch: 88 | loss: 0.4787957
	speed: 0.2890s/iter; left time: 1038.2880s
	iters: 200, epoch: 88 | loss: 0.4991397
	speed: 0.1253s/iter; left time: 437.6774s
Epoch: 88 cost time: 35.56678581237793
Epoch: 88, Steps: 284 | Train Loss: 0.5004731 Vali Loss: 0.4668249 Test Loss: 0.1926165
EarlyStopping counter: 4 out of 20
Updating learning rate to 1.2900700781701054e-08
	iters: 100, epoch: 89 | loss: 0.4184921
	speed: 0.2893s/iter; left time: 957.1806s
	iters: 200, epoch: 89 | loss: 0.3931183
	speed: 0.1251s/iter; left time: 401.4304s
Epoch: 89 cost time: 35.541542530059814
Epoch: 89, Steps: 284 | Train Loss: 0.5002210 Vali Loss: 0.4669184 Test Loss: 0.1926071
EarlyStopping counter: 5 out of 20
Updating learning rate to 1.161063070353095e-08
	iters: 100, epoch: 90 | loss: 0.7027008
	speed: 0.2892s/iter; left time: 874.7688s
	iters: 200, epoch: 90 | loss: 0.4726470
	speed: 0.1252s/iter; left time: 366.1374s
Epoch: 90 cost time: 35.55097508430481
Epoch: 90, Steps: 284 | Train Loss: 0.5008579 Vali Loss: 0.4684830 Test Loss: 0.1926208
EarlyStopping counter: 6 out of 20
Updating learning rate to 1.0449567633177854e-08
	iters: 100, epoch: 91 | loss: 0.5531852
	speed: 0.2889s/iter; left time: 791.8784s
	iters: 200, epoch: 91 | loss: 0.3572068
	speed: 0.1251s/iter; left time: 330.4798s
Epoch: 91 cost time: 35.54746341705322
Epoch: 91, Steps: 284 | Train Loss: 0.4998297 Vali Loss: 0.4639529 Test Loss: 0.1926071
EarlyStopping counter: 7 out of 20
Updating learning rate to 9.404610869860069e-09
	iters: 100, epoch: 92 | loss: 0.6925726
	speed: 0.2888s/iter; left time: 709.6621s
	iters: 200, epoch: 92 | loss: 0.4401673
	speed: 0.1252s/iter; left time: 294.9851s
Epoch: 92 cost time: 35.54122471809387
Epoch: 92, Steps: 284 | Train Loss: 0.5002689 Vali Loss: 0.4672519 Test Loss: 0.1926109
EarlyStopping counter: 8 out of 20
Updating learning rate to 8.464149782874063e-09
	iters: 100, epoch: 93 | loss: 0.3830561
	speed: 0.2889s/iter; left time: 627.7726s
	iters: 200, epoch: 93 | loss: 0.4372094
	speed: 0.1251s/iter; left time: 259.2812s
Epoch: 93 cost time: 35.531750202178955
Epoch: 93, Steps: 284 | Train Loss: 0.5007608 Vali Loss: 0.4686922 Test Loss: 0.1926242
EarlyStopping counter: 9 out of 20
Updating learning rate to 7.617734804586658e-09
	iters: 100, epoch: 94 | loss: 0.4312260
	speed: 0.2892s/iter; left time: 546.2719s
	iters: 200, epoch: 94 | loss: 0.6670372
	speed: 0.1251s/iter; left time: 223.7505s
Epoch: 94 cost time: 35.536306381225586
Epoch: 94, Steps: 284 | Train Loss: 0.4999807 Vali Loss: 0.4667295 Test Loss: 0.1926200
EarlyStopping counter: 10 out of 20
Updating learning rate to 6.855961324127991e-09
	iters: 100, epoch: 95 | loss: 0.6314043
	speed: 0.2890s/iter; left time: 463.8768s
	iters: 200, epoch: 95 | loss: 0.4864943
	speed: 0.1251s/iter; left time: 188.3401s
Epoch: 95 cost time: 35.548651933670044
Epoch: 95, Steps: 284 | Train Loss: 0.5005787 Vali Loss: 0.4681103 Test Loss: 0.1926135
EarlyStopping counter: 11 out of 20
Updating learning rate to 6.170365191715193e-09
	iters: 100, epoch: 96 | loss: 0.3790118
	speed: 0.2891s/iter; left time: 381.8388s
	iters: 200, epoch: 96 | loss: 0.4427624
	speed: 0.1251s/iter; left time: 152.7354s
Epoch: 96 cost time: 35.5311918258667
Epoch: 96, Steps: 284 | Train Loss: 0.5003509 Vali Loss: 0.4678045 Test Loss: 0.1926052
EarlyStopping counter: 12 out of 20
Updating learning rate to 5.5533286725436726e-09
	iters: 100, epoch: 97 | loss: 0.3679935
	speed: 0.2891s/iter; left time: 299.8023s
	iters: 200, epoch: 97 | loss: 0.5537825
	speed: 0.1251s/iter; left time: 117.1919s
Epoch: 97 cost time: 35.52822184562683
Epoch: 97, Steps: 284 | Train Loss: 0.5006056 Vali Loss: 0.4654249 Test Loss: 0.1926107
EarlyStopping counter: 13 out of 20
Updating learning rate to 4.997995805289306e-09
	iters: 100, epoch: 98 | loss: 0.4235226
	speed: 0.2889s/iter; left time: 217.5787s
	iters: 200, epoch: 98 | loss: 0.6290467
	speed: 0.1250s/iter; left time: 81.6383s
Epoch: 98 cost time: 35.519294023513794
Epoch: 98, Steps: 284 | Train Loss: 0.5008043 Vali Loss: 0.4682771 Test Loss: 0.1926203
EarlyStopping counter: 14 out of 20
Updating learning rate to 4.498196224760375e-09
	iters: 100, epoch: 99 | loss: 0.7057890
	speed: 0.2888s/iter; left time: 135.4647s
	iters: 200, epoch: 99 | loss: 0.4317932
	speed: 0.1250s/iter; left time: 46.1247s
Epoch: 99 cost time: 35.51195168495178
Epoch: 99, Steps: 284 | Train Loss: 0.5002309 Vali Loss: 0.4674993 Test Loss: 0.1926095
EarlyStopping counter: 15 out of 20
Updating learning rate to 4.048376602284338e-09
	iters: 100, epoch: 100 | loss: 0.5877833
	speed: 0.2887s/iter; left time: 53.4135s
	iters: 200, epoch: 100 | loss: 0.5071636
	speed: 0.1250s/iter; left time: 10.6224s
Epoch: 100 cost time: 35.51041507720947
Epoch: 100, Steps: 284 | Train Loss: 0.5007320 Vali Loss: 0.4674914 Test Loss: 0.1926093
EarlyStopping counter: 16 out of 20
Updating learning rate to 3.643538942055904e-09
>>>>>>>testing : CMS3_weather_336_96_PatchTST_custom_ftM_sl336_ll48_pl96_dm128_nh16_el3_dl1_df256_fc1_ebtimeF_dtTrue_Exp_0<<<<<<<<<<<<<<<<<<<<<<<<<<<<<<<<<
test 10444
mse:0.1856187880039215, mae:0.23996707797050476, rse:0.5675719976425171
Args in experiment:
Namespace(random_seed=2021, is_training=1, model_id='CMS3_weather_336_192', model='PatchTST', data='custom', root_path='./dataset/', data_path='weather.csv', features='M', target='OT', freq='h', checkpoints='./checkpoints/', seq_len=336, label_len=48, pred_len=192, head_type='cms3', fc_dropout=0.2, head_dropout=0.0, patch_len=16, stride=8, padding_patch='end', revin=1, affine=0, subtract_last=0, decomposition=0, kernel_size=25, individual=0, embed_type=0, enc_in=21, dec_in=7, c_out=7, d_model=128, n_heads=16, e_layers=3, d_layers=1, d_ff=256, moving_avg=25, factor=1, distil=True, dropout=0.2, embed='timeF', activation='gelu', output_attention=False, do_predict=False, num_workers=0, itr=1, train_epochs=100, batch_size=128, patience=20, learning_rate=0.0001, des='Exp', loss='mse', lradj='type3', pct_start=0.3, use_amp=False, use_gpu=True, gpu=0, use_multi_gpu=False, devices='0,1,2,3', test_flop=False)
Use GPU: cuda:0
>>>>>>>start training : CMS3_weather_336_192_PatchTST_custom_ftM_sl336_ll48_pl192_dm128_nh16_el3_dl1_df256_fc1_ebtimeF_dtTrue_Exp_0>>>>>>>>>>>>>>>>>>>>>>>>>>
train 36360
val 5079
test 10348
	iters: 100, epoch: 1 | loss: 0.5930165
	speed: 0.1706s/iter; left time: 4828.6859s
	iters: 200, epoch: 1 | loss: 0.6505421
	speed: 0.1253s/iter; left time: 3533.0399s
Epoch: 1 cost time: 35.890718936920166
Epoch: 1, Steps: 284 | Train Loss: 0.7078723 Vali Loss: 0.6792483 Test Loss: 0.2858599
Validation loss decreased (inf --> 0.679248).  Saving model ...
Updating learning rate to 0.0001
	iters: 100, epoch: 2 | loss: 0.6114016
	speed: 0.2920s/iter; left time: 8181.9472s
	iters: 200, epoch: 2 | loss: 0.8125961
	speed: 0.1253s/iter; left time: 3497.0458s
Epoch: 2 cost time: 35.566307067871094
Epoch: 2, Steps: 284 | Train Loss: 0.7035355 Vali Loss: 0.6721316 Test Loss: 0.2834572
Validation loss decreased (0.679248 --> 0.672132).  Saving model ...
Updating learning rate to 0.0001
	iters: 100, epoch: 3 | loss: 0.7552540
	speed: 0.2908s/iter; left time: 8063.9677s
	iters: 200, epoch: 3 | loss: 0.8141772
	speed: 0.1254s/iter; left time: 3464.8169s
Epoch: 3 cost time: 35.6291241645813
Epoch: 3, Steps: 284 | Train Loss: 0.6956460 Vali Loss: 0.6655998 Test Loss: 0.2810728
Validation loss decreased (0.672132 --> 0.665600).  Saving model ...
Updating learning rate to 0.0001
	iters: 100, epoch: 4 | loss: 0.8878207
	speed: 0.2916s/iter; left time: 8004.9716s
	iters: 200, epoch: 4 | loss: 0.5953708
	speed: 0.1254s/iter; left time: 3430.4966s
Epoch: 4 cost time: 35.64295315742493
Epoch: 4, Steps: 284 | Train Loss: 0.6870450 Vali Loss: 0.6577249 Test Loss: 0.2783739
Validation loss decreased (0.665600 --> 0.657725).  Saving model ...
Updating learning rate to 9e-05
	iters: 100, epoch: 5 | loss: 0.8809457
	speed: 0.2913s/iter; left time: 7913.7255s
	iters: 200, epoch: 5 | loss: 0.8651015
	speed: 0.1254s/iter; left time: 3394.1572s
Epoch: 5 cost time: 35.638182163238525
Epoch: 5, Steps: 284 | Train Loss: 0.6774100 Vali Loss: 0.6480879 Test Loss: 0.2756805
Validation loss decreased (0.657725 --> 0.648088).  Saving model ...
Updating learning rate to 8.1e-05
	iters: 100, epoch: 6 | loss: 0.5832441
	speed: 0.2962s/iter; left time: 7961.5053s
	iters: 200, epoch: 6 | loss: 0.5982583
	speed: 0.1255s/iter; left time: 3361.3369s
Epoch: 6 cost time: 35.642064332962036
Epoch: 6, Steps: 284 | Train Loss: 0.6689835 Vali Loss: 0.6416333 Test Loss: 0.2731291
Validation loss decreased (0.648088 --> 0.641633).  Saving model ...
Updating learning rate to 7.290000000000001e-05
	iters: 100, epoch: 7 | loss: 0.5240954
	speed: 0.2909s/iter; left time: 7738.1089s
	iters: 200, epoch: 7 | loss: 0.5571292
	speed: 0.1254s/iter; left time: 3322.2191s
Epoch: 7 cost time: 35.62565493583679
Epoch: 7, Steps: 284 | Train Loss: 0.6608342 Vali Loss: 0.6337558 Test Loss: 0.2707709
Validation loss decreased (0.641633 --> 0.633756).  Saving model ...
Updating learning rate to 6.561e-05
	iters: 100, epoch: 8 | loss: 0.6064947
	speed: 0.2910s/iter; left time: 7655.8770s
	iters: 200, epoch: 8 | loss: 0.5267797
	speed: 0.1254s/iter; left time: 3286.6350s
Epoch: 8 cost time: 35.62228059768677
Epoch: 8, Steps: 284 | Train Loss: 0.6536451 Vali Loss: 0.6261529 Test Loss: 0.2686079
Validation loss decreased (0.633756 --> 0.626153).  Saving model ...
Updating learning rate to 5.904900000000001e-05
	iters: 100, epoch: 9 | loss: 0.6207268
	speed: 0.2908s/iter; left time: 7570.5283s
	iters: 200, epoch: 9 | loss: 0.6136804
	speed: 0.1254s/iter; left time: 3252.0791s
Epoch: 9 cost time: 35.628061056137085
Epoch: 9, Steps: 284 | Train Loss: 0.6472154 Vali Loss: 0.6223468 Test Loss: 0.2666611
Validation loss decreased (0.626153 --> 0.622347).  Saving model ...
Updating learning rate to 5.3144100000000005e-05
	iters: 100, epoch: 10 | loss: 0.5235211
	speed: 0.2909s/iter; left time: 7489.6934s
	iters: 200, epoch: 10 | loss: 0.5483874
	speed: 0.1254s/iter; left time: 3217.0080s
Epoch: 10 cost time: 35.644237756729126
Epoch: 10, Steps: 284 | Train Loss: 0.6416072 Vali Loss: 0.6169222 Test Loss: 0.2648840
Validation loss decreased (0.622347 --> 0.616922).  Saving model ...
Updating learning rate to 4.782969000000001e-05
	iters: 100, epoch: 11 | loss: 0.7191145
	speed: 0.2912s/iter; left time: 7414.6475s
	iters: 200, epoch: 11 | loss: 0.5946565
	speed: 0.1254s/iter; left time: 3180.9646s
Epoch: 11 cost time: 35.63963294029236
Epoch: 11, Steps: 284 | Train Loss: 0.6362316 Vali Loss: 0.6149302 Test Loss: 0.2633021
Validation loss decreased (0.616922 --> 0.614930).  Saving model ...
Updating learning rate to 4.304672100000001e-05
	iters: 100, epoch: 12 | loss: 0.6935447
	speed: 0.2915s/iter; left time: 7337.8617s
	iters: 200, epoch: 12 | loss: 0.5621820
	speed: 0.1255s/iter; left time: 3147.5770s
Epoch: 12 cost time: 35.644325971603394
Epoch: 12, Steps: 284 | Train Loss: 0.6322616 Vali Loss: 0.6104777 Test Loss: 0.2618406
Validation loss decreased (0.614930 --> 0.610478).  Saving model ...
Updating learning rate to 3.874204890000001e-05
	iters: 100, epoch: 13 | loss: 0.7395495
	speed: 0.2911s/iter; left time: 7246.4629s
	iters: 200, epoch: 13 | loss: 0.5450454
	speed: 0.1254s/iter; left time: 3109.8609s
Epoch: 13 cost time: 35.64035606384277
Epoch: 13, Steps: 284 | Train Loss: 0.6284320 Vali Loss: 0.6072912 Test Loss: 0.2605695
Validation loss decreased (0.610478 --> 0.607291).  Saving model ...
Updating learning rate to 3.486784401000001e-05
	iters: 100, epoch: 14 | loss: 0.5403265
	speed: 0.2912s/iter; left time: 7166.4998s
	iters: 200, epoch: 14 | loss: 0.7112814
	speed: 0.1254s/iter; left time: 3073.7309s
Epoch: 14 cost time: 35.64343214035034
Epoch: 14, Steps: 284 | Train Loss: 0.6248485 Vali Loss: 0.6041945 Test Loss: 0.2594048
Validation loss decreased (0.607291 --> 0.604195).  Saving model ...
Updating learning rate to 3.138105960900001e-05
	iters: 100, epoch: 15 | loss: 0.6262161
	speed: 0.2912s/iter; left time: 7084.1355s
	iters: 200, epoch: 15 | loss: 0.5341000
	speed: 0.1254s/iter; left time: 3037.6044s
Epoch: 15 cost time: 35.633010387420654
Epoch: 15, Steps: 284 | Train Loss: 0.6217610 Vali Loss: 0.6020708 Test Loss: 0.2583584
Validation loss decreased (0.604195 --> 0.602071).  Saving model ...
Updating learning rate to 2.824295364810001e-05
	iters: 100, epoch: 16 | loss: 0.5777933
	speed: 0.2906s/iter; left time: 6985.6100s
	iters: 200, epoch: 16 | loss: 0.5051966
	speed: 0.1254s/iter; left time: 3002.1880s
Epoch: 16 cost time: 35.6169056892395
Epoch: 16, Steps: 284 | Train Loss: 0.6189085 Vali Loss: 0.5968076 Test Loss: 0.2574078
Validation loss decreased (0.602071 --> 0.596808).  Saving model ...
Updating learning rate to 2.541865828329001e-05
	iters: 100, epoch: 17 | loss: 0.7193677
	speed: 0.2910s/iter; left time: 6914.0849s
	iters: 200, epoch: 17 | loss: 0.5930950
	speed: 0.1254s/iter; left time: 2967.5840s
Epoch: 17 cost time: 35.62684464454651
Epoch: 17, Steps: 284 | Train Loss: 0.6163959 Vali Loss: 0.5971587 Test Loss: 0.2565600
EarlyStopping counter: 1 out of 20
Updating learning rate to 2.287679245496101e-05
	iters: 100, epoch: 18 | loss: 0.7101332
	speed: 0.2905s/iter; left time: 6818.7203s
	iters: 200, epoch: 18 | loss: 0.5076790
	speed: 0.1255s/iter; left time: 2932.4861s
Epoch: 18 cost time: 35.641706705093384
Epoch: 18, Steps: 284 | Train Loss: 0.6140746 Vali Loss: 0.5943857 Test Loss: 0.2558061
Validation loss decreased (0.596808 --> 0.594386).  Saving model ...
Updating learning rate to 2.0589113209464907e-05
	iters: 100, epoch: 19 | loss: 0.5379339
	speed: 0.2914s/iter; left time: 6757.5188s
	iters: 200, epoch: 19 | loss: 0.4809788
	speed: 0.1254s/iter; left time: 2895.6467s
Epoch: 19 cost time: 35.641144037246704
Epoch: 19, Steps: 284 | Train Loss: 0.6118249 Vali Loss: 0.5910081 Test Loss: 0.2551195
Validation loss decreased (0.594386 --> 0.591008).  Saving model ...
Updating learning rate to 1.8530201888518416e-05
	iters: 100, epoch: 20 | loss: 0.6723521
	speed: 0.2913s/iter; left time: 6672.7971s
	iters: 200, epoch: 20 | loss: 0.6731451
	speed: 0.1254s/iter; left time: 2859.1046s
Epoch: 20 cost time: 35.648059368133545
Epoch: 20, Steps: 284 | Train Loss: 0.6102480 Vali Loss: 0.5892500 Test Loss: 0.2544983
Validation loss decreased (0.591008 --> 0.589250).  Saving model ...
Updating learning rate to 1.6677181699666577e-05
	iters: 100, epoch: 21 | loss: 0.6234258
	speed: 0.2909s/iter; left time: 6580.9544s
	iters: 200, epoch: 21 | loss: 0.5443870
	speed: 0.1254s/iter; left time: 2823.9514s
Epoch: 21 cost time: 35.62717604637146
Epoch: 21, Steps: 284 | Train Loss: 0.6086805 Vali Loss: 0.5903514 Test Loss: 0.2539432
EarlyStopping counter: 1 out of 20
Updating learning rate to 1.5009463529699919e-05
	iters: 100, epoch: 22 | loss: 0.5047428
	speed: 0.2904s/iter; left time: 6485.8555s
	iters: 200, epoch: 22 | loss: 0.5979965
	speed: 0.1254s/iter; left time: 2788.1297s
Epoch: 22 cost time: 35.62321162223816
Epoch: 22, Steps: 284 | Train Loss: 0.6071525 Vali Loss: 0.5879110 Test Loss: 0.2534581
Validation loss decreased (0.589250 --> 0.587911).  Saving model ...
Updating learning rate to 1.3508517176729929e-05
	iters: 100, epoch: 23 | loss: 0.5271143
	speed: 0.2921s/iter; left time: 6441.1318s
	iters: 200, epoch: 23 | loss: 0.5226967
	speed: 0.1255s/iter; left time: 2754.9610s
Epoch: 23 cost time: 35.64218235015869
Epoch: 23, Steps: 284 | Train Loss: 0.6058700 Vali Loss: 0.5858908 Test Loss: 0.2530141
Validation loss decreased (0.587911 --> 0.585891).  Saving model ...
Updating learning rate to 1.2157665459056936e-05
	iters: 100, epoch: 24 | loss: 0.8874930
	speed: 0.2922s/iter; left time: 6360.6961s
	iters: 200, epoch: 24 | loss: 0.5508289
	speed: 0.1254s/iter; left time: 2718.0511s
Epoch: 24 cost time: 35.63702630996704
Epoch: 24, Steps: 284 | Train Loss: 0.6047196 Vali Loss: 0.5839398 Test Loss: 0.2526177
Validation loss decreased (0.585891 --> 0.583940).  Saving model ...
Updating learning rate to 1.0941898913151242e-05
	iters: 100, epoch: 25 | loss: 0.6383648
	speed: 0.2911s/iter; left time: 6253.8218s
	iters: 200, epoch: 25 | loss: 0.5388193
	speed: 0.1257s/iter; left time: 2687.0885s
Epoch: 25 cost time: 35.65708899497986
Epoch: 25, Steps: 284 | Train Loss: 0.6037150 Vali Loss: 0.5844033 Test Loss: 0.2522523
EarlyStopping counter: 1 out of 20
Updating learning rate to 9.847709021836118e-06
	iters: 100, epoch: 26 | loss: 0.5373121
	speed: 0.2908s/iter; left time: 6164.6217s
	iters: 200, epoch: 26 | loss: 0.8386320
	speed: 0.1255s/iter; left time: 2647.8325s
Epoch: 26 cost time: 35.64681315422058
Epoch: 26, Steps: 284 | Train Loss: 0.6027104 Vali Loss: 0.5827519 Test Loss: 0.2519284
Validation loss decreased (0.583940 --> 0.582752).  Saving model ...
Updating learning rate to 8.862938119652508e-06
	iters: 100, epoch: 27 | loss: 0.5204607
	speed: 0.2911s/iter; left time: 6089.6417s
	iters: 200, epoch: 27 | loss: 0.4866178
	speed: 0.1255s/iter; left time: 2612.4415s
Epoch: 27 cost time: 35.660948276519775
Epoch: 27, Steps: 284 | Train Loss: 0.6017787 Vali Loss: 0.5818805 Test Loss: 0.2516255
Validation loss decreased (0.582752 --> 0.581880).  Saving model ...
Updating learning rate to 7.976644307687255e-06
	iters: 100, epoch: 28 | loss: 0.4620955
	speed: 0.2913s/iter; left time: 6010.7348s
	iters: 200, epoch: 28 | loss: 0.6406076
	speed: 0.1255s/iter; left time: 2577.4192s
Epoch: 28 cost time: 35.658456325531006
Epoch: 28, Steps: 284 | Train Loss: 0.6010548 Vali Loss: 0.5829148 Test Loss: 0.2513614
EarlyStopping counter: 1 out of 20
Updating learning rate to 7.178979876918531e-06
	iters: 100, epoch: 29 | loss: 0.8547683
	speed: 0.2910s/iter; left time: 5921.5874s
	iters: 200, epoch: 29 | loss: 0.4625751
	speed: 0.1256s/iter; left time: 2543.2586s
Epoch: 29 cost time: 35.668819189071655
Epoch: 29, Steps: 284 | Train Loss: 0.6003756 Vali Loss: 0.5807694 Test Loss: 0.2511235
Validation loss decreased (0.581880 --> 0.580769).  Saving model ...
Updating learning rate to 6.4610818892266776e-06
	iters: 100, epoch: 30 | loss: 0.4901029
	speed: 0.2921s/iter; left time: 5861.9870s
	iters: 200, epoch: 30 | loss: 0.5291284
	speed: 0.1256s/iter; left time: 2506.6115s
Epoch: 30 cost time: 35.67176151275635
Epoch: 30, Steps: 284 | Train Loss: 0.5997246 Vali Loss: 0.5807506 Test Loss: 0.2509060
Validation loss decreased (0.580769 --> 0.580751).  Saving model ...
Updating learning rate to 5.8149737003040096e-06
	iters: 100, epoch: 31 | loss: 0.5418395
	speed: 0.2913s/iter; left time: 5762.3568s
	iters: 200, epoch: 31 | loss: 0.5352719
	speed: 0.1256s/iter; left time: 2471.0905s
Epoch: 31 cost time: 35.67109990119934
Epoch: 31, Steps: 284 | Train Loss: 0.5992380 Vali Loss: 0.5801460 Test Loss: 0.2507179
Validation loss decreased (0.580751 --> 0.580146).  Saving model ...
Updating learning rate to 5.23347633027361e-06
	iters: 100, epoch: 32 | loss: 0.5429692
	speed: 0.2915s/iter; left time: 5683.2570s
	iters: 200, epoch: 32 | loss: 0.6767099
	speed: 0.1256s/iter; left time: 2435.4403s
Epoch: 32 cost time: 35.66831851005554
Epoch: 32, Steps: 284 | Train Loss: 0.5987193 Vali Loss: 0.5807013 Test Loss: 0.2505456
EarlyStopping counter: 1 out of 20
Updating learning rate to 4.710128697246249e-06
	iters: 100, epoch: 33 | loss: 0.4681477
	speed: 0.2905s/iter; left time: 5582.2824s
	iters: 200, epoch: 33 | loss: 0.6709831
	speed: 0.1256s/iter; left time: 2400.6899s
Epoch: 33 cost time: 35.67181205749512
Epoch: 33, Steps: 284 | Train Loss: 0.5982363 Vali Loss: 0.5793333 Test Loss: 0.2503883
Validation loss decreased (0.580146 --> 0.579333).  Saving model ...
Updating learning rate to 4.239115827521624e-06
	iters: 100, epoch: 34 | loss: 0.7304825
	speed: 0.2913s/iter; left time: 5513.5897s
	iters: 200, epoch: 34 | loss: 0.4825670
	speed: 0.1256s/iter; left time: 2364.8431s
Epoch: 34 cost time: 35.67566442489624
Epoch: 34, Steps: 284 | Train Loss: 0.5977721 Vali Loss: 0.5798097 Test Loss: 0.2502438
EarlyStopping counter: 1 out of 20
Updating learning rate to 3.815204244769462e-06
	iters: 100, epoch: 35 | loss: 0.5265275
	speed: 0.2907s/iter; left time: 5419.7749s
	iters: 200, epoch: 35 | loss: 0.5229961
	speed: 0.1256s/iter; left time: 2329.9153s
Epoch: 35 cost time: 35.675209760665894
Epoch: 35, Steps: 284 | Train Loss: 0.5969782 Vali Loss: 0.5786248 Test Loss: 0.2501212
Validation loss decreased (0.579333 --> 0.578625).  Saving model ...
Updating learning rate to 3.4336838202925152e-06
	iters: 100, epoch: 36 | loss: 0.7279276
	speed: 0.2913s/iter; left time: 5348.8286s
	iters: 200, epoch: 36 | loss: 0.6448969
	speed: 0.1256s/iter; left time: 2292.6976s
Epoch: 36 cost time: 35.66533160209656
Epoch: 36, Steps: 284 | Train Loss: 0.5970872 Vali Loss: 0.5762691 Test Loss: 0.2500071
Validation loss decreased (0.578625 --> 0.576269).  Saving model ...
Updating learning rate to 3.090315438263264e-06
	iters: 100, epoch: 37 | loss: 0.4407505
	speed: 0.2947s/iter; left time: 5326.9767s
	iters: 200, epoch: 37 | loss: 0.5118823
	speed: 0.1255s/iter; left time: 2256.8510s
Epoch: 37 cost time: 35.67964959144592
Epoch: 37, Steps: 284 | Train Loss: 0.5967609 Vali Loss: 0.5785818 Test Loss: 0.2499059
EarlyStopping counter: 1 out of 20
Updating learning rate to 2.7812838944369375e-06
	iters: 100, epoch: 38 | loss: 0.5654672
	speed: 0.2909s/iter; left time: 5175.9143s
	iters: 200, epoch: 38 | loss: 0.6539969
	speed: 0.1256s/iter; left time: 2221.4223s
Epoch: 38 cost time: 35.68298029899597
Epoch: 38, Steps: 284 | Train Loss: 0.5964282 Vali Loss: 0.5752958 Test Loss: 0.2498115
Validation loss decreased (0.576269 --> 0.575296).  Saving model ...
Updating learning rate to 2.503155504993244e-06
	iters: 100, epoch: 39 | loss: 0.5059139
	speed: 0.2915s/iter; left time: 5103.3593s
	iters: 200, epoch: 39 | loss: 0.6936529
	speed: 0.1257s/iter; left time: 2188.2928s
Epoch: 39 cost time: 35.67290544509888
Epoch: 39, Steps: 284 | Train Loss: 0.5963114 Vali Loss: 0.5748389 Test Loss: 0.2497303
Validation loss decreased (0.575296 --> 0.574839).  Saving model ...
Updating learning rate to 2.2528399544939195e-06
	iters: 100, epoch: 40 | loss: 0.5873091
	speed: 0.2913s/iter; left time: 5017.0198s
	iters: 200, epoch: 40 | loss: 0.4911507
	speed: 0.1256s/iter; left time: 2150.2546s
Epoch: 40 cost time: 35.659003257751465
Epoch: 40, Steps: 284 | Train Loss: 0.5961091 Vali Loss: 0.5786493 Test Loss: 0.2496548
EarlyStopping counter: 1 out of 20
Updating learning rate to 2.0275559590445276e-06
	iters: 100, epoch: 41 | loss: 0.5344298
	speed: 0.2911s/iter; left time: 4930.8096s
	iters: 200, epoch: 41 | loss: 0.5993175
	speed: 0.1255s/iter; left time: 2113.3355s
Epoch: 41 cost time: 35.66701936721802
Epoch: 41, Steps: 284 | Train Loss: 0.5958627 Vali Loss: 0.5761195 Test Loss: 0.2495902
EarlyStopping counter: 2 out of 20
Updating learning rate to 1.8248003631400751e-06
	iters: 100, epoch: 42 | loss: 0.6558565
	speed: 0.2907s/iter; left time: 4841.6269s
	iters: 200, epoch: 42 | loss: 0.6271694
	speed: 0.1257s/iter; left time: 2081.9117s
Epoch: 42 cost time: 35.67952299118042
Epoch: 42, Steps: 284 | Train Loss: 0.5957349 Vali Loss: 0.5783465 Test Loss: 0.2495285
EarlyStopping counter: 3 out of 20
Updating learning rate to 1.6423203268260676e-06
	iters: 100, epoch: 43 | loss: 0.6479180
	speed: 0.2904s/iter; left time: 4755.0758s
	iters: 200, epoch: 43 | loss: 0.5301144
	speed: 0.1256s/iter; left time: 2044.4843s
Epoch: 43 cost time: 35.65945529937744
Epoch: 43, Steps: 284 | Train Loss: 0.5955169 Vali Loss: 0.5760469 Test Loss: 0.2494749
EarlyStopping counter: 4 out of 20
Updating learning rate to 1.4780882941434609e-06
	iters: 100, epoch: 44 | loss: 0.5366700
	speed: 0.2905s/iter; left time: 4673.4798s
	iters: 200, epoch: 44 | loss: 0.5296106
	speed: 0.1255s/iter; left time: 2007.0378s
Epoch: 44 cost time: 35.65711283683777
Epoch: 44, Steps: 284 | Train Loss: 0.5953004 Vali Loss: 0.5764834 Test Loss: 0.2494281
EarlyStopping counter: 5 out of 20
Updating learning rate to 1.3302794647291146e-06
	iters: 100, epoch: 45 | loss: 0.6312145
	speed: 0.2908s/iter; left time: 4595.7894s
	iters: 200, epoch: 45 | loss: 0.6497324
	speed: 0.1254s/iter; left time: 1970.1567s
Epoch: 45 cost time: 35.649173974990845
Epoch: 45, Steps: 284 | Train Loss: 0.5952910 Vali Loss: 0.5769867 Test Loss: 0.2493841
EarlyStopping counter: 6 out of 20
Updating learning rate to 1.1972515182562034e-06
	iters: 100, epoch: 46 | loss: 0.4904831
	speed: 0.2905s/iter; left time: 4509.5266s
	iters: 200, epoch: 46 | loss: 0.5864547
	speed: 0.1255s/iter; left time: 1935.4634s
Epoch: 46 cost time: 35.640390396118164
Epoch: 46, Steps: 284 | Train Loss: 0.5951919 Vali Loss: 0.5763560 Test Loss: 0.2493400
EarlyStopping counter: 7 out of 20
Updating learning rate to 1.077526366430583e-06
	iters: 100, epoch: 47 | loss: 0.7893643
	speed: 0.2906s/iter; left time: 4427.4253s
	iters: 200, epoch: 47 | loss: 0.5495045
	speed: 0.1255s/iter; left time: 1899.7266s
Epoch: 47 cost time: 35.63278865814209
Epoch: 47, Steps: 284 | Train Loss: 0.5946966 Vali Loss: 0.5759874 Test Loss: 0.2493083
EarlyStopping counter: 8 out of 20
Updating learning rate to 9.697737297875248e-07
	iters: 100, epoch: 48 | loss: 0.4696305
	speed: 0.2903s/iter; left time: 4341.2728s
	iters: 200, epoch: 48 | loss: 0.7983624
	speed: 0.1255s/iter; left time: 1863.3457s
Epoch: 48 cost time: 35.62815594673157
Epoch: 48, Steps: 284 | Train Loss: 0.5950188 Vali Loss: 0.5769181 Test Loss: 0.2492762
EarlyStopping counter: 9 out of 20
Updating learning rate to 8.727963568087723e-07
	iters: 100, epoch: 49 | loss: 0.5732428
	speed: 0.2904s/iter; left time: 4259.5325s
	iters: 200, epoch: 49 | loss: 0.5366555
	speed: 0.1255s/iter; left time: 1827.8224s
Epoch: 49 cost time: 35.627732276916504
Epoch: 49, Steps: 284 | Train Loss: 0.5948753 Vali Loss: 0.5758191 Test Loss: 0.2492449
EarlyStopping counter: 10 out of 20
Updating learning rate to 7.855167211278951e-07
	iters: 100, epoch: 50 | loss: 0.6453044
	speed: 0.2905s/iter; left time: 4179.3268s
	iters: 200, epoch: 50 | loss: 0.5152158
	speed: 0.1254s/iter; left time: 1791.6559s
Epoch: 50 cost time: 35.631075620651245
Epoch: 50, Steps: 284 | Train Loss: 0.5947821 Vali Loss: 0.5764392 Test Loss: 0.2492200
EarlyStopping counter: 11 out of 20
Updating learning rate to 7.069650490151056e-07
	iters: 100, epoch: 51 | loss: 0.5996606
	speed: 0.2905s/iter; left time: 4096.4803s
	iters: 200, epoch: 51 | loss: 0.6699533
	speed: 0.1254s/iter; left time: 1755.7084s
Epoch: 51 cost time: 35.62920904159546
Epoch: 51, Steps: 284 | Train Loss: 0.5946917 Vali Loss: 0.5754620 Test Loss: 0.2491949
EarlyStopping counter: 12 out of 20
Updating learning rate to 6.36268544113595e-07
	iters: 100, epoch: 52 | loss: 0.6675368
	speed: 0.2907s/iter; left time: 4016.4162s
	iters: 200, epoch: 52 | loss: 0.6228302
	speed: 0.1254s/iter; left time: 1720.6985s
Epoch: 52 cost time: 35.63777732849121
Epoch: 52, Steps: 284 | Train Loss: 0.5946221 Vali Loss: 0.5754251 Test Loss: 0.2491746
EarlyStopping counter: 13 out of 20
Updating learning rate to 5.726416897022355e-07
	iters: 100, epoch: 53 | loss: 0.5784365
	speed: 0.2907s/iter; left time: 3934.0040s
	iters: 200, epoch: 53 | loss: 0.4920655
	speed: 0.1254s/iter; left time: 1684.8748s
Epoch: 53 cost time: 35.634085178375244
Epoch: 53, Steps: 284 | Train Loss: 0.5946418 Vali Loss: 0.5761122 Test Loss: 0.2491577
EarlyStopping counter: 14 out of 20
Updating learning rate to 5.15377520732012e-07
	iters: 100, epoch: 54 | loss: 0.5472015
	speed: 0.2906s/iter; left time: 3850.3893s
	iters: 200, epoch: 54 | loss: 0.5724391
	speed: 0.1254s/iter; left time: 1649.4391s
Epoch: 54 cost time: 35.6354033946991
Epoch: 54, Steps: 284 | Train Loss: 0.5945670 Vali Loss: 0.5766734 Test Loss: 0.2491392
EarlyStopping counter: 15 out of 20
Updating learning rate to 4.6383976865881085e-07
	iters: 100, epoch: 55 | loss: 0.6324114
	speed: 0.2905s/iter; left time: 3766.6791s
	iters: 200, epoch: 55 | loss: 0.5282426
	speed: 0.1254s/iter; left time: 1613.5092s
Epoch: 55 cost time: 35.62854981422424
Epoch: 55, Steps: 284 | Train Loss: 0.5944851 Vali Loss: 0.5760747 Test Loss: 0.2491273
EarlyStopping counter: 16 out of 20
Updating learning rate to 4.174557917929298e-07
	iters: 100, epoch: 56 | loss: 0.6150896
	speed: 0.2905s/iter; left time: 3683.5249s
	iters: 200, epoch: 56 | loss: 0.5359175
	speed: 0.1254s/iter; left time: 1577.6096s
Epoch: 56 cost time: 35.63332438468933
Epoch: 56, Steps: 284 | Train Loss: 0.5944840 Vali Loss: 0.5755490 Test Loss: 0.2491118
EarlyStopping counter: 17 out of 20
Updating learning rate to 3.7571021261363677e-07
	iters: 100, epoch: 57 | loss: 0.7383009
	speed: 0.2907s/iter; left time: 3603.2695s
	iters: 200, epoch: 57 | loss: 0.4815417
	speed: 0.1255s/iter; left time: 1542.8618s
Epoch: 57 cost time: 35.627493381500244
Epoch: 57, Steps: 284 | Train Loss: 0.5944727 Vali Loss: 0.5747195 Test Loss: 0.2491010
Validation loss decreased (0.574839 --> 0.574719).  Saving model ...
Updating learning rate to 3.381391913522731e-07
	iters: 100, epoch: 58 | loss: 0.6323999
	speed: 0.2912s/iter; left time: 3526.7674s
	iters: 200, epoch: 58 | loss: 0.7514544
	speed: 0.1255s/iter; left time: 1507.1126s
Epoch: 58 cost time: 35.628740549087524
Epoch: 58, Steps: 284 | Train Loss: 0.5943965 Vali Loss: 0.5772982 Test Loss: 0.2490851
EarlyStopping counter: 1 out of 20
Updating learning rate to 3.043252722170458e-07
	iters: 100, epoch: 59 | loss: 0.5579516
	speed: 0.2905s/iter; left time: 3435.7764s
	iters: 200, epoch: 59 | loss: 0.6335770
	speed: 0.1254s/iter; left time: 1470.6611s
Epoch: 59 cost time: 35.62521147727966
Epoch: 59, Steps: 284 | Train Loss: 0.5944004 Vali Loss: 0.5765631 Test Loss: 0.2490765
EarlyStopping counter: 2 out of 20
Updating learning rate to 2.7389274499534124e-07
	iters: 100, epoch: 60 | loss: 0.5016276
	speed: 0.2907s/iter; left time: 3355.6411s
	iters: 200, epoch: 60 | loss: 0.4858189
	speed: 0.1254s/iter; left time: 1435.3927s
Epoch: 60 cost time: 35.62561821937561
Epoch: 60, Steps: 284 | Train Loss: 0.5942305 Vali Loss: 0.5736265 Test Loss: 0.2490685
Validation loss decreased (0.574719 --> 0.573627).  Saving model ...
Updating learning rate to 2.465034704958071e-07
	iters: 100, epoch: 61 | loss: 0.7035920
	speed: 0.2936s/iter; left time: 3306.3996s
	iters: 200, epoch: 61 | loss: 0.7508586
	speed: 0.1254s/iter; left time: 1399.9912s
Epoch: 61 cost time: 35.62189507484436
Epoch: 61, Steps: 284 | Train Loss: 0.5939145 Vali Loss: 0.5755915 Test Loss: 0.2490630
EarlyStopping counter: 1 out of 20
Updating learning rate to 2.218531234462264e-07
	iters: 100, epoch: 62 | loss: 0.6729760
	speed: 0.2906s/iter; left time: 3189.6042s
	iters: 200, epoch: 62 | loss: 0.4893604
	speed: 0.1254s/iter; left time: 1363.9521s
Epoch: 62 cost time: 35.61957836151123
Epoch: 62, Steps: 284 | Train Loss: 0.5943108 Vali Loss: 0.5743670 Test Loss: 0.2490553
EarlyStopping counter: 2 out of 20
Updating learning rate to 1.9966781110160376e-07
	iters: 100, epoch: 63 | loss: 0.6512596
	speed: 0.2905s/iter; left time: 3106.3921s
	iters: 200, epoch: 63 | loss: 0.5762182
	speed: 0.1254s/iter; left time: 1328.6739s
Epoch: 63 cost time: 35.621089458465576
Epoch: 63, Steps: 284 | Train Loss: 0.5943568 Vali Loss: 0.5758361 Test Loss: 0.2490482
EarlyStopping counter: 3 out of 20
Updating learning rate to 1.797010299914434e-07
	iters: 100, epoch: 64 | loss: 0.4892962
	speed: 0.2904s/iter; left time: 3022.4995s
	iters: 200, epoch: 64 | loss: 0.4816046
	speed: 0.1254s/iter; left time: 1293.0481s
Epoch: 64 cost time: 35.62588357925415
Epoch: 64, Steps: 284 | Train Loss: 0.5942590 Vali Loss: 0.5749248 Test Loss: 0.2490395
EarlyStopping counter: 4 out of 20
Updating learning rate to 1.6173092699229907e-07
	iters: 100, epoch: 65 | loss: 0.6032323
	speed: 0.2905s/iter; left time: 2940.8869s
	iters: 200, epoch: 65 | loss: 0.5498862
	speed: 0.1254s/iter; left time: 1257.1642s
Epoch: 65 cost time: 35.618327379226685
Epoch: 65, Steps: 284 | Train Loss: 0.5943352 Vali Loss: 0.5767728 Test Loss: 0.2490342
EarlyStopping counter: 5 out of 20
Updating learning rate to 1.4555783429306916e-07
	iters: 100, epoch: 66 | loss: 0.7680064
	speed: 0.2904s/iter; left time: 2857.5648s
	iters: 200, epoch: 66 | loss: 0.6510554
	speed: 0.1254s/iter; left time: 1221.1535s
Epoch: 66 cost time: 35.61033344268799
Epoch: 66, Steps: 284 | Train Loss: 0.5941903 Vali Loss: 0.5777887 Test Loss: 0.2490322
EarlyStopping counter: 6 out of 20
Updating learning rate to 1.3100205086376224e-07
	iters: 100, epoch: 67 | loss: 0.9933370
	speed: 0.2902s/iter; left time: 2773.4580s
	iters: 200, epoch: 67 | loss: 0.5555357
	speed: 0.1254s/iter; left time: 1185.7788s
Epoch: 67 cost time: 35.62574815750122
Epoch: 67, Steps: 284 | Train Loss: 0.5942259 Vali Loss: 0.5760549 Test Loss: 0.2490274
EarlyStopping counter: 7 out of 20
Updating learning rate to 1.1790184577738603e-07
	iters: 100, epoch: 68 | loss: 0.4899423
	speed: 0.2905s/iter; left time: 2694.0244s
	iters: 200, epoch: 68 | loss: 0.6179848
	speed: 0.1254s/iter; left time: 1150.6481s
Epoch: 68 cost time: 35.62486743927002
Epoch: 68, Steps: 284 | Train Loss: 0.5942486 Vali Loss: 0.5716714 Test Loss: 0.2490252
Validation loss decreased (0.573627 --> 0.571671).  Saving model ...
Updating learning rate to 1.0611166119964742e-07
	iters: 100, epoch: 69 | loss: 0.5718874
	speed: 0.2910s/iter; left time: 2615.4186s
	iters: 200, epoch: 69 | loss: 0.5982933
	speed: 0.1255s/iter; left time: 1115.1356s
Epoch: 69 cost time: 35.622568130493164
Epoch: 69, Steps: 284 | Train Loss: 0.5942059 Vali Loss: 0.5757238 Test Loss: 0.2490181
EarlyStopping counter: 1 out of 20
Updating learning rate to 9.550049507968268e-08
	iters: 100, epoch: 70 | loss: 0.6041098
	speed: 0.2907s/iter; left time: 2530.8398s
	iters: 200, epoch: 70 | loss: 0.5551765
	speed: 0.1254s/iter; left time: 1079.0312s
Epoch: 70 cost time: 35.619863510131836
Epoch: 70, Steps: 284 | Train Loss: 0.5937467 Vali Loss: 0.5737505 Test Loss: 0.2490208
EarlyStopping counter: 2 out of 20
Updating learning rate to 8.595044557171442e-08
	iters: 100, epoch: 71 | loss: 0.8243724
	speed: 0.2901s/iter; left time: 2442.8067s
	iters: 200, epoch: 71 | loss: 0.5147465
	speed: 0.1254s/iter; left time: 1043.2653s
Epoch: 71 cost time: 35.61318898200989
Epoch: 71, Steps: 284 | Train Loss: 0.5942041 Vali Loss: 0.5745434 Test Loss: 0.2490191
EarlyStopping counter: 3 out of 20
Updating learning rate to 7.735540101454298e-08
	iters: 100, epoch: 72 | loss: 0.4826073
	speed: 0.2905s/iter; left time: 2363.7688s
	iters: 200, epoch: 72 | loss: 0.5405183
	speed: 0.1254s/iter; left time: 1007.6893s
Epoch: 72 cost time: 35.621917963027954
Epoch: 72, Steps: 284 | Train Loss: 0.5942557 Vali Loss: 0.5768297 Test Loss: 0.2490156
EarlyStopping counter: 4 out of 20
Updating learning rate to 6.961986091308869e-08
	iters: 100, epoch: 73 | loss: 0.6640589
	speed: 0.2905s/iter; left time: 2281.2429s
	iters: 200, epoch: 73 | loss: 0.4415339
	speed: 0.1254s/iter; left time: 972.0133s
Epoch: 73 cost time: 35.640581130981445
Epoch: 73, Steps: 284 | Train Loss: 0.5942121 Vali Loss: 0.5759193 Test Loss: 0.2490118
EarlyStopping counter: 5 out of 20
Updating learning rate to 6.265787482177981e-08
	iters: 100, epoch: 74 | loss: 0.5374581
	speed: 0.2905s/iter; left time: 2198.7382s
	iters: 200, epoch: 74 | loss: 0.6621634
	speed: 0.1255s/iter; left time: 937.0941s
Epoch: 74 cost time: 35.62060618400574
Epoch: 74, Steps: 284 | Train Loss: 0.5940806 Vali Loss: 0.5749561 Test Loss: 0.2490140
EarlyStopping counter: 6 out of 20
Updating learning rate to 5.639208733960184e-08
	iters: 100, epoch: 75 | loss: 0.4716090
	speed: 0.2906s/iter; left time: 2117.0306s
	iters: 200, epoch: 75 | loss: 0.7483590
	speed: 0.1255s/iter; left time: 901.3613s
Epoch: 75 cost time: 35.619298696517944
Epoch: 75, Steps: 284 | Train Loss: 0.5941318 Vali Loss: 0.5766532 Test Loss: 0.2490099
EarlyStopping counter: 7 out of 20
Updating learning rate to 5.075287860564165e-08
	iters: 100, epoch: 76 | loss: 0.7477552
	speed: 0.2907s/iter; left time: 2035.5072s
	iters: 200, epoch: 76 | loss: 0.6129176
	speed: 0.1254s/iter; left time: 865.3473s
Epoch: 76 cost time: 35.62190532684326
Epoch: 76, Steps: 284 | Train Loss: 0.5941668 Vali Loss: 0.5758100 Test Loss: 0.2490120
EarlyStopping counter: 8 out of 20
Updating learning rate to 4.567759074507749e-08
	iters: 100, epoch: 77 | loss: 0.5979572
	speed: 0.2903s/iter; left time: 1949.7292s
	iters: 200, epoch: 77 | loss: 0.6420613
	speed: 0.1254s/iter; left time: 829.6239s
Epoch: 77 cost time: 35.61160087585449
Epoch: 77, Steps: 284 | Train Loss: 0.5940843 Vali Loss: 0.5743134 Test Loss: 0.2490130
EarlyStopping counter: 9 out of 20
Updating learning rate to 4.1109831670569744e-08
	iters: 100, epoch: 78 | loss: 0.5069911
	speed: 0.2902s/iter; left time: 1866.5561s
	iters: 200, epoch: 78 | loss: 0.5380813
	speed: 0.1254s/iter; left time: 794.1532s
Epoch: 78 cost time: 35.61364030838013
Epoch: 78, Steps: 284 | Train Loss: 0.5941268 Vali Loss: 0.5752255 Test Loss: 0.2490047
EarlyStopping counter: 10 out of 20
Updating learning rate to 3.6998848503512764e-08
	iters: 100, epoch: 79 | loss: 0.4975302
	speed: 0.2904s/iter; left time: 1785.7632s
	iters: 200, epoch: 79 | loss: 0.5258826
	speed: 0.1254s/iter; left time: 758.6261s
Epoch: 79 cost time: 35.617077589035034
Epoch: 79, Steps: 284 | Train Loss: 0.5941592 Vali Loss: 0.5773715 Test Loss: 0.2490049
EarlyStopping counter: 11 out of 20
Updating learning rate to 3.3298963653161496e-08
	iters: 100, epoch: 80 | loss: 0.6356015
	speed: 0.2906s/iter; left time: 1704.4100s
	iters: 200, epoch: 80 | loss: 0.4898563
	speed: 0.1254s/iter; left time: 723.0859s
Epoch: 80 cost time: 35.64174818992615
Epoch: 80, Steps: 284 | Train Loss: 0.5941096 Vali Loss: 0.5756173 Test Loss: 0.2490073
EarlyStopping counter: 12 out of 20
Updating learning rate to 2.996906728784534e-08
	iters: 100, epoch: 81 | loss: 0.6601597
	speed: 0.2907s/iter; left time: 1622.5666s
	iters: 200, epoch: 81 | loss: 0.6622305
	speed: 0.1254s/iter; left time: 687.1518s
Epoch: 81 cost time: 35.61659240722656
Epoch: 81, Steps: 284 | Train Loss: 0.5941791 Vali Loss: 0.5746452 Test Loss: 0.2490050
EarlyStopping counter: 13 out of 20
Updating learning rate to 2.697216055906081e-08
	iters: 100, epoch: 82 | loss: 0.5817707
	speed: 0.2905s/iter; left time: 1538.5302s
	iters: 200, epoch: 82 | loss: 0.5398181
	speed: 0.1254s/iter; left time: 651.6431s
Epoch: 82 cost time: 35.621851444244385
Epoch: 82, Steps: 284 | Train Loss: 0.5942277 Vali Loss: 0.5746300 Test Loss: 0.2490019
EarlyStopping counter: 14 out of 20
Updating learning rate to 2.427494450315473e-08
	iters: 100, epoch: 83 | loss: 0.5636255
	speed: 0.2906s/iter; left time: 1456.6481s
	iters: 200, epoch: 83 | loss: 0.7304026
	speed: 0.1254s/iter; left time: 616.0809s
Epoch: 83 cost time: 35.62221717834473
Epoch: 83, Steps: 284 | Train Loss: 0.5941343 Vali Loss: 0.5752253 Test Loss: 0.2490058
EarlyStopping counter: 15 out of 20
Updating learning rate to 2.1847450052839257e-08
	iters: 100, epoch: 84 | loss: 0.4818009
	speed: 0.2905s/iter; left time: 1373.5393s
	iters: 200, epoch: 84 | loss: 0.5101637
	speed: 0.1254s/iter; left time: 580.4323s
Epoch: 84 cost time: 35.64031171798706
Epoch: 84, Steps: 284 | Train Loss: 0.5941654 Vali Loss: 0.5748560 Test Loss: 0.2490044
EarlyStopping counter: 16 out of 20
Updating learning rate to 1.9662705047555332e-08
	iters: 100, epoch: 85 | loss: 0.4851709
	speed: 0.2907s/iter; left time: 1291.9919s
	iters: 200, epoch: 85 | loss: 0.5179619
	speed: 0.1254s/iter; left time: 544.8014s
Epoch: 85 cost time: 35.64184069633484
Epoch: 85, Steps: 284 | Train Loss: 0.5941158 Vali Loss: 0.5751289 Test Loss: 0.2490010
EarlyStopping counter: 17 out of 20
Updating learning rate to 1.7696434542799797e-08
	iters: 100, epoch: 86 | loss: 0.5215517
	speed: 0.2905s/iter; left time: 1208.5974s
	iters: 200, epoch: 86 | loss: 0.5109212
	speed: 0.1254s/iter; left time: 509.2438s
Epoch: 86 cost time: 35.61243462562561
Epoch: 86, Steps: 284 | Train Loss: 0.5942268 Vali Loss: 0.5746753 Test Loss: 0.2490051
EarlyStopping counter: 18 out of 20
Updating learning rate to 1.5926791088519817e-08
	iters: 100, epoch: 87 | loss: 0.7057786
	speed: 0.2905s/iter; left time: 1126.2021s
	iters: 200, epoch: 87 | loss: 0.5914837
	speed: 0.1254s/iter; left time: 473.4700s
Epoch: 87 cost time: 35.60940408706665
Epoch: 87, Steps: 284 | Train Loss: 0.5942013 Vali Loss: 0.5749434 Test Loss: 0.2490067
EarlyStopping counter: 19 out of 20
Updating learning rate to 1.4334111979667836e-08
	iters: 100, epoch: 88 | loss: 0.5424460
	speed: 0.2905s/iter; left time: 1043.7616s
	iters: 200, epoch: 88 | loss: 0.5277379
	speed: 0.1254s/iter; left time: 437.9593s
Epoch: 88 cost time: 35.61757302284241
Epoch: 88, Steps: 284 | Train Loss: 0.5941962 Vali Loss: 0.5747898 Test Loss: 0.2490061
EarlyStopping counter: 20 out of 20
Early stopping
>>>>>>>testing : CMS3_weather_336_192_PatchTST_custom_ftM_sl336_ll48_pl192_dm128_nh16_el3_dl1_df256_fc1_ebtimeF_dtTrue_Exp_0<<<<<<<<<<<<<<<<<<<<<<<<<<<<<<<<<
test 10348
mse:0.24497684836387634, mae:0.28935402631759644, rse:0.6511456370353699
Args in experiment:
Namespace(random_seed=2021, is_training=1, model_id='CMS3_weather_336_336', model='PatchTST', data='custom', root_path='./dataset/', data_path='weather.csv', features='M', target='OT', freq='h', checkpoints='./checkpoints/', seq_len=336, label_len=48, pred_len=336, head_type='cms3', fc_dropout=0.2, head_dropout=0.0, patch_len=16, stride=8, padding_patch='end', revin=1, affine=0, subtract_last=0, decomposition=0, kernel_size=25, individual=0, embed_type=0, enc_in=21, dec_in=7, c_out=7, d_model=128, n_heads=16, e_layers=3, d_layers=1, d_ff=256, moving_avg=25, factor=1, distil=True, dropout=0.2, embed='timeF', activation='gelu', output_attention=False, do_predict=False, num_workers=0, itr=1, train_epochs=100, batch_size=128, patience=20, learning_rate=0.0001, des='Exp', loss='mse', lradj='type3', pct_start=0.3, use_amp=False, use_gpu=True, gpu=0, use_multi_gpu=False, devices='0,1,2,3', test_flop=False)
Use GPU: cuda:0
>>>>>>>start training : CMS3_weather_336_336_PatchTST_custom_ftM_sl336_ll48_pl336_dm128_nh16_el3_dl1_df256_fc1_ebtimeF_dtTrue_Exp_0>>>>>>>>>>>>>>>>>>>>>>>>>>
train 36216
val 4935
test 10204
	iters: 100, epoch: 1 | loss: 0.6768355
	speed: 0.1507s/iter; left time: 4236.0067s
	iters: 200, epoch: 1 | loss: 0.6447061
	speed: 0.1259s/iter; left time: 3525.0667s
Epoch: 1 cost time: 35.941702365875244
Epoch: 1, Steps: 282 | Train Loss: 0.7424306 Vali Loss: 0.7412623 Test Loss: 0.3189403
Validation loss decreased (inf --> 0.741262).  Saving model ...
Updating learning rate to 0.0001
	iters: 100, epoch: 2 | loss: 0.9063494
	speed: 0.2940s/iter; left time: 8177.4579s
	iters: 200, epoch: 2 | loss: 0.6851180
	speed: 0.1256s/iter; left time: 3481.4571s
Epoch: 2 cost time: 35.44546294212341
Epoch: 2, Steps: 282 | Train Loss: 0.7391903 Vali Loss: 0.7355445 Test Loss: 0.3171924
Validation loss decreased (0.741262 --> 0.735545).  Saving model ...
Updating learning rate to 0.0001
	iters: 100, epoch: 3 | loss: 0.7237700
	speed: 0.2918s/iter; left time: 8036.4631s
	iters: 200, epoch: 3 | loss: 0.6835869
	speed: 0.1258s/iter; left time: 3452.5483s
Epoch: 3 cost time: 35.481141328811646
Epoch: 3, Steps: 282 | Train Loss: 0.7331750 Vali Loss: 0.7306563 Test Loss: 0.3156495
Validation loss decreased (0.735545 --> 0.730656).  Saving model ...
Updating learning rate to 0.0001
	iters: 100, epoch: 4 | loss: 0.7422664
	speed: 0.2915s/iter; left time: 7945.5823s
	iters: 200, epoch: 4 | loss: 0.7364653
	speed: 0.1260s/iter; left time: 3420.4244s
Epoch: 4 cost time: 35.504541635513306
Epoch: 4, Steps: 282 | Train Loss: 0.7276324 Vali Loss: 0.7230760 Test Loss: 0.3140602
Validation loss decreased (0.730656 --> 0.723076).  Saving model ...
Updating learning rate to 9e-05
	iters: 100, epoch: 5 | loss: 0.6376375
	speed: 0.2921s/iter; left time: 7879.8817s
	iters: 200, epoch: 5 | loss: 0.7975579
	speed: 0.1259s/iter; left time: 3382.9583s
Epoch: 5 cost time: 35.516040086746216
Epoch: 5, Steps: 282 | Train Loss: 0.7221572 Vali Loss: 0.7173667 Test Loss: 0.3126258
Validation loss decreased (0.723076 --> 0.717367).  Saving model ...
Updating learning rate to 8.1e-05
	iters: 100, epoch: 6 | loss: 0.7331341
	speed: 0.2922s/iter; left time: 7799.2675s
	iters: 200, epoch: 6 | loss: 0.5726731
	speed: 0.1259s/iter; left time: 3347.7498s
Epoch: 6 cost time: 35.503884077072144
Epoch: 6, Steps: 282 | Train Loss: 0.7168191 Vali Loss: 0.7154388 Test Loss: 0.3113518
Validation loss decreased (0.717367 --> 0.715439).  Saving model ...
Updating learning rate to 7.290000000000001e-05
	iters: 100, epoch: 7 | loss: 0.7333812
	speed: 0.2924s/iter; left time: 7721.6143s
	iters: 200, epoch: 7 | loss: 0.8459635
	speed: 0.1259s/iter; left time: 3313.2665s
Epoch: 7 cost time: 35.521602153778076
Epoch: 7, Steps: 282 | Train Loss: 0.7125119 Vali Loss: 0.7113267 Test Loss: 0.3102201
Validation loss decreased (0.715439 --> 0.711327).  Saving model ...
Updating learning rate to 6.561e-05
	iters: 100, epoch: 8 | loss: 0.6664743
	speed: 0.2908s/iter; left time: 7596.7690s
	iters: 200, epoch: 8 | loss: 0.8062645
	speed: 0.1263s/iter; left time: 3286.4827s
Epoch: 8 cost time: 35.56704592704773
Epoch: 8, Steps: 282 | Train Loss: 0.7088303 Vali Loss: 0.7103981 Test Loss: 0.3091784
Validation loss decreased (0.711327 --> 0.710398).  Saving model ...
Updating learning rate to 5.904900000000001e-05
	iters: 100, epoch: 9 | loss: 0.7050574
	speed: 0.2920s/iter; left time: 7547.5518s
	iters: 200, epoch: 9 | loss: 0.6427268
	speed: 0.1260s/iter; left time: 3244.7949s
Epoch: 9 cost time: 35.52932381629944
Epoch: 9, Steps: 282 | Train Loss: 0.7050179 Vali Loss: 0.7075243 Test Loss: 0.3082434
Validation loss decreased (0.710398 --> 0.707524).  Saving model ...
Updating learning rate to 5.3144100000000005e-05
	iters: 100, epoch: 10 | loss: 0.7242578
	speed: 0.2917s/iter; left time: 7456.9557s
	iters: 200, epoch: 10 | loss: 0.7021220
	speed: 0.1262s/iter; left time: 3212.4397s
Epoch: 10 cost time: 35.54236149787903
Epoch: 10, Steps: 282 | Train Loss: 0.7027873 Vali Loss: 0.7022697 Test Loss: 0.3073859
Validation loss decreased (0.707524 --> 0.702270).  Saving model ...
Updating learning rate to 4.782969000000001e-05
	iters: 100, epoch: 11 | loss: 0.7011863
	speed: 0.2918s/iter; left time: 7377.4059s
	iters: 200, epoch: 11 | loss: 0.6644701
	speed: 0.1259s/iter; left time: 3170.7889s
Epoch: 11 cost time: 35.53079438209534
Epoch: 11, Steps: 282 | Train Loss: 0.7000106 Vali Loss: 0.7028271 Test Loss: 0.3066118
EarlyStopping counter: 1 out of 20
Updating learning rate to 4.304672100000001e-05
	iters: 100, epoch: 12 | loss: 0.5922657
	speed: 0.2915s/iter; left time: 7288.1387s
	iters: 200, epoch: 12 | loss: 0.6886515
	speed: 0.1260s/iter; left time: 3136.4201s
Epoch: 12 cost time: 35.52531313896179
Epoch: 12, Steps: 282 | Train Loss: 0.6976549 Vali Loss: 0.6994287 Test Loss: 0.3059015
Validation loss decreased (0.702270 --> 0.699429).  Saving model ...
Updating learning rate to 3.874204890000001e-05
	iters: 100, epoch: 13 | loss: 0.6507708
	speed: 0.2915s/iter; left time: 7205.3157s
	iters: 200, epoch: 13 | loss: 0.7962099
	speed: 0.1260s/iter; left time: 3101.6811s
Epoch: 13 cost time: 35.54606556892395
Epoch: 13, Steps: 282 | Train Loss: 0.6951637 Vali Loss: 0.6972398 Test Loss: 0.3052658
Validation loss decreased (0.699429 --> 0.697240).  Saving model ...
Updating learning rate to 3.486784401000001e-05
	iters: 100, epoch: 14 | loss: 0.6546504
	speed: 0.2923s/iter; left time: 7142.9603s
	iters: 200, epoch: 14 | loss: 0.6779488
	speed: 0.1260s/iter; left time: 3067.3696s
Epoch: 14 cost time: 35.5412118434906
Epoch: 14, Steps: 282 | Train Loss: 0.6937733 Vali Loss: 0.6950024 Test Loss: 0.3046865
Validation loss decreased (0.697240 --> 0.695002).  Saving model ...
Updating learning rate to 3.138105960900001e-05
	iters: 100, epoch: 15 | loss: 0.6003851
	speed: 0.2936s/iter; left time: 7092.3699s
	iters: 200, epoch: 15 | loss: 0.6013061
	speed: 0.1264s/iter; left time: 3039.2865s
Epoch: 15 cost time: 35.636377573013306
Epoch: 15, Steps: 282 | Train Loss: 0.6913542 Vali Loss: 0.6944595 Test Loss: 0.3041910
Validation loss decreased (0.695002 --> 0.694459).  Saving model ...
Updating learning rate to 2.824295364810001e-05
	iters: 100, epoch: 16 | loss: 0.5982299
	speed: 0.2926s/iter; left time: 6983.7047s
	iters: 200, epoch: 16 | loss: 0.8550543
	speed: 0.1263s/iter; left time: 3001.3755s
Epoch: 16 cost time: 35.62742614746094
Epoch: 16, Steps: 282 | Train Loss: 0.6901804 Vali Loss: 0.6935455 Test Loss: 0.3037274
Validation loss decreased (0.694459 --> 0.693546).  Saving model ...
Updating learning rate to 2.541865828329001e-05
	iters: 100, epoch: 17 | loss: 0.6755633
	speed: 0.2930s/iter; left time: 6912.0841s
	iters: 200, epoch: 17 | loss: 0.8880974
	speed: 0.1262s/iter; left time: 2964.9816s
Epoch: 17 cost time: 35.60895276069641
Epoch: 17, Steps: 282 | Train Loss: 0.6887216 Vali Loss: 0.6922032 Test Loss: 0.3033119
Validation loss decreased (0.693546 --> 0.692203).  Saving model ...
Updating learning rate to 2.287679245496101e-05
	iters: 100, epoch: 18 | loss: 0.9451551
	speed: 0.2922s/iter; left time: 6811.2498s
	iters: 200, epoch: 18 | loss: 0.6808010
	speed: 0.1265s/iter; left time: 2934.6430s
Epoch: 18 cost time: 35.64167237281799
Epoch: 18, Steps: 282 | Train Loss: 0.6867971 Vali Loss: 0.6903967 Test Loss: 0.3029456
Validation loss decreased (0.692203 --> 0.690397).  Saving model ...
Updating learning rate to 2.0589113209464907e-05
	iters: 100, epoch: 19 | loss: 0.7304291
	speed: 0.2924s/iter; left time: 6732.6843s
	iters: 200, epoch: 19 | loss: 0.7145466
	speed: 0.1262s/iter; left time: 2893.9143s
Epoch: 19 cost time: 35.61464262008667
Epoch: 19, Steps: 282 | Train Loss: 0.6863070 Vali Loss: 0.6898071 Test Loss: 0.3026152
Validation loss decreased (0.690397 --> 0.689807).  Saving model ...
Updating learning rate to 1.8530201888518416e-05
	iters: 100, epoch: 20 | loss: 0.5974885
	speed: 0.2923s/iter; left time: 6648.0733s
	iters: 200, epoch: 20 | loss: 0.6715930
	speed: 0.1263s/iter; left time: 2859.6234s
Epoch: 20 cost time: 35.609556436538696
Epoch: 20, Steps: 282 | Train Loss: 0.6855246 Vali Loss: 0.6886165 Test Loss: 0.3023038
Validation loss decreased (0.689807 --> 0.688617).  Saving model ...
Updating learning rate to 1.6677181699666577e-05
	iters: 100, epoch: 21 | loss: 0.6263294
	speed: 0.2929s/iter; left time: 6578.2086s
	iters: 200, epoch: 21 | loss: 0.6407202
	speed: 0.1263s/iter; left time: 2823.1038s
Epoch: 21 cost time: 35.61076807975769
Epoch: 21, Steps: 282 | Train Loss: 0.6850205 Vali Loss: 0.6888119 Test Loss: 0.3020391
EarlyStopping counter: 1 out of 20
Updating learning rate to 1.5009463529699919e-05
	iters: 100, epoch: 22 | loss: 0.5911697
	speed: 0.2915s/iter; left time: 6465.7759s
	iters: 200, epoch: 22 | loss: 0.5897449
	speed: 0.1262s/iter; left time: 2786.9611s
Epoch: 22 cost time: 35.604254484176636
Epoch: 22, Steps: 282 | Train Loss: 0.6835588 Vali Loss: 0.6869481 Test Loss: 0.3017965
Validation loss decreased (0.688617 --> 0.686948).  Saving model ...
Updating learning rate to 1.3508517176729929e-05
	iters: 100, epoch: 23 | loss: 0.6211464
	speed: 0.2920s/iter; left time: 6392.8933s
	iters: 200, epoch: 23 | loss: 0.7519022
	speed: 0.1263s/iter; left time: 2752.0872s
Epoch: 23 cost time: 35.61803483963013
Epoch: 23, Steps: 282 | Train Loss: 0.6832718 Vali Loss: 0.6871465 Test Loss: 0.3015744
EarlyStopping counter: 1 out of 20
Updating learning rate to 1.2157665459056936e-05
	iters: 100, epoch: 24 | loss: 0.6634093
	speed: 0.2916s/iter; left time: 6303.9370s
	iters: 200, epoch: 24 | loss: 0.7087367
	speed: 0.1263s/iter; left time: 2717.4804s
Epoch: 24 cost time: 35.60469603538513
Epoch: 24, Steps: 282 | Train Loss: 0.6827051 Vali Loss: 0.6865776 Test Loss: 0.3013774
Validation loss decreased (0.686948 --> 0.686578).  Saving model ...
Updating learning rate to 1.0941898913151242e-05
	iters: 100, epoch: 25 | loss: 0.4827392
	speed: 0.2923s/iter; left time: 6235.2298s
	iters: 200, epoch: 25 | loss: 0.8609603
	speed: 0.1262s/iter; left time: 2680.4958s
Epoch: 25 cost time: 35.605058908462524
Epoch: 25, Steps: 282 | Train Loss: 0.6821123 Vali Loss: 0.6851214 Test Loss: 0.3011972
Validation loss decreased (0.686578 --> 0.685121).  Saving model ...
Updating learning rate to 9.847709021836118e-06
	iters: 100, epoch: 26 | loss: 0.5391412
	speed: 0.2927s/iter; left time: 6161.4029s
	iters: 200, epoch: 26 | loss: 0.7492046
	speed: 0.1262s/iter; left time: 2644.1149s
Epoch: 26 cost time: 35.59578990936279
Epoch: 26, Steps: 282 | Train Loss: 0.6809264 Vali Loss: 0.6854148 Test Loss: 0.3010336
EarlyStopping counter: 1 out of 20
Updating learning rate to 8.862938119652508e-06
	iters: 100, epoch: 27 | loss: 0.6424018
	speed: 0.2916s/iter; left time: 6056.7672s
	iters: 200, epoch: 27 | loss: 0.8687696
	speed: 0.1261s/iter; left time: 2607.3442s
Epoch: 27 cost time: 35.58504009246826
Epoch: 27, Steps: 282 | Train Loss: 0.6807555 Vali Loss: 0.6848304 Test Loss: 0.3008831
Validation loss decreased (0.685121 --> 0.684830).  Saving model ...
Updating learning rate to 7.976644307687255e-06
	iters: 100, epoch: 28 | loss: 0.5869069
	speed: 0.2916s/iter; left time: 5973.5050s
	iters: 200, epoch: 28 | loss: 0.7543946
	speed: 0.1262s/iter; left time: 2572.2927s
Epoch: 28 cost time: 35.58626461029053
Epoch: 28, Steps: 282 | Train Loss: 0.6805433 Vali Loss: 0.6855992 Test Loss: 0.3007531
EarlyStopping counter: 1 out of 20
Updating learning rate to 7.178979876918531e-06
	iters: 100, epoch: 29 | loss: 0.6248316
	speed: 0.2913s/iter; left time: 5885.9363s
	iters: 200, epoch: 29 | loss: 0.7136959
	speed: 0.1262s/iter; left time: 2537.9604s
Epoch: 29 cost time: 35.601961851119995
Epoch: 29, Steps: 282 | Train Loss: 0.6801002 Vali Loss: 0.6840650 Test Loss: 0.3006351
Validation loss decreased (0.684830 --> 0.684065).  Saving model ...
Updating learning rate to 6.4610818892266776e-06
	iters: 100, epoch: 30 | loss: 0.8644902
	speed: 0.2935s/iter; left time: 5846.4624s
	iters: 200, epoch: 30 | loss: 0.5849252
	speed: 0.1261s/iter; left time: 2499.7580s
Epoch: 30 cost time: 35.5768084526062
Epoch: 30, Steps: 282 | Train Loss: 0.6799747 Vali Loss: 0.6825131 Test Loss: 0.3005279
Validation loss decreased (0.684065 --> 0.682513).  Saving model ...
Updating learning rate to 5.8149737003040096e-06
	iters: 100, epoch: 31 | loss: 0.6959818
	speed: 0.2928s/iter; left time: 5750.6428s
	iters: 200, epoch: 31 | loss: 0.6481062
	speed: 0.1260s/iter; left time: 2462.9034s
Epoch: 31 cost time: 35.57560992240906
Epoch: 31, Steps: 282 | Train Loss: 0.6792704 Vali Loss: 0.6834440 Test Loss: 0.3004322
EarlyStopping counter: 1 out of 20
Updating learning rate to 5.23347633027361e-06
	iters: 100, epoch: 32 | loss: 0.6900094
	speed: 0.2914s/iter; left time: 5642.0521s
	iters: 200, epoch: 32 | loss: 0.6791040
	speed: 0.1262s/iter; left time: 2429.7898s
Epoch: 32 cost time: 35.57146382331848
Epoch: 32, Steps: 282 | Train Loss: 0.6789117 Vali Loss: 0.6831552 Test Loss: 0.3003465
EarlyStopping counter: 2 out of 20
Updating learning rate to 4.710128697246249e-06
	iters: 100, epoch: 33 | loss: 0.6353040
	speed: 0.2913s/iter; left time: 5556.3246s
	iters: 200, epoch: 33 | loss: 0.6460413
	speed: 0.1261s/iter; left time: 2392.9482s
Epoch: 33 cost time: 35.572060346603394
Epoch: 33, Steps: 282 | Train Loss: 0.6790411 Vali Loss: 0.6830042 Test Loss: 0.3002680
EarlyStopping counter: 3 out of 20
Updating learning rate to 4.239115827521624e-06
	iters: 100, epoch: 34 | loss: 0.5769795
	speed: 0.2913s/iter; left time: 5475.8616s
	iters: 200, epoch: 34 | loss: 0.7431732
	speed: 0.1261s/iter; left time: 2357.8598s
Epoch: 34 cost time: 35.57059049606323
Epoch: 34, Steps: 282 | Train Loss: 0.6785681 Vali Loss: 0.6830689 Test Loss: 0.3001964
EarlyStopping counter: 4 out of 20
Updating learning rate to 3.815204244769462e-06
	iters: 100, epoch: 35 | loss: 0.6363594
	speed: 0.2918s/iter; left time: 5402.6395s
	iters: 200, epoch: 35 | loss: 0.6242204
	speed: 0.1261s/iter; left time: 2321.8014s
Epoch: 35 cost time: 35.57063007354736
Epoch: 35, Steps: 282 | Train Loss: 0.6783673 Vali Loss: 0.6828609 Test Loss: 0.3001331
EarlyStopping counter: 5 out of 20
Updating learning rate to 3.4336838202925152e-06
	iters: 100, epoch: 36 | loss: 0.6544993
	speed: 0.2918s/iter; left time: 5319.0674s
	iters: 200, epoch: 36 | loss: 0.6969174
	speed: 0.1261s/iter; left time: 2285.7625s
Epoch: 36 cost time: 35.58874821662903
Epoch: 36, Steps: 282 | Train Loss: 0.6778540 Vali Loss: 0.6843753 Test Loss: 0.3000779
EarlyStopping counter: 6 out of 20
Updating learning rate to 3.090315438263264e-06
	iters: 100, epoch: 37 | loss: 0.5918967
	speed: 0.2920s/iter; left time: 5241.0602s
	iters: 200, epoch: 37 | loss: 0.7696192
	speed: 0.1263s/iter; left time: 2254.4652s
Epoch: 37 cost time: 35.57478308677673
Epoch: 37, Steps: 282 | Train Loss: 0.6777157 Vali Loss: 0.6822320 Test Loss: 0.3000260
Validation loss decreased (0.682513 --> 0.682232).  Saving model ...
Updating learning rate to 2.7812838944369375e-06
	iters: 100, epoch: 38 | loss: 0.6291271
	speed: 0.2911s/iter; left time: 5142.9694s
	iters: 200, epoch: 38 | loss: 0.6470734
	speed: 0.1261s/iter; left time: 2215.3778s
Epoch: 38 cost time: 35.5727105140686
Epoch: 38, Steps: 282 | Train Loss: 0.6776781 Vali Loss: 0.6827604 Test Loss: 0.2999817
EarlyStopping counter: 1 out of 20
Updating learning rate to 2.503155504993244e-06
	iters: 100, epoch: 39 | loss: 0.6323122
	speed: 0.2913s/iter; left time: 5064.2727s
	iters: 200, epoch: 39 | loss: 0.6752255
	speed: 0.1262s/iter; left time: 2181.8868s
Epoch: 39 cost time: 35.57553577423096
Epoch: 39, Steps: 282 | Train Loss: 0.6777051 Vali Loss: 0.6823786 Test Loss: 0.2999371
EarlyStopping counter: 2 out of 20
Updating learning rate to 2.2528399544939195e-06
	iters: 100, epoch: 40 | loss: 0.9205695
	speed: 0.2920s/iter; left time: 4993.6034s
	iters: 200, epoch: 40 | loss: 0.7444896
	speed: 0.1261s/iter; left time: 2144.1321s
Epoch: 40 cost time: 35.57742381095886
Epoch: 40, Steps: 282 | Train Loss: 0.6769863 Vali Loss: 0.6817262 Test Loss: 0.2999012
Validation loss decreased (0.682232 --> 0.681726).  Saving model ...
Updating learning rate to 2.0275559590445276e-06
	iters: 100, epoch: 41 | loss: 0.6200176
	speed: 0.2927s/iter; left time: 4922.9483s
	iters: 200, epoch: 41 | loss: 0.6778145
	speed: 0.1262s/iter; left time: 2110.3793s
Epoch: 41 cost time: 35.58866500854492
Epoch: 41, Steps: 282 | Train Loss: 0.6773292 Vali Loss: 0.6819783 Test Loss: 0.2998653
EarlyStopping counter: 1 out of 20
Updating learning rate to 1.8248003631400751e-06
	iters: 100, epoch: 42 | loss: 0.7184680
	speed: 0.2918s/iter; left time: 4825.5872s
	iters: 200, epoch: 42 | loss: 0.6358119
	speed: 0.1261s/iter; left time: 2072.3360s
Epoch: 42 cost time: 35.54939842224121
Epoch: 42, Steps: 282 | Train Loss: 0.6764099 Vali Loss: 0.6813247 Test Loss: 0.2998348
Validation loss decreased (0.681726 --> 0.681325).  Saving model ...
Updating learning rate to 1.6423203268260676e-06
	iters: 100, epoch: 43 | loss: 0.6977773
	speed: 0.2917s/iter; left time: 4741.6445s
	iters: 200, epoch: 43 | loss: 0.6485843
	speed: 0.1261s/iter; left time: 2036.6502s
Epoch: 43 cost time: 35.56782126426697
Epoch: 43, Steps: 282 | Train Loss: 0.6773025 Vali Loss: 0.6811086 Test Loss: 0.2998075
Validation loss decreased (0.681325 --> 0.681109).  Saving model ...
Updating learning rate to 1.4780882941434609e-06
	iters: 100, epoch: 44 | loss: 0.6716691
	speed: 0.2924s/iter; left time: 4670.3818s
	iters: 200, epoch: 44 | loss: 0.6776671
	speed: 0.1262s/iter; left time: 2003.8963s
Epoch: 44 cost time: 35.5919075012207
Epoch: 44, Steps: 282 | Train Loss: 0.6772901 Vali Loss: 0.6825694 Test Loss: 0.2997838
EarlyStopping counter: 1 out of 20
Updating learning rate to 1.3302794647291146e-06
	iters: 100, epoch: 45 | loss: 0.8799141
	speed: 0.2918s/iter; left time: 4578.7731s
	iters: 200, epoch: 45 | loss: 0.7134088
	speed: 0.1261s/iter; left time: 1966.1718s
Epoch: 45 cost time: 35.59689474105835
Epoch: 45, Steps: 282 | Train Loss: 0.6773718 Vali Loss: 0.6794443 Test Loss: 0.2997609
Validation loss decreased (0.681109 --> 0.679444).  Saving model ...
Updating learning rate to 1.1972515182562034e-06
	iters: 100, epoch: 46 | loss: 0.6828474
	speed: 0.2923s/iter; left time: 4505.3519s
	iters: 200, epoch: 46 | loss: 0.6017532
	speed: 0.1260s/iter; left time: 1929.7618s
Epoch: 46 cost time: 35.55762243270874
Epoch: 46, Steps: 282 | Train Loss: 0.6769349 Vali Loss: 0.6821924 Test Loss: 0.2997414
EarlyStopping counter: 1 out of 20
Updating learning rate to 1.077526366430583e-06
	iters: 100, epoch: 47 | loss: 0.6287403
	speed: 0.2921s/iter; left time: 4418.7113s
	iters: 200, epoch: 47 | loss: 0.5594471
	speed: 0.1260s/iter; left time: 1894.2426s
Epoch: 47 cost time: 35.58800029754639
Epoch: 47, Steps: 282 | Train Loss: 0.6770765 Vali Loss: 0.6797373 Test Loss: 0.2997234
EarlyStopping counter: 2 out of 20
Updating learning rate to 9.697737297875248e-07
	iters: 100, epoch: 48 | loss: 0.6830266
	speed: 0.2908s/iter; left time: 4317.6616s
	iters: 200, epoch: 48 | loss: 0.9053721
	speed: 0.1261s/iter; left time: 1859.7670s
Epoch: 48 cost time: 35.56998324394226
Epoch: 48, Steps: 282 | Train Loss: 0.6766612 Vali Loss: 0.6797733 Test Loss: 0.2997065
EarlyStopping counter: 3 out of 20
Updating learning rate to 8.727963568087723e-07
	iters: 100, epoch: 49 | loss: 0.6555742
	speed: 0.2916s/iter; left time: 4247.6318s
	iters: 200, epoch: 49 | loss: 0.6139801
	speed: 0.1261s/iter; left time: 1824.4163s
Epoch: 49 cost time: 35.56628394126892
Epoch: 49, Steps: 282 | Train Loss: 0.6770989 Vali Loss: 0.6823481 Test Loss: 0.2996936
EarlyStopping counter: 4 out of 20
Updating learning rate to 7.855167211278951e-07
	iters: 100, epoch: 50 | loss: 0.6031428
	speed: 0.2915s/iter; left time: 4163.0777s
	iters: 200, epoch: 50 | loss: 0.7269683
	speed: 0.1261s/iter; left time: 1788.1010s
Epoch: 50 cost time: 35.558433532714844
Epoch: 50, Steps: 282 | Train Loss: 0.6771109 Vali Loss: 0.6822113 Test Loss: 0.2996794
EarlyStopping counter: 5 out of 20
Updating learning rate to 7.069650490151056e-07
	iters: 100, epoch: 51 | loss: 0.6390770
	speed: 0.2918s/iter; left time: 4085.2142s
	iters: 200, epoch: 51 | loss: 0.5548202
	speed: 0.1260s/iter; left time: 1751.9004s
Epoch: 51 cost time: 35.5518057346344
Epoch: 51, Steps: 282 | Train Loss: 0.6762656 Vali Loss: 0.6802117 Test Loss: 0.2996683
EarlyStopping counter: 6 out of 20
Updating learning rate to 6.36268544113595e-07
	iters: 100, epoch: 52 | loss: 0.6465540
	speed: 0.2907s/iter; left time: 3988.3213s
	iters: 200, epoch: 52 | loss: 0.5497995
	speed: 0.1260s/iter; left time: 1716.3933s
Epoch: 52 cost time: 35.554521560668945
Epoch: 52, Steps: 282 | Train Loss: 0.6763569 Vali Loss: 0.6810053 Test Loss: 0.2996573
EarlyStopping counter: 7 out of 20
Updating learning rate to 5.726416897022355e-07
	iters: 100, epoch: 53 | loss: 0.6377421
	speed: 0.2914s/iter; left time: 3915.4956s
	iters: 200, epoch: 53 | loss: 0.6542804
	speed: 0.1260s/iter; left time: 1680.9462s
Epoch: 53 cost time: 35.56961107254028
Epoch: 53, Steps: 282 | Train Loss: 0.6767627 Vali Loss: 0.6817391 Test Loss: 0.2996473
EarlyStopping counter: 8 out of 20
Updating learning rate to 5.15377520732012e-07
	iters: 100, epoch: 54 | loss: 0.6720309
	speed: 0.2919s/iter; left time: 3839.6999s
	iters: 200, epoch: 54 | loss: 0.6645259
	speed: 0.1261s/iter; left time: 1646.8751s
Epoch: 54 cost time: 35.57206988334656
Epoch: 54, Steps: 282 | Train Loss: 0.6767102 Vali Loss: 0.6826670 Test Loss: 0.2996393
EarlyStopping counter: 9 out of 20
Updating learning rate to 4.6383976865881085e-07
	iters: 100, epoch: 55 | loss: 0.6683412
	speed: 0.2916s/iter; left time: 3754.0742s
	iters: 200, epoch: 55 | loss: 0.7767999
	speed: 0.1261s/iter; left time: 1610.5316s
Epoch: 55 cost time: 35.58587121963501
Epoch: 55, Steps: 282 | Train Loss: 0.6764010 Vali Loss: 0.6810679 Test Loss: 0.2996323
EarlyStopping counter: 10 out of 20
Updating learning rate to 4.174557917929298e-07
	iters: 100, epoch: 56 | loss: 0.6560839
	speed: 0.2920s/iter; left time: 3676.8627s
	iters: 200, epoch: 56 | loss: 0.6696722
	speed: 0.1261s/iter; left time: 1574.7422s
Epoch: 56 cost time: 35.55571222305298
Epoch: 56, Steps: 282 | Train Loss: 0.6766729 Vali Loss: 0.6804151 Test Loss: 0.2996260
EarlyStopping counter: 11 out of 20
Updating learning rate to 3.7571021261363677e-07
	iters: 100, epoch: 57 | loss: 0.6777546
	speed: 0.2907s/iter; left time: 3577.9240s
	iters: 200, epoch: 57 | loss: 0.6376973
	speed: 0.1261s/iter; left time: 1539.7251s
Epoch: 57 cost time: 35.589245319366455
Epoch: 57, Steps: 282 | Train Loss: 0.6765025 Vali Loss: 0.6796058 Test Loss: 0.2996192
EarlyStopping counter: 12 out of 20
Updating learning rate to 3.381391913522731e-07
	iters: 100, epoch: 58 | loss: 0.6104608
	speed: 0.2915s/iter; left time: 3505.4295s
	iters: 200, epoch: 58 | loss: 0.6846111
	speed: 0.1261s/iter; left time: 1503.7648s
Epoch: 58 cost time: 35.56742978096008
Epoch: 58, Steps: 282 | Train Loss: 0.6764932 Vali Loss: 0.6804487 Test Loss: 0.2996130
EarlyStopping counter: 13 out of 20
Updating learning rate to 3.043252722170458e-07
	iters: 100, epoch: 59 | loss: 0.6091416
	speed: 0.2915s/iter; left time: 3423.6198s
	iters: 200, epoch: 59 | loss: 0.7613683
	speed: 0.1262s/iter; left time: 1470.0433s
Epoch: 59 cost time: 35.57001256942749
Epoch: 59, Steps: 282 | Train Loss: 0.6763681 Vali Loss: 0.6815739 Test Loss: 0.2996075
EarlyStopping counter: 14 out of 20
Updating learning rate to 2.7389274499534124e-07
	iters: 100, epoch: 60 | loss: 0.6709017
	speed: 0.2918s/iter; left time: 3344.4737s
	iters: 200, epoch: 60 | loss: 0.5992298
	speed: 0.1261s/iter; left time: 1432.3942s
Epoch: 60 cost time: 35.5658221244812
Epoch: 60, Steps: 282 | Train Loss: 0.6766565 Vali Loss: 0.6813058 Test Loss: 0.2996032
EarlyStopping counter: 15 out of 20
Updating learning rate to 2.465034704958071e-07
	iters: 100, epoch: 61 | loss: 0.7231175
	speed: 0.2918s/iter; left time: 3262.9336s
	iters: 200, epoch: 61 | loss: 0.6395584
	speed: 0.1261s/iter; left time: 1396.7632s
Epoch: 61 cost time: 35.54857039451599
Epoch: 61, Steps: 282 | Train Loss: 0.6761512 Vali Loss: 0.6802867 Test Loss: 0.2995999
EarlyStopping counter: 16 out of 20
Updating learning rate to 2.218531234462264e-07
	iters: 100, epoch: 62 | loss: 0.7362533
	speed: 0.2911s/iter; left time: 3172.4877s
	iters: 200, epoch: 62 | loss: 0.6344909
	speed: 0.1261s/iter; left time: 1362.2629s
Epoch: 62 cost time: 35.57333326339722
Epoch: 62, Steps: 282 | Train Loss: 0.6760974 Vali Loss: 0.6825147 Test Loss: 0.2995965
EarlyStopping counter: 17 out of 20
Updating learning rate to 1.9966781110160376e-07
	iters: 100, epoch: 63 | loss: 0.6003875
	speed: 0.2914s/iter; left time: 3093.9073s
	iters: 200, epoch: 63 | loss: 0.6236818
	speed: 0.1262s/iter; left time: 1326.7475s
Epoch: 63 cost time: 35.56919312477112
Epoch: 63, Steps: 282 | Train Loss: 0.6766396 Vali Loss: 0.6796845 Test Loss: 0.2995930
EarlyStopping counter: 18 out of 20
Updating learning rate to 1.797010299914434e-07
	iters: 100, epoch: 64 | loss: 0.6264126
	speed: 0.2913s/iter; left time: 3010.5117s
	iters: 200, epoch: 64 | loss: 0.5996357
	speed: 0.1262s/iter; left time: 1292.0027s
Epoch: 64 cost time: 35.57078409194946
Epoch: 64, Steps: 282 | Train Loss: 0.6763895 Vali Loss: 0.6825057 Test Loss: 0.2995901
EarlyStopping counter: 19 out of 20
Updating learning rate to 1.6173092699229907e-07
	iters: 100, epoch: 65 | loss: 0.6382300
	speed: 0.2920s/iter; left time: 2935.0604s
	iters: 200, epoch: 65 | loss: 0.5785193
	speed: 0.1261s/iter; left time: 1254.8298s
Epoch: 65 cost time: 35.59338068962097
Epoch: 65, Steps: 282 | Train Loss: 0.6767550 Vali Loss: 0.6820316 Test Loss: 0.2995886
EarlyStopping counter: 20 out of 20
Early stopping
>>>>>>>testing : CMS3_weather_336_336_PatchTST_custom_ftM_sl336_ll48_pl336_dm128_nh16_el3_dl1_df256_fc1_ebtimeF_dtTrue_Exp_0<<<<<<<<<<<<<<<<<<<<<<<<<<<<<<<<<
test 10204
mse:0.29774725437164307, mae:0.32768750190734863, rse:0.7167801856994629
Args in experiment:
Namespace(random_seed=2021, is_training=1, model_id='CMS3_weather_336_720', model='PatchTST', data='custom', root_path='./dataset/', data_path='weather.csv', features='M', target='OT', freq='h', checkpoints='./checkpoints/', seq_len=336, label_len=48, pred_len=720, head_type='cms3', fc_dropout=0.2, head_dropout=0.0, patch_len=16, stride=8, padding_patch='end', revin=1, affine=0, subtract_last=0, decomposition=0, kernel_size=25, individual=0, embed_type=0, enc_in=21, dec_in=7, c_out=7, d_model=128, n_heads=16, e_layers=3, d_layers=1, d_ff=256, moving_avg=25, factor=1, distil=True, dropout=0.2, embed='timeF', activation='gelu', output_attention=False, do_predict=False, num_workers=0, itr=1, train_epochs=100, batch_size=128, patience=20, learning_rate=0.0001, des='Exp', loss='mse', lradj='type3', pct_start=0.3, use_amp=False, use_gpu=True, gpu=0, use_multi_gpu=False, devices='0,1,2,3', test_flop=False)
Use GPU: cuda:0
>>>>>>>start training : CMS3_weather_336_720_PatchTST_custom_ftM_sl336_ll48_pl720_dm128_nh16_el3_dl1_df256_fc1_ebtimeF_dtTrue_Exp_0>>>>>>>>>>>>>>>>>>>>>>>>>>
train 35832
val 4551
test 9820
	iters: 100, epoch: 1 | loss: 0.8505261
	speed: 0.1554s/iter; left time: 4320.4298s
	iters: 200, epoch: 1 | loss: 0.7593836
	speed: 0.1284s/iter; left time: 3557.3595s
Epoch: 1 cost time: 36.29591345787048
Epoch: 1, Steps: 279 | Train Loss: 0.7911092 Vali Loss: 0.8128651 Test Loss: 0.3674183
Validation loss decreased (inf --> 0.812865).  Saving model ...
Updating learning rate to 0.0001
	iters: 100, epoch: 2 | loss: 0.8263202
	speed: 0.3018s/iter; left time: 8305.4306s
	iters: 200, epoch: 2 | loss: 0.7878881
	speed: 0.1278s/iter; left time: 3505.3628s
Epoch: 2 cost time: 35.69047164916992
Epoch: 2, Steps: 279 | Train Loss: 0.7885048 Vali Loss: 0.8075140 Test Loss: 0.3661441
Validation loss decreased (0.812865 --> 0.807514).  Saving model ...
Updating learning rate to 0.0001
	iters: 100, epoch: 3 | loss: 0.7481847
	speed: 0.2972s/iter; left time: 8097.2186s
	iters: 200, epoch: 3 | loss: 0.7260932
	speed: 0.1280s/iter; left time: 3475.5561s
Epoch: 3 cost time: 35.69551181793213
Epoch: 3, Steps: 279 | Train Loss: 0.7844243 Vali Loss: 0.8044965 Test Loss: 0.3651358
Validation loss decreased (0.807514 --> 0.804496).  Saving model ...
Updating learning rate to 0.0001
	iters: 100, epoch: 4 | loss: 0.8047042
	speed: 0.2970s/iter; left time: 8008.6924s
	iters: 200, epoch: 4 | loss: 0.7167475
	speed: 0.1280s/iter; left time: 3438.0988s
Epoch: 4 cost time: 35.705347299575806
Epoch: 4, Steps: 279 | Train Loss: 0.7809030 Vali Loss: 0.8000777 Test Loss: 0.3642781
Validation loss decreased (0.804496 --> 0.800078).  Saving model ...
Updating learning rate to 9e-05
	iters: 100, epoch: 5 | loss: 0.7641244
	speed: 0.2967s/iter; left time: 7918.3937s
	iters: 200, epoch: 5 | loss: 0.7677184
	speed: 0.1279s/iter; left time: 3399.6986s
Epoch: 5 cost time: 35.69316244125366
Epoch: 5, Steps: 279 | Train Loss: 0.7776425 Vali Loss: 0.7979074 Test Loss: 0.3636348
Validation loss decreased (0.800078 --> 0.797907).  Saving model ...
Updating learning rate to 8.1e-05
	iters: 100, epoch: 6 | loss: 0.6843787
	speed: 0.2962s/iter; left time: 7820.5717s
	iters: 200, epoch: 6 | loss: 0.7796996
	speed: 0.1279s/iter; left time: 3364.0077s
Epoch: 6 cost time: 35.70993781089783
Epoch: 6, Steps: 279 | Train Loss: 0.7752703 Vali Loss: 0.7958550 Test Loss: 0.3631308
Validation loss decreased (0.797907 --> 0.795855).  Saving model ...
Updating learning rate to 7.290000000000001e-05
	iters: 100, epoch: 7 | loss: 0.8288794
	speed: 0.2963s/iter; left time: 7740.7364s
	iters: 200, epoch: 7 | loss: 0.8277612
	speed: 0.1280s/iter; left time: 3330.7423s
Epoch: 7 cost time: 35.7023561000824
Epoch: 7, Steps: 279 | Train Loss: 0.7728013 Vali Loss: 0.7947078 Test Loss: 0.3627059
Validation loss decreased (0.795855 --> 0.794708).  Saving model ...
Updating learning rate to 6.561e-05
	iters: 100, epoch: 8 | loss: 0.7849323
	speed: 0.2988s/iter; left time: 7723.9016s
	iters: 200, epoch: 8 | loss: 0.7378283
	speed: 0.1278s/iter; left time: 3290.7711s
Epoch: 8 cost time: 35.694457054138184
Epoch: 8, Steps: 279 | Train Loss: 0.7711543 Vali Loss: 0.7931781 Test Loss: 0.3623478
Validation loss decreased (0.794708 --> 0.793178).  Saving model ...
Updating learning rate to 5.904900000000001e-05
	iters: 100, epoch: 9 | loss: 0.9295716
	speed: 0.2968s/iter; left time: 7589.2433s
	iters: 200, epoch: 9 | loss: 0.7332606
	speed: 0.1282s/iter; left time: 3265.1122s
Epoch: 9 cost time: 35.709632873535156
Epoch: 9, Steps: 279 | Train Loss: 0.7695677 Vali Loss: 0.7917528 Test Loss: 0.3620189
Validation loss decreased (0.793178 --> 0.791753).  Saving model ...
Updating learning rate to 5.3144100000000005e-05
	iters: 100, epoch: 10 | loss: 0.6459507
	speed: 0.2955s/iter; left time: 7472.0419s
	iters: 200, epoch: 10 | loss: 0.7128118
	speed: 0.1279s/iter; left time: 3221.5680s
Epoch: 10 cost time: 35.70334529876709
Epoch: 10, Steps: 279 | Train Loss: 0.7686455 Vali Loss: 0.7905189 Test Loss: 0.3617118
Validation loss decreased (0.791753 --> 0.790519).  Saving model ...
Updating learning rate to 4.782969000000001e-05
	iters: 100, epoch: 11 | loss: 0.7277684
	speed: 0.2959s/iter; left time: 7401.1441s
	iters: 200, epoch: 11 | loss: 0.7113328
	speed: 0.1278s/iter; left time: 3183.4821s
Epoch: 11 cost time: 35.67969274520874
Epoch: 11, Steps: 279 | Train Loss: 0.7673492 Vali Loss: 0.7914405 Test Loss: 0.3614448
EarlyStopping counter: 1 out of 20
Updating learning rate to 4.304672100000001e-05
	iters: 100, epoch: 12 | loss: 0.7773477
	speed: 0.2959s/iter; left time: 7317.3718s
	iters: 200, epoch: 12 | loss: 0.7132351
	speed: 0.1280s/iter; left time: 3152.2595s
Epoch: 12 cost time: 35.71056866645813
Epoch: 12, Steps: 279 | Train Loss: 0.7663550 Vali Loss: 0.7887762 Test Loss: 0.3612191
Validation loss decreased (0.790519 --> 0.788776).  Saving model ...
Updating learning rate to 3.874204890000001e-05
	iters: 100, epoch: 13 | loss: 0.6960740
	speed: 0.2964s/iter; left time: 7246.7778s
	iters: 200, epoch: 13 | loss: 0.8408064
	speed: 0.1280s/iter; left time: 3116.4392s
Epoch: 13 cost time: 35.711740016937256
Epoch: 13, Steps: 279 | Train Loss: 0.7655253 Vali Loss: 0.7885010 Test Loss: 0.3610040
Validation loss decreased (0.788776 --> 0.788501).  Saving model ...
Updating learning rate to 3.486784401000001e-05
	iters: 100, epoch: 14 | loss: 0.7338354
	speed: 0.2970s/iter; left time: 7178.4833s
	iters: 200, epoch: 14 | loss: 0.8978776
	speed: 0.1279s/iter; left time: 3079.8536s
Epoch: 14 cost time: 35.70229363441467
Epoch: 14, Steps: 279 | Train Loss: 0.7648821 Vali Loss: 0.7885143 Test Loss: 0.3608176
EarlyStopping counter: 1 out of 20
Updating learning rate to 3.138105960900001e-05
	iters: 100, epoch: 15 | loss: 0.7194318
	speed: 0.2954s/iter; left time: 7059.7767s
	iters: 200, epoch: 15 | loss: 0.7213998
	speed: 0.1279s/iter; left time: 3043.0367s
Epoch: 15 cost time: 35.721614837646484
Epoch: 15, Steps: 279 | Train Loss: 0.7637975 Vali Loss: 0.7885597 Test Loss: 0.3606362
EarlyStopping counter: 2 out of 20
Updating learning rate to 2.824295364810001e-05
	iters: 100, epoch: 16 | loss: 0.7453951
	speed: 0.2954s/iter; left time: 6975.8685s
	iters: 200, epoch: 16 | loss: 0.7605332
	speed: 0.1281s/iter; left time: 3011.9292s
Epoch: 16 cost time: 35.723124504089355
Epoch: 16, Steps: 279 | Train Loss: 0.7632044 Vali Loss: 0.7875338 Test Loss: 0.3604823
Validation loss decreased (0.788501 --> 0.787534).  Saving model ...
Updating learning rate to 2.541865828329001e-05
	iters: 100, epoch: 17 | loss: 0.7839826
	speed: 0.2966s/iter; left time: 6921.7748s
	iters: 200, epoch: 17 | loss: 0.7777339
	speed: 0.1280s/iter; left time: 2974.5677s
Epoch: 17 cost time: 35.7220139503479
Epoch: 17, Steps: 279 | Train Loss: 0.7627145 Vali Loss: 0.7869666 Test Loss: 0.3603404
Validation loss decreased (0.787534 --> 0.786967).  Saving model ...
Updating learning rate to 2.287679245496101e-05
	iters: 100, epoch: 18 | loss: 0.7810236
	speed: 0.2974s/iter; left time: 6857.7748s
	iters: 200, epoch: 18 | loss: 0.7077352
	speed: 0.1281s/iter; left time: 2939.9385s
Epoch: 18 cost time: 35.72178602218628
Epoch: 18, Steps: 279 | Train Loss: 0.7620693 Vali Loss: 0.7861726 Test Loss: 0.3602137
Validation loss decreased (0.786967 --> 0.786173).  Saving model ...
Updating learning rate to 2.0589113209464907e-05
	iters: 100, epoch: 19 | loss: 0.8667045
	speed: 0.2973s/iter; left time: 6772.4817s
	iters: 200, epoch: 19 | loss: 0.8680215
	speed: 0.1280s/iter; left time: 2903.1274s
Epoch: 19 cost time: 35.741811752319336
Epoch: 19, Steps: 279 | Train Loss: 0.7616330 Vali Loss: 0.7867027 Test Loss: 0.3600914
EarlyStopping counter: 1 out of 20
Updating learning rate to 1.8530201888518416e-05
	iters: 100, epoch: 20 | loss: 0.7043710
	speed: 0.2956s/iter; left time: 6650.9721s
	iters: 200, epoch: 20 | loss: 0.8503618
	speed: 0.1281s/iter; left time: 2870.4573s
Epoch: 20 cost time: 35.75143575668335
Epoch: 20, Steps: 279 | Train Loss: 0.7610717 Vali Loss: 0.7862518 Test Loss: 0.3599809
EarlyStopping counter: 2 out of 20
Updating learning rate to 1.6677181699666577e-05
	iters: 100, epoch: 21 | loss: 0.8381084
	speed: 0.2953s/iter; left time: 6561.9639s
	iters: 200, epoch: 21 | loss: 0.7181650
	speed: 0.1281s/iter; left time: 2834.0120s
Epoch: 21 cost time: 35.73773407936096
Epoch: 21, Steps: 279 | Train Loss: 0.7608442 Vali Loss: 0.7840560 Test Loss: 0.3598876
Validation loss decreased (0.786173 --> 0.784056).  Saving model ...
Updating learning rate to 1.5009463529699919e-05
	iters: 100, epoch: 22 | loss: 0.7264807
	speed: 0.2974s/iter; left time: 6525.0137s
	iters: 200, epoch: 22 | loss: 0.7477667
	speed: 0.1282s/iter; left time: 2799.6315s
Epoch: 22 cost time: 35.76870155334473
Epoch: 22, Steps: 279 | Train Loss: 0.7602595 Vali Loss: 0.7835642 Test Loss: 0.3598004
Validation loss decreased (0.784056 --> 0.783564).  Saving model ...
Updating learning rate to 1.3508517176729929e-05
	iters: 100, epoch: 23 | loss: 0.7521713
	speed: 0.2971s/iter; left time: 6435.5850s
	iters: 200, epoch: 23 | loss: 0.7377690
	speed: 0.1282s/iter; left time: 2764.4127s
Epoch: 23 cost time: 35.75321912765503
Epoch: 23, Steps: 279 | Train Loss: 0.7601063 Vali Loss: 0.7851987 Test Loss: 0.3597252
EarlyStopping counter: 1 out of 20
Updating learning rate to 1.2157665459056936e-05
	iters: 100, epoch: 24 | loss: 0.7593184
	speed: 0.2957s/iter; left time: 6323.4746s
	iters: 200, epoch: 24 | loss: 0.7514922
	speed: 0.1280s/iter; left time: 2724.3436s
Epoch: 24 cost time: 35.74742531776428
Epoch: 24, Steps: 279 | Train Loss: 0.7599432 Vali Loss: 0.7847261 Test Loss: 0.3596542
EarlyStopping counter: 2 out of 20
Updating learning rate to 1.0941898913151242e-05
	iters: 100, epoch: 25 | loss: 0.7834812
	speed: 0.2957s/iter; left time: 6241.3882s
	iters: 200, epoch: 25 | loss: 0.7013270
	speed: 0.1282s/iter; left time: 2693.4654s
Epoch: 25 cost time: 35.798219203948975
Epoch: 25, Steps: 279 | Train Loss: 0.7593610 Vali Loss: 0.7842035 Test Loss: 0.3595918
EarlyStopping counter: 3 out of 20
Updating learning rate to 9.847709021836118e-06
	iters: 100, epoch: 26 | loss: 0.7007016
	speed: 0.2968s/iter; left time: 6181.7945s
	iters: 200, epoch: 26 | loss: 0.7653805
	speed: 0.1280s/iter; left time: 2653.4092s
Epoch: 26 cost time: 35.74822950363159
Epoch: 26, Steps: 279 | Train Loss: 0.7590786 Vali Loss: 0.7840986 Test Loss: 0.3595365
EarlyStopping counter: 4 out of 20
Updating learning rate to 8.862938119652508e-06
	iters: 100, epoch: 27 | loss: 0.7296938
	speed: 0.2970s/iter; left time: 6103.3154s
	iters: 200, epoch: 27 | loss: 0.7499309
	speed: 0.1280s/iter; left time: 2618.1914s
Epoch: 27 cost time: 35.743762493133545
Epoch: 27, Steps: 279 | Train Loss: 0.7588702 Vali Loss: 0.7848200 Test Loss: 0.3594818
EarlyStopping counter: 5 out of 20
Updating learning rate to 7.976644307687255e-06
	iters: 100, epoch: 28 | loss: 0.8434077
	speed: 0.2962s/iter; left time: 6003.3380s
	iters: 200, epoch: 28 | loss: 0.8006138
	speed: 0.1280s/iter; left time: 2580.8421s
Epoch: 28 cost time: 35.7187397480011
Epoch: 28, Steps: 279 | Train Loss: 0.7589961 Vali Loss: 0.7842824 Test Loss: 0.3594391
EarlyStopping counter: 6 out of 20
Updating learning rate to 7.178979876918531e-06
	iters: 100, epoch: 29 | loss: 0.7374977
	speed: 0.2958s/iter; left time: 5913.2368s
	iters: 200, epoch: 29 | loss: 0.7563522
	speed: 0.1282s/iter; left time: 2548.9807s
Epoch: 29 cost time: 35.76795268058777
Epoch: 29, Steps: 279 | Train Loss: 0.7586880 Vali Loss: 0.7826800 Test Loss: 0.3593965
Validation loss decreased (0.783564 --> 0.782680).  Saving model ...
Updating learning rate to 6.4610818892266776e-06
	iters: 100, epoch: 30 | loss: 0.7159023
	speed: 0.2972s/iter; left time: 5857.7088s
	iters: 200, epoch: 30 | loss: 0.8047961
	speed: 0.1282s/iter; left time: 2514.4091s
Epoch: 30 cost time: 35.749199628829956
Epoch: 30, Steps: 279 | Train Loss: 0.7584409 Vali Loss: 0.7809287 Test Loss: 0.3593597
Validation loss decreased (0.782680 --> 0.780929).  Saving model ...
Updating learning rate to 5.8149737003040096e-06
	iters: 100, epoch: 31 | loss: 0.7527871
	speed: 0.2963s/iter; left time: 5757.3035s
	iters: 200, epoch: 31 | loss: 0.7003163
	speed: 0.1281s/iter; left time: 2476.4879s
Epoch: 31 cost time: 35.74576950073242
Epoch: 31, Steps: 279 | Train Loss: 0.7584320 Vali Loss: 0.7848070 Test Loss: 0.3593246
EarlyStopping counter: 1 out of 20
Updating learning rate to 5.23347633027361e-06
	iters: 100, epoch: 32 | loss: 0.7056218
	speed: 0.2962s/iter; left time: 5673.1048s
	iters: 200, epoch: 32 | loss: 0.7721049
	speed: 0.1280s/iter; left time: 2439.0439s
Epoch: 32 cost time: 35.714550256729126
Epoch: 32, Steps: 279 | Train Loss: 0.7586041 Vali Loss: 0.7819248 Test Loss: 0.3592951
EarlyStopping counter: 2 out of 20
Updating learning rate to 4.710128697246249e-06
	iters: 100, epoch: 33 | loss: 0.8299264
	speed: 0.2956s/iter; left time: 5579.4737s
	iters: 200, epoch: 33 | loss: 0.8169762
	speed: 0.1279s/iter; left time: 2400.7073s
Epoch: 33 cost time: 35.7154381275177
Epoch: 33, Steps: 279 | Train Loss: 0.7584594 Vali Loss: 0.7827488 Test Loss: 0.3592684
EarlyStopping counter: 3 out of 20
Updating learning rate to 4.239115827521624e-06
	iters: 100, epoch: 34 | loss: 0.7801515
	speed: 0.2954s/iter; left time: 5492.5306s
	iters: 200, epoch: 34 | loss: 0.7196548
	speed: 0.1280s/iter; left time: 2367.7287s
Epoch: 34 cost time: 35.74221205711365
Epoch: 34, Steps: 279 | Train Loss: 0.7579611 Vali Loss: 0.7838882 Test Loss: 0.3592447
EarlyStopping counter: 4 out of 20
Updating learning rate to 3.815204244769462e-06
	iters: 100, epoch: 35 | loss: 0.7661357
	speed: 0.2951s/iter; left time: 5405.4643s
	iters: 200, epoch: 35 | loss: 0.7535478
	speed: 0.1280s/iter; left time: 2331.7496s
Epoch: 35 cost time: 35.72214603424072
Epoch: 35, Steps: 279 | Train Loss: 0.7578461 Vali Loss: 0.7829891 Test Loss: 0.3592229
EarlyStopping counter: 5 out of 20
Updating learning rate to 3.4336838202925152e-06
	iters: 100, epoch: 36 | loss: 0.7488945
	speed: 0.2961s/iter; left time: 5340.6424s
	iters: 200, epoch: 36 | loss: 0.7020087
	speed: 0.1279s/iter; left time: 2294.5111s
Epoch: 36 cost time: 35.7090859413147
Epoch: 36, Steps: 279 | Train Loss: 0.7577208 Vali Loss: 0.7817426 Test Loss: 0.3592022
EarlyStopping counter: 6 out of 20
Updating learning rate to 3.090315438263264e-06
	iters: 100, epoch: 37 | loss: 0.7678361
	speed: 0.2962s/iter; left time: 5259.8607s
	iters: 200, epoch: 37 | loss: 0.7633110
	speed: 0.1280s/iter; left time: 2260.7818s
Epoch: 37 cost time: 35.737061977386475
Epoch: 37, Steps: 279 | Train Loss: 0.7579101 Vali Loss: 0.7836311 Test Loss: 0.3591851
EarlyStopping counter: 7 out of 20
Updating learning rate to 2.7812838944369375e-06
	iters: 100, epoch: 38 | loss: 0.7272702
	speed: 0.2950s/iter; left time: 5155.9434s
	iters: 200, epoch: 38 | loss: 0.6859985
	speed: 0.1279s/iter; left time: 2223.0953s
Epoch: 38 cost time: 35.71213889122009
Epoch: 38, Steps: 279 | Train Loss: 0.7574518 Vali Loss: 0.7817406 Test Loss: 0.3591696
EarlyStopping counter: 8 out of 20
Updating learning rate to 2.503155504993244e-06
	iters: 100, epoch: 39 | loss: 0.7588237
	speed: 0.2952s/iter; left time: 5076.6093s
	iters: 200, epoch: 39 | loss: 0.7119107
	speed: 0.1279s/iter; left time: 2186.9334s
Epoch: 39 cost time: 35.71407961845398
Epoch: 39, Steps: 279 | Train Loss: 0.7576323 Vali Loss: 0.7839007 Test Loss: 0.3591552
EarlyStopping counter: 9 out of 20
Updating learning rate to 2.2528399544939195e-06
	iters: 100, epoch: 40 | loss: 0.7188380
	speed: 0.2960s/iter; left time: 5007.8462s
	iters: 200, epoch: 40 | loss: 0.7171431
	speed: 0.1279s/iter; left time: 2151.9499s
Epoch: 40 cost time: 35.713176012039185
Epoch: 40, Steps: 279 | Train Loss: 0.7575766 Vali Loss: 0.7819860 Test Loss: 0.3591423
EarlyStopping counter: 10 out of 20
Updating learning rate to 2.0275559590445276e-06
	iters: 100, epoch: 41 | loss: 0.7038354
	speed: 0.2959s/iter; left time: 4924.6423s
	iters: 200, epoch: 41 | loss: 0.6911197
	speed: 0.1281s/iter; left time: 2118.3009s
Epoch: 41 cost time: 35.7310688495636
Epoch: 41, Steps: 279 | Train Loss: 0.7575076 Vali Loss: 0.7801833 Test Loss: 0.3591300
Validation loss decreased (0.780929 --> 0.780183).  Saving model ...
Updating learning rate to 1.8248003631400751e-06
	iters: 100, epoch: 42 | loss: 0.7450006
	speed: 0.2963s/iter; left time: 4848.6791s
	iters: 200, epoch: 42 | loss: 0.8323602
	speed: 0.1279s/iter; left time: 2080.2792s
Epoch: 42 cost time: 35.7066707611084
Epoch: 42, Steps: 279 | Train Loss: 0.7572296 Vali Loss: 0.7824795 Test Loss: 0.3591188
EarlyStopping counter: 1 out of 20
Updating learning rate to 1.6423203268260676e-06
	iters: 100, epoch: 43 | loss: 0.6570280
	speed: 0.2959s/iter; left time: 4758.9489s
	iters: 200, epoch: 43 | loss: 0.7612302
	speed: 0.1278s/iter; left time: 2043.1833s
Epoch: 43 cost time: 35.71386694908142
Epoch: 43, Steps: 279 | Train Loss: 0.7575614 Vali Loss: 0.7827159 Test Loss: 0.3591100
EarlyStopping counter: 2 out of 20
Updating learning rate to 1.4780882941434609e-06
	iters: 100, epoch: 44 | loss: 0.6735907
	speed: 0.2952s/iter; left time: 4665.6286s
	iters: 200, epoch: 44 | loss: 0.7113634
	speed: 0.1280s/iter; left time: 2010.3711s
Epoch: 44 cost time: 35.70015048980713
Epoch: 44, Steps: 279 | Train Loss: 0.7572631 Vali Loss: 0.7834216 Test Loss: 0.3591004
EarlyStopping counter: 3 out of 20
Updating learning rate to 1.3302794647291146e-06
	iters: 100, epoch: 45 | loss: 0.8382052
	speed: 0.2963s/iter; left time: 4599.7155s
	iters: 200, epoch: 45 | loss: 0.8084229
	speed: 0.1280s/iter; left time: 1973.8834s
Epoch: 45 cost time: 35.73240399360657
Epoch: 45, Steps: 279 | Train Loss: 0.7573618 Vali Loss: 0.7824543 Test Loss: 0.3590928
EarlyStopping counter: 4 out of 20
Updating learning rate to 1.1972515182562034e-06
	iters: 100, epoch: 46 | loss: 0.7598951
	speed: 0.2966s/iter; left time: 4521.8752s
	iters: 200, epoch: 46 | loss: 0.7031051
	speed: 0.1280s/iter; left time: 1938.6418s
Epoch: 46 cost time: 35.710930824279785
Epoch: 46, Steps: 279 | Train Loss: 0.7573345 Vali Loss: 0.7824126 Test Loss: 0.3590863
EarlyStopping counter: 5 out of 20
Updating learning rate to 1.077526366430583e-06
	iters: 100, epoch: 47 | loss: 0.7524132
	speed: 0.2962s/iter; left time: 4433.7865s
	iters: 200, epoch: 47 | loss: 0.6585188
	speed: 0.1279s/iter; left time: 1901.2272s
Epoch: 47 cost time: 35.73397636413574
Epoch: 47, Steps: 279 | Train Loss: 0.7576368 Vali Loss: 0.7833490 Test Loss: 0.3590795
EarlyStopping counter: 6 out of 20
Updating learning rate to 9.697737297875248e-07
	iters: 100, epoch: 48 | loss: 0.7848674
	speed: 0.2959s/iter; left time: 4346.5294s
	iters: 200, epoch: 48 | loss: 0.7101727
	speed: 0.1279s/iter; left time: 1865.3415s
Epoch: 48 cost time: 35.71231818199158
Epoch: 48, Steps: 279 | Train Loss: 0.7573081 Vali Loss: 0.7800860 Test Loss: 0.3590747
Validation loss decreased (0.780183 --> 0.780086).  Saving model ...
Updating learning rate to 8.727963568087723e-07
	iters: 100, epoch: 49 | loss: 0.7557780
	speed: 0.2963s/iter; left time: 4268.6757s
	iters: 200, epoch: 49 | loss: 0.6707903
	speed: 0.1281s/iter; left time: 1833.2673s
Epoch: 49 cost time: 35.71666693687439
Epoch: 49, Steps: 279 | Train Loss: 0.7572071 Vali Loss: 0.7832652 Test Loss: 0.3590695
EarlyStopping counter: 1 out of 20
Updating learning rate to 7.855167211278951e-07
	iters: 100, epoch: 50 | loss: 0.7230978
	speed: 0.2960s/iter; left time: 4182.3029s
	iters: 200, epoch: 50 | loss: 0.7434562
	speed: 0.1280s/iter; left time: 1795.4636s
Epoch: 50 cost time: 35.72117614746094
Epoch: 50, Steps: 279 | Train Loss: 0.7573066 Vali Loss: 0.7827160 Test Loss: 0.3590634
EarlyStopping counter: 2 out of 20
Updating learning rate to 7.069650490151056e-07
	iters: 100, epoch: 51 | loss: 0.6724168
	speed: 0.2964s/iter; left time: 4105.6459s
	iters: 200, epoch: 51 | loss: 0.7626520
	speed: 0.1279s/iter; left time: 1759.3113s
Epoch: 51 cost time: 35.67944025993347
Epoch: 51, Steps: 279 | Train Loss: 0.7574438 Vali Loss: 0.7811849 Test Loss: 0.3590608
EarlyStopping counter: 3 out of 20
Updating learning rate to 6.36268544113595e-07
	iters: 100, epoch: 52 | loss: 0.7362641
	speed: 0.2957s/iter; left time: 4012.8174s
	iters: 200, epoch: 52 | loss: 0.7604629
	speed: 0.1279s/iter; left time: 1722.8136s
Epoch: 52 cost time: 35.72739791870117
Epoch: 52, Steps: 279 | Train Loss: 0.7573296 Vali Loss: 0.7826834 Test Loss: 0.3590559
EarlyStopping counter: 4 out of 20
Updating learning rate to 5.726416897022355e-07
	iters: 100, epoch: 53 | loss: 0.7488129
	speed: 0.2950s/iter; left time: 3921.9340s
	iters: 200, epoch: 53 | loss: 0.8195555
	speed: 0.1279s/iter; left time: 1686.9249s
Epoch: 53 cost time: 35.691057205200195
Epoch: 53, Steps: 279 | Train Loss: 0.7573274 Vali Loss: 0.7824443 Test Loss: 0.3590524
EarlyStopping counter: 5 out of 20
Updating learning rate to 5.15377520732012e-07
	iters: 100, epoch: 54 | loss: 0.7929993
	speed: 0.2956s/iter; left time: 3847.1387s
	iters: 200, epoch: 54 | loss: 0.7518250
	speed: 0.1279s/iter; left time: 1651.9208s
Epoch: 54 cost time: 35.69706130027771
Epoch: 54, Steps: 279 | Train Loss: 0.7574103 Vali Loss: 0.7825282 Test Loss: 0.3590498
EarlyStopping counter: 6 out of 20
Updating learning rate to 4.6383976865881085e-07
	iters: 100, epoch: 55 | loss: 0.8528852
	speed: 0.2958s/iter; left time: 3766.4666s
	iters: 200, epoch: 55 | loss: 0.7457374
	speed: 0.1280s/iter; left time: 1616.6577s
Epoch: 55 cost time: 35.709925413131714
Epoch: 55, Steps: 279 | Train Loss: 0.7571383 Vali Loss: 0.7834877 Test Loss: 0.3590473
EarlyStopping counter: 7 out of 20
Updating learning rate to 4.174557917929298e-07
	iters: 100, epoch: 56 | loss: 0.6819586
	speed: 0.2963s/iter; left time: 3690.3788s
	iters: 200, epoch: 56 | loss: 0.7655594
	speed: 0.1279s/iter; left time: 1579.9527s
Epoch: 56 cost time: 35.69641184806824
Epoch: 56, Steps: 279 | Train Loss: 0.7571689 Vali Loss: 0.7829547 Test Loss: 0.3590452
EarlyStopping counter: 8 out of 20
Updating learning rate to 3.7571021261363677e-07
	iters: 100, epoch: 57 | loss: 0.7787428
	speed: 0.2958s/iter; left time: 3601.8813s
	iters: 200, epoch: 57 | loss: 0.8117878
	speed: 0.1279s/iter; left time: 1544.8130s
Epoch: 57 cost time: 35.70685696601868
Epoch: 57, Steps: 279 | Train Loss: 0.7568667 Vali Loss: 0.7831919 Test Loss: 0.3590430
EarlyStopping counter: 9 out of 20
Updating learning rate to 3.381391913522731e-07
	iters: 100, epoch: 58 | loss: 0.7436973
	speed: 0.2954s/iter; left time: 3514.1506s
	iters: 200, epoch: 58 | loss: 0.6961920
	speed: 0.1280s/iter; left time: 1510.1915s
Epoch: 58 cost time: 35.700881481170654
Epoch: 58, Steps: 279 | Train Loss: 0.7570938 Vali Loss: 0.7816682 Test Loss: 0.3590406
EarlyStopping counter: 10 out of 20
Updating learning rate to 3.043252722170458e-07
	iters: 100, epoch: 59 | loss: 0.7679011
	speed: 0.2959s/iter; left time: 3438.0708s
	iters: 200, epoch: 59 | loss: 0.7346049
	speed: 0.1279s/iter; left time: 1472.7250s
Epoch: 59 cost time: 35.70336127281189
Epoch: 59, Steps: 279 | Train Loss: 0.7573242 Vali Loss: 0.7816377 Test Loss: 0.3590397
EarlyStopping counter: 11 out of 20
Updating learning rate to 2.7389274499534124e-07
	iters: 100, epoch: 60 | loss: 0.7421305
	speed: 0.2961s/iter; left time: 3357.6929s
	iters: 200, epoch: 60 | loss: 0.8109869
	speed: 0.1280s/iter; left time: 1438.2558s
Epoch: 60 cost time: 35.69341421127319
Epoch: 60, Steps: 279 | Train Loss: 0.7569905 Vali Loss: 0.7819890 Test Loss: 0.3590379
EarlyStopping counter: 12 out of 20
Updating learning rate to 2.465034704958071e-07
	iters: 100, epoch: 61 | loss: 0.7505022
	speed: 0.2954s/iter; left time: 3267.0341s
	iters: 200, epoch: 61 | loss: 0.7515435
	speed: 0.1281s/iter; left time: 1404.5284s
Epoch: 61 cost time: 35.715327501297
Epoch: 61, Steps: 279 | Train Loss: 0.7573699 Vali Loss: 0.7821885 Test Loss: 0.3590362
EarlyStopping counter: 13 out of 20
Updating learning rate to 2.218531234462264e-07
	iters: 100, epoch: 62 | loss: 0.8334911
	speed: 0.2953s/iter; left time: 3183.8268s
	iters: 200, epoch: 62 | loss: 0.7981413
	speed: 0.1280s/iter; left time: 1366.8050s
Epoch: 62 cost time: 35.70788025856018
Epoch: 62, Steps: 279 | Train Loss: 0.7569091 Vali Loss: 0.7824564 Test Loss: 0.3590351
EarlyStopping counter: 14 out of 20
Updating learning rate to 1.9966781110160376e-07
	iters: 100, epoch: 63 | loss: 0.8508307
	speed: 0.2953s/iter; left time: 3101.5033s
	iters: 200, epoch: 63 | loss: 0.7422600
	speed: 0.1279s/iter; left time: 1330.4410s
Epoch: 63 cost time: 35.71668004989624
Epoch: 63, Steps: 279 | Train Loss: 0.7565864 Vali Loss: 0.7814150 Test Loss: 0.3590342
EarlyStopping counter: 15 out of 20
Updating learning rate to 1.797010299914434e-07
	iters: 100, epoch: 64 | loss: 0.7112191
	speed: 0.2962s/iter; left time: 3028.6051s
	iters: 200, epoch: 64 | loss: 0.7443552
	speed: 0.1279s/iter; left time: 1294.6638s
Epoch: 64 cost time: 35.70494794845581
Epoch: 64, Steps: 279 | Train Loss: 0.7569181 Vali Loss: 0.7825174 Test Loss: 0.3590331
EarlyStopping counter: 16 out of 20
Updating learning rate to 1.6173092699229907e-07
	iters: 100, epoch: 65 | loss: 0.8023672
	speed: 0.2960s/iter; left time: 2943.7560s
	iters: 200, epoch: 65 | loss: 0.7578452
	speed: 0.1280s/iter; left time: 1260.0747s
Epoch: 65 cost time: 35.69541931152344
Epoch: 65, Steps: 279 | Train Loss: 0.7571580 Vali Loss: 0.7824775 Test Loss: 0.3590323
EarlyStopping counter: 17 out of 20
Updating learning rate to 1.4555783429306916e-07
	iters: 100, epoch: 66 | loss: 0.7692857
	speed: 0.2954s/iter; left time: 2855.4401s
	iters: 200, epoch: 66 | loss: 0.7468029
	speed: 0.1279s/iter; left time: 1223.2986s
Epoch: 66 cost time: 35.69925928115845
Epoch: 66, Steps: 279 | Train Loss: 0.7572320 Vali Loss: 0.7835049 Test Loss: 0.3590317
EarlyStopping counter: 18 out of 20
Updating learning rate to 1.3100205086376224e-07
	iters: 100, epoch: 67 | loss: 0.8284560
	speed: 0.2951s/iter; left time: 2770.3858s
	iters: 200, epoch: 67 | loss: 0.7409821
	speed: 0.1278s/iter; left time: 1186.7289s
Epoch: 67 cost time: 35.68868803977966
Epoch: 67, Steps: 279 | Train Loss: 0.7571731 Vali Loss: 0.7824830 Test Loss: 0.3590311
EarlyStopping counter: 19 out of 20
Updating learning rate to 1.1790184577738603e-07
	iters: 100, epoch: 68 | loss: 0.6797065
	speed: 0.2959s/iter; left time: 2694.7122s
	iters: 200, epoch: 68 | loss: 0.7883356
	speed: 0.1280s/iter; left time: 1152.8800s
Epoch: 68 cost time: 35.70193791389465
Epoch: 68, Steps: 279 | Train Loss: 0.7568928 Vali Loss: 0.7820287 Test Loss: 0.3590315
EarlyStopping counter: 20 out of 20
Early stopping
>>>>>>>testing : CMS3_weather_336_720_PatchTST_custom_ftM_sl336_ll48_pl720_dm128_nh16_el3_dl1_df256_fc1_ebtimeF_dtTrue_Exp_0<<<<<<<<<<<<<<<<<<<<<<<<<<<<<<<<<
test 9820
mse:0.35930317640304565, mae:0.37155187129974365, rse:0.7907677292823792
