==========================================================
Lanzando Experimento: CMS3_weather | Dataset: weather
==========================================================
Args in experiment:
Namespace(random_seed=2021, is_training=1, model_id='CMS3_weather_336_96', model='PatchTST', data='custom', root_path='./dataset/', data_path='weather.csv', features='M', target='OT', freq='h', checkpoints='./checkpoints/', seq_len=336, label_len=48, pred_len=96, head_type='cms3', fc_dropout=0.2, head_dropout=0.0, patch_len=16, stride=8, padding_patch='end', revin=1, affine=0, subtract_last=0, decomposition=0, kernel_size=25, individual=0, embed_type=0, enc_in=21, dec_in=7, c_out=7, d_model=128, n_heads=16, e_layers=3, d_layers=1, d_ff=256, moving_avg=25, factor=1, distil=True, dropout=0.2, embed='timeF', activation='gelu', output_attention=False, do_predict=False, num_workers=0, itr=1, train_epochs=100, batch_size=128, patience=20, learning_rate=0.0001, des='Exp', loss='mse', lradj='type3', pct_start=0.3, use_amp=False, use_gpu=True, gpu=0, use_multi_gpu=False, devices='0,1,2,3', test_flop=False)
Use GPU: cuda:0
>>>>>>>start training : CMS3_weather_336_96_PatchTST_custom_ftM_sl336_ll48_pl96_dm128_nh16_el3_dl1_df256_fc1_ebtimeF_dtTrue_Exp_0>>>>>>>>>>>>>>>>>>>>>>>>>>
train 36456
val 5175
test 10444
	iters: 100, epoch: 1 | loss: 0.6678073
	speed: 0.1818s/iter; left time: 5145.0348s
	iters: 200, epoch: 1 | loss: 0.6430213
	speed: 0.1263s/iter; left time: 3563.0285s
Epoch: 1 cost time: 37.45261907577515
Epoch: 1, Steps: 284 | Train Loss: 0.6844670 Vali Loss: 0.6373944 Test Loss: 0.2575753
Validation loss decreased (inf --> 0.637394).  Saving model ...
Updating learning rate to 0.0001
	iters: 100, epoch: 2 | loss: 0.7793105
	speed: 0.2958s/iter; left time: 8288.7543s
	iters: 200, epoch: 2 | loss: 0.5806897
	speed: 0.1269s/iter; left time: 3541.3966s
Epoch: 2 cost time: 36.0459349155426
Epoch: 2, Steps: 284 | Train Loss: 0.6793019 Vali Loss: 0.6276661 Test Loss: 0.2547940
Validation loss decreased (0.637394 --> 0.627666).  Saving model ...
Updating learning rate to 0.0001
	iters: 100, epoch: 3 | loss: 0.7523101
	speed: 0.2930s/iter; left time: 8126.3840s
	iters: 200, epoch: 3 | loss: 0.5951911
	speed: 0.1271s/iter; left time: 3511.9873s
Epoch: 3 cost time: 36.114479541778564
Epoch: 3, Steps: 284 | Train Loss: 0.6693040 Vali Loss: 0.6177180 Test Loss: 0.2517215
Validation loss decreased (0.627666 --> 0.617718).  Saving model ...
Updating learning rate to 0.0001
	iters: 100, epoch: 4 | loss: 0.5006074
	speed: 0.2933s/iter; left time: 8049.7249s
	iters: 200, epoch: 4 | loss: 0.5529363
	speed: 0.1272s/iter; left time: 3478.1087s
Epoch: 4 cost time: 36.13496923446655
Epoch: 4, Steps: 284 | Train Loss: 0.6571419 Vali Loss: 0.6037990 Test Loss: 0.2478540
Validation loss decreased (0.617718 --> 0.603799).  Saving model ...
Updating learning rate to 9e-05
	iters: 100, epoch: 5 | loss: 0.5353905
	speed: 0.2942s/iter; left time: 7991.0492s
	iters: 200, epoch: 5 | loss: 0.5476556
	speed: 0.1272s/iter; left time: 3443.5744s
Epoch: 5 cost time: 36.14761447906494
Epoch: 5, Steps: 284 | Train Loss: 0.6414033 Vali Loss: 0.5919545 Test Loss: 0.2435692
Validation loss decreased (0.603799 --> 0.591954).  Saving model ...
Updating learning rate to 8.1e-05
	iters: 100, epoch: 6 | loss: 0.5672607
	speed: 0.2936s/iter; left time: 7892.3255s
	iters: 200, epoch: 6 | loss: 0.5272889
	speed: 0.1272s/iter; left time: 3407.3570s
Epoch: 6 cost time: 36.138028621673584
Epoch: 6, Steps: 284 | Train Loss: 0.6289633 Vali Loss: 0.5804126 Test Loss: 0.2391510
Validation loss decreased (0.591954 --> 0.580413).  Saving model ...
Updating learning rate to 7.290000000000001e-05
	iters: 100, epoch: 7 | loss: 0.8152319
	speed: 0.2935s/iter; left time: 7806.1381s
	iters: 200, epoch: 7 | loss: 0.7776343
	speed: 0.1272s/iter; left time: 3370.9993s
Epoch: 7 cost time: 36.13590359687805
Epoch: 7, Steps: 284 | Train Loss: 0.6160049 Vali Loss: 0.5693124 Test Loss: 0.2348713
Validation loss decreased (0.580413 --> 0.569312).  Saving model ...
Updating learning rate to 6.561e-05
	iters: 100, epoch: 8 | loss: 0.9350342
	speed: 0.2932s/iter; left time: 7714.1051s
	iters: 200, epoch: 8 | loss: 0.5379720
	speed: 0.1272s/iter; left time: 3334.7752s
Epoch: 8 cost time: 36.13160181045532
Epoch: 8, Steps: 284 | Train Loss: 0.6034767 Vali Loss: 0.5592020 Test Loss: 0.2308495
Validation loss decreased (0.569312 --> 0.559202).  Saving model ...
Updating learning rate to 5.904900000000001e-05
	iters: 100, epoch: 9 | loss: 0.5551818
	speed: 0.2933s/iter; left time: 7634.5270s
	iters: 200, epoch: 9 | loss: 0.5949036
	speed: 0.1272s/iter; left time: 3299.0587s
Epoch: 9 cost time: 36.138593912124634
Epoch: 9, Steps: 284 | Train Loss: 0.5922149 Vali Loss: 0.5493944 Test Loss: 0.2271347
Validation loss decreased (0.559202 --> 0.549394).  Saving model ...
Updating learning rate to 5.3144100000000005e-05
	iters: 100, epoch: 10 | loss: 0.7258945
	speed: 0.2937s/iter; left time: 7561.8712s
	iters: 200, epoch: 10 | loss: 0.7589699
	speed: 0.1272s/iter; left time: 3261.6015s
Epoch: 10 cost time: 36.132065296173096
Epoch: 10, Steps: 284 | Train Loss: 0.5825150 Vali Loss: 0.5416909 Test Loss: 0.2237522
Validation loss decreased (0.549394 --> 0.541691).  Saving model ...
Updating learning rate to 4.782969000000001e-05
	iters: 100, epoch: 11 | loss: 0.4932673
	speed: 0.2930s/iter; left time: 7460.4035s
	iters: 200, epoch: 11 | loss: 0.7502465
	speed: 0.1272s/iter; left time: 3226.3090s
Epoch: 11 cost time: 36.14003014564514
Epoch: 11, Steps: 284 | Train Loss: 0.5735583 Vali Loss: 0.5294566 Test Loss: 0.2206199
Validation loss decreased (0.541691 --> 0.529457).  Saving model ...
Updating learning rate to 4.304672100000001e-05
	iters: 100, epoch: 12 | loss: 0.6481071
	speed: 0.2934s/iter; left time: 7386.6874s
	iters: 200, epoch: 12 | loss: 0.5031216
	speed: 0.1272s/iter; left time: 3189.9262s
Epoch: 12 cost time: 36.13974165916443
Epoch: 12, Steps: 284 | Train Loss: 0.5657064 Vali Loss: 0.5280015 Test Loss: 0.2178275
Validation loss decreased (0.529457 --> 0.528002).  Saving model ...
Updating learning rate to 3.874204890000001e-05
	iters: 100, epoch: 13 | loss: 0.5200111
	speed: 0.2938s/iter; left time: 7312.8606s
	iters: 200, epoch: 13 | loss: 0.4643301
	speed: 0.1272s/iter; left time: 3153.9547s
Epoch: 13 cost time: 36.14616894721985
Epoch: 13, Steps: 284 | Train Loss: 0.5577996 Vali Loss: 0.5210322 Test Loss: 0.2152808
Validation loss decreased (0.528002 --> 0.521032).  Saving model ...
Updating learning rate to 3.486784401000001e-05
	iters: 100, epoch: 14 | loss: 0.4563099
	speed: 0.2931s/iter; left time: 7212.7459s
	iters: 200, epoch: 14 | loss: 0.7465324
	speed: 0.1272s/iter; left time: 3117.0666s
Epoch: 14 cost time: 36.127663135528564
Epoch: 14, Steps: 284 | Train Loss: 0.5520905 Vali Loss: 0.5153052 Test Loss: 0.2129944
Validation loss decreased (0.521032 --> 0.515305).  Saving model ...
Updating learning rate to 3.138105960900001e-05
	iters: 100, epoch: 15 | loss: 0.3923810
	speed: 0.2930s/iter; left time: 7126.7287s
	iters: 200, epoch: 15 | loss: 0.4090060
	speed: 0.1272s/iter; left time: 3080.5945s
Epoch: 15 cost time: 36.12969517707825
Epoch: 15, Steps: 284 | Train Loss: 0.5466131 Vali Loss: 0.5074644 Test Loss: 0.2108934
Validation loss decreased (0.515305 --> 0.507464).  Saving model ...
Updating learning rate to 2.824295364810001e-05
	iters: 100, epoch: 16 | loss: 0.6079499
	speed: 0.2931s/iter; left time: 7046.5725s
	iters: 200, epoch: 16 | loss: 0.4917279
	speed: 0.1272s/iter; left time: 3044.9032s
Epoch: 16 cost time: 36.1380615234375
Epoch: 16, Steps: 284 | Train Loss: 0.5416986 Vali Loss: 0.5075237 Test Loss: 0.2090389
EarlyStopping counter: 1 out of 20
Updating learning rate to 2.541865828329001e-05
	iters: 100, epoch: 17 | loss: 0.4072503
	speed: 0.2926s/iter; left time: 6950.1986s
	iters: 200, epoch: 17 | loss: 0.4250212
	speed: 0.1272s/iter; left time: 3009.5398s
Epoch: 17 cost time: 36.13793420791626
Epoch: 17, Steps: 284 | Train Loss: 0.5374478 Vali Loss: 0.5004005 Test Loss: 0.2073514
Validation loss decreased (0.507464 --> 0.500400).  Saving model ...
Updating learning rate to 2.287679245496101e-05
	iters: 100, epoch: 18 | loss: 0.5257678
	speed: 0.2930s/iter; left time: 6876.8033s
	iters: 200, epoch: 18 | loss: 0.3773946
	speed: 0.1272s/iter; left time: 2974.0572s
Epoch: 18 cost time: 36.14630603790283
Epoch: 18, Steps: 284 | Train Loss: 0.5334778 Vali Loss: 0.4983035 Test Loss: 0.2058286
Validation loss decreased (0.500400 --> 0.498304).  Saving model ...
Updating learning rate to 2.0589113209464907e-05
	iters: 100, epoch: 19 | loss: 0.5431316
	speed: 0.2932s/iter; left time: 6799.2805s
	iters: 200, epoch: 19 | loss: 0.4723484
	speed: 0.1272s/iter; left time: 2937.5118s
Epoch: 19 cost time: 36.143085956573486
Epoch: 19, Steps: 284 | Train Loss: 0.5297557 Vali Loss: 0.4969378 Test Loss: 0.2044851
Validation loss decreased (0.498304 --> 0.496938).  Saving model ...
Updating learning rate to 1.8530201888518416e-05
	iters: 100, epoch: 20 | loss: 0.4426792
	speed: 0.2932s/iter; left time: 6716.7597s
	iters: 200, epoch: 20 | loss: 0.3999304
	speed: 0.1273s/iter; left time: 2902.3896s
Epoch: 20 cost time: 36.145562171936035
Epoch: 20, Steps: 284 | Train Loss: 0.5265217 Vali Loss: 0.4926949 Test Loss: 0.2032527
Validation loss decreased (0.496938 --> 0.492695).  Saving model ...
Updating learning rate to 1.6677181699666577e-05
	iters: 100, epoch: 21 | loss: 0.8017944
	speed: 0.2939s/iter; left time: 6648.7317s
	iters: 200, epoch: 21 | loss: 0.4675570
	speed: 0.1273s/iter; left time: 2866.1679s
Epoch: 21 cost time: 36.15264558792114
Epoch: 21, Steps: 284 | Train Loss: 0.5241153 Vali Loss: 0.4875446 Test Loss: 0.2021357
Validation loss decreased (0.492695 --> 0.487545).  Saving model ...
Updating learning rate to 1.5009463529699919e-05
	iters: 100, epoch: 22 | loss: 0.4290007
	speed: 0.2931s/iter; left time: 6547.2344s
	iters: 200, epoch: 22 | loss: 0.4784907
	speed: 0.1273s/iter; left time: 2830.3671s
Epoch: 22 cost time: 36.141220808029175
Epoch: 22, Steps: 284 | Train Loss: 0.5214724 Vali Loss: 0.4869771 Test Loss: 0.2011586
Validation loss decreased (0.487545 --> 0.486977).  Saving model ...
Updating learning rate to 1.3508517176729929e-05
	iters: 100, epoch: 23 | loss: 0.3763309
	speed: 0.2930s/iter; left time: 6462.1919s
	iters: 200, epoch: 23 | loss: 0.4474133
	speed: 0.1272s/iter; left time: 2793.3749s
Epoch: 23 cost time: 36.132044315338135
Epoch: 23, Steps: 284 | Train Loss: 0.5193999 Vali Loss: 0.4866536 Test Loss: 0.2002817
Validation loss decreased (0.486977 --> 0.486654).  Saving model ...
Updating learning rate to 1.2157665459056936e-05
	iters: 100, epoch: 24 | loss: 0.4236932
	speed: 0.2934s/iter; left time: 6388.0177s
	iters: 200, epoch: 24 | loss: 0.5243475
	speed: 0.1273s/iter; left time: 2758.4419s
Epoch: 24 cost time: 36.14736485481262
Epoch: 24, Steps: 284 | Train Loss: 0.5176243 Vali Loss: 0.4848550 Test Loss: 0.1994815
Validation loss decreased (0.486654 --> 0.484855).  Saving model ...
Updating learning rate to 1.0941898913151242e-05
	iters: 100, epoch: 25 | loss: 0.4305927
	speed: 0.2931s/iter; left time: 6297.4901s
	iters: 200, epoch: 25 | loss: 0.4153610
	speed: 0.1273s/iter; left time: 2722.2530s
Epoch: 25 cost time: 36.14904260635376
Epoch: 25, Steps: 284 | Train Loss: 0.5160386 Vali Loss: 0.4811029 Test Loss: 0.1987600
Validation loss decreased (0.484855 --> 0.481103).  Saving model ...
Updating learning rate to 9.847709021836118e-06
	iters: 100, epoch: 26 | loss: 0.4153844
	speed: 0.2929s/iter; left time: 6210.2242s
	iters: 200, epoch: 26 | loss: 0.4380947
	speed: 0.1273s/iter; left time: 2686.0310s
Epoch: 26 cost time: 36.13322615623474
Epoch: 26, Steps: 284 | Train Loss: 0.5145650 Vali Loss: 0.4799770 Test Loss: 0.1981671
Validation loss decreased (0.481103 --> 0.479977).  Saving model ...
Updating learning rate to 8.862938119652508e-06
	iters: 100, epoch: 27 | loss: 0.5112082
	speed: 0.2937s/iter; left time: 6143.2960s
	iters: 200, epoch: 27 | loss: 0.9092404
	speed: 0.1273s/iter; left time: 2649.5408s
Epoch: 27 cost time: 36.151840686798096
Epoch: 27, Steps: 284 | Train Loss: 0.5122347 Vali Loss: 0.4769875 Test Loss: 0.1975909
Validation loss decreased (0.479977 --> 0.476987).  Saving model ...
Updating learning rate to 7.976644307687255e-06
	iters: 100, epoch: 28 | loss: 0.3558953
	speed: 0.2933s/iter; left time: 6052.4645s
	iters: 200, epoch: 28 | loss: 0.4120027
	speed: 0.1273s/iter; left time: 2613.7642s
Epoch: 28 cost time: 36.15553569793701
Epoch: 28, Steps: 284 | Train Loss: 0.5117053 Vali Loss: 0.4786631 Test Loss: 0.1970847
EarlyStopping counter: 1 out of 20
Updating learning rate to 7.178979876918531e-06
	iters: 100, epoch: 29 | loss: 0.6686478
	speed: 0.2926s/iter; left time: 5953.7480s
	iters: 200, epoch: 29 | loss: 0.4245602
	speed: 0.1273s/iter; left time: 2577.1709s
Epoch: 29 cost time: 36.13657259941101
Epoch: 29, Steps: 284 | Train Loss: 0.5093402 Vali Loss: 0.4771872 Test Loss: 0.1966468
EarlyStopping counter: 2 out of 20
Updating learning rate to 6.4610818892266776e-06
	iters: 100, epoch: 30 | loss: 0.3946820
	speed: 0.2926s/iter; left time: 5870.3895s
	iters: 200, epoch: 30 | loss: 0.4120207
	speed: 0.1273s/iter; left time: 2541.3131s
Epoch: 30 cost time: 36.14022970199585
Epoch: 30, Steps: 284 | Train Loss: 0.5094051 Vali Loss: 0.4753069 Test Loss: 0.1962050
Validation loss decreased (0.476987 --> 0.475307).  Saving model ...
Updating learning rate to 5.8149737003040096e-06
	iters: 100, epoch: 31 | loss: 0.6062567
	speed: 0.2931s/iter; left time: 5798.0052s
	iters: 200, epoch: 31 | loss: 0.4929413
	speed: 0.1273s/iter; left time: 2504.4560s
Epoch: 31 cost time: 36.14353895187378
Epoch: 31, Steps: 284 | Train Loss: 0.5082924 Vali Loss: 0.4735582 Test Loss: 0.1958442
Validation loss decreased (0.475307 --> 0.473558).  Saving model ...
Updating learning rate to 5.23347633027361e-06
	iters: 100, epoch: 32 | loss: 0.4161025
	speed: 0.2935s/iter; left time: 5721.8555s
	iters: 200, epoch: 32 | loss: 0.7635437
	speed: 0.1273s/iter; left time: 2468.8604s
Epoch: 32 cost time: 36.15300536155701
Epoch: 32, Steps: 284 | Train Loss: 0.5077602 Vali Loss: 0.4725255 Test Loss: 0.1955054
Validation loss decreased (0.473558 --> 0.472526).  Saving model ...
Updating learning rate to 4.710128697246249e-06
	iters: 100, epoch: 33 | loss: 1.1345830
	speed: 0.2934s/iter; left time: 5636.3731s
	iters: 200, epoch: 33 | loss: 0.6341957
	speed: 0.1272s/iter; left time: 2430.8643s
Epoch: 33 cost time: 36.13695001602173
Epoch: 33, Steps: 284 | Train Loss: 0.5063418 Vali Loss: 0.4742871 Test Loss: 0.1952131
EarlyStopping counter: 1 out of 20
Updating learning rate to 4.239115827521624e-06
	iters: 100, epoch: 34 | loss: 0.3853430
	speed: 0.2926s/iter; left time: 5537.7071s
	iters: 200, epoch: 34 | loss: 0.3731481
	speed: 0.1272s/iter; left time: 2394.8818s
Epoch: 34 cost time: 36.13185381889343
Epoch: 34, Steps: 284 | Train Loss: 0.5062410 Vali Loss: 0.4730329 Test Loss: 0.1949514
EarlyStopping counter: 2 out of 20
Updating learning rate to 3.815204244769462e-06
	iters: 100, epoch: 35 | loss: 0.4230787
	speed: 0.2925s/iter; left time: 5454.3100s
	iters: 200, epoch: 35 | loss: 0.3780847
	speed: 0.1272s/iter; left time: 2358.1391s
Epoch: 35 cost time: 36.124829053878784
Epoch: 35, Steps: 284 | Train Loss: 0.5057943 Vali Loss: 0.4725301 Test Loss: 0.1947039
EarlyStopping counter: 3 out of 20
Updating learning rate to 3.4336838202925152e-06
	iters: 100, epoch: 36 | loss: 0.3794369
	speed: 0.2924s/iter; left time: 5369.1982s
	iters: 200, epoch: 36 | loss: 0.4115729
	speed: 0.1272s/iter; left time: 2322.2148s
Epoch: 36 cost time: 36.12573027610779
Epoch: 36, Steps: 284 | Train Loss: 0.5053997 Vali Loss: 0.4700633 Test Loss: 0.1945144
Validation loss decreased (0.472526 --> 0.470063).  Saving model ...
Updating learning rate to 3.090315438263264e-06
	iters: 100, epoch: 37 | loss: 0.6641498
	speed: 0.2932s/iter; left time: 5300.9204s
	iters: 200, epoch: 37 | loss: 0.7436283
	speed: 0.1272s/iter; left time: 2286.9401s
Epoch: 37 cost time: 36.14193153381348
Epoch: 37, Steps: 284 | Train Loss: 0.5036150 Vali Loss: 0.4719289 Test Loss: 0.1943101
EarlyStopping counter: 1 out of 20
Updating learning rate to 2.7812838944369375e-06
	iters: 100, epoch: 38 | loss: 0.6980160
	speed: 0.2926s/iter; left time: 5206.9546s
	iters: 200, epoch: 38 | loss: 0.4535879
	speed: 0.1272s/iter; left time: 2251.3871s
Epoch: 38 cost time: 36.145594120025635
Epoch: 38, Steps: 284 | Train Loss: 0.5044420 Vali Loss: 0.4715564 Test Loss: 0.1941199
EarlyStopping counter: 2 out of 20
Updating learning rate to 2.503155504993244e-06
	iters: 100, epoch: 39 | loss: 0.6513481
	speed: 0.2928s/iter; left time: 5126.2355s
	iters: 200, epoch: 39 | loss: 0.6470569
	speed: 0.1272s/iter; left time: 2214.3579s
Epoch: 39 cost time: 36.137086629867554
Epoch: 39, Steps: 284 | Train Loss: 0.5039397 Vali Loss: 0.4697966 Test Loss: 0.1939875
Validation loss decreased (0.470063 --> 0.469797).  Saving model ...
Updating learning rate to 2.2528399544939195e-06
	iters: 100, epoch: 40 | loss: 0.4236123
	speed: 0.2935s/iter; left time: 5056.2395s
	iters: 200, epoch: 40 | loss: 0.8380747
	speed: 0.1275s/iter; left time: 2183.0067s
Epoch: 40 cost time: 36.22252559661865
Epoch: 40, Steps: 284 | Train Loss: 0.5038784 Vali Loss: 0.4707296 Test Loss: 0.1938346
EarlyStopping counter: 1 out of 20
Updating learning rate to 2.0275559590445276e-06
	iters: 100, epoch: 41 | loss: 0.4358179
	speed: 0.2930s/iter; left time: 4964.5460s
	iters: 200, epoch: 41 | loss: 0.5741686
	speed: 0.1275s/iter; left time: 2146.7052s
Epoch: 41 cost time: 36.20474553108215
Epoch: 41, Steps: 284 | Train Loss: 0.5033188 Vali Loss: 0.4692879 Test Loss: 0.1937128
Validation loss decreased (0.469797 --> 0.469288).  Saving model ...
Updating learning rate to 1.8248003631400751e-06
	iters: 100, epoch: 42 | loss: 0.6753310
	speed: 0.2939s/iter; left time: 4895.0938s
	iters: 200, epoch: 42 | loss: 0.3944672
	speed: 0.1275s/iter; left time: 2110.3817s
Epoch: 42 cost time: 36.21397542953491
Epoch: 42, Steps: 284 | Train Loss: 0.5022153 Vali Loss: 0.4698465 Test Loss: 0.1936101
EarlyStopping counter: 1 out of 20
Updating learning rate to 1.6423203268260676e-06
	iters: 100, epoch: 43 | loss: 0.3624225
	speed: 0.2932s/iter; left time: 4800.9075s
	iters: 200, epoch: 43 | loss: 0.3562663
	speed: 0.1274s/iter; left time: 2073.8304s
Epoch: 43 cost time: 36.20278477668762
Epoch: 43, Steps: 284 | Train Loss: 0.5028132 Vali Loss: 0.4709501 Test Loss: 0.1935006
EarlyStopping counter: 2 out of 20
Updating learning rate to 1.4780882941434609e-06
	iters: 100, epoch: 44 | loss: 0.4013883
	speed: 0.2934s/iter; left time: 4720.4376s
	iters: 200, epoch: 44 | loss: 0.7597505
	speed: 0.1275s/iter; left time: 2038.4042s
Epoch: 44 cost time: 36.20710873603821
Epoch: 44, Steps: 284 | Train Loss: 0.5026565 Vali Loss: 0.4702311 Test Loss: 0.1934168
EarlyStopping counter: 3 out of 20
Updating learning rate to 1.3302794647291146e-06
	iters: 100, epoch: 45 | loss: 0.6514021
	speed: 0.2934s/iter; left time: 4637.6423s
	iters: 200, epoch: 45 | loss: 0.4700582
	speed: 0.1275s/iter; left time: 2001.6187s
Epoch: 45 cost time: 36.20369362831116
Epoch: 45, Steps: 284 | Train Loss: 0.5023641 Vali Loss: 0.4675727 Test Loss: 0.1933156
Validation loss decreased (0.469288 --> 0.467573).  Saving model ...
Updating learning rate to 1.1972515182562034e-06
	iters: 100, epoch: 46 | loss: 0.4021249
	speed: 0.2939s/iter; left time: 4561.3247s
	iters: 200, epoch: 46 | loss: 0.7203954
	speed: 0.1274s/iter; left time: 1965.4061s
Epoch: 46 cost time: 36.2123544216156
Epoch: 46, Steps: 284 | Train Loss: 0.5023414 Vali Loss: 0.4677169 Test Loss: 0.1932610
EarlyStopping counter: 1 out of 20
Updating learning rate to 1.077526366430583e-06
	iters: 100, epoch: 47 | loss: 0.4837943
	speed: 0.2932s/iter; left time: 4467.6619s
	iters: 200, epoch: 47 | loss: 0.6022665
	speed: 0.1274s/iter; left time: 1928.5933s
Epoch: 47 cost time: 36.26571011543274
Epoch: 47, Steps: 284 | Train Loss: 0.5020486 Vali Loss: 0.4694996 Test Loss: 0.1931805
EarlyStopping counter: 2 out of 20
Updating learning rate to 9.697737297875248e-07
	iters: 100, epoch: 48 | loss: 0.6943429
	speed: 0.2937s/iter; left time: 4391.5497s
	iters: 200, epoch: 48 | loss: 0.3900083
	speed: 0.1274s/iter; left time: 1892.8907s
Epoch: 48 cost time: 36.199923276901245
Epoch: 48, Steps: 284 | Train Loss: 0.5018859 Vali Loss: 0.4654238 Test Loss: 0.1931203
Validation loss decreased (0.467573 --> 0.465424).  Saving model ...
Updating learning rate to 8.727963568087723e-07
	iters: 100, epoch: 49 | loss: 0.7107897
	speed: 0.2937s/iter; left time: 4308.5656s
	iters: 200, epoch: 49 | loss: 0.6167212
	speed: 0.1274s/iter; left time: 1856.3075s
Epoch: 49 cost time: 36.196630001068115
Epoch: 49, Steps: 284 | Train Loss: 0.5017303 Vali Loss: 0.4692023 Test Loss: 0.1930657
EarlyStopping counter: 1 out of 20
Updating learning rate to 7.855167211278951e-07
	iters: 100, epoch: 50 | loss: 0.4023810
	speed: 0.2929s/iter; left time: 4213.1328s
	iters: 200, epoch: 50 | loss: 0.6726311
	speed: 0.1274s/iter; left time: 1820.2060s
Epoch: 50 cost time: 36.198665380477905
Epoch: 50, Steps: 284 | Train Loss: 0.5010975 Vali Loss: 0.4645685 Test Loss: 0.1930230
Validation loss decreased (0.465424 --> 0.464569).  Saving model ...
Updating learning rate to 7.069650490151056e-07
	iters: 100, epoch: 51 | loss: 0.4500577
	speed: 0.2936s/iter; left time: 4139.6747s
	iters: 200, epoch: 51 | loss: 0.6620937
	speed: 0.1275s/iter; left time: 1784.4542s
Epoch: 51 cost time: 36.20777654647827
Epoch: 51, Steps: 284 | Train Loss: 0.5016516 Vali Loss: 0.4684907 Test Loss: 0.1929700
EarlyStopping counter: 1 out of 20
Updating learning rate to 6.36268544113595e-07
	iters: 100, epoch: 52 | loss: 0.4535465
	speed: 0.2931s/iter; left time: 4049.7640s
	iters: 200, epoch: 52 | loss: 0.3502620
	speed: 0.1275s/iter; left time: 1748.5266s
Epoch: 52 cost time: 36.207770347595215
Epoch: 52, Steps: 284 | Train Loss: 0.5017624 Vali Loss: 0.4690431 Test Loss: 0.1929345
EarlyStopping counter: 2 out of 20
Updating learning rate to 5.726416897022355e-07
	iters: 100, epoch: 53 | loss: 0.4253176
	speed: 0.2930s/iter; left time: 3965.4624s
	iters: 200, epoch: 53 | loss: 0.4949916
	speed: 0.1274s/iter; left time: 1711.6727s
Epoch: 53 cost time: 36.20046639442444
Epoch: 53, Steps: 284 | Train Loss: 0.4995518 Vali Loss: 0.4686124 Test Loss: 0.1929020
EarlyStopping counter: 3 out of 20
Updating learning rate to 5.15377520732012e-07
	iters: 100, epoch: 54 | loss: 0.7009750
	speed: 0.2929s/iter; left time: 3881.2658s
	iters: 200, epoch: 54 | loss: 0.6396861
	speed: 0.1275s/iter; left time: 1676.1400s
Epoch: 54 cost time: 36.206631660461426
Epoch: 54, Steps: 284 | Train Loss: 0.5011475 Vali Loss: 0.4674768 Test Loss: 0.1928756
EarlyStopping counter: 4 out of 20
Updating learning rate to 4.6383976865881085e-07
	iters: 100, epoch: 55 | loss: 0.3640355
	speed: 0.2931s/iter; left time: 3799.6310s
	iters: 200, epoch: 55 | loss: 0.3873524
	speed: 0.1275s/iter; left time: 1640.0931s
Epoch: 55 cost time: 36.2119517326355
Epoch: 55, Steps: 284 | Train Loss: 0.5000050 Vali Loss: 0.4685608 Test Loss: 0.1928503
EarlyStopping counter: 5 out of 20
Updating learning rate to 4.174557917929298e-07
	iters: 100, epoch: 56 | loss: 0.3817957
	speed: 0.2931s/iter; left time: 3716.2429s
	iters: 200, epoch: 56 | loss: 0.3714666
	speed: 0.1275s/iter; left time: 1603.6784s
Epoch: 56 cost time: 36.20567870140076
Epoch: 56, Steps: 284 | Train Loss: 0.5010241 Vali Loss: 0.4674520 Test Loss: 0.1928008
EarlyStopping counter: 6 out of 20
Updating learning rate to 3.7571021261363677e-07
	iters: 100, epoch: 57 | loss: 1.1852808
	speed: 0.2931s/iter; left time: 3633.9008s
	iters: 200, epoch: 57 | loss: 0.4082392
	speed: 0.1275s/iter; left time: 1567.5412s
Epoch: 57 cost time: 36.20735478401184
Epoch: 57, Steps: 284 | Train Loss: 0.5012013 Vali Loss: 0.4686662 Test Loss: 0.1927981
EarlyStopping counter: 7 out of 20
Updating learning rate to 3.381391913522731e-07
	iters: 100, epoch: 58 | loss: 0.5013551
	speed: 0.2930s/iter; left time: 3549.0702s
	iters: 200, epoch: 58 | loss: 0.3522981
	speed: 0.1275s/iter; left time: 1532.1964s
Epoch: 58 cost time: 36.218992471694946
Epoch: 58, Steps: 284 | Train Loss: 0.5011114 Vali Loss: 0.4674178 Test Loss: 0.1927686
EarlyStopping counter: 8 out of 20
Updating learning rate to 3.043252722170458e-07
	iters: 100, epoch: 59 | loss: 0.4522101
	speed: 0.2931s/iter; left time: 3467.5436s
	iters: 200, epoch: 59 | loss: 0.7151189
	speed: 0.1275s/iter; left time: 1495.5444s
Epoch: 59 cost time: 36.2131462097168
Epoch: 59, Steps: 284 | Train Loss: 0.5007712 Vali Loss: 0.4665760 Test Loss: 0.1927547
EarlyStopping counter: 9 out of 20
Updating learning rate to 2.7389274499534124e-07
	iters: 100, epoch: 60 | loss: 0.4560885
	speed: 0.2929s/iter; left time: 3381.7732s
	iters: 200, epoch: 60 | loss: 0.6177315
	speed: 0.1275s/iter; left time: 1459.2951s
Epoch: 60 cost time: 36.212196588516235
Epoch: 60, Steps: 284 | Train Loss: 0.5009936 Vali Loss: 0.4671188 Test Loss: 0.1927344
EarlyStopping counter: 10 out of 20
Updating learning rate to 2.465034704958071e-07
	iters: 100, epoch: 61 | loss: 0.4867251
	speed: 0.2932s/iter; left time: 3301.4247s
	iters: 200, epoch: 61 | loss: 0.3831883
	speed: 0.1275s/iter; left time: 1423.5850s
Epoch: 61 cost time: 36.21457529067993
Epoch: 61, Steps: 284 | Train Loss: 0.5009349 Vali Loss: 0.4660477 Test Loss: 0.1927345
EarlyStopping counter: 11 out of 20
Updating learning rate to 2.218531234462264e-07
	iters: 100, epoch: 62 | loss: 0.4186567
	speed: 0.2928s/iter; left time: 3213.9242s
	iters: 200, epoch: 62 | loss: 0.7366248
	speed: 0.1273s/iter; left time: 1384.9306s
Epoch: 62 cost time: 36.14553189277649
Epoch: 62, Steps: 284 | Train Loss: 0.5008252 Vali Loss: 0.4679743 Test Loss: 0.1927212
EarlyStopping counter: 12 out of 20
Updating learning rate to 1.9966781110160376e-07
	iters: 100, epoch: 63 | loss: 0.4680404
	speed: 0.2925s/iter; left time: 3127.8564s
	iters: 200, epoch: 63 | loss: 0.4772846
	speed: 0.1273s/iter; left time: 1348.9614s
Epoch: 63 cost time: 36.15695357322693
Epoch: 63, Steps: 284 | Train Loss: 0.5007454 Vali Loss: 0.4688094 Test Loss: 0.1927049
EarlyStopping counter: 13 out of 20
Updating learning rate to 1.797010299914434e-07
	iters: 100, epoch: 64 | loss: 0.8350817
	speed: 0.2926s/iter; left time: 3045.5857s
	iters: 200, epoch: 64 | loss: 0.3669109
	speed: 0.1273s/iter; left time: 1312.2413s
Epoch: 64 cost time: 36.14907932281494
Epoch: 64, Steps: 284 | Train Loss: 0.4991878 Vali Loss: 0.4680368 Test Loss: 0.1926779
EarlyStopping counter: 14 out of 20
Updating learning rate to 1.6173092699229907e-07
	iters: 100, epoch: 65 | loss: 0.6077288
	speed: 0.2925s/iter; left time: 2961.7763s
	iters: 200, epoch: 65 | loss: 0.4705185
	speed: 0.1273s/iter; left time: 1276.1389s
Epoch: 65 cost time: 36.143683671951294
Epoch: 65, Steps: 284 | Train Loss: 0.4994330 Vali Loss: 0.4679608 Test Loss: 0.1926712
EarlyStopping counter: 15 out of 20
Updating learning rate to 1.4555783429306916e-07
	iters: 100, epoch: 66 | loss: 0.3981897
	speed: 0.2926s/iter; left time: 2879.8633s
	iters: 200, epoch: 66 | loss: 0.4466301
	speed: 0.1273s/iter; left time: 1240.2143s
Epoch: 66 cost time: 36.14724636077881
Epoch: 66, Steps: 284 | Train Loss: 0.4998040 Vali Loss: 0.4664337 Test Loss: 0.1926689
EarlyStopping counter: 16 out of 20
Updating learning rate to 1.3100205086376224e-07
	iters: 100, epoch: 67 | loss: 0.4129709
	speed: 0.2926s/iter; left time: 2796.7503s
	iters: 200, epoch: 67 | loss: 0.6710466
	speed: 0.1273s/iter; left time: 1204.2896s
Epoch: 67 cost time: 36.161803245544434
Epoch: 67, Steps: 284 | Train Loss: 0.5006679 Vali Loss: 0.4676699 Test Loss: 0.1926606
EarlyStopping counter: 17 out of 20
Updating learning rate to 1.1790184577738603e-07
	iters: 100, epoch: 68 | loss: 0.3966115
	speed: 0.2927s/iter; left time: 2714.5235s
	iters: 200, epoch: 68 | loss: 0.6771905
	speed: 0.1274s/iter; left time: 1169.0581s
Epoch: 68 cost time: 36.19042372703552
Epoch: 68, Steps: 284 | Train Loss: 0.5002554 Vali Loss: 0.4641513 Test Loss: 0.1926514
Validation loss decreased (0.464569 --> 0.464151).  Saving model ...
Updating learning rate to 1.0611166119964742e-07
	iters: 100, epoch: 69 | loss: 0.4153258
	speed: 0.2936s/iter; left time: 2638.9032s
	iters: 200, epoch: 69 | loss: 0.3807134
	speed: 0.1274s/iter; left time: 1132.2186s
Epoch: 69 cost time: 36.20140814781189
Epoch: 69, Steps: 284 | Train Loss: 0.5005191 Vali Loss: 0.4684144 Test Loss: 0.1926533
EarlyStopping counter: 1 out of 20
Updating learning rate to 9.550049507968268e-08
	iters: 100, epoch: 70 | loss: 0.7591088
	speed: 0.2933s/iter; left time: 2553.5026s
	iters: 200, epoch: 70 | loss: 0.4072073
	speed: 0.1275s/iter; left time: 1097.3341s
Epoch: 70 cost time: 36.228209257125854
Epoch: 70, Steps: 284 | Train Loss: 0.5004812 Vali Loss: 0.4638677 Test Loss: 0.1926374
Validation loss decreased (0.464151 --> 0.463868).  Saving model ...
Updating learning rate to 8.595044557171442e-08
	iters: 100, epoch: 71 | loss: 0.4385230
	speed: 0.2940s/iter; left time: 2475.7042s
	iters: 200, epoch: 71 | loss: 0.4075588
	speed: 0.1275s/iter; left time: 1061.0433s
Epoch: 71 cost time: 36.22818398475647
Epoch: 71, Steps: 284 | Train Loss: 0.5006989 Vali Loss: 0.4677293 Test Loss: 0.1926544
EarlyStopping counter: 1 out of 20
Updating learning rate to 7.735540101454298e-08
	iters: 100, epoch: 72 | loss: 0.6919313
	speed: 0.2933s/iter; left time: 2386.2929s
	iters: 200, epoch: 72 | loss: 0.5656117
	speed: 0.1275s/iter; left time: 1024.7038s
Epoch: 72 cost time: 36.22275686264038
Epoch: 72, Steps: 284 | Train Loss: 0.5007121 Vali Loss: 0.4681008 Test Loss: 0.1926360
EarlyStopping counter: 2 out of 20
Updating learning rate to 6.961986091308869e-08
	iters: 100, epoch: 73 | loss: 0.6865844
	speed: 0.2930s/iter; left time: 2300.9657s
	iters: 200, epoch: 73 | loss: 0.3621414
	speed: 0.1273s/iter; left time: 986.6471s
Epoch: 73 cost time: 36.157575607299805
Epoch: 73, Steps: 284 | Train Loss: 0.5005928 Vali Loss: 0.4677686 Test Loss: 0.1926281
EarlyStopping counter: 3 out of 20
Updating learning rate to 6.265787482177981e-08
	iters: 100, epoch: 74 | loss: 0.4782876
	speed: 0.2927s/iter; left time: 2215.7448s
	iters: 200, epoch: 74 | loss: 0.3910420
	speed: 0.1273s/iter; left time: 950.7713s
Epoch: 74 cost time: 36.156750440597534
Epoch: 74, Steps: 284 | Train Loss: 0.5003879 Vali Loss: 0.4663718 Test Loss: 0.1926228
EarlyStopping counter: 4 out of 20
Updating learning rate to 5.639208733960184e-08
	iters: 100, epoch: 75 | loss: 0.3819006
	speed: 0.2927s/iter; left time: 2132.5359s
	iters: 200, epoch: 75 | loss: 0.4210309
	speed: 0.1275s/iter; left time: 916.3872s
Epoch: 75 cost time: 36.20267128944397
Epoch: 75, Steps: 284 | Train Loss: 0.4997595 Vali Loss: 0.4660811 Test Loss: 0.1926331
EarlyStopping counter: 5 out of 20
Updating learning rate to 5.075287860564165e-08
	iters: 100, epoch: 76 | loss: 0.4731452
	speed: 0.2933s/iter; left time: 2053.3143s
	iters: 200, epoch: 76 | loss: 0.6116888
	speed: 0.1276s/iter; left time: 880.3585s
Epoch: 76 cost time: 36.22352147102356
Epoch: 76, Steps: 284 | Train Loss: 0.5005848 Vali Loss: 0.4662025 Test Loss: 0.1926269
EarlyStopping counter: 6 out of 20
Updating learning rate to 4.567759074507749e-08
	iters: 100, epoch: 77 | loss: 0.4733507
	speed: 0.2931s/iter; left time: 1968.7931s
	iters: 200, epoch: 77 | loss: 0.3592339
	speed: 0.1276s/iter; left time: 844.1458s
Epoch: 77 cost time: 36.200987815856934
Epoch: 77, Steps: 284 | Train Loss: 0.4997785 Vali Loss: 0.4672658 Test Loss: 0.1926211
EarlyStopping counter: 7 out of 20
Updating learning rate to 4.1109831670569744e-08
	iters: 100, epoch: 78 | loss: 0.5259565
	speed: 0.2927s/iter; left time: 1882.9349s
	iters: 200, epoch: 78 | loss: 0.6488917
	speed: 0.1274s/iter; left time: 806.8401s
Epoch: 78 cost time: 36.15874147415161
Epoch: 78, Steps: 284 | Train Loss: 0.5006985 Vali Loss: 0.4658233 Test Loss: 0.1926099
EarlyStopping counter: 8 out of 20
Updating learning rate to 3.6998848503512764e-08
	iters: 100, epoch: 79 | loss: 0.5413011
	speed: 0.2927s/iter; left time: 1799.9470s
	iters: 200, epoch: 79 | loss: 0.6584519
	speed: 0.1273s/iter; left time: 770.3308s
Epoch: 79 cost time: 36.15475082397461
Epoch: 79, Steps: 284 | Train Loss: 0.5005225 Vali Loss: 0.4676356 Test Loss: 0.1926138
EarlyStopping counter: 9 out of 20
Updating learning rate to 3.3298963653161496e-08
	iters: 100, epoch: 80 | loss: 0.8805382
	speed: 0.2928s/iter; left time: 1717.3261s
	iters: 200, epoch: 80 | loss: 0.3570242
	speed: 0.1273s/iter; left time: 734.1568s
Epoch: 80 cost time: 36.15796113014221
Epoch: 80, Steps: 284 | Train Loss: 0.4997304 Vali Loss: 0.4669611 Test Loss: 0.1926139
EarlyStopping counter: 10 out of 20
Updating learning rate to 2.996906728784534e-08
	iters: 100, epoch: 81 | loss: 0.6672615
	speed: 0.2925s/iter; left time: 1632.6015s
	iters: 200, epoch: 81 | loss: 0.3522618
	speed: 0.1274s/iter; left time: 698.0115s
Epoch: 81 cost time: 36.14506459236145
Epoch: 81, Steps: 284 | Train Loss: 0.5005356 Vali Loss: 0.4671337 Test Loss: 0.1926311
EarlyStopping counter: 11 out of 20
Updating learning rate to 2.697216055906081e-08
	iters: 100, epoch: 82 | loss: 0.7700764
	speed: 0.2926s/iter; left time: 1549.8967s
	iters: 200, epoch: 82 | loss: 0.3394266
	speed: 0.1274s/iter; left time: 661.8631s
Epoch: 82 cost time: 36.14045763015747
Epoch: 82, Steps: 284 | Train Loss: 0.5002821 Vali Loss: 0.4651362 Test Loss: 0.1926199
EarlyStopping counter: 12 out of 20
Updating learning rate to 2.427494450315473e-08
	iters: 100, epoch: 83 | loss: 0.6724076
	speed: 0.2926s/iter; left time: 1467.0517s
	iters: 200, epoch: 83 | loss: 0.4555505
	speed: 0.1273s/iter; left time: 625.2115s
Epoch: 83 cost time: 36.13887000083923
Epoch: 83, Steps: 284 | Train Loss: 0.5007928 Vali Loss: 0.4661013 Test Loss: 0.1926242
EarlyStopping counter: 13 out of 20
Updating learning rate to 2.1847450052839257e-08
	iters: 100, epoch: 84 | loss: 0.4956169
	speed: 0.2924s/iter; left time: 1382.8836s
	iters: 200, epoch: 84 | loss: 0.4301116
	speed: 0.1273s/iter; left time: 589.1172s
Epoch: 84 cost time: 36.13555574417114
Epoch: 84, Steps: 284 | Train Loss: 0.5006709 Vali Loss: 0.4637395 Test Loss: 0.1926135
Validation loss decreased (0.463868 --> 0.463739).  Saving model ...
Updating learning rate to 1.9662705047555332e-08
	iters: 100, epoch: 85 | loss: 0.3955893
	speed: 0.2932s/iter; left time: 1303.1032s
	iters: 200, epoch: 85 | loss: 0.3659775
	speed: 0.1273s/iter; left time: 552.9046s
Epoch: 85 cost time: 36.14323878288269
Epoch: 85, Steps: 284 | Train Loss: 0.5008257 Vali Loss: 0.4682736 Test Loss: 0.1926151
EarlyStopping counter: 1 out of 20
Updating learning rate to 1.7696434542799797e-08
	iters: 100, epoch: 86 | loss: 0.4241570
	speed: 0.2927s/iter; left time: 1217.8516s
	iters: 200, epoch: 86 | loss: 1.0740628
	speed: 0.1272s/iter; left time: 516.4937s
Epoch: 86 cost time: 36.131144762039185
Epoch: 86, Steps: 284 | Train Loss: 0.5004675 Vali Loss: 0.4658730 Test Loss: 0.1926146
EarlyStopping counter: 2 out of 20
Updating learning rate to 1.5926791088519817e-08
	iters: 100, epoch: 87 | loss: 0.3665189
	speed: 0.2926s/iter; left time: 1134.4796s
	iters: 200, epoch: 87 | loss: 0.4532835
	speed: 0.1272s/iter; left time: 480.4783s
Epoch: 87 cost time: 36.14031195640564
Epoch: 87, Steps: 284 | Train Loss: 0.5006469 Vali Loss: 0.4673432 Test Loss: 0.1926093
EarlyStopping counter: 3 out of 20
Updating learning rate to 1.4334111979667836e-08
	iters: 100, epoch: 88 | loss: 0.4787957
	speed: 0.2926s/iter; left time: 1051.3815s
	iters: 200, epoch: 88 | loss: 0.4991397
	speed: 0.1272s/iter; left time: 444.3324s
Epoch: 88 cost time: 36.138596534729004
Epoch: 88, Steps: 284 | Train Loss: 0.5004731 Vali Loss: 0.4668249 Test Loss: 0.1926165
EarlyStopping counter: 4 out of 20
Updating learning rate to 1.2900700781701054e-08
	iters: 100, epoch: 89 | loss: 0.4184921
	speed: 0.2927s/iter; left time: 968.4840s
	iters: 200, epoch: 89 | loss: 0.3931183
	speed: 0.1272s/iter; left time: 408.1824s
Epoch: 89 cost time: 36.138463258743286
Epoch: 89, Steps: 284 | Train Loss: 0.5002210 Vali Loss: 0.4669184 Test Loss: 0.1926071
EarlyStopping counter: 5 out of 20
Updating learning rate to 1.161063070353095e-08
	iters: 100, epoch: 90 | loss: 0.7027008
	speed: 0.2927s/iter; left time: 885.3661s
	iters: 200, epoch: 90 | loss: 0.4726470
	speed: 0.1272s/iter; left time: 372.0217s
Epoch: 90 cost time: 36.133841037750244
Epoch: 90, Steps: 284 | Train Loss: 0.5008579 Vali Loss: 0.4684830 Test Loss: 0.1926208
EarlyStopping counter: 6 out of 20
Updating learning rate to 1.0449567633177854e-08
	iters: 100, epoch: 91 | loss: 0.5531852
	speed: 0.2925s/iter; left time: 801.8378s
	iters: 200, epoch: 91 | loss: 0.3572068
	speed: 0.1272s/iter; left time: 335.8589s
Epoch: 91 cost time: 36.12684464454651
Epoch: 91, Steps: 284 | Train Loss: 0.4998297 Vali Loss: 0.4639529 Test Loss: 0.1926071
EarlyStopping counter: 7 out of 20
Updating learning rate to 9.404610869860069e-09
	iters: 100, epoch: 92 | loss: 0.6925726
	speed: 0.2928s/iter; left time: 719.3614s
	iters: 200, epoch: 92 | loss: 0.4401673
	speed: 0.1272s/iter; left time: 299.7465s
Epoch: 92 cost time: 36.127960205078125
Epoch: 92, Steps: 284 | Train Loss: 0.5002689 Vali Loss: 0.4672519 Test Loss: 0.1926109
EarlyStopping counter: 8 out of 20
Updating learning rate to 8.464149782874063e-09
	iters: 100, epoch: 93 | loss: 0.3830561
	speed: 0.2928s/iter; left time: 636.2059s
	iters: 200, epoch: 93 | loss: 0.4372094
	speed: 0.1272s/iter; left time: 263.6814s
Epoch: 93 cost time: 36.132898569107056
Epoch: 93, Steps: 284 | Train Loss: 0.5007608 Vali Loss: 0.4686922 Test Loss: 0.1926242
EarlyStopping counter: 9 out of 20
Updating learning rate to 7.617734804586658e-09
	iters: 100, epoch: 94 | loss: 0.4312260
	speed: 0.2930s/iter; left time: 553.4079s
	iters: 200, epoch: 94 | loss: 0.6670372
	speed: 0.1271s/iter; left time: 227.4317s
Epoch: 94 cost time: 36.118884325027466
Epoch: 94, Steps: 284 | Train Loss: 0.4999807 Vali Loss: 0.4667295 Test Loss: 0.1926200
EarlyStopping counter: 10 out of 20
Updating learning rate to 6.855961324127991e-09
	iters: 100, epoch: 95 | loss: 0.6314043
	speed: 0.2929s/iter; left time: 470.0976s
	iters: 200, epoch: 95 | loss: 0.4864943
	speed: 0.1272s/iter; left time: 191.4070s
Epoch: 95 cost time: 36.12720465660095
Epoch: 95, Steps: 284 | Train Loss: 0.5005787 Vali Loss: 0.4681103 Test Loss: 0.1926135
EarlyStopping counter: 11 out of 20
Updating learning rate to 6.170365191715193e-09
	iters: 100, epoch: 96 | loss: 0.3790118
	speed: 0.2931s/iter; left time: 387.1978s
	iters: 200, epoch: 96 | loss: 0.4427624
	speed: 0.1272s/iter; left time: 155.3155s
Epoch: 96 cost time: 36.1278190612793
Epoch: 96, Steps: 284 | Train Loss: 0.5003509 Vali Loss: 0.4678045 Test Loss: 0.1926052
EarlyStopping counter: 12 out of 20
Updating learning rate to 5.5533286725436726e-09
	iters: 100, epoch: 97 | loss: 0.3679935
	speed: 0.2929s/iter; left time: 303.7574s
	iters: 200, epoch: 97 | loss: 0.5537825
	speed: 0.1272s/iter; left time: 119.2163s
Epoch: 97 cost time: 36.13914346694946
Epoch: 97, Steps: 284 | Train Loss: 0.5006056 Vali Loss: 0.4654249 Test Loss: 0.1926107
EarlyStopping counter: 13 out of 20
Updating learning rate to 4.997995805289306e-09
	iters: 100, epoch: 98 | loss: 0.4235226
	speed: 0.2929s/iter; left time: 220.5510s
	iters: 200, epoch: 98 | loss: 0.6290467
	speed: 0.1272s/iter; left time: 83.0622s
Epoch: 98 cost time: 36.14127516746521
Epoch: 98, Steps: 284 | Train Loss: 0.5008043 Vali Loss: 0.4682771 Test Loss: 0.1926203
EarlyStopping counter: 14 out of 20
Updating learning rate to 4.498196224760375e-09
	iters: 100, epoch: 99 | loss: 0.7057890
	speed: 0.2928s/iter; left time: 137.3083s
	iters: 200, epoch: 99 | loss: 0.4317932
	speed: 0.1272s/iter; left time: 46.9327s
Epoch: 99 cost time: 36.13034796714783
Epoch: 99, Steps: 284 | Train Loss: 0.5002309 Vali Loss: 0.4674993 Test Loss: 0.1926095
EarlyStopping counter: 15 out of 20
Updating learning rate to 4.048376602284338e-09
	iters: 100, epoch: 100 | loss: 0.5877833
	speed: 0.2927s/iter; left time: 54.1422s
	iters: 200, epoch: 100 | loss: 0.5071636
	speed: 0.1272s/iter; left time: 10.8116s
Epoch: 100 cost time: 36.135921478271484
Epoch: 100, Steps: 284 | Train Loss: 0.5007320 Vali Loss: 0.4674914 Test Loss: 0.1926093
EarlyStopping counter: 16 out of 20
Updating learning rate to 3.643538942055904e-09
>>>>>>>testing : CMS3_weather_336_96_PatchTST_custom_ftM_sl336_ll48_pl96_dm128_nh16_el3_dl1_df256_fc1_ebtimeF_dtTrue_Exp_0<<<<<<<<<<<<<<<<<<<<<<<<<<<<<<<<<
test 10444
mse:0.19291506707668304, mae:0.24857890605926514, rse:0.5786195397377014
Args in experiment:
Namespace(random_seed=2021, is_training=1, model_id='CMS3_weather_336_192', model='PatchTST', data='custom', root_path='./dataset/', data_path='weather.csv', features='M', target='OT', freq='h', checkpoints='./checkpoints/', seq_len=336, label_len=48, pred_len=192, head_type='cms3', fc_dropout=0.2, head_dropout=0.0, patch_len=16, stride=8, padding_patch='end', revin=1, affine=0, subtract_last=0, decomposition=0, kernel_size=25, individual=0, embed_type=0, enc_in=21, dec_in=7, c_out=7, d_model=128, n_heads=16, e_layers=3, d_layers=1, d_ff=256, moving_avg=25, factor=1, distil=True, dropout=0.2, embed='timeF', activation='gelu', output_attention=False, do_predict=False, num_workers=0, itr=1, train_epochs=100, batch_size=128, patience=20, learning_rate=0.0001, des='Exp', loss='mse', lradj='type3', pct_start=0.3, use_amp=False, use_gpu=True, gpu=0, use_multi_gpu=False, devices='0,1,2,3', test_flop=False)
Use GPU: cuda:0
>>>>>>>start training : CMS3_weather_336_192_PatchTST_custom_ftM_sl336_ll48_pl192_dm128_nh16_el3_dl1_df256_fc1_ebtimeF_dtTrue_Exp_0>>>>>>>>>>>>>>>>>>>>>>>>>>
train 36360
val 5079
test 10348
	iters: 100, epoch: 1 | loss: 0.5930165
	speed: 0.1411s/iter; left time: 3992.1648s
	iters: 200, epoch: 1 | loss: 0.6505421
	speed: 0.1274s/iter; left time: 3592.6120s
Epoch: 1 cost time: 36.437565088272095
Epoch: 1, Steps: 284 | Train Loss: 0.7078723 Vali Loss: 0.6792483 Test Loss: 0.2858599
Validation loss decreased (inf --> 0.679248).  Saving model ...
Updating learning rate to 0.0001
	iters: 100, epoch: 2 | loss: 0.6114016
	speed: 0.2983s/iter; left time: 8358.0025s
	iters: 200, epoch: 2 | loss: 0.8125961
	speed: 0.1277s/iter; left time: 3563.8804s
Epoch: 2 cost time: 36.27021145820618
Epoch: 2, Steps: 284 | Train Loss: 0.7035355 Vali Loss: 0.6721316 Test Loss: 0.2834572
Validation loss decreased (0.679248 --> 0.672132).  Saving model ...
Updating learning rate to 0.0001
	iters: 100, epoch: 3 | loss: 0.7552540
	speed: 0.2956s/iter; left time: 8198.6425s
	iters: 200, epoch: 3 | loss: 0.8141772
	speed: 0.1277s/iter; left time: 3529.0171s
Epoch: 3 cost time: 36.289830923080444
Epoch: 3, Steps: 284 | Train Loss: 0.6956460 Vali Loss: 0.6655998 Test Loss: 0.2810728
Validation loss decreased (0.672132 --> 0.665600).  Saving model ...
Updating learning rate to 0.0001
	iters: 100, epoch: 4 | loss: 0.8878207
	speed: 0.2955s/iter; left time: 8110.7656s
	iters: 200, epoch: 4 | loss: 0.5953708
	speed: 0.1277s/iter; left time: 3492.2335s
Epoch: 4 cost time: 36.281129121780396
Epoch: 4, Steps: 284 | Train Loss: 0.6870450 Vali Loss: 0.6577249 Test Loss: 0.2783739
Validation loss decreased (0.665600 --> 0.657725).  Saving model ...
Updating learning rate to 9e-05
	iters: 100, epoch: 5 | loss: 0.8809457
	speed: 0.2953s/iter; left time: 8022.9518s
	iters: 200, epoch: 5 | loss: 0.8651015
	speed: 0.1277s/iter; left time: 3455.0505s
Epoch: 5 cost time: 36.26109433174133
Epoch: 5, Steps: 284 | Train Loss: 0.6774100 Vali Loss: 0.6480879 Test Loss: 0.2756805
Validation loss decreased (0.657725 --> 0.648088).  Saving model ...
Updating learning rate to 8.1e-05
	iters: 100, epoch: 6 | loss: 0.5832441
	speed: 0.2956s/iter; left time: 7946.8417s
	iters: 200, epoch: 6 | loss: 0.5982583
	speed: 0.1277s/iter; left time: 3420.1947s
Epoch: 6 cost time: 36.27829027175903
Epoch: 6, Steps: 284 | Train Loss: 0.6689835 Vali Loss: 0.6416333 Test Loss: 0.2731291
Validation loss decreased (0.648088 --> 0.641633).  Saving model ...
Updating learning rate to 7.290000000000001e-05
	iters: 100, epoch: 7 | loss: 0.5240954
	speed: 0.2957s/iter; left time: 7864.2345s
	iters: 200, epoch: 7 | loss: 0.5571292
	speed: 0.1277s/iter; left time: 3383.5685s
Epoch: 7 cost time: 36.274898290634155
Epoch: 7, Steps: 284 | Train Loss: 0.6608342 Vali Loss: 0.6337558 Test Loss: 0.2707709
Validation loss decreased (0.641633 --> 0.633756).  Saving model ...
Updating learning rate to 6.561e-05
	iters: 100, epoch: 8 | loss: 0.6064947
	speed: 0.2957s/iter; left time: 7780.8680s
	iters: 200, epoch: 8 | loss: 0.5267797
	speed: 0.1276s/iter; left time: 3345.3316s
Epoch: 8 cost time: 36.28228735923767
Epoch: 8, Steps: 284 | Train Loss: 0.6536451 Vali Loss: 0.6261529 Test Loss: 0.2686079
Validation loss decreased (0.633756 --> 0.626153).  Saving model ...
Updating learning rate to 5.904900000000001e-05
	iters: 100, epoch: 9 | loss: 0.6207268
	speed: 0.2956s/iter; left time: 7693.3201s
	iters: 200, epoch: 9 | loss: 0.6136804
	speed: 0.1276s/iter; left time: 3309.3501s
Epoch: 9 cost time: 36.26761317253113
Epoch: 9, Steps: 284 | Train Loss: 0.6472154 Vali Loss: 0.6223468 Test Loss: 0.2666611
Validation loss decreased (0.626153 --> 0.622347).  Saving model ...
Updating learning rate to 5.3144100000000005e-05
	iters: 100, epoch: 10 | loss: 0.5235211
	speed: 0.2956s/iter; left time: 7609.1397s
	iters: 200, epoch: 10 | loss: 0.5483874
	speed: 0.1277s/iter; left time: 3273.8771s
Epoch: 10 cost time: 36.270620346069336
Epoch: 10, Steps: 284 | Train Loss: 0.6416072 Vali Loss: 0.6169222 Test Loss: 0.2648840
Validation loss decreased (0.622347 --> 0.616922).  Saving model ...
Updating learning rate to 4.782969000000001e-05
	iters: 100, epoch: 11 | loss: 0.7191145
	speed: 0.2955s/iter; left time: 7523.9111s
	iters: 200, epoch: 11 | loss: 0.5946565
	speed: 0.1277s/iter; left time: 3237.4241s
Epoch: 11 cost time: 36.2658269405365
Epoch: 11, Steps: 284 | Train Loss: 0.6362316 Vali Loss: 0.6149302 Test Loss: 0.2633021
Validation loss decreased (0.616922 --> 0.614930).  Saving model ...
Updating learning rate to 4.304672100000001e-05
	iters: 100, epoch: 12 | loss: 0.6935447
	speed: 0.2954s/iter; left time: 7437.2845s
	iters: 200, epoch: 12 | loss: 0.5621820
	speed: 0.1277s/iter; left time: 3201.5733s
Epoch: 12 cost time: 36.280604124069214
Epoch: 12, Steps: 284 | Train Loss: 0.6322616 Vali Loss: 0.6104777 Test Loss: 0.2618406
Validation loss decreased (0.614930 --> 0.610478).  Saving model ...
Updating learning rate to 3.874204890000001e-05
	iters: 100, epoch: 13 | loss: 0.7395495
	speed: 0.2961s/iter; left time: 7371.5050s
	iters: 200, epoch: 13 | loss: 0.5450454
	speed: 0.1277s/iter; left time: 3166.1351s
Epoch: 13 cost time: 36.37217903137207
Epoch: 13, Steps: 284 | Train Loss: 0.6284320 Vali Loss: 0.6072912 Test Loss: 0.2605695
Validation loss decreased (0.610478 --> 0.607291).  Saving model ...
Updating learning rate to 3.486784401000001e-05
	iters: 100, epoch: 14 | loss: 0.5403265
	speed: 0.2951s/iter; left time: 7261.7505s
	iters: 200, epoch: 14 | loss: 0.7112814
	speed: 0.1277s/iter; left time: 3128.6710s
Epoch: 14 cost time: 36.27434158325195
Epoch: 14, Steps: 284 | Train Loss: 0.6248485 Vali Loss: 0.6041945 Test Loss: 0.2594048
Validation loss decreased (0.607291 --> 0.604195).  Saving model ...
Updating learning rate to 3.138105960900001e-05
	iters: 100, epoch: 15 | loss: 0.6262161
	speed: 0.2952s/iter; left time: 7180.2921s
	iters: 200, epoch: 15 | loss: 0.5341000
	speed: 0.1277s/iter; left time: 3093.4761s
Epoch: 15 cost time: 36.279620885849
Epoch: 15, Steps: 284 | Train Loss: 0.6217610 Vali Loss: 0.6020708 Test Loss: 0.2583584
Validation loss decreased (0.604195 --> 0.602071).  Saving model ...
Updating learning rate to 2.824295364810001e-05
	iters: 100, epoch: 16 | loss: 0.5777933
	speed: 0.2952s/iter; left time: 7096.7501s
	iters: 200, epoch: 16 | loss: 0.5051966
	speed: 0.1277s/iter; left time: 3057.0963s
Epoch: 16 cost time: 36.27580761909485
Epoch: 16, Steps: 284 | Train Loss: 0.6189085 Vali Loss: 0.5968076 Test Loss: 0.2574078
Validation loss decreased (0.602071 --> 0.596808).  Saving model ...
Updating learning rate to 2.541865828329001e-05
	iters: 100, epoch: 17 | loss: 0.7193677
	speed: 0.2951s/iter; left time: 7011.3252s
	iters: 200, epoch: 17 | loss: 0.5930950
	speed: 0.1276s/iter; left time: 3019.0604s
Epoch: 17 cost time: 36.264832973480225
Epoch: 17, Steps: 284 | Train Loss: 0.6163959 Vali Loss: 0.5971587 Test Loss: 0.2565600
EarlyStopping counter: 1 out of 20
Updating learning rate to 2.287679245496101e-05
	iters: 100, epoch: 18 | loss: 0.7101332
	speed: 0.2944s/iter; left time: 6910.0560s
	iters: 200, epoch: 18 | loss: 0.5076790
	speed: 0.1277s/iter; left time: 2984.0302s
Epoch: 18 cost time: 36.289437770843506
Epoch: 18, Steps: 284 | Train Loss: 0.6140746 Vali Loss: 0.5943857 Test Loss: 0.2558061
Validation loss decreased (0.596808 --> 0.594386).  Saving model ...
Updating learning rate to 2.0589113209464907e-05
	iters: 100, epoch: 19 | loss: 0.5379339
	speed: 0.2958s/iter; left time: 6859.8369s
	iters: 200, epoch: 19 | loss: 0.4809788
	speed: 0.1277s/iter; left time: 2948.8063s
Epoch: 19 cost time: 36.2867796421051
Epoch: 19, Steps: 284 | Train Loss: 0.6118249 Vali Loss: 0.5910081 Test Loss: 0.2551195
Validation loss decreased (0.594386 --> 0.591008).  Saving model ...
Updating learning rate to 1.8530201888518416e-05
	iters: 100, epoch: 20 | loss: 0.6723521
	speed: 0.2952s/iter; left time: 6761.8410s
	iters: 200, epoch: 20 | loss: 0.6731451
	speed: 0.1277s/iter; left time: 2912.5227s
Epoch: 20 cost time: 36.28412747383118
Epoch: 20, Steps: 284 | Train Loss: 0.6102480 Vali Loss: 0.5892500 Test Loss: 0.2544983
Validation loss decreased (0.591008 --> 0.589250).  Saving model ...
Updating learning rate to 1.6677181699666577e-05
	iters: 100, epoch: 21 | loss: 0.6234258
	speed: 0.2952s/iter; left time: 6677.8581s
	iters: 200, epoch: 21 | loss: 0.5443870
	speed: 0.1277s/iter; left time: 2875.8968s
Epoch: 21 cost time: 36.28177213668823
Epoch: 21, Steps: 284 | Train Loss: 0.6086805 Vali Loss: 0.5903514 Test Loss: 0.2539432
EarlyStopping counter: 1 out of 20
Updating learning rate to 1.5009463529699919e-05
	iters: 100, epoch: 22 | loss: 0.5047428
	speed: 0.2947s/iter; left time: 6582.0214s
	iters: 200, epoch: 22 | loss: 0.5979965
	speed: 0.1277s/iter; left time: 2840.6814s
Epoch: 22 cost time: 36.2850706577301
Epoch: 22, Steps: 284 | Train Loss: 0.6071525 Vali Loss: 0.5879110 Test Loss: 0.2534581
Validation loss decreased (0.589250 --> 0.587911).  Saving model ...
Updating learning rate to 1.3508517176729929e-05
	iters: 100, epoch: 23 | loss: 0.5271143
	speed: 0.2957s/iter; left time: 6520.2297s
	iters: 200, epoch: 23 | loss: 0.5226967
	speed: 0.1277s/iter; left time: 2803.9382s
Epoch: 23 cost time: 36.29078817367554
Epoch: 23, Steps: 284 | Train Loss: 0.6058700 Vali Loss: 0.5858908 Test Loss: 0.2530141
Validation loss decreased (0.587911 --> 0.585891).  Saving model ...
Updating learning rate to 1.2157665459056936e-05
	iters: 100, epoch: 24 | loss: 0.8874930
	speed: 0.2952s/iter; left time: 6425.6083s
	iters: 200, epoch: 24 | loss: 0.5508289
	speed: 0.1278s/iter; left time: 2768.4585s
Epoch: 24 cost time: 36.2818706035614
Epoch: 24, Steps: 284 | Train Loss: 0.6047196 Vali Loss: 0.5839398 Test Loss: 0.2526177
Validation loss decreased (0.585891 --> 0.583940).  Saving model ...
Updating learning rate to 1.0941898913151242e-05
	iters: 100, epoch: 25 | loss: 0.6383648
	speed: 0.2954s/iter; left time: 6345.9025s
	iters: 200, epoch: 25 | loss: 0.5388193
	speed: 0.1278s/iter; left time: 2733.0763s
Epoch: 25 cost time: 36.29417276382446
Epoch: 25, Steps: 284 | Train Loss: 0.6037150 Vali Loss: 0.5844033 Test Loss: 0.2522523
EarlyStopping counter: 1 out of 20
Updating learning rate to 9.847709021836118e-06
	iters: 100, epoch: 26 | loss: 0.5373121
	speed: 0.2941s/iter; left time: 6235.2706s
	iters: 200, epoch: 26 | loss: 0.8386320
	speed: 0.1279s/iter; left time: 2699.5910s
Epoch: 26 cost time: 36.31985521316528
Epoch: 26, Steps: 284 | Train Loss: 0.6027104 Vali Loss: 0.5827519 Test Loss: 0.2519284
Validation loss decreased (0.583940 --> 0.582752).  Saving model ...
Updating learning rate to 8.862938119652508e-06
	iters: 100, epoch: 27 | loss: 0.5204607
	speed: 0.2957s/iter; left time: 6185.0748s
	iters: 200, epoch: 27 | loss: 0.4866178
	speed: 0.1280s/iter; left time: 2665.2773s
Epoch: 27 cost time: 36.364338636398315
Epoch: 27, Steps: 284 | Train Loss: 0.6017787 Vali Loss: 0.5818805 Test Loss: 0.2516255
Validation loss decreased (0.582752 --> 0.581880).  Saving model ...
Updating learning rate to 7.976644307687255e-06
	iters: 100, epoch: 28 | loss: 0.4620955
	speed: 0.2957s/iter; left time: 6101.7021s
	iters: 200, epoch: 28 | loss: 0.6406076
	speed: 0.1281s/iter; left time: 2629.5476s
Epoch: 28 cost time: 36.36520075798035
Epoch: 28, Steps: 284 | Train Loss: 0.6010548 Vali Loss: 0.5829148 Test Loss: 0.2513614
EarlyStopping counter: 1 out of 20
Updating learning rate to 7.178979876918531e-06
	iters: 100, epoch: 29 | loss: 0.8547683
	speed: 0.2949s/iter; left time: 6001.4416s
	iters: 200, epoch: 29 | loss: 0.4625751
	speed: 0.1281s/iter; left time: 2593.4440s
Epoch: 29 cost time: 36.35794687271118
Epoch: 29, Steps: 284 | Train Loss: 0.6003756 Vali Loss: 0.5807694 Test Loss: 0.2511235
Validation loss decreased (0.581880 --> 0.580769).  Saving model ...
Updating learning rate to 6.4610818892266776e-06
	iters: 100, epoch: 30 | loss: 0.4901029
	speed: 0.2956s/iter; left time: 5931.9619s
	iters: 200, epoch: 30 | loss: 0.5291284
	speed: 0.1280s/iter; left time: 2556.3389s
Epoch: 30 cost time: 36.364753007888794
Epoch: 30, Steps: 284 | Train Loss: 0.5997246 Vali Loss: 0.5807506 Test Loss: 0.2509060
Validation loss decreased (0.580769 --> 0.580751).  Saving model ...
Updating learning rate to 5.8149737003040096e-06
	iters: 100, epoch: 31 | loss: 0.5418395
	speed: 0.2956s/iter; left time: 5847.3002s
	iters: 200, epoch: 31 | loss: 0.5352719
	speed: 0.1280s/iter; left time: 2519.9617s
Epoch: 31 cost time: 36.372015714645386
Epoch: 31, Steps: 284 | Train Loss: 0.5992380 Vali Loss: 0.5801460 Test Loss: 0.2507179
Validation loss decreased (0.580751 --> 0.580146).  Saving model ...
Updating learning rate to 5.23347633027361e-06
	iters: 100, epoch: 32 | loss: 0.5429692
	speed: 0.2957s/iter; left time: 5764.8478s
	iters: 200, epoch: 32 | loss: 0.6767099
	speed: 0.1280s/iter; left time: 2483.5546s
Epoch: 32 cost time: 36.3592483997345
Epoch: 32, Steps: 284 | Train Loss: 0.5987193 Vali Loss: 0.5807013 Test Loss: 0.2505456
EarlyStopping counter: 1 out of 20
Updating learning rate to 4.710128697246249e-06
	iters: 100, epoch: 33 | loss: 0.4681477
	speed: 0.2950s/iter; left time: 5668.0038s
	iters: 200, epoch: 33 | loss: 0.6709831
	speed: 0.1281s/iter; left time: 2447.7566s
Epoch: 33 cost time: 36.362627029418945
Epoch: 33, Steps: 284 | Train Loss: 0.5982363 Vali Loss: 0.5793333 Test Loss: 0.2503883
Validation loss decreased (0.580146 --> 0.579333).  Saving model ...
Updating learning rate to 4.239115827521624e-06
	iters: 100, epoch: 34 | loss: 0.7304825
	speed: 0.2958s/iter; left time: 5598.6090s
	iters: 200, epoch: 34 | loss: 0.4825670
	speed: 0.1281s/iter; left time: 2411.9045s
Epoch: 34 cost time: 36.377639055252075
Epoch: 34, Steps: 284 | Train Loss: 0.5977721 Vali Loss: 0.5798097 Test Loss: 0.2502438
EarlyStopping counter: 1 out of 20
Updating learning rate to 3.815204244769462e-06
	iters: 100, epoch: 35 | loss: 0.5265275
	speed: 0.2953s/iter; left time: 5505.2091s
	iters: 200, epoch: 35 | loss: 0.5229961
	speed: 0.1280s/iter; left time: 2373.8622s
Epoch: 35 cost time: 36.372960805892944
Epoch: 35, Steps: 284 | Train Loss: 0.5969782 Vali Loss: 0.5786248 Test Loss: 0.2501212
Validation loss decreased (0.579333 --> 0.578625).  Saving model ...
Updating learning rate to 3.4336838202925152e-06
	iters: 100, epoch: 36 | loss: 0.7279276
	speed: 0.2962s/iter; left time: 5438.1909s
	iters: 200, epoch: 36 | loss: 0.6448969
	speed: 0.1280s/iter; left time: 2337.8394s
Epoch: 36 cost time: 36.36318302154541
Epoch: 36, Steps: 284 | Train Loss: 0.5970872 Vali Loss: 0.5762691 Test Loss: 0.2500071
Validation loss decreased (0.578625 --> 0.576269).  Saving model ...
Updating learning rate to 3.090315438263264e-06
	iters: 100, epoch: 37 | loss: 0.4407505
	speed: 0.2955s/iter; left time: 5341.6060s
	iters: 200, epoch: 37 | loss: 0.5118823
	speed: 0.1280s/iter; left time: 2301.6004s
Epoch: 37 cost time: 36.35991930961609
Epoch: 37, Steps: 284 | Train Loss: 0.5967609 Vali Loss: 0.5785818 Test Loss: 0.2499059
EarlyStopping counter: 1 out of 20
Updating learning rate to 2.7812838944369375e-06
	iters: 100, epoch: 38 | loss: 0.5654672
	speed: 0.2951s/iter; left time: 5250.1224s
	iters: 200, epoch: 38 | loss: 0.6539969
	speed: 0.1280s/iter; left time: 2265.5503s
Epoch: 38 cost time: 36.36293625831604
Epoch: 38, Steps: 284 | Train Loss: 0.5964282 Vali Loss: 0.5752958 Test Loss: 0.2498115
Validation loss decreased (0.576269 --> 0.575296).  Saving model ...
Updating learning rate to 2.503155504993244e-06
	iters: 100, epoch: 39 | loss: 0.5059139
	speed: 0.2957s/iter; left time: 5178.1235s
	iters: 200, epoch: 39 | loss: 0.6936529
	speed: 0.1280s/iter; left time: 2228.8038s
Epoch: 39 cost time: 36.37208414077759
Epoch: 39, Steps: 284 | Train Loss: 0.5963114 Vali Loss: 0.5748389 Test Loss: 0.2497303
Validation loss decreased (0.575296 --> 0.574839).  Saving model ...
Updating learning rate to 2.2528399544939195e-06
	iters: 100, epoch: 40 | loss: 0.5873091
	speed: 0.2978s/iter; left time: 5128.7675s
	iters: 200, epoch: 40 | loss: 0.4911507
	speed: 0.1280s/iter; left time: 2191.8789s
Epoch: 40 cost time: 36.362048387527466
Epoch: 40, Steps: 284 | Train Loss: 0.5961091 Vali Loss: 0.5786493 Test Loss: 0.2496548
EarlyStopping counter: 1 out of 20
Updating learning rate to 2.0275559590445276e-06
	iters: 100, epoch: 41 | loss: 0.5344298
	speed: 0.2950s/iter; left time: 4998.1264s
	iters: 200, epoch: 41 | loss: 0.5993175
	speed: 0.1280s/iter; left time: 2155.8162s
Epoch: 41 cost time: 36.3580060005188
Epoch: 41, Steps: 284 | Train Loss: 0.5958627 Vali Loss: 0.5761195 Test Loss: 0.2495902
EarlyStopping counter: 2 out of 20
Updating learning rate to 1.8248003631400751e-06
	iters: 100, epoch: 42 | loss: 0.6558565
	speed: 0.2951s/iter; left time: 4915.1014s
	iters: 200, epoch: 42 | loss: 0.6271694
	speed: 0.1280s/iter; left time: 2119.2752s
Epoch: 42 cost time: 36.36409544944763
Epoch: 42, Steps: 284 | Train Loss: 0.5957349 Vali Loss: 0.5783465 Test Loss: 0.2495285
EarlyStopping counter: 3 out of 20
Updating learning rate to 1.6423203268260676e-06
	iters: 100, epoch: 43 | loss: 0.6479180
	speed: 0.2951s/iter; left time: 4831.2083s
	iters: 200, epoch: 43 | loss: 0.5301144
	speed: 0.1280s/iter; left time: 2082.9764s
Epoch: 43 cost time: 36.35868811607361
Epoch: 43, Steps: 284 | Train Loss: 0.5955169 Vali Loss: 0.5760469 Test Loss: 0.2494749
EarlyStopping counter: 4 out of 20
Updating learning rate to 1.4780882941434609e-06
	iters: 100, epoch: 44 | loss: 0.5366700
	speed: 0.2950s/iter; left time: 4746.9924s
	iters: 200, epoch: 44 | loss: 0.5296106
	speed: 0.1280s/iter; left time: 2046.5096s
Epoch: 44 cost time: 36.35915780067444
Epoch: 44, Steps: 284 | Train Loss: 0.5953004 Vali Loss: 0.5764834 Test Loss: 0.2494281
EarlyStopping counter: 5 out of 20
Updating learning rate to 1.3302794647291146e-06
	iters: 100, epoch: 45 | loss: 0.6312145
	speed: 0.2949s/iter; left time: 4661.2684s
	iters: 200, epoch: 45 | loss: 0.6497324
	speed: 0.1280s/iter; left time: 2009.5110s
Epoch: 45 cost time: 36.356871604919434
Epoch: 45, Steps: 284 | Train Loss: 0.5952910 Vali Loss: 0.5769867 Test Loss: 0.2493841
EarlyStopping counter: 6 out of 20
Updating learning rate to 1.1972515182562034e-06
	iters: 100, epoch: 46 | loss: 0.4904831
	speed: 0.2951s/iter; left time: 4580.6530s
	iters: 200, epoch: 46 | loss: 0.5864547
	speed: 0.1280s/iter; left time: 1974.0031s
Epoch: 46 cost time: 36.36056423187256
Epoch: 46, Steps: 284 | Train Loss: 0.5951919 Vali Loss: 0.5763560 Test Loss: 0.2493400
EarlyStopping counter: 7 out of 20
Updating learning rate to 1.077526366430583e-06
	iters: 100, epoch: 47 | loss: 0.7893643
	speed: 0.2952s/iter; left time: 4498.7110s
	iters: 200, epoch: 47 | loss: 0.5495045
	speed: 0.1280s/iter; left time: 1937.3415s
Epoch: 47 cost time: 36.36578130722046
Epoch: 47, Steps: 284 | Train Loss: 0.5946966 Vali Loss: 0.5759874 Test Loss: 0.2493083
EarlyStopping counter: 8 out of 20
Updating learning rate to 9.697737297875248e-07
	iters: 100, epoch: 48 | loss: 0.4696305
	speed: 0.2953s/iter; left time: 4416.2931s
	iters: 200, epoch: 48 | loss: 0.7983624
	speed: 0.1280s/iter; left time: 1901.0054s
Epoch: 48 cost time: 36.351839780807495
Epoch: 48, Steps: 284 | Train Loss: 0.5950188 Vali Loss: 0.5769181 Test Loss: 0.2492762
EarlyStopping counter: 9 out of 20
Updating learning rate to 8.727963568087723e-07
	iters: 100, epoch: 49 | loss: 0.5732428
	speed: 0.2954s/iter; left time: 4332.9953s
	iters: 200, epoch: 49 | loss: 0.5366555
	speed: 0.1280s/iter; left time: 1864.8869s
Epoch: 49 cost time: 36.355613231658936
Epoch: 49, Steps: 284 | Train Loss: 0.5948753 Vali Loss: 0.5758191 Test Loss: 0.2492449
EarlyStopping counter: 10 out of 20
Updating learning rate to 7.855167211278951e-07
	iters: 100, epoch: 50 | loss: 0.6453044
	speed: 0.2954s/iter; left time: 4248.7410s
	iters: 200, epoch: 50 | loss: 0.5152158
	speed: 0.1280s/iter; left time: 1828.3189s
Epoch: 50 cost time: 36.356433153152466
Epoch: 50, Steps: 284 | Train Loss: 0.5947821 Vali Loss: 0.5764392 Test Loss: 0.2492200
EarlyStopping counter: 11 out of 20
Updating learning rate to 7.069650490151056e-07
	iters: 100, epoch: 51 | loss: 0.5996606
	speed: 0.2955s/iter; left time: 4166.4935s
	iters: 200, epoch: 51 | loss: 0.6699533
	speed: 0.1280s/iter; left time: 1791.7710s
Epoch: 51 cost time: 36.348468542099
Epoch: 51, Steps: 284 | Train Loss: 0.5946917 Vali Loss: 0.5754620 Test Loss: 0.2491949
EarlyStopping counter: 12 out of 20
Updating learning rate to 6.36268544113595e-07
	iters: 100, epoch: 52 | loss: 0.6675368
	speed: 0.2956s/iter; left time: 4084.8627s
	iters: 200, epoch: 52 | loss: 0.6228302
	speed: 0.1279s/iter; left time: 1755.0487s
Epoch: 52 cost time: 36.352365493774414
Epoch: 52, Steps: 284 | Train Loss: 0.5946221 Vali Loss: 0.5754251 Test Loss: 0.2491746
EarlyStopping counter: 13 out of 20
Updating learning rate to 5.726416897022355e-07
	iters: 100, epoch: 53 | loss: 0.5784365
	speed: 0.2955s/iter; left time: 3999.4180s
	iters: 200, epoch: 53 | loss: 0.4920655
	speed: 0.1280s/iter; left time: 1718.8502s
Epoch: 53 cost time: 36.338722705841064
Epoch: 53, Steps: 284 | Train Loss: 0.5946418 Vali Loss: 0.5761122 Test Loss: 0.2491577
EarlyStopping counter: 14 out of 20
Updating learning rate to 5.15377520732012e-07
	iters: 100, epoch: 54 | loss: 0.5472015
	speed: 0.2954s/iter; left time: 3913.7502s
	iters: 200, epoch: 54 | loss: 0.5724391
	speed: 0.1280s/iter; left time: 1682.5904s
Epoch: 54 cost time: 36.352447509765625
Epoch: 54, Steps: 284 | Train Loss: 0.5945670 Vali Loss: 0.5766734 Test Loss: 0.2491392
EarlyStopping counter: 15 out of 20
Updating learning rate to 4.6383976865881085e-07
	iters: 100, epoch: 55 | loss: 0.6324114
	speed: 0.2952s/iter; left time: 3827.1825s
	iters: 200, epoch: 55 | loss: 0.5282426
	speed: 0.1280s/iter; left time: 1646.7799s
Epoch: 55 cost time: 36.35811924934387
Epoch: 55, Steps: 284 | Train Loss: 0.5944851 Vali Loss: 0.5760747 Test Loss: 0.2491273
EarlyStopping counter: 16 out of 20
Updating learning rate to 4.174557917929298e-07
	iters: 100, epoch: 56 | loss: 0.6150896
	speed: 0.2953s/iter; left time: 3744.1093s
	iters: 200, epoch: 56 | loss: 0.5359175
	speed: 0.1281s/iter; left time: 1611.0701s
Epoch: 56 cost time: 36.38080906867981
Epoch: 56, Steps: 284 | Train Loss: 0.5944840 Vali Loss: 0.5755490 Test Loss: 0.2491118
EarlyStopping counter: 17 out of 20
Updating learning rate to 3.7571021261363677e-07
	iters: 100, epoch: 57 | loss: 0.7383009
	speed: 0.2954s/iter; left time: 3661.8853s
	iters: 200, epoch: 57 | loss: 0.4815417
	speed: 0.1270s/iter; left time: 1561.5980s
Epoch: 57 cost time: 36.167425870895386
Epoch: 57, Steps: 284 | Train Loss: 0.5944727 Vali Loss: 0.5747195 Test Loss: 0.2491010
Validation loss decreased (0.574839 --> 0.574719).  Saving model ...
Updating learning rate to 3.381391913522731e-07
	iters: 100, epoch: 58 | loss: 0.6323999
	speed: 0.2939s/iter; left time: 3560.1175s
	iters: 200, epoch: 58 | loss: 0.7514544
	speed: 0.1279s/iter; left time: 1536.1049s
Epoch: 58 cost time: 36.238816261291504
Epoch: 58, Steps: 284 | Train Loss: 0.5943965 Vali Loss: 0.5772982 Test Loss: 0.2490851
EarlyStopping counter: 1 out of 20
Updating learning rate to 3.043252722170458e-07
	iters: 100, epoch: 59 | loss: 0.5579516
	speed: 0.2946s/iter; left time: 3484.9844s
	iters: 200, epoch: 59 | loss: 0.6335770
	speed: 0.1278s/iter; left time: 1498.8521s
Epoch: 59 cost time: 36.295854568481445
Epoch: 59, Steps: 284 | Train Loss: 0.5944004 Vali Loss: 0.5765631 Test Loss: 0.2490765
EarlyStopping counter: 2 out of 20
Updating learning rate to 2.7389274499534124e-07
	iters: 100, epoch: 60 | loss: 0.5016276
	speed: 0.2945s/iter; left time: 3400.3024s
	iters: 200, epoch: 60 | loss: 0.4858189
	speed: 0.1277s/iter; left time: 1461.9790s
Epoch: 60 cost time: 36.28715205192566
Epoch: 60, Steps: 284 | Train Loss: 0.5942305 Vali Loss: 0.5736265 Test Loss: 0.2490685
Validation loss decreased (0.574719 --> 0.573627).  Saving model ...
Updating learning rate to 2.465034704958071e-07
	iters: 100, epoch: 61 | loss: 0.7035920
	speed: 0.2950s/iter; left time: 3321.8812s
	iters: 200, epoch: 61 | loss: 0.7508586
	speed: 0.1277s/iter; left time: 1424.8424s
Epoch: 61 cost time: 36.28656005859375
Epoch: 61, Steps: 284 | Train Loss: 0.5939145 Vali Loss: 0.5755915 Test Loss: 0.2490630
EarlyStopping counter: 1 out of 20
Updating learning rate to 2.218531234462264e-07
	iters: 100, epoch: 62 | loss: 0.6729760
	speed: 0.2946s/iter; left time: 3234.3571s
	iters: 200, epoch: 62 | loss: 0.4893604
	speed: 0.1277s/iter; left time: 1389.0893s
Epoch: 62 cost time: 36.287816286087036
Epoch: 62, Steps: 284 | Train Loss: 0.5943108 Vali Loss: 0.5743670 Test Loss: 0.2490553
EarlyStopping counter: 2 out of 20
Updating learning rate to 1.9966781110160376e-07
	iters: 100, epoch: 63 | loss: 0.6512596
	speed: 0.2947s/iter; left time: 3150.7874s
	iters: 200, epoch: 63 | loss: 0.5762182
	speed: 0.1277s/iter; left time: 1352.7686s
Epoch: 63 cost time: 36.291918992996216
Epoch: 63, Steps: 284 | Train Loss: 0.5943568 Vali Loss: 0.5758361 Test Loss: 0.2490482
EarlyStopping counter: 3 out of 20
Updating learning rate to 1.797010299914434e-07
	iters: 100, epoch: 64 | loss: 0.4892962
	speed: 0.2949s/iter; left time: 3069.7622s
	iters: 200, epoch: 64 | loss: 0.4816046
	speed: 0.1277s/iter; left time: 1316.0338s
Epoch: 64 cost time: 36.27775955200195
Epoch: 64, Steps: 284 | Train Loss: 0.5942590 Vali Loss: 0.5749248 Test Loss: 0.2490395
EarlyStopping counter: 4 out of 20
Updating learning rate to 1.6173092699229907e-07
	iters: 100, epoch: 65 | loss: 0.6032323
	speed: 0.2949s/iter; left time: 2986.0692s
	iters: 200, epoch: 65 | loss: 0.5498862
	speed: 0.1277s/iter; left time: 1279.9914s
Epoch: 65 cost time: 36.27831840515137
Epoch: 65, Steps: 284 | Train Loss: 0.5943352 Vali Loss: 0.5767728 Test Loss: 0.2490342
EarlyStopping counter: 5 out of 20
Updating learning rate to 1.4555783429306916e-07
	iters: 100, epoch: 66 | loss: 0.7680064
	speed: 0.2952s/iter; left time: 2905.0388s
	iters: 200, epoch: 66 | loss: 0.6510554
	speed: 0.1277s/iter; left time: 1243.4735s
Epoch: 66 cost time: 36.26088523864746
Epoch: 66, Steps: 284 | Train Loss: 0.5941903 Vali Loss: 0.5777887 Test Loss: 0.2490322
EarlyStopping counter: 6 out of 20
Updating learning rate to 1.3100205086376224e-07
	iters: 100, epoch: 67 | loss: 0.9933370
	speed: 0.2954s/iter; left time: 2823.0200s
	iters: 200, epoch: 67 | loss: 0.5555357
	speed: 0.1277s/iter; left time: 1207.8126s
Epoch: 67 cost time: 36.27406024932861
Epoch: 67, Steps: 284 | Train Loss: 0.5942259 Vali Loss: 0.5760549 Test Loss: 0.2490274
EarlyStopping counter: 7 out of 20
Updating learning rate to 1.1790184577738603e-07
	iters: 100, epoch: 68 | loss: 0.4899423
	speed: 0.2955s/iter; left time: 2739.9793s
	iters: 200, epoch: 68 | loss: 0.6179848
	speed: 0.1277s/iter; left time: 1171.7686s
Epoch: 68 cost time: 36.283191442489624
Epoch: 68, Steps: 284 | Train Loss: 0.5942486 Vali Loss: 0.5716714 Test Loss: 0.2490252
Validation loss decreased (0.573627 --> 0.571671).  Saving model ...
Updating learning rate to 1.0611166119964742e-07
	iters: 100, epoch: 69 | loss: 0.5718874
	speed: 0.2968s/iter; left time: 2667.7517s
	iters: 200, epoch: 69 | loss: 0.5982933
	speed: 0.1277s/iter; left time: 1135.3896s
Epoch: 69 cost time: 36.297077655792236
Epoch: 69, Steps: 284 | Train Loss: 0.5942059 Vali Loss: 0.5757238 Test Loss: 0.2490181
EarlyStopping counter: 1 out of 20
Updating learning rate to 9.550049507968268e-08
	iters: 100, epoch: 70 | loss: 0.6041098
	speed: 0.2942s/iter; left time: 2560.9120s
	iters: 200, epoch: 70 | loss: 0.5551765
	speed: 0.1268s/iter; left time: 1091.0234s
Epoch: 70 cost time: 36.025283098220825
Epoch: 70, Steps: 284 | Train Loss: 0.5937467 Vali Loss: 0.5737505 Test Loss: 0.2490208
EarlyStopping counter: 2 out of 20
Updating learning rate to 8.595044557171442e-08
	iters: 100, epoch: 71 | loss: 0.8243724
	speed: 0.2930s/iter; left time: 2467.6249s
	iters: 200, epoch: 71 | loss: 0.5147465
	speed: 0.1267s/iter; left time: 1054.3326s
Epoch: 71 cost time: 36.006529331207275
Epoch: 71, Steps: 284 | Train Loss: 0.5942041 Vali Loss: 0.5745434 Test Loss: 0.2490191
EarlyStopping counter: 3 out of 20
Updating learning rate to 7.735540101454298e-08
	iters: 100, epoch: 72 | loss: 0.4826073
	speed: 0.2930s/iter; left time: 2384.0526s
	iters: 200, epoch: 72 | loss: 0.5405183
	speed: 0.1268s/iter; left time: 1018.7660s
Epoch: 72 cost time: 36.02049160003662
Epoch: 72, Steps: 284 | Train Loss: 0.5942557 Vali Loss: 0.5768297 Test Loss: 0.2490156
EarlyStopping counter: 4 out of 20
Updating learning rate to 6.961986091308869e-08
	iters: 100, epoch: 73 | loss: 0.6640589
	speed: 0.2929s/iter; left time: 2300.3780s
	iters: 200, epoch: 73 | loss: 0.4415339
	speed: 0.1267s/iter; left time: 982.6389s
Epoch: 73 cost time: 36.067357301712036
Epoch: 73, Steps: 284 | Train Loss: 0.5942121 Vali Loss: 0.5759193 Test Loss: 0.2490118
EarlyStopping counter: 5 out of 20
Updating learning rate to 6.265787482177981e-08
	iters: 100, epoch: 74 | loss: 0.5374581
	speed: 0.2947s/iter; left time: 2230.5917s
	iters: 200, epoch: 74 | loss: 0.6621634
	speed: 0.1278s/iter; left time: 954.4852s
Epoch: 74 cost time: 36.319744348526
Epoch: 74, Steps: 284 | Train Loss: 0.5940806 Vali Loss: 0.5749561 Test Loss: 0.2490140
EarlyStopping counter: 6 out of 20
Updating learning rate to 5.639208733960184e-08
	iters: 100, epoch: 75 | loss: 0.4716090
	speed: 0.2949s/iter; left time: 2148.3308s
	iters: 200, epoch: 75 | loss: 0.7483590
	speed: 0.1277s/iter; left time: 917.8397s
Epoch: 75 cost time: 36.29968571662903
Epoch: 75, Steps: 284 | Train Loss: 0.5941318 Vali Loss: 0.5766532 Test Loss: 0.2490099
EarlyStopping counter: 7 out of 20
Updating learning rate to 5.075287860564165e-08
	iters: 100, epoch: 76 | loss: 0.7477552
	speed: 0.2947s/iter; left time: 2063.0277s
	iters: 200, epoch: 76 | loss: 0.6129176
	speed: 0.1278s/iter; left time: 881.9083s
Epoch: 76 cost time: 36.30493187904358
Epoch: 76, Steps: 284 | Train Loss: 0.5941668 Vali Loss: 0.5758100 Test Loss: 0.2490120
EarlyStopping counter: 8 out of 20
Updating learning rate to 4.567759074507749e-08
	iters: 100, epoch: 77 | loss: 0.5979572
	speed: 0.2947s/iter; left time: 1979.5301s
	iters: 200, epoch: 77 | loss: 0.6420613
	speed: 0.1279s/iter; left time: 846.0053s
Epoch: 77 cost time: 36.302210569381714
Epoch: 77, Steps: 284 | Train Loss: 0.5940843 Vali Loss: 0.5743134 Test Loss: 0.2490130
EarlyStopping counter: 9 out of 20
Updating learning rate to 4.1109831670569744e-08
	iters: 100, epoch: 78 | loss: 0.5069911
	speed: 0.2946s/iter; left time: 1895.3676s
	iters: 200, epoch: 78 | loss: 0.5380813
	speed: 0.1278s/iter; left time: 809.6335s
Epoch: 78 cost time: 36.294522523880005
Epoch: 78, Steps: 284 | Train Loss: 0.5941268 Vali Loss: 0.5752255 Test Loss: 0.2490047
EarlyStopping counter: 10 out of 20
Updating learning rate to 3.6998848503512764e-08
	iters: 100, epoch: 79 | loss: 0.4975302
	speed: 0.2946s/iter; left time: 1811.6521s
	iters: 200, epoch: 79 | loss: 0.5258826
	speed: 0.1279s/iter; left time: 773.7064s
Epoch: 79 cost time: 36.29366683959961
Epoch: 79, Steps: 284 | Train Loss: 0.5941592 Vali Loss: 0.5773715 Test Loss: 0.2490049
EarlyStopping counter: 11 out of 20
Updating learning rate to 3.3298963653161496e-08
	iters: 100, epoch: 80 | loss: 0.6356015
	speed: 0.2947s/iter; left time: 1728.1547s
	iters: 200, epoch: 80 | loss: 0.4898563
	speed: 0.1279s/iter; left time: 737.5643s
Epoch: 80 cost time: 36.2953724861145
Epoch: 80, Steps: 284 | Train Loss: 0.5941096 Vali Loss: 0.5756173 Test Loss: 0.2490073
EarlyStopping counter: 12 out of 20
Updating learning rate to 2.996906728784534e-08
	iters: 100, epoch: 81 | loss: 0.6601597
	speed: 0.2944s/iter; left time: 1643.2678s
	iters: 200, epoch: 81 | loss: 0.6622305
	speed: 0.1279s/iter; left time: 700.9447s
Epoch: 81 cost time: 36.29803657531738
Epoch: 81, Steps: 284 | Train Loss: 0.5941791 Vali Loss: 0.5746452 Test Loss: 0.2490050
EarlyStopping counter: 13 out of 20
Updating learning rate to 2.697216055906081e-08
	iters: 100, epoch: 82 | loss: 0.5817707
	speed: 0.2953s/iter; left time: 1564.1400s
	iters: 200, epoch: 82 | loss: 0.5398181
	speed: 0.1280s/iter; left time: 665.0709s
Epoch: 82 cost time: 36.39645075798035
Epoch: 82, Steps: 284 | Train Loss: 0.5942277 Vali Loss: 0.5746300 Test Loss: 0.2490019
EarlyStopping counter: 14 out of 20
Updating learning rate to 2.427494450315473e-08
	iters: 100, epoch: 83 | loss: 0.5636255
	speed: 0.2950s/iter; left time: 1478.6727s
	iters: 200, epoch: 83 | loss: 0.7304026
	speed: 0.1279s/iter; left time: 628.5096s
Epoch: 83 cost time: 36.30825996398926
Epoch: 83, Steps: 284 | Train Loss: 0.5941343 Vali Loss: 0.5752253 Test Loss: 0.2490058
EarlyStopping counter: 15 out of 20
Updating learning rate to 2.1847450052839257e-08
	iters: 100, epoch: 84 | loss: 0.4818009
	speed: 0.2950s/iter; left time: 1394.8537s
	iters: 200, epoch: 84 | loss: 0.5101637
	speed: 0.1280s/iter; left time: 592.3361s
Epoch: 84 cost time: 36.31140089035034
Epoch: 84, Steps: 284 | Train Loss: 0.5941654 Vali Loss: 0.5748560 Test Loss: 0.2490044
EarlyStopping counter: 16 out of 20
Updating learning rate to 1.9662705047555332e-08
	iters: 100, epoch: 85 | loss: 0.4851709
	speed: 0.2950s/iter; left time: 1311.0544s
	iters: 200, epoch: 85 | loss: 0.5179619
	speed: 0.1279s/iter; left time: 555.7595s
Epoch: 85 cost time: 36.315016984939575
Epoch: 85, Steps: 284 | Train Loss: 0.5941158 Vali Loss: 0.5751289 Test Loss: 0.2490010
EarlyStopping counter: 17 out of 20
Updating learning rate to 1.7696434542799797e-08
	iters: 100, epoch: 86 | loss: 0.5215517
	speed: 0.2948s/iter; left time: 1226.5231s
	iters: 200, epoch: 86 | loss: 0.5109212
	speed: 0.1278s/iter; left time: 519.0447s
Epoch: 86 cost time: 36.30507206916809
Epoch: 86, Steps: 284 | Train Loss: 0.5942268 Vali Loss: 0.5746753 Test Loss: 0.2490051
EarlyStopping counter: 18 out of 20
Updating learning rate to 1.5926791088519817e-08
	iters: 100, epoch: 87 | loss: 0.7057786
	speed: 0.2949s/iter; left time: 1143.5080s
	iters: 200, epoch: 87 | loss: 0.5914837
	speed: 0.1277s/iter; left time: 482.4515s
Epoch: 87 cost time: 36.30018711090088
Epoch: 87, Steps: 284 | Train Loss: 0.5942013 Vali Loss: 0.5749434 Test Loss: 0.2490067
EarlyStopping counter: 19 out of 20
Updating learning rate to 1.4334111979667836e-08
	iters: 100, epoch: 88 | loss: 0.5424460
	speed: 0.2948s/iter; left time: 1059.3215s
	iters: 200, epoch: 88 | loss: 0.5277379
	speed: 0.1277s/iter; left time: 446.0274s
Epoch: 88 cost time: 36.291465759277344
Epoch: 88, Steps: 284 | Train Loss: 0.5941962 Vali Loss: 0.5747898 Test Loss: 0.2490061
EarlyStopping counter: 20 out of 20
Early stopping
>>>>>>>testing : CMS3_weather_336_192_PatchTST_custom_ftM_sl336_ll48_pl192_dm128_nh16_el3_dl1_df256_fc1_ebtimeF_dtTrue_Exp_0<<<<<<<<<<<<<<<<<<<<<<<<<<<<<<<<<
test 10348
mse:0.2506670653820038, mae:0.2966421842575073, rse:0.6586644649505615
Args in experiment:
Namespace(random_seed=2021, is_training=1, model_id='CMS3_weather_336_336', model='PatchTST', data='custom', root_path='./dataset/', data_path='weather.csv', features='M', target='OT', freq='h', checkpoints='./checkpoints/', seq_len=336, label_len=48, pred_len=336, head_type='cms3', fc_dropout=0.2, head_dropout=0.0, patch_len=16, stride=8, padding_patch='end', revin=1, affine=0, subtract_last=0, decomposition=0, kernel_size=25, individual=0, embed_type=0, enc_in=21, dec_in=7, c_out=7, d_model=128, n_heads=16, e_layers=3, d_layers=1, d_ff=256, moving_avg=25, factor=1, distil=True, dropout=0.2, embed='timeF', activation='gelu', output_attention=False, do_predict=False, num_workers=0, itr=1, train_epochs=100, batch_size=128, patience=20, learning_rate=0.0001, des='Exp', loss='mse', lradj='type3', pct_start=0.3, use_amp=False, use_gpu=True, gpu=0, use_multi_gpu=False, devices='0,1,2,3', test_flop=False)
Use GPU: cuda:0
>>>>>>>start training : CMS3_weather_336_336_PatchTST_custom_ftM_sl336_ll48_pl336_dm128_nh16_el3_dl1_df256_fc1_ebtimeF_dtTrue_Exp_0>>>>>>>>>>>>>>>>>>>>>>>>>>
train 36216
val 4935
test 10204
	iters: 100, epoch: 1 | loss: 0.6768355
	speed: 0.1512s/iter; left time: 4249.0624s
	iters: 200, epoch: 1 | loss: 0.6447061
	speed: 0.1292s/iter; left time: 3617.1155s
Epoch: 1 cost time: 36.67064905166626
Epoch: 1, Steps: 282 | Train Loss: 0.7424306 Vali Loss: 0.7412623 Test Loss: 0.3189403
Validation loss decreased (inf --> 0.741262).  Saving model ...
Updating learning rate to 0.0001
	iters: 100, epoch: 2 | loss: 0.9063494
	speed: 0.2988s/iter; left time: 8312.8070s
	iters: 200, epoch: 2 | loss: 0.6851180
	speed: 0.1288s/iter; left time: 3571.2955s
Epoch: 2 cost time: 36.30727005004883
Epoch: 2, Steps: 282 | Train Loss: 0.7391903 Vali Loss: 0.7355445 Test Loss: 0.3171924
Validation loss decreased (0.741262 --> 0.735545).  Saving model ...
Updating learning rate to 0.0001
	iters: 100, epoch: 3 | loss: 0.7237700
	speed: 0.2969s/iter; left time: 8175.9551s
	iters: 200, epoch: 3 | loss: 0.6835869
	speed: 0.1289s/iter; left time: 3536.7689s
Epoch: 3 cost time: 36.31838917732239
Epoch: 3, Steps: 282 | Train Loss: 0.7331750 Vali Loss: 0.7306563 Test Loss: 0.3156495
Validation loss decreased (0.735545 --> 0.730656).  Saving model ...
Updating learning rate to 0.0001
	iters: 100, epoch: 4 | loss: 0.7422664
	speed: 0.2972s/iter; left time: 8100.3282s
	iters: 200, epoch: 4 | loss: 0.7364653
	speed: 0.1289s/iter; left time: 3499.9789s
Epoch: 4 cost time: 36.311179399490356
Epoch: 4, Steps: 282 | Train Loss: 0.7276324 Vali Loss: 0.7230760 Test Loss: 0.3140602
Validation loss decreased (0.730656 --> 0.723076).  Saving model ...
Updating learning rate to 9e-05
	iters: 100, epoch: 5 | loss: 0.6376375
	speed: 0.2969s/iter; left time: 8008.9740s
	iters: 200, epoch: 5 | loss: 0.7975579
	speed: 0.1289s/iter; left time: 3463.8973s
Epoch: 5 cost time: 36.31447744369507
Epoch: 5, Steps: 282 | Train Loss: 0.7221572 Vali Loss: 0.7173667 Test Loss: 0.3126258
Validation loss decreased (0.723076 --> 0.717367).  Saving model ...
Updating learning rate to 8.1e-05
	iters: 100, epoch: 6 | loss: 0.7331341
	speed: 0.2973s/iter; left time: 7934.8671s
	iters: 200, epoch: 6 | loss: 0.5726731
	speed: 0.1289s/iter; left time: 3427.8471s
Epoch: 6 cost time: 36.32347011566162
Epoch: 6, Steps: 282 | Train Loss: 0.7168191 Vali Loss: 0.7154388 Test Loss: 0.3113518
Validation loss decreased (0.717367 --> 0.715439).  Saving model ...
Updating learning rate to 7.290000000000001e-05
	iters: 100, epoch: 7 | loss: 0.7333812
	speed: 0.2967s/iter; left time: 7836.7371s
	iters: 200, epoch: 7 | loss: 0.8459635
	speed: 0.1290s/iter; left time: 3392.5545s
Epoch: 7 cost time: 36.323192834854126
Epoch: 7, Steps: 282 | Train Loss: 0.7125119 Vali Loss: 0.7113267 Test Loss: 0.3102201
Validation loss decreased (0.715439 --> 0.711327).  Saving model ...
Updating learning rate to 6.561e-05
	iters: 100, epoch: 8 | loss: 0.6664743
	speed: 0.2970s/iter; left time: 7758.7469s
	iters: 200, epoch: 8 | loss: 0.8062645
	speed: 0.1289s/iter; left time: 3354.2033s
Epoch: 8 cost time: 36.31485915184021
Epoch: 8, Steps: 282 | Train Loss: 0.7088303 Vali Loss: 0.7103981 Test Loss: 0.3091784
Validation loss decreased (0.711327 --> 0.710398).  Saving model ...
Updating learning rate to 5.904900000000001e-05
	iters: 100, epoch: 9 | loss: 0.7050574
	speed: 0.2969s/iter; left time: 7674.4903s
	iters: 200, epoch: 9 | loss: 0.6427268
	speed: 0.1289s/iter; left time: 3318.4449s
Epoch: 9 cost time: 36.32233166694641
Epoch: 9, Steps: 282 | Train Loss: 0.7050179 Vali Loss: 0.7075243 Test Loss: 0.3082434
Validation loss decreased (0.710398 --> 0.707524).  Saving model ...
Updating learning rate to 5.3144100000000005e-05
	iters: 100, epoch: 10 | loss: 0.7242578
	speed: 0.2969s/iter; left time: 7588.5891s
	iters: 200, epoch: 10 | loss: 0.7021220
	speed: 0.1289s/iter; left time: 3281.3606s
Epoch: 10 cost time: 36.33685374259949
Epoch: 10, Steps: 282 | Train Loss: 0.7027873 Vali Loss: 0.7022697 Test Loss: 0.3073859
Validation loss decreased (0.707524 --> 0.702270).  Saving model ...
Updating learning rate to 4.782969000000001e-05
	iters: 100, epoch: 11 | loss: 0.7011863
	speed: 0.2970s/iter; left time: 7508.4305s
	iters: 200, epoch: 11 | loss: 0.6644701
	speed: 0.1288s/iter; left time: 3244.3544s
Epoch: 11 cost time: 36.34037470817566
Epoch: 11, Steps: 282 | Train Loss: 0.7000106 Vali Loss: 0.7028271 Test Loss: 0.3066118
EarlyStopping counter: 1 out of 20
Updating learning rate to 4.304672100000001e-05
	iters: 100, epoch: 12 | loss: 0.5922657
	speed: 0.2962s/iter; left time: 7403.6677s
	iters: 200, epoch: 12 | loss: 0.6886515
	speed: 0.1287s/iter; left time: 3204.9961s
Epoch: 12 cost time: 36.31226706504822
Epoch: 12, Steps: 282 | Train Loss: 0.6976549 Vali Loss: 0.6994287 Test Loss: 0.3059015
Validation loss decreased (0.702270 --> 0.699429).  Saving model ...
Updating learning rate to 3.874204890000001e-05
	iters: 100, epoch: 13 | loss: 0.6507708
	speed: 0.2967s/iter; left time: 7334.3613s
	iters: 200, epoch: 13 | loss: 0.7962099
	speed: 0.1287s/iter; left time: 3167.8297s
Epoch: 13 cost time: 36.30459022521973
Epoch: 13, Steps: 282 | Train Loss: 0.6951637 Vali Loss: 0.6972398 Test Loss: 0.3052658
Validation loss decreased (0.699429 --> 0.697240).  Saving model ...
Updating learning rate to 3.486784401000001e-05
	iters: 100, epoch: 14 | loss: 0.6546504
	speed: 0.2972s/iter; left time: 7260.8776s
	iters: 200, epoch: 14 | loss: 0.6779488
	speed: 0.1287s/iter; left time: 3132.0078s
Epoch: 14 cost time: 36.31597423553467
Epoch: 14, Steps: 282 | Train Loss: 0.6937733 Vali Loss: 0.6950024 Test Loss: 0.3046865
Validation loss decreased (0.697240 --> 0.695002).  Saving model ...
Updating learning rate to 3.138105960900001e-05
	iters: 100, epoch: 15 | loss: 0.6003851
	speed: 0.2967s/iter; left time: 7166.4024s
	iters: 200, epoch: 15 | loss: 0.6013061
	speed: 0.1286s/iter; left time: 3093.9832s
Epoch: 15 cost time: 36.3140172958374
Epoch: 15, Steps: 282 | Train Loss: 0.6913542 Vali Loss: 0.6944595 Test Loss: 0.3041910
Validation loss decreased (0.695002 --> 0.694459).  Saving model ...
Updating learning rate to 2.824295364810001e-05
	iters: 100, epoch: 16 | loss: 0.5982299
	speed: 0.2970s/iter; left time: 7089.9855s
	iters: 200, epoch: 16 | loss: 0.8550543
	speed: 0.1286s/iter; left time: 3057.9788s
Epoch: 16 cost time: 36.31776785850525
Epoch: 16, Steps: 282 | Train Loss: 0.6901804 Vali Loss: 0.6935455 Test Loss: 0.3037274
Validation loss decreased (0.694459 --> 0.693546).  Saving model ...
Updating learning rate to 2.541865828329001e-05
	iters: 100, epoch: 17 | loss: 0.6755633
	speed: 0.2973s/iter; left time: 7013.8597s
	iters: 200, epoch: 17 | loss: 0.8880974
	speed: 0.1286s/iter; left time: 3020.8810s
Epoch: 17 cost time: 36.30101251602173
Epoch: 17, Steps: 282 | Train Loss: 0.6887216 Vali Loss: 0.6922032 Test Loss: 0.3033119
Validation loss decreased (0.693546 --> 0.692203).  Saving model ...
Updating learning rate to 2.287679245496101e-05
	iters: 100, epoch: 18 | loss: 0.9451551
	speed: 0.2966s/iter; left time: 6911.8550s
	iters: 200, epoch: 18 | loss: 0.6808010
	speed: 0.1287s/iter; left time: 2986.9910s
Epoch: 18 cost time: 36.315563678741455
Epoch: 18, Steps: 282 | Train Loss: 0.6867971 Vali Loss: 0.6903967 Test Loss: 0.3029456
Validation loss decreased (0.692203 --> 0.690397).  Saving model ...
Updating learning rate to 2.0589113209464907e-05
	iters: 100, epoch: 19 | loss: 0.7304291
	speed: 0.2972s/iter; left time: 6843.3365s
	iters: 200, epoch: 19 | loss: 0.7145466
	speed: 0.1287s/iter; left time: 2949.7878s
Epoch: 19 cost time: 36.31354641914368
Epoch: 19, Steps: 282 | Train Loss: 0.6863070 Vali Loss: 0.6898071 Test Loss: 0.3026152
Validation loss decreased (0.690397 --> 0.689807).  Saving model ...
Updating learning rate to 1.8530201888518416e-05
	iters: 100, epoch: 20 | loss: 0.5974885
	speed: 0.2976s/iter; left time: 6768.8274s
	iters: 200, epoch: 20 | loss: 0.6715930
	speed: 0.1287s/iter; left time: 2913.1274s
Epoch: 20 cost time: 36.296833992004395
Epoch: 20, Steps: 282 | Train Loss: 0.6855246 Vali Loss: 0.6886165 Test Loss: 0.3023038
Validation loss decreased (0.689807 --> 0.688617).  Saving model ...
Updating learning rate to 1.6677181699666577e-05
	iters: 100, epoch: 21 | loss: 0.6263294
	speed: 0.2978s/iter; left time: 6688.9076s
	iters: 200, epoch: 21 | loss: 0.6407202
	speed: 0.1286s/iter; left time: 2876.6661s
Epoch: 21 cost time: 36.29300093650818
Epoch: 21, Steps: 282 | Train Loss: 0.6850205 Vali Loss: 0.6888119 Test Loss: 0.3020391
EarlyStopping counter: 1 out of 20
Updating learning rate to 1.5009463529699919e-05
	iters: 100, epoch: 22 | loss: 0.5911697
	speed: 0.2969s/iter; left time: 6584.3966s
	iters: 200, epoch: 22 | loss: 0.5897449
	speed: 0.1287s/iter; left time: 2841.3125s
Epoch: 22 cost time: 36.286887407302856
Epoch: 22, Steps: 282 | Train Loss: 0.6835588 Vali Loss: 0.6869481 Test Loss: 0.3017965
Validation loss decreased (0.688617 --> 0.686948).  Saving model ...
Updating learning rate to 1.3508517176729929e-05
	iters: 100, epoch: 23 | loss: 0.6211464
	speed: 0.2980s/iter; left time: 6526.3427s
	iters: 200, epoch: 23 | loss: 0.7519022
	speed: 0.1287s/iter; left time: 2804.7423s
Epoch: 23 cost time: 36.303062915802
Epoch: 23, Steps: 282 | Train Loss: 0.6832718 Vali Loss: 0.6871465 Test Loss: 0.3015744
EarlyStopping counter: 1 out of 20
Updating learning rate to 1.2157665459056936e-05
	iters: 100, epoch: 24 | loss: 0.6634093
	speed: 0.2973s/iter; left time: 6427.0129s
	iters: 200, epoch: 24 | loss: 0.7087367
	speed: 0.1287s/iter; left time: 2769.4437s
Epoch: 24 cost time: 36.304224252700806
Epoch: 24, Steps: 282 | Train Loss: 0.6827051 Vali Loss: 0.6865776 Test Loss: 0.3013774
Validation loss decreased (0.686948 --> 0.686578).  Saving model ...
Updating learning rate to 1.0941898913151242e-05
	iters: 100, epoch: 25 | loss: 0.4827392
	speed: 0.2982s/iter; left time: 6360.6453s
	iters: 200, epoch: 25 | loss: 0.8609603
	speed: 0.1286s/iter; left time: 2731.4527s
Epoch: 25 cost time: 36.29305338859558
Epoch: 25, Steps: 282 | Train Loss: 0.6821123 Vali Loss: 0.6851214 Test Loss: 0.3011972
Validation loss decreased (0.686578 --> 0.685121).  Saving model ...
Updating learning rate to 9.847709021836118e-06
	iters: 100, epoch: 26 | loss: 0.5391412
	speed: 0.2975s/iter; left time: 6262.2039s
	iters: 200, epoch: 26 | loss: 0.7492046
	speed: 0.1287s/iter; left time: 2696.1226s
Epoch: 26 cost time: 36.31064772605896
Epoch: 26, Steps: 282 | Train Loss: 0.6809264 Vali Loss: 0.6854148 Test Loss: 0.3010336
EarlyStopping counter: 1 out of 20
Updating learning rate to 8.862938119652508e-06
	iters: 100, epoch: 27 | loss: 0.6424018
	speed: 0.2968s/iter; left time: 6165.1091s
	iters: 200, epoch: 27 | loss: 0.8687696
	speed: 0.1287s/iter; left time: 2659.1858s
Epoch: 27 cost time: 36.29888963699341
Epoch: 27, Steps: 282 | Train Loss: 0.6807555 Vali Loss: 0.6848304 Test Loss: 0.3008831
Validation loss decreased (0.685121 --> 0.684830).  Saving model ...
Updating learning rate to 7.976644307687255e-06
	iters: 100, epoch: 28 | loss: 0.5869069
	speed: 0.2974s/iter; left time: 6092.3477s
	iters: 200, epoch: 28 | loss: 0.7543946
	speed: 0.1286s/iter; left time: 2621.1204s
Epoch: 28 cost time: 36.28491449356079
Epoch: 28, Steps: 282 | Train Loss: 0.6805433 Vali Loss: 0.6855992 Test Loss: 0.3007531
EarlyStopping counter: 1 out of 20
Updating learning rate to 7.178979876918531e-06
	iters: 100, epoch: 29 | loss: 0.6248316
	speed: 0.2961s/iter; left time: 5982.5036s
	iters: 200, epoch: 29 | loss: 0.7136959
	speed: 0.1284s/iter; left time: 2581.8874s
Epoch: 29 cost time: 36.239094734191895
Epoch: 29, Steps: 282 | Train Loss: 0.6801002 Vali Loss: 0.6840650 Test Loss: 0.3006351
Validation loss decreased (0.684830 --> 0.684065).  Saving model ...
Updating learning rate to 6.4610818892266776e-06
	iters: 100, epoch: 30 | loss: 0.8644902
	speed: 0.2964s/iter; left time: 5905.7968s
	iters: 200, epoch: 30 | loss: 0.5849252
	speed: 0.1284s/iter; left time: 2545.6602s
Epoch: 30 cost time: 36.24986457824707
Epoch: 30, Steps: 282 | Train Loss: 0.6799747 Vali Loss: 0.6825131 Test Loss: 0.3005279
Validation loss decreased (0.684065 --> 0.682513).  Saving model ...
Updating learning rate to 5.8149737003040096e-06
	iters: 100, epoch: 31 | loss: 0.6959818
	speed: 0.2972s/iter; left time: 5838.0189s
	iters: 200, epoch: 31 | loss: 0.6481062
	speed: 0.1285s/iter; left time: 2510.1149s
Epoch: 31 cost time: 36.26140356063843
Epoch: 31, Steps: 282 | Train Loss: 0.6792704 Vali Loss: 0.6834440 Test Loss: 0.3004322
EarlyStopping counter: 1 out of 20
Updating learning rate to 5.23347633027361e-06
	iters: 100, epoch: 32 | loss: 0.6900094
	speed: 0.2960s/iter; left time: 5729.4630s
	iters: 200, epoch: 32 | loss: 0.6791040
	speed: 0.1285s/iter; left time: 2474.4472s
Epoch: 32 cost time: 36.260010957717896
Epoch: 32, Steps: 282 | Train Loss: 0.6789117 Vali Loss: 0.6831552 Test Loss: 0.3003465
EarlyStopping counter: 2 out of 20
Updating learning rate to 4.710128697246249e-06
	iters: 100, epoch: 33 | loss: 0.6353040
	speed: 0.2964s/iter; left time: 5653.6126s
	iters: 200, epoch: 33 | loss: 0.6460413
	speed: 0.1284s/iter; left time: 2437.2697s
Epoch: 33 cost time: 36.2444794178009
Epoch: 33, Steps: 282 | Train Loss: 0.6790411 Vali Loss: 0.6830042 Test Loss: 0.3002680
EarlyStopping counter: 3 out of 20
Updating learning rate to 4.239115827521624e-06
	iters: 100, epoch: 34 | loss: 0.5769795
	speed: 0.2957s/iter; left time: 5557.4876s
	iters: 200, epoch: 34 | loss: 0.7431732
	speed: 0.1285s/iter; left time: 2402.1917s
Epoch: 34 cost time: 36.249568700790405
Epoch: 34, Steps: 282 | Train Loss: 0.6785681 Vali Loss: 0.6830689 Test Loss: 0.3001964
EarlyStopping counter: 4 out of 20
Updating learning rate to 3.815204244769462e-06
	iters: 100, epoch: 35 | loss: 0.6363594
	speed: 0.2961s/iter; left time: 5482.4208s
	iters: 200, epoch: 35 | loss: 0.6242204
	speed: 0.1285s/iter; left time: 2366.7137s
Epoch: 35 cost time: 36.2448616027832
Epoch: 35, Steps: 282 | Train Loss: 0.6783673 Vali Loss: 0.6828609 Test Loss: 0.3001331
EarlyStopping counter: 5 out of 20
Updating learning rate to 3.4336838202925152e-06
	iters: 100, epoch: 36 | loss: 0.6544993
	speed: 0.2961s/iter; left time: 5398.5692s
	iters: 200, epoch: 36 | loss: 0.6969174
	speed: 0.1285s/iter; left time: 2330.3723s
Epoch: 36 cost time: 36.24191236495972
Epoch: 36, Steps: 282 | Train Loss: 0.6778540 Vali Loss: 0.6843753 Test Loss: 0.3000779
EarlyStopping counter: 6 out of 20
Updating learning rate to 3.090315438263264e-06
	iters: 100, epoch: 37 | loss: 0.5918967
	speed: 0.2960s/iter; left time: 5312.5274s
	iters: 200, epoch: 37 | loss: 0.7696192
	speed: 0.1286s/iter; left time: 2295.3610s
Epoch: 37 cost time: 36.24544167518616
Epoch: 37, Steps: 282 | Train Loss: 0.6777157 Vali Loss: 0.6822320 Test Loss: 0.3000260
Validation loss decreased (0.682513 --> 0.682232).  Saving model ...
Updating learning rate to 2.7812838944369375e-06
	iters: 100, epoch: 38 | loss: 0.6291271
	speed: 0.2966s/iter; left time: 5240.5734s
	iters: 200, epoch: 38 | loss: 0.6470734
	speed: 0.1287s/iter; left time: 2261.4235s
Epoch: 38 cost time: 36.26021432876587
Epoch: 38, Steps: 282 | Train Loss: 0.6776781 Vali Loss: 0.6827604 Test Loss: 0.2999817
EarlyStopping counter: 1 out of 20
Updating learning rate to 2.503155504993244e-06
	iters: 100, epoch: 39 | loss: 0.6323122
	speed: 0.2960s/iter; left time: 5146.4445s
	iters: 200, epoch: 39 | loss: 0.6752255
	speed: 0.1287s/iter; left time: 2224.5109s
Epoch: 39 cost time: 36.25621032714844
Epoch: 39, Steps: 282 | Train Loss: 0.6777051 Vali Loss: 0.6823786 Test Loss: 0.2999371
EarlyStopping counter: 2 out of 20
Updating learning rate to 2.2528399544939195e-06
	iters: 100, epoch: 40 | loss: 0.9205695
	speed: 0.2953s/iter; left time: 5051.1076s
	iters: 200, epoch: 40 | loss: 0.7444896
	speed: 0.1287s/iter; left time: 2188.4107s
Epoch: 40 cost time: 36.253047466278076
Epoch: 40, Steps: 282 | Train Loss: 0.6769863 Vali Loss: 0.6817262 Test Loss: 0.2999012
Validation loss decreased (0.682232 --> 0.681726).  Saving model ...
Updating learning rate to 2.0275559590445276e-06
	iters: 100, epoch: 41 | loss: 0.6200176
	speed: 0.2962s/iter; left time: 4981.6274s
	iters: 200, epoch: 41 | loss: 0.6778145
	speed: 0.1287s/iter; left time: 2152.0007s
Epoch: 41 cost time: 36.24826145172119
Epoch: 41, Steps: 282 | Train Loss: 0.6773292 Vali Loss: 0.6819783 Test Loss: 0.2998653
EarlyStopping counter: 1 out of 20
Updating learning rate to 1.8248003631400751e-06
	iters: 100, epoch: 42 | loss: 0.7184680
	speed: 0.2952s/iter; left time: 4883.1025s
	iters: 200, epoch: 42 | loss: 0.6358119
	speed: 0.1287s/iter; left time: 2115.7758s
Epoch: 42 cost time: 36.24935507774353
Epoch: 42, Steps: 282 | Train Loss: 0.6764099 Vali Loss: 0.6813247 Test Loss: 0.2998348
Validation loss decreased (0.681726 --> 0.681325).  Saving model ...
Updating learning rate to 1.6423203268260676e-06
	iters: 100, epoch: 43 | loss: 0.6977773
	speed: 0.2964s/iter; left time: 4818.8446s
	iters: 200, epoch: 43 | loss: 0.6485843
	speed: 0.1287s/iter; left time: 2078.7201s
Epoch: 43 cost time: 36.233171701431274
Epoch: 43, Steps: 282 | Train Loss: 0.6773025 Vali Loss: 0.6811086 Test Loss: 0.2998075
Validation loss decreased (0.681325 --> 0.681109).  Saving model ...
Updating learning rate to 1.4780882941434609e-06
	iters: 100, epoch: 44 | loss: 0.6716691
	speed: 0.2959s/iter; left time: 4727.3265s
	iters: 200, epoch: 44 | loss: 0.6776671
	speed: 0.1286s/iter; left time: 2042.0791s
Epoch: 44 cost time: 36.25740027427673
Epoch: 44, Steps: 282 | Train Loss: 0.6772901 Vali Loss: 0.6825694 Test Loss: 0.2997838
EarlyStopping counter: 1 out of 20
Updating learning rate to 1.3302794647291146e-06
	iters: 100, epoch: 45 | loss: 0.8799141
	speed: 0.2953s/iter; left time: 4633.8930s
	iters: 200, epoch: 45 | loss: 0.7134088
	speed: 0.1285s/iter; left time: 2003.6420s
Epoch: 45 cost time: 36.22557616233826
Epoch: 45, Steps: 282 | Train Loss: 0.6773718 Vali Loss: 0.6794443 Test Loss: 0.2997609
Validation loss decreased (0.681109 --> 0.679444).  Saving model ...
Updating learning rate to 1.1972515182562034e-06
	iters: 100, epoch: 46 | loss: 0.6828474
	speed: 0.2961s/iter; left time: 4562.9834s
	iters: 200, epoch: 46 | loss: 0.6017532
	speed: 0.1284s/iter; left time: 1966.5929s
Epoch: 46 cost time: 36.23255276679993
Epoch: 46, Steps: 282 | Train Loss: 0.6769349 Vali Loss: 0.6821924 Test Loss: 0.2997414
EarlyStopping counter: 1 out of 20
Updating learning rate to 1.077526366430583e-06
	iters: 100, epoch: 47 | loss: 0.6287403
	speed: 0.2959s/iter; left time: 4477.2588s
	iters: 200, epoch: 47 | loss: 0.5594471
	speed: 0.1284s/iter; left time: 1930.2029s
Epoch: 47 cost time: 36.227359771728516
Epoch: 47, Steps: 282 | Train Loss: 0.6770765 Vali Loss: 0.6797373 Test Loss: 0.2997234
EarlyStopping counter: 2 out of 20
Updating learning rate to 9.697737297875248e-07
	iters: 100, epoch: 48 | loss: 0.6830266
	speed: 0.2956s/iter; left time: 4388.8104s
	iters: 200, epoch: 48 | loss: 0.9053721
	speed: 0.1284s/iter; left time: 1893.5934s
Epoch: 48 cost time: 36.24153017997742
Epoch: 48, Steps: 282 | Train Loss: 0.6766612 Vali Loss: 0.6797733 Test Loss: 0.2997065
EarlyStopping counter: 3 out of 20
Updating learning rate to 8.727963568087723e-07
	iters: 100, epoch: 49 | loss: 0.6555742
	speed: 0.2962s/iter; left time: 4313.4518s
	iters: 200, epoch: 49 | loss: 0.6139801
	speed: 0.1284s/iter; left time: 1857.2687s
Epoch: 49 cost time: 36.237619400024414
Epoch: 49, Steps: 282 | Train Loss: 0.6770989 Vali Loss: 0.6823481 Test Loss: 0.2996936
EarlyStopping counter: 4 out of 20
Updating learning rate to 7.855167211278951e-07
	iters: 100, epoch: 50 | loss: 0.6031428
	speed: 0.2957s/iter; left time: 4223.2850s
	iters: 200, epoch: 50 | loss: 0.7269683
	speed: 0.1283s/iter; left time: 1820.3755s
Epoch: 50 cost time: 36.22742414474487
Epoch: 50, Steps: 282 | Train Loss: 0.6771109 Vali Loss: 0.6822113 Test Loss: 0.2996794
EarlyStopping counter: 5 out of 20
Updating learning rate to 7.069650490151056e-07
	iters: 100, epoch: 51 | loss: 0.6390770
	speed: 0.2961s/iter; left time: 4146.2192s
	iters: 200, epoch: 51 | loss: 0.5548202
	speed: 0.1283s/iter; left time: 1783.9983s
Epoch: 51 cost time: 36.218679904937744
Epoch: 51, Steps: 282 | Train Loss: 0.6762656 Vali Loss: 0.6802117 Test Loss: 0.2996683
EarlyStopping counter: 6 out of 20
Updating learning rate to 6.36268544113595e-07
	iters: 100, epoch: 52 | loss: 0.6465540
	speed: 0.2954s/iter; left time: 4052.0185s
	iters: 200, epoch: 52 | loss: 0.5497995
	speed: 0.1284s/iter; left time: 1748.9069s
Epoch: 52 cost time: 36.229443073272705
Epoch: 52, Steps: 282 | Train Loss: 0.6763569 Vali Loss: 0.6810053 Test Loss: 0.2996573
EarlyStopping counter: 7 out of 20
Updating learning rate to 5.726416897022355e-07
	iters: 100, epoch: 53 | loss: 0.6377421
	speed: 0.2966s/iter; left time: 3985.3744s
	iters: 200, epoch: 53 | loss: 0.6542804
	speed: 0.1384s/iter; left time: 1845.3645s
Epoch: 53 cost time: 37.25170636177063
Epoch: 53, Steps: 282 | Train Loss: 0.6767627 Vali Loss: 0.6817391 Test Loss: 0.2996473
EarlyStopping counter: 8 out of 20
Updating learning rate to 5.15377520732012e-07
	iters: 100, epoch: 54 | loss: 0.6720309
	speed: 0.2966s/iter; left time: 3902.4208s
	iters: 200, epoch: 54 | loss: 0.6645259
	speed: 0.1285s/iter; left time: 1677.6393s
Epoch: 54 cost time: 36.24047350883484
Epoch: 54, Steps: 282 | Train Loss: 0.6767102 Vali Loss: 0.6826670 Test Loss: 0.2996393
EarlyStopping counter: 9 out of 20
Updating learning rate to 4.6383976865881085e-07
	iters: 100, epoch: 55 | loss: 0.6683412
	speed: 0.2963s/iter; left time: 3814.0777s
	iters: 200, epoch: 55 | loss: 0.7767999
	speed: 0.1284s/iter; left time: 1640.1663s
Epoch: 55 cost time: 36.21860146522522
Epoch: 55, Steps: 282 | Train Loss: 0.6764010 Vali Loss: 0.6810679 Test Loss: 0.2996323
EarlyStopping counter: 10 out of 20
Updating learning rate to 4.174557917929298e-07
	iters: 100, epoch: 56 | loss: 0.6560839
	speed: 0.2956s/iter; left time: 3722.0835s
	iters: 200, epoch: 56 | loss: 0.6696722
	speed: 0.1284s/iter; left time: 1603.5751s
Epoch: 56 cost time: 36.204617738723755
Epoch: 56, Steps: 282 | Train Loss: 0.6766729 Vali Loss: 0.6804151 Test Loss: 0.2996260
EarlyStopping counter: 11 out of 20
Updating learning rate to 3.7571021261363677e-07
	iters: 100, epoch: 57 | loss: 0.6777546
	speed: 0.2960s/iter; left time: 3642.9647s
	iters: 200, epoch: 57 | loss: 0.6376973
	speed: 0.1284s/iter; left time: 1567.5270s
Epoch: 57 cost time: 36.20579671859741
Epoch: 57, Steps: 282 | Train Loss: 0.6765025 Vali Loss: 0.6796058 Test Loss: 0.2996192
EarlyStopping counter: 12 out of 20
Updating learning rate to 3.381391913522731e-07
	iters: 100, epoch: 58 | loss: 0.6104608
	speed: 0.2954s/iter; left time: 3552.8136s
	iters: 200, epoch: 58 | loss: 0.6846111
	speed: 0.1284s/iter; left time: 1530.8632s
Epoch: 58 cost time: 36.19568181037903
Epoch: 58, Steps: 282 | Train Loss: 0.6764932 Vali Loss: 0.6804487 Test Loss: 0.2996130
EarlyStopping counter: 13 out of 20
Updating learning rate to 3.043252722170458e-07
	iters: 100, epoch: 59 | loss: 0.6091416
	speed: 0.2956s/iter; left time: 3471.9019s
	iters: 200, epoch: 59 | loss: 0.7613683
	speed: 0.1284s/iter; left time: 1494.9001s
Epoch: 59 cost time: 36.20398139953613
Epoch: 59, Steps: 282 | Train Loss: 0.6763681 Vali Loss: 0.6815739 Test Loss: 0.2996075
EarlyStopping counter: 14 out of 20
Updating learning rate to 2.7389274499534124e-07
	iters: 100, epoch: 60 | loss: 0.6709017
	speed: 0.2954s/iter; left time: 3385.7003s
	iters: 200, epoch: 60 | loss: 0.5992298
	speed: 0.1283s/iter; left time: 1457.9693s
Epoch: 60 cost time: 36.1893093585968
Epoch: 60, Steps: 282 | Train Loss: 0.6766565 Vali Loss: 0.6813058 Test Loss: 0.2996032
EarlyStopping counter: 15 out of 20
Updating learning rate to 2.465034704958071e-07
	iters: 100, epoch: 61 | loss: 0.7231175
	speed: 0.2955s/iter; left time: 3303.8637s
	iters: 200, epoch: 61 | loss: 0.6395584
	speed: 0.1284s/iter; left time: 1422.8952s
Epoch: 61 cost time: 36.20512127876282
Epoch: 61, Steps: 282 | Train Loss: 0.6761512 Vali Loss: 0.6802867 Test Loss: 0.2995999
EarlyStopping counter: 16 out of 20
Updating learning rate to 2.218531234462264e-07
	iters: 100, epoch: 62 | loss: 0.7362533
	speed: 0.2954s/iter; left time: 3219.2682s
	iters: 200, epoch: 62 | loss: 0.6344909
	speed: 0.1284s/iter; left time: 1386.1405s
Epoch: 62 cost time: 36.20279860496521
Epoch: 62, Steps: 282 | Train Loss: 0.6760974 Vali Loss: 0.6825147 Test Loss: 0.2995965
EarlyStopping counter: 17 out of 20
Updating learning rate to 1.9966781110160376e-07
	iters: 100, epoch: 63 | loss: 0.6003875
	speed: 0.2960s/iter; left time: 3143.1333s
	iters: 200, epoch: 63 | loss: 0.6236818
	speed: 0.1284s/iter; left time: 1350.6217s
Epoch: 63 cost time: 36.21551585197449
Epoch: 63, Steps: 282 | Train Loss: 0.6766396 Vali Loss: 0.6796845 Test Loss: 0.2995930
EarlyStopping counter: 18 out of 20
Updating learning rate to 1.797010299914434e-07
	iters: 100, epoch: 64 | loss: 0.6264126
	speed: 0.2957s/iter; left time: 3055.6857s
	iters: 200, epoch: 64 | loss: 0.5996357
	speed: 0.1284s/iter; left time: 1314.2944s
Epoch: 64 cost time: 36.219186305999756
Epoch: 64, Steps: 282 | Train Loss: 0.6763895 Vali Loss: 0.6825057 Test Loss: 0.2995901
EarlyStopping counter: 19 out of 20
Updating learning rate to 1.6173092699229907e-07
	iters: 100, epoch: 65 | loss: 0.6382300
	speed: 0.2958s/iter; left time: 2973.4001s
	iters: 200, epoch: 65 | loss: 0.5785193
	speed: 0.1283s/iter; left time: 1277.2069s
Epoch: 65 cost time: 36.192230224609375
Epoch: 65, Steps: 282 | Train Loss: 0.6767550 Vali Loss: 0.6820316 Test Loss: 0.2995886
EarlyStopping counter: 20 out of 20
Early stopping
>>>>>>>testing : CMS3_weather_336_336_PatchTST_custom_ftM_sl336_ll48_pl336_dm128_nh16_el3_dl1_df256_fc1_ebtimeF_dtTrue_Exp_0<<<<<<<<<<<<<<<<<<<<<<<<<<<<<<<<<
test 10204
mse:0.3011493980884552, mae:0.3315487205982208, rse:0.7208635807037354
Args in experiment:
Namespace(random_seed=2021, is_training=1, model_id='CMS3_weather_336_720', model='PatchTST', data='custom', root_path='./dataset/', data_path='weather.csv', features='M', target='OT', freq='h', checkpoints='./checkpoints/', seq_len=336, label_len=48, pred_len=720, head_type='cms3', fc_dropout=0.2, head_dropout=0.0, patch_len=16, stride=8, padding_patch='end', revin=1, affine=0, subtract_last=0, decomposition=0, kernel_size=25, individual=0, embed_type=0, enc_in=21, dec_in=7, c_out=7, d_model=128, n_heads=16, e_layers=3, d_layers=1, d_ff=256, moving_avg=25, factor=1, distil=True, dropout=0.2, embed='timeF', activation='gelu', output_attention=False, do_predict=False, num_workers=0, itr=1, train_epochs=100, batch_size=128, patience=20, learning_rate=0.0001, des='Exp', loss='mse', lradj='type3', pct_start=0.3, use_amp=False, use_gpu=True, gpu=0, use_multi_gpu=False, devices='0,1,2,3', test_flop=False)
Use GPU: cuda:0
>>>>>>>start training : CMS3_weather_336_720_PatchTST_custom_ftM_sl336_ll48_pl720_dm128_nh16_el3_dl1_df256_fc1_ebtimeF_dtTrue_Exp_0>>>>>>>>>>>>>>>>>>>>>>>>>>
train 35832
val 4551
test 9820
	iters: 100, epoch: 1 | loss: 0.8505261
	speed: 0.1451s/iter; left time: 4034.8563s
	iters: 200, epoch: 1 | loss: 0.7593836
	speed: 0.1315s/iter; left time: 3643.9876s
Epoch: 1 cost time: 36.95243430137634
Epoch: 1, Steps: 279 | Train Loss: 0.7911092 Vali Loss: 0.8128651 Test Loss: 0.3674183
Validation loss decreased (inf --> 0.812865).  Saving model ...
Updating learning rate to 0.0001
	iters: 100, epoch: 2 | loss: 0.8263202
	speed: 0.3058s/iter; left time: 8416.0542s
	iters: 200, epoch: 2 | loss: 0.7878881
	speed: 0.1301s/iter; left time: 3567.9377s
Epoch: 2 cost time: 36.32640480995178
Epoch: 2, Steps: 279 | Train Loss: 0.7885048 Vali Loss: 0.8075140 Test Loss: 0.3661441
Validation loss decreased (0.812865 --> 0.807514).  Saving model ...
Updating learning rate to 0.0001
	iters: 100, epoch: 3 | loss: 0.7481847
	speed: 0.3016s/iter; left time: 8216.4345s
	iters: 200, epoch: 3 | loss: 0.7260932
	speed: 0.1304s/iter; left time: 3538.6134s
Epoch: 3 cost time: 36.37646222114563
Epoch: 3, Steps: 279 | Train Loss: 0.7844243 Vali Loss: 0.8044965 Test Loss: 0.3651358
Validation loss decreased (0.807514 --> 0.804496).  Saving model ...
Updating learning rate to 0.0001
	iters: 100, epoch: 4 | loss: 0.8047042
	speed: 0.3011s/iter; left time: 8119.1214s
	iters: 200, epoch: 4 | loss: 0.7167475
	speed: 0.1302s/iter; left time: 3497.4484s
Epoch: 4 cost time: 36.36576724052429
Epoch: 4, Steps: 279 | Train Loss: 0.7809030 Vali Loss: 0.8000777 Test Loss: 0.3642781
Validation loss decreased (0.804496 --> 0.800078).  Saving model ...
Updating learning rate to 9e-05
	iters: 100, epoch: 5 | loss: 0.7641244
	speed: 0.3009s/iter; left time: 8030.4982s
	iters: 200, epoch: 5 | loss: 0.7677184
	speed: 0.1303s/iter; left time: 3463.3570s
Epoch: 5 cost time: 36.342576026916504
Epoch: 5, Steps: 279 | Train Loss: 0.7776425 Vali Loss: 0.7979074 Test Loss: 0.3636348
Validation loss decreased (0.800078 --> 0.797907).  Saving model ...
Updating learning rate to 8.1e-05
	iters: 100, epoch: 6 | loss: 0.6843787
	speed: 0.3214s/iter; left time: 8487.5750s
	iters: 200, epoch: 6 | loss: 0.7796996
	speed: 0.1299s/iter; left time: 3417.9638s
Epoch: 6 cost time: 36.31462121009827
Epoch: 6, Steps: 279 | Train Loss: 0.7752703 Vali Loss: 0.7958550 Test Loss: 0.3631308
Validation loss decreased (0.797907 --> 0.795855).  Saving model ...
Updating learning rate to 7.290000000000001e-05
	iters: 100, epoch: 7 | loss: 0.8288794
	speed: 0.3006s/iter; left time: 7854.1122s
	iters: 200, epoch: 7 | loss: 0.8277612
	speed: 0.1303s/iter; left time: 3391.6120s
Epoch: 7 cost time: 36.34730362892151
Epoch: 7, Steps: 279 | Train Loss: 0.7728013 Vali Loss: 0.7947078 Test Loss: 0.3627059
Validation loss decreased (0.795855 --> 0.794708).  Saving model ...
Updating learning rate to 6.561e-05
	iters: 100, epoch: 8 | loss: 0.7849323
	speed: 0.3005s/iter; left time: 7766.9132s
	iters: 200, epoch: 8 | loss: 0.7378283
	speed: 0.1304s/iter; left time: 3356.2886s
Epoch: 8 cost time: 36.35372877120972
Epoch: 8, Steps: 279 | Train Loss: 0.7711543 Vali Loss: 0.7931781 Test Loss: 0.3623478
Validation loss decreased (0.794708 --> 0.793178).  Saving model ...
Updating learning rate to 5.904900000000001e-05
	iters: 100, epoch: 9 | loss: 0.9295716
	speed: 0.3010s/iter; left time: 7696.4115s
	iters: 200, epoch: 9 | loss: 0.7332606
	speed: 0.1302s/iter; left time: 3316.4252s
Epoch: 9 cost time: 36.37233853340149
Epoch: 9, Steps: 279 | Train Loss: 0.7695677 Vali Loss: 0.7917528 Test Loss: 0.3620189
Validation loss decreased (0.793178 --> 0.791753).  Saving model ...
Updating learning rate to 5.3144100000000005e-05
	iters: 100, epoch: 10 | loss: 0.6459507
	speed: 0.3008s/iter; left time: 7606.1421s
	iters: 200, epoch: 10 | loss: 0.7128118
	speed: 0.1303s/iter; left time: 3282.4644s
Epoch: 10 cost time: 36.38047528266907
Epoch: 10, Steps: 279 | Train Loss: 0.7686455 Vali Loss: 0.7905189 Test Loss: 0.3617118
Validation loss decreased (0.791753 --> 0.790519).  Saving model ...
Updating learning rate to 4.782969000000001e-05
	iters: 100, epoch: 11 | loss: 0.7277684
	speed: 0.3009s/iter; left time: 7527.0036s
	iters: 200, epoch: 11 | loss: 0.7113328
	speed: 0.1303s/iter; left time: 3246.5081s
Epoch: 11 cost time: 36.37102723121643
Epoch: 11, Steps: 279 | Train Loss: 0.7673492 Vali Loss: 0.7914405 Test Loss: 0.3614448
EarlyStopping counter: 1 out of 20
Updating learning rate to 4.304672100000001e-05
	iters: 100, epoch: 12 | loss: 0.7773477
	speed: 0.2998s/iter; left time: 7415.4712s
	iters: 200, epoch: 12 | loss: 0.7132351
	speed: 0.1303s/iter; left time: 3210.0872s
Epoch: 12 cost time: 36.357038736343384
Epoch: 12, Steps: 279 | Train Loss: 0.7663550 Vali Loss: 0.7887762 Test Loss: 0.3612191
Validation loss decreased (0.790519 --> 0.788776).  Saving model ...
Updating learning rate to 3.874204890000001e-05
	iters: 100, epoch: 13 | loss: 0.6960740
	speed: 0.3003s/iter; left time: 7342.2501s
	iters: 200, epoch: 13 | loss: 0.8408064
	speed: 0.1303s/iter; left time: 3172.8050s
Epoch: 13 cost time: 36.3547637462616
Epoch: 13, Steps: 279 | Train Loss: 0.7655253 Vali Loss: 0.7885010 Test Loss: 0.3610040
Validation loss decreased (0.788776 --> 0.788501).  Saving model ...
Updating learning rate to 3.486784401000001e-05
	iters: 100, epoch: 14 | loss: 0.7338354
	speed: 0.3035s/iter; left time: 7337.7328s
	iters: 200, epoch: 14 | loss: 0.8978776
	speed: 0.1302s/iter; left time: 3135.3368s
Epoch: 14 cost time: 36.36371850967407
Epoch: 14, Steps: 279 | Train Loss: 0.7648821 Vali Loss: 0.7885143 Test Loss: 0.3608176
EarlyStopping counter: 1 out of 20
Updating learning rate to 3.138105960900001e-05
	iters: 100, epoch: 15 | loss: 0.7194318
	speed: 0.2998s/iter; left time: 7163.4326s
	iters: 200, epoch: 15 | loss: 0.7213998
	speed: 0.1302s/iter; left time: 3098.8990s
Epoch: 15 cost time: 36.33292818069458
Epoch: 15, Steps: 279 | Train Loss: 0.7637975 Vali Loss: 0.7885597 Test Loss: 0.3606362
EarlyStopping counter: 2 out of 20
Updating learning rate to 2.824295364810001e-05
	iters: 100, epoch: 16 | loss: 0.7453951
	speed: 0.2992s/iter; left time: 7066.3688s
	iters: 200, epoch: 16 | loss: 0.7605332
	speed: 0.1304s/iter; left time: 3065.3981s
Epoch: 16 cost time: 36.36530041694641
Epoch: 16, Steps: 279 | Train Loss: 0.7632044 Vali Loss: 0.7875338 Test Loss: 0.3604823
Validation loss decreased (0.788501 --> 0.787534).  Saving model ...
Updating learning rate to 2.541865828329001e-05
	iters: 100, epoch: 17 | loss: 0.7839826
	speed: 0.3009s/iter; left time: 7021.8973s
	iters: 200, epoch: 17 | loss: 0.7777339
	speed: 0.1304s/iter; left time: 3029.6995s
Epoch: 17 cost time: 36.37998676300049
Epoch: 17, Steps: 279 | Train Loss: 0.7627145 Vali Loss: 0.7869666 Test Loss: 0.3603404
Validation loss decreased (0.787534 --> 0.786967).  Saving model ...
Updating learning rate to 2.287679245496101e-05
	iters: 100, epoch: 18 | loss: 0.7810236
	speed: 0.3001s/iter; left time: 6918.9242s
	iters: 200, epoch: 18 | loss: 0.7077352
	speed: 0.1304s/iter; left time: 2994.0114s
Epoch: 18 cost time: 36.39067459106445
Epoch: 18, Steps: 279 | Train Loss: 0.7620693 Vali Loss: 0.7861726 Test Loss: 0.3602137
Validation loss decreased (0.786967 --> 0.786173).  Saving model ...
Updating learning rate to 2.0589113209464907e-05
	iters: 100, epoch: 19 | loss: 0.8667045
	speed: 0.3006s/iter; left time: 6847.0415s
	iters: 200, epoch: 19 | loss: 0.8680215
	speed: 0.1304s/iter; left time: 2958.3109s
Epoch: 19 cost time: 36.39300870895386
Epoch: 19, Steps: 279 | Train Loss: 0.7616330 Vali Loss: 0.7867027 Test Loss: 0.3600914
EarlyStopping counter: 1 out of 20
Updating learning rate to 1.8530201888518416e-05
	iters: 100, epoch: 20 | loss: 0.7043710
	speed: 0.2998s/iter; left time: 6744.7923s
	iters: 200, epoch: 20 | loss: 0.8503618
	speed: 0.1305s/iter; left time: 2922.1047s
Epoch: 20 cost time: 36.38092923164368
Epoch: 20, Steps: 279 | Train Loss: 0.7610717 Vali Loss: 0.7862518 Test Loss: 0.3599809
EarlyStopping counter: 2 out of 20
Updating learning rate to 1.6677181699666577e-05
	iters: 100, epoch: 21 | loss: 0.8381084
	speed: 0.2995s/iter; left time: 6656.0306s
	iters: 200, epoch: 21 | loss: 0.7181650
	speed: 0.1301s/iter; left time: 2878.0583s
Epoch: 21 cost time: 36.30490446090698
Epoch: 21, Steps: 279 | Train Loss: 0.7608442 Vali Loss: 0.7840560 Test Loss: 0.3598876
Validation loss decreased (0.786173 --> 0.784056).  Saving model ...
Updating learning rate to 1.5009463529699919e-05
	iters: 100, epoch: 22 | loss: 0.7264807
	speed: 0.2997s/iter; left time: 6576.0512s
	iters: 200, epoch: 22 | loss: 0.7477667
	speed: 0.1303s/iter; left time: 2845.8657s
Epoch: 22 cost time: 36.34292531013489
Epoch: 22, Steps: 279 | Train Loss: 0.7602595 Vali Loss: 0.7835642 Test Loss: 0.3598004
Validation loss decreased (0.784056 --> 0.783564).  Saving model ...
Updating learning rate to 1.3508517176729929e-05
	iters: 100, epoch: 23 | loss: 0.7521713
	speed: 0.3002s/iter; left time: 6502.8624s
	iters: 200, epoch: 23 | loss: 0.7377690
	speed: 0.1303s/iter; left time: 2810.5668s
Epoch: 23 cost time: 36.367231369018555
Epoch: 23, Steps: 279 | Train Loss: 0.7601063 Vali Loss: 0.7851987 Test Loss: 0.3597252
EarlyStopping counter: 1 out of 20
Updating learning rate to 1.2157665459056936e-05
	iters: 100, epoch: 24 | loss: 0.7593184
	speed: 0.2996s/iter; left time: 6406.8139s
	iters: 200, epoch: 24 | loss: 0.7514922
	speed: 0.1302s/iter; left time: 2770.7155s
Epoch: 24 cost time: 36.34471654891968
Epoch: 24, Steps: 279 | Train Loss: 0.7599432 Vali Loss: 0.7847261 Test Loss: 0.3596542
EarlyStopping counter: 2 out of 20
Updating learning rate to 1.0941898913151242e-05
	iters: 100, epoch: 25 | loss: 0.7834812
	speed: 0.2991s/iter; left time: 6313.1316s
	iters: 200, epoch: 25 | loss: 0.7013270
	speed: 0.1303s/iter; left time: 2736.3726s
Epoch: 25 cost time: 36.348756551742554
Epoch: 25, Steps: 279 | Train Loss: 0.7593610 Vali Loss: 0.7842035 Test Loss: 0.3595918
EarlyStopping counter: 3 out of 20
Updating learning rate to 9.847709021836118e-06
	iters: 100, epoch: 26 | loss: 0.7007016
	speed: 0.2998s/iter; left time: 6243.1258s
	iters: 200, epoch: 26 | loss: 0.7653805
	speed: 0.1302s/iter; left time: 2697.5755s
Epoch: 26 cost time: 36.341689348220825
Epoch: 26, Steps: 279 | Train Loss: 0.7590786 Vali Loss: 0.7840986 Test Loss: 0.3595365
EarlyStopping counter: 4 out of 20
Updating learning rate to 8.862938119652508e-06
	iters: 100, epoch: 27 | loss: 0.7296938
	speed: 0.2995s/iter; left time: 6154.8220s
	iters: 200, epoch: 27 | loss: 0.7499309
	speed: 0.1306s/iter; left time: 2669.6811s
Epoch: 27 cost time: 36.43557286262512
Epoch: 27, Steps: 279 | Train Loss: 0.7588702 Vali Loss: 0.7848200 Test Loss: 0.3594818
EarlyStopping counter: 5 out of 20
Updating learning rate to 7.976644307687255e-06
	iters: 100, epoch: 28 | loss: 0.8434077
	speed: 0.2998s/iter; left time: 6075.7322s
	iters: 200, epoch: 28 | loss: 0.8006138
	speed: 0.1302s/iter; left time: 2626.2594s
Epoch: 28 cost time: 36.36655139923096
Epoch: 28, Steps: 279 | Train Loss: 0.7589961 Vali Loss: 0.7842824 Test Loss: 0.3594391
EarlyStopping counter: 6 out of 20
Updating learning rate to 7.178979876918531e-06
	iters: 100, epoch: 29 | loss: 0.7374977
	speed: 0.2990s/iter; left time: 5976.6758s
	iters: 200, epoch: 29 | loss: 0.7563522
	speed: 0.1306s/iter; left time: 2598.3473s
Epoch: 29 cost time: 36.39680814743042
Epoch: 29, Steps: 279 | Train Loss: 0.7586880 Vali Loss: 0.7826800 Test Loss: 0.3593965
Validation loss decreased (0.783564 --> 0.782680).  Saving model ...
Updating learning rate to 6.4610818892266776e-06
	iters: 100, epoch: 30 | loss: 0.7159023
	speed: 0.2991s/iter; left time: 5896.1622s
	iters: 200, epoch: 30 | loss: 0.8047961
	speed: 0.1302s/iter; left time: 2554.1034s
Epoch: 30 cost time: 36.38052749633789
Epoch: 30, Steps: 279 | Train Loss: 0.7584409 Vali Loss: 0.7809287 Test Loss: 0.3593597
Validation loss decreased (0.782680 --> 0.780929).  Saving model ...
Updating learning rate to 5.8149737003040096e-06
	iters: 100, epoch: 31 | loss: 0.7527871
	speed: 0.2989s/iter; left time: 5808.0698s
	iters: 200, epoch: 31 | loss: 0.7003163
	speed: 0.1303s/iter; left time: 2518.9735s
Epoch: 31 cost time: 36.37197232246399
Epoch: 31, Steps: 279 | Train Loss: 0.7584320 Vali Loss: 0.7848070 Test Loss: 0.3593246
EarlyStopping counter: 1 out of 20
Updating learning rate to 5.23347633027361e-06
	iters: 100, epoch: 32 | loss: 0.7056218
	speed: 0.2987s/iter; left time: 5721.4909s
	iters: 200, epoch: 32 | loss: 0.7721049
	speed: 0.1302s/iter; left time: 2480.5894s
Epoch: 32 cost time: 36.35577583312988
Epoch: 32, Steps: 279 | Train Loss: 0.7586041 Vali Loss: 0.7819248 Test Loss: 0.3592951
EarlyStopping counter: 2 out of 20
Updating learning rate to 4.710128697246249e-06
	iters: 100, epoch: 33 | loss: 0.8299264
	speed: 0.2987s/iter; left time: 5636.7193s
	iters: 200, epoch: 33 | loss: 0.8169762
	speed: 0.1305s/iter; left time: 2449.6356s
Epoch: 33 cost time: 36.39857244491577
Epoch: 33, Steps: 279 | Train Loss: 0.7584594 Vali Loss: 0.7827488 Test Loss: 0.3592684
EarlyStopping counter: 3 out of 20
Updating learning rate to 4.239115827521624e-06
	iters: 100, epoch: 34 | loss: 0.7801515
	speed: 0.2988s/iter; left time: 5555.9898s
	iters: 200, epoch: 34 | loss: 0.7196548
	speed: 0.1305s/iter; left time: 2412.8169s
Epoch: 34 cost time: 36.395652532577515
Epoch: 34, Steps: 279 | Train Loss: 0.7579611 Vali Loss: 0.7838882 Test Loss: 0.3592447
EarlyStopping counter: 4 out of 20
Updating learning rate to 3.815204244769462e-06
	iters: 100, epoch: 35 | loss: 0.7661357
	speed: 0.2997s/iter; left time: 5489.1786s
	iters: 200, epoch: 35 | loss: 0.7535478
	speed: 0.1302s/iter; left time: 2371.3310s
Epoch: 35 cost time: 36.3126323223114
Epoch: 35, Steps: 279 | Train Loss: 0.7578461 Vali Loss: 0.7829891 Test Loss: 0.3592229
EarlyStopping counter: 5 out of 20
Updating learning rate to 3.4336838202925152e-06
	iters: 100, epoch: 36 | loss: 0.7488945
	speed: 0.2992s/iter; left time: 5396.9556s
	iters: 200, epoch: 36 | loss: 0.7020087
	speed: 0.1301s/iter; left time: 2334.3511s
Epoch: 36 cost time: 36.34227013587952
Epoch: 36, Steps: 279 | Train Loss: 0.7577208 Vali Loss: 0.7817426 Test Loss: 0.3592022
EarlyStopping counter: 6 out of 20
Updating learning rate to 3.090315438263264e-06
	iters: 100, epoch: 37 | loss: 0.7678361
	speed: 0.2996s/iter; left time: 5320.8708s
	iters: 200, epoch: 37 | loss: 0.7633110
	speed: 0.1303s/iter; left time: 2301.0862s
Epoch: 37 cost time: 36.35162806510925
Epoch: 37, Steps: 279 | Train Loss: 0.7579101 Vali Loss: 0.7836311 Test Loss: 0.3591851
EarlyStopping counter: 7 out of 20
Updating learning rate to 2.7812838944369375e-06
	iters: 100, epoch: 38 | loss: 0.7272702
	speed: 0.2994s/iter; left time: 5233.5115s
	iters: 200, epoch: 38 | loss: 0.6859985
	speed: 0.1302s/iter; left time: 2263.2312s
Epoch: 38 cost time: 36.351810455322266
Epoch: 38, Steps: 279 | Train Loss: 0.7574518 Vali Loss: 0.7817406 Test Loss: 0.3591696
EarlyStopping counter: 8 out of 20
Updating learning rate to 2.503155504993244e-06
	iters: 100, epoch: 39 | loss: 0.7588237
	speed: 0.2996s/iter; left time: 5152.8387s
	iters: 200, epoch: 39 | loss: 0.7119107
	speed: 0.1303s/iter; left time: 2227.9573s
Epoch: 39 cost time: 36.34212279319763
Epoch: 39, Steps: 279 | Train Loss: 0.7576323 Vali Loss: 0.7839007 Test Loss: 0.3591552
EarlyStopping counter: 9 out of 20
Updating learning rate to 2.2528399544939195e-06
	iters: 100, epoch: 40 | loss: 0.7188380
	speed: 0.2999s/iter; left time: 5074.6546s
	iters: 200, epoch: 40 | loss: 0.7171431
	speed: 0.1302s/iter; left time: 2190.6565s
Epoch: 40 cost time: 36.349613666534424
Epoch: 40, Steps: 279 | Train Loss: 0.7575766 Vali Loss: 0.7819860 Test Loss: 0.3591423
EarlyStopping counter: 10 out of 20
Updating learning rate to 2.0275559590445276e-06
	iters: 100, epoch: 41 | loss: 0.7038354
	speed: 0.2990s/iter; left time: 4976.0626s
	iters: 200, epoch: 41 | loss: 0.6911197
	speed: 0.1302s/iter; left time: 2154.3966s
Epoch: 41 cost time: 36.34034848213196
Epoch: 41, Steps: 279 | Train Loss: 0.7575076 Vali Loss: 0.7801833 Test Loss: 0.3591300
Validation loss decreased (0.780929 --> 0.780183).  Saving model ...
Updating learning rate to 1.8248003631400751e-06
	iters: 100, epoch: 42 | loss: 0.7450006
	speed: 0.3030s/iter; left time: 4957.7124s
	iters: 200, epoch: 42 | loss: 0.8323602
	speed: 0.1302s/iter; left time: 2116.8365s
Epoch: 42 cost time: 36.34691643714905
Epoch: 42, Steps: 279 | Train Loss: 0.7572296 Vali Loss: 0.7824795 Test Loss: 0.3591188
EarlyStopping counter: 1 out of 20
Updating learning rate to 1.6423203268260676e-06
	iters: 100, epoch: 43 | loss: 0.6570280
	speed: 0.2995s/iter; left time: 4817.5755s
	iters: 200, epoch: 43 | loss: 0.7612302
	speed: 0.1303s/iter; left time: 2082.6450s
Epoch: 43 cost time: 36.346274614334106
Epoch: 43, Steps: 279 | Train Loss: 0.7575614 Vali Loss: 0.7827159 Test Loss: 0.3591100
EarlyStopping counter: 2 out of 20
Updating learning rate to 1.4780882941434609e-06
	iters: 100, epoch: 44 | loss: 0.6735907
	speed: 0.3001s/iter; left time: 4742.2129s
	iters: 200, epoch: 44 | loss: 0.7113634
	speed: 0.1302s/iter; left time: 2044.8584s
Epoch: 44 cost time: 36.42398977279663
Epoch: 44, Steps: 279 | Train Loss: 0.7572631 Vali Loss: 0.7834216 Test Loss: 0.3591004
EarlyStopping counter: 3 out of 20
Updating learning rate to 1.3302794647291146e-06
	iters: 100, epoch: 45 | loss: 0.8382052
	speed: 0.3001s/iter; left time: 4659.1921s
	iters: 200, epoch: 45 | loss: 0.8084229
	speed: 0.1306s/iter; left time: 2013.7923s
Epoch: 45 cost time: 36.40911340713501
Epoch: 45, Steps: 279 | Train Loss: 0.7573618 Vali Loss: 0.7824543 Test Loss: 0.3590928
EarlyStopping counter: 4 out of 20
Updating learning rate to 1.1972515182562034e-06
	iters: 100, epoch: 46 | loss: 0.7598951
	speed: 0.2999s/iter; left time: 4572.8755s
	iters: 200, epoch: 46 | loss: 0.7031051
	speed: 0.1305s/iter; left time: 1976.8334s
Epoch: 46 cost time: 36.45110034942627
Epoch: 46, Steps: 279 | Train Loss: 0.7573345 Vali Loss: 0.7824126 Test Loss: 0.3590863
EarlyStopping counter: 5 out of 20
Updating learning rate to 1.077526366430583e-06
	iters: 100, epoch: 47 | loss: 0.7524132
	speed: 0.3002s/iter; left time: 4492.3808s
	iters: 200, epoch: 47 | loss: 0.6585188
	speed: 0.1307s/iter; left time: 1943.2489s
Epoch: 47 cost time: 36.44349694252014
Epoch: 47, Steps: 279 | Train Loss: 0.7576368 Vali Loss: 0.7833490 Test Loss: 0.3590795
EarlyStopping counter: 6 out of 20
Updating learning rate to 9.697737297875248e-07
	iters: 100, epoch: 48 | loss: 0.7848674
	speed: 0.3002s/iter; left time: 4408.9712s
	iters: 200, epoch: 48 | loss: 0.7101727
	speed: 0.1305s/iter; left time: 1903.8044s
Epoch: 48 cost time: 36.430521726608276
Epoch: 48, Steps: 279 | Train Loss: 0.7573081 Vali Loss: 0.7800860 Test Loss: 0.3590747
Validation loss decreased (0.780183 --> 0.780086).  Saving model ...
Updating learning rate to 8.727963568087723e-07
	iters: 100, epoch: 49 | loss: 0.7557780
	speed: 0.3007s/iter; left time: 4333.1477s
	iters: 200, epoch: 49 | loss: 0.6707903
	speed: 0.1307s/iter; left time: 1869.6982s
Epoch: 49 cost time: 36.456422567367554
Epoch: 49, Steps: 279 | Train Loss: 0.7572071 Vali Loss: 0.7832652 Test Loss: 0.3590695
EarlyStopping counter: 1 out of 20
Updating learning rate to 7.855167211278951e-07
	iters: 100, epoch: 50 | loss: 0.7230978
	speed: 0.2999s/iter; left time: 4238.0095s
	iters: 200, epoch: 50 | loss: 0.7434562
	speed: 0.1305s/iter; left time: 1830.3187s
Epoch: 50 cost time: 36.43107795715332
Epoch: 50, Steps: 279 | Train Loss: 0.7573066 Vali Loss: 0.7827160 Test Loss: 0.3590634
EarlyStopping counter: 2 out of 20
Updating learning rate to 7.069650490151056e-07
	iters: 100, epoch: 51 | loss: 0.6724168
	speed: 0.2998s/iter; left time: 4152.8368s
	iters: 200, epoch: 51 | loss: 0.7626520
	speed: 0.1306s/iter; left time: 1796.0958s
Epoch: 51 cost time: 36.43499684333801
Epoch: 51, Steps: 279 | Train Loss: 0.7574438 Vali Loss: 0.7811849 Test Loss: 0.3590608
EarlyStopping counter: 3 out of 20
Updating learning rate to 6.36268544113595e-07
	iters: 100, epoch: 52 | loss: 0.7362641
	speed: 0.3004s/iter; left time: 4077.2924s
	iters: 200, epoch: 52 | loss: 0.7604629
	speed: 0.1305s/iter; left time: 1758.4245s
Epoch: 52 cost time: 36.433624267578125
Epoch: 52, Steps: 279 | Train Loss: 0.7573296 Vali Loss: 0.7826834 Test Loss: 0.3590559
EarlyStopping counter: 4 out of 20
Updating learning rate to 5.726416897022355e-07
	iters: 100, epoch: 53 | loss: 0.7488129
	speed: 0.3000s/iter; left time: 3987.3348s
	iters: 200, epoch: 53 | loss: 0.8195555
	speed: 0.1305s/iter; left time: 1721.9631s
Epoch: 53 cost time: 36.41206765174866
Epoch: 53, Steps: 279 | Train Loss: 0.7573274 Vali Loss: 0.7824443 Test Loss: 0.3590524
EarlyStopping counter: 5 out of 20
Updating learning rate to 5.15377520732012e-07
	iters: 100, epoch: 54 | loss: 0.7929993
	speed: 0.2996s/iter; left time: 3899.0392s
	iters: 200, epoch: 54 | loss: 0.7518250
	speed: 0.1305s/iter; left time: 1685.2633s
Epoch: 54 cost time: 36.416677474975586
Epoch: 54, Steps: 279 | Train Loss: 0.7574103 Vali Loss: 0.7825282 Test Loss: 0.3590498
EarlyStopping counter: 6 out of 20
Updating learning rate to 4.6383976865881085e-07
	iters: 100, epoch: 55 | loss: 0.8528852
	speed: 0.2998s/iter; left time: 3818.1927s
	iters: 200, epoch: 55 | loss: 0.7457374
	speed: 0.1306s/iter; left time: 1650.3720s
Epoch: 55 cost time: 36.43927836418152
Epoch: 55, Steps: 279 | Train Loss: 0.7571383 Vali Loss: 0.7834877 Test Loss: 0.3590473
EarlyStopping counter: 7 out of 20
Updating learning rate to 4.174557917929298e-07
	iters: 100, epoch: 56 | loss: 0.6819586
	speed: 0.3003s/iter; left time: 3740.4656s
	iters: 200, epoch: 56 | loss: 0.7655594
	speed: 0.1305s/iter; left time: 1612.0388s
Epoch: 56 cost time: 36.432432651519775
Epoch: 56, Steps: 279 | Train Loss: 0.7571689 Vali Loss: 0.7829547 Test Loss: 0.3590452
EarlyStopping counter: 8 out of 20
Updating learning rate to 3.7571021261363677e-07
	iters: 100, epoch: 57 | loss: 0.7787428
	speed: 0.3002s/iter; left time: 3656.0589s
	iters: 200, epoch: 57 | loss: 0.8117878
	speed: 0.1306s/iter; left time: 1577.1619s
Epoch: 57 cost time: 36.434447050094604
Epoch: 57, Steps: 279 | Train Loss: 0.7568667 Vali Loss: 0.7831919 Test Loss: 0.3590430
EarlyStopping counter: 9 out of 20
Updating learning rate to 3.381391913522731e-07
	iters: 100, epoch: 58 | loss: 0.7436973
	speed: 0.2997s/iter; left time: 3565.2576s
	iters: 200, epoch: 58 | loss: 0.6961920
	speed: 0.1292s/iter; left time: 1524.6945s
Epoch: 58 cost time: 36.288795948028564
Epoch: 58, Steps: 279 | Train Loss: 0.7570938 Vali Loss: 0.7816682 Test Loss: 0.3590406
EarlyStopping counter: 10 out of 20
Updating learning rate to 3.043252722170458e-07
	iters: 100, epoch: 59 | loss: 0.7679011
	speed: 0.3000s/iter; left time: 3486.2591s
	iters: 200, epoch: 59 | loss: 0.7346049
	speed: 0.1306s/iter; left time: 1504.5617s
Epoch: 59 cost time: 36.44411873817444
Epoch: 59, Steps: 279 | Train Loss: 0.7573242 Vali Loss: 0.7816377 Test Loss: 0.3590397
EarlyStopping counter: 11 out of 20
Updating learning rate to 2.7389274499534124e-07
	iters: 100, epoch: 60 | loss: 0.7421305
	speed: 0.3002s/iter; left time: 3403.8762s
	iters: 200, epoch: 60 | loss: 0.8109869
	speed: 0.1305s/iter; left time: 1466.8894s
Epoch: 60 cost time: 36.43276286125183
Epoch: 60, Steps: 279 | Train Loss: 0.7569905 Vali Loss: 0.7819890 Test Loss: 0.3590379
EarlyStopping counter: 12 out of 20
Updating learning rate to 2.465034704958071e-07
	iters: 100, epoch: 61 | loss: 0.7505022
	speed: 0.3003s/iter; left time: 3321.8374s
	iters: 200, epoch: 61 | loss: 0.7515435
	speed: 0.1306s/iter; left time: 1431.7002s
Epoch: 61 cost time: 36.447818756103516
Epoch: 61, Steps: 279 | Train Loss: 0.7573699 Vali Loss: 0.7821885 Test Loss: 0.3590362
EarlyStopping counter: 13 out of 20
Updating learning rate to 2.218531234462264e-07
	iters: 100, epoch: 62 | loss: 0.8334911
	speed: 0.3001s/iter; left time: 3235.6869s
	iters: 200, epoch: 62 | loss: 0.7981413
	speed: 0.1306s/iter; left time: 1394.8775s
Epoch: 62 cost time: 36.45050263404846
Epoch: 62, Steps: 279 | Train Loss: 0.7569091 Vali Loss: 0.7824564 Test Loss: 0.3590351
EarlyStopping counter: 14 out of 20
Updating learning rate to 1.9966781110160376e-07
	iters: 100, epoch: 63 | loss: 0.8508307
	speed: 0.3003s/iter; left time: 3153.6947s
	iters: 200, epoch: 63 | loss: 0.7422600
	speed: 0.1308s/iter; left time: 1360.2899s
Epoch: 63 cost time: 36.48422861099243
Epoch: 63, Steps: 279 | Train Loss: 0.7565864 Vali Loss: 0.7814150 Test Loss: 0.3590342
EarlyStopping counter: 15 out of 20
Updating learning rate to 1.797010299914434e-07
	iters: 100, epoch: 64 | loss: 0.7112191
	speed: 0.3006s/iter; left time: 3073.1012s
	iters: 200, epoch: 64 | loss: 0.7443552
	speed: 0.1307s/iter; left time: 1322.8300s
Epoch: 64 cost time: 36.46834969520569
Epoch: 64, Steps: 279 | Train Loss: 0.7569181 Vali Loss: 0.7825174 Test Loss: 0.3590331
EarlyStopping counter: 16 out of 20
Updating learning rate to 1.6173092699229907e-07
	iters: 100, epoch: 65 | loss: 0.8023672
	speed: 0.3006s/iter; left time: 2989.8798s
	iters: 200, epoch: 65 | loss: 0.7578452
	speed: 0.1307s/iter; left time: 1287.1852s
Epoch: 65 cost time: 36.48027014732361
Epoch: 65, Steps: 279 | Train Loss: 0.7571580 Vali Loss: 0.7824775 Test Loss: 0.3590323
EarlyStopping counter: 17 out of 20
Updating learning rate to 1.4555783429306916e-07
	iters: 100, epoch: 66 | loss: 0.7692857
	speed: 0.3005s/iter; left time: 2904.9896s
	iters: 200, epoch: 66 | loss: 0.7468029
	speed: 0.1307s/iter; left time: 1249.8598s
Epoch: 66 cost time: 36.46833682060242
Epoch: 66, Steps: 279 | Train Loss: 0.7572320 Vali Loss: 0.7835049 Test Loss: 0.3590317
EarlyStopping counter: 18 out of 20
Updating learning rate to 1.3100205086376224e-07
	iters: 100, epoch: 67 | loss: 0.8284560
	speed: 0.3004s/iter; left time: 2819.5455s
	iters: 200, epoch: 67 | loss: 0.7409821
	speed: 0.1308s/iter; left time: 1214.5315s
Epoch: 67 cost time: 36.487905979156494
Epoch: 67, Steps: 279 | Train Loss: 0.7571731 Vali Loss: 0.7824830 Test Loss: 0.3590311
EarlyStopping counter: 19 out of 20
Updating learning rate to 1.1790184577738603e-07
	iters: 100, epoch: 68 | loss: 0.6797065
	speed: 0.3001s/iter; left time: 2732.8716s
	iters: 200, epoch: 68 | loss: 0.7883356
	speed: 0.1305s/iter; left time: 1175.4490s
Epoch: 68 cost time: 36.43030643463135
Epoch: 68, Steps: 279 | Train Loss: 0.7568928 Vali Loss: 0.7820287 Test Loss: 0.3590315
EarlyStopping counter: 20 out of 20
Early stopping
>>>>>>>testing : CMS3_weather_336_720_PatchTST_custom_ftM_sl336_ll48_pl720_dm128_nh16_el3_dl1_df256_fc1_ebtimeF_dtTrue_Exp_0<<<<<<<<<<<<<<<<<<<<<<<<<<<<<<<<<
test 9820
mse:0.3605053424835205, mae:0.37308380007743835, rse:0.792089581489563
