==========================================================
Lanzando Experimento: CMS3_ettm1 | Dataset: ettm1
==========================================================
Args in experiment:
Namespace(random_seed=2021, is_training=1, model_id='CMS3_ettm1_336_96', model='PatchTST', data='ETTm1', root_path='./dataset/', data_path='ETTm1.csv', features='M', target='OT', freq='h', checkpoints='./checkpoints/', seq_len=336, label_len=48, pred_len=96, head_type='cms3', fc_dropout=0.2, head_dropout=0.0, patch_len=16, stride=8, padding_patch='end', revin=1, affine=0, subtract_last=0, decomposition=0, kernel_size=25, individual=0, embed_type=0, enc_in=7, dec_in=7, c_out=7, d_model=128, n_heads=16, e_layers=3, d_layers=1, d_ff=256, moving_avg=25, factor=1, distil=True, dropout=0.2, embed='timeF', activation='gelu', output_attention=False, do_predict=False, num_workers=0, itr=1, train_epochs=100, batch_size=128, patience=20, learning_rate=0.0001, des='Exp', loss='mse', lradj='TST', pct_start=0.4, use_amp=False, use_gpu=True, gpu=0, use_multi_gpu=False, devices='0,1,2,3', test_flop=False)
Use GPU: cuda:0
>>>>>>>start training : CMS3_ettm1_336_96_PatchTST_ETTm1_ftM_sl336_ll48_pl96_dm128_nh16_el3_dl1_df256_fc1_ebtimeF_dtTrue_Exp_0>>>>>>>>>>>>>>>>>>>>>>>>>>
train 34129
val 11425
test 11425
	iters: 100, epoch: 1 | loss: 0.5055999
	speed: 0.0722s/iter; left time: 1912.8304s
	iters: 200, epoch: 1 | loss: 0.5111336
	speed: 0.0482s/iter; left time: 1272.8693s
Epoch: 1 cost time: 13.343355655670166
Epoch: 1, Steps: 266 | Train Loss: 0.4966334 Vali Loss: 0.9134872 Test Loss: 0.6886300
Validation loss decreased (inf --> 0.913487).  Saving model ...
Updating learning rate to 4.147995783958166e-06
	iters: 100, epoch: 2 | loss: 0.5209674
	speed: 0.1153s/iter; left time: 3025.4703s
	iters: 200, epoch: 2 | loss: 0.4901738
	speed: 0.0483s/iter; left time: 1262.8794s
Epoch: 2 cost time: 12.857325077056885
Epoch: 2, Steps: 266 | Train Loss: 0.4961964 Vali Loss: 0.9131324 Test Loss: 0.6877815
Validation loss decreased (0.913487 --> 0.913132).  Saving model ...
Updating learning rate to 4.591070521163098e-06
	iters: 100, epoch: 3 | loss: 0.5013704
	speed: 0.1173s/iter; left time: 3047.2629s
	iters: 200, epoch: 3 | loss: 0.5399612
	speed: 0.0523s/iter; left time: 1353.2905s
Epoch: 3 cost time: 13.664618015289307
Epoch: 3, Steps: 266 | Train Loss: 0.4957870 Vali Loss: 0.9116151 Test Loss: 0.6868217
Validation loss decreased (0.913132 --> 0.911615).  Saving model ...
Updating learning rate to 5.326491995236255e-06
	iters: 100, epoch: 4 | loss: 0.4946383
	speed: 0.1200s/iter; left time: 3084.8452s
	iters: 200, epoch: 4 | loss: 0.5106382
	speed: 0.0517s/iter; left time: 1324.4502s
Epoch: 4 cost time: 13.597514390945435
Epoch: 4, Steps: 266 | Train Loss: 0.4950008 Vali Loss: 0.9102821 Test Loss: 0.6857142
Validation loss decreased (0.911615 --> 0.910282).  Saving model ...
Updating learning rate to 6.349725236277868e-06
	iters: 100, epoch: 5 | loss: 0.5121703
	speed: 0.1173s/iter; left time: 2983.8744s
	iters: 200, epoch: 5 | loss: 0.4425101
	speed: 0.0494s/iter; left time: 1250.8066s
Epoch: 5 cost time: 13.166806697845459
Epoch: 5, Steps: 266 | Train Loss: 0.4944637 Vali Loss: 0.9089864 Test Loss: 0.6844050
Validation loss decreased (0.910282 --> 0.908986).  Saving model ...
Updating learning rate to 7.654460485717921e-06
	iters: 100, epoch: 6 | loss: 0.5559387
	speed: 0.1180s/iter; left time: 2969.2552s
	iters: 200, epoch: 6 | loss: 0.5102451
	speed: 0.0489s/iter; left time: 1224.8316s
Epoch: 6 cost time: 13.135347843170166
Epoch: 6, Steps: 266 | Train Loss: 0.4937830 Vali Loss: 0.9067104 Test Loss: 0.6828508
Validation loss decreased (0.908986 --> 0.906710).  Saving model ...
Updating learning rate to 9.232652105385623e-06
	iters: 100, epoch: 7 | loss: 0.5237196
	speed: 0.1152s/iter; left time: 2867.9497s
	iters: 200, epoch: 7 | loss: 0.4618009
	speed: 0.0521s/iter; left time: 1291.2894s
Epoch: 7 cost time: 13.912548780441284
Epoch: 7, Steps: 266 | Train Loss: 0.4927596 Vali Loss: 0.9041529 Test Loss: 0.6810203
Validation loss decreased (0.906710 --> 0.904153).  Saving model ...
Updating learning rate to 1.1074568190864783e-05
	iters: 100, epoch: 8 | loss: 0.4743208
	speed: 0.1294s/iter; left time: 3187.2641s
	iters: 200, epoch: 8 | loss: 0.4694993
	speed: 0.0595s/iter; left time: 1459.3560s
Epoch: 8 cost time: 15.568009376525879
Epoch: 8, Steps: 266 | Train Loss: 0.4917379 Vali Loss: 0.9021049 Test Loss: 0.6788489
Validation loss decreased (0.904153 --> 0.902105).  Saving model ...
Updating learning rate to 1.316885058319476e-05
	iters: 100, epoch: 9 | loss: 0.4467992
	speed: 0.1329s/iter; left time: 3238.7048s
	iters: 200, epoch: 9 | loss: 0.5095310
	speed: 0.0580s/iter; left time: 1408.8969s
Epoch: 9 cost time: 15.235615015029907
Epoch: 9, Steps: 266 | Train Loss: 0.4903957 Vali Loss: 0.8993680 Test Loss: 0.6763018
Validation loss decreased (0.902105 --> 0.899368).  Saving model ...
Updating learning rate to 1.5502584908855415e-05
	iters: 100, epoch: 10 | loss: 0.4652042
	speed: 0.1200s/iter; left time: 2891.8673s
	iters: 200, epoch: 10 | loss: 0.4793187
	speed: 0.0489s/iter; left time: 1174.5004s
Epoch: 10 cost time: 13.188101768493652
Epoch: 10, Steps: 266 | Train Loss: 0.4889866 Vali Loss: 0.8952172 Test Loss: 0.6732712
Validation loss decreased (0.899368 --> 0.895217).  Saving model ...
Updating learning rate to 1.806138021613527e-05
	iters: 100, epoch: 11 | loss: 0.5011405
	speed: 0.1156s/iter; left time: 2755.5775s
	iters: 200, epoch: 11 | loss: 0.4865471
	speed: 0.0492s/iter; left time: 1166.9598s
Epoch: 11 cost time: 13.089410305023193
Epoch: 11, Steps: 266 | Train Loss: 0.4873327 Vali Loss: 0.8914413 Test Loss: 0.6697066
Validation loss decreased (0.895217 --> 0.891441).  Saving model ...
Updating learning rate to 2.0829457716805565e-05
	iters: 100, epoch: 12 | loss: 0.5003166
	speed: 0.1177s/iter; left time: 2775.7808s
	iters: 200, epoch: 12 | loss: 0.5048684
	speed: 0.0511s/iter; left time: 1198.9021s
Epoch: 12 cost time: 13.578918695449829
Epoch: 12, Steps: 266 | Train Loss: 0.4852946 Vali Loss: 0.8860040 Test Loss: 0.6654257
Validation loss decreased (0.891441 --> 0.886004).  Saving model ...
Updating learning rate to 2.3789748085875986e-05
	iters: 100, epoch: 13 | loss: 0.4641378
	speed: 0.1188s/iter; left time: 2769.1853s
	iters: 200, epoch: 13 | loss: 0.4983418
	speed: 0.0514s/iter; left time: 1192.9621s
Epoch: 13 cost time: 13.57134461402893
Epoch: 13, Steps: 266 | Train Loss: 0.4828965 Vali Loss: 0.8799664 Test Loss: 0.6603097
Validation loss decreased (0.886004 --> 0.879966).  Saving model ...
Updating learning rate to 2.6923996719433387e-05
	iters: 100, epoch: 14 | loss: 0.5009884
	speed: 0.1215s/iter; left time: 2799.3050s
	iters: 200, epoch: 14 | loss: 0.4811470
	speed: 0.0500s/iter; left time: 1147.6316s
Epoch: 14 cost time: 13.711533546447754
Epoch: 14, Steps: 266 | Train Loss: 0.4798597 Vali Loss: 0.8721327 Test Loss: 0.6541310
Validation loss decreased (0.879966 --> 0.872133).  Saving model ...
Updating learning rate to 3.021287630149266e-05
	iters: 100, epoch: 15 | loss: 0.4944119
	speed: 0.1173s/iter; left time: 2671.8746s
	iters: 200, epoch: 15 | loss: 0.4438501
	speed: 0.0491s/iter; left time: 1112.8766s
Epoch: 15 cost time: 13.10379934310913
Epoch: 15, Steps: 266 | Train Loss: 0.4763847 Vali Loss: 0.8624557 Test Loss: 0.6466494
Validation loss decreased (0.872133 --> 0.862456).  Saving model ...
Updating learning rate to 3.363610598571669e-05
	iters: 100, epoch: 16 | loss: 0.4705052
	speed: 0.1159s/iter; left time: 2607.9497s
	iters: 200, epoch: 16 | loss: 0.4610911
	speed: 0.0492s/iter; left time: 1103.4751s
Epoch: 16 cost time: 13.064624786376953
Epoch: 16, Steps: 266 | Train Loss: 0.4723764 Vali Loss: 0.8513414 Test Loss: 0.6377197
Validation loss decreased (0.862456 --> 0.851341).  Saving model ...
Updating learning rate to 3.717257645707274e-05
	iters: 100, epoch: 17 | loss: 0.4859281
	speed: 0.1160s/iter; left time: 2580.2361s
	iters: 200, epoch: 17 | loss: 0.4343906
	speed: 0.0494s/iter; left time: 1094.6349s
Epoch: 17 cost time: 13.108195781707764
Epoch: 17, Steps: 266 | Train Loss: 0.4673073 Vali Loss: 0.8376898 Test Loss: 0.6271513
Validation loss decreased (0.851341 --> 0.837690).  Saving model ...
Updating learning rate to 4.08004801022336e-05
	iters: 100, epoch: 18 | loss: 0.4864955
	speed: 0.1157s/iter; left time: 2543.1206s
	iters: 200, epoch: 18 | loss: 0.4669560
	speed: 0.0492s/iter; left time: 1076.9740s
Epoch: 18 cost time: 13.060898780822754
Epoch: 18, Steps: 266 | Train Loss: 0.4613126 Vali Loss: 0.8225451 Test Loss: 0.6150278
Validation loss decreased (0.837690 --> 0.822545).  Saving model ...
Updating learning rate to 4.4497445486028815e-05
	iters: 100, epoch: 19 | loss: 0.4445587
	speed: 0.1158s/iter; left time: 2515.3466s
	iters: 200, epoch: 19 | loss: 0.4432369
	speed: 0.0494s/iter; left time: 1067.8325s
Epoch: 19 cost time: 13.132679462432861
Epoch: 19, Steps: 266 | Train Loss: 0.4545331 Vali Loss: 0.8048219 Test Loss: 0.6015719
Validation loss decreased (0.822545 --> 0.804822).  Saving model ...
Updating learning rate to 4.8240675304698384e-05
	iters: 100, epoch: 20 | loss: 0.4414002
	speed: 0.1164s/iter; left time: 2496.5843s
	iters: 200, epoch: 20 | loss: 0.4599853
	speed: 0.0494s/iter; left time: 1054.0382s
Epoch: 20 cost time: 13.180108547210693
Epoch: 20, Steps: 266 | Train Loss: 0.4468775 Vali Loss: 0.7848161 Test Loss: 0.5872192
Validation loss decreased (0.804822 --> 0.784816).  Saving model ...
Updating learning rate to 5.2007086965261054e-05
	iters: 100, epoch: 21 | loss: 0.4903367
	speed: 0.1173s/iter; left time: 2484.9620s
	iters: 200, epoch: 21 | loss: 0.4635831
	speed: 0.0492s/iter; left time: 1037.4577s
Epoch: 21 cost time: 13.089085578918457
Epoch: 21, Steps: 266 | Train Loss: 0.4387861 Vali Loss: 0.7644367 Test Loss: 0.5723665
Validation loss decreased (0.784816 --> 0.764437).  Saving model ...
Updating learning rate to 5.5773454924116216e-05
	iters: 100, epoch: 22 | loss: 0.4383009
	speed: 0.1173s/iter; left time: 2452.7354s
	iters: 200, epoch: 22 | loss: 0.4355304
	speed: 0.0492s/iter; left time: 1024.8352s
Epoch: 22 cost time: 13.113290071487427
Epoch: 22, Steps: 266 | Train Loss: 0.4298930 Vali Loss: 0.7412084 Test Loss: 0.5572956
Validation loss decreased (0.764437 --> 0.741208).  Saving model ...
Updating learning rate to 5.95165539071495e-05
	iters: 100, epoch: 23 | loss: 0.3784281
	speed: 0.1157s/iter; left time: 2388.7215s
	iters: 200, epoch: 23 | loss: 0.4307052
	speed: 0.0490s/iter; left time: 1006.1358s
Epoch: 23 cost time: 13.039661169052124
Epoch: 23, Steps: 266 | Train Loss: 0.4207768 Vali Loss: 0.7186037 Test Loss: 0.5421907
Validation loss decreased (0.741208 --> 0.718604).  Saving model ...
Updating learning rate to 6.321330212817643e-05
	iters: 100, epoch: 24 | loss: 0.4489132
	speed: 0.1165s/iter; left time: 2374.8752s
	iters: 200, epoch: 24 | loss: 0.3879929
	speed: 0.0499s/iter; left time: 1011.1341s
Epoch: 24 cost time: 13.242902517318726
Epoch: 24, Steps: 266 | Train Loss: 0.4111743 Vali Loss: 0.6948814 Test Loss: 0.5270301
Validation loss decreased (0.718604 --> 0.694881).  Saving model ...
Updating learning rate to 6.684090362256924e-05
	iters: 100, epoch: 25 | loss: 0.3961198
	speed: 0.1172s/iter; left time: 2356.9198s
	iters: 200, epoch: 25 | loss: 0.3982090
	speed: 0.0500s/iter; left time: 1000.4623s
Epoch: 25 cost time: 13.35772967338562
Epoch: 25, Steps: 266 | Train Loss: 0.4012426 Vali Loss: 0.6715553 Test Loss: 0.5118700
Validation loss decreased (0.694881 --> 0.671555).  Saving model ...
Updating learning rate to 7.037698881836747e-05
	iters: 100, epoch: 26 | loss: 0.4116949
	speed: 0.1172s/iter; left time: 2326.7040s
	iters: 200, epoch: 26 | loss: 0.4051378
	speed: 0.0495s/iter; left time: 977.0152s
Epoch: 26 cost time: 13.161058902740479
Epoch: 26, Steps: 266 | Train Loss: 0.3911446 Vali Loss: 0.6470928 Test Loss: 0.4966042
Validation loss decreased (0.671555 --> 0.647093).  Saving model ...
Updating learning rate to 7.379975247804219e-05
	iters: 100, epoch: 27 | loss: 0.3505746
	speed: 0.1159s/iter; left time: 2269.9830s
	iters: 200, epoch: 27 | loss: 0.3801694
	speed: 0.0494s/iter; left time: 961.8626s
Epoch: 27 cost time: 13.123438358306885
Epoch: 27, Steps: 266 | Train Loss: 0.3808937 Vali Loss: 0.6234239 Test Loss: 0.4812216
Validation loss decreased (0.647093 --> 0.623424).  Saving model ...
Updating learning rate to 7.70880881602968e-05
	iters: 100, epoch: 28 | loss: 0.3698036
	speed: 0.1171s/iter; left time: 2262.8450s
	iters: 200, epoch: 28 | loss: 0.3603347
	speed: 0.0490s/iter; left time: 941.7668s
Epoch: 28 cost time: 13.168843030929565
Epoch: 28, Steps: 266 | Train Loss: 0.3708542 Vali Loss: 0.5994202 Test Loss: 0.4657013
Validation loss decreased (0.623424 --> 0.599420).  Saving model ...
Updating learning rate to 8.02217183727475e-05
	iters: 100, epoch: 29 | loss: 0.3857237
	speed: 0.1157s/iter; left time: 2204.9912s
	iters: 200, epoch: 29 | loss: 0.3433666
	speed: 0.0493s/iter; left time: 934.8391s
Epoch: 29 cost time: 13.082413911819458
Epoch: 29, Steps: 266 | Train Loss: 0.3601737 Vali Loss: 0.5764913 Test Loss: 0.4502895
Validation loss decreased (0.599420 --> 0.576491).  Saving model ...
Updating learning rate to 8.318131961289731e-05
	iters: 100, epoch: 30 | loss: 0.3804513
	speed: 0.1162s/iter; left time: 2183.4954s
	iters: 200, epoch: 30 | loss: 0.3512210
	speed: 0.0489s/iter; left time: 914.7104s
Epoch: 30 cost time: 13.094656229019165
Epoch: 30, Steps: 266 | Train Loss: 0.3497307 Vali Loss: 0.5525150 Test Loss: 0.4345120
Validation loss decreased (0.576491 --> 0.552515).  Saving model ...
Updating learning rate to 8.59486415263404e-05
	iters: 100, epoch: 31 | loss: 0.3700017
	speed: 0.1162s/iter; left time: 2153.0235s
	iters: 200, epoch: 31 | loss: 0.3377233
	speed: 0.0490s/iter; left time: 902.4239s
Epoch: 31 cost time: 13.062390089035034
Epoch: 31, Steps: 266 | Train Loss: 0.3392980 Vali Loss: 0.5307650 Test Loss: 0.4188868
Validation loss decreased (0.552515 --> 0.530765).  Saving model ...
Updating learning rate to 8.850661944740828e-05
	iters: 100, epoch: 32 | loss: 0.3061067
	speed: 0.1156s/iter; left time: 2110.4596s
	iters: 200, epoch: 32 | loss: 0.3429528
	speed: 0.0492s/iter; left time: 892.4352s
Epoch: 32 cost time: 13.074281930923462
Epoch: 32, Steps: 266 | Train Loss: 0.3291233 Vali Loss: 0.5089676 Test Loss: 0.4038005
Validation loss decreased (0.530765 --> 0.508968).  Saving model ...
Updating learning rate to 9.083947962827694e-05
	iters: 100, epoch: 33 | loss: 0.3281564
	speed: 0.1160s/iter; left time: 2085.8671s
	iters: 200, epoch: 33 | loss: 0.2852255
	speed: 0.0491s/iter; left time: 879.0876s
Epoch: 33 cost time: 13.088050127029419
Epoch: 33, Steps: 266 | Train Loss: 0.3192117 Vali Loss: 0.4881596 Test Loss: 0.3894719
Validation loss decreased (0.508968 --> 0.488160).  Saving model ...
Updating learning rate to 9.293283650764084e-05
	iters: 100, epoch: 34 | loss: 0.3289098
	speed: 0.1158s/iter; left time: 2051.7413s
	iters: 200, epoch: 34 | loss: 0.3271109
	speed: 0.0494s/iter; left time: 869.7614s
Epoch: 34 cost time: 13.136922121047974
Epoch: 34, Steps: 266 | Train Loss: 0.3095350 Vali Loss: 0.4696090 Test Loss: 0.3756909
Validation loss decreased (0.488160 --> 0.469609).  Saving model ...
Updating learning rate to 9.477378141914727e-05
	iters: 100, epoch: 35 | loss: 0.2954789
	speed: 0.1163s/iter; left time: 2029.6482s
	iters: 200, epoch: 35 | loss: 0.2920460
	speed: 0.0491s/iter; left time: 851.7911s
Epoch: 35 cost time: 13.058610916137695
Epoch: 35, Steps: 266 | Train Loss: 0.3006593 Vali Loss: 0.4519754 Test Loss: 0.3632856
Validation loss decreased (0.469609 --> 0.451975).  Saving model ...
Updating learning rate to 9.635096219257111e-05
	iters: 100, epoch: 36 | loss: 0.2787562
	speed: 0.1158s/iter; left time: 1990.0561s
	iters: 200, epoch: 36 | loss: 0.3039615
	speed: 0.0489s/iter; left time: 835.4379s
Epoch: 36 cost time: 13.040350914001465
Epoch: 36, Steps: 266 | Train Loss: 0.2921155 Vali Loss: 0.4356017 Test Loss: 0.3518881
Validation loss decreased (0.451975 --> 0.435602).  Saving model ...
Updating learning rate to 9.765465315687045e-05
	iters: 100, epoch: 37 | loss: 0.2836531
	speed: 0.1155s/iter; left time: 1954.9495s
	iters: 200, epoch: 37 | loss: 0.3002566
	speed: 0.0489s/iter; left time: 822.0581s
Epoch: 37 cost time: 13.036465644836426
Epoch: 37, Steps: 266 | Train Loss: 0.2845851 Vali Loss: 0.4223919 Test Loss: 0.3417277
Validation loss decreased (0.435602 --> 0.422392).  Saving model ...
Updating learning rate to 9.867681511344941e-05
	iters: 100, epoch: 38 | loss: 0.2663943
	speed: 0.1157s/iter; left time: 1927.4650s
	iters: 200, epoch: 38 | loss: 0.2815896
	speed: 0.0490s/iter; left time: 811.5815s
Epoch: 38 cost time: 13.054712057113647
Epoch: 38, Steps: 266 | Train Loss: 0.2775793 Vali Loss: 0.4102235 Test Loss: 0.3332679
Validation loss decreased (0.422392 --> 0.410224).  Saving model ...
Updating learning rate to 9.941114490980398e-05
	iters: 100, epoch: 39 | loss: 0.2705047
	speed: 0.1189s/iter; left time: 1948.4327s
	iters: 200, epoch: 39 | loss: 0.2755389
	speed: 0.0564s/iter; left time: 918.5174s
Epoch: 39 cost time: 14.272255420684814
Epoch: 39, Steps: 266 | Train Loss: 0.2718440 Vali Loss: 0.4002252 Test Loss: 0.3255701
Validation loss decreased (0.410224 --> 0.400225).  Saving model ...
Updating learning rate to 9.98531143078552e-05
	iters: 100, epoch: 40 | loss: 0.2816532
	speed: 0.1297s/iter; left time: 2091.0895s
	iters: 200, epoch: 40 | loss: 0.2616061
	speed: 0.0497s/iter; left time: 796.4991s
Epoch: 40 cost time: 14.036280155181885
Epoch: 40, Steps: 266 | Train Loss: 0.2664619 Vali Loss: 0.3918155 Test Loss: 0.3190355
Validation loss decreased (0.400225 --> 0.391816).  Saving model ...
Updating learning rate to 9.999999903133806e-05
	iters: 100, epoch: 41 | loss: 0.2690566
	speed: 0.1159s/iter; left time: 1837.6642s
	iters: 200, epoch: 41 | loss: 0.2496574
	speed: 0.0491s/iter; left time: 773.8344s
Epoch: 41 cost time: 13.066736698150635
Epoch: 41, Steps: 266 | Train Loss: 0.2618733 Vali Loss: 0.3849863 Test Loss: 0.3138897
Validation loss decreased (0.391816 --> 0.384986).  Saving model ...
Updating learning rate to 9.993096095176514e-05
	iters: 100, epoch: 42 | loss: 0.2552179
	speed: 0.1158s/iter; left time: 1806.2120s
	iters: 200, epoch: 42 | loss: 0.2505030
	speed: 0.0489s/iter; left time: 758.4095s
Epoch: 42 cost time: 13.109734296798706
Epoch: 42, Steps: 266 | Train Loss: 0.2578228 Vali Loss: 0.3788474 Test Loss: 0.3098027
Validation loss decreased (0.384986 --> 0.378847).  Saving model ...
Updating learning rate to 9.972506612706808e-05
	iters: 100, epoch: 43 | loss: 0.2636219
	speed: 0.1165s/iter; left time: 1786.2596s
	iters: 200, epoch: 43 | loss: 0.2461231
	speed: 0.0497s/iter; left time: 757.1822s
Epoch: 43 cost time: 13.311863422393799
Epoch: 43, Steps: 266 | Train Loss: 0.2545188 Vali Loss: 0.3746055 Test Loss: 0.3064015
Validation loss decreased (0.378847 --> 0.374606).  Saving model ...
Updating learning rate to 9.93828789006498e-05
	iters: 100, epoch: 44 | loss: 0.2486070
	speed: 0.1219s/iter; left time: 1836.3395s
	iters: 200, epoch: 44 | loss: 0.2508992
	speed: 0.0503s/iter; left time: 752.0518s
Epoch: 44 cost time: 13.330511331558228
Epoch: 44, Steps: 266 | Train Loss: 0.2515204 Vali Loss: 0.3716024 Test Loss: 0.3036804
Validation loss decreased (0.374606 --> 0.371602).  Saving model ...
Updating learning rate to 9.890533718391275e-05
	iters: 100, epoch: 45 | loss: 0.2666030
	speed: 0.1195s/iter; left time: 1767.9846s
	iters: 200, epoch: 45 | loss: 0.2654003
	speed: 0.0508s/iter; left time: 746.2493s
Epoch: 45 cost time: 13.58568000793457
Epoch: 45, Steps: 266 | Train Loss: 0.2489109 Vali Loss: 0.3689219 Test Loss: 0.3010061
Validation loss decreased (0.371602 --> 0.368922).  Saving model ...
Updating learning rate to 9.829374988550901e-05
	iters: 100, epoch: 46 | loss: 0.2431940
	speed: 0.1180s/iter; left time: 1714.2104s
	iters: 200, epoch: 46 | loss: 0.2530634
	speed: 0.0502s/iter; left time: 724.4677s
Epoch: 46 cost time: 13.408451795578003
Epoch: 46, Steps: 266 | Train Loss: 0.2468456 Vali Loss: 0.3665370 Test Loss: 0.2992176
Validation loss decreased (0.368922 --> 0.366537).  Saving model ...
Updating learning rate to 9.754979332371259e-05
	iters: 100, epoch: 47 | loss: 0.2297941
	speed: 0.1175s/iter; left time: 1676.6393s
	iters: 200, epoch: 47 | loss: 0.2239180
	speed: 0.0503s/iter; left time: 712.9349s
Epoch: 47 cost time: 13.307910919189453
Epoch: 47, Steps: 266 | Train Loss: 0.2447822 Vali Loss: 0.3653885 Test Loss: 0.2978920
Validation loss decreased (0.366537 --> 0.365389).  Saving model ...
Updating learning rate to 9.667550663174757e-05
	iters: 100, epoch: 48 | loss: 0.2338356
	speed: 0.1193s/iter; left time: 1669.5648s
	iters: 200, epoch: 48 | loss: 0.2227945
	speed: 0.0508s/iter; left time: 705.7663s
Epoch: 48 cost time: 13.51060175895691
Epoch: 48, Steps: 266 | Train Loss: 0.2428990 Vali Loss: 0.3624410 Test Loss: 0.2966962
Validation loss decreased (0.365389 --> 0.362441).  Saving model ...
Updating learning rate to 9.567328616866573e-05
	iters: 100, epoch: 49 | loss: 0.2526809
	speed: 0.1183s/iter; left time: 1625.2529s
	iters: 200, epoch: 49 | loss: 0.2607152
	speed: 0.0503s/iter; left time: 685.9881s
Epoch: 49 cost time: 13.454686880111694
Epoch: 49, Steps: 266 | Train Loss: 0.2415184 Vali Loss: 0.3622731 Test Loss: 0.2954957
Validation loss decreased (0.362441 --> 0.362273).  Saving model ...
Updating learning rate to 9.454587895109285e-05
	iters: 100, epoch: 50 | loss: 0.2485488
	speed: 0.1178s/iter; left time: 1586.5265s
	iters: 200, epoch: 50 | loss: 0.2362865
	speed: 0.0508s/iter; left time: 678.7834s
Epoch: 50 cost time: 13.917209148406982
Epoch: 50, Steps: 266 | Train Loss: 0.2398779 Vali Loss: 0.3610232 Test Loss: 0.2944956
Validation loss decreased (0.362273 --> 0.361023).  Saving model ...
Updating learning rate to 9.329637512384722e-05
	iters: 100, epoch: 51 | loss: 0.2275381
	speed: 0.1303s/iter; left time: 1719.9311s
	iters: 200, epoch: 51 | loss: 0.2599319
	speed: 0.0500s/iter; left time: 654.4737s
Epoch: 51 cost time: 14.055024862289429
Epoch: 51, Steps: 266 | Train Loss: 0.2385389 Vali Loss: 0.3605384 Test Loss: 0.2942778
Validation loss decreased (0.361023 --> 0.360538).  Saving model ...
Updating learning rate to 9.192819949006735e-05
	iters: 100, epoch: 52 | loss: 0.2473408
	speed: 0.1175s/iter; left time: 1520.0986s
	iters: 200, epoch: 52 | loss: 0.2291210
	speed: 0.0504s/iter; left time: 647.4174s
Epoch: 52 cost time: 13.37610387802124
Epoch: 52, Steps: 266 | Train Loss: 0.2372979 Vali Loss: 0.3599351 Test Loss: 0.2936865
Validation loss decreased (0.360538 --> 0.359935).  Saving model ...
Updating learning rate to 9.044510212406473e-05
	iters: 100, epoch: 53 | loss: 0.2224145
	speed: 0.1171s/iter; left time: 1483.9602s
	iters: 200, epoch: 53 | loss: 0.2282545
	speed: 0.0499s/iter; left time: 627.8070s
Epoch: 53 cost time: 13.36539602279663
Epoch: 53, Steps: 266 | Train Loss: 0.2361362 Vali Loss: 0.3595074 Test Loss: 0.2931522
Validation loss decreased (0.359935 --> 0.359507).  Saving model ...
Updating learning rate to 8.885114809263072e-05
	iters: 100, epoch: 54 | loss: 0.2436461
	speed: 0.1195s/iter; left time: 1481.6956s
	iters: 200, epoch: 54 | loss: 0.2275702
	speed: 0.0489s/iter; left time: 602.1061s
Epoch: 54 cost time: 13.245236873626709
Epoch: 54, Steps: 266 | Train Loss: 0.2348760 Vali Loss: 0.3589054 Test Loss: 0.2925937
Validation loss decreased (0.359507 --> 0.358905).  Saving model ...
Updating learning rate to 8.71507063129711e-05
	iters: 100, epoch: 55 | loss: 0.2140098
	speed: 0.1157s/iter; left time: 1404.7527s
	iters: 200, epoch: 55 | loss: 0.2239387
	speed: 0.0489s/iter; left time: 589.1519s
Epoch: 55 cost time: 13.019083261489868
Epoch: 55, Steps: 266 | Train Loss: 0.2340006 Vali Loss: 0.3587520 Test Loss: 0.2923700
Validation loss decreased (0.358905 --> 0.358752).  Saving model ...
Updating learning rate to 8.534843757780764e-05
	iters: 100, epoch: 56 | loss: 0.2444695
	speed: 0.1159s/iter; left time: 1375.2689s
	iters: 200, epoch: 56 | loss: 0.2349768
	speed: 0.0490s/iter; left time: 576.4521s
Epoch: 56 cost time: 13.03985857963562
Epoch: 56, Steps: 266 | Train Loss: 0.2330201 Vali Loss: 0.3578381 Test Loss: 0.2922117
Validation loss decreased (0.358752 --> 0.357838).  Saving model ...
Updating learning rate to 8.34492817804693e-05
	iters: 100, epoch: 57 | loss: 0.2201376
	speed: 0.1168s/iter; left time: 1355.1183s
	iters: 200, epoch: 57 | loss: 0.2346279
	speed: 0.0490s/iter; left time: 564.2583s
Epoch: 57 cost time: 13.18848466873169
Epoch: 57, Steps: 266 | Train Loss: 0.2320218 Vali Loss: 0.3571402 Test Loss: 0.2917539
Validation loss decreased (0.357838 --> 0.357140).  Saving model ...
Updating learning rate to 8.145844437498785e-05
	iters: 100, epoch: 58 | loss: 0.2301739
	speed: 0.1158s/iter; left time: 1313.2295s
	iters: 200, epoch: 58 | loss: 0.2455726
	speed: 0.0490s/iter; left time: 551.1802s
Epoch: 58 cost time: 13.025847673416138
Epoch: 58, Steps: 266 | Train Loss: 0.2309584 Vali Loss: 0.3574016 Test Loss: 0.2911967
EarlyStopping counter: 1 out of 20
Updating learning rate to 7.938138210831032e-05
	iters: 100, epoch: 59 | loss: 0.2362337
	speed: 0.1149s/iter; left time: 1272.1383s
	iters: 200, epoch: 59 | loss: 0.2427755
	speed: 0.0490s/iter; left time: 537.4205s
Epoch: 59 cost time: 13.006325006484985
Epoch: 59, Steps: 266 | Train Loss: 0.2304146 Vali Loss: 0.3569045 Test Loss: 0.2909288
Validation loss decreased (0.357140 --> 0.356904).  Saving model ...
Updating learning rate to 7.722378806373484e-05
	iters: 100, epoch: 60 | loss: 0.2204386
	speed: 0.1156s/iter; left time: 1249.0468s
	iters: 200, epoch: 60 | loss: 0.2127963
	speed: 0.0497s/iter; left time: 531.7006s
Epoch: 60 cost time: 13.13593316078186
Epoch: 60, Steps: 266 | Train Loss: 0.2296957 Vali Loss: 0.3568837 Test Loss: 0.2909234
Validation loss decreased (0.356904 --> 0.356884).  Saving model ...
Updating learning rate to 7.499157605656507e-05
	iters: 100, epoch: 61 | loss: 0.2343048
	speed: 0.1169s/iter; left time: 1232.1805s
	iters: 200, epoch: 61 | loss: 0.2263703
	speed: 0.0489s/iter; left time: 510.4585s
Epoch: 61 cost time: 13.113346099853516
Epoch: 61, Steps: 266 | Train Loss: 0.2287809 Vali Loss: 0.3574241 Test Loss: 0.2908883
EarlyStopping counter: 1 out of 20
Updating learning rate to 7.26908644247535e-05
	iters: 100, epoch: 62 | loss: 0.2143617
	speed: 0.1148s/iter; left time: 1179.8834s
	iters: 200, epoch: 62 | loss: 0.2374326
	speed: 0.0490s/iter; left time: 498.1563s
Epoch: 62 cost time: 13.045931339263916
Epoch: 62, Steps: 266 | Train Loss: 0.2281553 Vali Loss: 0.3570127 Test Loss: 0.2910241
EarlyStopping counter: 2 out of 20
Updating learning rate to 7.032795925896242e-05
	iters: 100, epoch: 63 | loss: 0.2232905
	speed: 0.1174s/iter; left time: 1175.2250s
	iters: 200, epoch: 63 | loss: 0.2419067
	speed: 0.0492s/iter; left time: 487.3171s
Epoch: 63 cost time: 13.405229091644287
Epoch: 63, Steps: 266 | Train Loss: 0.2273847 Vali Loss: 0.3569231 Test Loss: 0.2908310
EarlyStopping counter: 3 out of 20
Updating learning rate to 6.790933711800776e-05
	iters: 100, epoch: 64 | loss: 0.2211851
	speed: 0.1170s/iter; left time: 1139.6583s
	iters: 200, epoch: 64 | loss: 0.2119571
	speed: 0.0496s/iter; left time: 478.3515s
Epoch: 64 cost time: 13.225868463516235
Epoch: 64, Steps: 266 | Train Loss: 0.2267355 Vali Loss: 0.3566021 Test Loss: 0.2907561
Validation loss decreased (0.356884 --> 0.356602).  Saving model ...
Updating learning rate to 6.544162727706148e-05
	iters: 100, epoch: 65 | loss: 0.2167320
	speed: 0.1177s/iter; left time: 1115.3586s
	iters: 200, epoch: 65 | loss: 0.2146094
	speed: 0.0490s/iter; left time: 459.8128s
Epoch: 65 cost time: 13.184762477874756
Epoch: 65, Steps: 266 | Train Loss: 0.2261588 Vali Loss: 0.3562556 Test Loss: 0.2906200
Validation loss decreased (0.356602 --> 0.356256).  Saving model ...
Updating learning rate to 6.293159355726925e-05
	iters: 100, epoch: 66 | loss: 0.2241369
	speed: 0.1157s/iter; left time: 1066.0925s
	iters: 200, epoch: 66 | loss: 0.2210171
	speed: 0.0489s/iter; left time: 445.5233s
Epoch: 66 cost time: 13.03991413116455
Epoch: 66, Steps: 266 | Train Loss: 0.2256984 Vali Loss: 0.3567764 Test Loss: 0.2904457
EarlyStopping counter: 1 out of 20
Updating learning rate to 6.038611578658668e-05
	iters: 100, epoch: 67 | loss: 0.2417429
	speed: 0.1151s/iter; left time: 1029.8121s
	iters: 200, epoch: 67 | loss: 0.2255165
	speed: 0.0490s/iter; left time: 433.1638s
Epoch: 67 cost time: 13.048845767974854
Epoch: 67, Steps: 266 | Train Loss: 0.2252260 Vali Loss: 0.3570979 Test Loss: 0.2906279
EarlyStopping counter: 2 out of 20
Updating learning rate to 5.7812170942649225e-05
	iters: 100, epoch: 68 | loss: 0.2412219
	speed: 0.1159s/iter; left time: 1005.6818s
	iters: 200, epoch: 68 | loss: 0.2462574
	speed: 0.0490s/iter; left time: 420.7607s
Epoch: 68 cost time: 13.078543663024902
Epoch: 68, Steps: 266 | Train Loss: 0.2247461 Vali Loss: 0.3566737 Test Loss: 0.2902805
EarlyStopping counter: 3 out of 20
Updating learning rate to 5.521681402936143e-05
	iters: 100, epoch: 69 | loss: 0.2452994
	speed: 0.1153s/iter; left time: 969.7727s
	iters: 200, epoch: 69 | loss: 0.2355233
	speed: 0.0490s/iter; left time: 407.0754s
Epoch: 69 cost time: 13.19938039779663
Epoch: 69, Steps: 266 | Train Loss: 0.2242415 Vali Loss: 0.3565468 Test Loss: 0.2904787
EarlyStopping counter: 4 out of 20
Updating learning rate to 5.260715873962152e-05
	iters: 100, epoch: 70 | loss: 0.2197958
	speed: 0.1164s/iter; left time: 948.3883s
	iters: 200, epoch: 70 | loss: 0.2027101
	speed: 0.0510s/iter; left time: 410.1238s
Epoch: 70 cost time: 13.306761980056763
Epoch: 70, Steps: 266 | Train Loss: 0.2236964 Vali Loss: 0.3567304 Test Loss: 0.2905040
EarlyStopping counter: 5 out of 20
Updating learning rate to 4.999035795718381e-05
	iters: 100, epoch: 71 | loss: 0.2264061
	speed: 0.1221s/iter; left time: 962.4469s
	iters: 200, epoch: 71 | loss: 0.2107365
	speed: 0.0546s/iter; left time: 424.7126s
Epoch: 71 cost time: 14.2142972946167
Epoch: 71, Steps: 266 | Train Loss: 0.2231889 Vali Loss: 0.3567112 Test Loss: 0.2907083
EarlyStopping counter: 6 out of 20
Updating learning rate to 4.737358415110133e-05
	iters: 100, epoch: 72 | loss: 0.2202497
	speed: 0.1147s/iter; left time: 873.4579s
	iters: 200, epoch: 72 | loss: 0.2269714
	speed: 0.0490s/iter; left time: 368.5800s
Epoch: 72 cost time: 13.053734064102173
Epoch: 72, Steps: 266 | Train Loss: 0.2230013 Vali Loss: 0.3568697 Test Loss: 0.2904904
EarlyStopping counter: 7 out of 20
Updating learning rate to 4.476400971648687e-05
	iters: 100, epoch: 73 | loss: 0.2369385
	speed: 0.1153s/iter; left time: 847.5201s
	iters: 200, epoch: 73 | loss: 0.2261615
	speed: 0.0492s/iter; left time: 356.3244s
Epoch: 73 cost time: 13.041259527206421
Epoch: 73, Steps: 266 | Train Loss: 0.2223566 Vali Loss: 0.3567918 Test Loss: 0.2907828
EarlyStopping counter: 8 out of 20
Updating learning rate to 4.2168787315476384e-05
	iters: 100, epoch: 74 | loss: 0.2107586
	speed: 0.1149s/iter; left time: 814.0519s
	iters: 200, epoch: 74 | loss: 0.2110579
	speed: 0.0492s/iter; left time: 343.5777s
Epoch: 74 cost time: 13.062031745910645
Epoch: 74, Steps: 266 | Train Loss: 0.2221315 Vali Loss: 0.3567663 Test Loss: 0.2905913
EarlyStopping counter: 9 out of 20
Updating learning rate to 3.959503027227936e-05
	iters: 100, epoch: 75 | loss: 0.2316153
	speed: 0.1152s/iter; left time: 785.1754s
	iters: 200, epoch: 75 | loss: 0.2396444
	speed: 0.0494s/iter; left time: 331.7801s
Epoch: 75 cost time: 13.086621761322021
Epoch: 75, Steps: 266 | Train Loss: 0.2216519 Vali Loss: 0.3565354 Test Loss: 0.2906660
EarlyStopping counter: 10 out of 20
Updating learning rate to 3.704979307605154e-05
	iters: 100, epoch: 76 | loss: 0.2133376
	speed: 0.1152s/iter; left time: 754.8546s
	iters: 200, epoch: 76 | loss: 0.2162272
	speed: 0.0557s/iter; left time: 359.0162s
Epoch: 76 cost time: 13.799349308013916
Epoch: 76, Steps: 266 | Train Loss: 0.2213860 Vali Loss: 0.3563873 Test Loss: 0.2905796
EarlyStopping counter: 11 out of 20
Updating learning rate to 3.454005204503052e-05
	iters: 100, epoch: 77 | loss: 0.2230552
	speed: 0.1173s/iter; left time: 737.1427s
	iters: 200, epoch: 77 | loss: 0.2174446
	speed: 0.0513s/iter; left time: 317.2418s
Epoch: 77 cost time: 13.48013710975647
Epoch: 77, Steps: 266 | Train Loss: 0.2212957 Vali Loss: 0.3568102 Test Loss: 0.2904045
EarlyStopping counter: 12 out of 20
Updating learning rate to 3.207268620493234e-05
	iters: 100, epoch: 78 | loss: 0.1862943
	speed: 0.1182s/iter; left time: 711.2940s
	iters: 200, epoch: 78 | loss: 0.2125973
	speed: 0.0495s/iter; left time: 292.8625s
Epoch: 78 cost time: 13.338533639907837
Epoch: 78, Steps: 266 | Train Loss: 0.2208888 Vali Loss: 0.3566114 Test Loss: 0.2905987
EarlyStopping counter: 13 out of 20
Updating learning rate to 2.965445843402027e-05
	iters: 100, epoch: 79 | loss: 0.2399852
	speed: 0.1152s/iter; left time: 662.6968s
	iters: 200, epoch: 79 | loss: 0.2333713
	speed: 0.0491s/iter; left time: 277.6423s
Epoch: 79 cost time: 13.058505058288574
Epoch: 79, Steps: 266 | Train Loss: 0.2207018 Vali Loss: 0.3566535 Test Loss: 0.2907009
EarlyStopping counter: 14 out of 20
Updating learning rate to 2.729199692652537e-05
	iters: 100, epoch: 80 | loss: 0.2172048
	speed: 0.1151s/iter; left time: 631.2815s
	iters: 200, epoch: 80 | loss: 0.2330871
	speed: 0.0491s/iter; left time: 264.6591s
Epoch: 80 cost time: 13.053831577301025
Epoch: 80, Steps: 266 | Train Loss: 0.2205144 Vali Loss: 0.3566427 Test Loss: 0.2906136
EarlyStopping counter: 15 out of 20
Updating learning rate to 2.4991777025227013e-05
	iters: 100, epoch: 81 | loss: 0.1965195
	speed: 0.1156s/iter; left time: 603.6750s
	iters: 200, epoch: 81 | loss: 0.2055094
	speed: 0.0489s/iter; left time: 250.6086s
Epoch: 81 cost time: 13.138016939163208
Epoch: 81, Steps: 266 | Train Loss: 0.2201898 Vali Loss: 0.3564118 Test Loss: 0.2905360
EarlyStopping counter: 16 out of 20
Updating learning rate to 2.2760103472988355e-05
	iters: 100, epoch: 82 | loss: 0.2203023
	speed: 0.1158s/iter; left time: 573.8675s
	iters: 200, epoch: 82 | loss: 0.2183297
	speed: 0.0490s/iter; left time: 238.0388s
Epoch: 82 cost time: 13.029059171676636
Epoch: 82, Steps: 266 | Train Loss: 0.2199375 Vali Loss: 0.3568558 Test Loss: 0.2905512
EarlyStopping counter: 17 out of 20
Updating learning rate to 2.0603093131894333e-05
	iters: 100, epoch: 83 | loss: 0.2135639
	speed: 0.1152s/iter; left time: 540.3492s
	iters: 200, epoch: 83 | loss: 0.2520123
	speed: 0.0492s/iter; left time: 225.6700s
Epoch: 83 cost time: 13.081479787826538
Epoch: 83, Steps: 266 | Train Loss: 0.2196799 Vali Loss: 0.3571169 Test Loss: 0.2906061
EarlyStopping counter: 18 out of 20
Updating learning rate to 1.852665821735796e-05
	iters: 100, epoch: 84 | loss: 0.2048016
	speed: 0.1150s/iter; left time: 508.4805s
	iters: 200, epoch: 84 | loss: 0.2325113
	speed: 0.0491s/iter; left time: 212.2322s
Epoch: 84 cost time: 13.050952196121216
Epoch: 84, Steps: 266 | Train Loss: 0.2195106 Vali Loss: 0.3567725 Test Loss: 0.2907448
EarlyStopping counter: 19 out of 20
Updating learning rate to 1.653649009314874e-05
	iters: 100, epoch: 85 | loss: 0.2095490
	speed: 0.1150s/iter; left time: 477.9158s
	iters: 200, epoch: 85 | loss: 0.2155217
	speed: 0.0490s/iter; left time: 198.7163s
Epoch: 85 cost time: 13.033598184585571
Epoch: 85, Steps: 266 | Train Loss: 0.2193283 Vali Loss: 0.3563727 Test Loss: 0.2904648
EarlyStopping counter: 20 out of 20
Early stopping
>>>>>>>testing : CMS3_ettm1_336_96_PatchTST_ETTm1_ftM_sl336_ll48_pl96_dm128_nh16_el3_dl1_df256_fc1_ebtimeF_dtTrue_Exp_0<<<<<<<<<<<<<<<<<<<<<<<<<<<<<<<<<
test 11425
mse:0.29156509041786194, mae:0.34499555826187134, rse:0.5136358141899109
Args in experiment:
Namespace(random_seed=2021, is_training=1, model_id='CMS3_ettm1_336_192', model='PatchTST', data='ETTm1', root_path='./dataset/', data_path='ETTm1.csv', features='M', target='OT', freq='h', checkpoints='./checkpoints/', seq_len=336, label_len=48, pred_len=192, head_type='cms3', fc_dropout=0.2, head_dropout=0.0, patch_len=16, stride=8, padding_patch='end', revin=1, affine=0, subtract_last=0, decomposition=0, kernel_size=25, individual=0, embed_type=0, enc_in=7, dec_in=7, c_out=7, d_model=128, n_heads=16, e_layers=3, d_layers=1, d_ff=256, moving_avg=25, factor=1, distil=True, dropout=0.2, embed='timeF', activation='gelu', output_attention=False, do_predict=False, num_workers=0, itr=1, train_epochs=100, batch_size=128, patience=20, learning_rate=0.0001, des='Exp', loss='mse', lradj='TST', pct_start=0.4, use_amp=False, use_gpu=True, gpu=0, use_multi_gpu=False, devices='0,1,2,3', test_flop=False)
Use GPU: cuda:0
>>>>>>>start training : CMS3_ettm1_336_192_PatchTST_ETTm1_ftM_sl336_ll48_pl192_dm128_nh16_el3_dl1_df256_fc1_ebtimeF_dtTrue_Exp_0>>>>>>>>>>>>>>>>>>>>>>>>>>
train 34033
val 11329
test 11329
	iters: 100, epoch: 1 | loss: 0.4975450
	speed: 0.0718s/iter; left time: 1896.6288s
	iters: 200, epoch: 1 | loss: 0.5427671
	speed: 0.0493s/iter; left time: 1295.3446s
Epoch: 1 cost time: 13.435499668121338
Epoch: 1, Steps: 265 | Train Loss: 0.5172986 Vali Loss: 0.9915310 Test Loss: 0.6970524
Validation loss decreased (inf --> 0.991531).  Saving model ...
Updating learning rate to 4.147995888890545e-06
	iters: 100, epoch: 2 | loss: 0.5551983
	speed: 0.1181s/iter; left time: 3086.9408s
	iters: 200, epoch: 2 | loss: 0.5615808
	speed: 0.0509s/iter; left time: 1325.5525s
Epoch: 2 cost time: 13.299338340759277
Epoch: 2, Steps: 265 | Train Loss: 0.5170732 Vali Loss: 0.9903618 Test Loss: 0.6964719
Validation loss decreased (0.991531 --> 0.990362).  Saving model ...
Updating learning rate to 4.591070939598485e-06
	iters: 100, epoch: 3 | loss: 0.4825384
	speed: 0.1186s/iter; left time: 3068.2984s
	iters: 200, epoch: 3 | loss: 0.4824876
	speed: 0.0494s/iter; left time: 1271.8166s
Epoch: 3 cost time: 13.185699701309204
Epoch: 3, Steps: 265 | Train Loss: 0.5168135 Vali Loss: 0.9890942 Test Loss: 0.6958351
Validation loss decreased (0.990362 --> 0.989094).  Saving model ...
Updating learning rate to 5.326492931874866e-06
	iters: 100, epoch: 4 | loss: 0.4943841
	speed: 0.1197s/iter; left time: 3065.5738s
	iters: 200, epoch: 4 | loss: 0.4993388
	speed: 0.0493s/iter; left time: 1256.2412s
Epoch: 4 cost time: 13.024130821228027
Epoch: 4, Steps: 265 | Train Loss: 0.5163233 Vali Loss: 0.9889885 Test Loss: 0.6950932
Validation loss decreased (0.989094 --> 0.988989).  Saving model ...
Updating learning rate to 6.349726889409005e-06
	iters: 100, epoch: 5 | loss: 0.4892669
	speed: 0.1163s/iter; left time: 2947.7435s
	iters: 200, epoch: 5 | loss: 0.4905742
	speed: 0.0493s/iter; left time: 1243.2764s
Epoch: 5 cost time: 13.03158712387085
Epoch: 5, Steps: 265 | Train Loss: 0.5159100 Vali Loss: 0.9884271 Test Loss: 0.6942196
Validation loss decreased (0.988989 --> 0.988427).  Saving model ...
Updating learning rate to 7.654463044738896e-06
	iters: 100, epoch: 6 | loss: 0.4944302
	speed: 0.1165s/iter; left time: 2921.8333s
	iters: 200, epoch: 6 | loss: 0.5515497
	speed: 0.0489s/iter; left time: 1221.2681s
Epoch: 6 cost time: 13.02029538154602
Epoch: 6, Steps: 265 | Train Loss: 0.5153870 Vali Loss: 0.9865677 Test Loss: 0.6931801
Validation loss decreased (0.988427 --> 0.986568).  Saving model ...
Updating learning rate to 9.232655748403029e-06
	iters: 100, epoch: 7 | loss: 0.4935734
	speed: 0.1165s/iter; left time: 2891.0005s
	iters: 200, epoch: 7 | loss: 0.4646135
	speed: 0.0491s/iter; left time: 1212.2972s
Epoch: 7 cost time: 12.996090412139893
Epoch: 7, Steps: 265 | Train Loss: 0.5146951 Vali Loss: 0.9850533 Test Loss: 0.6919577
Validation loss decreased (0.986568 --> 0.985053).  Saving model ...
Updating learning rate to 1.107457308240065e-05
	iters: 100, epoch: 8 | loss: 0.5174451
	speed: 0.1161s/iter; left time: 2849.9919s
	iters: 200, epoch: 8 | loss: 0.4921960
	speed: 0.0492s/iter; left time: 1201.5958s
Epoch: 8 cost time: 13.018880367279053
Epoch: 8, Steps: 265 | Train Loss: 0.5140001 Vali Loss: 0.9835278 Test Loss: 0.6905199
Validation loss decreased (0.985053 --> 0.983528).  Saving model ...
Updating learning rate to 1.3168856872018862e-05
	iters: 100, epoch: 9 | loss: 0.5570267
	speed: 0.1166s/iter; left time: 2830.2731s
	iters: 200, epoch: 9 | loss: 0.5157710
	speed: 0.0494s/iter; left time: 1194.5828s
Epoch: 9 cost time: 13.072735786437988
Epoch: 9, Steps: 265 | Train Loss: 0.5130856 Vali Loss: 0.9814942 Test Loss: 0.6888433
Validation loss decreased (0.983528 --> 0.981494).  Saving model ...
Updating learning rate to 1.550259272596464e-05
	iters: 100, epoch: 10 | loss: 0.5007222
	speed: 0.1161s/iter; left time: 2789.0865s
	iters: 200, epoch: 10 | loss: 0.5170662
	speed: 0.0492s/iter; left time: 1176.9792s
Epoch: 10 cost time: 12.99393081665039
Epoch: 10, Steps: 265 | Train Loss: 0.5121128 Vali Loss: 0.9796352 Test Loss: 0.6868616
Validation loss decreased (0.981494 --> 0.979635).  Saving model ...
Updating learning rate to 1.806138967289881e-05
	iters: 100, epoch: 11 | loss: 0.4591284
	speed: 0.1164s/iter; left time: 2764.4002s
	iters: 200, epoch: 11 | loss: 0.5318477
	speed: 0.0490s/iter; left time: 1158.7916s
Epoch: 11 cost time: 13.007353067398071
Epoch: 11, Steps: 265 | Train Loss: 0.5109232 Vali Loss: 0.9759348 Test Loss: 0.6845368
Validation loss decreased (0.979635 --> 0.975935).  Saving model ...
Updating learning rate to 2.0829468903294163e-05
	iters: 100, epoch: 12 | loss: 0.5412623
	speed: 0.1169s/iter; left time: 2746.4645s
	iters: 200, epoch: 12 | loss: 0.4834451
	speed: 0.0493s/iter; left time: 1153.8383s
Epoch: 12 cost time: 13.148384809494019
Epoch: 12, Steps: 265 | Train Loss: 0.5095915 Vali Loss: 0.9724993 Test Loss: 0.6817917
Validation loss decreased (0.975935 --> 0.972499).  Saving model ...
Updating learning rate to 2.3789761069391508e-05
	iters: 100, epoch: 13 | loss: 0.4996764
	speed: 0.1161s/iter; left time: 2697.0478s
	iters: 200, epoch: 13 | loss: 0.5074852
	speed: 0.0490s/iter; left time: 1132.3183s
Epoch: 13 cost time: 12.992379903793335
Epoch: 13, Steps: 265 | Train Loss: 0.5076167 Vali Loss: 0.9678239 Test Loss: 0.6785292
Validation loss decreased (0.972499 --> 0.967824).  Saving model ...
Updating learning rate to 2.692401154325343e-05
	iters: 100, epoch: 14 | loss: 0.4764006
	speed: 0.1169s/iter; left time: 2683.4228s
	iters: 200, epoch: 14 | loss: 0.5155452
	speed: 0.0493s/iter; left time: 1125.9497s
Epoch: 14 cost time: 13.067416667938232
Epoch: 14, Steps: 265 | Train Loss: 0.5059172 Vali Loss: 0.9635816 Test Loss: 0.6746442
Validation loss decreased (0.967824 --> 0.963582).  Saving model ...
Updating learning rate to 3.0212892983843068e-05
	iters: 100, epoch: 15 | loss: 0.5068187
	speed: 0.1163s/iter; left time: 2638.2438s
	iters: 200, epoch: 15 | loss: 0.5070239
	speed: 0.0490s/iter; left time: 1106.9138s
Epoch: 15 cost time: 13.020671129226685
Epoch: 15, Steps: 265 | Train Loss: 0.5034489 Vali Loss: 0.9571701 Test Loss: 0.6699850
Validation loss decreased (0.963582 --> 0.957170).  Saving model ...
Updating learning rate to 3.3636124518983084e-05
	iters: 100, epoch: 16 | loss: 0.5082251
	speed: 0.1165s/iter; left time: 2612.0808s
	iters: 200, epoch: 16 | loss: 0.4627737
	speed: 0.0492s/iter; left time: 1097.4181s
Epoch: 16 cost time: 13.027535438537598
Epoch: 16, Steps: 265 | Train Loss: 0.5009545 Vali Loss: 0.9508400 Test Loss: 0.6644835
Validation loss decreased (0.957170 --> 0.950840).  Saving model ...
Updating learning rate to 3.717259680726015e-05
	iters: 100, epoch: 17 | loss: 0.4755399
	speed: 0.1188s/iter; left time: 2633.1729s
	iters: 200, epoch: 17 | loss: 0.4879307
	speed: 0.0491s/iter; left time: 1083.4647s
Epoch: 17 cost time: 13.012246370315552
Epoch: 17, Steps: 265 | Train Loss: 0.4976980 Vali Loss: 0.9422734 Test Loss: 0.6581109
Validation loss decreased (0.950840 --> 0.942273).  Saving model ...
Updating learning rate to 4.080050220868085e-05
	iters: 100, epoch: 18 | loss: 0.5062146
	speed: 0.1194s/iter; left time: 2613.4648s
	iters: 200, epoch: 18 | loss: 0.4699737
	speed: 0.0524s/iter; left time: 1142.8548s
Epoch: 18 cost time: 14.168334245681763
Epoch: 18, Steps: 265 | Train Loss: 0.4940646 Vali Loss: 0.9327764 Test Loss: 0.6509252
Validation loss decreased (0.942273 --> 0.932776).  Saving model ...
Updating learning rate to 4.449746926138297e-05
	iters: 100, epoch: 19 | loss: 0.4785434
	speed: 0.1281s/iter; left time: 2771.2104s
	iters: 200, epoch: 19 | loss: 0.5449475
	speed: 0.0508s/iter; left time: 1092.9704s
Epoch: 19 cost time: 13.944483518600464
Epoch: 19, Steps: 265 | Train Loss: 0.4898766 Vali Loss: 0.9213945 Test Loss: 0.6430676
Validation loss decreased (0.932776 --> 0.921395).  Saving model ...
Updating learning rate to 4.824070063515135e-05
	iters: 100, epoch: 20 | loss: 0.4753524
	speed: 0.1184s/iter; left time: 2529.8522s
	iters: 200, epoch: 20 | loss: 0.4815896
	speed: 0.0504s/iter; left time: 1071.0063s
Epoch: 20 cost time: 13.286133766174316
Epoch: 20, Steps: 265 | Train Loss: 0.4853977 Vali Loss: 0.9098064 Test Loss: 0.6347516
Validation loss decreased (0.921395 --> 0.909806).  Saving model ...
Updating learning rate to 5.200711371104918e-05
	iters: 100, epoch: 21 | loss: 0.4707032
	speed: 0.1165s/iter; left time: 2458.1549s
	iters: 200, epoch: 21 | loss: 0.4719880
	speed: 0.0497s/iter; left time: 1042.8128s
Epoch: 21 cost time: 13.145947933197021
Epoch: 21, Steps: 265 | Train Loss: 0.4803832 Vali Loss: 0.8983532 Test Loss: 0.6262233
Validation loss decreased (0.909806 --> 0.898353).  Saving model ...
Updating learning rate to 5.577348292028073e-05
	iters: 100, epoch: 22 | loss: 0.4341080
	speed: 0.1234s/iter; left time: 2570.4669s
	iters: 200, epoch: 22 | loss: 0.5011901
	speed: 0.0561s/iter; left time: 1162.8747s
Epoch: 22 cost time: 14.788177728652954
Epoch: 22, Steps: 265 | Train Loss: 0.4753220 Vali Loss: 0.8857685 Test Loss: 0.6175554
Validation loss decreased (0.898353 --> 0.885769).  Saving model ...
Updating learning rate to 5.9516582964553954e-05
	iters: 100, epoch: 23 | loss: 0.4659115
	speed: 0.1245s/iter; left time: 2561.0804s
	iters: 200, epoch: 23 | loss: 0.4682298
	speed: 0.0547s/iter; left time: 1120.5764s
Epoch: 23 cost time: 14.485090494155884
Epoch: 23, Steps: 265 | Train Loss: 0.4699856 Vali Loss: 0.8722227 Test Loss: 0.6087293
Validation loss decreased (0.885769 --> 0.872223).  Saving model ...
Updating learning rate to 6.321333203477474e-05
	iters: 100, epoch: 24 | loss: 0.4748960
	speed: 0.1267s/iter; left time: 2571.8135s
	iters: 200, epoch: 24 | loss: 0.4672412
	speed: 0.0502s/iter; left time: 1013.4292s
Epoch: 24 cost time: 13.696321725845337
Epoch: 24, Steps: 265 | Train Loss: 0.4641572 Vali Loss: 0.8581578 Test Loss: 0.5997916
Validation loss decreased (0.872223 --> 0.858158).  Saving model ...
Updating learning rate to 6.684093414491588e-05
	iters: 100, epoch: 25 | loss: 0.4776555
	speed: 0.1174s/iter; left time: 2353.7921s
	iters: 200, epoch: 25 | loss: 0.4976212
	speed: 0.0494s/iter; left time: 985.0753s
Epoch: 25 cost time: 13.103188753128052
Epoch: 25, Steps: 265 | Train Loss: 0.4584600 Vali Loss: 0.8451436 Test Loss: 0.5907686
Validation loss decreased (0.858158 --> 0.845144).  Saving model ...
Updating learning rate to 7.037701970335941e-05
	iters: 100, epoch: 26 | loss: 0.4498362
	speed: 0.1163s/iter; left time: 2299.0937s
	iters: 200, epoch: 26 | loss: 0.4604538
	speed: 0.0496s/iter; left time: 976.8607s
Epoch: 26 cost time: 13.112105131149292
Epoch: 26, Steps: 265 | Train Loss: 0.4528368 Vali Loss: 0.8315378 Test Loss: 0.5816191
Validation loss decreased (0.845144 --> 0.831538).  Saving model ...
Updating learning rate to 7.379978345487968e-05
	iters: 100, epoch: 27 | loss: 0.4572639
	speed: 0.1188s/iter; left time: 2318.8162s
	iters: 200, epoch: 27 | loss: 0.4387072
	speed: 0.0507s/iter; left time: 983.2461s
Epoch: 27 cost time: 13.453587293624878
Epoch: 27, Steps: 265 | Train Loss: 0.4467471 Vali Loss: 0.8178496 Test Loss: 0.5722890
Validation loss decreased (0.831538 --> 0.817850).  Saving model ...
Updating learning rate to 7.70881189426489e-05
	iters: 100, epoch: 28 | loss: 0.4830419
	speed: 0.1200s/iter; left time: 2309.9667s
	iters: 200, epoch: 28 | loss: 0.4044020
	speed: 0.0491s/iter; left time: 940.6944s
Epoch: 28 cost time: 13.263697147369385
Epoch: 28, Steps: 265 | Train Loss: 0.4407303 Vali Loss: 0.8036720 Test Loss: 0.5625849
Validation loss decreased (0.817850 --> 0.803672).  Saving model ...
Updating learning rate to 8.022174866110521e-05
	iters: 100, epoch: 29 | loss: 0.4136406
	speed: 0.1162s/iter; left time: 2205.7835s
	iters: 200, epoch: 29 | loss: 0.4112628
	speed: 0.0491s/iter; left time: 926.1822s
Epoch: 29 cost time: 13.011886596679688
Epoch: 29, Steps: 265 | Train Loss: 0.4347504 Vali Loss: 0.7896666 Test Loss: 0.5528061
Validation loss decreased (0.803672 --> 0.789667).  Saving model ...
Updating learning rate to 8.318134909709714e-05
	iters: 100, epoch: 30 | loss: 0.4155274
	speed: 0.1163s/iter; left time: 2176.4145s
	iters: 200, epoch: 30 | loss: 0.4143701
	speed: 0.0496s/iter; left time: 923.1473s
Epoch: 30 cost time: 13.06394100189209
Epoch: 30, Steps: 265 | Train Loss: 0.4283567 Vali Loss: 0.7749776 Test Loss: 0.5426300
Validation loss decreased (0.789667 --> 0.774978).  Saving model ...
Updating learning rate to 8.594866988823775e-05
	iters: 100, epoch: 31 | loss: 0.4380771
	speed: 0.1167s/iter; left time: 2152.3531s
	iters: 200, epoch: 31 | loss: 0.4240489
	speed: 0.0491s/iter; left time: 900.5613s
Epoch: 31 cost time: 13.037680387496948
Epoch: 31, Steps: 265 | Train Loss: 0.4217487 Vali Loss: 0.7596907 Test Loss: 0.5317817
Validation loss decreased (0.774978 --> 0.759691).  Saving model ...
Updating learning rate to 8.850664636367998e-05
	iters: 100, epoch: 32 | loss: 0.4128330
	speed: 0.1162s/iter; left time: 2112.4443s
	iters: 200, epoch: 32 | loss: 0.4324449
	speed: 0.0491s/iter; left time: 887.9187s
Epoch: 32 cost time: 12.988911151885986
Epoch: 32, Steps: 265 | Train Loss: 0.4149622 Vali Loss: 0.7439256 Test Loss: 0.5209936
Validation loss decreased (0.759691 --> 0.743926).  Saving model ...
Updating learning rate to 9.083950477333033e-05
	iters: 100, epoch: 33 | loss: 0.4430141
	speed: 0.1161s/iter; left time: 2079.8945s
	iters: 200, epoch: 33 | loss: 0.3914498
	speed: 0.0516s/iter; left time: 918.8477s
Epoch: 33 cost time: 13.729161977767944
Epoch: 33, Steps: 265 | Train Loss: 0.4084366 Vali Loss: 0.7289801 Test Loss: 0.5098780
Validation loss decreased (0.743926 --> 0.728980).  Saving model ...
Updating learning rate to 9.293285955660577e-05
	iters: 100, epoch: 34 | loss: 0.4195495
	speed: 0.1220s/iter; left time: 2153.2644s
	iters: 200, epoch: 34 | loss: 0.3735054
	speed: 0.0498s/iter; left time: 874.9578s
Epoch: 34 cost time: 13.263790845870972
Epoch: 34, Steps: 265 | Train Loss: 0.4012638 Vali Loss: 0.7126583 Test Loss: 0.4986174
Validation loss decreased (0.728980 --> 0.712658).  Saving model ...
Updating learning rate to 9.477380205092656e-05
	iters: 100, epoch: 35 | loss: 0.4170171
	speed: 0.1178s/iter; left time: 2048.3935s
	iters: 200, epoch: 35 | loss: 0.3714803
	speed: 0.0501s/iter; left time: 866.8408s
Epoch: 35 cost time: 13.2979576587677
Epoch: 35, Steps: 265 | Train Loss: 0.3942534 Vali Loss: 0.6963627 Test Loss: 0.4873690
Validation loss decreased (0.712658 --> 0.696363).  Saving model ...
Updating learning rate to 9.635098009292423e-05
	iters: 100, epoch: 36 | loss: 0.3786777
	speed: 0.1189s/iter; left time: 2036.0444s
	iters: 200, epoch: 36 | loss: 0.4225057
	speed: 0.0494s/iter; left time: 841.8150s
Epoch: 36 cost time: 13.232672452926636
Epoch: 36, Steps: 265 | Train Loss: 0.3870667 Vali Loss: 0.6796485 Test Loss: 0.4758955
Validation loss decreased (0.696363 --> 0.679648).  Saving model ...
Updating learning rate to 9.765466802150444e-05
	iters: 100, epoch: 37 | loss: 0.3880717
	speed: 0.1177s/iter; left time: 1984.5367s
	iters: 200, epoch: 37 | loss: 0.3835622
	speed: 0.0495s/iter; left time: 829.6740s
Epoch: 37 cost time: 13.07988977432251
Epoch: 37, Steps: 265 | Train Loss: 0.3800692 Vali Loss: 0.6632268 Test Loss: 0.4645477
Validation loss decreased (0.679648 --> 0.663227).  Saving model ...
Updating learning rate to 9.867682665109111e-05
	iters: 100, epoch: 38 | loss: 0.3832870
	speed: 0.1162s/iter; left time: 1927.9732s
	iters: 200, epoch: 38 | loss: 0.3994080
	speed: 0.0507s/iter; left time: 835.9171s
Epoch: 38 cost time: 13.684775590896606
Epoch: 38, Steps: 265 | Train Loss: 0.3731750 Vali Loss: 0.6474975 Test Loss: 0.4535064
Validation loss decreased (0.663227 --> 0.647498).  Saving model ...
Updating learning rate to 9.941115284522702e-05
	iters: 100, epoch: 39 | loss: 0.3699060
	speed: 0.1323s/iter; left time: 2160.3659s
	iters: 200, epoch: 39 | loss: 0.3668912
	speed: 0.0510s/iter; left time: 827.3565s
Epoch: 39 cost time: 13.603599309921265
Epoch: 39, Steps: 265 | Train Loss: 0.3659983 Vali Loss: 0.6325825 Test Loss: 0.4427752
Validation loss decreased (0.647498 --> 0.632583).  Saving model ...
Updating learning rate to 9.985311838483566e-05
	iters: 100, epoch: 40 | loss: 0.3623809
	speed: 0.1187s/iter; left time: 1907.0971s
	iters: 200, epoch: 40 | loss: 0.3071786
	speed: 0.0490s/iter; left time: 782.1900s
Epoch: 40 cost time: 13.039035558700562
Epoch: 40, Steps: 265 | Train Loss: 0.3592334 Vali Loss: 0.6178971 Test Loss: 0.4327020
Validation loss decreased (0.632583 --> 0.617897).  Saving model ...
Updating learning rate to 9.99999990240136e-05
	iters: 100, epoch: 41 | loss: 0.3647374
	speed: 0.1174s/iter; left time: 1855.7592s
	iters: 200, epoch: 41 | loss: 0.3361837
	speed: 0.0549s/iter; left time: 862.2493s
Epoch: 41 cost time: 14.22638988494873
Epoch: 41, Steps: 265 | Train Loss: 0.3528209 Vali Loss: 0.6037625 Test Loss: 0.4229090
Validation loss decreased (0.617897 --> 0.603763).  Saving model ...
Updating learning rate to 9.993095900070463e-05
	iters: 100, epoch: 42 | loss: 0.3437891
	speed: 0.1240s/iter; left time: 1925.9249s
	iters: 200, epoch: 42 | loss: 0.3599097
	speed: 0.0530s/iter; left time: 818.7700s
Epoch: 42 cost time: 13.741312980651855
Epoch: 42, Steps: 265 | Train Loss: 0.3466921 Vali Loss: 0.5903097 Test Loss: 0.4139161
Validation loss decreased (0.603763 --> 0.590310).  Saving model ...
Updating learning rate to 9.972506223761924e-05
	iters: 100, epoch: 43 | loss: 0.3613953
	speed: 0.1184s/iter; left time: 1808.2099s
	iters: 200, epoch: 43 | loss: 0.3397279
	speed: 0.0503s/iter; left time: 763.6848s
Epoch: 43 cost time: 13.271029233932495
Epoch: 43, Steps: 265 | Train Loss: 0.3408956 Vali Loss: 0.5779638 Test Loss: 0.4050243
Validation loss decreased (0.590310 --> 0.577964).  Saving model ...
Updating learning rate to 9.938287308347333e-05
	iters: 100, epoch: 44 | loss: 0.3267843
	speed: 0.1163s/iter; left time: 1744.4692s
	iters: 200, epoch: 44 | loss: 0.4325090
	speed: 0.0493s/iter; left time: 734.7668s
Epoch: 44 cost time: 13.051662683486938
Epoch: 44, Steps: 265 | Train Loss: 0.3352244 Vali Loss: 0.5662537 Test Loss: 0.3973953
Validation loss decreased (0.577964 --> 0.566254).  Saving model ...
Updating learning rate to 9.890532945495314e-05
	iters: 100, epoch: 45 | loss: 0.3564985
	speed: 0.1171s/iter; left time: 1726.8188s
	iters: 200, epoch: 45 | loss: 0.3099614
	speed: 0.0503s/iter; left time: 736.5893s
Epoch: 45 cost time: 13.444267272949219
Epoch: 45, Steps: 265 | Train Loss: 0.3301024 Vali Loss: 0.5554402 Test Loss: 0.3897971
Validation loss decreased (0.566254 --> 0.555440).  Saving model ...
Updating learning rate to 9.829374026595078e-05
	iters: 100, epoch: 46 | loss: 0.3384543
	speed: 0.1205s/iter; left time: 1744.6215s
	iters: 200, epoch: 46 | loss: 0.2974877
	speed: 0.0493s/iter; left time: 708.5220s
Epoch: 46 cost time: 13.210792064666748
Epoch: 46, Steps: 265 | Train Loss: 0.3253130 Vali Loss: 0.5446716 Test Loss: 0.3832185
Validation loss decreased (0.555440 --> 0.544672).  Saving model ...
Updating learning rate to 9.754978183992228e-05
	iters: 100, epoch: 47 | loss: 0.3601436
	speed: 0.1162s/iter; left time: 1651.8586s
	iters: 200, epoch: 47 | loss: 0.3109304
	speed: 0.0496s/iter; left time: 699.6474s
Epoch: 47 cost time: 13.111218929290771
Epoch: 47, Steps: 265 | Train Loss: 0.3210789 Vali Loss: 0.5364756 Test Loss: 0.3779486
Validation loss decreased (0.544672 --> 0.536476).  Saving model ...
Updating learning rate to 9.667549331520148e-05
	iters: 100, epoch: 48 | loss: 0.3148774
	speed: 0.1188s/iter; left time: 1656.4186s
	iters: 200, epoch: 48 | loss: 0.3477623
	speed: 0.0518s/iter; left time: 716.8451s
Epoch: 48 cost time: 13.496557474136353
Epoch: 48, Steps: 265 | Train Loss: 0.3169837 Vali Loss: 0.5283883 Test Loss: 0.3723359
Validation loss decreased (0.536476 --> 0.528388).  Saving model ...
Updating learning rate to 9.567327105586355e-05
	iters: 100, epoch: 49 | loss: 0.3096887
	speed: 0.1196s/iter; left time: 1636.0924s
	iters: 200, epoch: 49 | loss: 0.3252743
	speed: 0.0502s/iter; left time: 681.4317s
Epoch: 49 cost time: 13.545133829116821
Epoch: 49, Steps: 265 | Train Loss: 0.3131622 Vali Loss: 0.5212091 Test Loss: 0.3670504
Validation loss decreased (0.528388 --> 0.521209).  Saving model ...
Updating learning rate to 9.454586208345774e-05
	iters: 100, epoch: 50 | loss: 0.2928784
	speed: 0.1205s/iter; left time: 1616.7327s
	iters: 200, epoch: 50 | loss: 0.3566964
	speed: 0.0500s/iter; left time: 666.2380s
Epoch: 50 cost time: 13.59303617477417
Epoch: 50, Steps: 265 | Train Loss: 0.3100204 Vali Loss: 0.5154855 Test Loss: 0.3629407
Validation loss decreased (0.521209 --> 0.515486).  Saving model ...
Updating learning rate to 9.329635654761219e-05
	iters: 100, epoch: 51 | loss: 0.3120328
	speed: 0.1216s/iter; left time: 1598.5624s
	iters: 200, epoch: 51 | loss: 0.2810213
	speed: 0.0490s/iter; left time: 639.5455s
Epoch: 51 cost time: 13.304588079452515
Epoch: 51, Steps: 265 | Train Loss: 0.3070348 Vali Loss: 0.5097251 Test Loss: 0.3596527
Validation loss decreased (0.515486 --> 0.509725).  Saving model ...
Updating learning rate to 9.192817925614859e-05
	iters: 100, epoch: 52 | loss: 0.2736982
	speed: 0.1161s/iter; left time: 1495.4900s
	iters: 200, epoch: 52 | loss: 0.3078478
	speed: 0.0491s/iter; left time: 627.2469s
Epoch: 52 cost time: 12.996071100234985
Epoch: 52, Steps: 265 | Train Loss: 0.3041089 Vali Loss: 0.5057037 Test Loss: 0.3564911
Validation loss decreased (0.509725 --> 0.505704).  Saving model ...
Updating learning rate to 9.044508028792197e-05
	iters: 100, epoch: 53 | loss: 0.2998934
	speed: 0.1163s/iter; left time: 1468.0582s
	iters: 200, epoch: 53 | loss: 0.3200997
	speed: 0.0490s/iter; left time: 613.6796s
Epoch: 53 cost time: 12.992225170135498
Epoch: 53, Steps: 265 | Train Loss: 0.3017915 Vali Loss: 0.5011532 Test Loss: 0.3539362
Validation loss decreased (0.505704 --> 0.501153).  Saving model ...
Updating learning rate to 8.885112471411532e-05
	iters: 100, epoch: 54 | loss: 0.2891115
	speed: 0.1160s/iter; left time: 1433.4027s
	iters: 200, epoch: 54 | loss: 0.3255285
	speed: 0.0533s/iter; left time: 653.4758s
Epoch: 54 cost time: 13.84504747390747
Epoch: 54, Steps: 265 | Train Loss: 0.2997077 Vali Loss: 0.4977766 Test Loss: 0.3513002
Validation loss decreased (0.501153 --> 0.497777).  Saving model ...
Updating learning rate to 8.715068145616196e-05
	iters: 100, epoch: 55 | loss: 0.2890043
	speed: 0.1257s/iter; left time: 1520.0967s
	iters: 200, epoch: 55 | loss: 0.2901999
	speed: 0.0511s/iter; left time: 612.9012s
Epoch: 55 cost time: 13.778423070907593
Epoch: 55, Steps: 265 | Train Loss: 0.2978037 Vali Loss: 0.4954197 Test Loss: 0.3497670
Validation loss decreased (0.497777 --> 0.495420).  Saving model ...
Updating learning rate to 8.534841131083555e-05
	iters: 100, epoch: 56 | loss: 0.2861641
	speed: 0.1181s/iter; left time: 1396.6792s
	iters: 200, epoch: 56 | loss: 0.2974594
	speed: 0.0504s/iter; left time: 590.8547s
Epoch: 56 cost time: 13.357353687286377
Epoch: 56, Steps: 265 | Train Loss: 0.2960502 Vali Loss: 0.4929048 Test Loss: 0.3486084
Validation loss decreased (0.495420 --> 0.492905).  Saving model ...
Updating learning rate to 8.344925417533019e-05
	iters: 100, epoch: 57 | loss: 0.3116347
	speed: 0.1174s/iter; left time: 1356.9180s
	iters: 200, epoch: 57 | loss: 0.3090253
	speed: 0.0504s/iter; left time: 577.4485s
Epoch: 57 cost time: 13.266112089157104
Epoch: 57, Steps: 265 | Train Loss: 0.2944784 Vali Loss: 0.4907607 Test Loss: 0.3468347
Validation loss decreased (0.492905 --> 0.490761).  Saving model ...
Updating learning rate to 8.14584155073455e-05
	iters: 100, epoch: 58 | loss: 0.3100659
	speed: 0.1188s/iter; left time: 1342.1041s
	iters: 200, epoch: 58 | loss: 0.3092874
	speed: 0.0521s/iter; left time: 582.9972s
Epoch: 58 cost time: 13.528902053833008
Epoch: 58, Steps: 265 | Train Loss: 0.2930471 Vali Loss: 0.4889160 Test Loss: 0.3459393
Validation loss decreased (0.490761 --> 0.488916).  Saving model ...
Updating learning rate to 7.938135205728891e-05
	iters: 100, epoch: 59 | loss: 0.3001896
	speed: 0.1174s/iter; left time: 1295.3616s
	iters: 200, epoch: 59 | loss: 0.2876657
	speed: 0.0492s/iter; left time: 538.2158s
Epoch: 59 cost time: 13.118156671524048
Epoch: 59, Steps: 265 | Train Loss: 0.2915938 Vali Loss: 0.4872110 Test Loss: 0.3448718
Validation loss decreased (0.488916 --> 0.487211).  Saving model ...
Updating learning rate to 7.722375691170215e-05
	iters: 100, epoch: 60 | loss: 0.2871124
	speed: 0.1171s/iter; left time: 1260.3574s
	iters: 200, epoch: 60 | loss: 0.2691203
	speed: 0.0493s/iter; left time: 525.4771s
Epoch: 60 cost time: 13.062810897827148
Epoch: 60, Steps: 265 | Train Loss: 0.2904298 Vali Loss: 0.4862459 Test Loss: 0.3440701
Validation loss decreased (0.487211 --> 0.486246).  Saving model ...
Updating learning rate to 7.499154388890664e-05
	iters: 100, epoch: 61 | loss: 0.3388881
	speed: 0.1164s/iter; left time: 1221.9271s
	iters: 200, epoch: 61 | loss: 0.2669143
	speed: 0.0492s/iter; left time: 511.9423s
Epoch: 61 cost time: 13.063886642456055
Epoch: 61, Steps: 265 | Train Loss: 0.2891532 Vali Loss: 0.4856971 Test Loss: 0.3431593
Validation loss decreased (0.486246 --> 0.485697).  Saving model ...
Updating learning rate to 7.269083132963864e-05
	iters: 100, epoch: 62 | loss: 0.2853234
	speed: 0.1180s/iter; left time: 1207.3500s
	iters: 200, epoch: 62 | loss: 0.2907862
	speed: 0.0490s/iter; left time: 496.5298s
Epoch: 62 cost time: 13.075589656829834
Epoch: 62, Steps: 265 | Train Loss: 0.2880293 Vali Loss: 0.4843379 Test Loss: 0.3428605
Validation loss decreased (0.485697 --> 0.484338).  Saving model ...
Updating learning rate to 7.032792532710257e-05
	iters: 100, epoch: 63 | loss: 0.3035139
	speed: 0.1164s/iter; left time: 1160.9171s
	iters: 200, epoch: 63 | loss: 0.2899486
	speed: 0.0491s/iter; left time: 485.0915s
Epoch: 63 cost time: 13.023329973220825
Epoch: 63, Steps: 265 | Train Loss: 0.2871454 Vali Loss: 0.4838273 Test Loss: 0.3426323
Validation loss decreased (0.484338 --> 0.483827).  Saving model ...
Updating learning rate to 6.790930244240778e-05
	iters: 100, epoch: 64 | loss: 0.2660008
	speed: 0.1163s/iter; left time: 1128.4095s
	iters: 200, epoch: 64 | loss: 0.2893339
	speed: 0.0493s/iter; left time: 473.1779s
Epoch: 64 cost time: 13.039213418960571
Epoch: 64, Steps: 265 | Train Loss: 0.2861626 Vali Loss: 0.4826909 Test Loss: 0.3416540
Validation loss decreased (0.483827 --> 0.482691).  Saving model ...
Updating learning rate to 6.544159195276479e-05
	iters: 100, epoch: 65 | loss: 0.2641892
	speed: 0.1165s/iter; left time: 1100.2539s
	iters: 200, epoch: 65 | loss: 0.2666180
	speed: 0.0495s/iter; left time: 462.3998s
Epoch: 65 cost time: 13.078797101974487
Epoch: 65, Steps: 265 | Train Loss: 0.2852777 Vali Loss: 0.4822541 Test Loss: 0.3414505
Validation loss decreased (0.482691 --> 0.482254).  Saving model ...
Updating learning rate to 6.293155768109725e-05
	iters: 100, epoch: 66 | loss: 0.2698361
	speed: 0.1161s/iter; left time: 1065.4032s
	iters: 200, epoch: 66 | loss: 0.2886299
	speed: 0.0494s/iter; left time: 448.3199s
Epoch: 66 cost time: 13.075216293334961
Epoch: 66, Steps: 265 | Train Loss: 0.2846007 Vali Loss: 0.4817779 Test Loss: 0.3409080
Validation loss decreased (0.482254 --> 0.481778).  Saving model ...
Updating learning rate to 6.038607945687349e-05
	iters: 100, epoch: 67 | loss: 0.3059255
	speed: 0.1171s/iter; left time: 1043.3559s
	iters: 200, epoch: 67 | loss: 0.3037309
	speed: 0.0494s/iter; left time: 435.2441s
Epoch: 67 cost time: 13.063657999038696
Epoch: 67, Steps: 265 | Train Loss: 0.2837726 Vali Loss: 0.4818816 Test Loss: 0.3409458
EarlyStopping counter: 1 out of 20
Updating learning rate to 5.781213425897207e-05
	iters: 100, epoch: 68 | loss: 0.2718308
	speed: 0.1158s/iter; left time: 1000.8753s
	iters: 200, epoch: 68 | loss: 0.2862341
	speed: 0.0491s/iter; left time: 419.7926s
Epoch: 68 cost time: 13.177893877029419
Epoch: 68, Steps: 265 | Train Loss: 0.2829179 Vali Loss: 0.4816594 Test Loss: 0.3411435
Validation loss decreased (0.481778 --> 0.481659).  Saving model ...
Updating learning rate to 5.5216777092267685e-05
	iters: 100, epoch: 69 | loss: 0.2812962
	speed: 0.1194s/iter; left time: 1000.2786s
	iters: 200, epoch: 69 | loss: 0.3020213
	speed: 0.0554s/iter; left time: 458.9413s
Epoch: 69 cost time: 13.81724739074707
Epoch: 69, Steps: 265 | Train Loss: 0.2825872 Vali Loss: 0.4808196 Test Loss: 0.3402461
Validation loss decreased (0.481659 --> 0.480820).  Saving model ...
Updating learning rate to 5.260712165035325e-05
	iters: 100, epoch: 70 | loss: 0.2989892
	speed: 0.1164s/iter; left time: 944.9668s
	iters: 200, epoch: 70 | loss: 0.2455792
	speed: 0.0492s/iter; left time: 394.6492s
Epoch: 70 cost time: 13.05950140953064
Epoch: 70, Steps: 265 | Train Loss: 0.2816464 Vali Loss: 0.4805610 Test Loss: 0.3399950
Validation loss decreased (0.480820 --> 0.480561).  Saving model ...
Updating learning rate to 4.999032081740008e-05
	iters: 100, epoch: 71 | loss: 0.3048524
	speed: 0.1175s/iter; left time: 922.5562s
	iters: 200, epoch: 71 | loss: 0.2895874
	speed: 0.0519s/iter; left time: 402.4189s
Epoch: 71 cost time: 13.577753067016602
Epoch: 71, Steps: 265 | Train Loss: 0.2811899 Vali Loss: 0.4813663 Test Loss: 0.3398848
EarlyStopping counter: 1 out of 20
Updating learning rate to 4.737354706259972e-05
	iters: 100, epoch: 72 | loss: 0.3242941
	speed: 0.1197s/iter; left time: 908.3128s
	iters: 200, epoch: 72 | loss: 0.2726646
	speed: 0.0504s/iter; left time: 377.4759s
Epoch: 72 cost time: 13.448424339294434
Epoch: 72, Steps: 265 | Train Loss: 0.2806575 Vali Loss: 0.4804913 Test Loss: 0.3401670
Validation loss decreased (0.480561 --> 0.480491).  Saving model ...
Updating learning rate to 4.476397278092438e-05
	iters: 100, epoch: 73 | loss: 0.2737221
	speed: 0.1169s/iter; left time: 855.5066s
	iters: 200, epoch: 73 | loss: 0.2684241
	speed: 0.0491s/iter; left time: 354.6460s
Epoch: 73 cost time: 13.092556238174438
Epoch: 73, Steps: 265 | Train Loss: 0.2800293 Vali Loss: 0.4805616 Test Loss: 0.3400468
EarlyStopping counter: 1 out of 20
Updating learning rate to 4.216875063409081e-05
	iters: 100, epoch: 74 | loss: 0.2909351
	speed: 0.1179s/iter; left time: 831.9696s
	iters: 200, epoch: 74 | loss: 0.2937456
	speed: 0.0493s/iter; left time: 342.5838s
Epoch: 74 cost time: 13.170722484588623
Epoch: 74, Steps: 265 | Train Loss: 0.2795909 Vali Loss: 0.4806088 Test Loss: 0.3397276
EarlyStopping counter: 2 out of 20
Updating learning rate to 3.959499394561185e-05
	iters: 100, epoch: 75 | loss: 0.2910882
	speed: 0.1158s/iter; left time: 786.0823s
	iters: 200, epoch: 75 | loss: 0.2899431
	speed: 0.0517s/iter; left time: 345.7446s
Epoch: 75 cost time: 13.377707242965698
Epoch: 75, Steps: 265 | Train Loss: 0.2791183 Vali Loss: 0.4800672 Test Loss: 0.3391706
Validation loss decreased (0.480491 --> 0.480067).  Saving model ...
Updating learning rate to 3.704975720367095e-05
	iters: 100, epoch: 76 | loss: 0.2666084
	speed: 0.1188s/iter; left time: 775.3030s
	iters: 200, epoch: 76 | loss: 0.2844472
	speed: 0.0493s/iter; left time: 316.5048s
Epoch: 76 cost time: 13.104264974594116
Epoch: 76, Steps: 265 | Train Loss: 0.2785695 Vali Loss: 0.4805923 Test Loss: 0.3392672
EarlyStopping counter: 1 out of 20
Updating learning rate to 3.454001672526056e-05
	iters: 100, epoch: 77 | loss: 0.2814727
	speed: 0.1162s/iter; left time: 727.4791s
	iters: 200, epoch: 77 | loss: 0.2677346
	speed: 0.0503s/iter; left time: 310.1288s
Epoch: 77 cost time: 13.264325618743896
Epoch: 77, Steps: 265 | Train Loss: 0.2781618 Vali Loss: 0.4804638 Test Loss: 0.3395567
EarlyStopping counter: 2 out of 20
Updating learning rate to 3.207265153458206e-05
	iters: 100, epoch: 78 | loss: 0.2646797
	speed: 0.1179s/iter; left time: 706.8464s
	iters: 200, epoch: 78 | loss: 0.2746226
	speed: 0.0508s/iter; left time: 299.7689s
Epoch: 78 cost time: 13.419290781021118
Epoch: 78, Steps: 265 | Train Loss: 0.2778972 Vali Loss: 0.4797890 Test Loss: 0.3395513
Validation loss decreased (0.480067 --> 0.479789).  Saving model ...
Updating learning rate to 2.965442450811866e-05
	iters: 100, epoch: 79 | loss: 0.2863903
	speed: 0.1196s/iter; left time: 685.3661s
	iters: 200, epoch: 79 | loss: 0.2495709
	speed: 0.0506s/iter; left time: 284.7306s
Epoch: 79 cost time: 13.513213157653809
Epoch: 79, Steps: 265 | Train Loss: 0.2775800 Vali Loss: 0.4802766 Test Loss: 0.3395146
EarlyStopping counter: 1 out of 20
Updating learning rate to 2.7291963838060986e-05
	iters: 100, epoch: 80 | loss: 0.2863673
	speed: 0.1179s/iter; left time: 644.3827s
	iters: 200, epoch: 80 | loss: 0.2985102
	speed: 0.0519s/iter; left time: 278.6450s
Epoch: 80 cost time: 13.43207049369812
Epoch: 80, Steps: 265 | Train Loss: 0.2772937 Vali Loss: 0.4796697 Test Loss: 0.3391030
Validation loss decreased (0.479789 --> 0.479670).  Saving model ...
Updating learning rate to 2.499174486489305e-05
	iters: 100, epoch: 81 | loss: 0.2607743
	speed: 0.1223s/iter; left time: 635.8264s
	iters: 200, epoch: 81 | loss: 0.2856004
	speed: 0.0558s/iter; left time: 284.8194s
Epoch: 81 cost time: 14.732969045639038
Epoch: 81, Steps: 265 | Train Loss: 0.2769242 Vali Loss: 0.4802129 Test Loss: 0.3386887
EarlyStopping counter: 1 out of 20
Updating learning rate to 2.276007232893402e-05
	iters: 100, epoch: 82 | loss: 0.2724605
	speed: 0.1266s/iter; left time: 624.6512s
	iters: 200, epoch: 82 | loss: 0.2926099
	speed: 0.0524s/iter; left time: 253.4914s
Epoch: 82 cost time: 14.054188251495361
Epoch: 82, Steps: 265 | Train Loss: 0.2767219 Vali Loss: 0.4801500 Test Loss: 0.3396194
EarlyStopping counter: 2 out of 20
Updating learning rate to 2.0603063089483323e-05
	iters: 100, epoch: 83 | loss: 0.2718723
	speed: 0.1177s/iter; left time: 549.7631s
	iters: 200, epoch: 83 | loss: 0.2973420
	speed: 0.0503s/iter; left time: 229.7396s
Epoch: 83 cost time: 13.220722198486328
Epoch: 83, Steps: 265 | Train Loss: 0.2764315 Vali Loss: 0.4807275 Test Loss: 0.3391286
EarlyStopping counter: 3 out of 20
Updating learning rate to 1.8526629358934466e-05
	iters: 100, epoch: 84 | loss: 0.2578811
	speed: 0.1161s/iter; left time: 511.4097s
	iters: 200, epoch: 84 | loss: 0.2776020
	speed: 0.0490s/iter; left time: 211.1441s
Epoch: 84 cost time: 13.061007022857666
Epoch: 84, Steps: 265 | Train Loss: 0.2760128 Vali Loss: 0.4798348 Test Loss: 0.3394592
EarlyStopping counter: 4 out of 20
Updating learning rate to 1.653646249781165e-05
	iters: 100, epoch: 85 | loss: 0.2523917
	speed: 0.1153s/iter; left time: 477.5548s
	iters: 200, epoch: 85 | loss: 0.2770042
	speed: 0.0494s/iter; left time: 199.8198s
Epoch: 85 cost time: 13.058185338973999
Epoch: 85, Steps: 265 | Train Loss: 0.2759313 Vali Loss: 0.4799112 Test Loss: 0.3390563
EarlyStopping counter: 5 out of 20
Updating learning rate to 1.4638017415146474e-05
	iters: 100, epoch: 86 | loss: 0.2811482
	speed: 0.1164s/iter; left time: 451.0706s
	iters: 200, epoch: 86 | loss: 0.3325700
	speed: 0.0492s/iter; left time: 185.9587s
Epoch: 86 cost time: 13.053101778030396
Epoch: 86, Steps: 265 | Train Loss: 0.2758893 Vali Loss: 0.4800847 Test Loss: 0.3390628
EarlyStopping counter: 6 out of 20
Updating learning rate to 1.2836497616951199e-05
	iters: 100, epoch: 87 | loss: 0.3072128
	speed: 0.1159s/iter; left time: 418.3346s
	iters: 200, epoch: 87 | loss: 0.2804436
	speed: 0.0490s/iter; left time: 172.1849s
Epoch: 87 cost time: 13.233104705810547
Epoch: 87, Steps: 265 | Train Loss: 0.2757032 Vali Loss: 0.4802270 Test Loss: 0.3393317
EarlyStopping counter: 7 out of 20
Updating learning rate to 1.1136840943770596e-05
	iters: 100, epoch: 88 | loss: 0.2554909
	speed: 0.1186s/iter; left time: 396.8488s
	iters: 200, epoch: 88 | loss: 0.2739392
	speed: 0.0509s/iter; left time: 165.2683s
Epoch: 88 cost time: 13.335702657699585
Epoch: 88, Steps: 265 | Train Loss: 0.2755624 Vali Loss: 0.4806603 Test Loss: 0.3391651
EarlyStopping counter: 8 out of 20
Updating learning rate to 9.54370603640415e-06
	iters: 100, epoch: 89 | loss: 0.2554485
	speed: 0.1174s/iter; left time: 361.6489s
	iters: 200, epoch: 89 | loss: 0.2942899
	speed: 0.0508s/iter; left time: 151.3401s
Epoch: 89 cost time: 13.42371392250061
Epoch: 89, Steps: 265 | Train Loss: 0.2753749 Vali Loss: 0.4807813 Test Loss: 0.3390992
EarlyStopping counter: 9 out of 20
Updating learning rate to 8.061459566895504e-06
	iters: 100, epoch: 90 | loss: 0.2724084
	speed: 0.1186s/iter; left time: 334.0149s
	iters: 200, epoch: 90 | loss: 0.3389581
	speed: 0.0511s/iter; left time: 138.8071s
Epoch: 90 cost time: 13.424455165863037
Epoch: 90, Steps: 265 | Train Loss: 0.2752135 Vali Loss: 0.4803016 Test Loss: 0.3392026
EarlyStopping counter: 10 out of 20
Updating learning rate to 6.694164269787878e-06
	iters: 100, epoch: 91 | loss: 0.2597758
	speed: 0.1169s/iter; left time: 298.1738s
	iters: 200, epoch: 91 | loss: 0.2826546
	speed: 0.0501s/iter; left time: 122.8062s
Epoch: 91 cost time: 13.230828046798706
Epoch: 91, Steps: 265 | Train Loss: 0.2752222 Vali Loss: 0.4803839 Test Loss: 0.3396660
EarlyStopping counter: 11 out of 20
Updating learning rate to 5.4455678064511385e-06
	iters: 100, epoch: 92 | loss: 0.2880673
	speed: 0.1165s/iter; left time: 266.2260s
	iters: 200, epoch: 92 | loss: 0.2686321
	speed: 0.0508s/iter; left time: 111.0249s
Epoch: 92 cost time: 13.286030530929565
Epoch: 92, Steps: 265 | Train Loss: 0.2750752 Vali Loss: 0.4804916 Test Loss: 0.3392363
EarlyStopping counter: 12 out of 20
Updating learning rate to 4.319092493002395e-06
	iters: 100, epoch: 93 | loss: 0.2603339
	speed: 0.1180s/iter; left time: 238.4477s
	iters: 200, epoch: 93 | loss: 0.2825685
	speed: 0.0499s/iter; left time: 95.7980s
Epoch: 93 cost time: 13.403192520141602
Epoch: 93, Steps: 265 | Train Loss: 0.2750930 Vali Loss: 0.4801825 Test Loss: 0.3391261
EarlyStopping counter: 13 out of 20
Updating learning rate to 3.317825919975493e-06
	iters: 100, epoch: 94 | loss: 0.2776131
	speed: 0.1179s/iter; left time: 206.9978s
	iters: 200, epoch: 94 | loss: 0.2853493
	speed: 0.0505s/iter; left time: 83.6772s
Epoch: 94 cost time: 13.432629823684692
Epoch: 94, Steps: 265 | Train Loss: 0.2749999 Vali Loss: 0.4804588 Test Loss: 0.3392143
EarlyStopping counter: 14 out of 20
Updating learning rate to 2.4445124894499002e-06
	iters: 100, epoch: 95 | loss: 0.2882310
	speed: 0.1242s/iter; left time: 185.2123s
	iters: 200, epoch: 95 | loss: 0.2614938
	speed: 0.0588s/iter; left time: 81.7842s
Epoch: 95 cost time: 15.041196346282959
Epoch: 95, Steps: 265 | Train Loss: 0.2750306 Vali Loss: 0.4808669 Test Loss: 0.3390701
EarlyStopping counter: 15 out of 20
Updating learning rate to 1.7015458928354114e-06
	iters: 100, epoch: 96 | loss: 0.2807022
	speed: 0.1210s/iter; left time: 148.4046s
	iters: 200, epoch: 96 | loss: 0.2838385
	speed: 0.0509s/iter; left time: 57.3103s
Epoch: 96 cost time: 13.421920537948608
Epoch: 96, Steps: 265 | Train Loss: 0.2750347 Vali Loss: 0.4806851 Test Loss: 0.3391159
EarlyStopping counter: 16 out of 20
Updating learning rate to 1.0909625499303723e-06
	iters: 100, epoch: 97 | loss: 0.2585101
	speed: 0.1184s/iter; left time: 113.8255s
	iters: 200, epoch: 97 | loss: 0.2601722
	speed: 0.0500s/iter; left time: 43.0867s
Epoch: 97 cost time: 13.347898483276367
Epoch: 97, Steps: 265 | Train Loss: 0.2751113 Vali Loss: 0.4806017 Test Loss: 0.3392323
EarlyStopping counter: 17 out of 20
Updating learning rate to 6.144360272365664e-07
	iters: 100, epoch: 98 | loss: 0.2752802
	speed: 0.1173s/iter; left time: 81.6089s
	iters: 200, epoch: 98 | loss: 0.2668982
	speed: 0.0500s/iter; left time: 29.8055s
Epoch: 98 cost time: 13.241959810256958
Epoch: 98, Steps: 265 | Train Loss: 0.2748247 Vali Loss: 0.4802300 Test Loss: 0.3389058
EarlyStopping counter: 18 out of 20
Updating learning rate to 2.732724508297455e-07
	iters: 100, epoch: 99 | loss: 0.2607200
	speed: 0.1163s/iter; left time: 50.1290s
	iters: 200, epoch: 99 | loss: 0.2905084
	speed: 0.0492s/iter; left time: 16.2991s
Epoch: 99 cost time: 13.0890634059906
Epoch: 99, Steps: 265 | Train Loss: 0.2748474 Vali Loss: 0.4802739 Test Loss: 0.3392644
EarlyStopping counter: 19 out of 20
Updating learning rate to 6.840692635883826e-08
	iters: 100, epoch: 100 | loss: 0.2676254
	speed: 0.1161s/iter; left time: 19.2678s
	iters: 200, epoch: 100 | loss: 0.2697751
	speed: 0.0491s/iter; left time: 3.2404s
Epoch: 100 cost time: 13.038376331329346
Epoch: 100, Steps: 265 | Train Loss: 0.2747519 Vali Loss: 0.4801053 Test Loss: 0.3393578
EarlyStopping counter: 20 out of 20
Early stopping
>>>>>>>testing : CMS3_ettm1_336_192_PatchTST_ETTm1_ftM_sl336_ll48_pl192_dm128_nh16_el3_dl1_df256_fc1_ebtimeF_dtTrue_Exp_0<<<<<<<<<<<<<<<<<<<<<<<<<<<<<<<<<
test 11329
mse:0.3388702869415283, mae:0.37850871682167053, rse:0.5536829829216003
Args in experiment:
Namespace(random_seed=2021, is_training=1, model_id='CMS3_ettm1_336_336', model='PatchTST', data='ETTm1', root_path='./dataset/', data_path='ETTm1.csv', features='M', target='OT', freq='h', checkpoints='./checkpoints/', seq_len=336, label_len=48, pred_len=336, head_type='cms3', fc_dropout=0.2, head_dropout=0.0, patch_len=16, stride=8, padding_patch='end', revin=1, affine=0, subtract_last=0, decomposition=0, kernel_size=25, individual=0, embed_type=0, enc_in=7, dec_in=7, c_out=7, d_model=128, n_heads=16, e_layers=3, d_layers=1, d_ff=256, moving_avg=25, factor=1, distil=True, dropout=0.2, embed='timeF', activation='gelu', output_attention=False, do_predict=False, num_workers=0, itr=1, train_epochs=100, batch_size=128, patience=20, learning_rate=0.0001, des='Exp', loss='mse', lradj='TST', pct_start=0.4, use_amp=False, use_gpu=True, gpu=0, use_multi_gpu=False, devices='0,1,2,3', test_flop=False)
Use GPU: cuda:0
>>>>>>>start training : CMS3_ettm1_336_336_PatchTST_ETTm1_ftM_sl336_ll48_pl336_dm128_nh16_el3_dl1_df256_fc1_ebtimeF_dtTrue_Exp_0>>>>>>>>>>>>>>>>>>>>>>>>>>
train 33889
val 11185
test 11185
	iters: 100, epoch: 1 | loss: 0.5416481
	speed: 0.0736s/iter; left time: 1934.8062s
	iters: 200, epoch: 1 | loss: 0.5426070
	speed: 0.0490s/iter; left time: 1282.9670s
Epoch: 1 cost time: 13.382181406021118
Epoch: 1, Steps: 264 | Train Loss: 0.5452544 Vali Loss: 1.1039485 Test Loss: 0.7088125
Validation loss decreased (inf --> 1.103948).  Saving model ...
Updating learning rate to 4.147995994617984e-06
	iters: 100, epoch: 2 | loss: 0.5293673
	speed: 0.1200s/iter; left time: 3124.4352s
	iters: 200, epoch: 2 | loss: 0.5229144
	speed: 0.0492s/iter; left time: 1274.9254s
Epoch: 2 cost time: 13.060251474380493
Epoch: 2, Steps: 264 | Train Loss: 0.5449834 Vali Loss: 1.1028916 Test Loss: 0.7083809
Validation loss decreased (1.103948 --> 1.102892).  Saving model ...
Updating learning rate to 4.591071361204269e-06
	iters: 100, epoch: 3 | loss: 0.5392160
	speed: 0.1208s/iter; left time: 3113.7141s
	iters: 200, epoch: 3 | loss: 0.5793360
	speed: 0.0504s/iter; left time: 1294.4096s
Epoch: 3 cost time: 13.410216569900513
Epoch: 3, Steps: 264 | Train Loss: 0.5447729 Vali Loss: 1.1027085 Test Loss: 0.7079049
Validation loss decreased (1.102892 --> 1.102708).  Saving model ...
Updating learning rate to 5.3264938756102174e-06
	iters: 100, epoch: 4 | loss: 0.5452900
	speed: 0.1175s/iter; left time: 2997.9046s
	iters: 200, epoch: 4 | loss: 0.5020810
	speed: 0.0492s/iter; left time: 1249.2959s
Epoch: 4 cost time: 12.996739625930786
Epoch: 4, Steps: 264 | Train Loss: 0.5444797 Vali Loss: 1.1019748 Test Loss: 0.7073471
Validation loss decreased (1.102708 --> 1.101975).  Saving model ...
Updating learning rate to 6.349728555065631e-06
	iters: 100, epoch: 5 | loss: 0.5737338
	speed: 0.1190s/iter; left time: 3005.2869s
	iters: 200, epoch: 5 | loss: 0.5187281
	speed: 0.0492s/iter; left time: 1237.9116s
Epoch: 5 cost time: 13.187463283538818
Epoch: 5, Steps: 264 | Train Loss: 0.5440374 Vali Loss: 1.1014632 Test Loss: 0.7066940
Validation loss decreased (1.101975 --> 1.101463).  Saving model ...
Updating learning rate to 7.654465623149092e-06
	iters: 100, epoch: 6 | loss: 0.5442290
	speed: 0.1214s/iter; left time: 3033.0514s
	iters: 200, epoch: 6 | loss: 0.5345007
	speed: 0.0514s/iter; left time: 1279.0330s
Epoch: 6 cost time: 13.595223188400269
Epoch: 6, Steps: 264 | Train Loss: 0.5437187 Vali Loss: 1.1002362 Test Loss: 0.7059262
Validation loss decreased (1.101463 --> 1.100236).  Saving model ...
Updating learning rate to 9.232659419022894e-06
	iters: 100, epoch: 7 | loss: 0.5370176
	speed: 0.1177s/iter; left time: 2909.7538s
	iters: 200, epoch: 7 | loss: 0.5610657
	speed: 0.0492s/iter; left time: 1212.3030s
Epoch: 7 cost time: 13.002739191055298
Epoch: 7, Steps: 264 | Train Loss: 0.5431739 Vali Loss: 1.0995041 Test Loss: 0.7050158
Validation loss decreased (1.100236 --> 1.099504).  Saving model ...
Updating learning rate to 1.1074578010998666e-05
	iters: 100, epoch: 8 | loss: 0.4831090
	speed: 0.1170s/iter; left time: 2859.8892s
	iters: 200, epoch: 8 | loss: 0.5521405
	speed: 0.0498s/iter; left time: 1213.4800s
Epoch: 8 cost time: 13.063145160675049
Epoch: 8, Steps: 264 | Train Loss: 0.5426815 Vali Loss: 1.0984150 Test Loss: 0.7039483
Validation loss decreased (1.099504 --> 1.098415).  Saving model ...
Updating learning rate to 1.3168863208492038e-05
	iters: 100, epoch: 9 | loss: 0.5053042
	speed: 0.1174s/iter; left time: 2840.6834s
	iters: 200, epoch: 9 | loss: 0.5351256
	speed: 0.0491s/iter; left time: 1183.9310s
Epoch: 9 cost time: 12.988003492355347
Epoch: 9, Steps: 264 | Train Loss: 0.5420969 Vali Loss: 1.0967555 Test Loss: 0.7027025
Validation loss decreased (1.098415 --> 1.096756).  Saving model ...
Updating learning rate to 1.5502600602302323e-05
	iters: 100, epoch: 10 | loss: 0.5680907
	speed: 0.1168s/iter; left time: 2794.6073s
	iters: 200, epoch: 10 | loss: 0.4774897
	speed: 0.0492s/iter; left time: 1171.7062s
Epoch: 10 cost time: 12.985504388809204
Epoch: 10, Steps: 264 | Train Loss: 0.5411174 Vali Loss: 1.0943947 Test Loss: 0.7012594
Validation loss decreased (1.096756 --> 1.094395).  Saving model ...
Updating learning rate to 1.8061399201313948e-05
	iters: 100, epoch: 11 | loss: 0.4850316
	speed: 0.1180s/iter; left time: 2791.9806s
	iters: 200, epoch: 11 | loss: 0.5065823
	speed: 0.0494s/iter; left time: 1164.5638s
Epoch: 11 cost time: 13.148061752319336
Epoch: 11, Steps: 264 | Train Loss: 0.5402806 Vali Loss: 1.0916677 Test Loss: 0.6995677
Validation loss decreased (1.094395 --> 1.091668).  Saving model ...
Updating learning rate to 2.08294801745399e-05
	iters: 100, epoch: 12 | loss: 0.6005018
	speed: 0.1178s/iter; left time: 2756.4558s
	iters: 200, epoch: 12 | loss: 0.5567241
	speed: 0.0506s/iter; left time: 1178.7309s
Epoch: 12 cost time: 13.166911602020264
Epoch: 12, Steps: 264 | Train Loss: 0.5391087 Vali Loss: 1.0907043 Test Loss: 0.6975910
Validation loss decreased (1.091668 --> 1.090704).  Saving model ...
Updating learning rate to 2.378977415127951e-05
	iters: 100, epoch: 13 | loss: 0.5258458
	speed: 0.1176s/iter; left time: 2719.5791s
	iters: 200, epoch: 13 | loss: 0.4706046
	speed: 0.0494s/iter; left time: 1137.5169s
Epoch: 13 cost time: 13.035576581954956
Epoch: 13, Steps: 264 | Train Loss: 0.5382269 Vali Loss: 1.0870632 Test Loss: 0.6952612
Validation loss decreased (1.090704 --> 1.087063).  Saving model ...
Updating learning rate to 2.6924026479389104e-05
	iters: 100, epoch: 14 | loss: 0.5876133
	speed: 0.1173s/iter; left time: 2683.5198s
	iters: 200, epoch: 14 | loss: 0.5429913
	speed: 0.0492s/iter; left time: 1119.7668s
Epoch: 14 cost time: 13.038501977920532
Epoch: 14, Steps: 264 | Train Loss: 0.5368690 Vali Loss: 1.0840032 Test Loss: 0.6925229
Validation loss decreased (1.087063 --> 1.084003).  Saving model ...
Updating learning rate to 3.0212909792590238e-05
	iters: 100, epoch: 15 | loss: 0.5438213
	speed: 0.1196s/iter; left time: 2704.6658s
	iters: 200, epoch: 15 | loss: 0.5844390
	speed: 0.0494s/iter; left time: 1110.9542s
Epoch: 15 cost time: 13.228687047958374
Epoch: 15, Steps: 264 | Train Loss: 0.5353223 Vali Loss: 1.0797807 Test Loss: 0.6893446
Validation loss decreased (1.084003 --> 1.079781).  Saving model ...
Updating learning rate to 3.363614319266957e-05
	iters: 100, epoch: 16 | loss: 0.5696599
	speed: 0.1173s/iter; left time: 2620.3202s
	iters: 200, epoch: 16 | loss: 0.5648131
	speed: 0.0497s/iter; left time: 1105.7935s
Epoch: 16 cost time: 13.183433055877686
Epoch: 16, Steps: 264 | Train Loss: 0.5334483 Vali Loss: 1.0747373 Test Loss: 0.6856791
Validation loss decreased (1.079781 --> 1.074737).  Saving model ...
Updating learning rate to 3.7172617311633196e-05
	iters: 100, epoch: 17 | loss: 0.5276065
	speed: 0.1186s/iter; left time: 2618.8238s
	iters: 200, epoch: 17 | loss: 0.5480015
	speed: 0.0500s/iter; left time: 1099.3882s
Epoch: 17 cost time: 13.127641201019287
Epoch: 17, Steps: 264 | Train Loss: 0.5311813 Vali Loss: 1.0694910 Test Loss: 0.6815512
Validation loss decreased (1.074737 --> 1.069491).  Saving model ...
Updating learning rate to 4.0800524482619576e-05
	iters: 100, epoch: 18 | loss: 0.4990969
	speed: 0.1179s/iter; left time: 2571.8727s
	iters: 200, epoch: 18 | loss: 0.4985408
	speed: 0.0493s/iter; left time: 1070.3962s
Epoch: 18 cost time: 13.043563842773438
Epoch: 18, Steps: 264 | Train Loss: 0.5290476 Vali Loss: 1.0630665 Test Loss: 0.6770619
Validation loss decreased (1.069491 --> 1.063066).  Saving model ...
Updating learning rate to 4.449749321687241e-05
	iters: 100, epoch: 19 | loss: 0.5265837
	speed: 0.1170s/iter; left time: 2521.3933s
	iters: 200, epoch: 19 | loss: 0.5280220
	speed: 0.0493s/iter; left time: 1057.7756s
Epoch: 19 cost time: 13.018718957901001
Epoch: 19, Steps: 264 | Train Loss: 0.5263818 Vali Loss: 1.0571177 Test Loss: 0.6724543
Validation loss decreased (1.063066 --> 1.057118).  Saving model ...
Updating learning rate to 4.824072615752094e-05
	iters: 100, epoch: 20 | loss: 0.5128816
	speed: 0.1176s/iter; left time: 2503.5775s
	iters: 200, epoch: 20 | loss: 0.4773377
	speed: 0.0495s/iter; left time: 1049.1348s
Epoch: 20 cost time: 13.096412897109985
Epoch: 20, Steps: 264 | Train Loss: 0.5234936 Vali Loss: 1.0503889 Test Loss: 0.6677990
Validation loss decreased (1.057118 --> 1.050389).  Saving model ...
Updating learning rate to 5.200714065947608e-05
	iters: 100, epoch: 21 | loss: 0.4976345
	speed: 0.1174s/iter; left time: 2468.2660s
	iters: 200, epoch: 21 | loss: 0.5132614
	speed: 0.0492s/iter; left time: 1028.7584s
Epoch: 21 cost time: 13.003342866897583
Epoch: 21, Steps: 264 | Train Loss: 0.5209139 Vali Loss: 1.0439738 Test Loss: 0.6631799
Validation loss decreased (1.050389 --> 1.043974).  Saving model ...
Updating learning rate to 5.577351112855618e-05
	iters: 100, epoch: 22 | loss: 0.4953087
	speed: 0.1175s/iter; left time: 2438.8766s
	iters: 200, epoch: 22 | loss: 0.4706967
	speed: 0.0494s/iter; left time: 1021.4454s
Epoch: 22 cost time: 13.044357299804688
Epoch: 22, Steps: 264 | Train Loss: 0.5179695 Vali Loss: 1.0368578 Test Loss: 0.6584969
Validation loss decreased (1.043974 --> 1.036858).  Saving model ...
Updating learning rate to 5.951661224210828e-05
	iters: 100, epoch: 23 | loss: 0.5055459
	speed: 0.1174s/iter; left time: 2406.8533s
	iters: 200, epoch: 23 | loss: 0.5229380
	speed: 0.0501s/iter; left time: 1022.1101s
Epoch: 23 cost time: 13.131398677825928
Epoch: 23, Steps: 264 | Train Loss: 0.5152137 Vali Loss: 1.0300316 Test Loss: 0.6537676
Validation loss decreased (1.036858 --> 1.030032).  Saving model ...
Updating learning rate to 6.321336216795497e-05
	iters: 100, epoch: 24 | loss: 0.5098168
	speed: 0.1173s/iter; left time: 2373.4227s
	iters: 200, epoch: 24 | loss: 0.4993642
	speed: 0.0497s/iter; left time: 1001.1972s
Epoch: 24 cost time: 13.118208169937134
Epoch: 24, Steps: 264 | Train Loss: 0.5119571 Vali Loss: 1.0222588 Test Loss: 0.6489361
Validation loss decreased (1.030032 --> 1.022259).  Saving model ...
Updating learning rate to 6.684096489850761e-05
	iters: 100, epoch: 25 | loss: 0.5311068
	speed: 0.1180s/iter; left time: 2356.1270s
	iters: 200, epoch: 25 | loss: 0.5084407
	speed: 0.0498s/iter; left time: 989.8861s
Epoch: 25 cost time: 13.088634252548218
Epoch: 25, Steps: 264 | Train Loss: 0.5089875 Vali Loss: 1.0152850 Test Loss: 0.6440460
Validation loss decreased (1.022259 --> 1.015285).  Saving model ...
Updating learning rate to 7.03770508223417e-05
	iters: 100, epoch: 26 | loss: 0.5360368
	speed: 0.1171s/iter; left time: 2307.9252s
	iters: 200, epoch: 26 | loss: 0.4980456
	speed: 0.0493s/iter; left time: 966.7312s
Epoch: 26 cost time: 13.005960702896118
Epoch: 26, Steps: 264 | Train Loss: 0.5059003 Vali Loss: 1.0078701 Test Loss: 0.6390111
Validation loss decreased (1.015285 --> 1.007870).  Saving model ...
Updating learning rate to 7.379981466640088e-05
	iters: 100, epoch: 27 | loss: 0.5086152
	speed: 0.1170s/iter; left time: 2274.9291s
	iters: 200, epoch: 27 | loss: 0.4979738
	speed: 0.0495s/iter; left time: 956.2387s
Epoch: 27 cost time: 13.05739426612854
Epoch: 27, Steps: 264 | Train Loss: 0.5027040 Vali Loss: 1.0006431 Test Loss: 0.6339161
Validation loss decreased (1.007870 --> 1.000643).  Saving model ...
Updating learning rate to 7.708814995820833e-05
	iters: 100, epoch: 28 | loss: 0.4942474
	speed: 0.1179s/iter; left time: 2259.9215s
	iters: 200, epoch: 28 | loss: 0.5204604
	speed: 0.0495s/iter; left time: 943.2747s
Epoch: 28 cost time: 13.040513277053833
Epoch: 28, Steps: 264 | Train Loss: 0.4995360 Vali Loss: 0.9934942 Test Loss: 0.6285301
Validation loss decreased (1.000643 --> 0.993494).  Saving model ...
Updating learning rate to 8.022177917892456e-05
	iters: 100, epoch: 29 | loss: 0.5037262
	speed: 0.1174s/iter; left time: 2219.7676s
	iters: 200, epoch: 29 | loss: 0.4931039
	speed: 0.0492s/iter; left time: 925.0740s
Epoch: 29 cost time: 13.015073537826538
Epoch: 29, Steps: 264 | Train Loss: 0.4961675 Vali Loss: 0.9853470 Test Loss: 0.6228808
Validation loss decreased (0.993494 --> 0.985347).  Saving model ...
Updating learning rate to 8.318137880466269e-05
	iters: 100, epoch: 30 | loss: 0.5007315
	speed: 0.1176s/iter; left time: 2192.5089s
	iters: 200, epoch: 30 | loss: 0.4677742
	speed: 0.0497s/iter; left time: 922.0909s
Epoch: 30 cost time: 13.131399869918823
Epoch: 30, Steps: 264 | Train Loss: 0.4925649 Vali Loss: 0.9778143 Test Loss: 0.6171459
Validation loss decreased (0.985347 --> 0.977814).  Saving model ...
Updating learning rate to 8.594869846499432e-05
	iters: 100, epoch: 31 | loss: 0.4693028
	speed: 0.1180s/iter; left time: 2169.5671s
	iters: 200, epoch: 31 | loss: 0.5383369
	speed: 0.0493s/iter; left time: 901.7442s
Epoch: 31 cost time: 13.068052291870117
Epoch: 31, Steps: 264 | Train Loss: 0.4890844 Vali Loss: 0.9687428 Test Loss: 0.6112541
Validation loss decreased (0.977814 --> 0.968743).  Saving model ...
Updating learning rate to 8.85066734838546e-05
	iters: 100, epoch: 32 | loss: 0.4749940
	speed: 0.1173s/iter; left time: 2125.5861s
	iters: 200, epoch: 32 | loss: 0.4530272
	speed: 0.0499s/iter; left time: 899.8736s
Epoch: 32 cost time: 13.126229286193848
Epoch: 32, Steps: 264 | Train Loss: 0.4852550 Vali Loss: 0.9599349 Test Loss: 0.6050118
Validation loss decreased (0.968743 --> 0.959935).  Saving model ...
Updating learning rate to 9.083953010886336e-05
	iters: 100, epoch: 33 | loss: 0.5170015
	speed: 0.1177s/iter; left time: 2101.2929s
	iters: 200, epoch: 33 | loss: 0.4907290
	speed: 0.0495s/iter; left time: 878.0872s
Epoch: 33 cost time: 13.070722103118896
Epoch: 33, Steps: 264 | Train Loss: 0.4814065 Vali Loss: 0.9497513 Test Loss: 0.5985618
Validation loss decreased (0.959935 --> 0.949751).  Saving model ...
Updating learning rate to 9.29328827801656e-05
	iters: 100, epoch: 34 | loss: 0.5112518
	speed: 0.1177s/iter; left time: 2070.9716s
	iters: 200, epoch: 34 | loss: 0.4738318
	speed: 0.0493s/iter; left time: 862.7879s
Epoch: 34 cost time: 13.038184404373169
Epoch: 34, Steps: 264 | Train Loss: 0.4774372 Vali Loss: 0.9406984 Test Loss: 0.5919594
Validation loss decreased (0.949751 --> 0.940698).  Saving model ...
Updating learning rate to 9.477382283898318e-05
	iters: 100, epoch: 35 | loss: 0.4860837
	speed: 0.1169s/iter; left time: 2025.8964s
	iters: 200, epoch: 35 | loss: 0.4586286
	speed: 0.0492s/iter; left time: 847.8760s
Epoch: 35 cost time: 13.008742570877075
Epoch: 35, Steps: 264 | Train Loss: 0.4732117 Vali Loss: 0.9306147 Test Loss: 0.5853130
Validation loss decreased (0.940698 --> 0.930615).  Saving model ...
Updating learning rate to 9.635099812885627e-05
	iters: 100, epoch: 36 | loss: 0.4443513
	speed: 0.1170s/iter; left time: 1996.6731s
	iters: 200, epoch: 36 | loss: 0.4743693
	speed: 0.0497s/iter; left time: 842.9603s
Epoch: 36 cost time: 13.065578937530518
Epoch: 36, Steps: 264 | Train Loss: 0.4688156 Vali Loss: 0.9208403 Test Loss: 0.5782334
Validation loss decreased (0.930615 --> 0.920840).  Saving model ...
Updating learning rate to 9.765468299871352e-05
	iters: 100, epoch: 37 | loss: 0.4604375
	speed: 0.1179s/iter; left time: 1980.7763s
	iters: 200, epoch: 37 | loss: 0.4345190
	speed: 0.0493s/iter; left time: 823.7992s
Epoch: 37 cost time: 13.078783750534058
Epoch: 37, Steps: 264 | Train Loss: 0.4646254 Vali Loss: 0.9102731 Test Loss: 0.5709400
Validation loss decreased (0.920840 --> 0.910273).  Saving model ...
Updating learning rate to 9.86768382760973e-05
	iters: 100, epoch: 38 | loss: 0.4390920
	speed: 0.1193s/iter; left time: 1972.4950s
	iters: 200, epoch: 38 | loss: 0.4830168
	speed: 0.0495s/iter; left time: 812.6610s
Epoch: 38 cost time: 13.225708484649658
Epoch: 38, Steps: 264 | Train Loss: 0.4600069 Vali Loss: 0.9000877 Test Loss: 0.5638721
Validation loss decreased (0.910273 --> 0.900088).  Saving model ...
Updating learning rate to 9.941116084071886e-05
	iters: 100, epoch: 39 | loss: 0.4361494
	speed: 0.1178s/iter; left time: 1916.9265s
	iters: 200, epoch: 39 | loss: 0.4445461
	speed: 0.0493s/iter; left time: 797.8362s
Epoch: 39 cost time: 13.116439580917358
Epoch: 39, Steps: 264 | Train Loss: 0.4554552 Vali Loss: 0.8886657 Test Loss: 0.5566882
Validation loss decreased (0.900088 --> 0.888666).  Saving model ...
Updating learning rate to 9.985312249264813e-05
	iters: 100, epoch: 40 | loss: 0.4353323
	speed: 0.1179s/iter; left time: 1887.0115s
	iters: 200, epoch: 40 | loss: 0.4528388
	speed: 0.0494s/iter; left time: 785.9540s
Epoch: 40 cost time: 13.184261083602905
Epoch: 40, Steps: 264 | Train Loss: 0.4508077 Vali Loss: 0.8781764 Test Loss: 0.5494303
Validation loss decreased (0.888666 --> 0.878176).  Saving model ...
Updating learning rate to 9.999999901660576e-05
	iters: 100, epoch: 41 | loss: 0.4482682
	speed: 0.1193s/iter; left time: 1878.2682s
	iters: 200, epoch: 41 | loss: 0.4134733
	speed: 0.0496s/iter; left time: 775.8372s
Epoch: 41 cost time: 13.15282416343689
Epoch: 41, Steps: 264 | Train Loss: 0.4462624 Vali Loss: 0.8685052 Test Loss: 0.5420794
Validation loss decreased (0.878176 --> 0.868505).  Saving model ...
Updating learning rate to 9.99309570348355e-05
	iters: 100, epoch: 42 | loss: 0.4542284
	speed: 0.1173s/iter; left time: 1816.0520s
	iters: 200, epoch: 42 | loss: 0.4168257
	speed: 0.0493s/iter; left time: 758.5567s
Epoch: 42 cost time: 13.031069278717041
Epoch: 42, Steps: 264 | Train Loss: 0.4416109 Vali Loss: 0.8575080 Test Loss: 0.5347922
Validation loss decreased (0.868505 --> 0.857508).  Saving model ...
Updating learning rate to 9.972505831867712e-05
	iters: 100, epoch: 43 | loss: 0.4303279
	speed: 0.1177s/iter; left time: 1791.2063s
	iters: 200, epoch: 43 | loss: 0.4480209
	speed: 0.0493s/iter; left time: 745.1101s
Epoch: 43 cost time: 13.035198450088501
Epoch: 43, Steps: 264 | Train Loss: 0.4368544 Vali Loss: 0.8467420 Test Loss: 0.5276268
Validation loss decreased (0.857508 --> 0.846742).  Saving model ...
Updating learning rate to 9.938286722219978e-05
	iters: 100, epoch: 44 | loss: 0.4583724
	speed: 0.1170s/iter; left time: 1748.4644s
	iters: 200, epoch: 44 | loss: 0.4071506
	speed: 0.0491s/iter; left time: 729.6307s
Epoch: 44 cost time: 12.97727346420288
Epoch: 44, Steps: 264 | Train Loss: 0.4322215 Vali Loss: 0.8363623 Test Loss: 0.5202641
Validation loss decreased (0.846742 --> 0.836362).  Saving model ...
Updating learning rate to 9.890532166741349e-05
	iters: 100, epoch: 45 | loss: 0.3921788
	speed: 0.1188s/iter; left time: 1744.0661s
	iters: 200, epoch: 45 | loss: 0.4352335
	speed: 0.0497s/iter; left time: 724.5692s
Epoch: 45 cost time: 13.23871922492981
Epoch: 45, Steps: 264 | Train Loss: 0.4274818 Vali Loss: 0.8255427 Test Loss: 0.5134156
Validation loss decreased (0.836362 --> 0.825543).  Saving model ...
Updating learning rate to 9.829373057349015e-05
	iters: 100, epoch: 46 | loss: 0.4145119
	speed: 0.1182s/iter; left time: 1704.8190s
	iters: 200, epoch: 46 | loss: 0.4137431
	speed: 0.0493s/iter; left time: 705.6867s
Epoch: 46 cost time: 13.071656227111816
Epoch: 46, Steps: 264 | Train Loss: 0.4230780 Vali Loss: 0.8159481 Test Loss: 0.5062882
Validation loss decreased (0.825543 --> 0.815948).  Saving model ...
Updating learning rate to 9.754977026910703e-05
	iters: 100, epoch: 47 | loss: 0.4097505
	speed: 0.1170s/iter; left time: 1656.6937s
	iters: 200, epoch: 47 | loss: 0.4207305
	speed: 0.0496s/iter; left time: 697.1461s
Epoch: 47 cost time: 13.034545660018921
Epoch: 47, Steps: 264 | Train Loss: 0.4186476 Vali Loss: 0.8059801 Test Loss: 0.4994278
Validation loss decreased (0.815948 --> 0.805980).  Saving model ...
Updating learning rate to 9.66754798977464e-05
	iters: 100, epoch: 48 | loss: 0.4114984
	speed: 0.1172s/iter; left time: 1628.2262s
	iters: 200, epoch: 48 | loss: 0.4003094
	speed: 0.0494s/iter; left time: 681.0950s
Epoch: 48 cost time: 13.047655582427979
Epoch: 48, Steps: 264 | Train Loss: 0.4140522 Vali Loss: 0.7963358 Test Loss: 0.4931630
Validation loss decreased (0.805980 --> 0.796336).  Saving model ...
Updating learning rate to 9.567325582854496e-05
	iters: 100, epoch: 49 | loss: 0.4174218
	speed: 0.1171s/iter; left time: 1595.9768s
	iters: 200, epoch: 49 | loss: 0.3837221
	speed: 0.0496s/iter; left time: 671.4800s
Epoch: 49 cost time: 13.050324201583862
Epoch: 49, Steps: 264 | Train Loss: 0.4099168 Vali Loss: 0.7858582 Test Loss: 0.4868184
Validation loss decreased (0.796336 --> 0.785858).  Saving model ...
Updating learning rate to 9.454584508801265e-05
	iters: 100, epoch: 50 | loss: 0.4443339
	speed: 0.1182s/iter; left time: 1579.5878s
	iters: 200, epoch: 50 | loss: 0.4112274
	speed: 0.0494s/iter; left time: 655.0323s
Epoch: 50 cost time: 13.070772647857666
Epoch: 50, Steps: 264 | Train Loss: 0.4056847 Vali Loss: 0.7771411 Test Loss: 0.4802617
Validation loss decreased (0.785858 --> 0.777141).  Saving model ...
Updating learning rate to 9.329633783062396e-05
	iters: 100, epoch: 51 | loss: 0.3940703
	speed: 0.1170s/iter; left time: 1533.1761s
	iters: 200, epoch: 51 | loss: 0.4133415
	speed: 0.0493s/iter; left time: 640.9397s
Epoch: 51 cost time: 13.011005640029907
Epoch: 51, Steps: 264 | Train Loss: 0.4014903 Vali Loss: 0.7683239 Test Loss: 0.4743589
Validation loss decreased (0.777141 --> 0.768324).  Saving model ...
Updating learning rate to 9.192815886891915e-05
	iters: 100, epoch: 52 | loss: 0.3899420
	speed: 0.1169s/iter; left time: 1500.9836s
	iters: 200, epoch: 52 | loss: 0.3773445
	speed: 0.0496s/iter; left time: 631.7797s
Epoch: 52 cost time: 13.051232814788818
Epoch: 52, Steps: 264 | Train Loss: 0.3974875 Vali Loss: 0.7597808 Test Loss: 0.4685976
Validation loss decreased (0.768324 --> 0.759781).  Saving model ...
Updating learning rate to 9.044505828633132e-05
	iters: 100, epoch: 53 | loss: 0.3936310
	speed: 0.1181s/iter; left time: 1485.3823s
	iters: 200, epoch: 53 | loss: 0.4264639
	speed: 0.0492s/iter; left time: 613.1965s
Epoch: 53 cost time: 13.010498523712158
Epoch: 53, Steps: 264 | Train Loss: 0.3936076 Vali Loss: 0.7518746 Test Loss: 0.4626695
Validation loss decreased (0.759781 --> 0.751875).  Saving model ...
Updating learning rate to 8.88511011584683e-05
	iters: 100, epoch: 54 | loss: 0.4256355
	speed: 0.1171s/iter; left time: 1440.9016s
	iters: 200, epoch: 54 | loss: 0.4110357
	speed: 0.0491s/iter; left time: 600.0711s
Epoch: 54 cost time: 12.987824440002441
Epoch: 54, Steps: 264 | Train Loss: 0.3897874 Vali Loss: 0.7438028 Test Loss: 0.4570982
Validation loss decreased (0.751875 --> 0.743803).  Saving model ...
Updating learning rate to 8.715065641102294e-05
	iters: 100, epoch: 55 | loss: 0.3525183
	speed: 0.1171s/iter; left time: 1410.5483s
	iters: 200, epoch: 55 | loss: 0.3358772
	speed: 0.0493s/iter; left time: 589.1505s
Epoch: 55 cost time: 13.045549631118774
Epoch: 55, Steps: 264 | Train Loss: 0.3862232 Vali Loss: 0.7360937 Test Loss: 0.4522045
Validation loss decreased (0.743803 --> 0.736094).  Saving model ...
Updating learning rate to 8.534838484485153e-05
	iters: 100, epoch: 56 | loss: 0.3795802
	speed: 0.1182s/iter; left time: 1392.5326s
	iters: 200, epoch: 56 | loss: 0.3664948
	speed: 0.0496s/iter; left time: 579.3362s
Epoch: 56 cost time: 13.088489770889282
Epoch: 56, Steps: 264 | Train Loss: 0.3828811 Vali Loss: 0.7291740 Test Loss: 0.4471253
Validation loss decreased (0.736094 --> 0.729174).  Saving model ...
Updating learning rate to 8.344922636104257e-05
	iters: 100, epoch: 57 | loss: 0.3907154
	speed: 0.1174s/iter; left time: 1352.3063s
	iters: 200, epoch: 57 | loss: 0.3789237
	speed: 0.0492s/iter; left time: 562.2124s
Epoch: 57 cost time: 13.065528154373169
Epoch: 57, Steps: 264 | Train Loss: 0.3794389 Vali Loss: 0.7225895 Test Loss: 0.4426106
Validation loss decreased (0.729174 --> 0.722589).  Saving model ...
Updating learning rate to 8.145838642099132e-05
	iters: 100, epoch: 58 | loss: 0.3880002
	speed: 0.1181s/iter; left time: 1328.6679s
	iters: 200, epoch: 58 | loss: 0.3639840
	speed: 0.0496s/iter; left time: 553.7300s
Epoch: 58 cost time: 13.162315845489502
Epoch: 58, Steps: 264 | Train Loss: 0.3762029 Vali Loss: 0.7166469 Test Loss: 0.4382399
Validation loss decreased (0.722589 --> 0.716647).  Saving model ...
Updating learning rate to 7.938132177859184e-05
	iters: 100, epoch: 59 | loss: 0.3671648
	speed: 0.1181s/iter; left time: 1297.7005s
	iters: 200, epoch: 59 | loss: 0.3919218
	speed: 0.0494s/iter; left time: 538.0523s
Epoch: 59 cost time: 13.059064626693726
Epoch: 59, Steps: 264 | Train Loss: 0.3733444 Vali Loss: 0.7093273 Test Loss: 0.4341728
Validation loss decreased (0.716647 --> 0.709327).  Saving model ...
Updating learning rate to 7.7223725523654e-05
	iters: 100, epoch: 60 | loss: 0.3869078
	speed: 0.1177s/iter; left time: 1261.9264s
	iters: 200, epoch: 60 | loss: 0.3785172
	speed: 0.0507s/iter; left time: 539.2175s
Epoch: 60 cost time: 13.27517056465149
Epoch: 60, Steps: 264 | Train Loss: 0.3703808 Vali Loss: 0.7041690 Test Loss: 0.4308477
Validation loss decreased (0.709327 --> 0.704169).  Saving model ...
Updating learning rate to 7.499151147753989e-05
	iters: 100, epoch: 61 | loss: 0.3712420
	speed: 0.1183s/iter; left time: 1237.3742s
	iters: 200, epoch: 61 | loss: 0.3827771
	speed: 0.0502s/iter; left time: 519.9424s
Epoch: 61 cost time: 13.183401584625244
Epoch: 61, Steps: 264 | Train Loss: 0.3677741 Vali Loss: 0.6987038 Test Loss: 0.4263656
Validation loss decreased (0.704169 --> 0.698704).  Saving model ...
Updating learning rate to 7.269079798379057e-05
	iters: 100, epoch: 62 | loss: 0.4113958
	speed: 0.1180s/iter; left time: 1203.3589s
	iters: 200, epoch: 62 | loss: 0.3377903
	speed: 0.0494s/iter; left time: 498.3225s
Epoch: 62 cost time: 13.035946130752563
Epoch: 62, Steps: 264 | Train Loss: 0.3651449 Vali Loss: 0.6938531 Test Loss: 0.4234068
Validation loss decreased (0.698704 --> 0.693853).  Saving model ...
Updating learning rate to 7.032789113817185e-05
	iters: 100, epoch: 63 | loss: 0.3583519
	speed: 0.1175s/iter; left time: 1167.1742s
	iters: 200, epoch: 63 | loss: 0.3910784
	speed: 0.0494s/iter; left time: 485.6746s
Epoch: 63 cost time: 13.068462133407593
Epoch: 63, Steps: 264 | Train Loss: 0.3627040 Vali Loss: 0.6903354 Test Loss: 0.4204198
Validation loss decreased (0.693853 --> 0.690335).  Saving model ...
Updating learning rate to 6.790926750410386e-05
	iters: 100, epoch: 64 | loss: 0.3662134
	speed: 0.1182s/iter; left time: 1142.9992s
	iters: 200, epoch: 64 | loss: 0.3649721
	speed: 0.0495s/iter; left time: 473.7949s
Epoch: 64 cost time: 13.153861045837402
Epoch: 64, Steps: 264 | Train Loss: 0.3604175 Vali Loss: 0.6852863 Test Loss: 0.4171116
Validation loss decreased (0.690335 --> 0.685286).  Saving model ...
Updating learning rate to 6.544155636085115e-05
	iters: 100, epoch: 65 | loss: 0.3579379
	speed: 0.1185s/iter; left time: 1114.5756s
	iters: 200, epoch: 65 | loss: 0.3286766
	speed: 0.0510s/iter; left time: 474.0934s
Epoch: 65 cost time: 13.268059253692627
Epoch: 65, Steps: 264 | Train Loss: 0.3584290 Vali Loss: 0.6818737 Test Loss: 0.4142958
Validation loss decreased (0.685286 --> 0.681874).  Saving model ...
Updating learning rate to 6.293152153312886e-05
	iters: 100, epoch: 66 | loss: 0.3636047
	speed: 0.1177s/iter; left time: 1075.4996s
	iters: 200, epoch: 66 | loss: 0.3400144
	speed: 0.0508s/iter; left time: 459.0949s
Epoch: 66 cost time: 13.17162561416626
Epoch: 66, Steps: 264 | Train Loss: 0.3564165 Vali Loss: 0.6780948 Test Loss: 0.4120091
Validation loss decreased (0.681874 --> 0.678095).  Saving model ...
Updating learning rate to 6.03860428519294e-05
	iters: 100, epoch: 67 | loss: 0.3585038
	speed: 0.1174s/iter; left time: 1042.1137s
	iters: 200, epoch: 67 | loss: 0.3510105
	speed: 0.0502s/iter; left time: 440.8108s
Epoch: 67 cost time: 13.164539098739624
Epoch: 67, Steps: 264 | Train Loss: 0.3544960 Vali Loss: 0.6748061 Test Loss: 0.4094225
Validation loss decreased (0.678095 --> 0.674806).  Saving model ...
Updating learning rate to 5.781209729738391e-05
	iters: 100, epoch: 68 | loss: 0.3415437
	speed: 0.1194s/iter; left time: 1027.9709s
	iters: 200, epoch: 68 | loss: 0.3459144
	speed: 0.0492s/iter; left time: 419.1099s
Epoch: 68 cost time: 13.200597763061523
Epoch: 68, Steps: 264 | Train Loss: 0.3529200 Vali Loss: 0.6719671 Test Loss: 0.4073952
Validation loss decreased (0.674806 --> 0.671967).  Saving model ...
Updating learning rate to 5.52167398753446e-05
	iters: 100, epoch: 69 | loss: 0.3467584
	speed: 0.1177s/iter; left time: 982.3867s
	iters: 200, epoch: 69 | loss: 0.3781898
	speed: 0.0505s/iter; left time: 416.4791s
Epoch: 69 cost time: 13.167006254196167
Epoch: 69, Steps: 264 | Train Loss: 0.3512371 Vali Loss: 0.6692234 Test Loss: 0.4052362
Validation loss decreased (0.671967 --> 0.669223).  Saving model ...
Updating learning rate to 5.260708428010421e-05
	iters: 100, epoch: 70 | loss: 0.3404237
	speed: 0.1172s/iter; left time: 947.6914s
	iters: 200, epoch: 70 | loss: 0.3385234
	speed: 0.0492s/iter; left time: 392.8228s
Epoch: 70 cost time: 13.008262872695923
Epoch: 70, Steps: 264 | Train Loss: 0.3496435 Vali Loss: 0.6662768 Test Loss: 0.4038129
Validation loss decreased (0.669223 --> 0.666277).  Saving model ...
Updating learning rate to 4.9990283396254354e-05
	iters: 100, epoch: 71 | loss: 0.3632450
	speed: 0.1176s/iter; left time: 919.6810s
	iters: 200, epoch: 71 | loss: 0.3572025
	speed: 0.0502s/iter; left time: 387.9020s
Epoch: 71 cost time: 13.111526489257812
Epoch: 71, Steps: 264 | Train Loss: 0.3482241 Vali Loss: 0.6637633 Test Loss: 0.4024980
Validation loss decreased (0.666277 --> 0.663763).  Saving model ...
Updating learning rate to 4.737350969312607e-05
	iters: 100, epoch: 72 | loss: 0.3282501
	speed: 0.1172s/iter; left time: 885.6708s
	iters: 200, epoch: 72 | loss: 0.3367534
	speed: 0.0493s/iter; left time: 367.7256s
Epoch: 72 cost time: 13.0289466381073
Epoch: 72, Steps: 264 | Train Loss: 0.3470799 Vali Loss: 0.6619310 Test Loss: 0.4006102
Validation loss decreased (0.663763 --> 0.661931).  Saving model ...
Updating learning rate to 4.476393556554994e-05
	iters: 100, epoch: 73 | loss: 0.3145967
	speed: 0.1174s/iter; left time: 856.4563s
	iters: 200, epoch: 73 | loss: 0.3374695
	speed: 0.0495s/iter; left time: 355.9013s
Epoch: 73 cost time: 13.085767269134521
Epoch: 73, Steps: 264 | Train Loss: 0.3458871 Vali Loss: 0.6600720 Test Loss: 0.3999864
Validation loss decreased (0.661931 --> 0.660072).  Saving model ...
Updating learning rate to 4.216871367482033e-05
	iters: 100, epoch: 74 | loss: 0.3325006
	speed: 0.1180s/iter; left time: 829.2376s
	iters: 200, epoch: 74 | loss: 0.3739076
	speed: 0.0493s/iter; left time: 341.7130s
Epoch: 74 cost time: 13.038965702056885
Epoch: 74, Steps: 264 | Train Loss: 0.3447540 Vali Loss: 0.6579009 Test Loss: 0.3985102
Validation loss decreased (0.660072 --> 0.657901).  Saving model ...
Updating learning rate to 3.9594957343748134e-05
	iters: 100, epoch: 75 | loss: 0.3214360
	speed: 0.1179s/iter; left time: 797.3750s
	iters: 200, epoch: 75 | loss: 0.3360866
	speed: 0.0495s/iter; left time: 330.0218s
Epoch: 75 cost time: 13.120980739593506
Epoch: 75, Steps: 264 | Train Loss: 0.3437752 Vali Loss: 0.6568365 Test Loss: 0.3971634
Validation loss decreased (0.657901 --> 0.656837).  Saving model ...
Updating learning rate to 3.704972105953714e-05
	iters: 100, epoch: 76 | loss: 0.3320592
	speed: 0.1171s/iter; left time: 761.1972s
	iters: 200, epoch: 76 | loss: 0.3567439
	speed: 0.0495s/iter; left time: 316.7284s
Epoch: 76 cost time: 13.064393997192383
Epoch: 76, Steps: 264 | Train Loss: 0.3427832 Vali Loss: 0.6548783 Test Loss: 0.3961059
Validation loss decreased (0.656837 --> 0.654878).  Saving model ...
Updating learning rate to 3.453998113792522e-05
	iters: 100, epoch: 77 | loss: 0.3093664
	speed: 0.1174s/iter; left time: 732.3556s
	iters: 200, epoch: 77 | loss: 0.3431276
	speed: 0.0492s/iter; left time: 301.9562s
Epoch: 77 cost time: 12.999861001968384
Epoch: 77, Steps: 264 | Train Loss: 0.3419933 Vali Loss: 0.6536153 Test Loss: 0.3955392
Validation loss decreased (0.654878 --> 0.653615).  Saving model ...
Updating learning rate to 3.2072616601587606e-05
	iters: 100, epoch: 78 | loss: 0.3354193
	speed: 0.1176s/iter; left time: 702.3044s
	iters: 200, epoch: 78 | loss: 0.3718843
	speed: 0.0497s/iter; left time: 291.6770s
Epoch: 78 cost time: 13.050287961959839
Epoch: 78, Steps: 264 | Train Loss: 0.3413048 Vali Loss: 0.6525730 Test Loss: 0.3945833
Validation loss decreased (0.653615 --> 0.652573).  Saving model ...
Updating learning rate to 2.9654390325214005e-05
	iters: 100, epoch: 79 | loss: 0.3347727
	speed: 0.1172s/iter; left time: 669.3556s
	iters: 200, epoch: 79 | loss: 0.3474702
	speed: 0.0492s/iter; left time: 276.2129s
Epoch: 79 cost time: 13.02872633934021
Epoch: 79, Steps: 264 | Train Loss: 0.3405284 Vali Loss: 0.6505383 Test Loss: 0.3938954
Validation loss decreased (0.652573 --> 0.650538).  Saving model ...
Updating learning rate to 2.729193049893908e-05
	iters: 100, epoch: 80 | loss: 0.3196080
	speed: 0.1172s/iter; left time: 638.0581s
	iters: 200, epoch: 80 | loss: 0.3452323
	speed: 0.0495s/iter; left time: 264.7273s
Epoch: 80 cost time: 13.070343255996704
Epoch: 80, Steps: 264 | Train Loss: 0.3398856 Vali Loss: 0.6510783 Test Loss: 0.3930990
EarlyStopping counter: 1 out of 20
Updating learning rate to 2.4991712460934126e-05
	iters: 100, epoch: 81 | loss: 0.3327200
	speed: 0.1174s/iter; left time: 608.0404s
	iters: 200, epoch: 81 | loss: 0.3242655
	speed: 0.0494s/iter; left time: 250.8236s
Epoch: 81 cost time: 13.049210548400879
Epoch: 81, Steps: 264 | Train Loss: 0.3392979 Vali Loss: 0.6494133 Test Loss: 0.3924911
Validation loss decreased (0.650538 --> 0.649413).  Saving model ...
Updating learning rate to 2.2760040948955092e-05
	iters: 100, epoch: 82 | loss: 0.3252483
	speed: 0.1171s/iter; left time: 575.8638s
	iters: 200, epoch: 82 | loss: 0.3425245
	speed: 0.0494s/iter; left time: 238.1005s
Epoch: 82 cost time: 13.089590311050415
Epoch: 82, Steps: 264 | Train Loss: 0.3388270 Vali Loss: 0.6493744 Test Loss: 0.3920406
Validation loss decreased (0.649413 --> 0.649374).  Saving model ...
Updating learning rate to 2.060303281949472e-05
	iters: 100, epoch: 83 | loss: 0.3325472
	speed: 0.1177s/iter; left time: 547.4756s
	iters: 200, epoch: 83 | loss: 0.2939145
	speed: 0.0499s/iter; left time: 227.3671s
Epoch: 83 cost time: 13.072970867156982
Epoch: 83, Steps: 264 | Train Loss: 0.3383488 Vali Loss: 0.6480806 Test Loss: 0.3916565
Validation loss decreased (0.649374 --> 0.648081).  Saving model ...
Updating learning rate to 1.8526600281904088e-05
	iters: 100, epoch: 84 | loss: 0.3557807
	speed: 0.1177s/iter; left time: 516.7565s
	iters: 200, epoch: 84 | loss: 0.3247404
	speed: 0.0495s/iter; left time: 212.2669s
Epoch: 84 cost time: 13.093685626983643
Epoch: 84, Steps: 264 | Train Loss: 0.3379632 Vali Loss: 0.6475367 Test Loss: 0.3913151
Validation loss decreased (0.648081 --> 0.647537).  Saving model ...
Updating learning rate to 1.653643469343765e-05
	iters: 100, epoch: 85 | loss: 0.3357742
	speed: 0.1179s/iter; left time: 486.3950s
	iters: 200, epoch: 85 | loss: 0.3438320
	speed: 0.0494s/iter; left time: 198.7763s
Epoch: 85 cost time: 13.09390664100647
Epoch: 85, Steps: 264 | Train Loss: 0.3376377 Vali Loss: 0.6479569 Test Loss: 0.3908488
EarlyStopping counter: 1 out of 20
Updating learning rate to 1.4637990959638704e-05
	iters: 100, epoch: 86 | loss: 0.3084583
	speed: 0.1168s/iter; left time: 451.1452s
	iters: 200, epoch: 86 | loss: 0.3247390
	speed: 0.0500s/iter; left time: 188.0122s
Epoch: 86 cost time: 13.130604028701782
Epoch: 86, Steps: 264 | Train Loss: 0.3373754 Vali Loss: 0.6472340 Test Loss: 0.3908073
Validation loss decreased (0.647537 --> 0.647234).  Saving model ...
Updating learning rate to 1.2836472582822378e-05
	iters: 100, epoch: 87 | loss: 0.3155978
	speed: 0.1179s/iter; left time: 424.2149s
	iters: 200, epoch: 87 | loss: 0.3141998
	speed: 0.0499s/iter; left time: 174.4817s
Epoch: 87 cost time: 13.096516132354736
Epoch: 87, Steps: 264 | Train Loss: 0.3369696 Vali Loss: 0.6469779 Test Loss: 0.3906453
Validation loss decreased (0.647234 --> 0.646978).  Saving model ...
Updating learning rate to 1.1136817399637517e-05
	iters: 100, epoch: 88 | loss: 0.3377989
	speed: 0.1175s/iter; left time: 391.6278s
	iters: 200, epoch: 88 | loss: 0.3483700
	speed: 0.0495s/iter; left time: 159.9716s
Epoch: 88 cost time: 13.055423736572266
Epoch: 88, Steps: 264 | Train Loss: 0.3368678 Vali Loss: 0.6467458 Test Loss: 0.3903582
Validation loss decreased (0.646978 --> 0.646746).  Saving model ...
Updating learning rate to 9.543684046799632e-06
	iters: 100, epoch: 89 | loss: 0.3298227
	speed: 0.1171s/iter; left time: 359.2742s
	iters: 200, epoch: 89 | loss: 0.3332560
	speed: 0.0495s/iter; left time: 146.9068s
Epoch: 89 cost time: 13.057955265045166
Epoch: 89, Steps: 264 | Train Loss: 0.3365574 Vali Loss: 0.6451249 Test Loss: 0.3902402
Validation loss decreased (0.646746 --> 0.645125).  Saving model ...
Updating learning rate to 8.061439192091535e-06
	iters: 100, epoch: 90 | loss: 0.3218973
	speed: 0.1184s/iter; left time: 332.0939s
	iters: 200, epoch: 90 | loss: 0.3282863
	speed: 0.0493s/iter; left time: 133.4593s
Epoch: 90 cost time: 13.047197103500366
Epoch: 90, Steps: 264 | Train Loss: 0.3362139 Vali Loss: 0.6457636 Test Loss: 0.3899786
EarlyStopping counter: 1 out of 20
Updating learning rate to 6.694145565630398e-06
	iters: 100, epoch: 91 | loss: 0.3030970
	speed: 0.1166s/iter; left time: 296.2724s
	iters: 200, epoch: 91 | loss: 0.3220847
	speed: 0.0494s/iter; left time: 120.5596s
Epoch: 91 cost time: 13.030694723129272
Epoch: 91, Steps: 264 | Train Loss: 0.3361042 Vali Loss: 0.6454073 Test Loss: 0.3894412
EarlyStopping counter: 2 out of 20
Updating learning rate to 5.445550824206933e-06
	iters: 100, epoch: 92 | loss: 0.3214869
	speed: 0.1171s/iter; left time: 266.6880s
	iters: 200, epoch: 92 | loss: 0.3191845
	speed: 0.0493s/iter; left time: 107.3570s
Epoch: 92 cost time: 13.092231512069702
Epoch: 92, Steps: 264 | Train Loss: 0.3360664 Vali Loss: 0.6461911 Test Loss: 0.3896757
EarlyStopping counter: 3 out of 20
Updating learning rate to 4.319077279218611e-06
	iters: 100, epoch: 93 | loss: 0.3349640
	speed: 0.1192s/iter; left time: 240.0429s
	iters: 200, epoch: 93 | loss: 0.3564002
	speed: 0.0493s/iter; left time: 94.3770s
Epoch: 93 cost time: 13.25662899017334
Epoch: 93, Steps: 264 | Train Loss: 0.3359324 Vali Loss: 0.6454860 Test Loss: 0.3893294
EarlyStopping counter: 4 out of 20
Updating learning rate to 3.317812516352051e-06
	iters: 100, epoch: 94 | loss: 0.3294953
	speed: 0.1178s/iter; left time: 205.9643s
	iters: 200, epoch: 94 | loss: 0.3407796
	speed: 0.0493s/iter; left time: 81.2918s
Epoch: 94 cost time: 13.091296672821045
Epoch: 94, Steps: 264 | Train Loss: 0.3360399 Vali Loss: 0.6450346 Test Loss: 0.3894364
Validation loss decreased (0.645125 --> 0.645035).  Saving model ...
Updating learning rate to 2.444500932725193e-06
	iters: 100, epoch: 95 | loss: 0.3487672
	speed: 0.1172s/iter; left time: 174.0683s
	iters: 200, epoch: 95 | loss: 0.3410296
	speed: 0.0494s/iter; left time: 68.4507s
Epoch: 95 cost time: 13.086899042129517
Epoch: 95, Steps: 264 | Train Loss: 0.3358353 Vali Loss: 0.6456973 Test Loss: 0.3893504
EarlyStopping counter: 1 out of 20
Updating learning rate to 1.701536214685629e-06
	iters: 100, epoch: 96 | loss: 0.3690060
	speed: 0.1175s/iter; left time: 143.5021s
	iters: 200, epoch: 96 | loss: 0.3415617
	speed: 0.0493s/iter; left time: 55.2324s
Epoch: 96 cost time: 13.0314359664917
Epoch: 96, Steps: 264 | Train Loss: 0.3356733 Vali Loss: 0.6460866 Test Loss: 0.3895772
EarlyStopping counter: 2 out of 20
Updating learning rate to 1.0909547768826563e-06
	iters: 100, epoch: 97 | loss: 0.3355538
	speed: 0.1165s/iter; left time: 111.4688s
	iters: 200, epoch: 97 | loss: 0.3493983
	speed: 0.0500s/iter; left time: 42.8329s
Epoch: 97 cost time: 13.082111597061157
Epoch: 97, Steps: 264 | Train Loss: 0.3357377 Vali Loss: 0.6453805 Test Loss: 0.3891815
EarlyStopping counter: 3 out of 20
Updating learning rate to 6.144301805962944e-07
	iters: 100, epoch: 98 | loss: 0.3286048
	speed: 0.1170s/iter; left time: 81.0631s
	iters: 200, epoch: 98 | loss: 0.3214462
	speed: 0.0492s/iter; left time: 29.1886s
Epoch: 98 cost time: 13.042601108551025
Epoch: 98, Steps: 264 | Train Loss: 0.3358012 Vali Loss: 0.6450486 Test Loss: 0.3892672
EarlyStopping counter: 4 out of 20
Updating learning rate to 2.7326854662214547e-07
	iters: 100, epoch: 99 | loss: 0.3239884
	speed: 0.1171s/iter; left time: 50.2361s
	iters: 200, epoch: 99 | loss: 0.3084324
	speed: 0.0492s/iter; left time: 16.1948s
Epoch: 99 cost time: 13.039653778076172
Epoch: 99, Steps: 264 | Train Loss: 0.3357888 Vali Loss: 0.6450042 Test Loss: 0.3894125
Validation loss decreased (0.645035 --> 0.645004).  Saving model ...
Updating learning rate to 6.84049752850796e-08
	iters: 100, epoch: 100 | loss: 0.3324428
	speed: 0.1178s/iter; left time: 19.4331s
	iters: 200, epoch: 100 | loss: 0.3245412
	speed: 0.0493s/iter; left time: 3.2067s
Epoch: 100 cost time: 13.06831979751587
Epoch: 100, Steps: 264 | Train Loss: 0.3358121 Vali Loss: 0.6452020 Test Loss: 0.3894633
EarlyStopping counter: 1 out of 20
Updating learning rate to 4.00983394240411e-10
>>>>>>>testing : CMS3_ettm1_336_336_PatchTST_ETTm1_ftM_sl336_ll48_pl336_dm128_nh16_el3_dl1_df256_fc1_ebtimeF_dtTrue_Exp_0<<<<<<<<<<<<<<<<<<<<<<<<<<<<<<<<<
test 11185
mse:0.38662680983543396, mae:0.412762850522995, rse:0.5916195511817932
Args in experiment:
Namespace(random_seed=2021, is_training=1, model_id='CMS3_ettm1_336_720', model='PatchTST', data='ETTm1', root_path='./dataset/', data_path='ETTm1.csv', features='M', target='OT', freq='h', checkpoints='./checkpoints/', seq_len=336, label_len=48, pred_len=720, head_type='cms3', fc_dropout=0.2, head_dropout=0.0, patch_len=16, stride=8, padding_patch='end', revin=1, affine=0, subtract_last=0, decomposition=0, kernel_size=25, individual=0, embed_type=0, enc_in=7, dec_in=7, c_out=7, d_model=128, n_heads=16, e_layers=3, d_layers=1, d_ff=256, moving_avg=25, factor=1, distil=True, dropout=0.2, embed='timeF', activation='gelu', output_attention=False, do_predict=False, num_workers=0, itr=1, train_epochs=100, batch_size=128, patience=20, learning_rate=0.0001, des='Exp', loss='mse', lradj='TST', pct_start=0.4, use_amp=False, use_gpu=True, gpu=0, use_multi_gpu=False, devices='0,1,2,3', test_flop=False)
Use GPU: cuda:0
>>>>>>>start training : CMS3_ettm1_336_720_PatchTST_ETTm1_ftM_sl336_ll48_pl720_dm128_nh16_el3_dl1_df256_fc1_ebtimeF_dtTrue_Exp_0>>>>>>>>>>>>>>>>>>>>>>>>>>
train 33505
val 10801
test 10801
	iters: 100, epoch: 1 | loss: 0.5915915
	speed: 0.0736s/iter; left time: 1913.7109s
	iters: 200, epoch: 1 | loss: 0.5864312
	speed: 0.0498s/iter; left time: 1289.6232s
Epoch: 1 cost time: 13.383933782577515
Epoch: 1, Steps: 261 | Train Loss: 0.5944587 Vali Loss: 1.3752909 Test Loss: 0.7262248
Validation loss decreased (inf --> 1.375291).  Saving model ...
Updating learning rate to 4.147996316662011e-06
	iters: 100, epoch: 2 | loss: 0.6418855
	speed: 0.1220s/iter; left time: 3140.2249s
	iters: 200, epoch: 2 | loss: 0.5760121
	speed: 0.0499s/iter; left time: 1279.6060s
Epoch: 2 cost time: 13.009693384170532
Epoch: 2, Steps: 261 | Train Loss: 0.5943141 Vali Loss: 1.3757632 Test Loss: 0.7258895
EarlyStopping counter: 1 out of 20
Updating learning rate to 4.591072645408634e-06
	iters: 100, epoch: 3 | loss: 0.6512694
	speed: 0.1205s/iter; left time: 3071.4885s
	iters: 200, epoch: 3 | loss: 0.5833977
	speed: 0.0499s/iter; left time: 1267.3586s
Epoch: 3 cost time: 13.076011419296265
Epoch: 3, Steps: 261 | Train Loss: 0.5941196 Vali Loss: 1.3747953 Test Loss: 0.7255251
Validation loss decreased (1.375291 --> 1.374795).  Saving model ...
Updating learning rate to 5.326496750212602e-06
	iters: 100, epoch: 4 | loss: 0.6388628
	speed: 0.1204s/iter; left time: 3035.6240s
	iters: 200, epoch: 4 | loss: 0.5870973
	speed: 0.0498s/iter; left time: 1250.5416s
Epoch: 4 cost time: 13.000122308731079
Epoch: 4, Steps: 261 | Train Loss: 0.5937868 Vali Loss: 1.3746475 Test Loss: 0.7251022
Validation loss decreased (1.374795 --> 1.374647).  Saving model ...
Updating learning rate to 6.349733628628268e-06
	iters: 100, epoch: 5 | loss: 0.6375083
	speed: 0.1194s/iter; left time: 2980.0051s
	iters: 200, epoch: 5 | loss: 0.5982553
	speed: 0.0499s/iter; left time: 1240.0478s
Epoch: 5 cost time: 13.012848138809204
Epoch: 5, Steps: 261 | Train Loss: 0.5935530 Vali Loss: 1.3734962 Test Loss: 0.7246134
Validation loss decreased (1.374647 --> 1.373496).  Saving model ...
Updating learning rate to 7.654473476944045e-06
	iters: 100, epoch: 6 | loss: 0.5521383
	speed: 0.1203s/iter; left time: 2971.5834s
	iters: 200, epoch: 6 | loss: 0.6130559
	speed: 0.0498s/iter; left time: 1225.1914s
Epoch: 6 cost time: 13.005714893341064
Epoch: 6, Steps: 261 | Train Loss: 0.5932911 Vali Loss: 1.3742195 Test Loss: 0.7240323
EarlyStopping counter: 1 out of 20
Updating learning rate to 9.232670599670218e-06
	iters: 100, epoch: 7 | loss: 0.5919757
	speed: 0.1196s/iter; left time: 2921.7216s
	iters: 200, epoch: 7 | loss: 0.5683784
	speed: 0.0498s/iter; left time: 1212.9077s
Epoch: 7 cost time: 13.025294303894043
Epoch: 7, Steps: 261 | Train Loss: 0.5928830 Vali Loss: 1.3724643 Test Loss: 0.7233602
Validation loss decreased (1.373496 --> 1.372464).  Saving model ...
Updating learning rate to 1.1074593023426382e-05
	iters: 100, epoch: 8 | loss: 0.5683814
	speed: 0.1199s/iter; left time: 2898.5983s
	iters: 200, epoch: 8 | loss: 0.5731596
	speed: 0.0500s/iter; left time: 1203.7292s
Epoch: 8 cost time: 13.026774406433105
Epoch: 8, Steps: 261 | Train Loss: 0.5924561 Vali Loss: 1.3719044 Test Loss: 0.7225757
Validation loss decreased (1.372464 --> 1.371904).  Saving model ...
Updating learning rate to 1.3168882509283648e-05
	iters: 100, epoch: 9 | loss: 0.5851247
	speed: 0.1194s/iter; left time: 2856.3545s
	iters: 200, epoch: 9 | loss: 0.6512236
	speed: 0.0499s/iter; left time: 1188.1696s
Epoch: 9 cost time: 13.022790670394897
Epoch: 9, Steps: 261 | Train Loss: 0.5919847 Vali Loss: 1.3706897 Test Loss: 0.7216827
Validation loss decreased (1.371904 --> 1.370690).  Saving model ...
Updating learning rate to 1.5502624593494887e-05
	iters: 100, epoch: 10 | loss: 0.6332402
	speed: 0.1201s/iter; left time: 2840.7174s
	iters: 200, epoch: 10 | loss: 0.6043823
	speed: 0.0499s/iter; left time: 1174.7256s
Epoch: 10 cost time: 13.014835834503174
Epoch: 10, Steps: 261 | Train Loss: 0.5913845 Vali Loss: 1.3681055 Test Loss: 0.7206553
Validation loss decreased (1.370690 --> 1.368106).  Saving model ...
Updating learning rate to 1.806142822470586e-05
	iters: 100, epoch: 11 | loss: 0.5757843
	speed: 0.1198s/iter; left time: 2803.2976s
	iters: 200, epoch: 11 | loss: 0.5918845
	speed: 0.0498s/iter; left time: 1160.7975s
Epoch: 11 cost time: 13.017178297042847
Epoch: 11, Steps: 261 | Train Loss: 0.5906710 Vali Loss: 1.3672925 Test Loss: 0.7194808
Validation loss decreased (1.368106 --> 1.367293).  Saving model ...
Updating learning rate to 2.0829514506563195e-05
	iters: 100, epoch: 12 | loss: 0.5864156
	speed: 0.1194s/iter; left time: 2761.2234s
	iters: 200, epoch: 12 | loss: 0.5699989
	speed: 0.0499s/iter; left time: 1148.5591s
Epoch: 12 cost time: 13.017000198364258
Epoch: 12, Steps: 261 | Train Loss: 0.5899362 Vali Loss: 1.3650084 Test Loss: 0.7181357
Validation loss decreased (1.367293 --> 1.365008).  Saving model ...
Updating learning rate to 2.3789813998487008e-05
	iters: 100, epoch: 13 | loss: 0.5944274
	speed: 0.1203s/iter; left time: 2752.2161s
	iters: 200, epoch: 13 | loss: 0.5932359
	speed: 0.0498s/iter; left time: 1134.6915s
Epoch: 13 cost time: 13.009621620178223
Epoch: 13, Steps: 261 | Train Loss: 0.5891462 Vali Loss: 1.3637179 Test Loss: 0.7165924
Validation loss decreased (1.365008 --> 1.363718).  Saving model ...
Updating learning rate to 2.6924071974601397e-05
	iters: 100, epoch: 14 | loss: 0.5914437
	speed: 0.1197s/iter; left time: 2706.4104s
	iters: 200, epoch: 14 | loss: 0.5747378
	speed: 0.0498s/iter; left time: 1121.6563s
Epoch: 14 cost time: 13.05211067199707
Epoch: 14, Steps: 261 | Train Loss: 0.5882065 Vali Loss: 1.3612781 Test Loss: 0.7148336
Validation loss decreased (1.363718 --> 1.361278).  Saving model ...
Updating learning rate to 3.0212960991742456e-05
	iters: 100, epoch: 15 | loss: 0.5871105
	speed: 0.1199s/iter; left time: 2680.4967s
	iters: 200, epoch: 15 | loss: 0.5635337
	speed: 0.0498s/iter; left time: 1108.6938s
Epoch: 15 cost time: 13.011072158813477
Epoch: 15, Steps: 261 | Train Loss: 0.5870689 Vali Loss: 1.3588156 Test Loss: 0.7128251
Validation loss decreased (1.361278 --> 1.358816).  Saving model ...
Updating learning rate to 3.363620007239161e-05
	iters: 100, epoch: 16 | loss: 0.5678899
	speed: 0.1201s/iter; left time: 2653.1019s
	iters: 200, epoch: 16 | loss: 0.5716074
	speed: 0.0499s/iter; left time: 1096.2292s
Epoch: 16 cost time: 13.01175570487976
Epoch: 16, Steps: 261 | Train Loss: 0.5859109 Vali Loss: 1.3552889 Test Loss: 0.7106087
Validation loss decreased (1.358816 --> 1.355289).  Saving model ...
Updating learning rate to 3.717267976759092e-05
	iters: 100, epoch: 17 | loss: 0.6034775
	speed: 0.1197s/iter; left time: 2612.0240s
	iters: 200, epoch: 17 | loss: 0.6005577
	speed: 0.0498s/iter; left time: 1082.6478s
Epoch: 17 cost time: 13.01069712638855
Epoch: 17, Steps: 261 | Train Loss: 0.5846425 Vali Loss: 1.3529303 Test Loss: 0.7081888
Validation loss decreased (1.355289 --> 1.352930).  Saving model ...
Updating learning rate to 4.0800592328638756e-05
	iters: 100, epoch: 18 | loss: 0.6062548
	speed: 0.1215s/iter; left time: 2620.9836s
	iters: 200, epoch: 18 | loss: 0.5753702
	speed: 0.0499s/iter; left time: 1070.9366s
Epoch: 18 cost time: 13.015777587890625
Epoch: 18, Steps: 261 | Train Loss: 0.5831465 Vali Loss: 1.3492194 Test Loss: 0.7056855
Validation loss decreased (1.352930 --> 1.349219).  Saving model ...
Updating learning rate to 4.449756618485984e-05
	iters: 100, epoch: 19 | loss: 0.5966118
	speed: 0.1205s/iter; left time: 2566.5792s
	iters: 200, epoch: 19 | loss: 0.6011695
	speed: 0.0498s/iter; left time: 1056.3807s
Epoch: 19 cost time: 13.01374340057373
Epoch: 19, Steps: 261 | Train Loss: 0.5815848 Vali Loss: 1.3455403 Test Loss: 0.7031824
Validation loss decreased (1.349219 --> 1.345540).  Saving model ...
Updating learning rate to 4.824080389819096e-05
	iters: 100, epoch: 20 | loss: 0.5479940
	speed: 0.1197s/iter; left time: 2519.3317s
	iters: 200, epoch: 20 | loss: 0.5639939
	speed: 0.0498s/iter; left time: 1043.7302s
Epoch: 20 cost time: 13.015468835830688
Epoch: 20, Steps: 261 | Train Loss: 0.5801648 Vali Loss: 1.3422192 Test Loss: 0.7007393
Validation loss decreased (1.345540 --> 1.342219).  Saving model ...
Updating learning rate to 5.2007222743883666e-05
	iters: 100, epoch: 21 | loss: 0.5921806
	speed: 0.1194s/iter; left time: 2481.1097s
	iters: 200, epoch: 21 | loss: 0.5982963
	speed: 0.0499s/iter; left time: 1031.0155s
Epoch: 21 cost time: 13.011544466018677
Epoch: 21, Steps: 261 | Train Loss: 0.5784752 Vali Loss: 1.3391231 Test Loss: 0.6983615
Validation loss decreased (1.342219 --> 1.339123).  Saving model ...
Updating learning rate to 5.577359705043091e-05
	iters: 100, epoch: 22 | loss: 0.5843287
	speed: 0.1202s/iter; left time: 2466.2519s
	iters: 200, epoch: 22 | loss: 0.6412121
	speed: 0.0499s/iter; left time: 1018.1510s
Epoch: 22 cost time: 13.01088547706604
Epoch: 22, Steps: 261 | Train Loss: 0.5770282 Vali Loss: 1.3358136 Test Loss: 0.6960343
Validation loss decreased (1.339123 --> 1.335814).  Saving model ...
Updating learning rate to 5.951670142097692e-05
	iters: 100, epoch: 23 | loss: 0.6053795
	speed: 0.1198s/iter; left time: 2427.7046s
	iters: 200, epoch: 23 | loss: 0.5756714
	speed: 0.0498s/iter; left time: 1004.3329s
Epoch: 23 cost time: 13.008586883544922
Epoch: 23, Steps: 261 | Train Loss: 0.5756197 Vali Loss: 1.3319712 Test Loss: 0.6937565
Validation loss decreased (1.335814 --> 1.331971).  Saving model ...
Updating learning rate to 6.321345395303321e-05
	iters: 100, epoch: 24 | loss: 0.5833794
	speed: 0.1194s/iter; left time: 2387.6135s
	iters: 200, epoch: 24 | loss: 0.6045457
	speed: 0.0498s/iter; left time: 991.4818s
Epoch: 24 cost time: 13.010746479034424
Epoch: 24, Steps: 261 | Train Loss: 0.5741581 Vali Loss: 1.3281630 Test Loss: 0.6914951
Validation loss decreased (1.331971 --> 1.328163).  Saving model ...
Updating learning rate to 6.6841058573335e-05
	iters: 100, epoch: 25 | loss: 0.5953373
	speed: 0.1246s/iter; left time: 2459.8412s
	iters: 200, epoch: 25 | loss: 0.5747160
	speed: 0.0498s/iter; left time: 978.6372s
Epoch: 25 cost time: 13.008342504501343
Epoch: 25, Steps: 261 | Train Loss: 0.5725478 Vali Loss: 1.3244413 Test Loss: 0.6892858
Validation loss decreased (1.328163 --> 1.324441).  Saving model ...
Updating learning rate to 7.037714561012768e-05
	iters: 100, epoch: 26 | loss: 0.5855328
	speed: 0.1196s/iter; left time: 2330.2476s
	iters: 200, epoch: 26 | loss: 0.5466957
	speed: 0.0498s/iter; left time: 965.4339s
Epoch: 26 cost time: 13.015689134597778
Epoch: 26, Steps: 261 | Train Loss: 0.5710647 Vali Loss: 1.3220054 Test Loss: 0.6869894
Validation loss decreased (1.324441 --> 1.322005).  Saving model ...
Updating learning rate to 7.379990973604285e-05
	iters: 100, epoch: 27 | loss: 0.5530283
	speed: 0.1194s/iter; left time: 2294.4757s
	iters: 200, epoch: 27 | loss: 0.5609373
	speed: 0.0498s/iter; left time: 952.6512s
Epoch: 27 cost time: 13.009225606918335
Epoch: 27, Steps: 261 | Train Loss: 0.5696190 Vali Loss: 1.3177134 Test Loss: 0.6846511
Validation loss decreased (1.322005 --> 1.317713).  Saving model ...
Updating learning rate to 7.708824443093723e-05
	iters: 100, epoch: 28 | loss: 0.5710980
	speed: 0.1202s/iter; left time: 2278.6410s
	iters: 200, epoch: 28 | loss: 0.5746971
	speed: 0.0498s/iter; left time: 939.5557s
Epoch: 28 cost time: 13.00787091255188
Epoch: 28, Steps: 261 | Train Loss: 0.5679286 Vali Loss: 1.3147867 Test Loss: 0.6821145
Validation loss decreased (1.317713 --> 1.314787).  Saving model ...
Updating learning rate to 8.022187213552767e-05
	iters: 100, epoch: 29 | loss: 0.5655996
	speed: 0.1195s/iter; left time: 2233.6863s
	iters: 200, epoch: 29 | loss: 0.5896780
	speed: 0.0498s/iter; left time: 926.2092s
Epoch: 29 cost time: 13.028519630432129
Epoch: 29, Steps: 261 | Train Loss: 0.5663017 Vali Loss: 1.3108468 Test Loss: 0.6794982
Validation loss decreased (1.314787 --> 1.310847).  Saving model ...
Updating learning rate to 8.318146929322795e-05
	iters: 100, epoch: 30 | loss: 0.5654726
	speed: 0.1196s/iter; left time: 2205.0800s
	iters: 200, epoch: 30 | loss: 0.5691232
	speed: 0.0498s/iter; left time: 913.3869s
Epoch: 30 cost time: 13.030266046524048
Epoch: 30, Steps: 261 | Train Loss: 0.5646789 Vali Loss: 1.3062952 Test Loss: 0.6769845
Validation loss decreased (1.310847 --> 1.306295).  Saving model ...
Updating learning rate to 8.59487855091154e-05
	iters: 100, epoch: 31 | loss: 0.5588885
	speed: 0.1204s/iter; left time: 2188.5706s
	iters: 200, epoch: 31 | loss: 0.5528961
	speed: 0.0499s/iter; left time: 900.8862s
Epoch: 31 cost time: 13.022786855697632
Epoch: 31, Steps: 261 | Train Loss: 0.5629105 Vali Loss: 1.3022647 Test Loss: 0.6740962
Validation loss decreased (1.306295 --> 1.302265).  Saving model ...
Updating learning rate to 8.850675609123214e-05
	iters: 100, epoch: 32 | loss: 0.5566429
	speed: 0.1204s/iter; left time: 2156.0468s
	iters: 200, epoch: 32 | loss: 0.5414860
	speed: 0.0498s/iter; left time: 887.0487s
Epoch: 32 cost time: 13.023523569107056
Epoch: 32, Steps: 261 | Train Loss: 0.5611810 Vali Loss: 1.2977598 Test Loss: 0.6710656
Validation loss decreased (1.302265 --> 1.297760).  Saving model ...
Updating learning rate to 9.083960728023302e-05
	iters: 100, epoch: 33 | loss: 0.5535607
	speed: 0.1195s/iter; left time: 2109.4187s
	iters: 200, epoch: 33 | loss: 0.5378255
	speed: 0.0498s/iter; left time: 873.9364s
Epoch: 33 cost time: 13.011544466018677
Epoch: 33, Steps: 261 | Train Loss: 0.5593796 Vali Loss: 1.2934469 Test Loss: 0.6680598
Validation loss decreased (1.297760 --> 1.293447).  Saving model ...
Updating learning rate to 9.293295351848083e-05
	iters: 100, epoch: 34 | loss: 0.5835951
	speed: 0.1204s/iter; left time: 2093.3085s
	iters: 200, epoch: 34 | loss: 0.5711791
	speed: 0.0498s/iter; left time: 860.9117s
Epoch: 34 cost time: 13.005331993103027
Epoch: 34, Steps: 261 | Train Loss: 0.5572408 Vali Loss: 1.2891611 Test Loss: 0.6647711
Validation loss decreased (1.293447 --> 1.289161).  Saving model ...
Updating learning rate to 9.47738861587773e-05
	iters: 100, epoch: 35 | loss: 0.6085777
	speed: 0.1197s/iter; left time: 2050.6749s
	iters: 200, epoch: 35 | loss: 0.5708003
	speed: 0.0498s/iter; left time: 848.2173s
Epoch: 35 cost time: 13.030858278274536
Epoch: 35, Steps: 261 | Train Loss: 0.5552904 Vali Loss: 1.2837032 Test Loss: 0.6614327
Validation loss decreased (1.289161 --> 1.283703).  Saving model ...
Updating learning rate to 9.635105306570629e-05
	iters: 100, epoch: 36 | loss: 0.5913165
	speed: 0.1194s/iter; left time: 2014.4895s
	iters: 200, epoch: 36 | loss: 0.6020139
	speed: 0.0498s/iter; left time: 835.0666s
Epoch: 36 cost time: 13.003952026367188
Epoch: 36, Steps: 261 | Train Loss: 0.5530232 Vali Loss: 1.2803831 Test Loss: 0.6579676
Validation loss decreased (1.283703 --> 1.280383).  Saving model ...
Updating learning rate to 9.765472861872672e-05
	iters: 100, epoch: 37 | loss: 0.5703262
	speed: 0.1202s/iter; left time: 1995.4722s
	iters: 200, epoch: 37 | loss: 0.5519310
	speed: 0.0498s/iter; left time: 822.2552s
Epoch: 37 cost time: 13.041066884994507
Epoch: 37, Steps: 261 | Train Loss: 0.5508422 Vali Loss: 1.2737178 Test Loss: 0.6544181
Validation loss decreased (1.280383 --> 1.273718).  Saving model ...
Updating learning rate to 9.867687368533986e-05
	iters: 100, epoch: 38 | loss: 0.5435127
	speed: 0.1201s/iter; left time: 1962.9652s
	iters: 200, epoch: 38 | loss: 0.5341933
	speed: 0.0498s/iter; left time: 809.5217s
Epoch: 38 cost time: 13.014567136764526
Epoch: 38, Steps: 261 | Train Loss: 0.5487173 Vali Loss: 1.2684233 Test Loss: 0.6507696
Validation loss decreased (1.273718 --> 1.268423).  Saving model ...
Updating learning rate to 9.941118519450599e-05
	iters: 100, epoch: 39 | loss: 0.5546322
	speed: 0.1193s/iter; left time: 1918.7980s
	iters: 200, epoch: 39 | loss: 0.5573437
	speed: 0.0500s/iter; left time: 799.4163s
Epoch: 39 cost time: 13.026722192764282
Epoch: 39, Steps: 261 | Train Loss: 0.5463468 Vali Loss: 1.2628120 Test Loss: 0.6470441
Validation loss decreased (1.268423 --> 1.262812).  Saving model ...
Updating learning rate to 9.985313500461516e-05
	iters: 100, epoch: 40 | loss: 0.5547442
	speed: 0.1206s/iter; left time: 1907.8797s
	iters: 200, epoch: 40 | loss: 0.5185355
	speed: 0.0499s/iter; left time: 784.8463s
Epoch: 40 cost time: 13.050100803375244
Epoch: 40, Steps: 261 | Train Loss: 0.5440524 Vali Loss: 1.2580471 Test Loss: 0.6432206
Validation loss decreased (1.262812 --> 1.258047).  Saving model ...
Updating learning rate to 9.999999899386908e-05
	iters: 100, epoch: 41 | loss: 0.5654367
	speed: 0.1199s/iter; left time: 1865.8485s
	iters: 200, epoch: 41 | loss: 0.5433455
	speed: 0.0498s/iter; left time: 770.1484s
Epoch: 41 cost time: 13.013946533203125
Epoch: 41, Steps: 261 | Train Loss: 0.5416566 Vali Loss: 1.2518069 Test Loss: 0.6395128
Validation loss decreased (1.258047 --> 1.251807).  Saving model ...
Updating learning rate to 9.993095104667097e-05
	iters: 100, epoch: 42 | loss: 0.5357416
	speed: 0.1195s/iter; left time: 1829.1042s
	iters: 200, epoch: 42 | loss: 0.5443833
	speed: 0.0498s/iter; left time: 757.1658s
Epoch: 42 cost time: 13.030205249786377
Epoch: 42, Steps: 261 | Train Loss: 0.5391587 Vali Loss: 1.2461592 Test Loss: 0.6356931
Validation loss decreased (1.251807 --> 1.246159).  Saving model ...
Updating learning rate to 9.97250463814979e-05
	iters: 100, epoch: 43 | loss: 0.5063328
	speed: 0.1196s/iter; left time: 1799.3234s
	iters: 200, epoch: 43 | loss: 0.5310576
	speed: 0.0499s/iter; left time: 745.8137s
Epoch: 43 cost time: 13.042168855667114
Epoch: 43, Steps: 261 | Train Loss: 0.5365161 Vali Loss: 1.2410380 Test Loss: 0.6318269
Validation loss decreased (1.246159 --> 1.241038).  Saving model ...
Updating learning rate to 9.938284936872484e-05
	iters: 100, epoch: 44 | loss: 0.5473167
	speed: 0.1203s/iter; left time: 1777.1606s
	iters: 200, epoch: 44 | loss: 0.5012447
	speed: 0.0498s/iter; left time: 731.2730s
Epoch: 44 cost time: 13.00473165512085
Epoch: 44, Steps: 261 | Train Loss: 0.5340872 Vali Loss: 1.2350863 Test Loss: 0.6277150
Validation loss decreased (1.241038 --> 1.235086).  Saving model ...
Updating learning rate to 9.890529794657798e-05
	iters: 100, epoch: 45 | loss: 0.5611897
	speed: 0.1192s/iter; left time: 1729.8529s
	iters: 200, epoch: 45 | loss: 0.5577597
	speed: 0.0498s/iter; left time: 718.1005s
Epoch: 45 cost time: 13.018372535705566
Epoch: 45, Steps: 261 | Train Loss: 0.5314558 Vali Loss: 1.2282948 Test Loss: 0.6238437
Validation loss decreased (1.235086 --> 1.228295).  Saving model ...
Updating learning rate to 9.829370105031122e-05
	iters: 100, epoch: 46 | loss: 0.4821006
	speed: 0.1195s/iter; left time: 1704.0784s
	iters: 200, epoch: 46 | loss: 0.4992677
	speed: 0.0499s/iter; left time: 706.1106s
Epoch: 46 cost time: 13.011539220809937
Epoch: 46, Steps: 261 | Train Loss: 0.5287883 Vali Loss: 1.2222476 Test Loss: 0.6200554
Validation loss decreased (1.228295 --> 1.222248).  Saving model ...
Updating learning rate to 9.754973502450565e-05
	iters: 100, epoch: 47 | loss: 0.4994349
	speed: 0.1204s/iter; left time: 1684.9235s
	iters: 200, epoch: 47 | loss: 0.5283443
	speed: 0.0498s/iter; left time: 692.0695s
Epoch: 47 cost time: 13.004019975662231
Epoch: 47, Steps: 261 | Train Loss: 0.5263886 Vali Loss: 1.2168787 Test Loss: 0.6161200
Validation loss decreased (1.222248 --> 1.216879).  Saving model ...
Updating learning rate to 9.667543902832558e-05
	iters: 100, epoch: 48 | loss: 0.4973707
	speed: 0.1194s/iter; left time: 1639.4982s
	iters: 200, epoch: 48 | loss: 0.5214620
	speed: 0.0499s/iter; left time: 679.6836s
Epoch: 48 cost time: 13.019845962524414
Epoch: 48, Steps: 261 | Train Loss: 0.5237985 Vali Loss: 1.2114656 Test Loss: 0.6120611
Validation loss decreased (1.216879 --> 1.211466).  Saving model ...
Updating learning rate to 9.567320944632494e-05
	iters: 100, epoch: 49 | loss: 0.5480839
	speed: 0.1199s/iter; left time: 1615.5340s
	iters: 200, epoch: 49 | loss: 0.5434068
	speed: 0.0498s/iter; left time: 666.0148s
Epoch: 49 cost time: 13.038883447647095
Epoch: 49, Steps: 261 | Train Loss: 0.5211808 Vali Loss: 1.2058573 Test Loss: 0.6082329
Validation loss decreased (1.211466 --> 1.205857).  Saving model ...
Updating learning rate to 9.45457933201239e-05
	iters: 100, epoch: 50 | loss: 0.5442256
	speed: 0.1210s/iter; left time: 1598.4257s
	iters: 200, epoch: 50 | loss: 0.5142500
	speed: 0.0501s/iter; left time: 656.9643s
Epoch: 50 cost time: 13.073777437210083
Epoch: 50, Steps: 261 | Train Loss: 0.5185799 Vali Loss: 1.2004569 Test Loss: 0.6044584
Validation loss decreased (1.205857 --> 1.200457).  Saving model ...
Updating learning rate to 9.329628081895862e-05
	iters: 100, epoch: 51 | loss: 0.5433985
	speed: 0.1198s/iter; left time: 1551.3720s
	iters: 200, epoch: 51 | loss: 0.4716186
	speed: 0.0498s/iter; left time: 640.1523s
Epoch: 51 cost time: 13.024310111999512
Epoch: 51, Steps: 261 | Train Loss: 0.5160437 Vali Loss: 1.1940203 Test Loss: 0.6006354
Validation loss decreased (1.200457 --> 1.194020).  Saving model ...
Updating learning rate to 9.192809676974225e-05
	iters: 100, epoch: 52 | loss: 0.5012382
	speed: 0.1199s/iter; left time: 1521.4803s
	iters: 200, epoch: 52 | loss: 0.5489535
	speed: 0.0498s/iter; left time: 626.9829s
Epoch: 52 cost time: 13.055956840515137
Epoch: 52, Steps: 261 | Train Loss: 0.5133909 Vali Loss: 1.1878306 Test Loss: 0.5967996
Validation loss decreased (1.194020 --> 1.187831).  Saving model ...
Updating learning rate to 9.044499126985239e-05
	iters: 100, epoch: 53 | loss: 0.5095735
	speed: 0.1206s/iter; left time: 1498.6956s
	iters: 200, epoch: 53 | loss: 0.5107010
	speed: 0.0498s/iter; left time: 614.2087s
Epoch: 53 cost time: 13.014461040496826
Epoch: 53, Steps: 261 | Train Loss: 0.5109053 Vali Loss: 1.1820203 Test Loss: 0.5929902
Validation loss decreased (1.187831 --> 1.182020).  Saving model ...
Updating learning rate to 8.885102940837483e-05
	iters: 100, epoch: 54 | loss: 0.4970825
	speed: 0.1194s/iter; left time: 1453.0554s
	iters: 200, epoch: 54 | loss: 0.4790817
	speed: 0.0498s/iter; left time: 601.1224s
Epoch: 54 cost time: 13.019959926605225
Epoch: 54, Steps: 261 | Train Loss: 0.5083344 Vali Loss: 1.1759847 Test Loss: 0.5895970
Validation loss decreased (1.182020 --> 1.175985).  Saving model ...
Updating learning rate to 8.715058012397698e-05
	iters: 100, epoch: 55 | loss: 0.4952803
	speed: 0.1196s/iter; left time: 1423.9208s
	iters: 200, epoch: 55 | loss: 0.5305035
	speed: 0.0500s/iter; left time: 589.8371s
Epoch: 55 cost time: 13.01996636390686
Epoch: 55, Steps: 261 | Train Loss: 0.5058439 Vali Loss: 1.1706251 Test Loss: 0.5860822
Validation loss decreased (1.175985 --> 1.170625).  Saving model ...
Updating learning rate to 8.534830422995055e-05
	iters: 100, epoch: 56 | loss: 0.5622249
	speed: 0.1202s/iter; left time: 1400.1631s
	iters: 200, epoch: 56 | loss: 0.5104915
	speed: 0.0498s/iter; left time: 574.9509s
Epoch: 56 cost time: 13.003271579742432
Epoch: 56, Steps: 261 | Train Loss: 0.5033961 Vali Loss: 1.1658251 Test Loss: 0.5825149
Validation loss decreased (1.170625 --> 1.165825).  Saving model ...
Updating learning rate to 8.344914163924644e-05
	iters: 100, epoch: 57 | loss: 0.5249317
	speed: 0.1194s/iter; left time: 1359.2572s
	iters: 200, epoch: 57 | loss: 0.5275057
	speed: 0.0500s/iter; left time: 563.8561s
Epoch: 57 cost time: 13.017667055130005
Epoch: 57, Steps: 261 | Train Loss: 0.5009748 Vali Loss: 1.1608633 Test Loss: 0.5793338
Validation loss decreased (1.165825 --> 1.160863).  Saving model ...
Updating learning rate to 8.145829782451657e-05
	iters: 100, epoch: 58 | loss: 0.5215964
	speed: 0.1196s/iter; left time: 1330.0371s
	iters: 200, epoch: 58 | loss: 0.4953812
	speed: 0.0498s/iter; left time: 548.9140s
Epoch: 58 cost time: 13.001488447189331
Epoch: 58, Steps: 261 | Train Loss: 0.4984700 Vali Loss: 1.1554121 Test Loss: 0.5757986
Validation loss decreased (1.160863 --> 1.155412).  Saving model ...
Updating learning rate to 7.938122955027528e-05
	iters: 100, epoch: 59 | loss: 0.5223889
	speed: 0.1204s/iter; left time: 1307.7365s
	iters: 200, epoch: 59 | loss: 0.5169113
	speed: 0.0501s/iter; left time: 539.4500s
Epoch: 59 cost time: 13.044476747512817
Epoch: 59, Steps: 261 | Train Loss: 0.4962083 Vali Loss: 1.1504292 Test Loss: 0.5729647
Validation loss decreased (1.155412 --> 1.150429).  Saving model ...
Updating learning rate to 7.722362991628698e-05
	iters: 100, epoch: 60 | loss: 0.5047385
	speed: 0.1195s/iter; left time: 1267.0058s
	iters: 200, epoch: 60 | loss: 0.4997522
	speed: 0.0498s/iter; left time: 522.9758s
Epoch: 60 cost time: 13.002990961074829
Epoch: 60, Steps: 261 | Train Loss: 0.4938593 Vali Loss: 1.1458035 Test Loss: 0.5699019
Validation loss decreased (1.150429 --> 1.145803).  Saving model ...
Updating learning rate to 7.499141275317558e-05
	iters: 100, epoch: 61 | loss: 0.4961309
	speed: 0.1193s/iter; left time: 1233.1691s
	iters: 200, epoch: 61 | loss: 0.5091190
	speed: 0.0500s/iter; left time: 511.7374s
Epoch: 61 cost time: 13.018861293792725
Epoch: 61, Steps: 261 | Train Loss: 0.4917076 Vali Loss: 1.1422504 Test Loss: 0.5671601
Validation loss decreased (1.145803 --> 1.142250).  Saving model ...
Updating learning rate to 7.269069641302562e-05
	iters: 100, epoch: 62 | loss: 0.5211388
	speed: 0.1204s/iter; left time: 1213.2401s
	iters: 200, epoch: 62 | loss: 0.4788283
	speed: 0.0500s/iter; left time: 499.0131s
Epoch: 62 cost time: 13.023075580596924
Epoch: 62, Steps: 261 | Train Loss: 0.4894974 Vali Loss: 1.1368246 Test Loss: 0.5644262
Validation loss decreased (1.142250 --> 1.136825).  Saving model ...
Updating learning rate to 7.032778699940462e-05
	iters: 100, epoch: 63 | loss: 0.4812871
	speed: 0.1198s/iter; left time: 1176.7373s
	iters: 200, epoch: 63 | loss: 0.4899023
	speed: 0.0498s/iter; left time: 484.1850s
Epoch: 63 cost time: 13.010987997055054
Epoch: 63, Steps: 261 | Train Loss: 0.4874135 Vali Loss: 1.1330354 Test Loss: 0.5616437
Validation loss decreased (1.136825 --> 1.133035).  Saving model ...
Updating learning rate to 6.79091610827715e-05
	iters: 100, epoch: 64 | loss: 0.4804247
	speed: 0.1201s/iter; left time: 1148.1489s
	iters: 200, epoch: 64 | loss: 0.4748043
	speed: 0.0498s/iter; left time: 471.1770s
Epoch: 64 cost time: 13.004030466079712
Epoch: 64, Steps: 261 | Train Loss: 0.4851932 Vali Loss: 1.1297057 Test Loss: 0.5587572
Validation loss decreased (1.133035 --> 1.129706).  Saving model ...
Updating learning rate to 6.544144794864713e-05
	iters: 100, epoch: 65 | loss: 0.4949836
	speed: 0.1200s/iter; left time: 1115.6644s
	iters: 200, epoch: 65 | loss: 0.5018876
	speed: 0.0500s/iter; left time: 459.9591s
Epoch: 65 cost time: 13.025871276855469
Epoch: 65, Steps: 261 | Train Loss: 0.4834050 Vali Loss: 1.1252415 Test Loss: 0.5564683
Validation loss decreased (1.129706 --> 1.125242).  Saving model ...
Updating learning rate to 6.293141142720349e-05
	iters: 100, epoch: 66 | loss: 0.4818909
	speed: 0.1197s/iter; left time: 1081.7119s
	iters: 200, epoch: 66 | loss: 0.4381882
	speed: 0.0498s/iter; left time: 444.9334s
Epoch: 66 cost time: 13.000638484954834
Epoch: 66, Steps: 261 | Train Loss: 0.4813916 Vali Loss: 1.1222955 Test Loss: 0.5542058
Validation loss decreased (1.125242 --> 1.122295).  Saving model ...
Updating learning rate to 6.038593135407538e-05
	iters: 100, epoch: 67 | loss: 0.5003589
	speed: 0.1199s/iter; left time: 1051.7447s
	iters: 200, epoch: 67 | loss: 0.4757381
	speed: 0.0498s/iter; left time: 432.0603s
Epoch: 67 cost time: 13.022611856460571
Epoch: 67, Steps: 261 | Train Loss: 0.4796377 Vali Loss: 1.1172072 Test Loss: 0.5520375
Validation loss decreased (1.122295 --> 1.117207).  Saving model ...
Updating learning rate to 5.7811984713209085e-05
	iters: 100, epoch: 68 | loss: 0.5122458
	speed: 0.1205s/iter; left time: 1025.6789s
	iters: 200, epoch: 68 | loss: 0.4522419
	speed: 0.0498s/iter; left time: 419.1483s
Epoch: 68 cost time: 13.03524661064148
Epoch: 68, Steps: 261 | Train Loss: 0.4778407 Vali Loss: 1.1148695 Test Loss: 0.5499757
Validation loss decreased (1.117207 --> 1.114869).  Saving model ...
Updating learning rate to 5.5216626513434395e-05
	iters: 100, epoch: 69 | loss: 0.4345951
	speed: 0.1195s/iter; left time: 986.4430s
	iters: 200, epoch: 69 | loss: 0.4738969
	speed: 0.0498s/iter; left time: 405.8971s
Epoch: 69 cost time: 12.996891975402832
Epoch: 69, Steps: 261 | Train Loss: 0.4761779 Vali Loss: 1.1118015 Test Loss: 0.5483044
Validation loss decreased (1.114869 --> 1.111802).  Saving model ...
Updating learning rate to 5.260697045117572e-05
	iters: 100, epoch: 70 | loss: 0.4569710
	speed: 0.1193s/iter; left time: 953.2719s
	iters: 200, epoch: 70 | loss: 0.4591807
	speed: 0.0498s/iter; left time: 393.0815s
Epoch: 70 cost time: 13.003584623336792
Epoch: 70, Steps: 261 | Train Loss: 0.4746078 Vali Loss: 1.1091008 Test Loss: 0.5462418
Validation loss decreased (1.111802 --> 1.109101).  Saving model ...
Updating learning rate to 4.999016941230477e-05
	iters: 100, epoch: 71 | loss: 0.4572517
	speed: 0.1203s/iter; left time: 929.9921s
	iters: 200, epoch: 71 | loss: 0.4516138
	speed: 0.0498s/iter; left time: 380.0095s
Epoch: 71 cost time: 13.00393533706665
Epoch: 71, Steps: 261 | Train Loss: 0.4730534 Vali Loss: 1.1064200 Test Loss: 0.5446776
Validation loss decreased (1.109101 --> 1.106420).  Saving model ...
Updating learning rate to 4.7373395866577476e-05
	iters: 100, epoch: 72 | loss: 0.4737089
	speed: 0.1196s/iter; left time: 893.3976s
	iters: 200, epoch: 72 | loss: 0.4770290
	speed: 0.0499s/iter; left time: 367.4666s
Epoch: 72 cost time: 13.018567323684692
Epoch: 72, Steps: 261 | Train Loss: 0.4716143 Vali Loss: 1.1030512 Test Loss: 0.5427397
Validation loss decreased (1.106420 --> 1.103051).  Saving model ...
Updating learning rate to 4.476382220839299e-05
	iters: 100, epoch: 73 | loss: 0.4919994
	speed: 0.1194s/iter; left time: 861.0981s
	iters: 200, epoch: 73 | loss: 0.4657842
	speed: 0.0498s/iter; left time: 354.0325s
Epoch: 73 cost time: 13.015732049942017
Epoch: 73, Steps: 261 | Train Loss: 0.4701325 Vali Loss: 1.1018976 Test Loss: 0.5409548
Validation loss decreased (1.103051 --> 1.101898).  Saving model ...
Updating learning rate to 4.2168601097759126e-05
	iters: 100, epoch: 74 | loss: 0.4838033
	speed: 0.1204s/iter; left time: 836.4376s
	iters: 200, epoch: 74 | loss: 0.4386479
	speed: 0.0498s/iter; left time: 341.0523s
Epoch: 74 cost time: 13.001662969589233
Epoch: 74, Steps: 261 | Train Loss: 0.4688479 Vali Loss: 1.0996459 Test Loss: 0.5397952
Validation loss decreased (1.101898 --> 1.099646).  Saving model ...
Updating learning rate to 3.959484585534855e-05
	iters: 100, epoch: 75 | loss: 0.4528826
	speed: 0.1199s/iter; left time: 801.7940s
	iters: 200, epoch: 75 | loss: 0.4510945
	speed: 0.0499s/iter; left time: 328.9944s
Epoch: 75 cost time: 13.047870397567749
Epoch: 75, Steps: 261 | Train Loss: 0.4676760 Vali Loss: 1.0967108 Test Loss: 0.5383363
Validation loss decreased (1.099646 --> 1.096711).  Saving model ...
Updating learning rate to 3.7049610965381156e-05
	iters: 100, epoch: 76 | loss: 0.4577322
	speed: 0.1195s/iter; left time: 767.6765s
	iters: 200, epoch: 76 | loss: 0.4540353
	speed: 0.0500s/iter; left time: 316.0838s
Epoch: 76 cost time: 13.030089378356934
Epoch: 76, Steps: 261 | Train Loss: 0.4665451 Vali Loss: 1.0951380 Test Loss: 0.5375078
Validation loss decreased (1.096711 --> 1.095138).  Saving model ...
Updating learning rate to 3.4539872739773254e-05
	iters: 100, epoch: 77 | loss: 0.4570636
	speed: 0.1204s/iter; left time: 741.9593s
	iters: 200, epoch: 77 | loss: 0.4474216
	speed: 0.0498s/iter; left time: 302.1572s
Epoch: 77 cost time: 13.012373208999634
Epoch: 77, Steps: 261 | Train Loss: 0.4654100 Vali Loss: 1.0936098 Test Loss: 0.5362151
Validation loss decreased (1.095138 --> 1.093610).  Saving model ...
Updating learning rate to 3.2072510196551436e-05
	iters: 100, epoch: 78 | loss: 0.4497278
	speed: 0.1198s/iter; left time: 707.0306s
	iters: 200, epoch: 78 | loss: 0.4558646
	speed: 0.0498s/iter; left time: 289.0696s
Epoch: 78 cost time: 13.00975751876831
Epoch: 78, Steps: 261 | Train Loss: 0.4644216 Vali Loss: 1.0917575 Test Loss: 0.5347101
Validation loss decreased (1.093610 --> 1.091758).  Saving model ...
Updating learning rate to 2.965428620494246e-05
	iters: 100, epoch: 79 | loss: 0.4670231
	speed: 0.1195s/iter; left time: 674.5663s
	iters: 200, epoch: 79 | loss: 0.4675699
	speed: 0.0498s/iter; left time: 276.0104s
Epoch: 79 cost time: 13.006804704666138
Epoch: 79, Steps: 261 | Train Loss: 0.4635786 Vali Loss: 1.0907984 Test Loss: 0.5340069
Validation loss decreased (1.091758 --> 1.090798).  Saving model ...
Updating learning rate to 2.72918289488186e-05
	iters: 100, epoch: 80 | loss: 0.4792293
	speed: 0.1207s/iter; left time: 649.5050s
	iters: 200, epoch: 80 | loss: 0.4734271
	speed: 0.0499s/iter; left time: 263.7096s
Epoch: 80 cost time: 13.049587726593018
Epoch: 80, Steps: 261 | Train Loss: 0.4626979 Vali Loss: 1.0895073 Test Loss: 0.5333672
Validation loss decreased (1.090798 --> 1.089507).  Saving model ...
Updating learning rate to 2.499161375930652e-05
	iters: 100, epoch: 81 | loss: 0.4862693
	speed: 0.1196s/iter; left time: 612.6823s
	iters: 200, epoch: 81 | loss: 0.4406629
	speed: 0.0498s/iter; left time: 250.1191s
Epoch: 81 cost time: 13.03414249420166
Epoch: 81, Steps: 261 | Train Loss: 0.4619204 Vali Loss: 1.0878779 Test Loss: 0.5326262
Validation loss decreased (1.089507 --> 1.087878).  Saving model ...
Updating learning rate to 2.275994536635464e-05
	iters: 100, epoch: 82 | loss: 0.4565158
	speed: 0.1199s/iter; left time: 582.4764s
	iters: 200, epoch: 82 | loss: 0.4754657
	speed: 0.0498s/iter; left time: 237.0089s
Epoch: 82 cost time: 13.01585078239441
Epoch: 82, Steps: 261 | Train Loss: 0.4612480 Vali Loss: 1.0869473 Test Loss: 0.5315664
Validation loss decreased (1.087878 --> 1.086947).  Saving model ...
Updating learning rate to 2.0602940617906718e-05
	iters: 100, epoch: 83 | loss: 0.4553789
	speed: 0.1209s/iter; left time: 555.8586s
	iters: 200, epoch: 83 | loss: 0.4790665
	speed: 0.0498s/iter; left time: 224.0254s
Epoch: 83 cost time: 13.00501275062561
Epoch: 83, Steps: 261 | Train Loss: 0.4604593 Vali Loss: 1.0857372 Test Loss: 0.5308352
Validation loss decreased (1.086947 --> 1.085737).  Saving model ...
Updating learning rate to 1.8526511714046667e-05
	iters: 100, epoch: 84 | loss: 0.4469839
	speed: 0.1195s/iter; left time: 518.4096s
	iters: 200, epoch: 84 | loss: 0.4927460
	speed: 0.0498s/iter; left time: 211.0887s
Epoch: 84 cost time: 13.001477718353271
Epoch: 84, Steps: 261 | Train Loss: 0.4599701 Vali Loss: 1.0852907 Test Loss: 0.5303969
Validation loss decreased (1.085737 --> 1.085291).  Saving model ...
Updating learning rate to 1.653635000206915e-05
	iters: 100, epoch: 85 | loss: 0.4491720
	speed: 0.1195s/iter; left time: 487.2200s
	iters: 200, epoch: 85 | loss: 0.4533549
	speed: 0.0498s/iter; left time: 198.0818s
Epoch: 85 cost time: 13.055104970932007
Epoch: 85, Steps: 261 | Train Loss: 0.4594979 Vali Loss: 1.0837023 Test Loss: 0.5300710
Validation loss decreased (1.085291 --> 1.083702).  Saving model ...
Updating learning rate to 1.4637910376892278e-05
	iters: 100, epoch: 86 | loss: 0.4752494
	speed: 0.1209s/iter; left time: 461.1763s
	iters: 200, epoch: 86 | loss: 0.4391713
	speed: 0.0498s/iter; left time: 184.9806s
Epoch: 86 cost time: 13.010423421859741
Epoch: 86, Steps: 261 | Train Loss: 0.4590146 Vali Loss: 1.0832156 Test Loss: 0.5293939
Validation loss decreased (1.083702 --> 1.083216).  Saving model ...
Updating learning rate to 1.2836396329569726e-05
	iters: 100, epoch: 87 | loss: 0.4182639
	speed: 0.1199s/iter; left time: 426.3709s
	iters: 200, epoch: 87 | loss: 0.4289712
	speed: 0.0501s/iter; left time: 173.2156s
Epoch: 87 cost time: 13.066277742385864
Epoch: 87, Steps: 261 | Train Loss: 0.4585407 Vali Loss: 1.0832516 Test Loss: 0.5287598
EarlyStopping counter: 1 out of 20
Updating learning rate to 1.113674568488352e-05
	iters: 100, epoch: 88 | loss: 0.4498958
	speed: 0.1190s/iter; left time: 391.9960s
	iters: 200, epoch: 88 | loss: 0.4965088
	speed: 0.0498s/iter; left time: 159.0969s
Epoch: 88 cost time: 13.004574060440063
Epoch: 88, Steps: 261 | Train Loss: 0.4581509 Vali Loss: 1.0818694 Test Loss: 0.5285904
Validation loss decreased (1.083216 --> 1.081869).  Saving model ...
Updating learning rate to 9.543617067109444e-06
	iters: 100, epoch: 89 | loss: 0.4529346
	speed: 0.1201s/iter; left time: 364.1188s
	iters: 200, epoch: 89 | loss: 0.4409863
	speed: 0.0498s/iter; left time: 146.0777s
Epoch: 89 cost time: 13.053608655929565
Epoch: 89, Steps: 261 | Train Loss: 0.4579537 Vali Loss: 1.0817003 Test Loss: 0.5285735
Validation loss decreased (1.081869 --> 1.081700).  Saving model ...
Updating learning rate to 8.061377131051827e-06
	iters: 100, epoch: 90 | loss: 0.4514843
	speed: 0.1203s/iter; left time: 333.5999s
	iters: 200, epoch: 90 | loss: 0.4497082
	speed: 0.0498s/iter; left time: 133.1169s
Epoch: 90 cost time: 13.009540796279907
Epoch: 90, Steps: 261 | Train Loss: 0.4575959 Vali Loss: 1.0818341 Test Loss: 0.5282536
EarlyStopping counter: 1 out of 20
Updating learning rate to 6.694088593346153e-06
	iters: 100, epoch: 91 | loss: 0.4682012
	speed: 0.1191s/iter; left time: 299.1036s
	iters: 200, epoch: 91 | loss: 0.4690683
	speed: 0.0501s/iter; left time: 120.8550s
Epoch: 91 cost time: 13.06395959854126
Epoch: 91, Steps: 261 | Train Loss: 0.4574173 Vali Loss: 1.0812140 Test Loss: 0.5277708
Validation loss decreased (1.081700 --> 1.081214).  Saving model ...
Updating learning rate to 5.445499096835229e-06
	iters: 100, epoch: 92 | loss: 0.4699485
	speed: 0.1196s/iter; left time: 269.0900s
	iters: 200, epoch: 92 | loss: 0.4471639
	speed: 0.0498s/iter; left time: 107.0658s
Epoch: 92 cost time: 13.040072202682495
Epoch: 92, Steps: 261 | Train Loss: 0.4573102 Vali Loss: 1.0809906 Test Loss: 0.5276769
Validation loss decreased (1.081214 --> 1.080991).  Saving model ...
Updating learning rate to 4.319030938540595e-06
	iters: 100, epoch: 93 | loss: 0.4736241
	speed: 0.1203s/iter; left time: 239.3484s
	iters: 200, epoch: 93 | loss: 0.4476086
	speed: 0.0503s/iter; left time: 95.0580s
Epoch: 93 cost time: 13.051154851913452
Epoch: 93, Steps: 261 | Train Loss: 0.4570840 Vali Loss: 1.0812688 Test Loss: 0.5279465
EarlyStopping counter: 1 out of 20
Updating learning rate to 3.317771689384289e-06
	iters: 100, epoch: 94 | loss: 0.4260882
	speed: 0.1188s/iter; left time: 205.2168s
	iters: 200, epoch: 94 | loss: 0.4242467
	speed: 0.0498s/iter; left time: 81.0522s
Epoch: 94 cost time: 13.029944658279419
Epoch: 94, Steps: 261 | Train Loss: 0.4569457 Vali Loss: 1.0808356 Test Loss: 0.5275553
Validation loss decreased (1.080991 --> 1.080836).  Saving model ...
Updating learning rate to 2.444465731371563e-06
	iters: 100, epoch: 95 | loss: 0.4709947
	speed: 0.1196s/iter; left time: 175.4585s
	iters: 200, epoch: 95 | loss: 0.4854607
	speed: 0.0498s/iter; left time: 68.0650s
Epoch: 95 cost time: 12.999465227127075
Epoch: 95, Steps: 261 | Train Loss: 0.4568560 Vali Loss: 1.0811231 Test Loss: 0.5276226
EarlyStopping counter: 1 out of 20
Updating learning rate to 1.7015067354305982e-06
	iters: 100, epoch: 96 | loss: 0.4655663
	speed: 0.1199s/iter; left time: 144.5419s
	iters: 200, epoch: 96 | loss: 0.4690219
	speed: 0.0498s/iter; left time: 55.0688s
Epoch: 96 cost time: 12.998910188674927
Epoch: 96, Steps: 261 | Train Loss: 0.4568939 Vali Loss: 1.0803870 Test Loss: 0.5278081
Validation loss decreased (1.080836 --> 1.080387).  Saving model ...
Updating learning rate to 1.0909311005268064e-06
	iters: 100, epoch: 97 | loss: 0.4441886
	speed: 0.1194s/iter; left time: 112.8009s
	iters: 200, epoch: 97 | loss: 0.4549040
	speed: 0.0498s/iter; left time: 42.0815s
Epoch: 97 cost time: 13.018420696258545
Epoch: 97, Steps: 261 | Train Loss: 0.4567270 Vali Loss: 1.0801346 Test Loss: 0.5272449
Validation loss decreased (1.080387 --> 1.080135).  Saving model ...
Updating learning rate to 6.14412372034877e-07
	iters: 100, epoch: 98 | loss: 0.4763933
	speed: 0.1196s/iter; left time: 81.8245s
	iters: 200, epoch: 98 | loss: 0.4500511
	speed: 0.0498s/iter; left time: 29.0898s
Epoch: 98 cost time: 13.014317989349365
Epoch: 98, Steps: 261 | Train Loss: 0.4566478 Vali Loss: 1.0808477 Test Loss: 0.5275941
EarlyStopping counter: 1 out of 20
Updating learning rate to 2.7325665466719185e-07
	iters: 100, epoch: 99 | loss: 0.4599185
	speed: 0.1203s/iter; left time: 50.9022s
	iters: 200, epoch: 99 | loss: 0.4236612
	speed: 0.0500s/iter; left time: 16.1342s
Epoch: 99 cost time: 13.161404609680176
Epoch: 99, Steps: 261 | Train Loss: 0.4567441 Vali Loss: 1.0804853 Test Loss: 0.5274751
EarlyStopping counter: 2 out of 20
Updating learning rate to 6.839903253160819e-08
	iters: 100, epoch: 100 | loss: 0.4555445
	speed: 0.1313s/iter; left time: 21.2682s
	iters: 200, epoch: 100 | loss: 0.4635052
	speed: 0.0498s/iter; left time: 3.0855s
Epoch: 100 cost time: 13.0686194896698
Epoch: 100, Steps: 261 | Train Loss: 0.4567245 Vali Loss: 1.0806048 Test Loss: 0.5271360
EarlyStopping counter: 3 out of 20
Updating learning rate to 4.0100613092859e-10
>>>>>>>testing : CMS3_ettm1_336_720_PatchTST_ETTm1_ftM_sl336_ll48_pl720_dm128_nh16_el3_dl1_df256_fc1_ebtimeF_dtTrue_Exp_0<<<<<<<<<<<<<<<<<<<<<<<<<<<<<<<<<
test 10801
mse:0.5208954811096191, mae:0.4864826500415802, rse:0.6865343451499939
