==========================================================
Lanzando Experimento: CMS_ettm2 | Dataset: ettm2
==========================================================
Args in experiment:
Namespace(random_seed=2021, is_training=1, model_id='CMS_ettm2_336_96', model='PatchTST', data='ETTm2', root_path='./dataset/', data_path='ETTm2.csv', features='M', target='OT', freq='h', checkpoints='./checkpoints/', seq_len=336, label_len=48, pred_len=96, head_type='cms', fc_dropout=0.2, head_dropout=0.0, patch_len=16, stride=8, padding_patch='end', revin=1, affine=0, subtract_last=0, decomposition=0, kernel_size=25, individual=0, embed_type=0, enc_in=7, dec_in=7, c_out=7, d_model=128, n_heads=16, e_layers=3, d_layers=1, d_ff=256, moving_avg=25, factor=1, distil=True, dropout=0.2, embed='timeF', activation='gelu', output_attention=False, do_predict=False, num_workers=0, itr=1, train_epochs=100, batch_size=128, patience=20, learning_rate=0.0001, des='Exp', loss='mse', lradj='TST', pct_start=0.4, use_amp=False, use_gpu=True, gpu=0, use_multi_gpu=False, devices='0,1,2,3', test_flop=False)
Use GPU: cuda:0
>>>>>>>start training : CMS_ettm2_336_96_PatchTST_ETTm2_ftM_sl336_ll48_pl96_dm128_nh16_el3_dl1_df256_fc1_ebtimeF_dtTrue_Exp_0>>>>>>>>>>>>>>>>>>>>>>>>>>
train 34129
val 11425
test 11425
	iters: 100, epoch: 1 | loss: 0.4583367
	speed: 0.2002s/iter; left time: 5304.5176s
	iters: 200, epoch: 1 | loss: 0.3033051
	speed: 0.0942s/iter; left time: 2485.8420s
Epoch: 1 cost time: 26.71701741218567
Epoch: 1, Steps: 266 | Train Loss: 0.3985348 Vali Loss: 0.2079911 Test Loss: 0.2796274
Validation loss decreased (inf --> 0.207991).  Saving model ...
Updating learning rate to 4.147995783958166e-06
	iters: 100, epoch: 2 | loss: 0.3365045
	speed: 0.3795s/iter; left time: 9955.2405s
	iters: 200, epoch: 2 | loss: 0.3936364
	speed: 0.2360s/iter; left time: 6167.9824s
Epoch: 2 cost time: 59.30021667480469
Epoch: 2, Steps: 266 | Train Loss: 0.3977404 Vali Loss: 0.2076668 Test Loss: 0.2791586
Validation loss decreased (0.207991 --> 0.207667).  Saving model ...
Updating learning rate to 4.591070521163098e-06
	iters: 100, epoch: 3 | loss: 0.4484542
	speed: 0.5818s/iter; left time: 15109.2505s
	iters: 200, epoch: 3 | loss: 0.3939674
	speed: 0.2714s/iter; left time: 7020.3682s
Epoch: 3 cost time: 71.26976251602173
Epoch: 3, Steps: 266 | Train Loss: 0.3973552 Vali Loss: 0.2072759 Test Loss: 0.2786480
Validation loss decreased (0.207667 --> 0.207276).  Saving model ...
Updating learning rate to 5.326491995236255e-06
	iters: 100, epoch: 4 | loss: 0.4275148
	speed: 0.5797s/iter; left time: 14901.0582s
	iters: 200, epoch: 4 | loss: 0.3759258
	speed: 0.2602s/iter; left time: 6662.9958s
Epoch: 4 cost time: 70.90922808647156
Epoch: 4, Steps: 266 | Train Loss: 0.3966814 Vali Loss: 0.2067754 Test Loss: 0.2780674
Validation loss decreased (0.207276 --> 0.206775).  Saving model ...
Updating learning rate to 6.349725236277868e-06
	iters: 100, epoch: 5 | loss: 0.4083134
	speed: 0.5720s/iter; left time: 14549.4116s
	iters: 200, epoch: 5 | loss: 0.6341093
	speed: 0.2587s/iter; left time: 6555.7357s
Epoch: 5 cost time: 65.89865612983704
Epoch: 5, Steps: 266 | Train Loss: 0.3956351 Vali Loss: 0.2063290 Test Loss: 0.2773679
Validation loss decreased (0.206775 --> 0.206329).  Saving model ...
Updating learning rate to 7.654460485717921e-06
	iters: 100, epoch: 6 | loss: 0.3586916
	speed: 0.5498s/iter; left time: 13838.8470s
	iters: 200, epoch: 6 | loss: 0.2644888
	speed: 0.2498s/iter; left time: 6262.3550s
Epoch: 6 cost time: 64.4834098815918
Epoch: 6, Steps: 266 | Train Loss: 0.3941654 Vali Loss: 0.2058289 Test Loss: 0.2765366
Validation loss decreased (0.206329 --> 0.205829).  Saving model ...
Updating learning rate to 9.232652105385623e-06
	iters: 100, epoch: 7 | loss: 0.4468125
	speed: 0.5222s/iter; left time: 13005.1840s
	iters: 200, epoch: 7 | loss: 0.4415606
	speed: 0.2451s/iter; left time: 6078.5633s
Epoch: 7 cost time: 63.519022941589355
Epoch: 7, Steps: 266 | Train Loss: 0.3933386 Vali Loss: 0.2050232 Test Loss: 0.2755769
Validation loss decreased (0.205829 --> 0.205023).  Saving model ...
Updating learning rate to 1.1074568190864783e-05
	iters: 100, epoch: 8 | loss: 0.3419780
	speed: 0.5203s/iter; left time: 12818.7332s
	iters: 200, epoch: 8 | loss: 0.3666763
	speed: 0.2294s/iter; left time: 5628.4307s
Epoch: 8 cost time: 61.83224678039551
Epoch: 8, Steps: 266 | Train Loss: 0.3914265 Vali Loss: 0.2041248 Test Loss: 0.2744374
Validation loss decreased (0.205023 --> 0.204125).  Saving model ...
Updating learning rate to 1.316885058319476e-05
	iters: 100, epoch: 9 | loss: 0.2964098
	speed: 0.5019s/iter; left time: 12233.5336s
	iters: 200, epoch: 9 | loss: 0.4350878
	speed: 0.2195s/iter; left time: 5328.5594s
Epoch: 9 cost time: 59.21168303489685
Epoch: 9, Steps: 266 | Train Loss: 0.3897278 Vali Loss: 0.2032208 Test Loss: 0.2731513
Validation loss decreased (0.204125 --> 0.203221).  Saving model ...
Updating learning rate to 1.5502584908855415e-05
	iters: 100, epoch: 10 | loss: 0.3553106
	speed: 0.4944s/iter; left time: 11919.0172s
	iters: 200, epoch: 10 | loss: 0.4435201
	speed: 0.2196s/iter; left time: 5273.1059s
Epoch: 10 cost time: 57.829357862472534
Epoch: 10, Steps: 266 | Train Loss: 0.3870784 Vali Loss: 0.2021623 Test Loss: 0.2716223
Validation loss decreased (0.203221 --> 0.202162).  Saving model ...
Updating learning rate to 1.806138021613527e-05
	iters: 100, epoch: 11 | loss: 0.3366755
	speed: 0.4827s/iter; left time: 11507.4964s
	iters: 200, epoch: 11 | loss: 0.3375104
	speed: 0.2135s/iter; left time: 5069.1677s
Epoch: 11 cost time: 57.93830871582031
Epoch: 11, Steps: 266 | Train Loss: 0.3850295 Vali Loss: 0.2008296 Test Loss: 0.2699012
Validation loss decreased (0.202162 --> 0.200830).  Saving model ...
Updating learning rate to 2.0829457716805565e-05
	iters: 100, epoch: 12 | loss: 0.3032229
	speed: 0.4723s/iter; left time: 11134.3737s
	iters: 200, epoch: 12 | loss: 0.4613373
	speed: 0.2095s/iter; left time: 4917.4911s
Epoch: 12 cost time: 55.19997549057007
Epoch: 12, Steps: 266 | Train Loss: 0.3818528 Vali Loss: 0.1993155 Test Loss: 0.2679143
Validation loss decreased (0.200830 --> 0.199316).  Saving model ...
Updating learning rate to 2.3789748085875986e-05
	iters: 100, epoch: 13 | loss: 0.3539132
	speed: 0.4702s/iter; left time: 10958.9647s
	iters: 200, epoch: 13 | loss: 0.4339253
	speed: 0.2108s/iter; left time: 4891.3643s
Epoch: 13 cost time: 55.89650821685791
Epoch: 13, Steps: 266 | Train Loss: 0.3784342 Vali Loss: 0.1975196 Test Loss: 0.2656351
Validation loss decreased (0.199316 --> 0.197520).  Saving model ...
Updating learning rate to 2.6923996719433387e-05
	iters: 100, epoch: 14 | loss: 0.2788863
	speed: 0.4565s/iter; left time: 10518.0042s
	iters: 200, epoch: 14 | loss: 0.2528181
	speed: 0.2177s/iter; left time: 4994.3733s
Epoch: 14 cost time: 55.33029913902283
Epoch: 14, Steps: 266 | Train Loss: 0.3750645 Vali Loss: 0.1954892 Test Loss: 0.2630361
Validation loss decreased (0.197520 --> 0.195489).  Saving model ...
Updating learning rate to 3.021287630149266e-05
	iters: 100, epoch: 15 | loss: 0.3531501
	speed: 0.4464s/iter; left time: 10167.0043s
	iters: 200, epoch: 15 | loss: 0.3937299
	speed: 0.2066s/iter; left time: 4684.6886s
Epoch: 15 cost time: 54.57689166069031
Epoch: 15, Steps: 266 | Train Loss: 0.3701256 Vali Loss: 0.1932944 Test Loss: 0.2600366
Validation loss decreased (0.195489 --> 0.193294).  Saving model ...
Updating learning rate to 3.363610598571669e-05
	iters: 100, epoch: 16 | loss: 0.4941242
	speed: 0.4514s/iter; left time: 10161.2927s
	iters: 200, epoch: 16 | loss: 0.4321318
	speed: 0.2037s/iter; left time: 4566.0730s
Epoch: 16 cost time: 53.19244384765625
Epoch: 16, Steps: 266 | Train Loss: 0.3659371 Vali Loss: 0.1906319 Test Loss: 0.2567093
Validation loss decreased (0.193294 --> 0.190632).  Saving model ...
Updating learning rate to 3.717257645707274e-05
	iters: 100, epoch: 17 | loss: 0.2951262
	speed: 0.4411s/iter; left time: 9811.6551s
	iters: 200, epoch: 17 | loss: 0.3064099
	speed: 0.1994s/iter; left time: 4416.3481s
Epoch: 17 cost time: 54.59940838813782
Epoch: 17, Steps: 266 | Train Loss: 0.3610322 Vali Loss: 0.1875897 Test Loss: 0.2529534
Validation loss decreased (0.190632 --> 0.187590).  Saving model ...
Updating learning rate to 4.08004801022336e-05
	iters: 100, epoch: 18 | loss: 0.2356249
	speed: 0.4539s/iter; left time: 9976.0932s
	iters: 200, epoch: 18 | loss: 0.4886625
	speed: 0.1949s/iter; left time: 4264.9374s
Epoch: 18 cost time: 53.57385802268982
Epoch: 18, Steps: 266 | Train Loss: 0.3543944 Vali Loss: 0.1841919 Test Loss: 0.2487084
Validation loss decreased (0.187590 --> 0.184192).  Saving model ...
Updating learning rate to 4.4497445486028815e-05
	iters: 100, epoch: 19 | loss: 0.4636256
	speed: 0.4407s/iter; left time: 9568.5072s
	iters: 200, epoch: 19 | loss: 0.3393773
	speed: 0.1963s/iter; left time: 4241.8014s
Epoch: 19 cost time: 53.44533848762512
Epoch: 19, Steps: 266 | Train Loss: 0.3480445 Vali Loss: 0.1805944 Test Loss: 0.2441526
Validation loss decreased (0.184192 --> 0.180594).  Saving model ...
Updating learning rate to 4.8240675304698384e-05
	iters: 100, epoch: 20 | loss: 0.2936177
	speed: 0.4461s/iter; left time: 9567.5856s
	iters: 200, epoch: 20 | loss: 0.5864898
	speed: 0.1973s/iter; left time: 4212.1798s
Epoch: 20 cost time: 53.443862438201904
Epoch: 20, Steps: 266 | Train Loss: 0.3402396 Vali Loss: 0.1767304 Test Loss: 0.2392032
Validation loss decreased (0.180594 --> 0.176730).  Saving model ...
Updating learning rate to 5.2007086965261054e-05
	iters: 100, epoch: 21 | loss: 0.2933745
	speed: 0.4331s/iter; left time: 9173.7217s
	iters: 200, epoch: 21 | loss: 0.3408096
	speed: 0.1980s/iter; left time: 4174.2964s
Epoch: 21 cost time: 52.61167788505554
Epoch: 21, Steps: 266 | Train Loss: 0.3318485 Vali Loss: 0.1723152 Test Loss: 0.2339397
Validation loss decreased (0.176730 --> 0.172315).  Saving model ...
Updating learning rate to 5.5773454924116216e-05
	iters: 100, epoch: 22 | loss: 0.2847556
	speed: 0.4437s/iter; left time: 9280.2226s
	iters: 200, epoch: 22 | loss: 0.3062212
	speed: 0.1921s/iter; left time: 3999.1494s
Epoch: 22 cost time: 52.16765999794006
Epoch: 22, Steps: 266 | Train Loss: 0.3233682 Vali Loss: 0.1679112 Test Loss: 0.2283319
Validation loss decreased (0.172315 --> 0.167911).  Saving model ...
Updating learning rate to 5.95165539071495e-05
	iters: 100, epoch: 23 | loss: 0.2531656
	speed: 0.4376s/iter; left time: 9036.2656s
	iters: 200, epoch: 23 | loss: 0.3479969
	speed: 0.2006s/iter; left time: 4121.9615s
Epoch: 23 cost time: 52.88427996635437
Epoch: 23, Steps: 266 | Train Loss: 0.3142339 Vali Loss: 0.1634182 Test Loss: 0.2225771
Validation loss decreased (0.167911 --> 0.163418).  Saving model ...
Updating learning rate to 6.321330212817643e-05
	iters: 100, epoch: 24 | loss: 0.3153426
	speed: 0.4315s/iter; left time: 8794.4771s
	iters: 200, epoch: 24 | loss: 0.2254812
	speed: 0.1922s/iter; left time: 3898.1948s
Epoch: 24 cost time: 51.88629460334778
Epoch: 24, Steps: 266 | Train Loss: 0.3044138 Vali Loss: 0.1587955 Test Loss: 0.2167126
Validation loss decreased (0.163418 --> 0.158796).  Saving model ...
Updating learning rate to 6.684090362256924e-05
	iters: 100, epoch: 25 | loss: 0.2682559
	speed: 0.4318s/iter; left time: 8685.8767s
	iters: 200, epoch: 25 | loss: 0.2615476
	speed: 0.2005s/iter; left time: 4013.9671s
Epoch: 25 cost time: 51.87547826766968
Epoch: 25, Steps: 266 | Train Loss: 0.2943900 Vali Loss: 0.1543078 Test Loss: 0.2108194
Validation loss decreased (0.158796 --> 0.154308).  Saving model ...
Updating learning rate to 7.037698881836747e-05
	iters: 100, epoch: 26 | loss: 0.1948596
	speed: 0.4353s/iter; left time: 8641.9158s
	iters: 200, epoch: 26 | loss: 0.2000192
	speed: 0.1905s/iter; left time: 3763.1758s
Epoch: 26 cost time: 51.51586389541626
Epoch: 26, Steps: 266 | Train Loss: 0.2843346 Vali Loss: 0.1498693 Test Loss: 0.2049364
Validation loss decreased (0.154308 --> 0.149869).  Saving model ...
Updating learning rate to 7.379975247804219e-05
	iters: 100, epoch: 27 | loss: 0.2211474
	speed: 0.4238s/iter; left time: 8301.0921s
	iters: 200, epoch: 27 | loss: 0.2471760
	speed: 0.1966s/iter; left time: 3830.2907s
Epoch: 27 cost time: 52.06738829612732
Epoch: 27, Steps: 266 | Train Loss: 0.2742345 Vali Loss: 0.1454952 Test Loss: 0.1990875
Validation loss decreased (0.149869 --> 0.145495).  Saving model ...
Updating learning rate to 7.70880881602968e-05
	iters: 100, epoch: 28 | loss: 0.3120237
	speed: 0.4245s/iter; left time: 8201.7775s
	iters: 200, epoch: 28 | loss: 0.2126841
	speed: 0.1990s/iter; left time: 3824.6799s
Epoch: 28 cost time: 52.76189351081848
Epoch: 28, Steps: 266 | Train Loss: 0.2642964 Vali Loss: 0.1414582 Test Loss: 0.1936400
Validation loss decreased (0.145495 --> 0.141458).  Saving model ...
Updating learning rate to 8.02217183727475e-05
	iters: 100, epoch: 29 | loss: 0.2911326
	speed: 0.4251s/iter; left time: 8099.1946s
	iters: 200, epoch: 29 | loss: 0.1747252
	speed: 0.1957s/iter; left time: 3708.6665s
Epoch: 29 cost time: 51.56591486930847
Epoch: 29, Steps: 266 | Train Loss: 0.2546967 Vali Loss: 0.1381470 Test Loss: 0.1887633
Validation loss decreased (0.141458 --> 0.138147).  Saving model ...
Updating learning rate to 8.318131961289731e-05
	iters: 100, epoch: 30 | loss: 0.2317751
	speed: 0.4136s/iter; left time: 7769.9960s
	iters: 200, epoch: 30 | loss: 0.2534581
	speed: 0.1989s/iter; left time: 3717.6777s
Epoch: 30 cost time: 51.232938051223755
Epoch: 30, Steps: 266 | Train Loss: 0.2462419 Vali Loss: 0.1348388 Test Loss: 0.1843161
Validation loss decreased (0.138147 --> 0.134839).  Saving model ...
Updating learning rate to 8.59486415263404e-05
	iters: 100, epoch: 31 | loss: 0.2742965
	speed: 0.4173s/iter; left time: 7728.4997s
	iters: 200, epoch: 31 | loss: 0.2428529
	speed: 0.2000s/iter; left time: 3683.2985s
Epoch: 31 cost time: 50.84195137023926
Epoch: 31, Steps: 266 | Train Loss: 0.2385142 Vali Loss: 0.1321701 Test Loss: 0.1806122
Validation loss decreased (0.134839 --> 0.132170).  Saving model ...
Updating learning rate to 8.850661944740828e-05
	iters: 100, epoch: 32 | loss: 0.1735350
	speed: 0.4145s/iter; left time: 7566.5749s
	iters: 200, epoch: 32 | loss: 0.1628092
	speed: 0.1939s/iter; left time: 3520.7896s
Epoch: 32 cost time: 50.228771448135376
Epoch: 32, Steps: 266 | Train Loss: 0.2319450 Vali Loss: 0.1295904 Test Loss: 0.1773924
Validation loss decreased (0.132170 --> 0.129590).  Saving model ...
Updating learning rate to 9.083947962827694e-05
	iters: 100, epoch: 33 | loss: 0.2254578
	speed: 0.4173s/iter; left time: 7507.3503s
	iters: 200, epoch: 33 | loss: 0.2168323
	speed: 0.1902s/iter; left time: 3402.3592s
Epoch: 33 cost time: 50.962236166000366
Epoch: 33, Steps: 266 | Train Loss: 0.2266780 Vali Loss: 0.1276316 Test Loss: 0.1748915
Validation loss decreased (0.129590 --> 0.127632).  Saving model ...
Updating learning rate to 9.293283650764084e-05
	iters: 100, epoch: 34 | loss: 0.1742741
	speed: 0.4196s/iter; left time: 7435.8320s
	iters: 200, epoch: 34 | loss: 0.2287403
	speed: 0.1899s/iter; left time: 3347.3998s
Epoch: 34 cost time: 50.88883328437805
Epoch: 34, Steps: 266 | Train Loss: 0.2222029 Vali Loss: 0.1259498 Test Loss: 0.1729627
Validation loss decreased (0.127632 --> 0.125950).  Saving model ...
Updating learning rate to 9.477378141914727e-05
	iters: 100, epoch: 35 | loss: 0.1813445
	speed: 0.4183s/iter; left time: 7302.5803s
	iters: 200, epoch: 35 | loss: 0.2071620
	speed: 0.1879s/iter; left time: 3261.9180s
Epoch: 35 cost time: 50.28489923477173
Epoch: 35, Steps: 266 | Train Loss: 0.2181455 Vali Loss: 0.1247909 Test Loss: 0.1715470
Validation loss decreased (0.125950 --> 0.124791).  Saving model ...
Updating learning rate to 9.635096219257111e-05
	iters: 100, epoch: 36 | loss: 0.1892620
	speed: 0.4206s/iter; left time: 7231.2733s
	iters: 200, epoch: 36 | loss: 0.2235570
	speed: 0.1948s/iter; left time: 3328.7877s
Epoch: 36 cost time: 50.18359851837158
Epoch: 36, Steps: 266 | Train Loss: 0.2155790 Vali Loss: 0.1235298 Test Loss: 0.1706648
Validation loss decreased (0.124791 --> 0.123530).  Saving model ...
Updating learning rate to 9.765465315687045e-05
	iters: 100, epoch: 37 | loss: 0.1972140
	speed: 0.4064s/iter; left time: 6879.0989s
	iters: 200, epoch: 37 | loss: 0.1722974
	speed: 0.1960s/iter; left time: 3297.3032s
Epoch: 37 cost time: 50.39742469787598
Epoch: 37, Steps: 266 | Train Loss: 0.2133875 Vali Loss: 0.1228015 Test Loss: 0.1697995
Validation loss decreased (0.123530 --> 0.122802).  Saving model ...
Updating learning rate to 9.867681511344941e-05
	iters: 100, epoch: 38 | loss: 0.2002882
	speed: 0.4094s/iter; left time: 6820.8966s
	iters: 200, epoch: 38 | loss: 0.2038061
	speed: 0.1947s/iter; left time: 3223.2459s
Epoch: 38 cost time: 49.75673866271973
Epoch: 38, Steps: 266 | Train Loss: 0.2111872 Vali Loss: 0.1223538 Test Loss: 0.1691018
Validation loss decreased (0.122802 --> 0.122354).  Saving model ...
Updating learning rate to 9.941114490980398e-05
	iters: 100, epoch: 39 | loss: 0.1752963
	speed: 0.4084s/iter; left time: 6695.2653s
	iters: 200, epoch: 39 | loss: 0.1682240
	speed: 0.1952s/iter; left time: 3180.8280s
Epoch: 39 cost time: 51.094680070877075
Epoch: 39, Steps: 266 | Train Loss: 0.2095933 Vali Loss: 0.1218055 Test Loss: 0.1687830
Validation loss decreased (0.122354 --> 0.121805).  Saving model ...
Updating learning rate to 9.98531143078552e-05
	iters: 100, epoch: 40 | loss: 0.1423751
	speed: 0.4126s/iter; left time: 6654.0439s
	iters: 200, epoch: 40 | loss: 0.1900026
	speed: 0.1910s/iter; left time: 3061.0824s
Epoch: 40 cost time: 51.03085398674011
Epoch: 40, Steps: 266 | Train Loss: 0.2075889 Vali Loss: 0.1216789 Test Loss: 0.1686076
Validation loss decreased (0.121805 --> 0.121679).  Saving model ...
Updating learning rate to 9.999999903133806e-05
	iters: 100, epoch: 41 | loss: 0.2232662
	speed: 0.4157s/iter; left time: 6593.4824s
	iters: 200, epoch: 41 | loss: 0.1507255
	speed: 0.1959s/iter; left time: 3087.8193s
Epoch: 41 cost time: 49.636916160583496
Epoch: 41, Steps: 266 | Train Loss: 0.2060429 Vali Loss: 0.1215869 Test Loss: 0.1683628
Validation loss decreased (0.121679 --> 0.121587).  Saving model ...
Updating learning rate to 9.993096095176514e-05
	iters: 100, epoch: 42 | loss: 0.1563368
	speed: 0.4073s/iter; left time: 6351.5736s
	iters: 200, epoch: 42 | loss: 0.2125339
	speed: 0.1860s/iter; left time: 2881.6875s
Epoch: 42 cost time: 49.49682807922363
Epoch: 42, Steps: 266 | Train Loss: 0.2044960 Vali Loss: 0.1214236 Test Loss: 0.1683130
Validation loss decreased (0.121587 --> 0.121424).  Saving model ...
Updating learning rate to 9.972506612706808e-05
	iters: 100, epoch: 43 | loss: 0.1565046
	speed: 0.4172s/iter; left time: 6395.7171s
	iters: 200, epoch: 43 | loss: 0.2545599
	speed: 0.1906s/iter; left time: 2902.3668s
Epoch: 43 cost time: 49.83988308906555
Epoch: 43, Steps: 266 | Train Loss: 0.2030158 Vali Loss: 0.1214568 Test Loss: 0.1682413
EarlyStopping counter: 1 out of 20
Updating learning rate to 9.93828789006498e-05
	iters: 100, epoch: 44 | loss: 0.1785242
	speed: 0.4143s/iter; left time: 6240.1102s
	iters: 200, epoch: 44 | loss: 0.2963221
	speed: 0.1864s/iter; left time: 2789.4144s
Epoch: 44 cost time: 49.14911723136902
Epoch: 44, Steps: 266 | Train Loss: 0.2017653 Vali Loss: 0.1215370 Test Loss: 0.1684690
EarlyStopping counter: 2 out of 20
Updating learning rate to 9.890533718391275e-05
	iters: 100, epoch: 45 | loss: 0.1572018
	speed: 0.4162s/iter; left time: 6158.4004s
	iters: 200, epoch: 45 | loss: 0.1859486
	speed: 0.1883s/iter; left time: 2767.4685s
Epoch: 45 cost time: 49.95655918121338
Epoch: 45, Steps: 266 | Train Loss: 0.2003818 Vali Loss: 0.1214058 Test Loss: 0.1683690
Validation loss decreased (0.121424 --> 0.121406).  Saving model ...
Updating learning rate to 9.829374988550901e-05
	iters: 100, epoch: 46 | loss: 0.2198459
	speed: 0.4102s/iter; left time: 5960.4303s
	iters: 200, epoch: 46 | loss: 0.1891484
	speed: 0.1899s/iter; left time: 2740.5423s
Epoch: 46 cost time: 50.29066824913025
Epoch: 46, Steps: 266 | Train Loss: 0.1989028 Vali Loss: 0.1215640 Test Loss: 0.1684837
EarlyStopping counter: 1 out of 20
Updating learning rate to 9.754979332371259e-05
	iters: 100, epoch: 47 | loss: 0.1823331
	speed: 0.4141s/iter; left time: 5906.9357s
	iters: 200, epoch: 47 | loss: 0.1898788
	speed: 0.1824s/iter; left time: 2583.5576s
Epoch: 47 cost time: 50.49164843559265
Epoch: 47, Steps: 266 | Train Loss: 0.1977740 Vali Loss: 0.1213925 Test Loss: 0.1686673
Validation loss decreased (0.121406 --> 0.121392).  Saving model ...
Updating learning rate to 9.667550663174757e-05
	iters: 100, epoch: 48 | loss: 0.2181578
	speed: 0.4177s/iter; left time: 5847.3902s
	iters: 200, epoch: 48 | loss: 0.2205904
	speed: 0.1885s/iter; left time: 2620.3571s
Epoch: 48 cost time: 49.385348320007324
Epoch: 48, Steps: 266 | Train Loss: 0.1967919 Vali Loss: 0.1214113 Test Loss: 0.1688671
EarlyStopping counter: 1 out of 20
Updating learning rate to 9.567328616866573e-05
	iters: 100, epoch: 49 | loss: 0.1658327
	speed: 0.4062s/iter; left time: 5578.2446s
	iters: 200, epoch: 49 | loss: 0.1396684
	speed: 0.1921s/iter; left time: 2618.7917s
Epoch: 49 cost time: 50.155234813690186
Epoch: 49, Steps: 266 | Train Loss: 0.1959392 Vali Loss: 0.1217578 Test Loss: 0.1686713
EarlyStopping counter: 2 out of 20
Updating learning rate to 9.454587895109285e-05
	iters: 100, epoch: 50 | loss: 0.1995749
	speed: 0.4136s/iter; left time: 5570.2631s
	iters: 200, epoch: 50 | loss: 0.1865343
	speed: 0.1916s/iter; left time: 2561.1968s
Epoch: 50 cost time: 50.87433862686157
Epoch: 50, Steps: 266 | Train Loss: 0.1946501 Vali Loss: 0.1219541 Test Loss: 0.1689585
EarlyStopping counter: 3 out of 20
Updating learning rate to 9.329637512384722e-05
	iters: 100, epoch: 51 | loss: 0.1895599
	speed: 0.4341s/iter; left time: 5730.1751s
	iters: 200, epoch: 51 | loss: 0.1376380
	speed: 0.2032s/iter; left time: 2661.7542s
Epoch: 51 cost time: 53.57679891586304
Epoch: 51, Steps: 266 | Train Loss: 0.1934736 Vali Loss: 0.1219645 Test Loss: 0.1690645
EarlyStopping counter: 4 out of 20
Updating learning rate to 9.192819949006735e-05
	iters: 100, epoch: 52 | loss: 0.1587278
	speed: 0.4459s/iter; left time: 5767.6131s
	iters: 200, epoch: 52 | loss: 0.3093071
	speed: 0.2015s/iter; left time: 2586.8857s
Epoch: 52 cost time: 54.53991484642029
Epoch: 52, Steps: 266 | Train Loss: 0.1921738 Vali Loss: 0.1222294 Test Loss: 0.1689657
EarlyStopping counter: 5 out of 20
Updating learning rate to 9.044510212406473e-05
	iters: 100, epoch: 53 | loss: 0.1720760
	speed: 0.4643s/iter; left time: 5882.7852s
	iters: 200, epoch: 53 | loss: 0.1702778
	speed: 0.2168s/iter; left time: 2724.9842s
Epoch: 53 cost time: 56.320762395858765
Epoch: 53, Steps: 266 | Train Loss: 0.1915864 Vali Loss: 0.1221141 Test Loss: 0.1690575
EarlyStopping counter: 6 out of 20
Updating learning rate to 8.885114809263072e-05
	iters: 100, epoch: 54 | loss: 0.1528874
	speed: 0.4918s/iter; left time: 6099.5966s
	iters: 200, epoch: 54 | loss: 0.2426024
	speed: 0.2320s/iter; left time: 2853.7457s
Epoch: 54 cost time: 60.22510600090027
Epoch: 54, Steps: 266 | Train Loss: 0.1907470 Vali Loss: 0.1223259 Test Loss: 0.1691275
EarlyStopping counter: 7 out of 20
Updating learning rate to 8.71507063129711e-05
	iters: 100, epoch: 55 | loss: 0.1835586
	speed: 0.5104s/iter; left time: 6194.6993s
	iters: 200, epoch: 55 | loss: 0.1936249
	speed: 0.2422s/iter; left time: 2914.8255s
Epoch: 55 cost time: 62.80834102630615
Epoch: 55, Steps: 266 | Train Loss: 0.1898720 Vali Loss: 0.1223956 Test Loss: 0.1693836
EarlyStopping counter: 8 out of 20
Updating learning rate to 8.534843757780764e-05
	iters: 100, epoch: 56 | loss: 0.1675126
	speed: 0.5288s/iter; left time: 6277.8674s
	iters: 200, epoch: 56 | loss: 0.1791774
	speed: 0.2534s/iter; left time: 2982.4085s
Epoch: 56 cost time: 66.78799438476562
Epoch: 56, Steps: 266 | Train Loss: 0.1891791 Vali Loss: 0.1223984 Test Loss: 0.1691805
EarlyStopping counter: 9 out of 20
Updating learning rate to 8.34492817804693e-05
	iters: 100, epoch: 57 | loss: 0.3013665
	speed: 0.5742s/iter; left time: 6663.9690s
	iters: 200, epoch: 57 | loss: 0.1536455
	speed: 0.2579s/iter; left time: 2966.6595s
Epoch: 57 cost time: 70.5974292755127
Epoch: 57, Steps: 266 | Train Loss: 0.1881877 Vali Loss: 0.1224330 Test Loss: 0.1694405
EarlyStopping counter: 10 out of 20
Updating learning rate to 8.145844437498785e-05
	iters: 100, epoch: 58 | loss: 0.2507783
	speed: 0.6074s/iter; left time: 6887.7010s
	iters: 200, epoch: 58 | loss: 0.1527873
	speed: 0.2678s/iter; left time: 3009.8539s
Epoch: 58 cost time: 72.90267515182495
Epoch: 58, Steps: 266 | Train Loss: 0.1875718 Vali Loss: 0.1228370 Test Loss: 0.1695881
EarlyStopping counter: 11 out of 20
Updating learning rate to 7.938138210831032e-05
	iters: 100, epoch: 59 | loss: 0.1922044
	speed: 0.6344s/iter; left time: 7025.2450s
	iters: 200, epoch: 59 | loss: 0.2201177
	speed: 0.2904s/iter; left time: 3186.7670s
Epoch: 59 cost time: 75.50939011573792
Epoch: 59, Steps: 266 | Train Loss: 0.1869955 Vali Loss: 0.1226762 Test Loss: 0.1693346
EarlyStopping counter: 12 out of 20
Updating learning rate to 7.722378806373484e-05
	iters: 100, epoch: 60 | loss: 0.1655604
	speed: 0.6300s/iter; left time: 6808.3905s
	iters: 200, epoch: 60 | loss: 0.2360611
	speed: 0.3038s/iter; left time: 3252.4565s
Epoch: 60 cost time: 79.03667783737183
Epoch: 60, Steps: 266 | Train Loss: 0.1859202 Vali Loss: 0.1226173 Test Loss: 0.1693866
EarlyStopping counter: 13 out of 20
Updating learning rate to 7.499157605656507e-05
	iters: 100, epoch: 61 | loss: 0.1611789
	speed: 0.6625s/iter; left time: 6983.9233s
	iters: 200, epoch: 61 | loss: 0.1537227
	speed: 0.2998s/iter; left time: 3130.3521s
Epoch: 61 cost time: 78.2533164024353
Epoch: 61, Steps: 266 | Train Loss: 0.1855936 Vali Loss: 0.1227106 Test Loss: 0.1696462
EarlyStopping counter: 14 out of 20
Updating learning rate to 7.26908644247535e-05
	iters: 100, epoch: 62 | loss: 0.2088976
	speed: 0.6313s/iter; left time: 6487.0649s
	iters: 200, epoch: 62 | loss: 0.1581858
	speed: 0.2802s/iter; left time: 2851.4639s
Epoch: 62 cost time: 75.0694785118103
Epoch: 62, Steps: 266 | Train Loss: 0.1848844 Vali Loss: 0.1226891 Test Loss: 0.1698628
EarlyStopping counter: 15 out of 20
Updating learning rate to 7.032795925896242e-05
	iters: 100, epoch: 63 | loss: 0.1653867
	speed: 0.6049s/iter; left time: 6054.5534s
	iters: 200, epoch: 63 | loss: 0.1424343
	speed: 0.2564s/iter; left time: 2540.9399s
Epoch: 63 cost time: 69.36248636245728
Epoch: 63, Steps: 266 | Train Loss: 0.1843927 Vali Loss: 0.1228844 Test Loss: 0.1699349
EarlyStopping counter: 16 out of 20
Updating learning rate to 6.790933711800776e-05
	iters: 100, epoch: 64 | loss: 0.2646567
	speed: 0.5746s/iter; left time: 5598.7817s
	iters: 200, epoch: 64 | loss: 0.2022122
	speed: 0.2542s/iter; left time: 2450.9045s
Epoch: 64 cost time: 66.89948797225952
Epoch: 64, Steps: 266 | Train Loss: 0.1839464 Vali Loss: 0.1230195 Test Loss: 0.1698588
EarlyStopping counter: 17 out of 20
Updating learning rate to 6.544162727706148e-05
	iters: 100, epoch: 65 | loss: 0.1790969
	speed: 0.5483s/iter; left time: 5196.7114s
	iters: 200, epoch: 65 | loss: 0.2178917
	speed: 0.2431s/iter; left time: 2279.9541s
Epoch: 65 cost time: 64.08202171325684
Epoch: 65, Steps: 266 | Train Loss: 0.1833836 Vali Loss: 0.1229554 Test Loss: 0.1705954
EarlyStopping counter: 18 out of 20
Updating learning rate to 6.293159355726925e-05
	iters: 100, epoch: 66 | loss: 0.1936989
	speed: 0.5263s/iter; left time: 4847.8123s
	iters: 200, epoch: 66 | loss: 0.1926512
	speed: 0.2352s/iter; left time: 2142.6811s
Epoch: 66 cost time: 61.87797021865845
Epoch: 66, Steps: 266 | Train Loss: 0.1827777 Vali Loss: 0.1228476 Test Loss: 0.1701824
EarlyStopping counter: 19 out of 20
Updating learning rate to 6.038611578658668e-05
	iters: 100, epoch: 67 | loss: 0.1243149
	speed: 0.5044s/iter; left time: 4511.7824s
	iters: 200, epoch: 67 | loss: 0.1516899
	speed: 0.2295s/iter; left time: 2030.2448s
Epoch: 67 cost time: 61.00337862968445
Epoch: 67, Steps: 266 | Train Loss: 0.1823985 Vali Loss: 0.1228235 Test Loss: 0.1703579
EarlyStopping counter: 20 out of 20
Early stopping
>>>>>>>testing : CMS_ettm2_336_96_PatchTST_ETTm2_ftM_sl336_ll48_pl96_dm128_nh16_el3_dl1_df256_fc1_ebtimeF_dtTrue_Exp_0<<<<<<<<<<<<<<<<<<<<<<<<<<<<<<<<<
test 11425
mse:0.1685258448123932, mae:0.2568061947822571, rse:0.3325667977333069
Args in experiment:
Namespace(random_seed=2021, is_training=1, model_id='CMS_ettm2_336_192', model='PatchTST', data='ETTm2', root_path='./dataset/', data_path='ETTm2.csv', features='M', target='OT', freq='h', checkpoints='./checkpoints/', seq_len=336, label_len=48, pred_len=192, head_type='cms', fc_dropout=0.2, head_dropout=0.0, patch_len=16, stride=8, padding_patch='end', revin=1, affine=0, subtract_last=0, decomposition=0, kernel_size=25, individual=0, embed_type=0, enc_in=7, dec_in=7, c_out=7, d_model=128, n_heads=16, e_layers=3, d_layers=1, d_ff=256, moving_avg=25, factor=1, distil=True, dropout=0.2, embed='timeF', activation='gelu', output_attention=False, do_predict=False, num_workers=0, itr=1, train_epochs=100, batch_size=128, patience=20, learning_rate=0.0001, des='Exp', loss='mse', lradj='TST', pct_start=0.4, use_amp=False, use_gpu=True, gpu=0, use_multi_gpu=False, devices='0,1,2,3', test_flop=False)
Use GPU: cuda:0
>>>>>>>start training : CMS_ettm2_336_192_PatchTST_ETTm2_ftM_sl336_ll48_pl192_dm128_nh16_el3_dl1_df256_fc1_ebtimeF_dtTrue_Exp_0>>>>>>>>>>>>>>>>>>>>>>>>>>
train 34033
val 11329
test 11329
	iters: 100, epoch: 1 | loss: 0.3567180
	speed: 0.1957s/iter; left time: 5166.2758s
	iters: 200, epoch: 1 | loss: 0.3268487
	speed: 0.1702s/iter; left time: 4475.7969s
Epoch: 1 cost time: 41.01709294319153
Epoch: 1, Steps: 265 | Train Loss: 0.4534336 Vali Loss: 0.2344553 Test Loss: 0.3109716
Validation loss decreased (inf --> 0.234455).  Saving model ...
Updating learning rate to 4.147995888890545e-06
	iters: 100, epoch: 2 | loss: 0.5413907
	speed: 0.4386s/iter; left time: 11464.4856s
	iters: 200, epoch: 2 | loss: 0.3766621
	speed: 0.2188s/iter; left time: 5695.7937s
Epoch: 2 cost time: 56.59429574012756
Epoch: 2, Steps: 265 | Train Loss: 0.4531438 Vali Loss: 0.2344959 Test Loss: 0.3106324
EarlyStopping counter: 1 out of 20
Updating learning rate to 4.591070939598485e-06
	iters: 100, epoch: 3 | loss: 0.3518606
	speed: 0.4730s/iter; left time: 12236.7438s
	iters: 200, epoch: 3 | loss: 0.5534788
	speed: 0.2144s/iter; left time: 5525.4065s
Epoch: 3 cost time: 56.868542432785034
Epoch: 3, Steps: 265 | Train Loss: 0.4524138 Vali Loss: 0.2341410 Test Loss: 0.3102569
Validation loss decreased (0.234455 --> 0.234141).  Saving model ...
Updating learning rate to 5.326492931874866e-06
	iters: 100, epoch: 4 | loss: 0.3537234
	speed: 0.4659s/iter; left time: 11930.9139s
	iters: 200, epoch: 4 | loss: 0.3904426
	speed: 0.2119s/iter; left time: 5404.2291s
Epoch: 4 cost time: 55.90418744087219
Epoch: 4, Steps: 265 | Train Loss: 0.4516338 Vali Loss: 0.2338044 Test Loss: 0.3098174
Validation loss decreased (0.234141 --> 0.233804).  Saving model ...
Updating learning rate to 6.349726889409005e-06
	iters: 100, epoch: 5 | loss: 0.4140642
	speed: 0.4559s/iter; left time: 11553.6404s
	iters: 200, epoch: 5 | loss: 0.4429161
	speed: 0.2082s/iter; left time: 5255.4742s
Epoch: 5 cost time: 55.18999481201172
Epoch: 5, Steps: 265 | Train Loss: 0.4504614 Vali Loss: 0.2334446 Test Loss: 0.3093347
Validation loss decreased (0.233804 --> 0.233445).  Saving model ...
Updating learning rate to 7.654463044738896e-06
	iters: 100, epoch: 6 | loss: 0.4251359
	speed: 0.4537s/iter; left time: 11377.7192s
	iters: 200, epoch: 6 | loss: 0.4380246
	speed: 0.2140s/iter; left time: 5345.6682s
Epoch: 6 cost time: 54.95137906074524
Epoch: 6, Steps: 265 | Train Loss: 0.4506997 Vali Loss: 0.2331761 Test Loss: 0.3087552
Validation loss decreased (0.233445 --> 0.233176).  Saving model ...
Updating learning rate to 9.232655748403029e-06
	iters: 100, epoch: 7 | loss: 0.3794619
	speed: 0.4462s/iter; left time: 11069.9574s
	iters: 200, epoch: 7 | loss: 0.2996399
	speed: 0.2104s/iter; left time: 5198.9600s
Epoch: 7 cost time: 53.97010660171509
Epoch: 7, Steps: 265 | Train Loss: 0.4496144 Vali Loss: 0.2325943 Test Loss: 0.3080744
Validation loss decreased (0.233176 --> 0.232594).  Saving model ...
Updating learning rate to 1.107457308240065e-05
	iters: 100, epoch: 8 | loss: 0.5412751
	speed: 0.4521s/iter; left time: 11098.0059s
	iters: 200, epoch: 8 | loss: 0.6772807
	speed: 0.2051s/iter; left time: 5014.0158s
Epoch: 8 cost time: 54.68719959259033
Epoch: 8, Steps: 265 | Train Loss: 0.4477904 Vali Loss: 0.2320391 Test Loss: 0.3072915
Validation loss decreased (0.232594 --> 0.232039).  Saving model ...
Updating learning rate to 1.3168856872018862e-05
	iters: 100, epoch: 9 | loss: 0.5906637
	speed: 0.4514s/iter; left time: 10959.2885s
	iters: 200, epoch: 9 | loss: 0.4285754
	speed: 0.2034s/iter; left time: 4918.0425s
Epoch: 9 cost time: 54.3385853767395
Epoch: 9, Steps: 265 | Train Loss: 0.4471834 Vali Loss: 0.2314761 Test Loss: 0.3064007
Validation loss decreased (0.232039 --> 0.231476).  Saving model ...
Updating learning rate to 1.550259272596464e-05
	iters: 100, epoch: 10 | loss: 0.3250310
	speed: 0.4462s/iter; left time: 10715.4691s
	iters: 200, epoch: 10 | loss: 0.3894973
	speed: 0.2023s/iter; left time: 4837.1725s
Epoch: 10 cost time: 53.323100090026855
Epoch: 10, Steps: 265 | Train Loss: 0.4445118 Vali Loss: 0.2303325 Test Loss: 0.3053991
Validation loss decreased (0.231476 --> 0.230333).  Saving model ...
Updating learning rate to 1.806138967289881e-05
	iters: 100, epoch: 11 | loss: 0.3513032
	speed: 0.4438s/iter; left time: 10541.0205s
	iters: 200, epoch: 11 | loss: 0.6851751
	speed: 0.1979s/iter; left time: 4679.6593s
Epoch: 11 cost time: 53.080347776412964
Epoch: 11, Steps: 265 | Train Loss: 0.4438858 Vali Loss: 0.2296268 Test Loss: 0.3042896
Validation loss decreased (0.230333 --> 0.229627).  Saving model ...
Updating learning rate to 2.0829468903294163e-05
	iters: 100, epoch: 12 | loss: 0.5810135
	speed: 0.4432s/iter; left time: 10408.4381s
	iters: 200, epoch: 12 | loss: 0.4754970
	speed: 0.1948s/iter; left time: 4556.4034s
Epoch: 12 cost time: 52.79755258560181
Epoch: 12, Steps: 265 | Train Loss: 0.4420078 Vali Loss: 0.2287935 Test Loss: 0.3030860
Validation loss decreased (0.229627 --> 0.228794).  Saving model ...
Updating learning rate to 2.3789761069391508e-05
	iters: 100, epoch: 13 | loss: 0.5189995
	speed: 0.4318s/iter; left time: 10026.6325s
	iters: 200, epoch: 13 | loss: 0.3848601
	speed: 0.2017s/iter; left time: 4663.9401s
Epoch: 13 cost time: 52.86343836784363
Epoch: 13, Steps: 265 | Train Loss: 0.4397747 Vali Loss: 0.2277990 Test Loss: 0.3017287
Validation loss decreased (0.228794 --> 0.227799).  Saving model ...
Updating learning rate to 2.692401154325343e-05
	iters: 100, epoch: 14 | loss: 0.4530658
	speed: 0.4348s/iter; left time: 9981.7117s
	iters: 200, epoch: 14 | loss: 0.3604545
	speed: 0.2021s/iter; left time: 4619.7141s
Epoch: 14 cost time: 51.458640575408936
Epoch: 14, Steps: 265 | Train Loss: 0.4379927 Vali Loss: 0.2267396 Test Loss: 0.3002356
Validation loss decreased (0.227799 --> 0.226740).  Saving model ...
Updating learning rate to 3.0212892983843068e-05
	iters: 100, epoch: 15 | loss: 0.6143895
	speed: 0.4336s/iter; left time: 9839.0097s
	iters: 200, epoch: 15 | loss: 0.4799047
	speed: 0.1992s/iter; left time: 4499.8860s
Epoch: 15 cost time: 52.38975644111633
Epoch: 15, Steps: 265 | Train Loss: 0.4355564 Vali Loss: 0.2254502 Test Loss: 0.2985602
Validation loss decreased (0.226740 --> 0.225450).  Saving model ...
Updating learning rate to 3.3636124518983084e-05
	iters: 100, epoch: 16 | loss: 0.3417535
	speed: 0.4245s/iter; left time: 9520.5216s
	iters: 200, epoch: 16 | loss: 0.4302753
	speed: 0.1929s/iter; left time: 4306.7386s
Epoch: 16 cost time: 51.51202964782715
Epoch: 16, Steps: 265 | Train Loss: 0.4314564 Vali Loss: 0.2236668 Test Loss: 0.2966948
Validation loss decreased (0.225450 --> 0.223667).  Saving model ...
Updating learning rate to 3.717259680726015e-05
	iters: 100, epoch: 17 | loss: 0.4689311
	speed: 0.4296s/iter; left time: 9521.0164s
	iters: 200, epoch: 17 | loss: 0.3566123
	speed: 0.1979s/iter; left time: 4366.3853s
Epoch: 17 cost time: 51.661274671554565
Epoch: 17, Steps: 265 | Train Loss: 0.4296715 Vali Loss: 0.2220001 Test Loss: 0.2946225
Validation loss decreased (0.223667 --> 0.222000).  Saving model ...
Updating learning rate to 4.080050220868085e-05
	iters: 100, epoch: 18 | loss: 0.4620322
	speed: 0.4327s/iter; left time: 9475.0293s
	iters: 200, epoch: 18 | loss: 0.5238714
	speed: 0.1824s/iter; left time: 3976.4612s
Epoch: 18 cost time: 51.41431474685669
Epoch: 18, Steps: 265 | Train Loss: 0.4263862 Vali Loss: 0.2201404 Test Loss: 0.2923001
Validation loss decreased (0.222000 --> 0.220140).  Saving model ...
Updating learning rate to 4.449746926138297e-05
	iters: 100, epoch: 19 | loss: 0.4561571
	speed: 0.4215s/iter; left time: 9118.2525s
	iters: 200, epoch: 19 | loss: 0.4454764
	speed: 0.2006s/iter; left time: 4319.8548s
Epoch: 19 cost time: 51.174174547195435
Epoch: 19, Steps: 265 | Train Loss: 0.4227905 Vali Loss: 0.2179652 Test Loss: 0.2898137
Validation loss decreased (0.220140 --> 0.217965).  Saving model ...
Updating learning rate to 4.824070063515135e-05
	iters: 100, epoch: 20 | loss: 0.2744572
	speed: 0.4246s/iter; left time: 9071.9898s
	iters: 200, epoch: 20 | loss: 0.5476397
	speed: 0.1939s/iter; left time: 4123.2842s
Epoch: 20 cost time: 50.19620442390442
Epoch: 20, Steps: 265 | Train Loss: 0.4186948 Vali Loss: 0.2156053 Test Loss: 0.2870530
Validation loss decreased (0.217965 --> 0.215605).  Saving model ...
Updating learning rate to 5.200711371104918e-05
	iters: 100, epoch: 21 | loss: 0.5808625
	speed: 0.4166s/iter; left time: 8789.6508s
	iters: 200, epoch: 21 | loss: 0.3563670
	speed: 0.1924s/iter; left time: 4041.2117s
Epoch: 21 cost time: 50.75425124168396
Epoch: 21, Steps: 265 | Train Loss: 0.4129503 Vali Loss: 0.2130612 Test Loss: 0.2841849
Validation loss decreased (0.215605 --> 0.213061).  Saving model ...
Updating learning rate to 5.577348292028073e-05
	iters: 100, epoch: 22 | loss: 0.4660292
	speed: 0.4228s/iter; left time: 8809.0111s
	iters: 200, epoch: 22 | loss: 0.3699936
	speed: 0.1931s/iter; left time: 4003.3082s
Epoch: 22 cost time: 50.499412059783936
Epoch: 22, Steps: 265 | Train Loss: 0.4092698 Vali Loss: 0.2103755 Test Loss: 0.2811837
Validation loss decreased (0.213061 --> 0.210375).  Saving model ...
Updating learning rate to 5.9516582964553954e-05
	iters: 100, epoch: 23 | loss: 0.4582761
	speed: 0.4192s/iter; left time: 8623.6288s
	iters: 200, epoch: 23 | loss: 0.3361243
	speed: 0.1897s/iter; left time: 3882.9361s
Epoch: 23 cost time: 50.33227062225342
Epoch: 23, Steps: 265 | Train Loss: 0.4036376 Vali Loss: 0.2079268 Test Loss: 0.2780888
Validation loss decreased (0.210375 --> 0.207927).  Saving model ...
Updating learning rate to 6.321333203477474e-05
	iters: 100, epoch: 24 | loss: 0.4170254
	speed: 0.4213s/iter; left time: 8554.6964s
	iters: 200, epoch: 24 | loss: 0.5409704
	speed: 0.1864s/iter; left time: 3766.6806s
Epoch: 24 cost time: 49.81584048271179
Epoch: 24, Steps: 265 | Train Loss: 0.3980728 Vali Loss: 0.2048889 Test Loss: 0.2748388
Validation loss decreased (0.207927 --> 0.204889).  Saving model ...
Updating learning rate to 6.684093414491588e-05
	iters: 100, epoch: 25 | loss: 0.3479995
	speed: 0.4184s/iter; left time: 8384.2059s
	iters: 200, epoch: 25 | loss: 0.4571715
	speed: 0.1965s/iter; left time: 3919.0497s
Epoch: 25 cost time: 50.25145077705383
Epoch: 25, Steps: 265 | Train Loss: 0.3930905 Vali Loss: 0.2022144 Test Loss: 0.2715954
Validation loss decreased (0.204889 --> 0.202214).  Saving model ...
Updating learning rate to 7.037701970335941e-05
	iters: 100, epoch: 26 | loss: 0.3113367
	speed: 0.4043s/iter; left time: 7994.5923s
	iters: 200, epoch: 26 | loss: 0.3083589
	speed: 0.1992s/iter; left time: 3919.2426s
Epoch: 26 cost time: 50.352394819259644
Epoch: 26, Steps: 265 | Train Loss: 0.3867527 Vali Loss: 0.1993261 Test Loss: 0.2682229
Validation loss decreased (0.202214 --> 0.199326).  Saving model ...
Updating learning rate to 7.379978345487968e-05
	iters: 100, epoch: 27 | loss: 0.2718755
	speed: 0.4144s/iter; left time: 8086.0457s
	iters: 200, epoch: 27 | loss: 0.3605469
	speed: 0.1904s/iter; left time: 3695.9817s
Epoch: 27 cost time: 50.44788646697998
Epoch: 27, Steps: 265 | Train Loss: 0.3813841 Vali Loss: 0.1966107 Test Loss: 0.2647967
Validation loss decreased (0.199326 --> 0.196611).  Saving model ...
Updating learning rate to 7.70881189426489e-05
	iters: 100, epoch: 28 | loss: 0.2999443
	speed: 0.4073s/iter; left time: 7839.3057s
	iters: 200, epoch: 28 | loss: 0.3343603
	speed: 0.1974s/iter; left time: 3779.2568s
Epoch: 28 cost time: 50.328673124313354
Epoch: 28, Steps: 265 | Train Loss: 0.3743876 Vali Loss: 0.1936613 Test Loss: 0.2611830
Validation loss decreased (0.196611 --> 0.193661).  Saving model ...
Updating learning rate to 8.022174866110521e-05
	iters: 100, epoch: 29 | loss: 0.4538054
	speed: 0.4141s/iter; left time: 7860.5936s
	iters: 200, epoch: 29 | loss: 0.3494360
	speed: 0.1911s/iter; left time: 3607.7172s
Epoch: 29 cost time: 51.057865381240845
Epoch: 29, Steps: 265 | Train Loss: 0.3675682 Vali Loss: 0.1909742 Test Loss: 0.2576483
Validation loss decreased (0.193661 --> 0.190974).  Saving model ...
Updating learning rate to 8.318134909709714e-05
	iters: 100, epoch: 30 | loss: 0.5108163
	speed: 0.4151s/iter; left time: 7768.4204s
	iters: 200, epoch: 30 | loss: 0.5887191
	speed: 0.1932s/iter; left time: 3596.5707s
Epoch: 30 cost time: 50.20568108558655
Epoch: 30, Steps: 265 | Train Loss: 0.3616256 Vali Loss: 0.1882631 Test Loss: 0.2541235
Validation loss decreased (0.190974 --> 0.188263).  Saving model ...
Updating learning rate to 8.594866988823775e-05
	iters: 100, epoch: 31 | loss: 0.4166224
	speed: 0.4087s/iter; left time: 7540.7376s
	iters: 200, epoch: 31 | loss: 0.3395148
	speed: 0.1870s/iter; left time: 3432.1883s
Epoch: 31 cost time: 49.4224591255188
Epoch: 31, Steps: 265 | Train Loss: 0.3543059 Vali Loss: 0.1856087 Test Loss: 0.2506918
Validation loss decreased (0.188263 --> 0.185609).  Saving model ...
Updating learning rate to 8.850664636367998e-05
	iters: 100, epoch: 32 | loss: 0.4445303
	speed: 0.4131s/iter; left time: 7513.3380s
	iters: 200, epoch: 32 | loss: 0.2505767
	speed: 0.1894s/iter; left time: 3425.8228s
Epoch: 32 cost time: 49.284353494644165
Epoch: 32, Steps: 265 | Train Loss: 0.3482594 Vali Loss: 0.1827724 Test Loss: 0.2472546
Validation loss decreased (0.185609 --> 0.182772).  Saving model ...
Updating learning rate to 9.083950477333033e-05
	iters: 100, epoch: 33 | loss: 0.3520635
	speed: 0.4101s/iter; left time: 7348.9858s
	iters: 200, epoch: 33 | loss: 0.2693146
	speed: 0.1909s/iter; left time: 3401.5629s
Epoch: 33 cost time: 49.72740364074707
Epoch: 33, Steps: 265 | Train Loss: 0.3415546 Vali Loss: 0.1800718 Test Loss: 0.2441154
Validation loss decreased (0.182772 --> 0.180072).  Saving model ...
Updating learning rate to 9.293285955660577e-05
	iters: 100, epoch: 34 | loss: 0.3365523
	speed: 0.4101s/iter; left time: 7240.6970s
	iters: 200, epoch: 34 | loss: 0.3656854
	speed: 0.1863s/iter; left time: 3270.2910s
Epoch: 34 cost time: 49.01500177383423
Epoch: 34, Steps: 265 | Train Loss: 0.3358019 Vali Loss: 0.1778553 Test Loss: 0.2411524
Validation loss decreased (0.180072 --> 0.177855).  Saving model ...
Updating learning rate to 9.477380205092656e-05
	iters: 100, epoch: 35 | loss: 0.3680567
	speed: 0.4015s/iter; left time: 6983.0549s
	iters: 200, epoch: 35 | loss: 0.2801841
	speed: 0.1895s/iter; left time: 3277.1252s
Epoch: 35 cost time: 48.5624213218689
Epoch: 35, Steps: 265 | Train Loss: 0.3300844 Vali Loss: 0.1755419 Test Loss: 0.2384693
Validation loss decreased (0.177855 --> 0.175542).  Saving model ...
Updating learning rate to 9.635098009292423e-05
	iters: 100, epoch: 36 | loss: 0.3260322
	speed: 0.3992s/iter; left time: 6836.4303s
	iters: 200, epoch: 36 | loss: 0.4005396
	speed: 0.1760s/iter; left time: 2996.0738s
Epoch: 36 cost time: 48.58228611946106
Epoch: 36, Steps: 265 | Train Loss: 0.3243952 Vali Loss: 0.1733518 Test Loss: 0.2358779
Validation loss decreased (0.175542 --> 0.173352).  Saving model ...
Updating learning rate to 9.765466802150444e-05
	iters: 100, epoch: 37 | loss: 0.3709507
	speed: 0.4262s/iter; left time: 7186.9168s
	iters: 200, epoch: 37 | loss: 0.2696294
	speed: 0.1787s/iter; left time: 2995.3210s
Epoch: 37 cost time: 47.14224600791931
Epoch: 37, Steps: 265 | Train Loss: 0.3192024 Vali Loss: 0.1716247 Test Loss: 0.2336568
Validation loss decreased (0.173352 --> 0.171625).  Saving model ...
Updating learning rate to 9.867682665109111e-05
	iters: 100, epoch: 38 | loss: 0.3069554
	speed: 0.4118s/iter; left time: 6834.9503s
	iters: 200, epoch: 38 | loss: 0.3243627
	speed: 0.1780s/iter; left time: 2935.4906s
Epoch: 38 cost time: 48.91132092475891
Epoch: 38, Steps: 265 | Train Loss: 0.3142678 Vali Loss: 0.1697287 Test Loss: 0.2318616
Validation loss decreased (0.171625 --> 0.169729).  Saving model ...
Updating learning rate to 9.941115284522702e-05
	iters: 100, epoch: 39 | loss: 0.2709817
	speed: 0.4162s/iter; left time: 6797.5448s
	iters: 200, epoch: 39 | loss: 0.3996459
	speed: 0.1851s/iter; left time: 3004.5794s
Epoch: 39 cost time: 50.386584758758545
Epoch: 39, Steps: 265 | Train Loss: 0.3099800 Vali Loss: 0.1683743 Test Loss: 0.2302493
Validation loss decreased (0.169729 --> 0.168374).  Saving model ...
Updating learning rate to 9.985311838483566e-05
	iters: 100, epoch: 40 | loss: 0.2453324
	speed: 0.4088s/iter; left time: 6567.9019s
	iters: 200, epoch: 40 | loss: 0.3280855
	speed: 0.1917s/iter; left time: 3061.1448s
Epoch: 40 cost time: 49.73949193954468
Epoch: 40, Steps: 265 | Train Loss: 0.3065376 Vali Loss: 0.1674184 Test Loss: 0.2288838
Validation loss decreased (0.168374 --> 0.167418).  Saving model ...
Updating learning rate to 9.99999990240136e-05
	iters: 100, epoch: 41 | loss: 0.3975627
	speed: 0.4252s/iter; left time: 6718.3768s
	iters: 200, epoch: 41 | loss: 0.3118280
	speed: 0.1985s/iter; left time: 3116.4289s
Epoch: 41 cost time: 53.03131031990051
Epoch: 41, Steps: 265 | Train Loss: 0.3026605 Vali Loss: 0.1665002 Test Loss: 0.2280234
Validation loss decreased (0.167418 --> 0.166500).  Saving model ...
Updating learning rate to 9.993095900070463e-05
	iters: 100, epoch: 42 | loss: 0.3023209
	speed: 0.4358s/iter; left time: 6771.3482s
	iters: 200, epoch: 42 | loss: 0.2035458
	speed: 0.2075s/iter; left time: 3203.5904s
Epoch: 42 cost time: 53.55992388725281
Epoch: 42, Steps: 265 | Train Loss: 0.2991565 Vali Loss: 0.1659784 Test Loss: 0.2270297
Validation loss decreased (0.166500 --> 0.165978).  Saving model ...
Updating learning rate to 9.972506223761924e-05
	iters: 100, epoch: 43 | loss: 0.2834145
	speed: 0.4567s/iter; left time: 6974.2566s
	iters: 200, epoch: 43 | loss: 0.2691079
	speed: 0.2193s/iter; left time: 3326.4337s
Epoch: 43 cost time: 56.40010643005371
Epoch: 43, Steps: 265 | Train Loss: 0.2967189 Vali Loss: 0.1652051 Test Loss: 0.2266074
Validation loss decreased (0.165978 --> 0.165205).  Saving model ...
Updating learning rate to 9.938287308347333e-05
	iters: 100, epoch: 44 | loss: 0.3197986
	speed: 0.4638s/iter; left time: 6960.3797s
	iters: 200, epoch: 44 | loss: 0.2739765
	speed: 0.2344s/iter; left time: 3494.4060s
Epoch: 44 cost time: 58.79537558555603
Epoch: 44, Steps: 265 | Train Loss: 0.2940412 Vali Loss: 0.1651359 Test Loss: 0.2260915
Validation loss decreased (0.165205 --> 0.165136).  Saving model ...
Updating learning rate to 9.890532945495314e-05
	iters: 100, epoch: 45 | loss: 0.3980529
	speed: 0.4938s/iter; left time: 7278.5811s
	iters: 200, epoch: 45 | loss: 0.2791164
	speed: 0.2179s/iter; left time: 3190.6937s
Epoch: 45 cost time: 58.21804118156433
Epoch: 45, Steps: 265 | Train Loss: 0.2916240 Vali Loss: 0.1647536 Test Loss: 0.2258758
Validation loss decreased (0.165136 --> 0.164754).  Saving model ...
Updating learning rate to 9.829374026595078e-05
	iters: 100, epoch: 46 | loss: 0.2787784
	speed: 0.4752s/iter; left time: 6879.2134s
	iters: 200, epoch: 46 | loss: 0.3283150
	speed: 0.2221s/iter; left time: 3192.4918s
Epoch: 46 cost time: 57.17870020866394
Epoch: 46, Steps: 265 | Train Loss: 0.2894467 Vali Loss: 0.1646739 Test Loss: 0.2258609
Validation loss decreased (0.164754 --> 0.164674).  Saving model ...
Updating learning rate to 9.754978183992228e-05
	iters: 100, epoch: 47 | loss: 0.3064231
	speed: 0.4619s/iter; left time: 6563.3629s
	iters: 200, epoch: 47 | loss: 0.2106532
	speed: 0.2064s/iter; left time: 2911.8246s
Epoch: 47 cost time: 55.141361951828
Epoch: 47, Steps: 265 | Train Loss: 0.2875362 Vali Loss: 0.1646343 Test Loss: 0.2254577
Validation loss decreased (0.164674 --> 0.164634).  Saving model ...
Updating learning rate to 9.667549331520148e-05
	iters: 100, epoch: 48 | loss: 0.2978184
	speed: 0.4552s/iter; left time: 6348.3825s
	iters: 200, epoch: 48 | loss: 0.2247071
	speed: 0.2049s/iter; left time: 2837.0835s
Epoch: 48 cost time: 54.12780809402466
Epoch: 48, Steps: 265 | Train Loss: 0.2853746 Vali Loss: 0.1650386 Test Loss: 0.2255118
EarlyStopping counter: 1 out of 20
Updating learning rate to 9.567327105586355e-05
	iters: 100, epoch: 49 | loss: 0.2332085
	speed: 0.4526s/iter; left time: 6192.0341s
	iters: 200, epoch: 49 | loss: 0.2914958
	speed: 0.2150s/iter; left time: 2919.9034s
Epoch: 49 cost time: 55.4832239151001
Epoch: 49, Steps: 265 | Train Loss: 0.2832343 Vali Loss: 0.1646387 Test Loss: 0.2259238
EarlyStopping counter: 2 out of 20
Updating learning rate to 9.454586208345774e-05
	iters: 100, epoch: 50 | loss: 0.2922771
	speed: 0.4571s/iter; left time: 6131.8123s
	iters: 200, epoch: 50 | loss: 0.3261936
	speed: 0.2173s/iter; left time: 2893.1471s
Epoch: 50 cost time: 55.60525870323181
Epoch: 50, Steps: 265 | Train Loss: 0.2812710 Vali Loss: 0.1655202 Test Loss: 0.2254315
EarlyStopping counter: 3 out of 20
Updating learning rate to 9.329635654761219e-05
	iters: 100, epoch: 51 | loss: 0.3414211
	speed: 0.4522s/iter; left time: 5947.4886s
	iters: 200, epoch: 51 | loss: 0.3960444
	speed: 0.1937s/iter; left time: 2527.9931s
Epoch: 51 cost time: 53.001863956451416
Epoch: 51, Steps: 265 | Train Loss: 0.2798555 Vali Loss: 0.1659037 Test Loss: 0.2260970
EarlyStopping counter: 4 out of 20
Updating learning rate to 9.192817925614859e-05
	iters: 100, epoch: 52 | loss: 0.2931065
	speed: 0.4419s/iter; left time: 5694.1319s
	iters: 200, epoch: 52 | loss: 0.2938159
	speed: 0.1975s/iter; left time: 2524.6447s
Epoch: 52 cost time: 52.45418572425842
Epoch: 52, Steps: 265 | Train Loss: 0.2775395 Vali Loss: 0.1657243 Test Loss: 0.2262595
EarlyStopping counter: 5 out of 20
Updating learning rate to 9.044508028792197e-05
	iters: 100, epoch: 53 | loss: 0.2225602
	speed: 0.4334s/iter; left time: 5469.3807s
	iters: 200, epoch: 53 | loss: 0.2293743
	speed: 0.1984s/iter; left time: 2484.5699s
Epoch: 53 cost time: 52.741692781448364
Epoch: 53, Steps: 265 | Train Loss: 0.2763352 Vali Loss: 0.1662541 Test Loss: 0.2263249
EarlyStopping counter: 6 out of 20
Updating learning rate to 8.885112471411532e-05
	iters: 100, epoch: 54 | loss: 0.3234747
	speed: 0.4386s/iter; left time: 5418.7892s
	iters: 200, epoch: 54 | loss: 0.2579929
	speed: 0.1989s/iter; left time: 2437.4244s
Epoch: 54 cost time: 52.37390637397766
Epoch: 54, Steps: 265 | Train Loss: 0.2739870 Vali Loss: 0.1663464 Test Loss: 0.2261643
EarlyStopping counter: 7 out of 20
Updating learning rate to 8.715068145616196e-05
	iters: 100, epoch: 55 | loss: 0.2539082
	speed: 0.4381s/iter; left time: 5296.7629s
	iters: 200, epoch: 55 | loss: 0.2267376
	speed: 0.1991s/iter; left time: 2386.9841s
Epoch: 55 cost time: 52.62485980987549
Epoch: 55, Steps: 265 | Train Loss: 0.2723335 Vali Loss: 0.1674375 Test Loss: 0.2270274
EarlyStopping counter: 8 out of 20
Updating learning rate to 8.534841131083555e-05
	iters: 100, epoch: 56 | loss: 0.2764053
	speed: 0.4222s/iter; left time: 4993.0959s
	iters: 200, epoch: 56 | loss: 0.3085751
	speed: 0.1949s/iter; left time: 2285.6858s
Epoch: 56 cost time: 51.94866991043091
Epoch: 56, Steps: 265 | Train Loss: 0.2707051 Vali Loss: 0.1673316 Test Loss: 0.2269282
EarlyStopping counter: 9 out of 20
Updating learning rate to 8.344925417533019e-05
	iters: 100, epoch: 57 | loss: 0.2798780
	speed: 0.4292s/iter; left time: 4961.6417s
	iters: 200, epoch: 57 | loss: 0.2666509
	speed: 0.2030s/iter; left time: 2326.2074s
Epoch: 57 cost time: 52.74149966239929
Epoch: 57, Steps: 265 | Train Loss: 0.2688690 Vali Loss: 0.1674202 Test Loss: 0.2273052
EarlyStopping counter: 10 out of 20
Updating learning rate to 8.14584155073455e-05
	iters: 100, epoch: 58 | loss: 0.2795743
	speed: 0.4339s/iter; left time: 4901.1878s
	iters: 200, epoch: 58 | loss: 0.2116253
	speed: 0.2006s/iter; left time: 2245.6852s
Epoch: 58 cost time: 52.43930959701538
Epoch: 58, Steps: 265 | Train Loss: 0.2672773 Vali Loss: 0.1676693 Test Loss: 0.2274267
EarlyStopping counter: 11 out of 20
Updating learning rate to 7.938135205728891e-05
	iters: 100, epoch: 59 | loss: 0.3056932
	speed: 0.4293s/iter; left time: 4735.2450s
	iters: 200, epoch: 59 | loss: 0.2443347
	speed: 0.1930s/iter; left time: 2109.7162s
Epoch: 59 cost time: 51.05946159362793
Epoch: 59, Steps: 265 | Train Loss: 0.2657898 Vali Loss: 0.1681319 Test Loss: 0.2278285
EarlyStopping counter: 12 out of 20
Updating learning rate to 7.722375691170215e-05
	iters: 100, epoch: 60 | loss: 0.2260918
	speed: 0.4132s/iter; left time: 4448.2026s
	iters: 200, epoch: 60 | loss: 0.2339344
	speed: 0.1921s/iter; left time: 2048.8535s
Epoch: 60 cost time: 50.650420904159546
Epoch: 60, Steps: 265 | Train Loss: 0.2645121 Vali Loss: 0.1685006 Test Loss: 0.2284976
EarlyStopping counter: 13 out of 20
Updating learning rate to 7.499154388890664e-05
	iters: 100, epoch: 61 | loss: 0.2623686
	speed: 0.4168s/iter; left time: 4377.2778s
	iters: 200, epoch: 61 | loss: 0.2390248
	speed: 0.1937s/iter; left time: 2014.4646s
Epoch: 61 cost time: 50.55961227416992
Epoch: 61, Steps: 265 | Train Loss: 0.2630697 Vali Loss: 0.1675065 Test Loss: 0.2285492
EarlyStopping counter: 14 out of 20
Updating learning rate to 7.269083132963864e-05
	iters: 100, epoch: 62 | loss: 0.2552357
	speed: 0.4198s/iter; left time: 4296.8227s
	iters: 200, epoch: 62 | loss: 0.2731210
	speed: 0.1917s/iter; left time: 1943.4678s
Epoch: 62 cost time: 50.65219187736511
Epoch: 62, Steps: 265 | Train Loss: 0.2620406 Vali Loss: 0.1687276 Test Loss: 0.2291536
EarlyStopping counter: 15 out of 20
Updating learning rate to 7.032792532710257e-05
	iters: 100, epoch: 63 | loss: 0.2630451
	speed: 0.4181s/iter; left time: 4168.3859s
	iters: 200, epoch: 63 | loss: 0.2664610
	speed: 0.1886s/iter; left time: 1862.1423s
Epoch: 63 cost time: 48.60301423072815
Epoch: 63, Steps: 265 | Train Loss: 0.2607850 Vali Loss: 0.1684905 Test Loss: 0.2288267
EarlyStopping counter: 16 out of 20
Updating learning rate to 6.790930244240778e-05
	iters: 100, epoch: 64 | loss: 0.2471464
	speed: 0.3956s/iter; left time: 3839.8424s
	iters: 200, epoch: 64 | loss: 0.2690056
	speed: 0.1777s/iter; left time: 1707.4283s
Epoch: 64 cost time: 47.434489250183105
Epoch: 64, Steps: 265 | Train Loss: 0.2596812 Vali Loss: 0.1681975 Test Loss: 0.2294604
EarlyStopping counter: 17 out of 20
Updating learning rate to 6.544159195276479e-05
	iters: 100, epoch: 65 | loss: 0.2591693
	speed: 0.3759s/iter; left time: 3548.6129s
	iters: 200, epoch: 65 | loss: 0.1913567
	speed: 0.1611s/iter; left time: 1505.1290s
Epoch: 65 cost time: 44.79333305358887
Epoch: 65, Steps: 265 | Train Loss: 0.2587468 Vali Loss: 0.1679810 Test Loss: 0.2291130
EarlyStopping counter: 18 out of 20
Updating learning rate to 6.293155768109725e-05
	iters: 100, epoch: 66 | loss: 0.2605262
	speed: 0.3638s/iter; left time: 3338.4253s
	iters: 200, epoch: 66 | loss: 0.2963147
	speed: 0.1647s/iter; left time: 1494.7524s
Epoch: 66 cost time: 42.69602394104004
Epoch: 66, Steps: 265 | Train Loss: 0.2572998 Vali Loss: 0.1682279 Test Loss: 0.2293756
EarlyStopping counter: 19 out of 20
Updating learning rate to 6.038607945687349e-05
	iters: 100, epoch: 67 | loss: 0.2147329
	speed: 0.3367s/iter; left time: 3000.2752s
	iters: 200, epoch: 67 | loss: 0.2487830
	speed: 0.1601s/iter; left time: 1411.0236s
Epoch: 67 cost time: 41.90391826629639
Epoch: 67, Steps: 265 | Train Loss: 0.2566692 Vali Loss: 0.1679921 Test Loss: 0.2294786
EarlyStopping counter: 20 out of 20
Early stopping
>>>>>>>testing : CMS_ettm2_336_192_PatchTST_ETTm2_ftM_sl336_ll48_pl192_dm128_nh16_el3_dl1_df256_fc1_ebtimeF_dtTrue_Exp_0<<<<<<<<<<<<<<<<<<<<<<<<<<<<<<<<<
test 11329
mse:0.22532868385314941, mae:0.29695484042167664, rse:0.38363367319107056
Args in experiment:
Namespace(random_seed=2021, is_training=1, model_id='CMS_ettm2_336_336', model='PatchTST', data='ETTm2', root_path='./dataset/', data_path='ETTm2.csv', features='M', target='OT', freq='h', checkpoints='./checkpoints/', seq_len=336, label_len=48, pred_len=336, head_type='cms', fc_dropout=0.2, head_dropout=0.0, patch_len=16, stride=8, padding_patch='end', revin=1, affine=0, subtract_last=0, decomposition=0, kernel_size=25, individual=0, embed_type=0, enc_in=7, dec_in=7, c_out=7, d_model=128, n_heads=16, e_layers=3, d_layers=1, d_ff=256, moving_avg=25, factor=1, distil=True, dropout=0.2, embed='timeF', activation='gelu', output_attention=False, do_predict=False, num_workers=0, itr=1, train_epochs=100, batch_size=128, patience=20, learning_rate=0.0001, des='Exp', loss='mse', lradj='TST', pct_start=0.4, use_amp=False, use_gpu=True, gpu=0, use_multi_gpu=False, devices='0,1,2,3', test_flop=False)
Use GPU: cuda:0
>>>>>>>start training : CMS_ettm2_336_336_PatchTST_ETTm2_ftM_sl336_ll48_pl336_dm128_nh16_el3_dl1_df256_fc1_ebtimeF_dtTrue_Exp_0>>>>>>>>>>>>>>>>>>>>>>>>>>
train 33889
val 11185
test 11185
	iters: 100, epoch: 1 | loss: 0.5476573
	speed: 0.0798s/iter; left time: 2098.0656s
	iters: 200, epoch: 1 | loss: 0.5568306
	speed: 0.0879s/iter; left time: 2302.7735s
Epoch: 1 cost time: 22.778565406799316
Epoch: 1, Steps: 264 | Train Loss: 0.5086609 Vali Loss: 0.2649436 Test Loss: 0.3465814
Validation loss decreased (inf --> 0.264944).  Saving model ...
Updating learning rate to 4.147995994617984e-06
	iters: 100, epoch: 2 | loss: 0.7510513
	speed: 0.2746s/iter; left time: 7149.4875s
	iters: 200, epoch: 2 | loss: 0.4507458
	speed: 0.1372s/iter; left time: 3558.3732s
Epoch: 2 cost time: 36.29090666770935
Epoch: 2, Steps: 264 | Train Loss: 0.5085734 Vali Loss: 0.2646736 Test Loss: 0.3463146
Validation loss decreased (0.264944 --> 0.264674).  Saving model ...
Updating learning rate to 4.591071361204269e-06
	iters: 100, epoch: 3 | loss: 0.6887316
	speed: 0.3222s/iter; left time: 8303.1452s
	iters: 200, epoch: 3 | loss: 0.6160840
	speed: 0.1538s/iter; left time: 3948.2823s
Epoch: 3 cost time: 41.21204948425293
Epoch: 3, Steps: 264 | Train Loss: 0.5084397 Vali Loss: 0.2645262 Test Loss: 0.3460262
Validation loss decreased (0.264674 --> 0.264526).  Saving model ...
Updating learning rate to 5.3264938756102174e-06
	iters: 100, epoch: 4 | loss: 0.3490553
	speed: 0.3429s/iter; left time: 8747.9372s
	iters: 200, epoch: 4 | loss: 0.6056218
	speed: 0.1562s/iter; left time: 3969.3732s
Epoch: 4 cost time: 42.31157565116882
Epoch: 4, Steps: 264 | Train Loss: 0.5076741 Vali Loss: 0.2642496 Test Loss: 0.3457031
Validation loss decreased (0.264526 --> 0.264250).  Saving model ...
Updating learning rate to 6.349728555065631e-06
	iters: 100, epoch: 5 | loss: 0.5410499
	speed: 0.3595s/iter; left time: 9075.5812s
	iters: 200, epoch: 5 | loss: 0.4543326
	speed: 0.1662s/iter; left time: 4179.9145s
Epoch: 5 cost time: 43.58885645866394
Epoch: 5, Steps: 264 | Train Loss: 0.5074738 Vali Loss: 0.2639495 Test Loss: 0.3453331
Validation loss decreased (0.264250 --> 0.263950).  Saving model ...
Updating learning rate to 7.654465623149092e-06
	iters: 100, epoch: 6 | loss: 0.3446848
	speed: 0.3723s/iter; left time: 9300.5242s
	iters: 200, epoch: 6 | loss: 0.4270562
	speed: 0.1711s/iter; left time: 4258.1732s
Epoch: 6 cost time: 44.80185031890869
Epoch: 6, Steps: 264 | Train Loss: 0.5067020 Vali Loss: 0.2635912 Test Loss: 0.3448870
Validation loss decreased (0.263950 --> 0.263591).  Saving model ...
Updating learning rate to 9.232659419022894e-06
	iters: 100, epoch: 7 | loss: 0.4780576
	speed: 0.3784s/iter; left time: 9353.8245s
	iters: 200, epoch: 7 | loss: 0.5559738
	speed: 0.1739s/iter; left time: 4280.5213s
Epoch: 7 cost time: 46.38118243217468
Epoch: 7, Steps: 264 | Train Loss: 0.5061767 Vali Loss: 0.2632294 Test Loss: 0.3443909
Validation loss decreased (0.263591 --> 0.263229).  Saving model ...
Updating learning rate to 1.1074578010998666e-05
	iters: 100, epoch: 8 | loss: 0.3859812
	speed: 0.3812s/iter; left time: 9320.2905s
	iters: 200, epoch: 8 | loss: 0.6322693
	speed: 0.1861s/iter; left time: 4532.0789s
Epoch: 8 cost time: 47.17320728302002
Epoch: 8, Steps: 264 | Train Loss: 0.5055173 Vali Loss: 0.2630828 Test Loss: 0.3438421
Validation loss decreased (0.263229 --> 0.263083).  Saving model ...
Updating learning rate to 1.3168863208492038e-05
	iters: 100, epoch: 9 | loss: 0.4571615
	speed: 0.3878s/iter; left time: 9380.4683s
	iters: 200, epoch: 9 | loss: 0.3696801
	speed: 0.1753s/iter; left time: 4222.4797s
Epoch: 9 cost time: 47.977954387664795
Epoch: 9, Steps: 264 | Train Loss: 0.5034106 Vali Loss: 0.2622934 Test Loss: 0.3432006
Validation loss decreased (0.263083 --> 0.262293).  Saving model ...
Updating learning rate to 1.5502600602302323e-05
	iters: 100, epoch: 10 | loss: 0.4522758
	speed: 0.3982s/iter; left time: 9526.8255s
	iters: 200, epoch: 10 | loss: 0.5065534
	speed: 0.1864s/iter; left time: 4441.9273s
Epoch: 10 cost time: 48.198195695877075
Epoch: 10, Steps: 264 | Train Loss: 0.5033954 Vali Loss: 0.2617739 Test Loss: 0.3424992
Validation loss decreased (0.262293 --> 0.261774).  Saving model ...
Updating learning rate to 1.8061399201313948e-05
	iters: 100, epoch: 11 | loss: 0.4535061
	speed: 0.3945s/iter; left time: 9333.3495s
	iters: 200, epoch: 11 | loss: 0.6875879
	speed: 0.1843s/iter; left time: 4342.1811s
Epoch: 11 cost time: 48.77158069610596
Epoch: 11, Steps: 264 | Train Loss: 0.5021961 Vali Loss: 0.2611944 Test Loss: 0.3417348
Validation loss decreased (0.261774 --> 0.261194).  Saving model ...
Updating learning rate to 2.08294801745399e-05
	iters: 100, epoch: 12 | loss: 0.3536317
	speed: 0.4008s/iter; left time: 9378.5463s
	iters: 200, epoch: 12 | loss: 0.3307940
	speed: 0.1844s/iter; left time: 4295.5420s
Epoch: 12 cost time: 49.63360905647278
Epoch: 12, Steps: 264 | Train Loss: 0.5013302 Vali Loss: 0.2607208 Test Loss: 0.3409097
Validation loss decreased (0.261194 --> 0.260721).  Saving model ...
Updating learning rate to 2.378977415127951e-05
	iters: 100, epoch: 13 | loss: 0.3371575
	speed: 0.4018s/iter; left time: 9295.3970s
	iters: 200, epoch: 13 | loss: 0.5482605
	speed: 0.1890s/iter; left time: 4352.4711s
Epoch: 13 cost time: 48.313743114471436
Epoch: 13, Steps: 264 | Train Loss: 0.4997787 Vali Loss: 0.2601112 Test Loss: 0.3400185
Validation loss decreased (0.260721 --> 0.260111).  Saving model ...
Updating learning rate to 2.6924026479389104e-05
	iters: 100, epoch: 14 | loss: 0.5137209
	speed: 0.4207s/iter; left time: 9620.7088s
	iters: 200, epoch: 14 | loss: 0.4195664
	speed: 0.1871s/iter; left time: 4261.1649s
Epoch: 14 cost time: 47.44573092460632
Epoch: 14, Steps: 264 | Train Loss: 0.4985812 Vali Loss: 0.2593285 Test Loss: 0.3390538
Validation loss decreased (0.260111 --> 0.259329).  Saving model ...
Updating learning rate to 3.0212909792590238e-05
	iters: 100, epoch: 15 | loss: 0.3283557
	speed: 0.3996s/iter; left time: 9032.1520s
	iters: 200, epoch: 15 | loss: 0.5007074
	speed: 0.1890s/iter; left time: 4253.2950s
Epoch: 15 cost time: 49.120957136154175
Epoch: 15, Steps: 264 | Train Loss: 0.4971563 Vali Loss: 0.2586372 Test Loss: 0.3379979
Validation loss decreased (0.259329 --> 0.258637).  Saving model ...
Updating learning rate to 3.363614319266957e-05
	iters: 100, epoch: 16 | loss: 0.4927354
	speed: 0.4002s/iter; left time: 8941.3512s
	iters: 200, epoch: 16 | loss: 0.5826380
	speed: 0.1888s/iter; left time: 4199.3398s
Epoch: 16 cost time: 49.47478890419006
Epoch: 16, Steps: 264 | Train Loss: 0.4947830 Vali Loss: 0.2575928 Test Loss: 0.3368372
Validation loss decreased (0.258637 --> 0.257593).  Saving model ...
Updating learning rate to 3.7172617311633196e-05
	iters: 100, epoch: 17 | loss: 0.4185890
	speed: 0.4059s/iter; left time: 8961.9809s
	iters: 200, epoch: 17 | loss: 0.4082164
	speed: 0.1889s/iter; left time: 4151.8192s
Epoch: 17 cost time: 49.138628005981445
Epoch: 17, Steps: 264 | Train Loss: 0.4935611 Vali Loss: 0.2564555 Test Loss: 0.3355891
Validation loss decreased (0.257593 --> 0.256456).  Saving model ...
Updating learning rate to 4.0800524482619576e-05
	iters: 100, epoch: 18 | loss: 0.5339612
	speed: 0.4014s/iter; left time: 8755.0758s
	iters: 200, epoch: 18 | loss: 0.5127163
	speed: 0.1915s/iter; left time: 4157.1801s
Epoch: 18 cost time: 49.14676856994629
Epoch: 18, Steps: 264 | Train Loss: 0.4914518 Vali Loss: 0.2557880 Test Loss: 0.3342232
Validation loss decreased (0.256456 --> 0.255788).  Saving model ...
Updating learning rate to 4.449749321687241e-05
	iters: 100, epoch: 19 | loss: 0.4262602
	speed: 0.4000s/iter; left time: 8618.7530s
	iters: 200, epoch: 19 | loss: 0.3642519
	speed: 0.1885s/iter; left time: 4042.5398s
Epoch: 19 cost time: 49.17491793632507
Epoch: 19, Steps: 264 | Train Loss: 0.4898326 Vali Loss: 0.2545525 Test Loss: 0.3327676
Validation loss decreased (0.255788 --> 0.254553).  Saving model ...
Updating learning rate to 4.824072615752094e-05
	iters: 100, epoch: 20 | loss: 0.5677373
	speed: 0.4095s/iter; left time: 8715.6148s
	iters: 200, epoch: 20 | loss: 0.5484316
	speed: 0.1928s/iter; left time: 4083.8965s
Epoch: 20 cost time: 50.03541302680969
Epoch: 20, Steps: 264 | Train Loss: 0.4872242 Vali Loss: 0.2531541 Test Loss: 0.3312438
Validation loss decreased (0.254553 --> 0.253154).  Saving model ...
Updating learning rate to 5.200714065947608e-05
	iters: 100, epoch: 21 | loss: 0.4020835
	speed: 0.4161s/iter; left time: 8746.3347s
	iters: 200, epoch: 21 | loss: 0.4096454
	speed: 0.1994s/iter; left time: 4170.9845s
Epoch: 21 cost time: 51.28769588470459
Epoch: 21, Steps: 264 | Train Loss: 0.4848160 Vali Loss: 0.2521151 Test Loss: 0.3296443
Validation loss decreased (0.253154 --> 0.252115).  Saving model ...
Updating learning rate to 5.577351112855618e-05
	iters: 100, epoch: 22 | loss: 0.4721561
	speed: 0.4309s/iter; left time: 8944.1021s
	iters: 200, epoch: 22 | loss: 0.3872557
	speed: 0.1988s/iter; left time: 4106.9765s
Epoch: 22 cost time: 53.56519436836243
Epoch: 22, Steps: 264 | Train Loss: 0.4824943 Vali Loss: 0.2505585 Test Loss: 0.3280323
Validation loss decreased (0.252115 --> 0.250558).  Saving model ...
Updating learning rate to 5.951661224210828e-05
	iters: 100, epoch: 23 | loss: 0.5174286
	speed: 0.4494s/iter; left time: 9208.7420s
	iters: 200, epoch: 23 | loss: 0.3980388
	speed: 0.2089s/iter; left time: 4259.4985s
Epoch: 23 cost time: 55.17460608482361
Epoch: 23, Steps: 264 | Train Loss: 0.4791178 Vali Loss: 0.2492687 Test Loss: 0.3264047
Validation loss decreased (0.250558 --> 0.249269).  Saving model ...
Updating learning rate to 6.321336216795497e-05
	iters: 100, epoch: 24 | loss: 0.6108454
	speed: 0.4707s/iter; left time: 9521.6933s
	iters: 200, epoch: 24 | loss: 0.5221615
	speed: 0.2200s/iter; left time: 4428.0761s
Epoch: 24 cost time: 57.579524517059326
Epoch: 24, Steps: 264 | Train Loss: 0.4766462 Vali Loss: 0.2479026 Test Loss: 0.3247614
Validation loss decreased (0.249269 --> 0.247903).  Saving model ...
Updating learning rate to 6.684096489850761e-05
	iters: 100, epoch: 25 | loss: 0.3312740
	speed: 0.5065s/iter; left time: 10113.0617s
	iters: 200, epoch: 25 | loss: 0.4566352
	speed: 0.2315s/iter; left time: 4599.6204s
Epoch: 25 cost time: 58.842958211898804
Epoch: 25, Steps: 264 | Train Loss: 0.4736634 Vali Loss: 0.2462499 Test Loss: 0.3230794
Validation loss decreased (0.247903 --> 0.246250).  Saving model ...
Updating learning rate to 7.03770508223417e-05
	iters: 100, epoch: 26 | loss: 0.4024900
	speed: 0.5031s/iter; left time: 9910.7439s
	iters: 200, epoch: 26 | loss: 0.4580351
	speed: 0.2410s/iter; left time: 4724.4248s
Epoch: 26 cost time: 63.86921262741089
Epoch: 26, Steps: 264 | Train Loss: 0.4711854 Vali Loss: 0.2449173 Test Loss: 0.3213108
Validation loss decreased (0.246250 --> 0.244917).  Saving model ...
Updating learning rate to 7.379981466640088e-05
	iters: 100, epoch: 27 | loss: 0.3791825
	speed: 0.5411s/iter; left time: 10517.5549s
	iters: 200, epoch: 27 | loss: 0.5867959
	speed: 0.2457s/iter; left time: 4751.3549s
Epoch: 27 cost time: 66.35255789756775
Epoch: 27, Steps: 264 | Train Loss: 0.4676065 Vali Loss: 0.2434137 Test Loss: 0.3194715
Validation loss decreased (0.244917 --> 0.243414).  Saving model ...
Updating learning rate to 7.708814995820833e-05
	iters: 100, epoch: 28 | loss: 0.3920586
	speed: 0.5628s/iter; left time: 10790.7787s
	iters: 200, epoch: 28 | loss: 0.5090149
	speed: 0.2629s/iter; left time: 5014.9539s
Epoch: 28 cost time: 68.86573600769043
Epoch: 28, Steps: 264 | Train Loss: 0.4644507 Vali Loss: 0.2418371 Test Loss: 0.3176417
Validation loss decreased (0.243414 --> 0.241837).  Saving model ...
Updating learning rate to 8.022177917892456e-05
	iters: 100, epoch: 29 | loss: 0.4587448
	speed: 0.5929s/iter; left time: 11210.2604s
	iters: 200, epoch: 29 | loss: 0.4597158
	speed: 0.2704s/iter; left time: 5085.7269s
Epoch: 29 cost time: 71.91724491119385
Epoch: 29, Steps: 264 | Train Loss: 0.4606095 Vali Loss: 0.2404541 Test Loss: 0.3157422
Validation loss decreased (0.241837 --> 0.240454).  Saving model ...
Updating learning rate to 8.318137880466269e-05
	iters: 100, epoch: 30 | loss: 0.5671205
	speed: 0.6153s/iter; left time: 11471.6382s
	iters: 200, epoch: 30 | loss: 0.3694728
	speed: 0.2820s/iter; left time: 5230.1609s
Epoch: 30 cost time: 73.76910829544067
Epoch: 30, Steps: 264 | Train Loss: 0.4578963 Vali Loss: 0.2386617 Test Loss: 0.3137490
Validation loss decreased (0.240454 --> 0.238662).  Saving model ...
Updating learning rate to 8.594869846499432e-05
	iters: 100, epoch: 31 | loss: 0.6051407
	speed: 0.6170s/iter; left time: 11340.6273s
	iters: 200, epoch: 31 | loss: 0.4009265
	speed: 0.2791s/iter; left time: 5102.6728s
Epoch: 31 cost time: 74.0304491519928
Epoch: 31, Steps: 264 | Train Loss: 0.4537320 Vali Loss: 0.2370967 Test Loss: 0.3117619
Validation loss decreased (0.238662 --> 0.237097).  Saving model ...
Updating learning rate to 8.85066734838546e-05
	iters: 100, epoch: 32 | loss: 0.3837661
	speed: 0.6002s/iter; left time: 10873.0178s
	iters: 200, epoch: 32 | loss: 0.4804132
	speed: 0.2704s/iter; left time: 4872.5230s
Epoch: 32 cost time: 70.16060304641724
Epoch: 32, Steps: 264 | Train Loss: 0.4502920 Vali Loss: 0.2354486 Test Loss: 0.3097073
Validation loss decreased (0.237097 --> 0.235449).  Saving model ...
Updating learning rate to 9.083953010886336e-05
	iters: 100, epoch: 33 | loss: 0.4333992
	speed: 0.5656s/iter; left time: 10097.9482s
	iters: 200, epoch: 33 | loss: 0.7287370
	speed: 0.2537s/iter; left time: 4503.4269s
Epoch: 33 cost time: 67.17921543121338
Epoch: 33, Steps: 264 | Train Loss: 0.4468158 Vali Loss: 0.2335310 Test Loss: 0.3076597
Validation loss decreased (0.235449 --> 0.233531).  Saving model ...
Updating learning rate to 9.29328827801656e-05
	iters: 100, epoch: 34 | loss: 0.4395870
	speed: 0.5569s/iter; left time: 9795.6890s
	iters: 200, epoch: 34 | loss: 0.5130913
	speed: 0.2417s/iter; left time: 4227.4193s
Epoch: 34 cost time: 65.8113477230072
Epoch: 34, Steps: 264 | Train Loss: 0.4429654 Vali Loss: 0.2319344 Test Loss: 0.3055901
Validation loss decreased (0.233531 --> 0.231934).  Saving model ...
Updating learning rate to 9.477382283898318e-05
	iters: 100, epoch: 35 | loss: 0.3623820
	speed: 0.5222s/iter; left time: 9047.6662s
	iters: 200, epoch: 35 | loss: 0.3360675
	speed: 0.2421s/iter; left time: 4170.7042s
Epoch: 35 cost time: 61.715172290802
Epoch: 35, Steps: 264 | Train Loss: 0.4385788 Vali Loss: 0.2301107 Test Loss: 0.3035619
Validation loss decreased (0.231934 --> 0.230111).  Saving model ...
Updating learning rate to 9.635099812885627e-05
	iters: 100, epoch: 36 | loss: 0.3719618
	speed: 0.5021s/iter; left time: 8566.4246s
	iters: 200, epoch: 36 | loss: 0.4066033
	speed: 0.2345s/iter; left time: 3976.9206s
Epoch: 36 cost time: 60.48912167549133
Epoch: 36, Steps: 264 | Train Loss: 0.4347806 Vali Loss: 0.2285750 Test Loss: 0.3014472
Validation loss decreased (0.230111 --> 0.228575).  Saving model ...
Updating learning rate to 9.765468299871352e-05
	iters: 100, epoch: 37 | loss: 0.4133847
	speed: 0.4909s/iter; left time: 8245.7129s
	iters: 200, epoch: 37 | loss: 0.3279127
	speed: 0.2238s/iter; left time: 3736.4957s
Epoch: 37 cost time: 58.21412372589111
Epoch: 37, Steps: 264 | Train Loss: 0.4307382 Vali Loss: 0.2267224 Test Loss: 0.2994499
Validation loss decreased (0.228575 --> 0.226722).  Saving model ...
Updating learning rate to 9.86768382760973e-05
	iters: 100, epoch: 38 | loss: 0.4535978
	speed: 0.4793s/iter; left time: 7924.1485s
	iters: 200, epoch: 38 | loss: 0.5922191
	speed: 0.2234s/iter; left time: 3671.0726s
Epoch: 38 cost time: 57.70153045654297
Epoch: 38, Steps: 264 | Train Loss: 0.4264012 Vali Loss: 0.2252028 Test Loss: 0.2975547
Validation loss decreased (0.226722 --> 0.225203).  Saving model ...
Updating learning rate to 9.941116084071886e-05
	iters: 100, epoch: 39 | loss: 0.2876883
	speed: 0.4626s/iter; left time: 7525.9588s
	iters: 200, epoch: 39 | loss: 0.3051328
	speed: 0.2273s/iter; left time: 3675.2283s
Epoch: 39 cost time: 56.718897342681885
Epoch: 39, Steps: 264 | Train Loss: 0.4230011 Vali Loss: 0.2237348 Test Loss: 0.2956507
Validation loss decreased (0.225203 --> 0.223735).  Saving model ...
Updating learning rate to 9.985312249264813e-05
	iters: 100, epoch: 40 | loss: 0.3188642
	speed: 0.4596s/iter; left time: 7355.7298s
	iters: 200, epoch: 40 | loss: 0.5379013
	speed: 0.2091s/iter; left time: 3325.8823s
Epoch: 40 cost time: 55.83318209648132
Epoch: 40, Steps: 264 | Train Loss: 0.4186468 Vali Loss: 0.2222176 Test Loss: 0.2938356
Validation loss decreased (0.223735 --> 0.222218).  Saving model ...
Updating learning rate to 9.999999901660576e-05
	iters: 100, epoch: 41 | loss: 0.4497010
	speed: 0.4654s/iter; left time: 7326.1180s
	iters: 200, epoch: 41 | loss: 0.4888771
	speed: 0.2058s/iter; left time: 3218.1909s
Epoch: 41 cost time: 54.868796586990356
Epoch: 41, Steps: 264 | Train Loss: 0.4144657 Vali Loss: 0.2210080 Test Loss: 0.2920666
Validation loss decreased (0.222218 --> 0.221008).  Saving model ...
Updating learning rate to 9.99309570348355e-05
	iters: 100, epoch: 42 | loss: 0.3709090
	speed: 0.4533s/iter; left time: 7015.7438s
	iters: 200, epoch: 42 | loss: 0.4950598
	speed: 0.2020s/iter; left time: 3106.6705s
Epoch: 42 cost time: 54.948413372039795
Epoch: 42, Steps: 264 | Train Loss: 0.4104340 Vali Loss: 0.2198451 Test Loss: 0.2903719
Validation loss decreased (0.221008 --> 0.219845).  Saving model ...
Updating learning rate to 9.972505831867712e-05
	iters: 100, epoch: 43 | loss: 0.4141569
	speed: 0.4537s/iter; left time: 6902.3411s
	iters: 200, epoch: 43 | loss: 0.6173792
	speed: 0.2104s/iter; left time: 3179.4880s
Epoch: 43 cost time: 54.51253581047058
Epoch: 43, Steps: 264 | Train Loss: 0.4063518 Vali Loss: 0.2184739 Test Loss: 0.2889791
Validation loss decreased (0.219845 --> 0.218474).  Saving model ...
Updating learning rate to 9.938286722219978e-05
	iters: 100, epoch: 44 | loss: 0.3084160
	speed: 0.4363s/iter; left time: 6522.9865s
	iters: 200, epoch: 44 | loss: 0.4923984
	speed: 0.1984s/iter; left time: 2946.5950s
Epoch: 44 cost time: 53.30402064323425
Epoch: 44, Steps: 264 | Train Loss: 0.4030044 Vali Loss: 0.2177936 Test Loss: 0.2873892
Validation loss decreased (0.218474 --> 0.217794).  Saving model ...
Updating learning rate to 9.890532166741349e-05
	iters: 100, epoch: 45 | loss: 0.4456792
	speed: 0.4454s/iter; left time: 6540.1997s
	iters: 200, epoch: 45 | loss: 0.3834725
	speed: 0.2044s/iter; left time: 2981.6168s
Epoch: 45 cost time: 53.70455813407898
Epoch: 45, Steps: 264 | Train Loss: 0.3982903 Vali Loss: 0.2172327 Test Loss: 0.2862968
Validation loss decreased (0.217794 --> 0.217233).  Saving model ...
Updating learning rate to 9.829373057349015e-05
	iters: 100, epoch: 46 | loss: 0.3283383
	speed: 0.4422s/iter; left time: 6377.4904s
	iters: 200, epoch: 46 | loss: 0.3444681
	speed: 0.1934s/iter; left time: 2770.2569s
Epoch: 46 cost time: 52.66931438446045
Epoch: 46, Steps: 264 | Train Loss: 0.3947938 Vali Loss: 0.2159825 Test Loss: 0.2853745
Validation loss decreased (0.217233 --> 0.215983).  Saving model ...
Updating learning rate to 9.754977026910703e-05
	iters: 100, epoch: 47 | loss: 0.4902216
	speed: 0.4317s/iter; left time: 6111.0964s
	iters: 200, epoch: 47 | loss: 0.4132580
	speed: 0.1964s/iter; left time: 2761.1381s
Epoch: 47 cost time: 52.86696481704712
Epoch: 47, Steps: 264 | Train Loss: 0.3903663 Vali Loss: 0.2153375 Test Loss: 0.2845693
Validation loss decreased (0.215983 --> 0.215337).  Saving model ...
Updating learning rate to 9.66754798977464e-05
	iters: 100, epoch: 48 | loss: 0.3085047
	speed: 0.4356s/iter; left time: 6051.8872s
	iters: 200, epoch: 48 | loss: 0.4293294
	speed: 0.1948s/iter; left time: 2686.3622s
Epoch: 48 cost time: 52.524675607681274
Epoch: 48, Steps: 264 | Train Loss: 0.3870749 Vali Loss: 0.2150033 Test Loss: 0.2838068
Validation loss decreased (0.215337 --> 0.215003).  Saving model ...
Updating learning rate to 9.567325582854496e-05
	iters: 100, epoch: 49 | loss: 0.4545777
	speed: 0.4266s/iter; left time: 5814.1484s
	iters: 200, epoch: 49 | loss: 0.3704976
	speed: 0.1977s/iter; left time: 2674.8630s
Epoch: 49 cost time: 51.56709885597229
Epoch: 49, Steps: 264 | Train Loss: 0.3832499 Vali Loss: 0.2146068 Test Loss: 0.2831163
Validation loss decreased (0.215003 --> 0.214607).  Saving model ...
Updating learning rate to 9.454584508801265e-05
	iters: 100, epoch: 50 | loss: 0.3336546
	speed: 0.4229s/iter; left time: 5652.7190s
	iters: 200, epoch: 50 | loss: 0.3869600
	speed: 0.1895s/iter; left time: 2514.2990s
Epoch: 50 cost time: 52.019202709198
Epoch: 50, Steps: 264 | Train Loss: 0.3796728 Vali Loss: 0.2144129 Test Loss: 0.2828365
Validation loss decreased (0.214607 --> 0.214413).  Saving model ...
Updating learning rate to 9.329633783062396e-05
	iters: 100, epoch: 51 | loss: 0.3722772
	speed: 0.4247s/iter; left time: 5563.3603s
	iters: 200, epoch: 51 | loss: 0.3376696
	speed: 0.1924s/iter; left time: 2502.0290s
Epoch: 51 cost time: 51.73078417778015
Epoch: 51, Steps: 264 | Train Loss: 0.3759032 Vali Loss: 0.2146191 Test Loss: 0.2821706
EarlyStopping counter: 1 out of 20
Updating learning rate to 9.192815886891915e-05
	iters: 100, epoch: 52 | loss: 0.3000978
	speed: 0.4226s/iter; left time: 5425.5492s
	iters: 200, epoch: 52 | loss: 0.3683214
	speed: 0.1939s/iter; left time: 2469.7331s
Epoch: 52 cost time: 50.98550581932068
Epoch: 52, Steps: 264 | Train Loss: 0.3730291 Vali Loss: 0.2143396 Test Loss: 0.2819324
Validation loss decreased (0.214413 --> 0.214340).  Saving model ...
Updating learning rate to 9.044505828633132e-05
	iters: 100, epoch: 53 | loss: 0.4032676
	speed: 0.4149s/iter; left time: 5216.3072s
	iters: 200, epoch: 53 | loss: 0.5617316
	speed: 0.1980s/iter; left time: 2470.1771s
Epoch: 53 cost time: 50.16792678833008
Epoch: 53, Steps: 264 | Train Loss: 0.3691510 Vali Loss: 0.2138429 Test Loss: 0.2816391
Validation loss decreased (0.214340 --> 0.213843).  Saving model ...
Updating learning rate to 8.88511011584683e-05
	iters: 100, epoch: 54 | loss: 0.3384931
	speed: 0.4253s/iter; left time: 5234.9130s
	iters: 200, epoch: 54 | loss: 0.3851289
	speed: 0.1901s/iter; left time: 2321.4335s
Epoch: 54 cost time: 51.063809633255005
Epoch: 54, Steps: 264 | Train Loss: 0.3661687 Vali Loss: 0.2145276 Test Loss: 0.2809227
EarlyStopping counter: 1 out of 20
Updating learning rate to 8.715065641102294e-05
	iters: 100, epoch: 55 | loss: 0.2942062
	speed: 0.4163s/iter; left time: 5014.2099s
	iters: 200, epoch: 55 | loss: 0.4210433
	speed: 0.1952s/iter; left time: 2331.3070s
Epoch: 55 cost time: 50.346121072769165
Epoch: 55, Steps: 264 | Train Loss: 0.3623348 Vali Loss: 0.2130144 Test Loss: 0.2808674
Validation loss decreased (0.213843 --> 0.213014).  Saving model ...
Updating learning rate to 8.534838484485153e-05
	iters: 100, epoch: 56 | loss: 0.2857140
	speed: 0.4072s/iter; left time: 4796.8581s
	iters: 200, epoch: 56 | loss: 0.3120986
	speed: 0.1888s/iter; left time: 2205.8198s
Epoch: 56 cost time: 50.47803854942322
Epoch: 56, Steps: 264 | Train Loss: 0.3591503 Vali Loss: 0.2132678 Test Loss: 0.2799232
EarlyStopping counter: 1 out of 20
Updating learning rate to 8.344922636104257e-05
	iters: 100, epoch: 57 | loss: 0.3315594
	speed: 0.4082s/iter; left time: 4701.6055s
	iters: 200, epoch: 57 | loss: 0.4279853
	speed: 0.1905s/iter; left time: 2175.0557s
Epoch: 57 cost time: 49.24630355834961
Epoch: 57, Steps: 264 | Train Loss: 0.3560439 Vali Loss: 0.2133246 Test Loss: 0.2792832
EarlyStopping counter: 2 out of 20
Updating learning rate to 8.145838642099132e-05
	iters: 100, epoch: 58 | loss: 0.4033341
	speed: 0.4203s/iter; left time: 4729.3021s
	iters: 200, epoch: 58 | loss: 0.3394200
	speed: 0.1914s/iter; left time: 2135.1423s
Epoch: 58 cost time: 50.78715777397156
Epoch: 58, Steps: 264 | Train Loss: 0.3534681 Vali Loss: 0.2126899 Test Loss: 0.2791748
Validation loss decreased (0.213014 --> 0.212690).  Saving model ...
Updating learning rate to 7.938132177859184e-05
	iters: 100, epoch: 59 | loss: 0.3883344
	speed: 0.4068s/iter; left time: 4470.2438s
	iters: 200, epoch: 59 | loss: 0.2642198
	speed: 0.1939s/iter; left time: 2111.8672s
Epoch: 59 cost time: 49.19648599624634
Epoch: 59, Steps: 264 | Train Loss: 0.3507560 Vali Loss: 0.2133865 Test Loss: 0.2797708
EarlyStopping counter: 1 out of 20
Updating learning rate to 7.7223725523654e-05
	iters: 100, epoch: 60 | loss: 0.4141716
	speed: 0.4123s/iter; left time: 4422.3476s
	iters: 200, epoch: 60 | loss: 0.3225712
	speed: 0.1882s/iter; left time: 1999.7487s
Epoch: 60 cost time: 49.722463846206665
Epoch: 60, Steps: 264 | Train Loss: 0.3482645 Vali Loss: 0.2136729 Test Loss: 0.2793205
EarlyStopping counter: 2 out of 20
Updating learning rate to 7.499151147753989e-05
	iters: 100, epoch: 61 | loss: 0.3244970
	speed: 0.4049s/iter; left time: 4236.0500s
	iters: 200, epoch: 61 | loss: 0.3034534
	speed: 0.1943s/iter; left time: 2012.9534s
Epoch: 61 cost time: 49.289324045181274
Epoch: 61, Steps: 264 | Train Loss: 0.3461607 Vali Loss: 0.2131886 Test Loss: 0.2790769
EarlyStopping counter: 3 out of 20
Updating learning rate to 7.269079798379057e-05
	iters: 100, epoch: 62 | loss: 0.3250707
	speed: 0.4161s/iter; left time: 4243.4461s
	iters: 200, epoch: 62 | loss: 0.3633055
	speed: 0.1900s/iter; left time: 1918.4351s
Epoch: 62 cost time: 49.966383934020996
Epoch: 62, Steps: 264 | Train Loss: 0.3439681 Vali Loss: 0.2129183 Test Loss: 0.2797242
EarlyStopping counter: 4 out of 20
Updating learning rate to 7.032789113817185e-05
	iters: 100, epoch: 63 | loss: 0.2950729
	speed: 0.4079s/iter; left time: 4051.7440s
	iters: 200, epoch: 63 | loss: 0.2738709
	speed: 0.1864s/iter; left time: 1832.9727s
Epoch: 63 cost time: 49.558422803878784
Epoch: 63, Steps: 264 | Train Loss: 0.3419741 Vali Loss: 0.2124343 Test Loss: 0.2793566
Validation loss decreased (0.212690 --> 0.212434).  Saving model ...
Updating learning rate to 6.790926750410386e-05
	iters: 100, epoch: 64 | loss: 0.2900644
	speed: 0.4084s/iter; left time: 3949.0135s
	iters: 200, epoch: 64 | loss: 0.3461129
	speed: 0.1821s/iter; left time: 1742.5358s
Epoch: 64 cost time: 49.214324951171875
Epoch: 64, Steps: 264 | Train Loss: 0.3400358 Vali Loss: 0.2137768 Test Loss: 0.2797406
EarlyStopping counter: 1 out of 20
Updating learning rate to 6.544155636085115e-05
	iters: 100, epoch: 65 | loss: 0.2839653
	speed: 0.4127s/iter; left time: 3881.3382s
	iters: 200, epoch: 65 | loss: 0.3639398
	speed: 0.1860s/iter; left time: 1731.1467s
Epoch: 65 cost time: 48.737629652023315
Epoch: 65, Steps: 264 | Train Loss: 0.3384414 Vali Loss: 0.2129794 Test Loss: 0.2795675
EarlyStopping counter: 2 out of 20
Updating learning rate to 6.293152153312886e-05
	iters: 100, epoch: 66 | loss: 0.3257990
	speed: 0.4054s/iter; left time: 3705.5002s
	iters: 200, epoch: 66 | loss: 0.3082990
	speed: 0.1820s/iter; left time: 1645.3006s
Epoch: 66 cost time: 48.43891716003418
Epoch: 66, Steps: 264 | Train Loss: 0.3364703 Vali Loss: 0.2135625 Test Loss: 0.2808008
EarlyStopping counter: 3 out of 20
Updating learning rate to 6.03860428519294e-05
	iters: 100, epoch: 67 | loss: 0.3767531
	speed: 0.4043s/iter; left time: 3588.6311s
	iters: 200, epoch: 67 | loss: 0.3534741
	speed: 0.1866s/iter; left time: 1637.5454s
Epoch: 67 cost time: 49.59669280052185
Epoch: 67, Steps: 264 | Train Loss: 0.3347648 Vali Loss: 0.2130671 Test Loss: 0.2805078
EarlyStopping counter: 4 out of 20
Updating learning rate to 5.781209729738391e-05
	iters: 100, epoch: 68 | loss: 0.3560759
	speed: 0.4099s/iter; left time: 3530.0942s
	iters: 200, epoch: 68 | loss: 0.3403426
	speed: 0.1833s/iter; left time: 1560.3549s
Epoch: 68 cost time: 49.19422483444214
Epoch: 68, Steps: 264 | Train Loss: 0.3331974 Vali Loss: 0.2132015 Test Loss: 0.2808579
EarlyStopping counter: 5 out of 20
Updating learning rate to 5.52167398753446e-05
	iters: 100, epoch: 69 | loss: 0.2454329
	speed: 0.4160s/iter; left time: 3473.5914s
	iters: 200, epoch: 69 | loss: 0.2838559
	speed: 0.1860s/iter; left time: 1534.2139s
Epoch: 69 cost time: 50.043434381484985
Epoch: 69, Steps: 264 | Train Loss: 0.3320780 Vali Loss: 0.2144873 Test Loss: 0.2806174
EarlyStopping counter: 6 out of 20
Updating learning rate to 5.260708428010421e-05
	iters: 100, epoch: 70 | loss: 0.3571514
	speed: 0.4111s/iter; left time: 3323.9939s
	iters: 200, epoch: 70 | loss: 0.3488820
	speed: 0.1979s/iter; left time: 1580.0417s
Epoch: 70 cost time: 50.97425198554993
Epoch: 70, Steps: 264 | Train Loss: 0.3305955 Vali Loss: 0.2135601 Test Loss: 0.2804771
EarlyStopping counter: 7 out of 20
Updating learning rate to 4.9990283396254354e-05
	iters: 100, epoch: 71 | loss: 0.3420864
	speed: 0.4244s/iter; left time: 3319.3338s
	iters: 200, epoch: 71 | loss: 0.2606679
	speed: 0.2014s/iter; left time: 1555.0597s
Epoch: 71 cost time: 53.09106183052063
Epoch: 71, Steps: 264 | Train Loss: 0.3290286 Vali Loss: 0.2138149 Test Loss: 0.2814195
EarlyStopping counter: 8 out of 20
Updating learning rate to 4.737350969312607e-05
	iters: 100, epoch: 72 | loss: 0.3714072
	speed: 0.4391s/iter; left time: 3318.6294s
	iters: 200, epoch: 72 | loss: 0.2908934
	speed: 0.2059s/iter; left time: 1535.3449s
Epoch: 72 cost time: 55.079418420791626
Epoch: 72, Steps: 264 | Train Loss: 0.3280199 Vali Loss: 0.2139537 Test Loss: 0.2811962
EarlyStopping counter: 9 out of 20
Updating learning rate to 4.476393556554994e-05
	iters: 100, epoch: 73 | loss: 0.3183203
	speed: 0.4597s/iter; left time: 3352.4654s
	iters: 200, epoch: 73 | loss: 0.3368676
	speed: 0.2224s/iter; left time: 1599.7713s
Epoch: 73 cost time: 56.61886167526245
Epoch: 73, Steps: 264 | Train Loss: 0.3262284 Vali Loss: 0.2140606 Test Loss: 0.2816689
EarlyStopping counter: 10 out of 20
Updating learning rate to 4.216871367482033e-05
	iters: 100, epoch: 74 | loss: 0.3214019
	speed: 0.4760s/iter; left time: 3345.5210s
	iters: 200, epoch: 74 | loss: 0.3404597
	speed: 0.2295s/iter; left time: 1590.2438s
Epoch: 74 cost time: 59.78695225715637
Epoch: 74, Steps: 264 | Train Loss: 0.3259215 Vali Loss: 0.2140817 Test Loss: 0.2818513
EarlyStopping counter: 11 out of 20
Updating learning rate to 3.9594957343748134e-05
	iters: 100, epoch: 75 | loss: 0.2812535
	speed: 0.5025s/iter; left time: 3399.7453s
	iters: 200, epoch: 75 | loss: 0.3039408
	speed: 0.2365s/iter; left time: 1576.0997s
Epoch: 75 cost time: 62.903642654418945
Epoch: 75, Steps: 264 | Train Loss: 0.3250463 Vali Loss: 0.2155243 Test Loss: 0.2815422
EarlyStopping counter: 12 out of 20
Updating learning rate to 3.704972105953714e-05
	iters: 100, epoch: 76 | loss: 0.2585621
	speed: 0.5324s/iter; left time: 3461.3269s
	iters: 200, epoch: 76 | loss: 0.3271950
	speed: 0.2462s/iter; left time: 1576.2288s
Epoch: 76 cost time: 64.77158570289612
Epoch: 76, Steps: 264 | Train Loss: 0.3239987 Vali Loss: 0.2147394 Test Loss: 0.2818005
EarlyStopping counter: 13 out of 20
Updating learning rate to 3.453998113792522e-05
	iters: 100, epoch: 77 | loss: 0.3492045
	speed: 0.5332s/iter; left time: 3325.3328s
	iters: 200, epoch: 77 | loss: 0.3456473
	speed: 0.2656s/iter; left time: 1629.7108s
Epoch: 77 cost time: 67.70722818374634
Epoch: 77, Steps: 264 | Train Loss: 0.3229215 Vali Loss: 0.2152759 Test Loss: 0.2823860
EarlyStopping counter: 14 out of 20
Updating learning rate to 3.2072616601587606e-05
	iters: 100, epoch: 78 | loss: 0.3380049
	speed: 0.5704s/iter; left time: 3407.0006s
	iters: 200, epoch: 78 | loss: 0.4029410
	speed: 0.2617s/iter; left time: 1536.7805s
Epoch: 78 cost time: 69.52406477928162
Epoch: 78, Steps: 264 | Train Loss: 0.3223793 Vali Loss: 0.2146953 Test Loss: 0.2821836
EarlyStopping counter: 15 out of 20
Updating learning rate to 2.9654390325214005e-05
	iters: 100, epoch: 79 | loss: 0.3659073
	speed: 0.5605s/iter; left time: 3199.8461s
	iters: 200, epoch: 79 | loss: 0.3697562
	speed: 0.2616s/iter; left time: 1467.0733s
Epoch: 79 cost time: 67.54850220680237
Epoch: 79, Steps: 264 | Train Loss: 0.3217015 Vali Loss: 0.2153534 Test Loss: 0.2829091
EarlyStopping counter: 16 out of 20
Updating learning rate to 2.729193049893908e-05
	iters: 100, epoch: 80 | loss: 0.2733492
	speed: 0.5356s/iter; left time: 2916.2593s
	iters: 200, epoch: 80 | loss: 0.4653949
	speed: 0.2526s/iter; left time: 1349.9935s
Epoch: 80 cost time: 65.47533655166626
Epoch: 80, Steps: 264 | Train Loss: 0.3207317 Vali Loss: 0.2150844 Test Loss: 0.2829213
EarlyStopping counter: 17 out of 20
Updating learning rate to 2.4991712460934126e-05
	iters: 100, epoch: 81 | loss: 0.3773290
	speed: 0.5276s/iter; left time: 2733.2429s
	iters: 200, epoch: 81 | loss: 0.4104813
	speed: 0.2391s/iter; left time: 1215.0540s
Epoch: 81 cost time: 62.144636154174805
Epoch: 81, Steps: 264 | Train Loss: 0.3204430 Vali Loss: 0.2154507 Test Loss: 0.2827903
EarlyStopping counter: 18 out of 20
Updating learning rate to 2.2760040948955092e-05
	iters: 100, epoch: 82 | loss: 0.2941177
	speed: 0.5134s/iter; left time: 2524.3328s
	iters: 200, epoch: 82 | loss: 0.4075045
	speed: 0.2309s/iter; left time: 1112.0400s
Epoch: 82 cost time: 60.55245089530945
Epoch: 82, Steps: 264 | Train Loss: 0.3195354 Vali Loss: 0.2155307 Test Loss: 0.2830206
EarlyStopping counter: 19 out of 20
Updating learning rate to 2.060303281949472e-05
	iters: 100, epoch: 83 | loss: 0.3864369
	speed: 0.4880s/iter; left time: 2270.8577s
	iters: 200, epoch: 83 | loss: 0.2844711
	speed: 0.2202s/iter; left time: 1002.4270s
Epoch: 83 cost time: 58.9974799156189
Epoch: 83, Steps: 264 | Train Loss: 0.3193937 Vali Loss: 0.2157531 Test Loss: 0.2827821
EarlyStopping counter: 20 out of 20
Early stopping
>>>>>>>testing : CMS_ettm2_336_336_PatchTST_ETTm2_ftM_sl336_ll48_pl336_dm128_nh16_el3_dl1_df256_fc1_ebtimeF_dtTrue_Exp_0<<<<<<<<<<<<<<<<<<<<<<<<<<<<<<<<<
test 11185
mse:0.2792011797428131, mae:0.3331536650657654, rse:0.4263073205947876
Args in experiment:
Namespace(random_seed=2021, is_training=1, model_id='CMS_ettm2_336_720', model='PatchTST', data='ETTm2', root_path='./dataset/', data_path='ETTm2.csv', features='M', target='OT', freq='h', checkpoints='./checkpoints/', seq_len=336, label_len=48, pred_len=720, head_type='cms', fc_dropout=0.2, head_dropout=0.0, patch_len=16, stride=8, padding_patch='end', revin=1, affine=0, subtract_last=0, decomposition=0, kernel_size=25, individual=0, embed_type=0, enc_in=7, dec_in=7, c_out=7, d_model=128, n_heads=16, e_layers=3, d_layers=1, d_ff=256, moving_avg=25, factor=1, distil=True, dropout=0.2, embed='timeF', activation='gelu', output_attention=False, do_predict=False, num_workers=0, itr=1, train_epochs=100, batch_size=128, patience=20, learning_rate=0.0001, des='Exp', loss='mse', lradj='TST', pct_start=0.4, use_amp=False, use_gpu=True, gpu=0, use_multi_gpu=False, devices='0,1,2,3', test_flop=False)
Use GPU: cuda:0
>>>>>>>start training : CMS_ettm2_336_720_PatchTST_ETTm2_ftM_sl336_ll48_pl720_dm128_nh16_el3_dl1_df256_fc1_ebtimeF_dtTrue_Exp_0>>>>>>>>>>>>>>>>>>>>>>>>>>
train 33505
val 10801
test 10801
	iters: 100, epoch: 1 | loss: 0.5802040
	speed: 0.1540s/iter; left time: 4002.9056s
	iters: 200, epoch: 1 | loss: 0.6760850
	speed: 0.1933s/iter; left time: 5007.6630s
Epoch: 1 cost time: 46.74888300895691
Epoch: 1, Steps: 261 | Train Loss: 0.6095892 Vali Loss: 0.3193282 Test Loss: 0.4252444
Validation loss decreased (inf --> 0.319328).  Saving model ...
Updating learning rate to 4.147996316662011e-06
	iters: 100, epoch: 2 | loss: 0.6990868
	speed: 0.4486s/iter; left time: 11548.0984s
	iters: 200, epoch: 2 | loss: 0.6341554
	speed: 0.2032s/iter; left time: 5210.2987s
Epoch: 2 cost time: 54.703174352645874
Epoch: 2, Steps: 261 | Train Loss: 0.6082873 Vali Loss: 0.3193479 Test Loss: 0.4250644
EarlyStopping counter: 1 out of 20
Updating learning rate to 4.591072645408634e-06
	iters: 100, epoch: 3 | loss: 0.6123025
	speed: 0.4476s/iter; left time: 11403.9156s
	iters: 200, epoch: 3 | loss: 0.4850529
	speed: 0.2125s/iter; left time: 5393.1798s
Epoch: 3 cost time: 55.318074464797974
Epoch: 3, Steps: 261 | Train Loss: 0.6090712 Vali Loss: 0.3185299 Test Loss: 0.4248557
Validation loss decreased (0.319328 --> 0.318530).  Saving model ...
Updating learning rate to 5.326496750212602e-06
	iters: 100, epoch: 4 | loss: 0.6516256
	speed: 0.4459s/iter; left time: 11244.6398s
	iters: 200, epoch: 4 | loss: 0.7135133
	speed: 0.2064s/iter; left time: 5184.1748s
Epoch: 4 cost time: 54.06910300254822
Epoch: 4, Steps: 261 | Train Loss: 0.6087162 Vali Loss: 0.3185840 Test Loss: 0.4246061
EarlyStopping counter: 1 out of 20
Updating learning rate to 6.349733628628268e-06
	iters: 100, epoch: 5 | loss: 0.5027087
	speed: 0.4338s/iter; left time: 10826.1741s
	iters: 200, epoch: 5 | loss: 0.5076407
	speed: 0.2101s/iter; left time: 5221.5726s
Epoch: 5 cost time: 53.24686598777771
Epoch: 5, Steps: 261 | Train Loss: 0.6086380 Vali Loss: 0.3182586 Test Loss: 0.4243434
Validation loss decreased (0.318530 --> 0.318259).  Saving model ...
Updating learning rate to 7.654473476944045e-06
	iters: 100, epoch: 6 | loss: 0.5481128
	speed: 0.4340s/iter; left time: 10717.6064s
	iters: 200, epoch: 6 | loss: 0.5384999
	speed: 0.2025s/iter; left time: 4980.2032s
Epoch: 6 cost time: 52.97622299194336
Epoch: 6, Steps: 261 | Train Loss: 0.6077647 Vali Loss: 0.3183314 Test Loss: 0.4240436
EarlyStopping counter: 1 out of 20
Updating learning rate to 9.232670599670218e-06
	iters: 100, epoch: 7 | loss: 0.4809595
	speed: 0.4409s/iter; left time: 10773.1744s
	iters: 200, epoch: 7 | loss: 0.4942423
	speed: 0.2015s/iter; left time: 4903.4085s
Epoch: 7 cost time: 53.79443883895874
Epoch: 7, Steps: 261 | Train Loss: 0.6069464 Vali Loss: 0.3181763 Test Loss: 0.4236649
Validation loss decreased (0.318259 --> 0.318176).  Saving model ...
Updating learning rate to 1.1074593023426382e-05
	iters: 100, epoch: 8 | loss: 0.4763479
	speed: 0.4322s/iter; left time: 10447.1593s
	iters: 200, epoch: 8 | loss: 0.5392359
	speed: 0.1971s/iter; left time: 4744.8815s
Epoch: 8 cost time: 52.864670515060425
Epoch: 8, Steps: 261 | Train Loss: 0.6062827 Vali Loss: 0.3173141 Test Loss: 0.4232471
Validation loss decreased (0.318176 --> 0.317314).  Saving model ...
Updating learning rate to 1.3168882509283648e-05
	iters: 100, epoch: 9 | loss: 0.6758065
	speed: 0.4260s/iter; left time: 10187.4040s
	iters: 200, epoch: 9 | loss: 0.4627396
	speed: 0.1930s/iter; left time: 4595.9354s
Epoch: 9 cost time: 52.41600751876831
Epoch: 9, Steps: 261 | Train Loss: 0.6059101 Vali Loss: 0.3172629 Test Loss: 0.4228225
Validation loss decreased (0.317314 --> 0.317263).  Saving model ...
Updating learning rate to 1.5502624593494887e-05
	iters: 100, epoch: 10 | loss: 0.5832964
	speed: 0.4281s/iter; left time: 10124.5087s
	iters: 200, epoch: 10 | loss: 0.5423465
	speed: 0.2050s/iter; left time: 4828.2337s
Epoch: 10 cost time: 52.004831075668335
Epoch: 10, Steps: 261 | Train Loss: 0.6051269 Vali Loss: 0.3170108 Test Loss: 0.4223396
Validation loss decreased (0.317263 --> 0.317011).  Saving model ...
Updating learning rate to 1.806142822470586e-05
	iters: 100, epoch: 11 | loss: 0.4677336
	speed: 0.4245s/iter; left time: 9930.0536s
	iters: 200, epoch: 11 | loss: 0.8281606
	speed: 0.1870s/iter; left time: 4356.2289s
Epoch: 11 cost time: 51.20872735977173
Epoch: 11, Steps: 261 | Train Loss: 0.6040916 Vali Loss: 0.3163725 Test Loss: 0.4218289
Validation loss decreased (0.317011 --> 0.316372).  Saving model ...
Updating learning rate to 2.0829514506563195e-05
	iters: 100, epoch: 12 | loss: 0.6873133
	speed: 0.4196s/iter; left time: 9705.0666s
	iters: 200, epoch: 12 | loss: 0.5514445
	speed: 0.2007s/iter; left time: 4621.2299s
Epoch: 12 cost time: 51.16299843788147
Epoch: 12, Steps: 261 | Train Loss: 0.6037063 Vali Loss: 0.3157199 Test Loss: 0.4212959
Validation loss decreased (0.316372 --> 0.315720).  Saving model ...
Updating learning rate to 2.3789813998487008e-05
	iters: 100, epoch: 13 | loss: 0.7617051
	speed: 0.4100s/iter; left time: 9376.8289s
	iters: 200, epoch: 13 | loss: 0.7217730
	speed: 0.1992s/iter; left time: 4534.4518s
Epoch: 13 cost time: 50.63724136352539
Epoch: 13, Steps: 261 | Train Loss: 0.6025256 Vali Loss: 0.3154794 Test Loss: 0.4207485
Validation loss decreased (0.315720 --> 0.315479).  Saving model ...
Updating learning rate to 2.6924071974601397e-05
	iters: 100, epoch: 14 | loss: 0.4703421
	speed: 0.4177s/iter; left time: 9443.7470s
	iters: 200, epoch: 14 | loss: 0.6054516
	speed: 0.1930s/iter; left time: 4344.6809s
Epoch: 14 cost time: 51.04948830604553
Epoch: 14, Steps: 261 | Train Loss: 0.6021680 Vali Loss: 0.3151656 Test Loss: 0.4201747
Validation loss decreased (0.315479 --> 0.315166).  Saving model ...
Updating learning rate to 3.0212960991742456e-05
	iters: 100, epoch: 15 | loss: 0.8059240
	speed: 0.4107s/iter; left time: 9177.4854s
	iters: 200, epoch: 15 | loss: 0.4874163
	speed: 0.1960s/iter; left time: 4360.8906s
Epoch: 15 cost time: 51.18614172935486
Epoch: 15, Steps: 261 | Train Loss: 0.6009346 Vali Loss: 0.3145862 Test Loss: 0.4195819
Validation loss decreased (0.315166 --> 0.314586).  Saving model ...
Updating learning rate to 3.363620007239161e-05
	iters: 100, epoch: 16 | loss: 0.7394114
	speed: 0.4053s/iter; left time: 8952.1201s
	iters: 200, epoch: 16 | loss: 0.5248486
	speed: 0.1910s/iter; left time: 4199.6253s
Epoch: 16 cost time: 50.22220015525818
Epoch: 16, Steps: 261 | Train Loss: 0.5997611 Vali Loss: 0.3143094 Test Loss: 0.4189507
Validation loss decreased (0.314586 --> 0.314309).  Saving model ...
Updating learning rate to 3.717267976759092e-05
	iters: 100, epoch: 17 | loss: 0.6170329
	speed: 0.4056s/iter; left time: 8852.4883s
	iters: 200, epoch: 17 | loss: 0.5061024
	speed: 0.1918s/iter; left time: 4167.8494s
Epoch: 17 cost time: 49.26408553123474
Epoch: 17, Steps: 261 | Train Loss: 0.5993264 Vali Loss: 0.3133969 Test Loss: 0.4182983
Validation loss decreased (0.314309 --> 0.313397).  Saving model ...
Updating learning rate to 4.0800592328638756e-05
	iters: 100, epoch: 18 | loss: 0.4864474
	speed: 0.4061s/iter; left time: 8757.1823s
	iters: 200, epoch: 18 | loss: 0.6401429
	speed: 0.1928s/iter; left time: 4138.6027s
Epoch: 18 cost time: 49.567275285720825
Epoch: 18, Steps: 261 | Train Loss: 0.5975630 Vali Loss: 0.3133269 Test Loss: 0.4176008
Validation loss decreased (0.313397 --> 0.313327).  Saving model ...
Updating learning rate to 4.449756618485984e-05
	iters: 100, epoch: 19 | loss: 0.5683457
	speed: 0.3976s/iter; left time: 8470.8917s
	iters: 200, epoch: 19 | loss: 0.5653217
	speed: 0.1931s/iter; left time: 4093.6058s
Epoch: 19 cost time: 49.75094151496887
Epoch: 19, Steps: 261 | Train Loss: 0.5971265 Vali Loss: 0.3124405 Test Loss: 0.4168613
Validation loss decreased (0.313327 --> 0.312440).  Saving model ...
Updating learning rate to 4.824080389819096e-05
	iters: 100, epoch: 20 | loss: 0.5154796
	speed: 0.3941s/iter; left time: 8291.7132s
	iters: 200, epoch: 20 | loss: 0.5380193
	speed: 0.1940s/iter; left time: 4063.2008s
Epoch: 20 cost time: 48.80334186553955
Epoch: 20, Steps: 261 | Train Loss: 0.5962973 Vali Loss: 0.3120814 Test Loss: 0.4161017
Validation loss decreased (0.312440 --> 0.312081).  Saving model ...
Updating learning rate to 5.2007222743883666e-05
	iters: 100, epoch: 21 | loss: 0.6809794
	speed: 0.3945s/iter; left time: 8197.3638s
	iters: 200, epoch: 21 | loss: 0.5898514
	speed: 0.1901s/iter; left time: 3931.0303s
Epoch: 21 cost time: 49.22504234313965
Epoch: 21, Steps: 261 | Train Loss: 0.5949264 Vali Loss: 0.3116300 Test Loss: 0.4153242
Validation loss decreased (0.312081 --> 0.311630).  Saving model ...
Updating learning rate to 5.577359705043091e-05
	iters: 100, epoch: 22 | loss: 0.5214025
	speed: 0.4010s/iter; left time: 8228.7682s
	iters: 200, epoch: 22 | loss: 0.4470544
	speed: 0.1883s/iter; left time: 3845.0113s
Epoch: 22 cost time: 48.703794956207275
Epoch: 22, Steps: 261 | Train Loss: 0.5940502 Vali Loss: 0.3110697 Test Loss: 0.4145564
Validation loss decreased (0.311630 --> 0.311070).  Saving model ...
Updating learning rate to 5.951670142097692e-05
	iters: 100, epoch: 23 | loss: 0.5657550
	speed: 0.3988s/iter; left time: 8079.6603s
	iters: 200, epoch: 23 | loss: 0.5022739
	speed: 0.1892s/iter; left time: 3813.0918s
Epoch: 23 cost time: 49.00900721549988
Epoch: 23, Steps: 261 | Train Loss: 0.5930384 Vali Loss: 0.3105488 Test Loss: 0.4137887
Validation loss decreased (0.311070 --> 0.310549).  Saving model ...
Updating learning rate to 6.321345395303321e-05
	iters: 100, epoch: 24 | loss: 0.4806145
	speed: 0.3988s/iter; left time: 7974.5741s
	iters: 200, epoch: 24 | loss: 0.7588406
	speed: 0.1912s/iter; left time: 3804.9079s
Epoch: 24 cost time: 48.3730685710907
Epoch: 24, Steps: 261 | Train Loss: 0.5919887 Vali Loss: 0.3100613 Test Loss: 0.4130698
Validation loss decreased (0.310549 --> 0.310061).  Saving model ...
Updating learning rate to 6.6841058573335e-05
	iters: 100, epoch: 25 | loss: 0.5254788
	speed: 0.3961s/iter; left time: 7818.4883s
	iters: 200, epoch: 25 | loss: 0.6260073
	speed: 0.1893s/iter; left time: 3717.1279s
Epoch: 25 cost time: 49.907713651657104
Epoch: 25, Steps: 261 | Train Loss: 0.5908618 Vali Loss: 0.3091229 Test Loss: 0.4123273
Validation loss decreased (0.310061 --> 0.309123).  Saving model ...
Updating learning rate to 7.037714561012768e-05
	iters: 100, epoch: 26 | loss: 0.4118600
	speed: 0.3910s/iter; left time: 7614.8603s
	iters: 200, epoch: 26 | loss: 0.5835284
	speed: 0.1917s/iter; left time: 3714.6660s
Epoch: 26 cost time: 49.15062141418457
Epoch: 26, Steps: 261 | Train Loss: 0.5898182 Vali Loss: 0.3087731 Test Loss: 0.4115972
Validation loss decreased (0.309123 --> 0.308773).  Saving model ...
Updating learning rate to 7.379990973604285e-05
	iters: 100, epoch: 27 | loss: 0.6044495
	speed: 0.3947s/iter; left time: 7583.8343s
	iters: 200, epoch: 27 | loss: 0.6878017
	speed: 0.1879s/iter; left time: 3591.3777s
Epoch: 27 cost time: 48.31322908401489
Epoch: 27, Steps: 261 | Train Loss: 0.5882410 Vali Loss: 0.3082390 Test Loss: 0.4108202
Validation loss decreased (0.308773 --> 0.308239).  Saving model ...
Updating learning rate to 7.708824443093723e-05
	iters: 100, epoch: 28 | loss: 0.4052651
	speed: 0.3950s/iter; left time: 7485.9690s
	iters: 200, epoch: 28 | loss: 0.6312296
	speed: 0.1898s/iter; left time: 3578.7170s
Epoch: 28 cost time: 49.47120213508606
Epoch: 28, Steps: 261 | Train Loss: 0.5871339 Vali Loss: 0.3075918 Test Loss: 0.4100557
Validation loss decreased (0.308239 --> 0.307592).  Saving model ...
Updating learning rate to 8.022187213552767e-05
	iters: 100, epoch: 29 | loss: 0.6007623
	speed: 0.3942s/iter; left time: 7369.1540s
	iters: 200, epoch: 29 | loss: 0.5295608
	speed: 0.1905s/iter; left time: 3541.6482s
Epoch: 29 cost time: 48.66818642616272
Epoch: 29, Steps: 261 | Train Loss: 0.5860004 Vali Loss: 0.3070244 Test Loss: 0.4092533
Validation loss decreased (0.307592 --> 0.307024).  Saving model ...
Updating learning rate to 8.318146929322795e-05
	iters: 100, epoch: 30 | loss: 0.6087239
	speed: 0.3897s/iter; left time: 7182.9350s
	iters: 200, epoch: 30 | loss: 0.5767018
	speed: 0.1887s/iter; left time: 3460.0039s
Epoch: 30 cost time: 48.06232690811157
Epoch: 30, Steps: 261 | Train Loss: 0.5845055 Vali Loss: 0.3062813 Test Loss: 0.4083956
Validation loss decreased (0.307024 --> 0.306281).  Saving model ...
Updating learning rate to 8.59487855091154e-05
	iters: 100, epoch: 31 | loss: 0.5609598
	speed: 0.3936s/iter; left time: 7152.1116s
	iters: 200, epoch: 31 | loss: 0.6431159
	speed: 0.1897s/iter; left time: 3427.3002s
Epoch: 31 cost time: 48.66675424575806
Epoch: 31, Steps: 261 | Train Loss: 0.5832382 Vali Loss: 0.3055522 Test Loss: 0.4075149
Validation loss decreased (0.306281 --> 0.305552).  Saving model ...
Updating learning rate to 8.850675609123214e-05
	iters: 100, epoch: 32 | loss: 0.6967582
	speed: 0.3927s/iter; left time: 7033.1346s
	iters: 200, epoch: 32 | loss: 0.5645061
	speed: 0.1857s/iter; left time: 3307.0006s
Epoch: 32 cost time: 47.75519347190857
Epoch: 32, Steps: 261 | Train Loss: 0.5821162 Vali Loss: 0.3045896 Test Loss: 0.4065848
Validation loss decreased (0.305552 --> 0.304590).  Saving model ...
Updating learning rate to 9.083960728023302e-05
	iters: 100, epoch: 33 | loss: 0.5314451
	speed: 0.3889s/iter; left time: 6864.1458s
	iters: 200, epoch: 33 | loss: 0.6021824
	speed: 0.1893s/iter; left time: 3321.9896s
Epoch: 33 cost time: 47.57056283950806
Epoch: 33, Steps: 261 | Train Loss: 0.5803030 Vali Loss: 0.3041897 Test Loss: 0.4056048
Validation loss decreased (0.304590 --> 0.304190).  Saving model ...
Updating learning rate to 9.293295351848083e-05
	iters: 100, epoch: 34 | loss: 0.4196460
	speed: 0.3936s/iter; left time: 6843.4324s
	iters: 200, epoch: 34 | loss: 0.6911578
	speed: 0.1849s/iter; left time: 3196.5570s
Epoch: 34 cost time: 50.74098610877991
Epoch: 34, Steps: 261 | Train Loss: 0.5788100 Vali Loss: 0.3035080 Test Loss: 0.4046083
Validation loss decreased (0.304190 --> 0.303508).  Saving model ...
Updating learning rate to 9.47738861587773e-05
	iters: 100, epoch: 35 | loss: 0.4897423
	speed: 0.4256s/iter; left time: 7289.8523s
	iters: 200, epoch: 35 | loss: 0.6450150
	speed: 0.1979s/iter; left time: 3369.2473s
Epoch: 35 cost time: 52.386653900146484
Epoch: 35, Steps: 261 | Train Loss: 0.5770592 Vali Loss: 0.3026599 Test Loss: 0.4035676
Validation loss decreased (0.303508 --> 0.302660).  Saving model ...
Updating learning rate to 9.635105306570629e-05
	iters: 100, epoch: 36 | loss: 0.5762327
	speed: 0.4374s/iter; left time: 7377.3912s
	iters: 200, epoch: 36 | loss: 0.6159424
	speed: 0.2156s/iter; left time: 3614.0451s
Epoch: 36 cost time: 55.36627721786499
Epoch: 36, Steps: 261 | Train Loss: 0.5751564 Vali Loss: 0.3017789 Test Loss: 0.4024474
Validation loss decreased (0.302660 --> 0.301779).  Saving model ...
Updating learning rate to 9.765472861872672e-05
	iters: 100, epoch: 37 | loss: 0.6158074
	speed: 0.4483s/iter; left time: 7444.7429s
	iters: 200, epoch: 37 | loss: 0.6004840
	speed: 0.2236s/iter; left time: 3689.7050s
Epoch: 37 cost time: 57.285115003585815
Epoch: 37, Steps: 261 | Train Loss: 0.5735278 Vali Loss: 0.3010362 Test Loss: 0.4012956
Validation loss decreased (0.301779 --> 0.301036).  Saving model ...
Updating learning rate to 9.867687368533986e-05
	iters: 100, epoch: 38 | loss: 0.5743033
	speed: 0.4772s/iter; left time: 7800.0268s
	iters: 200, epoch: 38 | loss: 0.5152175
	speed: 0.2324s/iter; left time: 3775.1965s
Epoch: 38 cost time: 59.992443323135376
Epoch: 38, Steps: 261 | Train Loss: 0.5718997 Vali Loss: 0.3003186 Test Loss: 0.4001980
Validation loss decreased (0.301036 --> 0.300319).  Saving model ...
Updating learning rate to 9.941118519450599e-05
	iters: 100, epoch: 39 | loss: 0.5060587
	speed: 0.5015s/iter; left time: 8064.8208s
	iters: 200, epoch: 39 | loss: 0.6258593
	speed: 0.2391s/iter; left time: 3821.9020s
Epoch: 39 cost time: 62.28909945487976
Epoch: 39, Steps: 261 | Train Loss: 0.5693095 Vali Loss: 0.2989833 Test Loss: 0.3991546
Validation loss decreased (0.300319 --> 0.298983).  Saving model ...
Updating learning rate to 9.985313500461516e-05
	iters: 100, epoch: 40 | loss: 0.5328301
	speed: 0.5285s/iter; left time: 8362.2675s
	iters: 200, epoch: 40 | loss: 0.6452926
	speed: 0.2452s/iter; left time: 3854.2685s
Epoch: 40 cost time: 65.7593731880188
Epoch: 40, Steps: 261 | Train Loss: 0.5670465 Vali Loss: 0.2982787 Test Loss: 0.3979249
Validation loss decreased (0.298983 --> 0.298279).  Saving model ...
Updating learning rate to 9.999999899386908e-05
	iters: 100, epoch: 41 | loss: 0.5567899
	speed: 0.5447s/iter; left time: 8475.7949s
	iters: 200, epoch: 41 | loss: 0.5182244
	speed: 0.2702s/iter; left time: 4177.1151s
Epoch: 41 cost time: 67.98957300186157
Epoch: 41, Steps: 261 | Train Loss: 0.5651962 Vali Loss: 0.2978343 Test Loss: 0.3967139
Validation loss decreased (0.298279 --> 0.297834).  Saving model ...
Updating learning rate to 9.993095104667097e-05
	iters: 100, epoch: 42 | loss: 0.5858455
	speed: 0.5548s/iter; left time: 8488.0165s
	iters: 200, epoch: 42 | loss: 0.5922820
	speed: 0.2690s/iter; left time: 4088.0750s
Epoch: 42 cost time: 68.22307419776917
Epoch: 42, Steps: 261 | Train Loss: 0.5626500 Vali Loss: 0.2964363 Test Loss: 0.3954943
Validation loss decreased (0.297834 --> 0.296436).  Saving model ...
Updating learning rate to 9.97250463814979e-05
	iters: 100, epoch: 43 | loss: 0.5377817
	speed: 0.5493s/iter; left time: 8260.5503s
	iters: 200, epoch: 43 | loss: 0.7453028
	speed: 0.2533s/iter; left time: 3784.7356s
Epoch: 43 cost time: 66.67373180389404
Epoch: 43, Steps: 261 | Train Loss: 0.5598365 Vali Loss: 0.2960865 Test Loss: 0.3941929
Validation loss decreased (0.296436 --> 0.296087).  Saving model ...
Updating learning rate to 9.938284936872484e-05
	iters: 100, epoch: 44 | loss: 0.7777171
	speed: 0.5313s/iter; left time: 7850.8889s
	iters: 200, epoch: 44 | loss: 0.5064169
	speed: 0.2486s/iter; left time: 3649.3483s
Epoch: 44 cost time: 63.990878105163574
Epoch: 44, Steps: 261 | Train Loss: 0.5575326 Vali Loss: 0.2950239 Test Loss: 0.3928723
Validation loss decreased (0.296087 --> 0.295024).  Saving model ...
Updating learning rate to 9.890529794657798e-05
	iters: 100, epoch: 45 | loss: 0.5443750
	speed: 0.5075s/iter; left time: 7367.3297s
	iters: 200, epoch: 45 | loss: 0.5530571
	speed: 0.2277s/iter; left time: 3283.2626s
Epoch: 45 cost time: 61.42790508270264
Epoch: 45, Steps: 261 | Train Loss: 0.5548405 Vali Loss: 0.2948634 Test Loss: 0.3915080
Validation loss decreased (0.295024 --> 0.294863).  Saving model ...
Updating learning rate to 9.829370105031122e-05
	iters: 100, epoch: 46 | loss: 0.5493601
	speed: 0.4926s/iter; left time: 7022.7824s
	iters: 200, epoch: 46 | loss: 0.5530335
	speed: 0.2318s/iter; left time: 3281.3297s
Epoch: 46 cost time: 59.692580699920654
Epoch: 46, Steps: 261 | Train Loss: 0.5528805 Vali Loss: 0.2940319 Test Loss: 0.3902151
Validation loss decreased (0.294863 --> 0.294032).  Saving model ...
Updating learning rate to 9.754973502450565e-05
	iters: 100, epoch: 47 | loss: 0.3987000
	speed: 0.4756s/iter; left time: 6656.1914s
	iters: 200, epoch: 47 | loss: 0.5924772
	speed: 0.2270s/iter; left time: 3154.4651s
Epoch: 47 cost time: 58.54171633720398
Epoch: 47, Steps: 261 | Train Loss: 0.5491963 Vali Loss: 0.2931496 Test Loss: 0.3888856
Validation loss decreased (0.294032 --> 0.293150).  Saving model ...
Updating learning rate to 9.667543902832558e-05
	iters: 100, epoch: 48 | loss: 0.5335965
	speed: 0.4685s/iter; left time: 6434.4905s
	iters: 200, epoch: 48 | loss: 0.6371306
	speed: 0.2232s/iter; left time: 3043.4895s
Epoch: 48 cost time: 57.060327768325806
Epoch: 48, Steps: 261 | Train Loss: 0.5470326 Vali Loss: 0.2927513 Test Loss: 0.3874309
Validation loss decreased (0.293150 --> 0.292751).  Saving model ...
Updating learning rate to 9.567320944632494e-05
	iters: 100, epoch: 49 | loss: 0.4902839
	speed: 0.4503s/iter; left time: 6066.8060s
	iters: 200, epoch: 49 | loss: 0.4559288
	speed: 0.2171s/iter; left time: 2902.9443s
Epoch: 49 cost time: 55.353376626968384
Epoch: 49, Steps: 261 | Train Loss: 0.5434050 Vali Loss: 0.2925271 Test Loss: 0.3860922
Validation loss decreased (0.292751 --> 0.292527).  Saving model ...
Updating learning rate to 9.45457933201239e-05
	iters: 100, epoch: 50 | loss: 0.6250875
	speed: 0.4456s/iter; left time: 5886.7050s
	iters: 200, epoch: 50 | loss: 0.4477960
	speed: 0.2089s/iter; left time: 2738.6371s
Epoch: 50 cost time: 54.28002667427063
Epoch: 50, Steps: 261 | Train Loss: 0.5402484 Vali Loss: 0.2920986 Test Loss: 0.3846176
Validation loss decreased (0.292527 --> 0.292099).  Saving model ...
Updating learning rate to 9.329628081895862e-05
	iters: 100, epoch: 51 | loss: 0.4147221
	speed: 0.4474s/iter; left time: 5794.7400s
	iters: 200, epoch: 51 | loss: 0.5795166
	speed: 0.2026s/iter; left time: 2603.3402s
Epoch: 51 cost time: 54.74844527244568
Epoch: 51, Steps: 261 | Train Loss: 0.5376151 Vali Loss: 0.2917028 Test Loss: 0.3828468
Validation loss decreased (0.292099 --> 0.291703).  Saving model ...
Updating learning rate to 9.192809676974225e-05
	iters: 100, epoch: 52 | loss: 0.4672990
	speed: 0.4433s/iter; left time: 5625.5294s
	iters: 200, epoch: 52 | loss: 0.5406222
	speed: 0.2107s/iter; left time: 2652.7430s
Epoch: 52 cost time: 52.674949407577515
Epoch: 52, Steps: 261 | Train Loss: 0.5335833 Vali Loss: 0.2908753 Test Loss: 0.3816852
Validation loss decreased (0.291703 --> 0.290875).  Saving model ...
Updating learning rate to 9.044499126985239e-05
	iters: 100, epoch: 53 | loss: 0.4395696
	speed: 0.4240s/iter; left time: 5269.7439s
	iters: 200, epoch: 53 | loss: 0.3873887
	speed: 0.2076s/iter; left time: 2559.1134s
Epoch: 53 cost time: 53.0242133140564
Epoch: 53, Steps: 261 | Train Loss: 0.5318240 Vali Loss: 0.2909403 Test Loss: 0.3805755
EarlyStopping counter: 1 out of 20
Updating learning rate to 8.885102940837483e-05
	iters: 100, epoch: 54 | loss: 0.6443305
	speed: 0.4363s/iter; left time: 5308.8245s
	iters: 200, epoch: 54 | loss: 0.5655115
	speed: 0.2042s/iter; left time: 2464.5207s
Epoch: 54 cost time: 53.48313856124878
Epoch: 54, Steps: 261 | Train Loss: 0.5277406 Vali Loss: 0.2908820 Test Loss: 0.3791521
EarlyStopping counter: 2 out of 20
Updating learning rate to 8.715058012397698e-05
	iters: 100, epoch: 55 | loss: 0.4314826
	speed: 0.4347s/iter; left time: 5175.6255s
	iters: 200, epoch: 55 | loss: 0.5159048
	speed: 0.2076s/iter; left time: 2450.8575s
Epoch: 55 cost time: 53.36556935310364
Epoch: 55, Steps: 261 | Train Loss: 0.5252567 Vali Loss: 0.2902011 Test Loss: 0.3784421
Validation loss decreased (0.290875 --> 0.290201).  Saving model ...
Updating learning rate to 8.534830422995055e-05
	iters: 100, epoch: 56 | loss: 0.4502873
	speed: 0.4356s/iter; left time: 5073.4324s
	iters: 200, epoch: 56 | loss: 0.6287212
	speed: 0.1997s/iter; left time: 2305.2418s
Epoch: 56 cost time: 53.350868701934814
Epoch: 56, Steps: 261 | Train Loss: 0.5224126 Vali Loss: 0.2900308 Test Loss: 0.3774988
Validation loss decreased (0.290201 --> 0.290031).  Saving model ...
Updating learning rate to 8.344914163924644e-05
	iters: 100, epoch: 57 | loss: 0.3695702
	speed: 0.4192s/iter; left time: 4773.0125s
	iters: 200, epoch: 57 | loss: 0.4947055
	speed: 0.1978s/iter; left time: 2232.1835s
Epoch: 57 cost time: 52.31189799308777
Epoch: 57, Steps: 261 | Train Loss: 0.5198442 Vali Loss: 0.2901753 Test Loss: 0.3760016
EarlyStopping counter: 1 out of 20
Updating learning rate to 8.145829782451657e-05
	iters: 100, epoch: 58 | loss: 0.5405217
	speed: 0.4283s/iter; left time: 4764.9534s
	iters: 200, epoch: 58 | loss: 0.5415247
	speed: 0.1957s/iter; left time: 2157.6776s
Epoch: 58 cost time: 52.37994909286499
Epoch: 58, Steps: 261 | Train Loss: 0.5164623 Vali Loss: 0.2901744 Test Loss: 0.3752407
EarlyStopping counter: 2 out of 20
Updating learning rate to 7.938122955027528e-05
	iters: 100, epoch: 59 | loss: 0.5476577
	speed: 0.4125s/iter; left time: 4481.5033s
	iters: 200, epoch: 59 | loss: 0.5628583
	speed: 0.2003s/iter; left time: 2156.2965s
Epoch: 59 cost time: 52.176663875579834
Epoch: 59, Steps: 261 | Train Loss: 0.5134767 Vali Loss: 0.2901229 Test Loss: 0.3743942
EarlyStopping counter: 3 out of 20
Updating learning rate to 7.722362991628698e-05
	iters: 100, epoch: 60 | loss: 0.5654794
	speed: 0.4168s/iter; left time: 4418.8757s
	iters: 200, epoch: 60 | loss: 0.5479788
	speed: 0.1905s/iter; left time: 2000.9668s
Epoch: 60 cost time: 50.45350742340088
Epoch: 60, Steps: 261 | Train Loss: 0.5103472 Vali Loss: 0.2904619 Test Loss: 0.3737669
EarlyStopping counter: 4 out of 20
Updating learning rate to 7.499141275317558e-05
	iters: 100, epoch: 61 | loss: 0.5728598
	speed: 0.4113s/iter; left time: 4253.0196s
	iters: 200, epoch: 61 | loss: 0.5475850
	speed: 0.2007s/iter; left time: 2055.5849s
Epoch: 61 cost time: 51.4921875
Epoch: 61, Steps: 261 | Train Loss: 0.5083704 Vali Loss: 0.2906553 Test Loss: 0.3726258
EarlyStopping counter: 5 out of 20
Updating learning rate to 7.269069641302562e-05
	iters: 100, epoch: 62 | loss: 0.5186014
	speed: 0.4083s/iter; left time: 4115.5642s
	iters: 200, epoch: 62 | loss: 0.5529694
	speed: 0.1979s/iter; left time: 1975.2648s
Epoch: 62 cost time: 49.463054895401
Epoch: 62, Steps: 261 | Train Loss: 0.5049576 Vali Loss: 0.2905650 Test Loss: 0.3722635
EarlyStopping counter: 6 out of 20
Updating learning rate to 7.032778699940462e-05
	iters: 100, epoch: 63 | loss: 0.4865122
	speed: 0.4028s/iter; left time: 3954.6205s
	iters: 200, epoch: 63 | loss: 0.4448602
	speed: 0.1966s/iter; left time: 1911.1539s
Epoch: 63 cost time: 50.52305746078491
Epoch: 63, Steps: 261 | Train Loss: 0.5029009 Vali Loss: 0.2903664 Test Loss: 0.3717558
EarlyStopping counter: 7 out of 20
Updating learning rate to 6.79091610827715e-05
	iters: 100, epoch: 64 | loss: 0.5870086
	speed: 0.4001s/iter; left time: 3824.4510s
	iters: 200, epoch: 64 | loss: 0.4605542
	speed: 0.1884s/iter; left time: 1781.7922s
Epoch: 64 cost time: 49.252197265625
Epoch: 64, Steps: 261 | Train Loss: 0.4997411 Vali Loss: 0.2907727 Test Loss: 0.3713395
EarlyStopping counter: 8 out of 20
Updating learning rate to 6.544144794864713e-05
	iters: 100, epoch: 65 | loss: 0.4879738
	speed: 0.4089s/iter; left time: 3801.4093s
	iters: 200, epoch: 65 | loss: 0.3915334
	speed: 0.1863s/iter; left time: 1713.3719s
Epoch: 65 cost time: 49.602195024490356
Epoch: 65, Steps: 261 | Train Loss: 0.4978270 Vali Loss: 0.2914692 Test Loss: 0.3709179
EarlyStopping counter: 9 out of 20
Updating learning rate to 6.293141142720349e-05
	iters: 100, epoch: 66 | loss: 0.4155802
	speed: 0.4071s/iter; left time: 3678.3529s
	iters: 200, epoch: 66 | loss: 0.3594667
	speed: 0.1909s/iter; left time: 1705.7048s
Epoch: 66 cost time: 49.71232008934021
Epoch: 66, Steps: 261 | Train Loss: 0.4951721 Vali Loss: 0.2910573 Test Loss: 0.3706271
EarlyStopping counter: 10 out of 20
Updating learning rate to 6.038593135407538e-05
	iters: 100, epoch: 67 | loss: 0.4382643
	speed: 0.3996s/iter; left time: 3506.5443s
	iters: 200, epoch: 67 | loss: 0.4306243
	speed: 0.1855s/iter; left time: 1609.1477s
Epoch: 67 cost time: 49.28394865989685
Epoch: 67, Steps: 261 | Train Loss: 0.4929049 Vali Loss: 0.2911505 Test Loss: 0.3698839
EarlyStopping counter: 11 out of 20
Updating learning rate to 5.7811984713209085e-05
	iters: 100, epoch: 68 | loss: 0.5931936
	speed: 0.4036s/iter; left time: 3435.9145s
	iters: 200, epoch: 68 | loss: 0.4390402
	speed: 0.1913s/iter; left time: 1610.0027s
Epoch: 68 cost time: 49.435856342315674
Epoch: 68, Steps: 261 | Train Loss: 0.4914116 Vali Loss: 0.2911600 Test Loss: 0.3698001
EarlyStopping counter: 12 out of 20
Updating learning rate to 5.5216626513434395e-05
	iters: 100, epoch: 69 | loss: 0.4116392
	speed: 0.3990s/iter; left time: 3293.2448s
	iters: 200, epoch: 69 | loss: 0.6975625
	speed: 0.1846s/iter; left time: 1504.9752s
Epoch: 69 cost time: 49.3571937084198
Epoch: 69, Steps: 261 | Train Loss: 0.4892050 Vali Loss: 0.2911767 Test Loss: 0.3697507
EarlyStopping counter: 13 out of 20
Updating learning rate to 5.260697045117572e-05
	iters: 100, epoch: 70 | loss: 0.4591339
	speed: 0.4008s/iter; left time: 3202.8875s
	iters: 200, epoch: 70 | loss: 0.5175619
	speed: 0.1852s/iter; left time: 1461.6433s
Epoch: 70 cost time: 49.0532660484314
Epoch: 70, Steps: 261 | Train Loss: 0.4870303 Vali Loss: 0.2907804 Test Loss: 0.3694918
EarlyStopping counter: 14 out of 20
Updating learning rate to 4.999016941230477e-05
	iters: 100, epoch: 71 | loss: 0.4386556
	speed: 0.4030s/iter; left time: 3115.9653s
	iters: 200, epoch: 71 | loss: 0.6476620
	speed: 0.1824s/iter; left time: 1391.9177s
Epoch: 71 cost time: 49.56361269950867
Epoch: 71, Steps: 261 | Train Loss: 0.4853095 Vali Loss: 0.2912552 Test Loss: 0.3698109
EarlyStopping counter: 15 out of 20
Updating learning rate to 4.7373395866577476e-05
	iters: 100, epoch: 72 | loss: 0.4917670
	speed: 0.4015s/iter; left time: 2999.0696s
	iters: 200, epoch: 72 | loss: 0.4565733
	speed: 0.1807s/iter; left time: 1331.4301s
Epoch: 72 cost time: 47.90284562110901
Epoch: 72, Steps: 261 | Train Loss: 0.4838513 Vali Loss: 0.2908635 Test Loss: 0.3697491
EarlyStopping counter: 16 out of 20
Updating learning rate to 4.476382220839299e-05
	iters: 100, epoch: 73 | loss: 0.4263675
	speed: 0.3964s/iter; left time: 2857.4363s
	iters: 200, epoch: 73 | loss: 0.5095543
	speed: 0.1877s/iter; left time: 1334.1296s
Epoch: 73 cost time: 48.3185601234436
Epoch: 73, Steps: 261 | Train Loss: 0.4814309 Vali Loss: 0.2913207 Test Loss: 0.3690210
EarlyStopping counter: 17 out of 20
Updating learning rate to 4.2168601097759126e-05
	iters: 100, epoch: 74 | loss: 0.3779683
	speed: 0.3956s/iter; left time: 2748.3814s
	iters: 200, epoch: 74 | loss: 0.6409522
	speed: 0.1866s/iter; left time: 1278.0869s
Epoch: 74 cost time: 48.724406003952026
Epoch: 74, Steps: 261 | Train Loss: 0.4807456 Vali Loss: 0.2909953 Test Loss: 0.3694992
EarlyStopping counter: 18 out of 20
Updating learning rate to 3.959484585534855e-05
	iters: 100, epoch: 75 | loss: 0.4452065
	speed: 0.3923s/iter; left time: 2623.4343s
	iters: 200, epoch: 75 | loss: 0.3454145
	speed: 0.1888s/iter; left time: 1243.6496s
Epoch: 75 cost time: 48.7427339553833
Epoch: 75, Steps: 261 | Train Loss: 0.4793328 Vali Loss: 0.2912137 Test Loss: 0.3693409
EarlyStopping counter: 19 out of 20
Updating learning rate to 3.7049610965381156e-05
	iters: 100, epoch: 76 | loss: 0.5002723
	speed: 0.3957s/iter; left time: 2542.5916s
	iters: 200, epoch: 76 | loss: 0.4826407
	speed: 0.1810s/iter; left time: 1144.7381s
Epoch: 76 cost time: 48.28008270263672
Epoch: 76, Steps: 261 | Train Loss: 0.4779376 Vali Loss: 0.2916508 Test Loss: 0.3694043
EarlyStopping counter: 20 out of 20
Early stopping
>>>>>>>testing : CMS_ettm2_336_720_PatchTST_ETTm2_ftM_sl336_ll48_pl720_dm128_nh16_el3_dl1_df256_fc1_ebtimeF_dtTrue_Exp_0<<<<<<<<<<<<<<<<<<<<<<<<<<<<<<<<<
test 10801
mse:0.37743473052978516, mae:0.39661678671836853, rse:0.4932539761066437
