==========================================================
Lanzando Experimento: CMS_weather | Dataset: weather
==========================================================
Args in experiment:
Namespace(random_seed=2021, is_training=1, model_id='CMS_weather_336_96', model='PatchTST', data='custom', root_path='./dataset/', data_path='weather.csv', features='M', target='OT', freq='h', checkpoints='./checkpoints/', seq_len=336, label_len=48, pred_len=96, head_type='cms', fc_dropout=0.2, head_dropout=0.0, patch_len=16, stride=8, padding_patch='end', revin=1, affine=0, subtract_last=0, decomposition=0, kernel_size=25, individual=0, embed_type=0, enc_in=21, dec_in=7, c_out=7, d_model=128, n_heads=16, e_layers=3, d_layers=1, d_ff=256, moving_avg=25, factor=1, distil=True, dropout=0.2, embed='timeF', activation='gelu', output_attention=False, do_predict=False, num_workers=0, itr=1, train_epochs=100, batch_size=128, patience=20, learning_rate=0.0001, des='Exp', loss='mse', lradj='type3', pct_start=0.3, use_amp=False, use_gpu=True, gpu=0, use_multi_gpu=False, devices='0,1,2,3', test_flop=False)
Use GPU: cuda:0
>>>>>>>start training : CMS_weather_336_96_PatchTST_custom_ftM_sl336_ll48_pl96_dm128_nh16_el3_dl1_df256_fc1_ebtimeF_dtTrue_Exp_0>>>>>>>>>>>>>>>>>>>>>>>>>>
train 36456
val 5175
test 10444
	iters: 100, epoch: 1 | loss: 0.8795122
	speed: 0.1612s/iter; left time: 4561.6105s
	iters: 200, epoch: 1 | loss: 1.1340853
	speed: 0.1225s/iter; left time: 3454.8569s
Epoch: 1 cost time: 35.31802988052368
Epoch: 1, Steps: 284 | Train Loss: 0.7139826 Vali Loss: 0.6494144 Test Loss: 0.2615979
Validation loss decreased (inf --> 0.649414).  Saving model ...
Updating learning rate to 0.0001
	iters: 100, epoch: 2 | loss: 0.6768756
	speed: 0.2856s/iter; left time: 8001.5665s
	iters: 200, epoch: 2 | loss: 0.6507708
	speed: 0.1231s/iter; left time: 3437.5883s
Epoch: 2 cost time: 34.96015000343323
Epoch: 2, Steps: 284 | Train Loss: 0.6952121 Vali Loss: 0.6234767 Test Loss: 0.2539821
Validation loss decreased (0.649414 --> 0.623477).  Saving model ...
Updating learning rate to 0.0001
	iters: 100, epoch: 3 | loss: 0.6064348
	speed: 0.2858s/iter; left time: 7926.7508s
	iters: 200, epoch: 3 | loss: 0.8121944
	speed: 0.1237s/iter; left time: 3419.1205s
Epoch: 3 cost time: 35.138397455215454
Epoch: 3, Steps: 284 | Train Loss: 0.6643475 Vali Loss: 0.6003206 Test Loss: 0.2471382
Validation loss decreased (0.623477 --> 0.600321).  Saving model ...
Updating learning rate to 0.0001
	iters: 100, epoch: 4 | loss: 0.6539865
	speed: 0.2866s/iter; left time: 7867.9492s
	iters: 200, epoch: 4 | loss: 0.6149548
	speed: 0.1241s/iter; left time: 3393.5855s
Epoch: 4 cost time: 35.24353313446045
Epoch: 4, Steps: 284 | Train Loss: 0.6356693 Vali Loss: 0.5760390 Test Loss: 0.2401021
Validation loss decreased (0.600321 --> 0.576039).  Saving model ...
Updating learning rate to 9e-05
	iters: 100, epoch: 5 | loss: 0.7941765
	speed: 0.2876s/iter; left time: 7811.8423s
	iters: 200, epoch: 5 | loss: 0.6159636
	speed: 0.1246s/iter; left time: 3371.2120s
Epoch: 5 cost time: 35.33499503135681
Epoch: 5, Steps: 284 | Train Loss: 0.6092792 Vali Loss: 0.5547292 Test Loss: 0.2335416
Validation loss decreased (0.576039 --> 0.554729).  Saving model ...
Updating learning rate to 8.1e-05
	iters: 100, epoch: 6 | loss: 0.7115458
	speed: 0.2876s/iter; left time: 7729.9516s
	iters: 200, epoch: 6 | loss: 0.6727081
	speed: 0.1243s/iter; left time: 3329.4748s
Epoch: 6 cost time: 35.32244610786438
Epoch: 6, Steps: 284 | Train Loss: 0.5857054 Vali Loss: 0.5355697 Test Loss: 0.2276776
Validation loss decreased (0.554729 --> 0.535570).  Saving model ...
Updating learning rate to 7.290000000000001e-05
	iters: 100, epoch: 7 | loss: 0.6293351
	speed: 0.2873s/iter; left time: 7642.4118s
	iters: 200, epoch: 7 | loss: 0.9657043
	speed: 0.1244s/iter; left time: 3297.4816s
Epoch: 7 cost time: 35.36505126953125
Epoch: 7, Steps: 284 | Train Loss: 0.5669923 Vali Loss: 0.5232662 Test Loss: 0.2224616
Validation loss decreased (0.535570 --> 0.523266).  Saving model ...
Updating learning rate to 6.561e-05
	iters: 100, epoch: 8 | loss: 0.6904352
	speed: 0.2884s/iter; left time: 7588.0941s
	iters: 200, epoch: 8 | loss: 0.4235383
	speed: 0.1248s/iter; left time: 3271.8750s
Epoch: 8 cost time: 35.450051069259644
Epoch: 8, Steps: 284 | Train Loss: 0.5509555 Vali Loss: 0.5126475 Test Loss: 0.2178356
Validation loss decreased (0.523266 --> 0.512648).  Saving model ...
Updating learning rate to 5.904900000000001e-05
	iters: 100, epoch: 9 | loss: 0.4875848
	speed: 0.2887s/iter; left time: 7515.6916s
	iters: 200, epoch: 9 | loss: 0.7053368
	speed: 0.1249s/iter; left time: 3238.5858s
Epoch: 9 cost time: 35.47239947319031
Epoch: 9, Steps: 284 | Train Loss: 0.5376040 Vali Loss: 0.5028275 Test Loss: 0.2137140
Validation loss decreased (0.512648 --> 0.502828).  Saving model ...
Updating learning rate to 5.3144100000000005e-05
	iters: 100, epoch: 10 | loss: 0.4822943
	speed: 0.2893s/iter; left time: 7446.7868s
	iters: 200, epoch: 10 | loss: 0.8455534
	speed: 0.1249s/iter; left time: 3202.8371s
Epoch: 10 cost time: 35.48989200592041
Epoch: 10, Steps: 284 | Train Loss: 0.5268328 Vali Loss: 0.4943694 Test Loss: 0.2100782
Validation loss decreased (0.502828 --> 0.494369).  Saving model ...
Updating learning rate to 4.782969000000001e-05
	iters: 100, epoch: 11 | loss: 0.5175180
	speed: 0.2887s/iter; left time: 7350.6000s
	iters: 200, epoch: 11 | loss: 0.4274307
	speed: 0.1249s/iter; left time: 3167.4597s
Epoch: 11 cost time: 35.47317123413086
Epoch: 11, Steps: 284 | Train Loss: 0.5174558 Vali Loss: 0.4850903 Test Loss: 0.2068385
Validation loss decreased (0.494369 --> 0.485090).  Saving model ...
Updating learning rate to 4.304672100000001e-05
	iters: 100, epoch: 12 | loss: 0.4030546
	speed: 0.2888s/iter; left time: 7270.1269s
	iters: 200, epoch: 12 | loss: 0.4368415
	speed: 0.1249s/iter; left time: 3132.1943s
Epoch: 12 cost time: 35.48238515853882
Epoch: 12, Steps: 284 | Train Loss: 0.5089998 Vali Loss: 0.4767431 Test Loss: 0.2038481
Validation loss decreased (0.485090 --> 0.476743).  Saving model ...
Updating learning rate to 3.874204890000001e-05
	iters: 100, epoch: 13 | loss: 0.9690695
	speed: 0.2887s/iter; left time: 7186.2229s
	iters: 200, epoch: 13 | loss: 0.4259936
	speed: 0.1249s/iter; left time: 3096.5881s
Epoch: 13 cost time: 35.492698431015015
Epoch: 13, Steps: 284 | Train Loss: 0.5029943 Vali Loss: 0.4715870 Test Loss: 0.2012351
Validation loss decreased (0.476743 --> 0.471587).  Saving model ...
Updating learning rate to 3.486784401000001e-05
	iters: 100, epoch: 14 | loss: 0.7452316
	speed: 0.2887s/iter; left time: 7104.7676s
	iters: 200, epoch: 14 | loss: 0.5525131
	speed: 0.1250s/iter; left time: 3063.2334s
Epoch: 14 cost time: 35.488412380218506
Epoch: 14, Steps: 284 | Train Loss: 0.4974868 Vali Loss: 0.4683126 Test Loss: 0.1988847
Validation loss decreased (0.471587 --> 0.468313).  Saving model ...
Updating learning rate to 3.138105960900001e-05
	iters: 100, epoch: 15 | loss: 0.3965946
	speed: 0.2889s/iter; left time: 7026.4092s
	iters: 200, epoch: 15 | loss: 0.3422827
	speed: 0.1249s/iter; left time: 3026.0669s
Epoch: 15 cost time: 35.486464977264404
Epoch: 15, Steps: 284 | Train Loss: 0.4925213 Vali Loss: 0.4628537 Test Loss: 0.1968041
Validation loss decreased (0.468313 --> 0.462854).  Saving model ...
Updating learning rate to 2.824295364810001e-05
	iters: 100, epoch: 16 | loss: 0.6607872
	speed: 0.2895s/iter; left time: 6959.0159s
	iters: 200, epoch: 16 | loss: 0.7826985
	speed: 0.1249s/iter; left time: 2990.2505s
Epoch: 16 cost time: 35.51393437385559
Epoch: 16, Steps: 284 | Train Loss: 0.4883469 Vali Loss: 0.4592041 Test Loss: 0.1949657
Validation loss decreased (0.462854 --> 0.459204).  Saving model ...
Updating learning rate to 2.541865828329001e-05
	iters: 100, epoch: 17 | loss: 0.4163558
	speed: 0.2887s/iter; left time: 6859.4051s
	iters: 200, epoch: 17 | loss: 0.9223975
	speed: 0.1249s/iter; left time: 2955.2864s
Epoch: 17 cost time: 35.48162055015564
Epoch: 17, Steps: 284 | Train Loss: 0.4844132 Vali Loss: 0.4559277 Test Loss: 0.1932850
Validation loss decreased (0.459204 --> 0.455928).  Saving model ...
Updating learning rate to 2.287679245496101e-05
	iters: 100, epoch: 18 | loss: 0.3098554
	speed: 0.2884s/iter; left time: 6769.8408s
	iters: 200, epoch: 18 | loss: 0.5564102
	speed: 0.1249s/iter; left time: 2920.0742s
Epoch: 18 cost time: 35.484771490097046
Epoch: 18, Steps: 284 | Train Loss: 0.4816337 Vali Loss: 0.4526796 Test Loss: 0.1918160
Validation loss decreased (0.455928 --> 0.452680).  Saving model ...
Updating learning rate to 2.0589113209464907e-05
	iters: 100, epoch: 19 | loss: 0.8622241
	speed: 0.2894s/iter; left time: 6710.9676s
	iters: 200, epoch: 19 | loss: 0.5757689
	speed: 0.1249s/iter; left time: 2883.8303s
Epoch: 19 cost time: 35.48996543884277
Epoch: 19, Steps: 284 | Train Loss: 0.4790389 Vali Loss: 0.4506392 Test Loss: 0.1904850
Validation loss decreased (0.452680 --> 0.450639).  Saving model ...
Updating learning rate to 1.8530201888518416e-05
	iters: 100, epoch: 20 | loss: 0.4972667
	speed: 0.2886s/iter; left time: 6611.1520s
	iters: 200, epoch: 20 | loss: 0.4217461
	speed: 0.1249s/iter; left time: 2849.2080s
Epoch: 20 cost time: 35.48178672790527
Epoch: 20, Steps: 284 | Train Loss: 0.4766280 Vali Loss: 0.4474467 Test Loss: 0.1893371
Validation loss decreased (0.450639 --> 0.447447).  Saving model ...
Updating learning rate to 1.6677181699666577e-05
	iters: 100, epoch: 21 | loss: 0.3350156
	speed: 0.2887s/iter; left time: 6531.0219s
	iters: 200, epoch: 21 | loss: 0.3977734
	speed: 0.1249s/iter; left time: 2813.0399s
Epoch: 21 cost time: 35.47567915916443
Epoch: 21, Steps: 284 | Train Loss: 0.4736050 Vali Loss: 0.4438177 Test Loss: 0.1882610
Validation loss decreased (0.447447 --> 0.443818).  Saving model ...
Updating learning rate to 1.5009463529699919e-05
	iters: 100, epoch: 22 | loss: 0.3381528
	speed: 0.2887s/iter; left time: 6448.0661s
	iters: 200, epoch: 22 | loss: 0.4643404
	speed: 0.1249s/iter; left time: 2776.7769s
Epoch: 22 cost time: 35.467411279678345
Epoch: 22, Steps: 284 | Train Loss: 0.4723901 Vali Loss: 0.4438381 Test Loss: 0.1873091
EarlyStopping counter: 1 out of 20
Updating learning rate to 1.3508517176729929e-05
	iters: 100, epoch: 23 | loss: 0.3331021
	speed: 0.2880s/iter; left time: 6351.9786s
	iters: 200, epoch: 23 | loss: 0.4319974
	speed: 0.1249s/iter; left time: 2741.6143s
Epoch: 23 cost time: 35.470176696777344
Epoch: 23, Steps: 284 | Train Loss: 0.4703730 Vali Loss: 0.4413720 Test Loss: 0.1864690
Validation loss decreased (0.443818 --> 0.441372).  Saving model ...
Updating learning rate to 1.2157665459056936e-05
	iters: 100, epoch: 24 | loss: 0.5163978
	speed: 0.2887s/iter; left time: 6283.6948s
	iters: 200, epoch: 24 | loss: 0.4056202
	speed: 0.1249s/iter; left time: 2705.9993s
Epoch: 24 cost time: 35.475385665893555
Epoch: 24, Steps: 284 | Train Loss: 0.4694338 Vali Loss: 0.4411941 Test Loss: 0.1856985
Validation loss decreased (0.441372 --> 0.441194).  Saving model ...
Updating learning rate to 1.0941898913151242e-05
	iters: 100, epoch: 25 | loss: 0.3917590
	speed: 0.2890s/iter; left time: 6208.2973s
	iters: 200, epoch: 25 | loss: 0.5671700
	speed: 0.1249s/iter; left time: 2671.8185s
Epoch: 25 cost time: 35.491045236587524
Epoch: 25, Steps: 284 | Train Loss: 0.4672012 Vali Loss: 0.4391509 Test Loss: 0.1849963
Validation loss decreased (0.441194 --> 0.439151).  Saving model ...
Updating learning rate to 9.847709021836118e-06
	iters: 100, epoch: 26 | loss: 0.3423560
	speed: 0.2893s/iter; left time: 6133.1784s
	iters: 200, epoch: 26 | loss: 0.3688796
	speed: 0.1249s/iter; left time: 2635.4462s
Epoch: 26 cost time: 35.474289894104004
Epoch: 26, Steps: 284 | Train Loss: 0.4675480 Vali Loss: 0.4357657 Test Loss: 0.1843918
Validation loss decreased (0.439151 --> 0.435766).  Saving model ...
Updating learning rate to 8.862938119652508e-06
	iters: 100, epoch: 27 | loss: 0.3985012
	speed: 0.2890s/iter; left time: 6045.0051s
	iters: 200, epoch: 27 | loss: 0.3427353
	speed: 0.1249s/iter; left time: 2599.4723s
Epoch: 27 cost time: 35.48075222969055
Epoch: 27, Steps: 284 | Train Loss: 0.4663338 Vali Loss: 0.4371709 Test Loss: 0.1838611
EarlyStopping counter: 1 out of 20
Updating learning rate to 7.976644307687255e-06
	iters: 100, epoch: 28 | loss: 0.3299627
	speed: 0.2880s/iter; left time: 5942.3812s
	iters: 200, epoch: 28 | loss: 0.4065857
	speed: 0.1249s/iter; left time: 2563.9828s
Epoch: 28 cost time: 35.467087507247925
Epoch: 28, Steps: 284 | Train Loss: 0.4655398 Vali Loss: 0.4355083 Test Loss: 0.1833784
Validation loss decreased (0.435766 --> 0.435508).  Saving model ...
Updating learning rate to 7.178979876918531e-06
	iters: 100, epoch: 29 | loss: 0.3796584
	speed: 0.2892s/iter; left time: 5885.6129s
	iters: 200, epoch: 29 | loss: 0.4307025
	speed: 0.1249s/iter; left time: 2529.6267s
Epoch: 29 cost time: 35.480167627334595
Epoch: 29, Steps: 284 | Train Loss: 0.4639155 Vali Loss: 0.4336246 Test Loss: 0.1829600
Validation loss decreased (0.435508 --> 0.433625).  Saving model ...
Updating learning rate to 6.4610818892266776e-06
	iters: 100, epoch: 30 | loss: 0.4388607
	speed: 0.2897s/iter; left time: 5813.6322s
	iters: 200, epoch: 30 | loss: 0.6794112
	speed: 0.1249s/iter; left time: 2493.6411s
Epoch: 30 cost time: 35.48638892173767
Epoch: 30, Steps: 284 | Train Loss: 0.4638741 Vali Loss: 0.4315298 Test Loss: 0.1825643
Validation loss decreased (0.433625 --> 0.431530).  Saving model ...
Updating learning rate to 5.8149737003040096e-06
	iters: 100, epoch: 31 | loss: 0.3282621
	speed: 0.2900s/iter; left time: 5736.0605s
	iters: 200, epoch: 31 | loss: 0.3493136
	speed: 0.1249s/iter; left time: 2458.3855s
Epoch: 31 cost time: 35.48488211631775
Epoch: 31, Steps: 284 | Train Loss: 0.4634788 Vali Loss: 0.4335492 Test Loss: 0.1822155
EarlyStopping counter: 1 out of 20
Updating learning rate to 5.23347633027361e-06
	iters: 100, epoch: 32 | loss: 0.4969068
	speed: 0.2881s/iter; left time: 5617.8012s
	iters: 200, epoch: 32 | loss: 0.5851378
	speed: 0.1249s/iter; left time: 2422.7645s
Epoch: 32 cost time: 35.47365117073059
Epoch: 32, Steps: 284 | Train Loss: 0.4628776 Vali Loss: 0.4326325 Test Loss: 0.1819285
EarlyStopping counter: 2 out of 20
Updating learning rate to 4.710128697246249e-06
	iters: 100, epoch: 33 | loss: 0.5578185
	speed: 0.2881s/iter; left time: 5536.0218s
	iters: 200, epoch: 33 | loss: 0.3306556
	speed: 0.1249s/iter; left time: 2387.3171s
Epoch: 33 cost time: 35.47903919219971
Epoch: 33, Steps: 284 | Train Loss: 0.4624771 Vali Loss: 0.4319844 Test Loss: 0.1816232
EarlyStopping counter: 3 out of 20
Updating learning rate to 4.239115827521624e-06
	iters: 100, epoch: 34 | loss: 0.4111667
	speed: 0.2882s/iter; left time: 5455.5578s
	iters: 200, epoch: 34 | loss: 0.3153997
	speed: 0.1249s/iter; left time: 2351.4348s
Epoch: 34 cost time: 35.47507858276367
Epoch: 34, Steps: 284 | Train Loss: 0.4622909 Vali Loss: 0.4317534 Test Loss: 0.1813607
EarlyStopping counter: 4 out of 20
Updating learning rate to 3.815204244769462e-06
	iters: 100, epoch: 35 | loss: 0.7522467
	speed: 0.2879s/iter; left time: 5367.0816s
	iters: 200, epoch: 35 | loss: 0.6140480
	speed: 0.1249s/iter; left time: 2316.6619s
Epoch: 35 cost time: 35.47934436798096
Epoch: 35, Steps: 284 | Train Loss: 0.4618009 Vali Loss: 0.4320849 Test Loss: 0.1811665
EarlyStopping counter: 5 out of 20
Updating learning rate to 3.4336838202925152e-06
	iters: 100, epoch: 36 | loss: 0.4236911
	speed: 0.2881s/iter; left time: 5289.8625s
	iters: 200, epoch: 36 | loss: 0.5918340
	speed: 0.1249s/iter; left time: 2281.0428s
Epoch: 36 cost time: 35.47610950469971
Epoch: 36, Steps: 284 | Train Loss: 0.4613064 Vali Loss: 0.4273940 Test Loss: 0.1809520
Validation loss decreased (0.431530 --> 0.427394).  Saving model ...
Updating learning rate to 3.090315438263264e-06
	iters: 100, epoch: 37 | loss: 0.3830486
	speed: 0.2889s/iter; left time: 5222.9067s
	iters: 200, epoch: 37 | loss: 0.3828122
	speed: 0.1249s/iter; left time: 2245.1937s
Epoch: 37 cost time: 35.47487950325012
Epoch: 37, Steps: 284 | Train Loss: 0.4613090 Vali Loss: 0.4311922 Test Loss: 0.1807552
EarlyStopping counter: 1 out of 20
Updating learning rate to 2.7812838944369375e-06
	iters: 100, epoch: 38 | loss: 0.3903782
	speed: 0.2884s/iter; left time: 5131.5874s
	iters: 200, epoch: 38 | loss: 0.4124317
	speed: 0.1249s/iter; left time: 2209.3364s
Epoch: 38 cost time: 35.467788219451904
Epoch: 38, Steps: 284 | Train Loss: 0.4609530 Vali Loss: 0.4294620 Test Loss: 0.1806346
EarlyStopping counter: 2 out of 20
Updating learning rate to 2.503155504993244e-06
	iters: 100, epoch: 39 | loss: 0.6603526
	speed: 0.2886s/iter; left time: 5052.7396s
	iters: 200, epoch: 39 | loss: 0.3612082
	speed: 0.1249s/iter; left time: 2174.0231s
Epoch: 39 cost time: 35.47905349731445
Epoch: 39, Steps: 284 | Train Loss: 0.4606276 Vali Loss: 0.4289051 Test Loss: 0.1804715
EarlyStopping counter: 3 out of 20
Updating learning rate to 2.2528399544939195e-06
	iters: 100, epoch: 40 | loss: 0.6668804
	speed: 0.2881s/iter; left time: 4962.7727s
	iters: 200, epoch: 40 | loss: 0.8516286
	speed: 0.1249s/iter; left time: 2139.1903s
Epoch: 40 cost time: 35.48197793960571
Epoch: 40, Steps: 284 | Train Loss: 0.4594317 Vali Loss: 0.4287480 Test Loss: 0.1803614
EarlyStopping counter: 4 out of 20
Updating learning rate to 2.0275559590445276e-06
	iters: 100, epoch: 41 | loss: 0.5890918
	speed: 0.2881s/iter; left time: 4879.9991s
	iters: 200, epoch: 41 | loss: 0.4275652
	speed: 0.1249s/iter; left time: 2103.4492s
Epoch: 41 cost time: 35.474042892456055
Epoch: 41, Steps: 284 | Train Loss: 0.4603469 Vali Loss: 0.4275596 Test Loss: 0.1802363
EarlyStopping counter: 5 out of 20
Updating learning rate to 1.8248003631400751e-06
	iters: 100, epoch: 42 | loss: 0.7279712
	speed: 0.2880s/iter; left time: 4798.0387s
	iters: 200, epoch: 42 | loss: 0.4962341
	speed: 0.1249s/iter; left time: 2067.9135s
Epoch: 42 cost time: 35.472349643707275
Epoch: 42, Steps: 284 | Train Loss: 0.4601085 Vali Loss: 0.4286183 Test Loss: 0.1801248
EarlyStopping counter: 6 out of 20
Updating learning rate to 1.6423203268260676e-06
	iters: 100, epoch: 43 | loss: 0.3882435
	speed: 0.2882s/iter; left time: 4718.3678s
	iters: 200, epoch: 43 | loss: 0.3657343
	speed: 0.1249s/iter; left time: 2032.2509s
Epoch: 43 cost time: 35.4711971282959
Epoch: 43, Steps: 284 | Train Loss: 0.4599712 Vali Loss: 0.4298387 Test Loss: 0.1800196
EarlyStopping counter: 7 out of 20
Updating learning rate to 1.4780882941434609e-06
	iters: 100, epoch: 44 | loss: 0.4136123
	speed: 0.2882s/iter; left time: 4636.4800s
	iters: 200, epoch: 44 | loss: 0.4688861
	speed: 0.1249s/iter; left time: 1997.0181s
Epoch: 44 cost time: 35.47164463996887
Epoch: 44, Steps: 284 | Train Loss: 0.4587997 Vali Loss: 0.4275982 Test Loss: 0.1799307
EarlyStopping counter: 8 out of 20
Updating learning rate to 1.3302794647291146e-06
	iters: 100, epoch: 45 | loss: 0.3441027
	speed: 0.2881s/iter; left time: 4553.3308s
	iters: 200, epoch: 45 | loss: 0.3851859
	speed: 0.1250s/iter; left time: 1962.3683s
Epoch: 45 cost time: 35.4851450920105
Epoch: 45, Steps: 284 | Train Loss: 0.4596780 Vali Loss: 0.4287741 Test Loss: 0.1798529
EarlyStopping counter: 9 out of 20
Updating learning rate to 1.1972515182562034e-06
	iters: 100, epoch: 46 | loss: 0.4347934
	speed: 0.2883s/iter; left time: 4475.2685s
	iters: 200, epoch: 46 | loss: 0.5675303
	speed: 0.1249s/iter; left time: 1926.6545s
Epoch: 46 cost time: 35.486037731170654
Epoch: 46, Steps: 284 | Train Loss: 0.4594701 Vali Loss: 0.4274287 Test Loss: 0.1797960
EarlyStopping counter: 10 out of 20
Updating learning rate to 1.077526366430583e-06
	iters: 100, epoch: 47 | loss: 0.5367127
	speed: 0.2884s/iter; left time: 4393.9409s
	iters: 200, epoch: 47 | loss: 0.3200125
	speed: 0.1250s/iter; left time: 1892.3035s
Epoch: 47 cost time: 35.497206687927246
Epoch: 47, Steps: 284 | Train Loss: 0.4591849 Vali Loss: 0.4288994 Test Loss: 0.1797486
EarlyStopping counter: 11 out of 20
Updating learning rate to 9.697737297875248e-07
	iters: 100, epoch: 48 | loss: 0.4170287
	speed: 0.2885s/iter; left time: 4314.0175s
	iters: 200, epoch: 48 | loss: 0.4323808
	speed: 0.1249s/iter; left time: 1855.7246s
Epoch: 48 cost time: 35.48666763305664
Epoch: 48, Steps: 284 | Train Loss: 0.4592526 Vali Loss: 0.4282052 Test Loss: 0.1796807
EarlyStopping counter: 12 out of 20
Updating learning rate to 8.727963568087723e-07
	iters: 100, epoch: 49 | loss: 0.4387473
	speed: 0.2882s/iter; left time: 4226.9388s
	iters: 200, epoch: 49 | loss: 0.8606305
	speed: 0.1249s/iter; left time: 1819.9710s
Epoch: 49 cost time: 35.49520564079285
Epoch: 49, Steps: 284 | Train Loss: 0.4589074 Vali Loss: 0.4297145 Test Loss: 0.1796360
EarlyStopping counter: 13 out of 20
Updating learning rate to 7.855167211278951e-07
	iters: 100, epoch: 50 | loss: 0.5370785
	speed: 0.2883s/iter; left time: 4147.5776s
	iters: 200, epoch: 50 | loss: 0.3044509
	speed: 0.1249s/iter; left time: 1784.1454s
Epoch: 50 cost time: 35.470935344696045
Epoch: 50, Steps: 284 | Train Loss: 0.4591741 Vali Loss: 0.4277344 Test Loss: 0.1795958
EarlyStopping counter: 14 out of 20
Updating learning rate to 7.069650490151056e-07
	iters: 100, epoch: 51 | loss: 0.3923686
	speed: 0.2880s/iter; left time: 4061.6929s
	iters: 200, epoch: 51 | loss: 0.6041805
	speed: 0.1249s/iter; left time: 1748.2711s
Epoch: 51 cost time: 35.472105741500854
Epoch: 51, Steps: 284 | Train Loss: 0.4580874 Vali Loss: 0.4276117 Test Loss: 0.1795458
EarlyStopping counter: 15 out of 20
Updating learning rate to 6.36268544113595e-07
	iters: 100, epoch: 52 | loss: 0.3863958
	speed: 0.2880s/iter; left time: 3979.9264s
	iters: 200, epoch: 52 | loss: 0.4992284
	speed: 0.1249s/iter; left time: 1713.1063s
Epoch: 52 cost time: 35.477237939834595
Epoch: 52, Steps: 284 | Train Loss: 0.4582900 Vali Loss: 0.4282660 Test Loss: 0.1795198
EarlyStopping counter: 16 out of 20
Updating learning rate to 5.726416897022355e-07
	iters: 100, epoch: 53 | loss: 0.4147825
	speed: 0.2881s/iter; left time: 3899.5008s
	iters: 200, epoch: 53 | loss: 0.3964478
	speed: 0.1249s/iter; left time: 1677.9265s
Epoch: 53 cost time: 35.477774143218994
Epoch: 53, Steps: 284 | Train Loss: 0.4586355 Vali Loss: 0.4287410 Test Loss: 0.1794735
EarlyStopping counter: 17 out of 20
Updating learning rate to 5.15377520732012e-07
	iters: 100, epoch: 54 | loss: 0.4703161
	speed: 0.2885s/iter; left time: 3822.0422s
	iters: 200, epoch: 54 | loss: 0.4850835
	speed: 0.1250s/iter; left time: 1643.7346s
Epoch: 54 cost time: 35.49987244606018
Epoch: 54, Steps: 284 | Train Loss: 0.4573757 Vali Loss: 0.4274544 Test Loss: 0.1794489
EarlyStopping counter: 18 out of 20
Updating learning rate to 4.6383976865881085e-07
	iters: 100, epoch: 55 | loss: 0.6734722
	speed: 0.2885s/iter; left time: 3740.4472s
	iters: 200, epoch: 55 | loss: 0.4175501
	speed: 0.1249s/iter; left time: 1607.0468s
Epoch: 55 cost time: 35.51517963409424
Epoch: 55, Steps: 284 | Train Loss: 0.4588270 Vali Loss: 0.4272786 Test Loss: 0.1794205
Validation loss decreased (0.427394 --> 0.427279).  Saving model ...
Updating learning rate to 4.174557917929298e-07
	iters: 100, epoch: 56 | loss: 0.6114542
	speed: 0.2893s/iter; left time: 3668.6290s
	iters: 200, epoch: 56 | loss: 0.3575478
	speed: 0.1249s/iter; left time: 1571.1403s
Epoch: 56 cost time: 35.482645750045776
Epoch: 56, Steps: 284 | Train Loss: 0.4579707 Vali Loss: 0.4285241 Test Loss: 0.1794028
EarlyStopping counter: 1 out of 20
Updating learning rate to 3.7571021261363677e-07
	iters: 100, epoch: 57 | loss: 0.4141568
	speed: 0.2879s/iter; left time: 3569.4042s
	iters: 200, epoch: 57 | loss: 0.5444677
	speed: 0.1249s/iter; left time: 1535.6400s
Epoch: 57 cost time: 35.472018003463745
Epoch: 57, Steps: 284 | Train Loss: 0.4588584 Vali Loss: 0.4279856 Test Loss: 0.1793779
EarlyStopping counter: 2 out of 20
Updating learning rate to 3.381391913522731e-07
	iters: 100, epoch: 58 | loss: 0.8481523
	speed: 0.2882s/iter; left time: 3491.1683s
	iters: 200, epoch: 58 | loss: 0.3956369
	speed: 0.1249s/iter; left time: 1500.3529s
Epoch: 58 cost time: 35.48104929924011
Epoch: 58, Steps: 284 | Train Loss: 0.4588470 Vali Loss: 0.4285416 Test Loss: 0.1793795
EarlyStopping counter: 3 out of 20
Updating learning rate to 3.043252722170458e-07
	iters: 100, epoch: 59 | loss: 0.6404077
	speed: 0.2881s/iter; left time: 3408.0497s
	iters: 200, epoch: 59 | loss: 0.4541190
	speed: 0.1249s/iter; left time: 1464.8741s
Epoch: 59 cost time: 35.4731810092926
Epoch: 59, Steps: 284 | Train Loss: 0.4588082 Vali Loss: 0.4263577 Test Loss: 0.1793385
Validation loss decreased (0.427279 --> 0.426358).  Saving model ...
Updating learning rate to 2.7389274499534124e-07
	iters: 100, epoch: 60 | loss: 0.5478584
	speed: 0.2887s/iter; left time: 3333.2944s
	iters: 200, epoch: 60 | loss: 0.5625528
	speed: 0.1249s/iter; left time: 1429.2802s
Epoch: 60 cost time: 35.47559094429016
Epoch: 60, Steps: 284 | Train Loss: 0.4585916 Vali Loss: 0.4262099 Test Loss: 0.1793195
Validation loss decreased (0.426358 --> 0.426210).  Saving model ...
Updating learning rate to 2.465034704958071e-07
	iters: 100, epoch: 61 | loss: 0.3617737
	speed: 0.2890s/iter; left time: 3254.8254s
	iters: 200, epoch: 61 | loss: 0.5990158
	speed: 0.1249s/iter; left time: 1394.0187s
Epoch: 61 cost time: 35.494060039520264
Epoch: 61, Steps: 284 | Train Loss: 0.4579644 Vali Loss: 0.4293559 Test Loss: 0.1793230
EarlyStopping counter: 1 out of 20
Updating learning rate to 2.218531234462264e-07
	iters: 100, epoch: 62 | loss: 0.6662077
	speed: 0.2882s/iter; left time: 3163.3731s
	iters: 200, epoch: 62 | loss: 0.3925961
	speed: 0.1249s/iter; left time: 1358.1403s
Epoch: 62 cost time: 35.46946716308594
Epoch: 62, Steps: 284 | Train Loss: 0.4588498 Vali Loss: 0.4250932 Test Loss: 0.1793056
Validation loss decreased (0.426210 --> 0.425093).  Saving model ...
Updating learning rate to 1.9966781110160376e-07
	iters: 100, epoch: 63 | loss: 0.6118515
	speed: 0.2886s/iter; left time: 3086.4038s
	iters: 200, epoch: 63 | loss: 0.7718121
	speed: 0.1249s/iter; left time: 1322.8388s
Epoch: 63 cost time: 35.470864057540894
Epoch: 63, Steps: 284 | Train Loss: 0.4586256 Vali Loss: 0.4282823 Test Loss: 0.1792969
EarlyStopping counter: 1 out of 20
Updating learning rate to 1.797010299914434e-07
	iters: 100, epoch: 64 | loss: 0.4135823
	speed: 0.2884s/iter; left time: 3002.1728s
	iters: 200, epoch: 64 | loss: 0.6134180
	speed: 0.1249s/iter; left time: 1287.4731s
Epoch: 64 cost time: 35.47394776344299
Epoch: 64, Steps: 284 | Train Loss: 0.4583118 Vali Loss: 0.4277767 Test Loss: 0.1792830
EarlyStopping counter: 2 out of 20
Updating learning rate to 1.6173092699229907e-07
	iters: 100, epoch: 65 | loss: 0.3124897
	speed: 0.2881s/iter; left time: 2916.7080s
	iters: 200, epoch: 65 | loss: 0.4028349
	speed: 0.1249s/iter; left time: 1252.1333s
Epoch: 65 cost time: 35.47820734977722
Epoch: 65, Steps: 284 | Train Loss: 0.4576897 Vali Loss: 0.4275519 Test Loss: 0.1793033
EarlyStopping counter: 3 out of 20
Updating learning rate to 1.4555783429306916e-07
	iters: 100, epoch: 66 | loss: 0.4384994
	speed: 0.2882s/iter; left time: 2836.2394s
	iters: 200, epoch: 66 | loss: 0.3723636
	speed: 0.1249s/iter; left time: 1216.6966s
Epoch: 66 cost time: 35.48064422607422
Epoch: 66, Steps: 284 | Train Loss: 0.4575733 Vali Loss: 0.4261888 Test Loss: 0.1792671
EarlyStopping counter: 4 out of 20
Updating learning rate to 1.3100205086376224e-07
	iters: 100, epoch: 67 | loss: 0.4038475
	speed: 0.2885s/iter; left time: 2757.5267s
	iters: 200, epoch: 67 | loss: 0.3559267
	speed: 0.1249s/iter; left time: 1181.1102s
Epoch: 67 cost time: 35.5047881603241
Epoch: 67, Steps: 284 | Train Loss: 0.4584691 Vali Loss: 0.4283253 Test Loss: 0.1792583
EarlyStopping counter: 5 out of 20
Updating learning rate to 1.1790184577738603e-07
	iters: 100, epoch: 68 | loss: 0.3781273
	speed: 0.2881s/iter; left time: 2671.9580s
	iters: 200, epoch: 68 | loss: 0.4152892
	speed: 0.1249s/iter; left time: 1145.6656s
Epoch: 68 cost time: 35.477476596832275
Epoch: 68, Steps: 284 | Train Loss: 0.4584920 Vali Loss: 0.4283874 Test Loss: 0.1792509
EarlyStopping counter: 6 out of 20
Updating learning rate to 1.0611166119964742e-07
	iters: 100, epoch: 69 | loss: 0.8624681
	speed: 0.2885s/iter; left time: 2593.6414s
	iters: 200, epoch: 69 | loss: 0.3719784
	speed: 0.1249s/iter; left time: 1110.3008s
Epoch: 69 cost time: 35.478811740875244
Epoch: 69, Steps: 284 | Train Loss: 0.4585729 Vali Loss: 0.4290392 Test Loss: 0.1792498
EarlyStopping counter: 7 out of 20
Updating learning rate to 9.550049507968268e-08
	iters: 100, epoch: 70 | loss: 0.4456156
	speed: 0.2884s/iter; left time: 2510.5828s
	iters: 200, epoch: 70 | loss: 0.3792808
	speed: 0.1249s/iter; left time: 1074.8074s
Epoch: 70 cost time: 35.49248957633972
Epoch: 70, Steps: 284 | Train Loss: 0.4583158 Vali Loss: 0.4268613 Test Loss: 0.1792614
EarlyStopping counter: 8 out of 20
Updating learning rate to 8.595044557171442e-08
	iters: 100, epoch: 71 | loss: 0.6113641
	speed: 0.2881s/iter; left time: 2426.5104s
	iters: 200, epoch: 71 | loss: 0.3954841
	speed: 0.1249s/iter; left time: 1039.2408s
Epoch: 71 cost time: 35.478326082229614
Epoch: 71, Steps: 284 | Train Loss: 0.4583544 Vali Loss: 0.4273593 Test Loss: 0.1792520
EarlyStopping counter: 9 out of 20
Updating learning rate to 7.735540101454298e-08
	iters: 100, epoch: 72 | loss: 0.4185601
	speed: 0.2883s/iter; left time: 2345.5982s
	iters: 200, epoch: 72 | loss: 0.4056435
	speed: 0.1249s/iter; left time: 1003.5760s
Epoch: 72 cost time: 35.468379735946655
Epoch: 72, Steps: 284 | Train Loss: 0.4584207 Vali Loss: 0.4275898 Test Loss: 0.1792409
EarlyStopping counter: 10 out of 20
Updating learning rate to 6.961986091308869e-08
	iters: 100, epoch: 73 | loss: 0.3574686
	speed: 0.2882s/iter; left time: 2263.5046s
	iters: 200, epoch: 73 | loss: 0.3991082
	speed: 0.1249s/iter; left time: 968.2739s
Epoch: 73 cost time: 35.47962212562561
Epoch: 73, Steps: 284 | Train Loss: 0.4583703 Vali Loss: 0.4261162 Test Loss: 0.1792227
EarlyStopping counter: 11 out of 20
Updating learning rate to 6.265787482177981e-08
	iters: 100, epoch: 74 | loss: 0.6546997
	speed: 0.2880s/iter; left time: 2180.0716s
	iters: 200, epoch: 74 | loss: 0.8722960
	speed: 0.1249s/iter; left time: 932.8227s
Epoch: 74 cost time: 35.47532558441162
Epoch: 74, Steps: 284 | Train Loss: 0.4584232 Vali Loss: 0.4282680 Test Loss: 0.1792042
EarlyStopping counter: 12 out of 20
Updating learning rate to 5.639208733960184e-08
	iters: 100, epoch: 75 | loss: 0.4417629
	speed: 0.2881s/iter; left time: 2098.5100s
	iters: 200, epoch: 75 | loss: 0.8208559
	speed: 0.1249s/iter; left time: 897.6029s
Epoch: 75 cost time: 35.47846341133118
Epoch: 75, Steps: 284 | Train Loss: 0.4583367 Vali Loss: 0.4280015 Test Loss: 0.1792201
EarlyStopping counter: 13 out of 20
Updating learning rate to 5.075287860564165e-08
	iters: 100, epoch: 76 | loss: 0.8568006
	speed: 0.2883s/iter; left time: 2018.3529s
	iters: 200, epoch: 76 | loss: 0.3900802
	speed: 0.1249s/iter; left time: 862.0442s
Epoch: 76 cost time: 35.47341203689575
Epoch: 76, Steps: 284 | Train Loss: 0.4580163 Vali Loss: 0.4285766 Test Loss: 0.1792324
EarlyStopping counter: 14 out of 20
Updating learning rate to 4.567759074507749e-08
	iters: 100, epoch: 77 | loss: 0.6282422
	speed: 0.2881s/iter; left time: 1935.0012s
	iters: 200, epoch: 77 | loss: 0.3566559
	speed: 0.1249s/iter; left time: 826.2914s
Epoch: 77 cost time: 35.472617864608765
Epoch: 77, Steps: 284 | Train Loss: 0.4584346 Vali Loss: 0.4269987 Test Loss: 0.1792316
EarlyStopping counter: 15 out of 20
Updating learning rate to 4.1109831670569744e-08
	iters: 100, epoch: 78 | loss: 0.4365305
	speed: 0.2881s/iter; left time: 1853.4116s
	iters: 200, epoch: 78 | loss: 0.5335653
	speed: 0.1249s/iter; left time: 790.8765s
Epoch: 78 cost time: 35.472907304763794
Epoch: 78, Steps: 284 | Train Loss: 0.4586331 Vali Loss: 0.4282417 Test Loss: 0.1792066
EarlyStopping counter: 16 out of 20
Updating learning rate to 3.6998848503512764e-08
	iters: 100, epoch: 79 | loss: 0.4301879
	speed: 0.2880s/iter; left time: 1770.8454s
	iters: 200, epoch: 79 | loss: 0.4290060
	speed: 0.1249s/iter; left time: 755.4726s
Epoch: 79 cost time: 35.47217559814453
Epoch: 79, Steps: 284 | Train Loss: 0.4586194 Vali Loss: 0.4268988 Test Loss: 0.1792175
EarlyStopping counter: 17 out of 20
Updating learning rate to 3.3298963653161496e-08
	iters: 100, epoch: 80 | loss: 0.3346730
	speed: 0.2884s/iter; left time: 1691.7590s
	iters: 200, epoch: 80 | loss: 0.3943370
	speed: 0.1249s/iter; left time: 720.0220s
Epoch: 80 cost time: 35.48107385635376
Epoch: 80, Steps: 284 | Train Loss: 0.4586729 Vali Loss: 0.4272614 Test Loss: 0.1792417
EarlyStopping counter: 18 out of 20
Updating learning rate to 2.996906728784534e-08
	iters: 100, epoch: 81 | loss: 0.4058227
	speed: 0.2888s/iter; left time: 1611.6401s
	iters: 200, epoch: 81 | loss: 0.3573840
	speed: 0.1249s/iter; left time: 684.7847s
Epoch: 81 cost time: 35.5350821018219
Epoch: 81, Steps: 284 | Train Loss: 0.4576152 Vali Loss: 0.4263671 Test Loss: 0.1792090
EarlyStopping counter: 19 out of 20
Updating learning rate to 2.697216055906081e-08
	iters: 100, epoch: 82 | loss: 0.4974497
	speed: 0.2881s/iter; left time: 1526.1354s
	iters: 200, epoch: 82 | loss: 0.3394765
	speed: 0.1249s/iter; left time: 648.9929s
Epoch: 82 cost time: 35.4719500541687
Epoch: 82, Steps: 284 | Train Loss: 0.4569001 Vali Loss: 0.4258917 Test Loss: 0.1792241
EarlyStopping counter: 20 out of 20
Early stopping
>>>>>>>testing : CMS_weather_336_96_PatchTST_custom_ftM_sl336_ll48_pl96_dm128_nh16_el3_dl1_df256_fc1_ebtimeF_dtTrue_Exp_0<<<<<<<<<<<<<<<<<<<<<<<<<<<<<<<<<
test 10444
mse:0.17451052367687225, mae:0.22746801376342773, rse:0.5503270626068115
Args in experiment:
Namespace(random_seed=2021, is_training=1, model_id='CMS_weather_336_192', model='PatchTST', data='custom', root_path='./dataset/', data_path='weather.csv', features='M', target='OT', freq='h', checkpoints='./checkpoints/', seq_len=336, label_len=48, pred_len=192, head_type='cms', fc_dropout=0.2, head_dropout=0.0, patch_len=16, stride=8, padding_patch='end', revin=1, affine=0, subtract_last=0, decomposition=0, kernel_size=25, individual=0, embed_type=0, enc_in=21, dec_in=7, c_out=7, d_model=128, n_heads=16, e_layers=3, d_layers=1, d_ff=256, moving_avg=25, factor=1, distil=True, dropout=0.2, embed='timeF', activation='gelu', output_attention=False, do_predict=False, num_workers=0, itr=1, train_epochs=100, batch_size=128, patience=20, learning_rate=0.0001, des='Exp', loss='mse', lradj='type3', pct_start=0.3, use_amp=False, use_gpu=True, gpu=0, use_multi_gpu=False, devices='0,1,2,3', test_flop=False)
Use GPU: cuda:0
>>>>>>>start training : CMS_weather_336_192_PatchTST_custom_ftM_sl336_ll48_pl192_dm128_nh16_el3_dl1_df256_fc1_ebtimeF_dtTrue_Exp_0>>>>>>>>>>>>>>>>>>>>>>>>>>
train 36360
val 5079
test 10348
	iters: 100, epoch: 1 | loss: 1.1537951
	speed: 0.1570s/iter; left time: 4443.7158s
	iters: 200, epoch: 1 | loss: 0.8635261
	speed: 0.1251s/iter; left time: 3529.1708s
Epoch: 1 cost time: 35.876609325408936
Epoch: 1, Steps: 284 | Train Loss: 0.7379149 Vali Loss: 0.6898259 Test Loss: 0.2907935
Validation loss decreased (inf --> 0.689826).  Saving model ...
Updating learning rate to 0.0001
	iters: 100, epoch: 2 | loss: 0.6599317
	speed: 0.2923s/iter; left time: 8189.2792s
	iters: 200, epoch: 2 | loss: 0.7145351
	speed: 0.1252s/iter; left time: 3494.8186s
Epoch: 2 cost time: 35.54671096801758
Epoch: 2, Steps: 284 | Train Loss: 0.7227833 Vali Loss: 0.6733642 Test Loss: 0.2846979
Validation loss decreased (0.689826 --> 0.673364).  Saving model ...
Updating learning rate to 0.0001
	iters: 100, epoch: 3 | loss: 0.7638225
	speed: 0.2916s/iter; left time: 8087.7887s
	iters: 200, epoch: 3 | loss: 0.6418471
	speed: 0.1254s/iter; left time: 3464.9966s
Epoch: 3 cost time: 35.61375641822815
Epoch: 3, Steps: 284 | Train Loss: 0.6990525 Vali Loss: 0.6546797 Test Loss: 0.2798426
Validation loss decreased (0.673364 --> 0.654680).  Saving model ...
Updating learning rate to 0.0001
	iters: 100, epoch: 4 | loss: 0.6386155
	speed: 0.2918s/iter; left time: 8008.5350s
	iters: 200, epoch: 4 | loss: 0.5687319
	speed: 0.1254s/iter; left time: 3429.4037s
Epoch: 4 cost time: 35.61097598075867
Epoch: 4, Steps: 284 | Train Loss: 0.6791177 Vali Loss: 0.6402060 Test Loss: 0.2751996
Validation loss decreased (0.654680 --> 0.640206).  Saving model ...
Updating learning rate to 9e-05
	iters: 100, epoch: 5 | loss: 0.5646478
	speed: 0.2914s/iter; left time: 7915.1018s
	iters: 200, epoch: 5 | loss: 0.7793804
	speed: 0.1254s/iter; left time: 3392.8570s
Epoch: 5 cost time: 35.618476152420044
Epoch: 5, Steps: 284 | Train Loss: 0.6614836 Vali Loss: 0.6243441 Test Loss: 0.2709977
Validation loss decreased (0.640206 --> 0.624344).  Saving model ...
Updating learning rate to 8.1e-05
	iters: 100, epoch: 6 | loss: 0.5485039
	speed: 0.2915s/iter; left time: 7835.6687s
	iters: 200, epoch: 6 | loss: 0.5654926
	speed: 0.1254s/iter; left time: 3358.0118s
Epoch: 6 cost time: 35.61655068397522
Epoch: 6, Steps: 284 | Train Loss: 0.6465085 Vali Loss: 0.6148970 Test Loss: 0.2672601
Validation loss decreased (0.624344 --> 0.614897).  Saving model ...
Updating learning rate to 7.290000000000001e-05
	iters: 100, epoch: 7 | loss: 0.7745852
	speed: 0.2909s/iter; left time: 7735.9315s
	iters: 200, epoch: 7 | loss: 0.6938705
	speed: 0.1254s/iter; left time: 3321.5086s
Epoch: 7 cost time: 35.609591007232666
Epoch: 7, Steps: 284 | Train Loss: 0.6333198 Vali Loss: 0.6051697 Test Loss: 0.2639011
Validation loss decreased (0.614897 --> 0.605170).  Saving model ...
Updating learning rate to 6.561e-05
	iters: 100, epoch: 8 | loss: 0.6136878
	speed: 0.2909s/iter; left time: 7655.6037s
	iters: 200, epoch: 8 | loss: 0.8822095
	speed: 0.1254s/iter; left time: 3286.8950s
Epoch: 8 cost time: 35.62139105796814
Epoch: 8, Steps: 284 | Train Loss: 0.6229857 Vali Loss: 0.5981140 Test Loss: 0.2609039
Validation loss decreased (0.605170 --> 0.598114).  Saving model ...
Updating learning rate to 5.904900000000001e-05
	iters: 100, epoch: 9 | loss: 0.5575641
	speed: 0.2916s/iter; left time: 7588.8905s
	iters: 200, epoch: 9 | loss: 0.6666059
	speed: 0.1254s/iter; left time: 3251.9774s
Epoch: 9 cost time: 35.62175631523132
Epoch: 9, Steps: 284 | Train Loss: 0.6138027 Vali Loss: 0.5908878 Test Loss: 0.2582430
Validation loss decreased (0.598114 --> 0.590888).  Saving model ...
Updating learning rate to 5.3144100000000005e-05
	iters: 100, epoch: 10 | loss: 0.5677416
	speed: 0.2913s/iter; left time: 7499.0731s
	iters: 200, epoch: 10 | loss: 0.7443504
	speed: 0.1254s/iter; left time: 3215.3213s
Epoch: 10 cost time: 35.62053179740906
Epoch: 10, Steps: 284 | Train Loss: 0.6059978 Vali Loss: 0.5845540 Test Loss: 0.2558736
Validation loss decreased (0.590888 --> 0.584554).  Saving model ...
Updating learning rate to 4.782969000000001e-05
	iters: 100, epoch: 11 | loss: 0.5127570
	speed: 0.2917s/iter; left time: 7425.8696s
	iters: 200, epoch: 11 | loss: 0.6169022
	speed: 0.1254s/iter; left time: 3179.9281s
Epoch: 11 cost time: 35.621408224105835
Epoch: 11, Steps: 284 | Train Loss: 0.5991318 Vali Loss: 0.5811357 Test Loss: 0.2537588
Validation loss decreased (0.584554 --> 0.581136).  Saving model ...
Updating learning rate to 4.304672100000001e-05
	iters: 100, epoch: 12 | loss: 0.4781171
	speed: 0.2925s/iter; left time: 7364.5779s
	iters: 200, epoch: 12 | loss: 0.6286411
	speed: 0.1254s/iter; left time: 3143.5803s
Epoch: 12 cost time: 35.6047568321228
Epoch: 12, Steps: 284 | Train Loss: 0.5932290 Vali Loss: 0.5745522 Test Loss: 0.2519077
Validation loss decreased (0.581136 --> 0.574552).  Saving model ...
Updating learning rate to 3.874204890000001e-05
	iters: 100, epoch: 13 | loss: 0.4918184
	speed: 0.2915s/iter; left time: 7256.3245s
	iters: 200, epoch: 13 | loss: 0.5142100
	speed: 0.1253s/iter; left time: 3107.3761s
Epoch: 13 cost time: 35.612319231033325
Epoch: 13, Steps: 284 | Train Loss: 0.5880430 Vali Loss: 0.5681275 Test Loss: 0.2502197
Validation loss decreased (0.574552 --> 0.568127).  Saving model ...
Updating learning rate to 3.486784401000001e-05
	iters: 100, epoch: 14 | loss: 0.5869973
	speed: 0.2916s/iter; left time: 7177.0542s
	iters: 200, epoch: 14 | loss: 0.5295752
	speed: 0.1254s/iter; left time: 3072.2678s
Epoch: 14 cost time: 35.63918995857239
Epoch: 14, Steps: 284 | Train Loss: 0.5834995 Vali Loss: 0.5656658 Test Loss: 0.2487322
Validation loss decreased (0.568127 --> 0.565666).  Saving model ...
Updating learning rate to 3.138105960900001e-05
	iters: 100, epoch: 15 | loss: 0.5336002
	speed: 0.2924s/iter; left time: 7113.3075s
	iters: 200, epoch: 15 | loss: 0.6068735
	speed: 0.1255s/iter; left time: 3040.8235s
Epoch: 15 cost time: 35.635382890701294
Epoch: 15, Steps: 284 | Train Loss: 0.5794377 Vali Loss: 0.5613621 Test Loss: 0.2473853
Validation loss decreased (0.565666 --> 0.561362).  Saving model ...
Updating learning rate to 2.824295364810001e-05
	iters: 100, epoch: 16 | loss: 0.5101416
	speed: 0.2916s/iter; left time: 7009.2807s
	iters: 200, epoch: 16 | loss: 0.4822541
	speed: 0.1254s/iter; left time: 3001.3874s
Epoch: 16 cost time: 35.609296560287476
Epoch: 16, Steps: 284 | Train Loss: 0.5758538 Vali Loss: 0.5573219 Test Loss: 0.2462099
Validation loss decreased (0.561362 --> 0.557322).  Saving model ...
Updating learning rate to 2.541865828329001e-05
	iters: 100, epoch: 17 | loss: 0.4634120
	speed: 0.2913s/iter; left time: 6921.1591s
	iters: 200, epoch: 17 | loss: 0.5627590
	speed: 0.1253s/iter; left time: 2965.0410s
Epoch: 17 cost time: 35.61424493789673
Epoch: 17, Steps: 284 | Train Loss: 0.5726387 Vali Loss: 0.5559655 Test Loss: 0.2451105
Validation loss decreased (0.557322 --> 0.555966).  Saving model ...
Updating learning rate to 2.287679245496101e-05
	iters: 100, epoch: 18 | loss: 0.5136840
	speed: 0.2914s/iter; left time: 6839.2412s
	iters: 200, epoch: 18 | loss: 0.4950870
	speed: 0.1253s/iter; left time: 2928.8347s
Epoch: 18 cost time: 35.59874081611633
Epoch: 18, Steps: 284 | Train Loss: 0.5698163 Vali Loss: 0.5519058 Test Loss: 0.2441450
Validation loss decreased (0.555966 --> 0.551906).  Saving model ...
Updating learning rate to 2.0589113209464907e-05
	iters: 100, epoch: 19 | loss: 0.5437232
	speed: 0.2916s/iter; left time: 6761.5639s
	iters: 200, epoch: 19 | loss: 0.7396288
	speed: 0.1253s/iter; left time: 2893.0350s
Epoch: 19 cost time: 35.602750301361084
Epoch: 19, Steps: 284 | Train Loss: 0.5668175 Vali Loss: 0.5514541 Test Loss: 0.2432449
Validation loss decreased (0.551906 --> 0.551454).  Saving model ...
Updating learning rate to 1.8530201888518416e-05
	iters: 100, epoch: 20 | loss: 0.4897373
	speed: 0.2912s/iter; left time: 6670.2889s
	iters: 200, epoch: 20 | loss: 0.5844694
	speed: 0.1253s/iter; left time: 2857.9282s
Epoch: 20 cost time: 35.60035419464111
Epoch: 20, Steps: 284 | Train Loss: 0.5650370 Vali Loss: 0.5489076 Test Loss: 0.2424678
Validation loss decreased (0.551454 --> 0.548908).  Saving model ...
Updating learning rate to 1.6677181699666577e-05
	iters: 100, epoch: 21 | loss: 0.6036339
	speed: 0.2913s/iter; left time: 6590.2043s
	iters: 200, epoch: 21 | loss: 0.5651570
	speed: 0.1253s/iter; left time: 2822.6482s
Epoch: 21 cost time: 35.628995418548584
Epoch: 21, Steps: 284 | Train Loss: 0.5629901 Vali Loss: 0.5475785 Test Loss: 0.2417494
Validation loss decreased (0.548908 --> 0.547579).  Saving model ...
Updating learning rate to 1.5009463529699919e-05
	iters: 100, epoch: 22 | loss: 0.4648451
	speed: 0.2920s/iter; left time: 6521.6324s
	iters: 200, epoch: 22 | loss: 0.4690712
	speed: 0.1254s/iter; left time: 2787.9070s
Epoch: 22 cost time: 35.61655616760254
Epoch: 22, Steps: 284 | Train Loss: 0.5612163 Vali Loss: 0.5462312 Test Loss: 0.2411062
Validation loss decreased (0.547579 --> 0.546231).  Saving model ...
Updating learning rate to 1.3508517176729929e-05
	iters: 100, epoch: 23 | loss: 0.7267868
	speed: 0.2922s/iter; left time: 6443.7247s
	iters: 200, epoch: 23 | loss: 0.4948929
	speed: 0.1254s/iter; left time: 2753.0944s
Epoch: 23 cost time: 35.64064264297485
Epoch: 23, Steps: 284 | Train Loss: 0.5595909 Vali Loss: 0.5430639 Test Loss: 0.2405304
Validation loss decreased (0.546231 --> 0.543064).  Saving model ...
Updating learning rate to 1.2157665459056936e-05
	iters: 100, epoch: 24 | loss: 0.4584599
	speed: 0.2910s/iter; left time: 6334.8375s
	iters: 200, epoch: 24 | loss: 0.5012758
	speed: 0.1255s/iter; left time: 2719.5098s
Epoch: 24 cost time: 35.625590324401855
Epoch: 24, Steps: 284 | Train Loss: 0.5582288 Vali Loss: 0.5437155 Test Loss: 0.2400169
EarlyStopping counter: 1 out of 20
Updating learning rate to 1.0941898913151242e-05
	iters: 100, epoch: 25 | loss: 0.4727783
	speed: 0.2906s/iter; left time: 6242.8230s
	iters: 200, epoch: 25 | loss: 0.4889067
	speed: 0.1254s/iter; left time: 2681.4117s
Epoch: 25 cost time: 35.62017798423767
Epoch: 25, Steps: 284 | Train Loss: 0.5567735 Vali Loss: 0.5416865 Test Loss: 0.2395475
Validation loss decreased (0.543064 --> 0.541687).  Saving model ...
Updating learning rate to 9.847709021836118e-06
	iters: 100, epoch: 26 | loss: 0.4768012
	speed: 0.2911s/iter; left time: 6172.4166s
	iters: 200, epoch: 26 | loss: 0.5445753
	speed: 0.1254s/iter; left time: 2645.5619s
Epoch: 26 cost time: 35.61951208114624
Epoch: 26, Steps: 284 | Train Loss: 0.5553641 Vali Loss: 0.5403722 Test Loss: 0.2391351
Validation loss decreased (0.541687 --> 0.540372).  Saving model ...
Updating learning rate to 8.862938119652508e-06
	iters: 100, epoch: 27 | loss: 0.5943208
	speed: 0.2912s/iter; left time: 6090.8660s
	iters: 200, epoch: 27 | loss: 0.4441509
	speed: 0.1254s/iter; left time: 2610.4327s
Epoch: 27 cost time: 35.631515979766846
Epoch: 27, Steps: 284 | Train Loss: 0.5547807 Vali Loss: 0.5375923 Test Loss: 0.2387665
Validation loss decreased (0.540372 --> 0.537592).  Saving model ...
Updating learning rate to 7.976644307687255e-06
	iters: 100, epoch: 28 | loss: 0.5015479
	speed: 0.2910s/iter; left time: 6003.2113s
	iters: 200, epoch: 28 | loss: 0.5115452
	speed: 0.1254s/iter; left time: 2574.2706s
Epoch: 28 cost time: 35.612090826034546
Epoch: 28, Steps: 284 | Train Loss: 0.5537676 Vali Loss: 0.5389155 Test Loss: 0.2384220
EarlyStopping counter: 1 out of 20
Updating learning rate to 7.178979876918531e-06
	iters: 100, epoch: 29 | loss: 0.6833125
	speed: 0.2902s/iter; left time: 5906.1537s
	iters: 200, epoch: 29 | loss: 0.6026061
	speed: 0.1254s/iter; left time: 2538.3206s
Epoch: 29 cost time: 35.60301685333252
Epoch: 29, Steps: 284 | Train Loss: 0.5529723 Vali Loss: 0.5344686 Test Loss: 0.2381397
Validation loss decreased (0.537592 --> 0.534469).  Saving model ...
Updating learning rate to 6.4610818892266776e-06
	iters: 100, epoch: 30 | loss: 0.4497566
	speed: 0.2908s/iter; left time: 5835.4975s
	iters: 200, epoch: 30 | loss: 0.5791829
	speed: 0.1254s/iter; left time: 2503.0076s
Epoch: 30 cost time: 35.614574670791626
Epoch: 30, Steps: 284 | Train Loss: 0.5522460 Vali Loss: 0.5380270 Test Loss: 0.2378591
EarlyStopping counter: 1 out of 20
Updating learning rate to 5.8149737003040096e-06
	iters: 100, epoch: 31 | loss: 0.4886404
	speed: 0.2902s/iter; left time: 5740.6073s
	iters: 200, epoch: 31 | loss: 0.4925292
	speed: 0.1254s/iter; left time: 2467.3235s
Epoch: 31 cost time: 35.609583139419556
Epoch: 31, Steps: 284 | Train Loss: 0.5515740 Vali Loss: 0.5364011 Test Loss: 0.2376154
EarlyStopping counter: 2 out of 20
Updating learning rate to 5.23347633027361e-06
	iters: 100, epoch: 32 | loss: 0.4066021
	speed: 0.2906s/iter; left time: 5666.6136s
	iters: 200, epoch: 32 | loss: 0.4591862
	speed: 0.1254s/iter; left time: 2432.1360s
Epoch: 32 cost time: 35.63430905342102
Epoch: 32, Steps: 284 | Train Loss: 0.5510201 Vali Loss: 0.5372007 Test Loss: 0.2373848
EarlyStopping counter: 3 out of 20
Updating learning rate to 4.710128697246249e-06
	iters: 100, epoch: 33 | loss: 0.4486483
	speed: 0.2904s/iter; left time: 5578.8717s
	iters: 200, epoch: 33 | loss: 0.4199053
	speed: 0.1255s/iter; left time: 2398.1867s
Epoch: 33 cost time: 35.62110376358032
Epoch: 33, Steps: 284 | Train Loss: 0.5504968 Vali Loss: 0.5362555 Test Loss: 0.2371761
EarlyStopping counter: 4 out of 20
Updating learning rate to 4.239115827521624e-06
	iters: 100, epoch: 34 | loss: 0.4999165
	speed: 0.2904s/iter; left time: 5497.3787s
	iters: 200, epoch: 34 | loss: 0.4878771
	speed: 0.1254s/iter; left time: 2361.1862s
Epoch: 34 cost time: 35.614763498306274
Epoch: 34, Steps: 284 | Train Loss: 0.5500677 Vali Loss: 0.5366177 Test Loss: 0.2370042
EarlyStopping counter: 5 out of 20
Updating learning rate to 3.815204244769462e-06
	iters: 100, epoch: 35 | loss: 0.5581366
	speed: 0.2903s/iter; left time: 5413.5361s
	iters: 200, epoch: 35 | loss: 0.5311889
	speed: 0.1254s/iter; left time: 2325.2424s
Epoch: 35 cost time: 35.61251473426819
Epoch: 35, Steps: 284 | Train Loss: 0.5495182 Vali Loss: 0.5343819 Test Loss: 0.2368384
Validation loss decreased (0.534469 --> 0.534382).  Saving model ...
Updating learning rate to 3.4336838202925152e-06
	iters: 100, epoch: 36 | loss: 0.4287356
	speed: 0.2910s/iter; left time: 5342.6774s
	iters: 200, epoch: 36 | loss: 0.5774452
	speed: 0.1254s/iter; left time: 2289.2929s
Epoch: 36 cost time: 35.62427353858948
Epoch: 36, Steps: 284 | Train Loss: 0.5492737 Vali Loss: 0.5328591 Test Loss: 0.2366999
Validation loss decreased (0.534382 --> 0.532859).  Saving model ...
Updating learning rate to 3.090315438263264e-06
	iters: 100, epoch: 37 | loss: 0.5672703
	speed: 0.2910s/iter; left time: 5260.8839s
	iters: 200, epoch: 37 | loss: 0.5927269
	speed: 0.1254s/iter; left time: 2253.7823s
Epoch: 37 cost time: 35.63126230239868
Epoch: 37, Steps: 284 | Train Loss: 0.5488951 Vali Loss: 0.5313119 Test Loss: 0.2365698
Validation loss decreased (0.532859 --> 0.531312).  Saving model ...
Updating learning rate to 2.7812838944369375e-06
	iters: 100, epoch: 38 | loss: 0.5835510
	speed: 0.2919s/iter; left time: 5194.0203s
	iters: 200, epoch: 38 | loss: 0.5515906
	speed: 0.1254s/iter; left time: 2218.8228s
Epoch: 38 cost time: 35.64812350273132
Epoch: 38, Steps: 284 | Train Loss: 0.5485884 Vali Loss: 0.5339170 Test Loss: 0.2364581
EarlyStopping counter: 1 out of 20
Updating learning rate to 2.503155504993244e-06
	iters: 100, epoch: 39 | loss: 0.6391242
	speed: 0.2905s/iter; left time: 5085.5957s
	iters: 200, epoch: 39 | loss: 0.5760640
	speed: 0.1254s/iter; left time: 2183.3010s
Epoch: 39 cost time: 35.60750079154968
Epoch: 39, Steps: 284 | Train Loss: 0.5483115 Vali Loss: 0.5320523 Test Loss: 0.2363483
EarlyStopping counter: 2 out of 20
Updating learning rate to 2.2528399544939195e-06
	iters: 100, epoch: 40 | loss: 0.4936373
	speed: 0.2903s/iter; left time: 5000.8518s
	iters: 200, epoch: 40 | loss: 0.4393919
	speed: 0.1253s/iter; left time: 2146.2313s
Epoch: 40 cost time: 35.60211634635925
Epoch: 40, Steps: 284 | Train Loss: 0.5479774 Vali Loss: 0.5317380 Test Loss: 0.2362458
EarlyStopping counter: 3 out of 20
Updating learning rate to 2.0275559590445276e-06
	iters: 100, epoch: 41 | loss: 0.4600308
	speed: 0.2900s/iter; left time: 4913.5863s
	iters: 200, epoch: 41 | loss: 0.7159316
	speed: 0.1254s/iter; left time: 2111.4319s
Epoch: 41 cost time: 35.61380982398987
Epoch: 41, Steps: 284 | Train Loss: 0.5477922 Vali Loss: 0.5348638 Test Loss: 0.2361613
EarlyStopping counter: 4 out of 20
Updating learning rate to 1.8248003631400751e-06
	iters: 100, epoch: 42 | loss: 0.8203567
	speed: 0.2903s/iter; left time: 4835.6159s
	iters: 200, epoch: 42 | loss: 0.5122700
	speed: 0.1254s/iter; left time: 2075.7763s
Epoch: 42 cost time: 35.61083102226257
Epoch: 42, Steps: 284 | Train Loss: 0.5476120 Vali Loss: 0.5318936 Test Loss: 0.2360835
EarlyStopping counter: 5 out of 20
Updating learning rate to 1.6423203268260676e-06
	iters: 100, epoch: 43 | loss: 0.7053675
	speed: 0.2902s/iter; left time: 4752.0078s
	iters: 200, epoch: 43 | loss: 0.4991916
	speed: 0.1255s/iter; left time: 2041.5443s
Epoch: 43 cost time: 35.616947889328
Epoch: 43, Steps: 284 | Train Loss: 0.5474735 Vali Loss: 0.5329578 Test Loss: 0.2360226
EarlyStopping counter: 6 out of 20
Updating learning rate to 1.4780882941434609e-06
	iters: 100, epoch: 44 | loss: 0.6645530
	speed: 0.2934s/iter; left time: 4720.4159s
	iters: 200, epoch: 44 | loss: 0.4283544
	speed: 0.1254s/iter; left time: 2004.7984s
Epoch: 44 cost time: 35.77046799659729
Epoch: 44, Steps: 284 | Train Loss: 0.5473564 Vali Loss: 0.5317736 Test Loss: 0.2359626
EarlyStopping counter: 7 out of 20
Updating learning rate to 1.3302794647291146e-06
	iters: 100, epoch: 45 | loss: 0.4401187
	speed: 0.2904s/iter; left time: 4589.1646s
	iters: 200, epoch: 45 | loss: 0.8208098
	speed: 0.1254s/iter; left time: 1969.1381s
Epoch: 45 cost time: 35.62252640724182
Epoch: 45, Steps: 284 | Train Loss: 0.5471828 Vali Loss: 0.5336314 Test Loss: 0.2358991
EarlyStopping counter: 8 out of 20
Updating learning rate to 1.1972515182562034e-06
	iters: 100, epoch: 46 | loss: 0.5653747
	speed: 0.2904s/iter; left time: 4507.2295s
	iters: 200, epoch: 46 | loss: 0.5863145
	speed: 0.1254s/iter; left time: 1933.1789s
Epoch: 46 cost time: 35.60915160179138
Epoch: 46, Steps: 284 | Train Loss: 0.5469883 Vali Loss: 0.5327947 Test Loss: 0.2358525
EarlyStopping counter: 9 out of 20
Updating learning rate to 1.077526366430583e-06
	iters: 100, epoch: 47 | loss: 0.6676638
	speed: 0.2904s/iter; left time: 4424.0873s
	iters: 200, epoch: 47 | loss: 0.6850027
	speed: 0.1254s/iter; left time: 1897.7692s
Epoch: 47 cost time: 35.61210751533508
Epoch: 47, Steps: 284 | Train Loss: 0.5468725 Vali Loss: 0.5308703 Test Loss: 0.2358167
Validation loss decreased (0.531312 --> 0.530870).  Saving model ...
Updating learning rate to 9.697737297875248e-07
	iters: 100, epoch: 48 | loss: 0.7040223
	speed: 0.2907s/iter; left time: 4346.3572s
	iters: 200, epoch: 48 | loss: 0.7349619
	speed: 0.1254s/iter; left time: 1862.5600s
Epoch: 48 cost time: 35.620673179626465
Epoch: 48, Steps: 284 | Train Loss: 0.5468046 Vali Loss: 0.5305194 Test Loss: 0.2357626
Validation loss decreased (0.530870 --> 0.530519).  Saving model ...
Updating learning rate to 8.727963568087723e-07
	iters: 100, epoch: 49 | loss: 0.5711025
	speed: 0.2911s/iter; left time: 4270.6647s
	iters: 200, epoch: 49 | loss: 0.6407759
	speed: 0.1254s/iter; left time: 1826.8793s
Epoch: 49 cost time: 35.61782431602478
Epoch: 49, Steps: 284 | Train Loss: 0.5466712 Vali Loss: 0.5311896 Test Loss: 0.2357369
EarlyStopping counter: 1 out of 20
Updating learning rate to 7.855167211278951e-07
	iters: 100, epoch: 50 | loss: 0.8070272
	speed: 0.2906s/iter; left time: 4180.6443s
	iters: 200, epoch: 50 | loss: 0.4508717
	speed: 0.1255s/iter; left time: 1792.2761s
Epoch: 50 cost time: 35.65782403945923
Epoch: 50, Steps: 284 | Train Loss: 0.5462559 Vali Loss: 0.5320760 Test Loss: 0.2357023
EarlyStopping counter: 2 out of 20
Updating learning rate to 7.069650490151056e-07
	iters: 100, epoch: 51 | loss: 0.5323609
	speed: 0.2905s/iter; left time: 4095.9333s
	iters: 200, epoch: 51 | loss: 0.4539715
	speed: 0.1254s/iter; left time: 1755.9097s
Epoch: 51 cost time: 35.61605429649353
Epoch: 51, Steps: 284 | Train Loss: 0.5465085 Vali Loss: 0.5302587 Test Loss: 0.2356735
Validation loss decreased (0.530519 --> 0.530259).  Saving model ...
Updating learning rate to 6.36268544113595e-07
	iters: 100, epoch: 52 | loss: 0.4401470
	speed: 0.2909s/iter; left time: 4019.0019s
	iters: 200, epoch: 52 | loss: 0.4958839
	speed: 0.1254s/iter; left time: 1720.1524s
Epoch: 52 cost time: 35.62962555885315
Epoch: 52, Steps: 284 | Train Loss: 0.5465301 Vali Loss: 0.5322175 Test Loss: 0.2356402
EarlyStopping counter: 1 out of 20
Updating learning rate to 5.726416897022355e-07
	iters: 100, epoch: 53 | loss: 0.5613459
	speed: 0.2905s/iter; left time: 3931.6192s
	iters: 200, epoch: 53 | loss: 0.5545288
	speed: 0.1254s/iter; left time: 1684.4985s
Epoch: 53 cost time: 35.61644196510315
Epoch: 53, Steps: 284 | Train Loss: 0.5464348 Vali Loss: 0.5324842 Test Loss: 0.2356197
EarlyStopping counter: 2 out of 20
Updating learning rate to 5.15377520732012e-07
	iters: 100, epoch: 54 | loss: 0.6021998
	speed: 0.2901s/iter; left time: 3843.7130s
	iters: 200, epoch: 54 | loss: 0.5397642
	speed: 0.1254s/iter; left time: 1648.5858s
Epoch: 54 cost time: 35.65096402168274
Epoch: 54, Steps: 284 | Train Loss: 0.5462995 Vali Loss: 0.5306738 Test Loss: 0.2355965
EarlyStopping counter: 3 out of 20
Updating learning rate to 4.6383976865881085e-07
	iters: 100, epoch: 55 | loss: 0.5085790
	speed: 0.2908s/iter; left time: 3769.8368s
	iters: 200, epoch: 55 | loss: 0.4539655
	speed: 0.1254s/iter; left time: 1612.6829s
Epoch: 55 cost time: 35.62900471687317
Epoch: 55, Steps: 284 | Train Loss: 0.5462882 Vali Loss: 0.5311009 Test Loss: 0.2355833
EarlyStopping counter: 4 out of 20
Updating learning rate to 4.174557917929298e-07
	iters: 100, epoch: 56 | loss: 0.5040349
	speed: 0.2909s/iter; left time: 3688.7082s
	iters: 200, epoch: 56 | loss: 0.4558879
	speed: 0.1254s/iter; left time: 1578.0343s
Epoch: 56 cost time: 35.637712717056274
Epoch: 56, Steps: 284 | Train Loss: 0.5462295 Vali Loss: 0.5287461 Test Loss: 0.2355693
Validation loss decreased (0.530259 --> 0.528746).  Saving model ...
Updating learning rate to 3.7571021261363677e-07
	iters: 100, epoch: 57 | loss: 0.4634724
	speed: 0.2915s/iter; left time: 3614.1688s
	iters: 200, epoch: 57 | loss: 0.5294611
	speed: 0.1254s/iter; left time: 1541.9518s
Epoch: 57 cost time: 35.62562847137451
Epoch: 57, Steps: 284 | Train Loss: 0.5461853 Vali Loss: 0.5300142 Test Loss: 0.2355490
EarlyStopping counter: 1 out of 20
Updating learning rate to 3.381391913522731e-07
	iters: 100, epoch: 58 | loss: 0.5620571
	speed: 0.2904s/iter; left time: 3517.0499s
	iters: 200, epoch: 58 | loss: 0.6868003
	speed: 0.1254s/iter; left time: 1505.9455s
Epoch: 58 cost time: 35.61377787590027
Epoch: 58, Steps: 284 | Train Loss: 0.5462300 Vali Loss: 0.5299265 Test Loss: 0.2355297
EarlyStopping counter: 2 out of 20
Updating learning rate to 3.043252722170458e-07
	iters: 100, epoch: 59 | loss: 0.4489143
	speed: 0.2903s/iter; left time: 3433.6158s
	iters: 200, epoch: 59 | loss: 0.4480975
	speed: 0.1254s/iter; left time: 1470.9932s
Epoch: 59 cost time: 35.61939883232117
Epoch: 59, Steps: 284 | Train Loss: 0.5461508 Vali Loss: 0.5336914 Test Loss: 0.2355086
EarlyStopping counter: 3 out of 20
Updating learning rate to 2.7389274499534124e-07
	iters: 100, epoch: 60 | loss: 0.4529791
	speed: 0.2905s/iter; left time: 3354.3932s
	iters: 200, epoch: 60 | loss: 0.6867939
	speed: 0.1254s/iter; left time: 1435.3506s
Epoch: 60 cost time: 35.61937427520752
Epoch: 60, Steps: 284 | Train Loss: 0.5460891 Vali Loss: 0.5300772 Test Loss: 0.2355112
EarlyStopping counter: 4 out of 20
Updating learning rate to 2.465034704958071e-07
	iters: 100, epoch: 61 | loss: 0.4907494
	speed: 0.2907s/iter; left time: 3273.3959s
	iters: 200, epoch: 61 | loss: 0.6621423
	speed: 0.1255s/iter; left time: 1400.1882s
Epoch: 61 cost time: 35.622398138046265
Epoch: 61, Steps: 284 | Train Loss: 0.5460455 Vali Loss: 0.5319644 Test Loss: 0.2355103
EarlyStopping counter: 5 out of 20
Updating learning rate to 2.218531234462264e-07
	iters: 100, epoch: 62 | loss: 0.4532899
	speed: 0.2905s/iter; left time: 3188.5025s
	iters: 200, epoch: 62 | loss: 0.6722898
	speed: 0.1254s/iter; left time: 1364.0455s
Epoch: 62 cost time: 35.61920642852783
Epoch: 62, Steps: 284 | Train Loss: 0.5461300 Vali Loss: 0.5327992 Test Loss: 0.2354899
EarlyStopping counter: 6 out of 20
Updating learning rate to 1.9966781110160376e-07
	iters: 100, epoch: 63 | loss: 0.5077162
	speed: 0.2912s/iter; left time: 3113.5229s
	iters: 200, epoch: 63 | loss: 0.5666845
	speed: 0.1254s/iter; left time: 1328.4276s
Epoch: 63 cost time: 35.708468437194824
Epoch: 63, Steps: 284 | Train Loss: 0.5459806 Vali Loss: 0.5307032 Test Loss: 0.2354802
EarlyStopping counter: 7 out of 20
Updating learning rate to 1.797010299914434e-07
	iters: 100, epoch: 64 | loss: 0.4884307
	speed: 0.2903s/iter; left time: 3021.9412s
	iters: 200, epoch: 64 | loss: 0.6197031
	speed: 0.1274s/iter; left time: 1313.6483s
Epoch: 64 cost time: 35.82598042488098
Epoch: 64, Steps: 284 | Train Loss: 0.5460328 Vali Loss: 0.5323550 Test Loss: 0.2354721
EarlyStopping counter: 8 out of 20
Updating learning rate to 1.6173092699229907e-07
	iters: 100, epoch: 65 | loss: 0.5445558
	speed: 0.2906s/iter; left time: 2942.5369s
	iters: 200, epoch: 65 | loss: 0.5513679
	speed: 0.1254s/iter; left time: 1256.6374s
Epoch: 65 cost time: 35.617294788360596
Epoch: 65, Steps: 284 | Train Loss: 0.5459934 Vali Loss: 0.5285319 Test Loss: 0.2354696
Validation loss decreased (0.528746 --> 0.528532).  Saving model ...
Updating learning rate to 1.4555783429306916e-07
	iters: 100, epoch: 66 | loss: 0.4552207
	speed: 0.2913s/iter; left time: 2866.6490s
	iters: 200, epoch: 66 | loss: 0.4710066
	speed: 0.1253s/iter; left time: 1220.9025s
Epoch: 66 cost time: 35.61790204048157
Epoch: 66, Steps: 284 | Train Loss: 0.5459716 Vali Loss: 0.5297747 Test Loss: 0.2354639
EarlyStopping counter: 1 out of 20
Updating learning rate to 1.3100205086376224e-07
	iters: 100, epoch: 67 | loss: 0.5466564
	speed: 0.2904s/iter; left time: 2775.8251s
	iters: 200, epoch: 67 | loss: 0.6167881
	speed: 0.1254s/iter; left time: 1185.4727s
Epoch: 67 cost time: 35.60437870025635
Epoch: 67, Steps: 284 | Train Loss: 0.5459534 Vali Loss: 0.5317140 Test Loss: 0.2354649
EarlyStopping counter: 2 out of 20
Updating learning rate to 1.1790184577738603e-07
	iters: 100, epoch: 68 | loss: 0.5874982
	speed: 0.2903s/iter; left time: 2691.8848s
	iters: 200, epoch: 68 | loss: 0.6075368
	speed: 0.1255s/iter; left time: 1150.9751s
Epoch: 68 cost time: 35.610676765441895
Epoch: 68, Steps: 284 | Train Loss: 0.5459783 Vali Loss: 0.5282226 Test Loss: 0.2354545
Validation loss decreased (0.528532 --> 0.528223).  Saving model ...
Updating learning rate to 1.0611166119964742e-07
	iters: 100, epoch: 69 | loss: 0.5768793
	speed: 0.2921s/iter; left time: 2625.5829s
	iters: 200, epoch: 69 | loss: 0.6008216
	speed: 0.1253s/iter; left time: 1114.0585s
Epoch: 69 cost time: 35.60957217216492
Epoch: 69, Steps: 284 | Train Loss: 0.5458899 Vali Loss: 0.5318332 Test Loss: 0.2354489
EarlyStopping counter: 1 out of 20
Updating learning rate to 9.550049507968268e-08
	iters: 100, epoch: 70 | loss: 0.6082133
	speed: 0.2904s/iter; left time: 2527.6170s
	iters: 200, epoch: 70 | loss: 0.4297516
	speed: 0.1253s/iter; left time: 1078.3255s
Epoch: 70 cost time: 35.598368406295776
Epoch: 70, Steps: 284 | Train Loss: 0.5459517 Vali Loss: 0.5283458 Test Loss: 0.2354447
EarlyStopping counter: 2 out of 20
Updating learning rate to 8.595044557171442e-08
	iters: 100, epoch: 71 | loss: 0.6586846
	speed: 0.2904s/iter; left time: 2445.8058s
	iters: 200, epoch: 71 | loss: 0.4147677
	speed: 0.1254s/iter; left time: 1043.2363s
Epoch: 71 cost time: 35.61716651916504
Epoch: 71, Steps: 284 | Train Loss: 0.5458370 Vali Loss: 0.5285935 Test Loss: 0.2354375
EarlyStopping counter: 3 out of 20
Updating learning rate to 7.735540101454298e-08
	iters: 100, epoch: 72 | loss: 0.3913526
	speed: 0.2905s/iter; left time: 2363.6056s
	iters: 200, epoch: 72 | loss: 0.4699973
	speed: 0.1254s/iter; left time: 1007.5910s
Epoch: 72 cost time: 35.60535144805908
Epoch: 72, Steps: 284 | Train Loss: 0.5459417 Vali Loss: 0.5284089 Test Loss: 0.2354354
EarlyStopping counter: 4 out of 20
Updating learning rate to 6.961986091308869e-08
	iters: 100, epoch: 73 | loss: 0.5304852
	speed: 0.2904s/iter; left time: 2280.2037s
	iters: 200, epoch: 73 | loss: 0.5250291
	speed: 0.1254s/iter; left time: 971.9968s
Epoch: 73 cost time: 35.606287717819214
Epoch: 73, Steps: 284 | Train Loss: 0.5458455 Vali Loss: 0.5302389 Test Loss: 0.2354368
EarlyStopping counter: 5 out of 20
Updating learning rate to 6.265787482177981e-08
	iters: 100, epoch: 74 | loss: 0.4835256
	speed: 0.2905s/iter; left time: 2198.6739s
	iters: 200, epoch: 74 | loss: 0.4768670
	speed: 0.1253s/iter; left time: 936.1563s
Epoch: 74 cost time: 35.6075963973999
Epoch: 74, Steps: 284 | Train Loss: 0.5459494 Vali Loss: 0.5282630 Test Loss: 0.2354298
EarlyStopping counter: 6 out of 20
Updating learning rate to 5.639208733960184e-08
	iters: 100, epoch: 75 | loss: 0.5925002
	speed: 0.2901s/iter; left time: 2113.7087s
	iters: 200, epoch: 75 | loss: 0.7066672
	speed: 0.1255s/iter; left time: 901.6691s
Epoch: 75 cost time: 35.62148070335388
Epoch: 75, Steps: 284 | Train Loss: 0.5459598 Vali Loss: 0.5291843 Test Loss: 0.2354387
EarlyStopping counter: 7 out of 20
Updating learning rate to 5.075287860564165e-08
	iters: 100, epoch: 76 | loss: 0.6163394
	speed: 0.2904s/iter; left time: 2033.0438s
	iters: 200, epoch: 76 | loss: 0.4760475
	speed: 0.1253s/iter; left time: 864.9080s
Epoch: 76 cost time: 35.6027557849884
Epoch: 76, Steps: 284 | Train Loss: 0.5459349 Vali Loss: 0.5293993 Test Loss: 0.2354360
EarlyStopping counter: 8 out of 20
Updating learning rate to 4.567759074507749e-08
	iters: 100, epoch: 77 | loss: 0.6825406
	speed: 0.2905s/iter; left time: 1950.9848s
	iters: 200, epoch: 77 | loss: 0.5880679
	speed: 0.1253s/iter; left time: 829.4302s
Epoch: 77 cost time: 35.60812211036682
Epoch: 77, Steps: 284 | Train Loss: 0.5459562 Vali Loss: 0.5299087 Test Loss: 0.2354355
EarlyStopping counter: 9 out of 20
Updating learning rate to 4.1109831670569744e-08
	iters: 100, epoch: 78 | loss: 0.6264197
	speed: 0.2905s/iter; left time: 1868.8830s
	iters: 200, epoch: 78 | loss: 0.5256649
	speed: 0.1254s/iter; left time: 794.3455s
Epoch: 78 cost time: 35.62084913253784
Epoch: 78, Steps: 284 | Train Loss: 0.5458768 Vali Loss: 0.5299210 Test Loss: 0.2354362
EarlyStopping counter: 10 out of 20
Updating learning rate to 3.6998848503512764e-08
	iters: 100, epoch: 79 | loss: 0.4659806
	speed: 0.2905s/iter; left time: 1786.3087s
	iters: 200, epoch: 79 | loss: 0.4884103
	speed: 0.1254s/iter; left time: 758.4659s
Epoch: 79 cost time: 35.61520028114319
Epoch: 79, Steps: 284 | Train Loss: 0.5458656 Vali Loss: 0.5310136 Test Loss: 0.2354345
EarlyStopping counter: 11 out of 20
Updating learning rate to 3.3298963653161496e-08
	iters: 100, epoch: 80 | loss: 0.4877351
	speed: 0.2906s/iter; left time: 1704.2471s
	iters: 200, epoch: 80 | loss: 0.5391998
	speed: 0.1253s/iter; left time: 722.5931s
Epoch: 80 cost time: 35.64561486244202
Epoch: 80, Steps: 284 | Train Loss: 0.5459455 Vali Loss: 0.5276568 Test Loss: 0.2354353
Validation loss decreased (0.528223 --> 0.527657).  Saving model ...
Updating learning rate to 2.996906728784534e-08
	iters: 100, epoch: 81 | loss: 0.4489390
	speed: 0.2913s/iter; left time: 1625.7693s
	iters: 200, epoch: 81 | loss: 0.5277611
	speed: 0.1254s/iter; left time: 687.0709s
Epoch: 81 cost time: 35.60910987854004
Epoch: 81, Steps: 284 | Train Loss: 0.5458871 Vali Loss: 0.5301263 Test Loss: 0.2354324
EarlyStopping counter: 1 out of 20
Updating learning rate to 2.697216055906081e-08
	iters: 100, epoch: 82 | loss: 0.4621906
	speed: 0.2901s/iter; left time: 1536.4633s
	iters: 200, epoch: 82 | loss: 0.4400244
	speed: 0.1254s/iter; left time: 651.5870s
Epoch: 82 cost time: 35.60836362838745
Epoch: 82, Steps: 284 | Train Loss: 0.5459343 Vali Loss: 0.5319000 Test Loss: 0.2354207
EarlyStopping counter: 2 out of 20
Updating learning rate to 2.427494450315473e-08
	iters: 100, epoch: 83 | loss: 0.4252651
	speed: 0.2903s/iter; left time: 1455.4029s
	iters: 200, epoch: 83 | loss: 0.5474616
	speed: 0.1254s/iter; left time: 616.0394s
Epoch: 83 cost time: 35.61557149887085
Epoch: 83, Steps: 284 | Train Loss: 0.5458510 Vali Loss: 0.5300044 Test Loss: 0.2354224
EarlyStopping counter: 3 out of 20
Updating learning rate to 2.1847450052839257e-08
	iters: 100, epoch: 84 | loss: 0.5662798
	speed: 0.2905s/iter; left time: 1373.6582s
	iters: 200, epoch: 84 | loss: 0.5335263
	speed: 0.1254s/iter; left time: 580.4487s
Epoch: 84 cost time: 35.619425535202026
Epoch: 84, Steps: 284 | Train Loss: 0.5459098 Vali Loss: 0.5319440 Test Loss: 0.2354206
EarlyStopping counter: 4 out of 20
Updating learning rate to 1.9662705047555332e-08
	iters: 100, epoch: 85 | loss: 0.6443511
	speed: 0.2903s/iter; left time: 1290.5417s
	iters: 200, epoch: 85 | loss: 0.5097573
	speed: 0.1255s/iter; left time: 545.3223s
Epoch: 85 cost time: 35.62146615982056
Epoch: 85, Steps: 284 | Train Loss: 0.5459253 Vali Loss: 0.5290125 Test Loss: 0.2354294
EarlyStopping counter: 5 out of 20
Updating learning rate to 1.7696434542799797e-08
	iters: 100, epoch: 86 | loss: 0.6359162
	speed: 0.2904s/iter; left time: 1208.2591s
	iters: 200, epoch: 86 | loss: 0.5439474
	speed: 0.1254s/iter; left time: 509.1653s
Epoch: 86 cost time: 35.6098575592041
Epoch: 86, Steps: 284 | Train Loss: 0.5458405 Vali Loss: 0.5322340 Test Loss: 0.2354221
EarlyStopping counter: 6 out of 20
Updating learning rate to 1.5926791088519817e-08
	iters: 100, epoch: 87 | loss: 0.4237602
	speed: 0.2906s/iter; left time: 1126.5472s
	iters: 200, epoch: 87 | loss: 0.6991901
	speed: 0.1254s/iter; left time: 473.6107s
Epoch: 87 cost time: 35.62315058708191
Epoch: 87, Steps: 284 | Train Loss: 0.5459168 Vali Loss: 0.5302325 Test Loss: 0.2354350
EarlyStopping counter: 7 out of 20
Updating learning rate to 1.4334111979667836e-08
	iters: 100, epoch: 88 | loss: 0.4553170
	speed: 0.2902s/iter; left time: 1042.7079s
	iters: 200, epoch: 88 | loss: 0.4591522
	speed: 0.1254s/iter; left time: 437.9294s
Epoch: 88 cost time: 35.61178159713745
Epoch: 88, Steps: 284 | Train Loss: 0.5458966 Vali Loss: 0.5310065 Test Loss: 0.2354259
EarlyStopping counter: 8 out of 20
Updating learning rate to 1.2900700781701054e-08
	iters: 100, epoch: 89 | loss: 0.5025890
	speed: 0.2903s/iter; left time: 960.6354s
	iters: 200, epoch: 89 | loss: 0.4549448
	speed: 0.1254s/iter; left time: 402.4517s
Epoch: 89 cost time: 35.61876845359802
Epoch: 89, Steps: 284 | Train Loss: 0.5458468 Vali Loss: 0.5277588 Test Loss: 0.2354336
EarlyStopping counter: 9 out of 20
Updating learning rate to 1.161063070353095e-08
	iters: 100, epoch: 90 | loss: 0.4415288
	speed: 0.2908s/iter; left time: 879.5711s
	iters: 200, epoch: 90 | loss: 0.5380870
	speed: 0.1254s/iter; left time: 366.7499s
Epoch: 90 cost time: 35.617597579956055
Epoch: 90, Steps: 284 | Train Loss: 0.5459507 Vali Loss: 0.5301123 Test Loss: 0.2354163
EarlyStopping counter: 10 out of 20
Updating learning rate to 1.0449567633177854e-08
	iters: 100, epoch: 91 | loss: 0.5361303
	speed: 0.2903s/iter; left time: 795.6230s
	iters: 200, epoch: 91 | loss: 0.4385761
	speed: 0.1253s/iter; left time: 331.0464s
Epoch: 91 cost time: 35.607991218566895
Epoch: 91, Steps: 284 | Train Loss: 0.5458771 Vali Loss: 0.5300984 Test Loss: 0.2354232
EarlyStopping counter: 11 out of 20
Updating learning rate to 9.404610869860069e-09
	iters: 100, epoch: 92 | loss: 0.6156245
	speed: 0.2902s/iter; left time: 712.9954s
	iters: 200, epoch: 92 | loss: 0.4308326
	speed: 0.1253s/iter; left time: 295.4497s
Epoch: 92 cost time: 35.60598158836365
Epoch: 92, Steps: 284 | Train Loss: 0.5459293 Vali Loss: 0.5299570 Test Loss: 0.2354255
EarlyStopping counter: 12 out of 20
Updating learning rate to 8.464149782874063e-09
	iters: 100, epoch: 93 | loss: 0.4897921
	speed: 0.2903s/iter; left time: 630.8116s
	iters: 200, epoch: 93 | loss: 0.4460497
	speed: 0.1254s/iter; left time: 259.8710s
Epoch: 93 cost time: 35.60435676574707
Epoch: 93, Steps: 284 | Train Loss: 0.5458255 Vali Loss: 0.5306340 Test Loss: 0.2354260
EarlyStopping counter: 13 out of 20
Updating learning rate to 7.617734804586658e-09
	iters: 100, epoch: 94 | loss: 0.4533491
	speed: 0.2903s/iter; left time: 548.4218s
	iters: 200, epoch: 94 | loss: 0.6017368
	speed: 0.1253s/iter; left time: 224.2173s
Epoch: 94 cost time: 35.601633071899414
Epoch: 94, Steps: 284 | Train Loss: 0.5458966 Vali Loss: 0.5296777 Test Loss: 0.2354260
EarlyStopping counter: 14 out of 20
Updating learning rate to 6.855961324127991e-09
	iters: 100, epoch: 95 | loss: 0.4444141
	speed: 0.2904s/iter; left time: 466.1582s
	iters: 200, epoch: 95 | loss: 0.8535975
	speed: 0.1254s/iter; left time: 188.7118s
Epoch: 95 cost time: 35.611384868621826
Epoch: 95, Steps: 284 | Train Loss: 0.5458716 Vali Loss: 0.5295405 Test Loss: 0.2354194
EarlyStopping counter: 15 out of 20
Updating learning rate to 6.170365191715193e-09
	iters: 100, epoch: 96 | loss: 0.4875511
	speed: 0.2904s/iter; left time: 383.6603s
	iters: 200, epoch: 96 | loss: 0.4691989
	speed: 0.1253s/iter; left time: 153.0404s
Epoch: 96 cost time: 35.60301113128662
Epoch: 96, Steps: 284 | Train Loss: 0.5458674 Vali Loss: 0.5301608 Test Loss: 0.2354373
EarlyStopping counter: 16 out of 20
Updating learning rate to 5.5533286725436726e-09
	iters: 100, epoch: 97 | loss: 0.5546998
	speed: 0.2909s/iter; left time: 301.6697s
	iters: 200, epoch: 97 | loss: 0.4368321
	speed: 0.1254s/iter; left time: 117.4734s
Epoch: 97 cost time: 35.61549472808838
Epoch: 97, Steps: 284 | Train Loss: 0.5459144 Vali Loss: 0.5311386 Test Loss: 0.2354272
EarlyStopping counter: 17 out of 20
Updating learning rate to 4.997995805289306e-09
	iters: 100, epoch: 98 | loss: 0.4619548
	speed: 0.2899s/iter; left time: 218.3175s
	iters: 200, epoch: 98 | loss: 0.4343381
	speed: 0.1254s/iter; left time: 81.8584s
Epoch: 98 cost time: 35.60935997962952
Epoch: 98, Steps: 284 | Train Loss: 0.5458646 Vali Loss: 0.5300320 Test Loss: 0.2354293
EarlyStopping counter: 18 out of 20
Updating learning rate to 4.498196224760375e-09
	iters: 100, epoch: 99 | loss: 0.4942138
	speed: 0.2902s/iter; left time: 136.0973s
	iters: 200, epoch: 99 | loss: 0.4720764
	speed: 0.1254s/iter; left time: 46.2751s
Epoch: 99 cost time: 35.61728549003601
Epoch: 99, Steps: 284 | Train Loss: 0.5458470 Vali Loss: 0.5286864 Test Loss: 0.2354307
EarlyStopping counter: 19 out of 20
Updating learning rate to 4.048376602284338e-09
	iters: 100, epoch: 100 | loss: 0.5579063
	speed: 0.2908s/iter; left time: 53.7973s
	iters: 200, epoch: 100 | loss: 0.5281359
	speed: 0.1254s/iter; left time: 10.6581s
Epoch: 100 cost time: 35.619384765625
Epoch: 100, Steps: 284 | Train Loss: 0.5459075 Vali Loss: 0.5309297 Test Loss: 0.2354243
EarlyStopping counter: 20 out of 20
Early stopping
>>>>>>>testing : CMS_weather_336_192_PatchTST_custom_ftM_sl336_ll48_pl192_dm128_nh16_el3_dl1_df256_fc1_ebtimeF_dtTrue_Exp_0<<<<<<<<<<<<<<<<<<<<<<<<<<<<<<<<<
test 10348
mse:0.23006635904312134, mae:0.27493613958358765, rse:0.6310186386108398
Args in experiment:
Namespace(random_seed=2021, is_training=1, model_id='CMS_weather_336_336', model='PatchTST', data='custom', root_path='./dataset/', data_path='weather.csv', features='M', target='OT', freq='h', checkpoints='./checkpoints/', seq_len=336, label_len=48, pred_len=336, head_type='cms', fc_dropout=0.2, head_dropout=0.0, patch_len=16, stride=8, padding_patch='end', revin=1, affine=0, subtract_last=0, decomposition=0, kernel_size=25, individual=0, embed_type=0, enc_in=21, dec_in=7, c_out=7, d_model=128, n_heads=16, e_layers=3, d_layers=1, d_ff=256, moving_avg=25, factor=1, distil=True, dropout=0.2, embed='timeF', activation='gelu', output_attention=False, do_predict=False, num_workers=0, itr=1, train_epochs=100, batch_size=128, patience=20, learning_rate=0.0001, des='Exp', loss='mse', lradj='type3', pct_start=0.3, use_amp=False, use_gpu=True, gpu=0, use_multi_gpu=False, devices='0,1,2,3', test_flop=False)
Use GPU: cuda:0
>>>>>>>start training : CMS_weather_336_336_PatchTST_custom_ftM_sl336_ll48_pl336_dm128_nh16_el3_dl1_df256_fc1_ebtimeF_dtTrue_Exp_0>>>>>>>>>>>>>>>>>>>>>>>>>>
train 36216
val 4935
test 10204
	iters: 100, epoch: 1 | loss: 0.8740338
	speed: 0.1474s/iter; left time: 4141.8904s
	iters: 200, epoch: 1 | loss: 0.6780472
	speed: 0.1266s/iter; left time: 3543.7729s
Epoch: 1 cost time: 36.037647008895874
Epoch: 1, Steps: 282 | Train Loss: 0.7712859 Vali Loss: 0.7535701 Test Loss: 0.3234365
Validation loss decreased (inf --> 0.753570).  Saving model ...
Updating learning rate to 0.0001
	iters: 100, epoch: 2 | loss: 0.6413537
	speed: 0.2967s/iter; left time: 8253.0937s
	iters: 200, epoch: 2 | loss: 0.6410370
	speed: 0.1258s/iter; left time: 3487.9266s
Epoch: 2 cost time: 35.497061014175415
Epoch: 2, Steps: 282 | Train Loss: 0.7582087 Vali Loss: 0.7372511 Test Loss: 0.3186308
Validation loss decreased (0.753570 --> 0.737251).  Saving model ...
Updating learning rate to 0.0001
	iters: 100, epoch: 3 | loss: 0.9038645
	speed: 0.2923s/iter; left time: 8049.5331s
	iters: 200, epoch: 3 | loss: 0.7278942
	speed: 0.1260s/iter; left time: 3456.7764s
Epoch: 3 cost time: 35.53961420059204
Epoch: 3, Steps: 282 | Train Loss: 0.7386597 Vali Loss: 0.7223105 Test Loss: 0.3150874
Validation loss decreased (0.737251 --> 0.722311).  Saving model ...
Updating learning rate to 0.0001
	iters: 100, epoch: 4 | loss: 0.6715759
	speed: 0.2919s/iter; left time: 7956.4484s
	iters: 200, epoch: 4 | loss: 0.6746550
	speed: 0.1261s/iter; left time: 3423.0088s
Epoch: 4 cost time: 35.54759907722473
Epoch: 4, Steps: 282 | Train Loss: 0.7240812 Vali Loss: 0.7137987 Test Loss: 0.3120842
Validation loss decreased (0.722311 --> 0.713799).  Saving model ...
Updating learning rate to 9e-05
	iters: 100, epoch: 5 | loss: 0.7198508
	speed: 0.2922s/iter; left time: 7882.4375s
	iters: 200, epoch: 5 | loss: 0.6794372
	speed: 0.1260s/iter; left time: 3387.3204s
Epoch: 5 cost time: 35.5516562461853
Epoch: 5, Steps: 282 | Train Loss: 0.7102879 Vali Loss: 0.7035013 Test Loss: 0.3094829
Validation loss decreased (0.713799 --> 0.703501).  Saving model ...
Updating learning rate to 8.1e-05
	iters: 100, epoch: 6 | loss: 0.6550003
	speed: 0.2915s/iter; left time: 7779.2786s
	iters: 200, epoch: 6 | loss: 0.6826877
	speed: 0.1261s/iter; left time: 3351.8621s
Epoch: 6 cost time: 35.556889295578
Epoch: 6, Steps: 282 | Train Loss: 0.7005946 Vali Loss: 0.6964518 Test Loss: 0.3072267
Validation loss decreased (0.703501 --> 0.696452).  Saving model ...
Updating learning rate to 7.290000000000001e-05
	iters: 100, epoch: 7 | loss: 0.6268625
	speed: 0.2919s/iter; left time: 7707.7349s
	iters: 200, epoch: 7 | loss: 0.6027457
	speed: 0.1263s/iter; left time: 3323.1165s
Epoch: 7 cost time: 35.572832345962524
Epoch: 7, Steps: 282 | Train Loss: 0.6923657 Vali Loss: 0.6913652 Test Loss: 0.3052831
Validation loss decreased (0.696452 --> 0.691365).  Saving model ...
Updating learning rate to 6.561e-05
	iters: 100, epoch: 8 | loss: 0.6622774
	speed: 0.2924s/iter; left time: 7639.2286s
	iters: 200, epoch: 8 | loss: 0.7013002
	speed: 0.1260s/iter; left time: 3279.5417s
Epoch: 8 cost time: 35.54330277442932
Epoch: 8, Steps: 282 | Train Loss: 0.6852088 Vali Loss: 0.6839967 Test Loss: 0.3035779
Validation loss decreased (0.691365 --> 0.683997).  Saving model ...
Updating learning rate to 5.904900000000001e-05
	iters: 100, epoch: 9 | loss: 0.6233189
	speed: 0.2923s/iter; left time: 7555.6783s
	iters: 200, epoch: 9 | loss: 0.7775642
	speed: 0.1260s/iter; left time: 3244.0689s
Epoch: 9 cost time: 35.55448079109192
Epoch: 9, Steps: 282 | Train Loss: 0.6797414 Vali Loss: 0.6810385 Test Loss: 0.3020715
Validation loss decreased (0.683997 --> 0.681038).  Saving model ...
Updating learning rate to 5.3144100000000005e-05
	iters: 100, epoch: 10 | loss: 0.6472657
	speed: 0.2924s/iter; left time: 7475.8953s
	iters: 200, epoch: 10 | loss: 0.5848090
	speed: 0.1261s/iter; left time: 3210.5717s
Epoch: 10 cost time: 35.56419610977173
Epoch: 10, Steps: 282 | Train Loss: 0.6745063 Vali Loss: 0.6767564 Test Loss: 0.3007608
Validation loss decreased (0.681038 --> 0.676756).  Saving model ...
Updating learning rate to 4.782969000000001e-05
	iters: 100, epoch: 11 | loss: 0.6664801
	speed: 0.2917s/iter; left time: 7374.6741s
	iters: 200, epoch: 11 | loss: 0.6625676
	speed: 0.1260s/iter; left time: 3173.6857s
Epoch: 11 cost time: 35.55066418647766
Epoch: 11, Steps: 282 | Train Loss: 0.6701788 Vali Loss: 0.6752383 Test Loss: 0.2996034
Validation loss decreased (0.676756 --> 0.675238).  Saving model ...
Updating learning rate to 4.304672100000001e-05
	iters: 100, epoch: 12 | loss: 0.6479710
	speed: 0.2917s/iter; left time: 7292.7487s
	iters: 200, epoch: 12 | loss: 0.6266950
	speed: 0.1261s/iter; left time: 3139.5302s
Epoch: 12 cost time: 35.55419111251831
Epoch: 12, Steps: 282 | Train Loss: 0.6660407 Vali Loss: 0.6711548 Test Loss: 0.2985478
Validation loss decreased (0.675238 --> 0.671155).  Saving model ...
Updating learning rate to 3.874204890000001e-05
	iters: 100, epoch: 13 | loss: 0.8021377
	speed: 0.2927s/iter; left time: 7234.2474s
	iters: 200, epoch: 13 | loss: 0.7075384
	speed: 0.1260s/iter; left time: 3102.6209s
Epoch: 13 cost time: 35.54866361618042
Epoch: 13, Steps: 282 | Train Loss: 0.6630256 Vali Loss: 0.6663092 Test Loss: 0.2976087
Validation loss decreased (0.671155 --> 0.666309).  Saving model ...
Updating learning rate to 3.486784401000001e-05
	iters: 100, epoch: 14 | loss: 0.6477634
	speed: 0.2928s/iter; left time: 7153.7891s
	iters: 200, epoch: 14 | loss: 0.6575838
	speed: 0.1260s/iter; left time: 3066.2758s
Epoch: 14 cost time: 35.5471625328064
Epoch: 14, Steps: 282 | Train Loss: 0.6601138 Vali Loss: 0.6662605 Test Loss: 0.2967679
Validation loss decreased (0.666309 --> 0.666261).  Saving model ...
Updating learning rate to 3.138105960900001e-05
	iters: 100, epoch: 15 | loss: 0.5494598
	speed: 0.2922s/iter; left time: 7058.6084s
	iters: 200, epoch: 15 | loss: 0.7673786
	speed: 0.1260s/iter; left time: 3031.1666s
Epoch: 15 cost time: 35.55725049972534
Epoch: 15, Steps: 282 | Train Loss: 0.6574617 Vali Loss: 0.6629511 Test Loss: 0.2959838
Validation loss decreased (0.666261 --> 0.662951).  Saving model ...
Updating learning rate to 2.824295364810001e-05
	iters: 100, epoch: 16 | loss: 0.6816151
	speed: 0.2912s/iter; left time: 6951.4471s
	iters: 200, epoch: 16 | loss: 0.7170838
	speed: 0.1260s/iter; left time: 2995.5091s
Epoch: 16 cost time: 35.55162453651428
Epoch: 16, Steps: 282 | Train Loss: 0.6547228 Vali Loss: 0.6620987 Test Loss: 0.2952978
Validation loss decreased (0.662951 --> 0.662099).  Saving model ...
Updating learning rate to 2.541865828329001e-05
	iters: 100, epoch: 17 | loss: 0.8349438
	speed: 0.2918s/iter; left time: 6883.8476s
	iters: 200, epoch: 17 | loss: 0.6968265
	speed: 0.1259s/iter; left time: 2957.8399s
Epoch: 17 cost time: 35.51845097541809
Epoch: 17, Steps: 282 | Train Loss: 0.6526999 Vali Loss: 0.6581060 Test Loss: 0.2946628
Validation loss decreased (0.662099 --> 0.658106).  Saving model ...
Updating learning rate to 2.287679245496101e-05
	iters: 100, epoch: 18 | loss: 0.5908064
	speed: 0.2916s/iter; left time: 6795.5546s
	iters: 200, epoch: 18 | loss: 0.5553580
	speed: 0.1258s/iter; left time: 2918.8996s
Epoch: 18 cost time: 35.47518849372864
Epoch: 18, Steps: 282 | Train Loss: 0.6498763 Vali Loss: 0.6577807 Test Loss: 0.2941082
Validation loss decreased (0.658106 --> 0.657781).  Saving model ...
Updating learning rate to 2.0589113209464907e-05
	iters: 100, epoch: 19 | loss: 0.5611944
	speed: 0.2929s/iter; left time: 6743.4087s
	iters: 200, epoch: 19 | loss: 0.6614047
	speed: 0.1257s/iter; left time: 2882.5259s
Epoch: 19 cost time: 35.51558184623718
Epoch: 19, Steps: 282 | Train Loss: 0.6490818 Vali Loss: 0.6575309 Test Loss: 0.2935899
Validation loss decreased (0.657781 --> 0.657531).  Saving model ...
Updating learning rate to 1.8530201888518416e-05
	iters: 100, epoch: 20 | loss: 0.5798252
	speed: 0.2922s/iter; left time: 6644.6224s
	iters: 200, epoch: 20 | loss: 0.6188320
	speed: 0.1257s/iter; left time: 2845.9139s
Epoch: 20 cost time: 35.4654974937439
Epoch: 20, Steps: 282 | Train Loss: 0.6475249 Vali Loss: 0.6539341 Test Loss: 0.2931243
Validation loss decreased (0.657531 --> 0.653934).  Saving model ...
Updating learning rate to 1.6677181699666577e-05
	iters: 100, epoch: 21 | loss: 0.6177940
	speed: 0.2921s/iter; left time: 6561.2129s
	iters: 200, epoch: 21 | loss: 0.5949728
	speed: 0.1259s/iter; left time: 2814.9518s
Epoch: 21 cost time: 35.482398986816406
Epoch: 21, Steps: 282 | Train Loss: 0.6460365 Vali Loss: 0.6525375 Test Loss: 0.2927043
Validation loss decreased (0.653934 --> 0.652538).  Saving model ...
Updating learning rate to 1.5009463529699919e-05
	iters: 100, epoch: 22 | loss: 0.7088618
	speed: 0.2918s/iter; left time: 6472.7709s
	iters: 200, epoch: 22 | loss: 0.5878767
	speed: 0.1260s/iter; left time: 2782.8007s
Epoch: 22 cost time: 35.54173755645752
Epoch: 22, Steps: 282 | Train Loss: 0.6446553 Vali Loss: 0.6507221 Test Loss: 0.2923438
Validation loss decreased (0.652538 --> 0.650722).  Saving model ...
Updating learning rate to 1.3508517176729929e-05
	iters: 100, epoch: 23 | loss: 0.5748571
	speed: 0.2932s/iter; left time: 6421.2924s
	iters: 200, epoch: 23 | loss: 0.5606191
	speed: 0.1260s/iter; left time: 2747.1670s
Epoch: 23 cost time: 35.56341767311096
Epoch: 23, Steps: 282 | Train Loss: 0.6437746 Vali Loss: 0.6510774 Test Loss: 0.2919872
EarlyStopping counter: 1 out of 20
Updating learning rate to 1.2157665459056936e-05
	iters: 100, epoch: 24 | loss: 0.6511763
	speed: 0.2916s/iter; left time: 6302.6910s
	iters: 200, epoch: 24 | loss: 0.6073760
	speed: 0.1260s/iter; left time: 2711.2809s
Epoch: 24 cost time: 35.543055057525635
Epoch: 24, Steps: 282 | Train Loss: 0.6425243 Vali Loss: 0.6502159 Test Loss: 0.2916580
Validation loss decreased (0.650722 --> 0.650216).  Saving model ...
Updating learning rate to 1.0941898913151242e-05
	iters: 100, epoch: 25 | loss: 0.5999889
	speed: 0.2928s/iter; left time: 6247.2735s
	iters: 200, epoch: 25 | loss: 0.6374312
	speed: 0.1260s/iter; left time: 2675.3114s
Epoch: 25 cost time: 35.56112837791443
Epoch: 25, Steps: 282 | Train Loss: 0.6415019 Vali Loss: 0.6494629 Test Loss: 0.2913805
Validation loss decreased (0.650216 --> 0.649463).  Saving model ...
Updating learning rate to 9.847709021836118e-06
	iters: 100, epoch: 26 | loss: 0.5573357
	speed: 0.2918s/iter; left time: 6141.6486s
	iters: 200, epoch: 26 | loss: 0.7644222
	speed: 0.1262s/iter; left time: 2643.0290s
Epoch: 26 cost time: 35.56390380859375
Epoch: 26, Steps: 282 | Train Loss: 0.6409370 Vali Loss: 0.6470409 Test Loss: 0.2911270
Validation loss decreased (0.649463 --> 0.647041).  Saving model ...
Updating learning rate to 8.862938119652508e-06
	iters: 100, epoch: 27 | loss: 0.6247576
	speed: 0.2922s/iter; left time: 6068.6614s
	iters: 200, epoch: 27 | loss: 0.5359736
	speed: 0.1260s/iter; left time: 2604.5826s
Epoch: 27 cost time: 35.548829793930054
Epoch: 27, Steps: 282 | Train Loss: 0.6399358 Vali Loss: 0.6471451 Test Loss: 0.2909057
EarlyStopping counter: 1 out of 20
Updating learning rate to 7.976644307687255e-06
	iters: 100, epoch: 28 | loss: 0.7369490
	speed: 0.2917s/iter; left time: 5975.6817s
	iters: 200, epoch: 28 | loss: 0.6405725
	speed: 0.1261s/iter; left time: 2570.2357s
Epoch: 28 cost time: 35.55001401901245
Epoch: 28, Steps: 282 | Train Loss: 0.6394849 Vali Loss: 0.6491441 Test Loss: 0.2907004
EarlyStopping counter: 2 out of 20
Updating learning rate to 7.178979876918531e-06
	iters: 100, epoch: 29 | loss: 0.5901630
	speed: 0.2915s/iter; left time: 5890.7271s
	iters: 200, epoch: 29 | loss: 0.6621105
	speed: 0.1260s/iter; left time: 2533.1222s
Epoch: 29 cost time: 35.53951168060303
Epoch: 29, Steps: 282 | Train Loss: 0.6383895 Vali Loss: 0.6468166 Test Loss: 0.2905212
Validation loss decreased (0.647041 --> 0.646817).  Saving model ...
Updating learning rate to 6.4610818892266776e-06
	iters: 100, epoch: 30 | loss: 0.6583972
	speed: 0.2936s/iter; left time: 5848.7004s
	iters: 200, epoch: 30 | loss: 0.7200536
	speed: 0.1260s/iter; left time: 2497.9093s
Epoch: 30 cost time: 35.55481553077698
Epoch: 30, Steps: 282 | Train Loss: 0.6380843 Vali Loss: 0.6467772 Test Loss: 0.2903589
Validation loss decreased (0.646817 --> 0.646777).  Saving model ...
Updating learning rate to 5.8149737003040096e-06
	iters: 100, epoch: 31 | loss: 0.6523286
	speed: 0.2920s/iter; left time: 5734.5605s
	iters: 200, epoch: 31 | loss: 0.6426660
	speed: 0.1260s/iter; left time: 2462.6328s
Epoch: 31 cost time: 35.56296348571777
Epoch: 31, Steps: 282 | Train Loss: 0.6378966 Vali Loss: 0.6455303 Test Loss: 0.2902091
Validation loss decreased (0.646777 --> 0.645530).  Saving model ...
Updating learning rate to 5.23347633027361e-06
	iters: 100, epoch: 32 | loss: 0.6064892
	speed: 0.2930s/iter; left time: 5673.0285s
	iters: 200, epoch: 32 | loss: 0.6271086
	speed: 0.1260s/iter; left time: 2427.0635s
Epoch: 32 cost time: 35.54861235618591
Epoch: 32, Steps: 282 | Train Loss: 0.6369979 Vali Loss: 0.6446115 Test Loss: 0.2900731
Validation loss decreased (0.645530 --> 0.644612).  Saving model ...
Updating learning rate to 4.710128697246249e-06
	iters: 100, epoch: 33 | loss: 0.5677989
	speed: 0.2957s/iter; left time: 5641.2100s
	iters: 200, epoch: 33 | loss: 0.7407425
	speed: 0.1260s/iter; left time: 2391.1456s
Epoch: 33 cost time: 35.5485053062439
Epoch: 33, Steps: 282 | Train Loss: 0.6367053 Vali Loss: 0.6457252 Test Loss: 0.2899519
EarlyStopping counter: 1 out of 20
Updating learning rate to 4.239115827521624e-06
	iters: 100, epoch: 34 | loss: 0.6876518
	speed: 0.2913s/iter; left time: 5474.1563s
	iters: 200, epoch: 34 | loss: 0.5729892
	speed: 0.1260s/iter; left time: 2355.1661s
Epoch: 34 cost time: 35.531561851501465
Epoch: 34, Steps: 282 | Train Loss: 0.6356300 Vali Loss: 0.6443775 Test Loss: 0.2898426
Validation loss decreased (0.644612 --> 0.644378).  Saving model ...
Updating learning rate to 3.815204244769462e-06
	iters: 100, epoch: 35 | loss: 0.6419750
	speed: 0.2933s/iter; left time: 5429.9837s
	iters: 200, epoch: 35 | loss: 0.6485985
	speed: 0.1260s/iter; left time: 2319.8075s
Epoch: 35 cost time: 35.54729151725769
Epoch: 35, Steps: 282 | Train Loss: 0.6364329 Vali Loss: 0.6438869 Test Loss: 0.2897455
Validation loss decreased (0.644378 --> 0.643887).  Saving model ...
Updating learning rate to 3.4336838202925152e-06
	iters: 100, epoch: 36 | loss: 0.5982656
	speed: 0.2921s/iter; left time: 5324.9038s
	iters: 200, epoch: 36 | loss: 0.6158340
	speed: 0.1260s/iter; left time: 2284.7330s
Epoch: 36 cost time: 35.57181406021118
Epoch: 36, Steps: 282 | Train Loss: 0.6353622 Vali Loss: 0.6422212 Test Loss: 0.2896569
Validation loss decreased (0.643887 --> 0.642221).  Saving model ...
Updating learning rate to 3.090315438263264e-06
	iters: 100, epoch: 37 | loss: 0.6773385
	speed: 0.2929s/iter; left time: 5258.0179s
	iters: 200, epoch: 37 | loss: 0.6238047
	speed: 0.1260s/iter; left time: 2249.0479s
Epoch: 37 cost time: 35.55186986923218
Epoch: 37, Steps: 282 | Train Loss: 0.6354363 Vali Loss: 0.6441824 Test Loss: 0.2895751
EarlyStopping counter: 1 out of 20
Updating learning rate to 2.7812838944369375e-06
	iters: 100, epoch: 38 | loss: 0.5336254
	speed: 0.2916s/iter; left time: 5152.2530s
	iters: 200, epoch: 38 | loss: 0.6787978
	speed: 0.1261s/iter; left time: 2214.3689s
Epoch: 38 cost time: 35.54105758666992
Epoch: 38, Steps: 282 | Train Loss: 0.6349552 Vali Loss: 0.6428122 Test Loss: 0.2895063
EarlyStopping counter: 2 out of 20
Updating learning rate to 2.503155504993244e-06
	iters: 100, epoch: 39 | loss: 0.6174505
	speed: 0.2915s/iter; left time: 5066.8949s
	iters: 200, epoch: 39 | loss: 0.6695483
	speed: 0.1263s/iter; left time: 2183.8273s
Epoch: 39 cost time: 35.5740385055542
Epoch: 39, Steps: 282 | Train Loss: 0.6348248 Vali Loss: 0.6424320 Test Loss: 0.2894371
EarlyStopping counter: 3 out of 20
Updating learning rate to 2.2528399544939195e-06
	iters: 100, epoch: 40 | loss: 0.6169069
	speed: 0.2914s/iter; left time: 4983.0175s
	iters: 200, epoch: 40 | loss: 0.5258318
	speed: 0.1260s/iter; left time: 2142.1596s
Epoch: 40 cost time: 35.54146862030029
Epoch: 40, Steps: 282 | Train Loss: 0.6352465 Vali Loss: 0.6428944 Test Loss: 0.2893794
EarlyStopping counter: 4 out of 20
Updating learning rate to 2.0275559590445276e-06
	iters: 100, epoch: 41 | loss: 0.6529119
	speed: 0.2908s/iter; left time: 4891.1477s
	iters: 200, epoch: 41 | loss: 0.8454029
	speed: 0.1260s/iter; left time: 2106.8825s
Epoch: 41 cost time: 35.54504346847534
Epoch: 41, Steps: 282 | Train Loss: 0.6347037 Vali Loss: 0.6431929 Test Loss: 0.2893279
EarlyStopping counter: 5 out of 20
Updating learning rate to 1.8248003631400751e-06
	iters: 100, epoch: 42 | loss: 0.6250832
	speed: 0.2914s/iter; left time: 4819.8447s
	iters: 200, epoch: 42 | loss: 0.7361284
	speed: 0.1261s/iter; left time: 2072.2294s
Epoch: 42 cost time: 35.542240381240845
Epoch: 42, Steps: 282 | Train Loss: 0.6347137 Vali Loss: 0.6429346 Test Loss: 0.2892796
EarlyStopping counter: 6 out of 20
Updating learning rate to 1.6423203268260676e-06
	iters: 100, epoch: 43 | loss: 0.7401677
	speed: 0.2915s/iter; left time: 4739.4722s
	iters: 200, epoch: 43 | loss: 0.5402693
	speed: 0.1262s/iter; left time: 2039.1958s
Epoch: 43 cost time: 35.565682888031006
Epoch: 43, Steps: 282 | Train Loss: 0.6343160 Vali Loss: 0.6433919 Test Loss: 0.2892391
EarlyStopping counter: 7 out of 20
Updating learning rate to 1.4780882941434609e-06
	iters: 100, epoch: 44 | loss: 0.7364187
	speed: 0.2914s/iter; left time: 4655.8269s
	iters: 200, epoch: 44 | loss: 0.5897439
	speed: 0.1260s/iter; left time: 2000.3282s
Epoch: 44 cost time: 35.541810512542725
Epoch: 44, Steps: 282 | Train Loss: 0.6345208 Vali Loss: 0.6427709 Test Loss: 0.2891960
EarlyStopping counter: 8 out of 20
Updating learning rate to 1.3302794647291146e-06
	iters: 100, epoch: 45 | loss: 0.5281681
	speed: 0.2908s/iter; left time: 4563.5272s
	iters: 200, epoch: 45 | loss: 0.7427824
	speed: 0.1261s/iter; left time: 1966.8695s
Epoch: 45 cost time: 35.56276059150696
Epoch: 45, Steps: 282 | Train Loss: 0.6340220 Vali Loss: 0.6432362 Test Loss: 0.2891679
EarlyStopping counter: 9 out of 20
Updating learning rate to 1.1972515182562034e-06
	iters: 100, epoch: 46 | loss: 0.7302399
	speed: 0.2910s/iter; left time: 4485.1816s
	iters: 200, epoch: 46 | loss: 0.6639391
	speed: 0.1260s/iter; left time: 1929.7794s
Epoch: 46 cost time: 35.54019570350647
Epoch: 46, Steps: 282 | Train Loss: 0.6342584 Vali Loss: 0.6429834 Test Loss: 0.2891329
EarlyStopping counter: 10 out of 20
Updating learning rate to 1.077526366430583e-06
	iters: 100, epoch: 47 | loss: 0.6122336
	speed: 0.2918s/iter; left time: 4413.9370s
	iters: 200, epoch: 47 | loss: 0.7182388
	speed: 0.1261s/iter; left time: 1895.3278s
Epoch: 47 cost time: 35.55629301071167
Epoch: 47, Steps: 282 | Train Loss: 0.6344187 Vali Loss: 0.6426730 Test Loss: 0.2891083
EarlyStopping counter: 11 out of 20
Updating learning rate to 9.697737297875248e-07
	iters: 100, epoch: 48 | loss: 0.5389640
	speed: 0.2915s/iter; left time: 4327.9964s
	iters: 200, epoch: 48 | loss: 0.7040195
	speed: 0.1261s/iter; left time: 1858.9603s
Epoch: 48 cost time: 35.55365490913391
Epoch: 48, Steps: 282 | Train Loss: 0.6341901 Vali Loss: 0.6418012 Test Loss: 0.2890804
Validation loss decreased (0.642221 --> 0.641801).  Saving model ...
Updating learning rate to 8.727963568087723e-07
	iters: 100, epoch: 49 | loss: 0.7644297
	speed: 0.2931s/iter; left time: 4268.7807s
	iters: 200, epoch: 49 | loss: 0.5401690
	speed: 0.1260s/iter; left time: 1823.1015s
Epoch: 49 cost time: 35.558833599090576
Epoch: 49, Steps: 282 | Train Loss: 0.6337045 Vali Loss: 0.6429909 Test Loss: 0.2890602
EarlyStopping counter: 1 out of 20
Updating learning rate to 7.855167211278951e-07
	iters: 100, epoch: 50 | loss: 0.6542560
	speed: 0.2904s/iter; left time: 4148.4468s
	iters: 200, epoch: 50 | loss: 0.6645715
	speed: 0.1260s/iter; left time: 1786.4910s
Epoch: 50 cost time: 35.53871750831604
Epoch: 50, Steps: 282 | Train Loss: 0.6337653 Vali Loss: 0.6428577 Test Loss: 0.2890376
EarlyStopping counter: 2 out of 20
Updating learning rate to 7.069650490151056e-07
	iters: 100, epoch: 51 | loss: 0.6734098
	speed: 0.2913s/iter; left time: 4077.8993s
	iters: 200, epoch: 51 | loss: 0.5861124
	speed: 0.1261s/iter; left time: 1753.2980s
Epoch: 51 cost time: 35.56384491920471
Epoch: 51, Steps: 282 | Train Loss: 0.6334971 Vali Loss: 0.6428890 Test Loss: 0.2890195
EarlyStopping counter: 3 out of 20
Updating learning rate to 6.36268544113595e-07
	iters: 100, epoch: 52 | loss: 0.6254177
	speed: 0.2917s/iter; left time: 4001.9292s
	iters: 200, epoch: 52 | loss: 0.6285864
	speed: 0.1260s/iter; left time: 1716.2071s
Epoch: 52 cost time: 35.55952501296997
Epoch: 52, Steps: 282 | Train Loss: 0.6330286 Vali Loss: 0.6411950 Test Loss: 0.2889999
Validation loss decreased (0.641801 --> 0.641195).  Saving model ...
Updating learning rate to 5.726416897022355e-07
	iters: 100, epoch: 53 | loss: 0.5259830
	speed: 0.2928s/iter; left time: 3934.3589s
	iters: 200, epoch: 53 | loss: 0.6297258
	speed: 0.1260s/iter; left time: 1680.6115s
Epoch: 53 cost time: 35.57707619667053
Epoch: 53, Steps: 282 | Train Loss: 0.6329904 Vali Loss: 0.6417441 Test Loss: 0.2889848
EarlyStopping counter: 1 out of 20
Updating learning rate to 5.15377520732012e-07
	iters: 100, epoch: 54 | loss: 0.6117463
	speed: 0.2915s/iter; left time: 3834.5111s
	iters: 200, epoch: 54 | loss: 0.6809967
	speed: 0.1260s/iter; left time: 1644.6008s
Epoch: 54 cost time: 35.527671575546265
Epoch: 54, Steps: 282 | Train Loss: 0.6335861 Vali Loss: 0.6433011 Test Loss: 0.2889710
EarlyStopping counter: 2 out of 20
Updating learning rate to 4.6383976865881085e-07
	iters: 100, epoch: 55 | loss: 0.6051004
	speed: 0.2908s/iter; left time: 3743.1575s
	iters: 200, epoch: 55 | loss: 0.6005000
	speed: 0.1259s/iter; left time: 1608.6229s
Epoch: 55 cost time: 35.53379011154175
Epoch: 55, Steps: 282 | Train Loss: 0.6335341 Vali Loss: 0.6423032 Test Loss: 0.2889614
EarlyStopping counter: 3 out of 20
Updating learning rate to 4.174557917929298e-07
	iters: 100, epoch: 56 | loss: 0.6205384
	speed: 0.2917s/iter; left time: 3672.5041s
	iters: 200, epoch: 56 | loss: 0.6104786
	speed: 0.1260s/iter; left time: 1573.7601s
Epoch: 56 cost time: 35.536031007766724
Epoch: 56, Steps: 282 | Train Loss: 0.6333394 Vali Loss: 0.6417951 Test Loss: 0.2889510
EarlyStopping counter: 4 out of 20
Updating learning rate to 3.7571021261363677e-07
	iters: 100, epoch: 57 | loss: 0.6198115
	speed: 0.2915s/iter; left time: 3587.8651s
	iters: 200, epoch: 57 | loss: 0.7312545
	speed: 0.1261s/iter; left time: 1539.4136s
Epoch: 57 cost time: 35.54331064224243
Epoch: 57, Steps: 282 | Train Loss: 0.6332624 Vali Loss: 0.6434054 Test Loss: 0.2889460
EarlyStopping counter: 5 out of 20
Updating learning rate to 3.381391913522731e-07
	iters: 100, epoch: 58 | loss: 0.8126976
	speed: 0.2917s/iter; left time: 3508.5575s
	iters: 200, epoch: 58 | loss: 0.7760555
	speed: 0.1260s/iter; left time: 1503.3329s
Epoch: 58 cost time: 35.53666877746582
Epoch: 58, Steps: 282 | Train Loss: 0.6333245 Vali Loss: 0.6431574 Test Loss: 0.2889321
EarlyStopping counter: 6 out of 20
Updating learning rate to 3.043252722170458e-07
	iters: 100, epoch: 59 | loss: 0.5027623
	speed: 0.2916s/iter; left time: 3424.7147s
	iters: 200, epoch: 59 | loss: 0.5175639
	speed: 0.1260s/iter; left time: 1467.2660s
Epoch: 59 cost time: 35.54489040374756
Epoch: 59, Steps: 282 | Train Loss: 0.6330165 Vali Loss: 0.6424540 Test Loss: 0.2889263
EarlyStopping counter: 7 out of 20
Updating learning rate to 2.7389274499534124e-07
	iters: 100, epoch: 60 | loss: 0.5315386
	speed: 0.2907s/iter; left time: 3332.0878s
	iters: 200, epoch: 60 | loss: 0.5566677
	speed: 0.1259s/iter; left time: 1431.1390s
Epoch: 60 cost time: 35.52996063232422
Epoch: 60, Steps: 282 | Train Loss: 0.6336284 Vali Loss: 0.6421861 Test Loss: 0.2889171
EarlyStopping counter: 8 out of 20
Updating learning rate to 2.465034704958071e-07
	iters: 100, epoch: 61 | loss: 0.6522927
	speed: 0.2913s/iter; left time: 3257.0406s
	iters: 200, epoch: 61 | loss: 0.6491284
	speed: 0.1260s/iter; left time: 1396.3425s
Epoch: 61 cost time: 35.53163528442383
Epoch: 61, Steps: 282 | Train Loss: 0.6333358 Vali Loss: 0.6417267 Test Loss: 0.2889133
EarlyStopping counter: 9 out of 20
Updating learning rate to 2.218531234462264e-07
	iters: 100, epoch: 62 | loss: 0.5307639
	speed: 0.2916s/iter; left time: 3177.6425s
	iters: 200, epoch: 62 | loss: 0.6078799
	speed: 0.1261s/iter; left time: 1361.2623s
Epoch: 62 cost time: 35.549503326416016
Epoch: 62, Steps: 282 | Train Loss: 0.6334013 Vali Loss: 0.6415813 Test Loss: 0.2889081
EarlyStopping counter: 10 out of 20
Updating learning rate to 1.9966781110160376e-07
	iters: 100, epoch: 63 | loss: 0.7728245
	speed: 0.2916s/iter; left time: 3095.6205s
	iters: 200, epoch: 63 | loss: 0.5519969
	speed: 0.1261s/iter; left time: 1326.0205s
Epoch: 63 cost time: 35.543511629104614
Epoch: 63, Steps: 282 | Train Loss: 0.6331446 Vali Loss: 0.6421239 Test Loss: 0.2889040
EarlyStopping counter: 11 out of 20
Updating learning rate to 1.797010299914434e-07
	iters: 100, epoch: 64 | loss: 0.6512018
	speed: 0.2917s/iter; left time: 3014.7499s
	iters: 200, epoch: 64 | loss: 0.6271934
	speed: 0.1260s/iter; left time: 1289.7051s
Epoch: 64 cost time: 35.535067081451416
Epoch: 64, Steps: 282 | Train Loss: 0.6333470 Vali Loss: 0.6408500 Test Loss: 0.2888988
Validation loss decreased (0.641195 --> 0.640850).  Saving model ...
Updating learning rate to 1.6173092699229907e-07
	iters: 100, epoch: 65 | loss: 0.7227126
	speed: 0.2952s/iter; left time: 2967.9371s
	iters: 200, epoch: 65 | loss: 0.5267339
	speed: 0.1260s/iter; left time: 1254.1496s
Epoch: 65 cost time: 35.55664944648743
Epoch: 65, Steps: 282 | Train Loss: 0.6333034 Vali Loss: 0.6414825 Test Loss: 0.2888938
EarlyStopping counter: 1 out of 20
Updating learning rate to 1.4555783429306916e-07
	iters: 100, epoch: 66 | loss: 0.5957723
	speed: 0.2914s/iter; left time: 2846.8845s
	iters: 200, epoch: 66 | loss: 0.5867146
	speed: 0.1261s/iter; left time: 1219.0495s
Epoch: 66 cost time: 35.54409170150757
Epoch: 66, Steps: 282 | Train Loss: 0.6333834 Vali Loss: 0.6388475 Test Loss: 0.2888881
Validation loss decreased (0.640850 --> 0.638848).  Saving model ...
Updating learning rate to 1.3100205086376224e-07
	iters: 100, epoch: 67 | loss: 0.7246032
	speed: 0.2941s/iter; left time: 2790.4616s
	iters: 200, epoch: 67 | loss: 0.6327865
	speed: 0.1261s/iter; left time: 1183.5805s
Epoch: 67 cost time: 35.58243131637573
Epoch: 67, Steps: 282 | Train Loss: 0.6336229 Vali Loss: 0.6409478 Test Loss: 0.2888862
EarlyStopping counter: 1 out of 20
Updating learning rate to 1.1790184577738603e-07
	iters: 100, epoch: 68 | loss: 0.5906249
	speed: 0.2917s/iter; left time: 2685.5677s
	iters: 200, epoch: 68 | loss: 0.6860608
	speed: 0.1261s/iter; left time: 1147.9418s
Epoch: 68 cost time: 35.549501180648804
Epoch: 68, Steps: 282 | Train Loss: 0.6332825 Vali Loss: 0.6420651 Test Loss: 0.2888818
EarlyStopping counter: 2 out of 20
Updating learning rate to 1.0611166119964742e-07
	iters: 100, epoch: 69 | loss: 0.7235301
	speed: 0.2919s/iter; left time: 2604.9582s
	iters: 200, epoch: 69 | loss: 0.5389036
	speed: 0.1260s/iter; left time: 1111.7880s
Epoch: 69 cost time: 35.558775424957275
Epoch: 69, Steps: 282 | Train Loss: 0.6333060 Vali Loss: 0.6411506 Test Loss: 0.2888824
EarlyStopping counter: 3 out of 20
Updating learning rate to 9.550049507968268e-08
	iters: 100, epoch: 70 | loss: 0.7985086
	speed: 0.2908s/iter; left time: 2513.6531s
	iters: 200, epoch: 70 | loss: 0.7636647
	speed: 0.1260s/iter; left time: 1076.5724s
Epoch: 70 cost time: 35.55127143859863
Epoch: 70, Steps: 282 | Train Loss: 0.6325163 Vali Loss: 0.6423521 Test Loss: 0.2888802
EarlyStopping counter: 4 out of 20
Updating learning rate to 8.595044557171442e-08
	iters: 100, epoch: 71 | loss: 0.6590100
	speed: 0.2916s/iter; left time: 2438.1683s
	iters: 200, epoch: 71 | loss: 0.5674737
	speed: 0.1261s/iter; left time: 1041.4222s
Epoch: 71 cost time: 35.55668115615845
Epoch: 71, Steps: 282 | Train Loss: 0.6329919 Vali Loss: 0.6425956 Test Loss: 0.2888800
EarlyStopping counter: 5 out of 20
Updating learning rate to 7.735540101454298e-08
	iters: 100, epoch: 72 | loss: 0.5224455
	speed: 0.2917s/iter; left time: 2356.3690s
	iters: 200, epoch: 72 | loss: 0.6507150
	speed: 0.1261s/iter; left time: 1005.7644s
Epoch: 72 cost time: 35.55620813369751
Epoch: 72, Steps: 282 | Train Loss: 0.6325121 Vali Loss: 0.6438912 Test Loss: 0.2888767
EarlyStopping counter: 6 out of 20
Updating learning rate to 6.961986091308869e-08
	iters: 100, epoch: 73 | loss: 0.5280300
	speed: 0.2916s/iter; left time: 2273.3898s
	iters: 200, epoch: 73 | loss: 0.6328990
	speed: 0.1261s/iter; left time: 970.3209s
Epoch: 73 cost time: 35.55145239830017
Epoch: 73, Steps: 282 | Train Loss: 0.6325510 Vali Loss: 0.6416867 Test Loss: 0.2888783
EarlyStopping counter: 7 out of 20
Updating learning rate to 6.265787482177981e-08
	iters: 100, epoch: 74 | loss: 0.6707076
	speed: 0.2913s/iter; left time: 2189.3512s
	iters: 200, epoch: 74 | loss: 0.5514354
	speed: 0.1261s/iter; left time: 934.6615s
Epoch: 74 cost time: 35.545597076416016
Epoch: 74, Steps: 282 | Train Loss: 0.6332243 Vali Loss: 0.6420798 Test Loss: 0.2888758
EarlyStopping counter: 8 out of 20
Updating learning rate to 5.639208733960184e-08
	iters: 100, epoch: 75 | loss: 0.6340125
	speed: 0.2908s/iter; left time: 2103.0103s
	iters: 200, epoch: 75 | loss: 0.6991920
	speed: 0.1260s/iter; left time: 898.8722s
Epoch: 75 cost time: 35.54573893547058
Epoch: 75, Steps: 282 | Train Loss: 0.6328577 Vali Loss: 0.6420674 Test Loss: 0.2888728
EarlyStopping counter: 9 out of 20
Updating learning rate to 5.075287860564165e-08
	iters: 100, epoch: 76 | loss: 0.5567427
	speed: 0.2916s/iter; left time: 2026.8606s
	iters: 200, epoch: 76 | loss: 0.5905148
	speed: 0.1261s/iter; left time: 863.6318s
Epoch: 76 cost time: 35.581366300582886
Epoch: 76, Steps: 282 | Train Loss: 0.6337172 Vali Loss: 0.6403995 Test Loss: 0.2888742
EarlyStopping counter: 10 out of 20
Updating learning rate to 4.567759074507749e-08
	iters: 100, epoch: 77 | loss: 0.7148243
	speed: 0.2922s/iter; left time: 1948.4446s
	iters: 200, epoch: 77 | loss: 0.5828450
	speed: 0.1260s/iter; left time: 827.9892s
Epoch: 77 cost time: 35.549713373184204
Epoch: 77, Steps: 282 | Train Loss: 0.6326662 Vali Loss: 0.6424174 Test Loss: 0.2888733
EarlyStopping counter: 11 out of 20
Updating learning rate to 4.1109831670569744e-08
	iters: 100, epoch: 78 | loss: 0.5789220
	speed: 0.2918s/iter; left time: 1863.6020s
	iters: 200, epoch: 78 | loss: 0.5856651
	speed: 0.1260s/iter; left time: 792.4653s
Epoch: 78 cost time: 35.55288219451904
Epoch: 78, Steps: 282 | Train Loss: 0.6334004 Vali Loss: 0.6410080 Test Loss: 0.2888737
EarlyStopping counter: 12 out of 20
Updating learning rate to 3.6998848503512764e-08
	iters: 100, epoch: 79 | loss: 0.6387329
	speed: 0.2917s/iter; left time: 1780.6918s
	iters: 200, epoch: 79 | loss: 0.6688262
	speed: 0.1260s/iter; left time: 756.7396s
Epoch: 79 cost time: 35.56207585334778
Epoch: 79, Steps: 282 | Train Loss: 0.6330495 Vali Loss: 0.6407335 Test Loss: 0.2888745
EarlyStopping counter: 13 out of 20
Updating learning rate to 3.3298963653161496e-08
	iters: 100, epoch: 80 | loss: 0.6232070
	speed: 0.2908s/iter; left time: 1693.2405s
	iters: 200, epoch: 80 | loss: 0.6583113
	speed: 0.1260s/iter; left time: 721.0655s
Epoch: 80 cost time: 35.54667353630066
Epoch: 80, Steps: 282 | Train Loss: 0.6331897 Vali Loss: 0.6417310 Test Loss: 0.2888725
EarlyStopping counter: 14 out of 20
Updating learning rate to 2.996906728784534e-08
	iters: 100, epoch: 81 | loss: 0.5982053
	speed: 0.2913s/iter; left time: 1614.3530s
	iters: 200, epoch: 81 | loss: 0.6424406
	speed: 0.1261s/iter; left time: 685.8535s
Epoch: 81 cost time: 35.55030703544617
Epoch: 81, Steps: 282 | Train Loss: 0.6325450 Vali Loss: 0.6431462 Test Loss: 0.2888753
EarlyStopping counter: 15 out of 20
Updating learning rate to 2.697216055906081e-08
	iters: 100, epoch: 82 | loss: 0.6570950
	speed: 0.2916s/iter; left time: 1533.5633s
	iters: 200, epoch: 82 | loss: 0.5682189
	speed: 0.1261s/iter; left time: 650.3430s
Epoch: 82 cost time: 35.55157685279846
Epoch: 82, Steps: 282 | Train Loss: 0.6329921 Vali Loss: 0.6424183 Test Loss: 0.2888751
EarlyStopping counter: 16 out of 20
Updating learning rate to 2.427494450315473e-08
	iters: 100, epoch: 83 | loss: 0.6205354
	speed: 0.2915s/iter; left time: 1451.0310s
	iters: 200, epoch: 83 | loss: 0.6915305
	speed: 0.1260s/iter; left time: 614.6797s
Epoch: 83 cost time: 35.56513953208923
Epoch: 83, Steps: 282 | Train Loss: 0.6335765 Vali Loss: 0.6411481 Test Loss: 0.2888723
EarlyStopping counter: 17 out of 20
Updating learning rate to 2.1847450052839257e-08
	iters: 100, epoch: 84 | loss: 0.5907084
	speed: 0.2916s/iter; left time: 1368.9775s
	iters: 200, epoch: 84 | loss: 0.5750018
	speed: 0.1260s/iter; left time: 578.9703s
Epoch: 84 cost time: 35.541951417922974
Epoch: 84, Steps: 282 | Train Loss: 0.6332939 Vali Loss: 0.6419027 Test Loss: 0.2888697
EarlyStopping counter: 18 out of 20
Updating learning rate to 1.9662705047555332e-08
	iters: 100, epoch: 85 | loss: 0.5492773
	speed: 0.2907s/iter; left time: 1282.9034s
	iters: 200, epoch: 85 | loss: 0.6769436
	speed: 0.1260s/iter; left time: 543.3856s
Epoch: 85 cost time: 35.54525399208069
Epoch: 85, Steps: 282 | Train Loss: 0.6332396 Vali Loss: 0.6416563 Test Loss: 0.2888705
EarlyStopping counter: 19 out of 20
Updating learning rate to 1.7696434542799797e-08
	iters: 100, epoch: 86 | loss: 0.6162147
	speed: 0.2916s/iter; left time: 1204.7981s
	iters: 200, epoch: 86 | loss: 0.8407391
	speed: 0.1261s/iter; left time: 508.1599s
Epoch: 86 cost time: 35.55061316490173
Epoch: 86, Steps: 282 | Train Loss: 0.6332356 Vali Loss: 0.6412947 Test Loss: 0.2888705
EarlyStopping counter: 20 out of 20
Early stopping
>>>>>>>testing : CMS_weather_336_336_PatchTST_custom_ftM_sl336_ll48_pl336_dm128_nh16_el3_dl1_df256_fc1_ebtimeF_dtTrue_Exp_0<<<<<<<<<<<<<<<<<<<<<<<<<<<<<<<<<
test 10204
mse:0.28484785556793213, mae:0.31535348296165466, rse:0.7010815739631653
Args in experiment:
Namespace(random_seed=2021, is_training=1, model_id='CMS_weather_336_720', model='PatchTST', data='custom', root_path='./dataset/', data_path='weather.csv', features='M', target='OT', freq='h', checkpoints='./checkpoints/', seq_len=336, label_len=48, pred_len=720, head_type='cms', fc_dropout=0.2, head_dropout=0.0, patch_len=16, stride=8, padding_patch='end', revin=1, affine=0, subtract_last=0, decomposition=0, kernel_size=25, individual=0, embed_type=0, enc_in=21, dec_in=7, c_out=7, d_model=128, n_heads=16, e_layers=3, d_layers=1, d_ff=256, moving_avg=25, factor=1, distil=True, dropout=0.2, embed='timeF', activation='gelu', output_attention=False, do_predict=False, num_workers=0, itr=1, train_epochs=100, batch_size=128, patience=20, learning_rate=0.0001, des='Exp', loss='mse', lradj='type3', pct_start=0.3, use_amp=False, use_gpu=True, gpu=0, use_multi_gpu=False, devices='0,1,2,3', test_flop=False)
Use GPU: cuda:0
>>>>>>>start training : CMS_weather_336_720_PatchTST_custom_ftM_sl336_ll48_pl720_dm128_nh16_el3_dl1_df256_fc1_ebtimeF_dtTrue_Exp_0>>>>>>>>>>>>>>>>>>>>>>>>>>
train 35832
val 4551
test 9820
	iters: 100, epoch: 1 | loss: 0.8219075
	speed: 0.2884s/iter; left time: 8019.0504s
	iters: 200, epoch: 1 | loss: 0.7852589
	speed: 0.1278s/iter; left time: 3538.8707s
Epoch: 1 cost time: 36.08902907371521
Epoch: 1, Steps: 279 | Train Loss: 0.8205384 Vali Loss: 0.8267306 Test Loss: 0.3719314
Validation loss decreased (inf --> 0.826731).  Saving model ...
Updating learning rate to 0.0001
	iters: 100, epoch: 2 | loss: 0.9464221
	speed: 0.3010s/iter; left time: 8284.3623s
	iters: 200, epoch: 2 | loss: 0.7936048
	speed: 0.1269s/iter; left time: 3479.1840s
Epoch: 2 cost time: 35.44411826133728
Epoch: 2, Steps: 279 | Train Loss: 0.8097755 Vali Loss: 0.8110506 Test Loss: 0.3681251
Validation loss decreased (0.826731 --> 0.811051).  Saving model ...
Updating learning rate to 0.0001
	iters: 100, epoch: 3 | loss: 0.8181406
	speed: 0.2972s/iter; left time: 8097.9448s
	iters: 200, epoch: 3 | loss: 0.7468982
	speed: 0.1272s/iter; left time: 3452.7628s
Epoch: 3 cost time: 35.51166796684265
Epoch: 3, Steps: 279 | Train Loss: 0.7939115 Vali Loss: 0.8024928 Test Loss: 0.3656498
Validation loss decreased (0.811051 --> 0.802493).  Saving model ...
Updating learning rate to 0.0001
	iters: 100, epoch: 4 | loss: 0.7403489
	speed: 0.2973s/iter; left time: 8015.8447s
	iters: 200, epoch: 4 | loss: 0.7678035
	speed: 0.1274s/iter; left time: 3423.6543s
Epoch: 4 cost time: 35.554734230041504
Epoch: 4, Steps: 279 | Train Loss: 0.7826827 Vali Loss: 0.7963278 Test Loss: 0.3639464
Validation loss decreased (0.802493 --> 0.796328).  Saving model ...
Updating learning rate to 9e-05
	iters: 100, epoch: 5 | loss: 0.7134247
	speed: 0.2993s/iter; left time: 7986.8483s
	iters: 200, epoch: 5 | loss: 0.8543808
	speed: 0.1275s/iter; left time: 3389.9288s
Epoch: 5 cost time: 35.61800265312195
Epoch: 5, Steps: 279 | Train Loss: 0.7747313 Vali Loss: 0.7912534 Test Loss: 0.3627419
Validation loss decreased (0.796328 --> 0.791253).  Saving model ...
Updating learning rate to 8.1e-05
	iters: 100, epoch: 6 | loss: 0.7422176
	speed: 0.2988s/iter; left time: 7890.1573s
	iters: 200, epoch: 6 | loss: 0.8020919
	speed: 0.1276s/iter; left time: 3357.3742s
Epoch: 6 cost time: 35.62287616729736
Epoch: 6, Steps: 279 | Train Loss: 0.7690675 Vali Loss: 0.7890465 Test Loss: 0.3618111
Validation loss decreased (0.791253 --> 0.789046).  Saving model ...
Updating learning rate to 7.290000000000001e-05
	iters: 100, epoch: 7 | loss: 0.6929943
	speed: 0.2970s/iter; left time: 7759.6915s
	iters: 200, epoch: 7 | loss: 0.8010648
	speed: 0.1276s/iter; left time: 3321.7714s
Epoch: 7 cost time: 35.63503861427307
Epoch: 7, Steps: 279 | Train Loss: 0.7647615 Vali Loss: 0.7862793 Test Loss: 0.3610837
Validation loss decreased (0.789046 --> 0.786279).  Saving model ...
Updating learning rate to 6.561e-05
	iters: 100, epoch: 8 | loss: 0.7813687
	speed: 0.2973s/iter; left time: 7683.8286s
	iters: 200, epoch: 8 | loss: 0.6834116
	speed: 0.1277s/iter; left time: 3287.8791s
Epoch: 8 cost time: 35.631030321121216
Epoch: 8, Steps: 279 | Train Loss: 0.7615656 Vali Loss: 0.7838634 Test Loss: 0.3604524
Validation loss decreased (0.786279 --> 0.783863).  Saving model ...
Updating learning rate to 5.904900000000001e-05
	iters: 100, epoch: 9 | loss: 0.8039351
	speed: 0.2981s/iter; left time: 7621.4586s
	iters: 200, epoch: 9 | loss: 0.6584473
	speed: 0.1276s/iter; left time: 3250.6215s
Epoch: 9 cost time: 35.64868927001953
Epoch: 9, Steps: 279 | Train Loss: 0.7587128 Vali Loss: 0.7823138 Test Loss: 0.3599084
Validation loss decreased (0.783863 --> 0.782314).  Saving model ...
Updating learning rate to 5.3144100000000005e-05
	iters: 100, epoch: 10 | loss: 0.7110285
	speed: 0.2973s/iter; left time: 7518.8206s
	iters: 200, epoch: 10 | loss: 0.8310870
	speed: 0.1279s/iter; left time: 3221.1082s
Epoch: 10 cost time: 35.668540239334106
Epoch: 10, Steps: 279 | Train Loss: 0.7562126 Vali Loss: 0.7797863 Test Loss: 0.3594406
Validation loss decreased (0.782314 --> 0.779786).  Saving model ...
Updating learning rate to 4.782969000000001e-05
	iters: 100, epoch: 11 | loss: 0.8292353
	speed: 0.2984s/iter; left time: 7464.2515s
	iters: 200, epoch: 11 | loss: 0.7584910
	speed: 0.1277s/iter; left time: 3182.1094s
Epoch: 11 cost time: 35.644564628601074
Epoch: 11, Steps: 279 | Train Loss: 0.7542712 Vali Loss: 0.7771769 Test Loss: 0.3590171
Validation loss decreased (0.779786 --> 0.777177).  Saving model ...
Updating learning rate to 4.304672100000001e-05
	iters: 100, epoch: 12 | loss: 0.6812665
	speed: 0.2976s/iter; left time: 7360.4745s
	iters: 200, epoch: 12 | loss: 0.6926200
	speed: 0.1278s/iter; left time: 3147.0426s
Epoch: 12 cost time: 35.6570885181427
Epoch: 12, Steps: 279 | Train Loss: 0.7522628 Vali Loss: 0.7768842 Test Loss: 0.3586586
Validation loss decreased (0.777177 --> 0.776884).  Saving model ...
Updating learning rate to 3.874204890000001e-05
	iters: 100, epoch: 13 | loss: 0.7278957
	speed: 0.2975s/iter; left time: 7275.1912s
	iters: 200, epoch: 13 | loss: 0.6842533
	speed: 0.1278s/iter; left time: 3111.1706s
Epoch: 13 cost time: 35.63023257255554
Epoch: 13, Steps: 279 | Train Loss: 0.7506543 Vali Loss: 0.7756452 Test Loss: 0.3583531
Validation loss decreased (0.776884 --> 0.775645).  Saving model ...
Updating learning rate to 3.486784401000001e-05
	iters: 100, epoch: 14 | loss: 0.7791761
	speed: 0.2970s/iter; left time: 7179.6653s
	iters: 200, epoch: 14 | loss: 0.7896931
	speed: 0.1276s/iter; left time: 3072.2354s
Epoch: 14 cost time: 35.63339281082153
Epoch: 14, Steps: 279 | Train Loss: 0.7493486 Vali Loss: 0.7745212 Test Loss: 0.3580852
Validation loss decreased (0.775645 --> 0.774521).  Saving model ...
Updating learning rate to 3.138105960900001e-05
	iters: 100, epoch: 15 | loss: 0.7631520
	speed: 0.2963s/iter; left time: 7080.5055s
	iters: 200, epoch: 15 | loss: 0.7800224
	speed: 0.1276s/iter; left time: 3037.0224s
Epoch: 15 cost time: 35.63564920425415
Epoch: 15, Steps: 279 | Train Loss: 0.7475832 Vali Loss: 0.7740985 Test Loss: 0.3578483
Validation loss decreased (0.774521 --> 0.774099).  Saving model ...
Updating learning rate to 2.824295364810001e-05
	iters: 100, epoch: 16 | loss: 0.8360546
	speed: 0.2954s/iter; left time: 6975.5840s
	iters: 200, epoch: 16 | loss: 0.7844514
	speed: 0.1277s/iter; left time: 3003.7694s
Epoch: 16 cost time: 35.64092302322388
Epoch: 16, Steps: 279 | Train Loss: 0.7468603 Vali Loss: 0.7742493 Test Loss: 0.3576109
EarlyStopping counter: 1 out of 20
Updating learning rate to 2.541865828329001e-05
	iters: 100, epoch: 17 | loss: 0.7656749
	speed: 0.2951s/iter; left time: 6887.2645s
	iters: 200, epoch: 17 | loss: 0.7309209
	speed: 0.1276s/iter; left time: 2964.6609s
Epoch: 17 cost time: 35.62903690338135
Epoch: 17, Steps: 279 | Train Loss: 0.7458191 Vali Loss: 0.7723924 Test Loss: 0.3574142
Validation loss decreased (0.774099 --> 0.772392).  Saving model ...
Updating learning rate to 2.287679245496101e-05
	iters: 100, epoch: 18 | loss: 0.7499723
	speed: 0.2965s/iter; left time: 6835.9113s
	iters: 200, epoch: 18 | loss: 0.8404113
	speed: 0.1277s/iter; left time: 2931.8224s
Epoch: 18 cost time: 35.61330580711365
Epoch: 18, Steps: 279 | Train Loss: 0.7446303 Vali Loss: 0.7708706 Test Loss: 0.3572320
Validation loss decreased (0.772392 --> 0.770871).  Saving model ...
Updating learning rate to 2.0589113209464907e-05
	iters: 100, epoch: 19 | loss: 0.7488044
	speed: 0.2964s/iter; left time: 6752.4187s
	iters: 200, epoch: 19 | loss: 0.6671141
	speed: 0.1276s/iter; left time: 2894.1917s
Epoch: 19 cost time: 35.63853573799133
Epoch: 19, Steps: 279 | Train Loss: 0.7437629 Vali Loss: 0.7720307 Test Loss: 0.3570594
EarlyStopping counter: 1 out of 20
Updating learning rate to 1.8530201888518416e-05
	iters: 100, epoch: 20 | loss: 0.7084507
	speed: 0.2946s/iter; left time: 6629.3370s
	iters: 200, epoch: 20 | loss: 0.7334884
	speed: 0.1276s/iter; left time: 2857.9332s
Epoch: 20 cost time: 35.62143397331238
Epoch: 20, Steps: 279 | Train Loss: 0.7431972 Vali Loss: 0.7710668 Test Loss: 0.3569100
EarlyStopping counter: 2 out of 20
Updating learning rate to 1.6677181699666577e-05
	iters: 100, epoch: 21 | loss: 0.7154905
	speed: 0.2951s/iter; left time: 6558.4849s
	iters: 200, epoch: 21 | loss: 0.8025387
	speed: 0.1277s/iter; left time: 2824.2500s
Epoch: 21 cost time: 35.62203669548035
Epoch: 21, Steps: 279 | Train Loss: 0.7427085 Vali Loss: 0.7703565 Test Loss: 0.3567716
Validation loss decreased (0.770871 --> 0.770357).  Saving model ...
Updating learning rate to 1.5009463529699919e-05
	iters: 100, epoch: 22 | loss: 0.6696545
	speed: 0.2965s/iter; left time: 6505.2779s
	iters: 200, epoch: 22 | loss: 0.7255620
	speed: 0.1277s/iter; left time: 2789.9652s
Epoch: 22 cost time: 35.6437873840332
Epoch: 22, Steps: 279 | Train Loss: 0.7419175 Vali Loss: 0.7691584 Test Loss: 0.3566482
Validation loss decreased (0.770357 --> 0.769158).  Saving model ...
Updating learning rate to 1.3508517176729929e-05
	iters: 100, epoch: 23 | loss: 0.7735471
	speed: 0.2965s/iter; left time: 6423.4320s
	iters: 200, epoch: 23 | loss: 0.7563169
	speed: 0.1276s/iter; left time: 2751.6575s
Epoch: 23 cost time: 35.61919355392456
Epoch: 23, Steps: 279 | Train Loss: 0.7415064 Vali Loss: 0.7681068 Test Loss: 0.3565377
Validation loss decreased (0.769158 --> 0.768107).  Saving model ...
Updating learning rate to 1.2157665459056936e-05
	iters: 100, epoch: 24 | loss: 0.7674162
	speed: 0.2971s/iter; left time: 6354.0890s
	iters: 200, epoch: 24 | loss: 0.6819463
	speed: 0.1277s/iter; left time: 2717.2478s
Epoch: 24 cost time: 35.634490728378296
Epoch: 24, Steps: 279 | Train Loss: 0.7405258 Vali Loss: 0.7689117 Test Loss: 0.3564284
EarlyStopping counter: 1 out of 20
Updating learning rate to 1.0941898913151242e-05
	iters: 100, epoch: 25 | loss: 0.7264424
	speed: 0.2946s/iter; left time: 6217.6581s
	iters: 200, epoch: 25 | loss: 0.7766419
	speed: 0.1277s/iter; left time: 2683.3540s
Epoch: 25 cost time: 35.627476930618286
Epoch: 25, Steps: 279 | Train Loss: 0.7403870 Vali Loss: 0.7691305 Test Loss: 0.3563327
EarlyStopping counter: 2 out of 20
Updating learning rate to 9.847709021836118e-06
	iters: 100, epoch: 26 | loss: 0.7380027
	speed: 0.2947s/iter; left time: 6136.6753s
	iters: 200, epoch: 26 | loss: 0.7022711
	speed: 0.1276s/iter; left time: 2643.8572s
Epoch: 26 cost time: 35.64138197898865
Epoch: 26, Steps: 279 | Train Loss: 0.7395963 Vali Loss: 0.7681531 Test Loss: 0.3562456
EarlyStopping counter: 3 out of 20
Updating learning rate to 8.862938119652508e-06
	iters: 100, epoch: 27 | loss: 0.6811593
	speed: 0.2961s/iter; left time: 6083.0710s
	iters: 200, epoch: 27 | loss: 0.7049796
	speed: 0.1278s/iter; left time: 2612.4289s
Epoch: 27 cost time: 35.628602504730225
Epoch: 27, Steps: 279 | Train Loss: 0.7392127 Vali Loss: 0.7681217 Test Loss: 0.3561688
EarlyStopping counter: 4 out of 20
Updating learning rate to 7.976644307687255e-06
	iters: 100, epoch: 28 | loss: 0.6993161
	speed: 0.2955s/iter; left time: 5989.9221s
	iters: 200, epoch: 28 | loss: 0.7131910
	speed: 0.1278s/iter; left time: 2576.5899s
Epoch: 28 cost time: 35.62960934638977
Epoch: 28, Steps: 279 | Train Loss: 0.7389044 Vali Loss: 0.7674074 Test Loss: 0.3561037
Validation loss decreased (0.768107 --> 0.767407).  Saving model ...
Updating learning rate to 7.178979876918531e-06
	iters: 100, epoch: 29 | loss: 0.7526059
	speed: 0.2959s/iter; left time: 5914.1899s
	iters: 200, epoch: 29 | loss: 0.7257698
	speed: 0.1276s/iter; left time: 2538.1852s
Epoch: 29 cost time: 35.63769268989563
Epoch: 29, Steps: 279 | Train Loss: 0.7387451 Vali Loss: 0.7684682 Test Loss: 0.3560399
EarlyStopping counter: 1 out of 20
Updating learning rate to 6.4610818892266776e-06
	iters: 100, epoch: 30 | loss: 0.7320573
	speed: 0.2938s/iter; left time: 5791.4510s
	iters: 200, epoch: 30 | loss: 0.7021886
	speed: 0.1278s/iter; left time: 2506.5072s
Epoch: 30 cost time: 35.63593292236328
Epoch: 30, Steps: 279 | Train Loss: 0.7381311 Vali Loss: 0.7665914 Test Loss: 0.3559788
Validation loss decreased (0.767407 --> 0.766591).  Saving model ...
Updating learning rate to 5.8149737003040096e-06
	iters: 100, epoch: 31 | loss: 0.7630336
	speed: 0.2960s/iter; left time: 5750.7282s
	iters: 200, epoch: 31 | loss: 0.7578024
	speed: 0.1276s/iter; left time: 2465.8697s
Epoch: 31 cost time: 35.63872003555298
Epoch: 31, Steps: 279 | Train Loss: 0.7379109 Vali Loss: 0.7670400 Test Loss: 0.3559287
EarlyStopping counter: 1 out of 20
Updating learning rate to 5.23347633027361e-06
	iters: 100, epoch: 32 | loss: 0.7659268
	speed: 0.2958s/iter; left time: 5664.5987s
	iters: 200, epoch: 32 | loss: 0.6934600
	speed: 0.1277s/iter; left time: 2432.1440s
Epoch: 32 cost time: 35.61250400543213
Epoch: 32, Steps: 279 | Train Loss: 0.7379242 Vali Loss: 0.7653186 Test Loss: 0.3558815
Validation loss decreased (0.766591 --> 0.765319).  Saving model ...
Updating learning rate to 4.710128697246249e-06
	iters: 100, epoch: 33 | loss: 0.7050295
	speed: 0.2971s/iter; left time: 5606.7657s
	iters: 200, epoch: 33 | loss: 0.6953979
	speed: 0.1276s/iter; left time: 2395.2804s
Epoch: 33 cost time: 35.61685037612915
Epoch: 33, Steps: 279 | Train Loss: 0.7377870 Vali Loss: 0.7658913 Test Loss: 0.3558413
EarlyStopping counter: 1 out of 20
Updating learning rate to 4.239115827521624e-06
	iters: 100, epoch: 34 | loss: 0.6940724
	speed: 0.2942s/iter; left time: 5469.7907s
	iters: 200, epoch: 34 | loss: 0.7604086
	speed: 0.1278s/iter; left time: 2363.0125s
Epoch: 34 cost time: 35.630146741867065
Epoch: 34, Steps: 279 | Train Loss: 0.7374323 Vali Loss: 0.7674614 Test Loss: 0.3558043
EarlyStopping counter: 2 out of 20
Updating learning rate to 3.815204244769462e-06
	iters: 100, epoch: 35 | loss: 0.7197312
	speed: 0.2947s/iter; left time: 5397.6649s
	iters: 200, epoch: 35 | loss: 0.6792018
	speed: 0.1277s/iter; left time: 2326.6293s
Epoch: 35 cost time: 35.62745380401611
Epoch: 35, Steps: 279 | Train Loss: 0.7375391 Vali Loss: 0.7663592 Test Loss: 0.3557727
EarlyStopping counter: 3 out of 20
Updating learning rate to 3.4336838202925152e-06
	iters: 100, epoch: 36 | loss: 0.7688407
	speed: 0.2950s/iter; left time: 5321.4245s
	iters: 200, epoch: 36 | loss: 0.6627493
	speed: 0.1278s/iter; left time: 2292.9068s
Epoch: 36 cost time: 35.638089418411255
Epoch: 36, Steps: 279 | Train Loss: 0.7372224 Vali Loss: 0.7664309 Test Loss: 0.3557403
EarlyStopping counter: 4 out of 20
Updating learning rate to 3.090315438263264e-06
	iters: 100, epoch: 37 | loss: 0.7529576
	speed: 0.2957s/iter; left time: 5250.4355s
	iters: 200, epoch: 37 | loss: 0.6470068
	speed: 0.1276s/iter; left time: 2252.8978s
Epoch: 37 cost time: 35.617958068847656
Epoch: 37, Steps: 279 | Train Loss: 0.7370476 Vali Loss: 0.7664836 Test Loss: 0.3557142
EarlyStopping counter: 5 out of 20
Updating learning rate to 2.7812838944369375e-06
	iters: 100, epoch: 38 | loss: 0.7278892
	speed: 0.2951s/iter; left time: 5157.0835s
	iters: 200, epoch: 38 | loss: 0.7350784
	speed: 0.1276s/iter; left time: 2217.2066s
Epoch: 38 cost time: 35.611767053604126
Epoch: 38, Steps: 279 | Train Loss: 0.7372089 Vali Loss: 0.7656341 Test Loss: 0.3556871
EarlyStopping counter: 6 out of 20
Updating learning rate to 2.503155504993244e-06
	iters: 100, epoch: 39 | loss: 0.7021723
	speed: 0.2942s/iter; left time: 5059.5669s
	iters: 200, epoch: 39 | loss: 0.6694991
	speed: 0.1277s/iter; left time: 2183.1480s
Epoch: 39 cost time: 35.61935114860535
Epoch: 39, Steps: 279 | Train Loss: 0.7368738 Vali Loss: 0.7666979 Test Loss: 0.3556633
EarlyStopping counter: 7 out of 20
Updating learning rate to 2.2528399544939195e-06
	iters: 100, epoch: 40 | loss: 0.6723060
	speed: 0.2947s/iter; left time: 4986.8120s
	iters: 200, epoch: 40 | loss: 0.8291563
	speed: 0.1276s/iter; left time: 2146.3754s
Epoch: 40 cost time: 35.6321496963501
Epoch: 40, Steps: 279 | Train Loss: 0.7366937 Vali Loss: 0.7655607 Test Loss: 0.3556424
EarlyStopping counter: 8 out of 20
Updating learning rate to 2.0275559590445276e-06
	iters: 100, epoch: 41 | loss: 0.8269649
	speed: 0.2955s/iter; left time: 4916.9387s
	iters: 200, epoch: 41 | loss: 0.7109914
	speed: 0.1277s/iter; left time: 2113.0715s
Epoch: 41 cost time: 35.61869406700134
Epoch: 41, Steps: 279 | Train Loss: 0.7364777 Vali Loss: 0.7659444 Test Loss: 0.3556251
EarlyStopping counter: 9 out of 20
Updating learning rate to 1.8248003631400751e-06
	iters: 100, epoch: 42 | loss: 0.6286245
	speed: 0.2953s/iter; left time: 4831.8901s
	iters: 200, epoch: 42 | loss: 0.7262446
	speed: 0.1276s/iter; left time: 2075.7361s
Epoch: 42 cost time: 35.62295913696289
Epoch: 42, Steps: 279 | Train Loss: 0.7365051 Vali Loss: 0.7649782 Test Loss: 0.3556089
Validation loss decreased (0.765319 --> 0.764978).  Saving model ...
Updating learning rate to 1.6423203268260676e-06
	iters: 100, epoch: 43 | loss: 0.8094946
	speed: 0.2963s/iter; left time: 4765.0250s
	iters: 200, epoch: 43 | loss: 0.7311928
	speed: 0.1276s/iter; left time: 2039.0619s
Epoch: 43 cost time: 35.6478009223938
Epoch: 43, Steps: 279 | Train Loss: 0.7366468 Vali Loss: 0.7657343 Test Loss: 0.3555938
EarlyStopping counter: 1 out of 20
Updating learning rate to 1.4780882941434609e-06
	iters: 100, epoch: 44 | loss: 0.6755132
	speed: 0.2944s/iter; left time: 4652.3163s
	iters: 200, epoch: 44 | loss: 0.7199634
	speed: 0.1275s/iter; left time: 2002.7728s
Epoch: 44 cost time: 35.598084449768066
Epoch: 44, Steps: 279 | Train Loss: 0.7366256 Vali Loss: 0.7660898 Test Loss: 0.3555810
EarlyStopping counter: 2 out of 20
Updating learning rate to 1.3302794647291146e-06
	iters: 100, epoch: 45 | loss: 0.8337577
	speed: 0.2951s/iter; left time: 4580.6941s
	iters: 200, epoch: 45 | loss: 0.8295317
	speed: 0.1277s/iter; left time: 1969.1942s
Epoch: 45 cost time: 35.6239218711853
Epoch: 45, Steps: 279 | Train Loss: 0.7362756 Vali Loss: 0.7651567 Test Loss: 0.3555702
EarlyStopping counter: 3 out of 20
Updating learning rate to 1.1972515182562034e-06
	iters: 100, epoch: 46 | loss: 0.7831665
	speed: 0.2953s/iter; left time: 4502.0455s
	iters: 200, epoch: 46 | loss: 0.7392926
	speed: 0.1276s/iter; left time: 1932.9633s
Epoch: 46 cost time: 35.613635778427124
Epoch: 46, Steps: 279 | Train Loss: 0.7364503 Vali Loss: 0.7658908 Test Loss: 0.3555585
EarlyStopping counter: 4 out of 20
Updating learning rate to 1.077526366430583e-06
	iters: 100, epoch: 47 | loss: 0.7302338
	speed: 0.2955s/iter; left time: 4422.4017s
	iters: 200, epoch: 47 | loss: 0.6420350
	speed: 0.1276s/iter; left time: 1896.7290s
Epoch: 47 cost time: 35.62683033943176
Epoch: 47, Steps: 279 | Train Loss: 0.7364370 Vali Loss: 0.7648926 Test Loss: 0.3555487
Validation loss decreased (0.764978 --> 0.764893).  Saving model ...
Updating learning rate to 9.697737297875248e-07
	iters: 100, epoch: 48 | loss: 0.7404497
	speed: 0.2963s/iter; left time: 4352.7842s
	iters: 200, epoch: 48 | loss: 0.7832591
	speed: 0.1276s/iter; left time: 1860.7676s
Epoch: 48 cost time: 35.60993981361389
Epoch: 48, Steps: 279 | Train Loss: 0.7361518 Vali Loss: 0.7645426 Test Loss: 0.3555396
Validation loss decreased (0.764893 --> 0.764543).  Saving model ...
Updating learning rate to 8.727963568087723e-07
	iters: 100, epoch: 49 | loss: 0.6243009
	speed: 0.2983s/iter; left time: 4298.9159s
	iters: 200, epoch: 49 | loss: 0.7676584
	speed: 0.1276s/iter; left time: 1826.2300s
Epoch: 49 cost time: 35.626516819000244
Epoch: 49, Steps: 279 | Train Loss: 0.7363150 Vali Loss: 0.7649463 Test Loss: 0.3555323
EarlyStopping counter: 1 out of 20
Updating learning rate to 7.855167211278951e-07
	iters: 100, epoch: 50 | loss: 0.7436953
	speed: 0.2952s/iter; left time: 4170.8776s
	iters: 200, epoch: 50 | loss: 0.7558656
	speed: 0.1279s/iter; left time: 1794.8174s
Epoch: 50 cost time: 35.63471984863281
Epoch: 50, Steps: 279 | Train Loss: 0.7363452 Vali Loss: 0.7654974 Test Loss: 0.3555248
EarlyStopping counter: 2 out of 20
Updating learning rate to 7.069650490151056e-07
	iters: 100, epoch: 51 | loss: 0.7681211
	speed: 0.2954s/iter; left time: 4091.7517s
	iters: 200, epoch: 51 | loss: 0.8212634
	speed: 0.1277s/iter; left time: 1755.7030s
Epoch: 51 cost time: 35.631996393203735
Epoch: 51, Steps: 279 | Train Loss: 0.7363251 Vali Loss: 0.7643991 Test Loss: 0.3555182
Validation loss decreased (0.764543 --> 0.764399).  Saving model ...
Updating learning rate to 6.36268544113595e-07
	iters: 100, epoch: 52 | loss: 0.7079388
	speed: 0.2970s/iter; left time: 4030.8594s
	iters: 200, epoch: 52 | loss: 0.7271627
	speed: 0.1276s/iter; left time: 1718.9368s
Epoch: 52 cost time: 35.61480474472046
Epoch: 52, Steps: 279 | Train Loss: 0.7360274 Vali Loss: 0.7642442 Test Loss: 0.3555129
Validation loss decreased (0.764399 --> 0.764244).  Saving model ...
Updating learning rate to 5.726416897022355e-07
	iters: 100, epoch: 53 | loss: 0.6418076
	speed: 0.2959s/iter; left time: 3933.6630s
	iters: 200, epoch: 53 | loss: 0.7648751
	speed: 0.1276s/iter; left time: 1683.9971s
Epoch: 53 cost time: 35.6338267326355
Epoch: 53, Steps: 279 | Train Loss: 0.7361376 Vali Loss: 0.7658396 Test Loss: 0.3555070
EarlyStopping counter: 1 out of 20
Updating learning rate to 5.15377520732012e-07
	iters: 100, epoch: 54 | loss: 0.8284734
	speed: 0.2951s/iter; left time: 3840.2506s
	iters: 200, epoch: 54 | loss: 0.9167191
	speed: 0.1276s/iter; left time: 1647.2848s
Epoch: 54 cost time: 35.6665575504303
Epoch: 54, Steps: 279 | Train Loss: 0.7361960 Vali Loss: 0.7648613 Test Loss: 0.3555033
EarlyStopping counter: 2 out of 20
Updating learning rate to 4.6383976865881085e-07
	iters: 100, epoch: 55 | loss: 0.7466159
	speed: 0.2957s/iter; left time: 3766.0717s
	iters: 200, epoch: 55 | loss: 0.6452845
	speed: 0.1277s/iter; left time: 1613.4688s
Epoch: 55 cost time: 35.619940519332886
Epoch: 55, Steps: 279 | Train Loss: 0.7362039 Vali Loss: 0.7641633 Test Loss: 0.3554977
Validation loss decreased (0.764244 --> 0.764163).  Saving model ...
Updating learning rate to 4.174557917929298e-07
	iters: 100, epoch: 56 | loss: 0.7828810
	speed: 0.2987s/iter; left time: 3721.1847s
	iters: 200, epoch: 56 | loss: 0.7281950
	speed: 0.1277s/iter; left time: 1577.8594s
Epoch: 56 cost time: 35.6460657119751
Epoch: 56, Steps: 279 | Train Loss: 0.7360054 Vali Loss: 0.7656721 Test Loss: 0.3554940
EarlyStopping counter: 1 out of 20
Updating learning rate to 3.7571021261363677e-07
	iters: 100, epoch: 57 | loss: 0.7106677
	speed: 0.2947s/iter; left time: 3588.9873s
	iters: 200, epoch: 57 | loss: 0.6601925
	speed: 0.1277s/iter; left time: 1541.7160s
Epoch: 57 cost time: 35.64737105369568
Epoch: 57, Steps: 279 | Train Loss: 0.7359595 Vali Loss: 0.7651171 Test Loss: 0.3554915
EarlyStopping counter: 2 out of 20
Updating learning rate to 3.381391913522731e-07
	iters: 100, epoch: 58 | loss: 0.8312681
	speed: 0.2948s/iter; left time: 3507.1568s
	iters: 200, epoch: 58 | loss: 0.7394334
	speed: 0.1279s/iter; left time: 1508.4285s
Epoch: 58 cost time: 35.6450469493866
Epoch: 58, Steps: 279 | Train Loss: 0.7361660 Vali Loss: 0.7651951 Test Loss: 0.3554880
EarlyStopping counter: 3 out of 20
Updating learning rate to 3.043252722170458e-07
	iters: 100, epoch: 59 | loss: 0.7847983
	speed: 0.2951s/iter; left time: 3429.2332s
	iters: 200, epoch: 59 | loss: 0.7483074
	speed: 0.1277s/iter; left time: 1471.0264s
Epoch: 59 cost time: 35.63091850280762
Epoch: 59, Steps: 279 | Train Loss: 0.7359704 Vali Loss: 0.7646347 Test Loss: 0.3554858
EarlyStopping counter: 4 out of 20
Updating learning rate to 2.7389274499534124e-07
	iters: 100, epoch: 60 | loss: 0.6810447
	speed: 0.2960s/iter; left time: 3357.0422s
	iters: 200, epoch: 60 | loss: 0.7367512
	speed: 0.1281s/iter; left time: 1439.6909s
Epoch: 60 cost time: 35.69317817687988
Epoch: 60, Steps: 279 | Train Loss: 0.7360264 Vali Loss: 0.7659755 Test Loss: 0.3554829
EarlyStopping counter: 5 out of 20
Updating learning rate to 2.465034704958071e-07
	iters: 100, epoch: 61 | loss: 0.7805101
	speed: 0.2964s/iter; left time: 3278.0429s
	iters: 200, epoch: 61 | loss: 0.7730888
	speed: 0.1277s/iter; left time: 1399.7715s
Epoch: 61 cost time: 35.64981532096863
Epoch: 61, Steps: 279 | Train Loss: 0.7359173 Vali Loss: 0.7663965 Test Loss: 0.3554816
EarlyStopping counter: 6 out of 20
Updating learning rate to 2.218531234462264e-07
	iters: 100, epoch: 62 | loss: 0.7982760
	speed: 0.2947s/iter; left time: 3177.0081s
	iters: 200, epoch: 62 | loss: 0.8040853
	speed: 0.1279s/iter; left time: 1365.9633s
Epoch: 62 cost time: 35.66047978401184
