==========================================================
Lanzando Experimento: CMS_ettm1 | Dataset: ettm1
==========================================================
Args in experiment:
Namespace(random_seed=2021, is_training=1, model_id='CMS_ettm1_336_96', model='PatchTST', data='ETTm1', root_path='./dataset/', data_path='ETTm1.csv', features='M', target='OT', freq='h', checkpoints='./checkpoints/', seq_len=336, label_len=48, pred_len=96, head_type='cms', fc_dropout=0.2, head_dropout=0.0, patch_len=16, stride=8, padding_patch='end', revin=1, affine=0, subtract_last=0, decomposition=0, kernel_size=25, individual=0, embed_type=0, enc_in=7, dec_in=7, c_out=7, d_model=128, n_heads=16, e_layers=3, d_layers=1, d_ff=256, moving_avg=25, factor=1, distil=True, dropout=0.2, embed='timeF', activation='gelu', output_attention=False, do_predict=False, num_workers=0, itr=1, train_epochs=100, batch_size=128, patience=20, learning_rate=0.0001, des='Exp', loss='mse', lradj='TST', pct_start=0.4, use_amp=False, use_gpu=True, gpu=0, use_multi_gpu=False, devices='0,1,2,3', test_flop=False)
Use GPU: cuda:0
>>>>>>>start training : CMS_ettm1_336_96_PatchTST_ETTm1_ftM_sl336_ll48_pl96_dm128_nh16_el3_dl1_df256_fc1_ebtimeF_dtTrue_Exp_0>>>>>>>>>>>>>>>>>>>>>>>>>>
train 34129
val 11425
test 11425
	iters: 100, epoch: 1 | loss: 0.5133346
	speed: 0.1237s/iter; left time: 3277.6921s
	iters: 200, epoch: 1 | loss: 0.4715647
	speed: 0.0487s/iter; left time: 1284.4942s
Epoch: 1 cost time: 13.666179418563843
Epoch: 1, Steps: 266 | Train Loss: 0.5043855 Vali Loss: 0.9151619 Test Loss: 0.6907204
Validation loss decreased (inf --> 0.915162).  Saving model ...
Updating learning rate to 4.147995783958166e-06
	iters: 100, epoch: 2 | loss: 0.5108312
	speed: 0.1153s/iter; left time: 3023.9005s
	iters: 200, epoch: 2 | loss: 0.4869793
	speed: 0.0486s/iter; left time: 1270.0651s
Epoch: 2 cost time: 12.93660593032837
Epoch: 2, Steps: 266 | Train Loss: 0.5030887 Vali Loss: 0.9122735 Test Loss: 0.6882151
Validation loss decreased (0.915162 --> 0.912274).  Saving model ...
Updating learning rate to 4.591070521163098e-06
	iters: 100, epoch: 3 | loss: 0.5643192
	speed: 0.1148s/iter; left time: 2980.7166s
	iters: 200, epoch: 3 | loss: 0.4721638
	speed: 0.0488s/iter; left time: 1262.5285s
Epoch: 3 cost time: 12.987831830978394
Epoch: 3, Steps: 266 | Train Loss: 0.5016262 Vali Loss: 0.9087449 Test Loss: 0.6854213
Validation loss decreased (0.912274 --> 0.908745).  Saving model ...
Updating learning rate to 5.326491995236255e-06
	iters: 100, epoch: 4 | loss: 0.4504842
	speed: 0.1155s/iter; left time: 2967.6743s
	iters: 200, epoch: 4 | loss: 0.5288911
	speed: 0.0492s/iter; left time: 1260.8175s
Epoch: 4 cost time: 13.092670202255249
Epoch: 4, Steps: 266 | Train Loss: 0.5001404 Vali Loss: 0.9049229 Test Loss: 0.6821709
Validation loss decreased (0.908745 --> 0.904923).  Saving model ...
Updating learning rate to 6.349725236277868e-06
	iters: 100, epoch: 5 | loss: 0.4758807
	speed: 0.1159s/iter; left time: 2948.3978s
	iters: 200, epoch: 5 | loss: 0.4951794
	speed: 0.0492s/iter; left time: 1247.5735s
Epoch: 5 cost time: 13.088502645492554
Epoch: 5, Steps: 266 | Train Loss: 0.4983762 Vali Loss: 0.9007604 Test Loss: 0.6784688
Validation loss decreased (0.904923 --> 0.900760).  Saving model ...
Updating learning rate to 7.654460485717921e-06
	iters: 100, epoch: 6 | loss: 0.5071145
	speed: 0.1152s/iter; left time: 2899.2174s
	iters: 200, epoch: 6 | loss: 0.4909356
	speed: 0.0489s/iter; left time: 1226.7476s
Epoch: 6 cost time: 13.019942045211792
Epoch: 6, Steps: 266 | Train Loss: 0.4961321 Vali Loss: 0.8952380 Test Loss: 0.6739173
Validation loss decreased (0.900760 --> 0.895238).  Saving model ...
Updating learning rate to 9.232652105385623e-06
	iters: 100, epoch: 7 | loss: 0.4692583
	speed: 0.1157s/iter; left time: 2882.4373s
	iters: 200, epoch: 7 | loss: 0.5083527
	speed: 0.0494s/iter; left time: 1226.2485s
Epoch: 7 cost time: 13.146876335144043
Epoch: 7, Steps: 266 | Train Loss: 0.4935203 Vali Loss: 0.8891777 Test Loss: 0.6686183
Validation loss decreased (0.895238 --> 0.889178).  Saving model ...
Updating learning rate to 1.1074568190864783e-05
	iters: 100, epoch: 8 | loss: 0.5522400
	speed: 0.1162s/iter; left time: 2864.1801s
	iters: 200, epoch: 8 | loss: 0.4242007
	speed: 0.0494s/iter; left time: 1213.2650s
Epoch: 8 cost time: 13.15491771697998
Epoch: 8, Steps: 266 | Train Loss: 0.4903558 Vali Loss: 0.8824132 Test Loss: 0.6624191
Validation loss decreased (0.889178 --> 0.882413).  Saving model ...
Updating learning rate to 1.316885058319476e-05
	iters: 100, epoch: 9 | loss: 0.5145938
	speed: 0.1162s/iter; left time: 2830.9779s
	iters: 200, epoch: 9 | loss: 0.4211044
	speed: 0.0494s/iter; left time: 1199.4578s
Epoch: 9 cost time: 13.14874792098999
Epoch: 9, Steps: 266 | Train Loss: 0.4869816 Vali Loss: 0.8732050 Test Loss: 0.6552485
Validation loss decreased (0.882413 --> 0.873205).  Saving model ...
Updating learning rate to 1.5502584908855415e-05
	iters: 100, epoch: 10 | loss: 0.4536718
	speed: 0.1160s/iter; left time: 2796.6173s
	iters: 200, epoch: 10 | loss: 0.5177203
	speed: 0.0495s/iter; left time: 1187.4335s
Epoch: 10 cost time: 13.154235363006592
Epoch: 10, Steps: 266 | Train Loss: 0.4828959 Vali Loss: 0.8631598 Test Loss: 0.6469823
Validation loss decreased (0.873205 --> 0.863160).  Saving model ...
Updating learning rate to 1.806138021613527e-05
	iters: 100, epoch: 11 | loss: 0.4934120
	speed: 0.1171s/iter; left time: 2791.7053s
	iters: 200, epoch: 11 | loss: 0.4471546
	speed: 0.0494s/iter; left time: 1172.6394s
Epoch: 11 cost time: 13.14191722869873
Epoch: 11, Steps: 266 | Train Loss: 0.4781706 Vali Loss: 0.8522179 Test Loss: 0.6375130
Validation loss decreased (0.863160 --> 0.852218).  Saving model ...
Updating learning rate to 2.0829457716805565e-05
	iters: 100, epoch: 12 | loss: 0.4838176
	speed: 0.1160s/iter; left time: 2734.8500s
	iters: 200, epoch: 12 | loss: 0.4301154
	speed: 0.0494s/iter; left time: 1158.6259s
Epoch: 12 cost time: 13.136128425598145
Epoch: 12, Steps: 266 | Train Loss: 0.4729762 Vali Loss: 0.8397400 Test Loss: 0.6267130
Validation loss decreased (0.852218 --> 0.839740).  Saving model ...
Updating learning rate to 2.3789748085875986e-05
	iters: 100, epoch: 13 | loss: 0.4645548
	speed: 0.1160s/iter; left time: 2703.7718s
	iters: 200, epoch: 13 | loss: 0.4589332
	speed: 0.0494s/iter; left time: 1146.1210s
Epoch: 13 cost time: 13.148168563842773
Epoch: 13, Steps: 266 | Train Loss: 0.4669290 Vali Loss: 0.8249261 Test Loss: 0.6143898
Validation loss decreased (0.839740 --> 0.824926).  Saving model ...
Updating learning rate to 2.6923996719433387e-05
	iters: 100, epoch: 14 | loss: 0.4397119
	speed: 0.1158s/iter; left time: 2668.9517s
	iters: 200, epoch: 14 | loss: 0.4388846
	speed: 0.0494s/iter; left time: 1132.4248s
Epoch: 14 cost time: 13.136181354522705
Epoch: 14, Steps: 266 | Train Loss: 0.4603202 Vali Loss: 0.8076571 Test Loss: 0.6004456
Validation loss decreased (0.824926 --> 0.807657).  Saving model ...
Updating learning rate to 3.021287630149266e-05
	iters: 100, epoch: 15 | loss: 0.4375388
	speed: 0.1162s/iter; left time: 2645.7849s
	iters: 200, epoch: 15 | loss: 0.4668581
	speed: 0.0494s/iter; left time: 1120.0709s
Epoch: 15 cost time: 13.151593208312988
Epoch: 15, Steps: 266 | Train Loss: 0.4526461 Vali Loss: 0.7885515 Test Loss: 0.5847346
Validation loss decreased (0.807657 --> 0.788552).  Saving model ...
Updating learning rate to 3.363610598571669e-05
	iters: 100, epoch: 16 | loss: 0.4555662
	speed: 0.1161s/iter; left time: 2614.4771s
	iters: 200, epoch: 16 | loss: 0.4574287
	speed: 0.0494s/iter; left time: 1107.5722s
Epoch: 16 cost time: 13.143650770187378
Epoch: 16, Steps: 266 | Train Loss: 0.4442265 Vali Loss: 0.7667987 Test Loss: 0.5670745
Validation loss decreased (0.788552 --> 0.766799).  Saving model ...
Updating learning rate to 3.717257645707274e-05
	iters: 100, epoch: 17 | loss: 0.3914463
	speed: 0.1160s/iter; left time: 2580.6255s
	iters: 200, epoch: 17 | loss: 0.4380535
	speed: 0.0494s/iter; left time: 1094.0567s
Epoch: 17 cost time: 13.146591186523438
Epoch: 17, Steps: 266 | Train Loss: 0.4345369 Vali Loss: 0.7430701 Test Loss: 0.5477380
Validation loss decreased (0.766799 --> 0.743070).  Saving model ...
Updating learning rate to 4.08004801022336e-05
	iters: 100, epoch: 18 | loss: 0.4107727
	speed: 0.1160s/iter; left time: 2550.0609s
	iters: 200, epoch: 18 | loss: 0.4007603
	speed: 0.0495s/iter; left time: 1082.9857s
Epoch: 18 cost time: 13.164596796035767
Epoch: 18, Steps: 266 | Train Loss: 0.4241935 Vali Loss: 0.7164947 Test Loss: 0.5268835
Validation loss decreased (0.743070 --> 0.716495).  Saving model ...
Updating learning rate to 4.4497445486028815e-05
	iters: 100, epoch: 19 | loss: 0.3991929
	speed: 0.1160s/iter; left time: 2519.0632s
	iters: 200, epoch: 19 | loss: 0.4083572
	speed: 0.0494s/iter; left time: 1067.3799s
Epoch: 19 cost time: 13.144225835800171
Epoch: 19, Steps: 266 | Train Loss: 0.4128833 Vali Loss: 0.6884483 Test Loss: 0.5049244
Validation loss decreased (0.716495 --> 0.688448).  Saving model ...
Updating learning rate to 4.8240675304698384e-05
	iters: 100, epoch: 20 | loss: 0.4419598
	speed: 0.1160s/iter; left time: 2487.4162s
	iters: 200, epoch: 20 | loss: 0.4253064
	speed: 0.0494s/iter; left time: 1053.9907s
Epoch: 20 cost time: 13.137428045272827
Epoch: 20, Steps: 266 | Train Loss: 0.4006286 Vali Loss: 0.6591819 Test Loss: 0.4825869
Validation loss decreased (0.688448 --> 0.659182).  Saving model ...
Updating learning rate to 5.2007086965261054e-05
	iters: 100, epoch: 21 | loss: 0.3937228
	speed: 0.1160s/iter; left time: 2457.7580s
	iters: 200, epoch: 21 | loss: 0.3743594
	speed: 0.0494s/iter; left time: 1041.7939s
Epoch: 21 cost time: 13.151306390762329
Epoch: 21, Steps: 266 | Train Loss: 0.3882798 Vali Loss: 0.6302656 Test Loss: 0.4605018
Validation loss decreased (0.659182 --> 0.630266).  Saving model ...
Updating learning rate to 5.5773454924116216e-05
	iters: 100, epoch: 22 | loss: 0.3728763
	speed: 0.1160s/iter; left time: 2426.3735s
	iters: 200, epoch: 22 | loss: 0.3488368
	speed: 0.0494s/iter; left time: 1028.2136s
Epoch: 22 cost time: 13.14083981513977
Epoch: 22, Steps: 266 | Train Loss: 0.3759216 Vali Loss: 0.6008169 Test Loss: 0.4392396
Validation loss decreased (0.630266 --> 0.600817).  Saving model ...
Updating learning rate to 5.95165539071495e-05
	iters: 100, epoch: 23 | loss: 0.3221831
	speed: 0.1158s/iter; left time: 2391.5817s
	iters: 200, epoch: 23 | loss: 0.3714240
	speed: 0.0494s/iter; left time: 1014.4404s
Epoch: 23 cost time: 13.140324354171753
Epoch: 23, Steps: 266 | Train Loss: 0.3631845 Vali Loss: 0.5723652 Test Loss: 0.4192839
Validation loss decreased (0.600817 --> 0.572365).  Saving model ...
Updating learning rate to 6.321330212817643e-05
	iters: 100, epoch: 24 | loss: 0.3494293
	speed: 0.1162s/iter; left time: 2368.2846s
	iters: 200, epoch: 24 | loss: 0.3281497
	speed: 0.0494s/iter; left time: 1002.2102s
Epoch: 24 cost time: 13.143527030944824
Epoch: 24, Steps: 266 | Train Loss: 0.3512395 Vali Loss: 0.5455657 Test Loss: 0.4007022
Validation loss decreased (0.572365 --> 0.545566).  Saving model ...
Updating learning rate to 6.684090362256924e-05
	iters: 100, epoch: 25 | loss: 0.3202742
	speed: 0.1169s/iter; left time: 2350.7555s
	iters: 200, epoch: 25 | loss: 0.3475609
	speed: 0.0494s/iter; left time: 989.1131s
Epoch: 25 cost time: 13.152933359146118
Epoch: 25, Steps: 266 | Train Loss: 0.3397215 Vali Loss: 0.5204598 Test Loss: 0.3834878
Validation loss decreased (0.545566 --> 0.520460).  Saving model ...
Updating learning rate to 7.037698881836747e-05
	iters: 100, epoch: 26 | loss: 0.3314579
	speed: 0.1159s/iter; left time: 2301.0353s
	iters: 200, epoch: 26 | loss: 0.3273321
	speed: 0.0495s/iter; left time: 977.7259s
Epoch: 26 cost time: 13.162149429321289
Epoch: 26, Steps: 266 | Train Loss: 0.3288262 Vali Loss: 0.4971627 Test Loss: 0.3677168
Validation loss decreased (0.520460 --> 0.497163).  Saving model ...
Updating learning rate to 7.379975247804219e-05
	iters: 100, epoch: 27 | loss: 0.3305286
	speed: 0.1161s/iter; left time: 2274.7408s
	iters: 200, epoch: 27 | loss: 0.3024075
	speed: 0.0495s/iter; left time: 963.7841s
Epoch: 27 cost time: 13.157069683074951
Epoch: 27, Steps: 266 | Train Loss: 0.3185171 Vali Loss: 0.4760387 Test Loss: 0.3535706
Validation loss decreased (0.497163 --> 0.476039).  Saving model ...
Updating learning rate to 7.70880881602968e-05
	iters: 100, epoch: 28 | loss: 0.2825189
	speed: 0.1161s/iter; left time: 2243.1731s
	iters: 200, epoch: 28 | loss: 0.2792049
	speed: 0.0494s/iter; left time: 949.5436s
Epoch: 28 cost time: 13.151513576507568
Epoch: 28, Steps: 266 | Train Loss: 0.3091261 Vali Loss: 0.4563585 Test Loss: 0.3409799
Validation loss decreased (0.476039 --> 0.456358).  Saving model ...
Updating learning rate to 8.02217183727475e-05
	iters: 100, epoch: 29 | loss: 0.3229626
	speed: 0.1161s/iter; left time: 2212.0990s
	iters: 200, epoch: 29 | loss: 0.2994213
	speed: 0.0494s/iter; left time: 936.3656s
Epoch: 29 cost time: 13.160335540771484
Epoch: 29, Steps: 266 | Train Loss: 0.3004775 Vali Loss: 0.4387690 Test Loss: 0.3309658
Validation loss decreased (0.456358 --> 0.438769).  Saving model ...
Updating learning rate to 8.318131961289731e-05
	iters: 100, epoch: 30 | loss: 0.3235264
	speed: 0.1160s/iter; left time: 2179.4231s
	iters: 200, epoch: 30 | loss: 0.3155110
	speed: 0.0494s/iter; left time: 922.9883s
Epoch: 30 cost time: 13.1450355052948
Epoch: 30, Steps: 266 | Train Loss: 0.2928197 Vali Loss: 0.4254936 Test Loss: 0.3221520
Validation loss decreased (0.438769 --> 0.425494).  Saving model ...
Updating learning rate to 8.59486415263404e-05
	iters: 100, epoch: 31 | loss: 0.2762082
	speed: 0.1159s/iter; left time: 2147.2313s
	iters: 200, epoch: 31 | loss: 0.2779174
	speed: 0.0494s/iter; left time: 910.0175s
Epoch: 31 cost time: 13.147127389907837
Epoch: 31, Steps: 266 | Train Loss: 0.2862489 Vali Loss: 0.4132981 Test Loss: 0.3155838
Validation loss decreased (0.425494 --> 0.413298).  Saving model ...
Updating learning rate to 8.850661944740828e-05
	iters: 100, epoch: 32 | loss: 0.2717958
	speed: 0.1162s/iter; left time: 2121.7234s
	iters: 200, epoch: 32 | loss: 0.2693022
	speed: 0.0494s/iter; left time: 897.2497s
Epoch: 32 cost time: 13.148330450057983
Epoch: 32, Steps: 266 | Train Loss: 0.2804502 Vali Loss: 0.4034592 Test Loss: 0.3104684
Validation loss decreased (0.413298 --> 0.403459).  Saving model ...
Updating learning rate to 9.083947962827694e-05
	iters: 100, epoch: 33 | loss: 0.2771268
	speed: 0.1159s/iter; left time: 2085.2821s
	iters: 200, epoch: 33 | loss: 0.2712780
	speed: 0.0494s/iter; left time: 883.5501s
Epoch: 33 cost time: 13.138142824172974
Epoch: 33, Steps: 266 | Train Loss: 0.2755215 Vali Loss: 0.3962612 Test Loss: 0.3068643
Validation loss decreased (0.403459 --> 0.396261).  Saving model ...
Updating learning rate to 9.293283650764084e-05
	iters: 100, epoch: 34 | loss: 0.2623737
	speed: 0.1160s/iter; left time: 2055.9366s
	iters: 200, epoch: 34 | loss: 0.2789971
	speed: 0.0495s/iter; left time: 872.2316s
Epoch: 34 cost time: 13.153332948684692
Epoch: 34, Steps: 266 | Train Loss: 0.2710747 Vali Loss: 0.3908926 Test Loss: 0.3033508
Validation loss decreased (0.396261 --> 0.390893).  Saving model ...
Updating learning rate to 9.477378141914727e-05
	iters: 100, epoch: 35 | loss: 0.2532302
	speed: 0.1165s/iter; left time: 2033.1030s
	iters: 200, epoch: 35 | loss: 0.2423132
	speed: 0.0494s/iter; left time: 857.1846s
Epoch: 35 cost time: 13.148328304290771
Epoch: 35, Steps: 266 | Train Loss: 0.2674028 Vali Loss: 0.3858650 Test Loss: 0.3009304
Validation loss decreased (0.390893 --> 0.385865).  Saving model ...
Updating learning rate to 9.635096219257111e-05
	iters: 100, epoch: 36 | loss: 0.2985145
	speed: 0.1161s/iter; left time: 1996.6971s
	iters: 200, epoch: 36 | loss: 0.2637395
	speed: 0.0494s/iter; left time: 844.4478s
Epoch: 36 cost time: 13.142320156097412
Epoch: 36, Steps: 266 | Train Loss: 0.2641205 Vali Loss: 0.3822718 Test Loss: 0.2989736
Validation loss decreased (0.385865 --> 0.382272).  Saving model ...
Updating learning rate to 9.765465315687045e-05
	iters: 100, epoch: 37 | loss: 0.2863941
	speed: 0.1162s/iter; left time: 1967.1162s
	iters: 200, epoch: 37 | loss: 0.2544608
	speed: 0.0494s/iter; left time: 831.6194s
Epoch: 37 cost time: 13.163249731063843
Epoch: 37, Steps: 266 | Train Loss: 0.2613297 Vali Loss: 0.3789853 Test Loss: 0.2972012
Validation loss decreased (0.382272 --> 0.378985).  Saving model ...
Updating learning rate to 9.867681511344941e-05
	iters: 100, epoch: 38 | loss: 0.2549643
	speed: 0.1161s/iter; left time: 1934.4370s
	iters: 200, epoch: 38 | loss: 0.2504197
	speed: 0.0494s/iter; left time: 818.1096s
Epoch: 38 cost time: 13.146640539169312
Epoch: 38, Steps: 266 | Train Loss: 0.2587582 Vali Loss: 0.3764756 Test Loss: 0.2957785
Validation loss decreased (0.378985 --> 0.376476).  Saving model ...
Updating learning rate to 9.941114490980398e-05
	iters: 100, epoch: 39 | loss: 0.2532341
	speed: 0.1160s/iter; left time: 1901.8373s
	iters: 200, epoch: 39 | loss: 0.2547260
	speed: 0.0494s/iter; left time: 804.9063s
Epoch: 39 cost time: 13.152443170547485
Epoch: 39, Steps: 266 | Train Loss: 0.2564989 Vali Loss: 0.3744286 Test Loss: 0.2944366
Validation loss decreased (0.376476 --> 0.374429).  Saving model ...
Updating learning rate to 9.98531143078552e-05
	iters: 100, epoch: 40 | loss: 0.2889586
	speed: 0.1163s/iter; left time: 1875.4287s
	iters: 200, epoch: 40 | loss: 0.2330713
	speed: 0.0494s/iter; left time: 791.6525s
Epoch: 40 cost time: 13.146503448486328
Epoch: 40, Steps: 266 | Train Loss: 0.2544134 Vali Loss: 0.3727466 Test Loss: 0.2935436
Validation loss decreased (0.374429 --> 0.372747).  Saving model ...
Updating learning rate to 9.999999903133806e-05
	iters: 100, epoch: 41 | loss: 0.3052250
	speed: 0.1161s/iter; left time: 1842.0194s
	iters: 200, epoch: 41 | loss: 0.2395545
	speed: 0.0494s/iter; left time: 778.6317s
Epoch: 41 cost time: 13.152295589447021
Epoch: 41, Steps: 266 | Train Loss: 0.2524936 Vali Loss: 0.3706534 Test Loss: 0.2926764
Validation loss decreased (0.372747 --> 0.370653).  Saving model ...
Updating learning rate to 9.993096095176514e-05
	iters: 100, epoch: 42 | loss: 0.2463882
	speed: 0.1166s/iter; left time: 1819.0292s
	iters: 200, epoch: 42 | loss: 0.2474097
	speed: 0.0495s/iter; left time: 766.8967s
Epoch: 42 cost time: 13.163281917572021
Epoch: 42, Steps: 266 | Train Loss: 0.2507745 Vali Loss: 0.3685112 Test Loss: 0.2919263
Validation loss decreased (0.370653 --> 0.368511).  Saving model ...
Updating learning rate to 9.972506612706808e-05
	iters: 100, epoch: 43 | loss: 0.2405578
	speed: 0.1160s/iter; left time: 1778.3446s
	iters: 200, epoch: 43 | loss: 0.2442311
	speed: 0.0494s/iter; left time: 752.4706s
Epoch: 43 cost time: 13.144004106521606
Epoch: 43, Steps: 266 | Train Loss: 0.2492364 Vali Loss: 0.3677003 Test Loss: 0.2912639
Validation loss decreased (0.368511 --> 0.367700).  Saving model ...
Updating learning rate to 9.93828789006498e-05
	iters: 100, epoch: 44 | loss: 0.2401797
	speed: 0.1161s/iter; left time: 1748.1084s
	iters: 200, epoch: 44 | loss: 0.2527622
	speed: 0.0494s/iter; left time: 739.0558s
Epoch: 44 cost time: 13.141600608825684
Epoch: 44, Steps: 266 | Train Loss: 0.2477160 Vali Loss: 0.3666957 Test Loss: 0.2905717
Validation loss decreased (0.367700 --> 0.366696).  Saving model ...
Updating learning rate to 9.890533718391275e-05
	iters: 100, epoch: 45 | loss: 0.2406564
	speed: 0.1161s/iter; left time: 1717.9629s
	iters: 200, epoch: 45 | loss: 0.2355155
	speed: 0.0494s/iter; left time: 726.1629s
Epoch: 45 cost time: 13.152436017990112
Epoch: 45, Steps: 266 | Train Loss: 0.2462998 Vali Loss: 0.3646443 Test Loss: 0.2900763
Validation loss decreased (0.366696 --> 0.364644).  Saving model ...
Updating learning rate to 9.829374988550901e-05
	iters: 100, epoch: 46 | loss: 0.2716945
	speed: 0.1160s/iter; left time: 1684.9278s
	iters: 200, epoch: 46 | loss: 0.2435426
	speed: 0.0494s/iter; left time: 712.6987s
Epoch: 46 cost time: 13.139297246932983
Epoch: 46, Steps: 266 | Train Loss: 0.2449604 Vali Loss: 0.3641628 Test Loss: 0.2897574
Validation loss decreased (0.364644 --> 0.364163).  Saving model ...
Updating learning rate to 9.754979332371259e-05
	iters: 100, epoch: 47 | loss: 0.2396801
	speed: 0.1160s/iter; left time: 1655.2135s
	iters: 200, epoch: 47 | loss: 0.2232686
	speed: 0.0494s/iter; left time: 700.0435s
Epoch: 47 cost time: 13.159637212753296
Epoch: 47, Steps: 266 | Train Loss: 0.2438467 Vali Loss: 0.3629211 Test Loss: 0.2893336
Validation loss decreased (0.364163 --> 0.362921).  Saving model ...
Updating learning rate to 9.667550663174757e-05
	iters: 100, epoch: 48 | loss: 0.2497378
	speed: 0.1163s/iter; left time: 1628.3991s
	iters: 200, epoch: 48 | loss: 0.2532472
	speed: 0.0494s/iter; left time: 686.9166s
Epoch: 48 cost time: 13.15787649154663
Epoch: 48, Steps: 266 | Train Loss: 0.2426731 Vali Loss: 0.3623581 Test Loss: 0.2890580
Validation loss decreased (0.362921 --> 0.362358).  Saving model ...
Updating learning rate to 9.567328616866573e-05
	iters: 100, epoch: 49 | loss: 0.2467170
	speed: 0.1160s/iter; left time: 1593.5467s
	iters: 200, epoch: 49 | loss: 0.2221126
	speed: 0.0494s/iter; left time: 673.6857s
Epoch: 49 cost time: 13.14481234550476
Epoch: 49, Steps: 266 | Train Loss: 0.2416645 Vali Loss: 0.3615447 Test Loss: 0.2886284
Validation loss decreased (0.362358 --> 0.361545).  Saving model ...
Updating learning rate to 9.454587895109285e-05
	iters: 100, epoch: 50 | loss: 0.2429179
	speed: 0.1160s/iter; left time: 1562.0029s
	iters: 200, epoch: 50 | loss: 0.2346716
	speed: 0.0495s/iter; left time: 661.7597s
Epoch: 50 cost time: 13.161252498626709
Epoch: 50, Steps: 266 | Train Loss: 0.2407109 Vali Loss: 0.3614420 Test Loss: 0.2886474
Validation loss decreased (0.361545 --> 0.361442).  Saving model ...
Updating learning rate to 9.329637512384722e-05
	iters: 100, epoch: 51 | loss: 0.2690726
	speed: 0.1162s/iter; left time: 1533.5026s
	iters: 200, epoch: 51 | loss: 0.2073980
	speed: 0.0494s/iter; left time: 647.6222s
Epoch: 51 cost time: 13.152118921279907
Epoch: 51, Steps: 266 | Train Loss: 0.2397629 Vali Loss: 0.3613641 Test Loss: 0.2883485
Validation loss decreased (0.361442 --> 0.361364).  Saving model ...
Updating learning rate to 9.192819949006735e-05
	iters: 100, epoch: 52 | loss: 0.2556723
	speed: 0.1160s/iter; left time: 1500.7805s
	iters: 200, epoch: 52 | loss: 0.2585196
	speed: 0.0494s/iter; left time: 634.4022s
Epoch: 52 cost time: 13.152543783187866
Epoch: 52, Steps: 266 | Train Loss: 0.2385802 Vali Loss: 0.3602966 Test Loss: 0.2886175
Validation loss decreased (0.361364 --> 0.360297).  Saving model ...
Updating learning rate to 9.044510212406473e-05
	iters: 100, epoch: 53 | loss: 0.2470273
	speed: 0.1161s/iter; left time: 1471.0874s
	iters: 200, epoch: 53 | loss: 0.2349600
	speed: 0.0494s/iter; left time: 621.2481s
Epoch: 53 cost time: 13.155492067337036
Epoch: 53, Steps: 266 | Train Loss: 0.2379606 Vali Loss: 0.3602442 Test Loss: 0.2882775
Validation loss decreased (0.360297 --> 0.360244).  Saving model ...
Updating learning rate to 8.885114809263072e-05
	iters: 100, epoch: 54 | loss: 0.2748551
	speed: 0.1164s/iter; left time: 1443.8023s
	iters: 200, epoch: 54 | loss: 0.2651528
	speed: 0.0494s/iter; left time: 607.6382s
Epoch: 54 cost time: 13.144057989120483
Epoch: 54, Steps: 266 | Train Loss: 0.2372128 Vali Loss: 0.3598782 Test Loss: 0.2880279
Validation loss decreased (0.360244 --> 0.359878).  Saving model ...
Updating learning rate to 8.71507063129711e-05
	iters: 100, epoch: 55 | loss: 0.2311971
	speed: 0.1161s/iter; left time: 1409.5519s
	iters: 200, epoch: 55 | loss: 0.2393007
	speed: 0.0494s/iter; left time: 594.7929s
Epoch: 55 cost time: 13.164309978485107
Epoch: 55, Steps: 266 | Train Loss: 0.2365826 Vali Loss: 0.3586767 Test Loss: 0.2877925
Validation loss decreased (0.359878 --> 0.358677).  Saving model ...
Updating learning rate to 8.534843757780764e-05
	iters: 100, epoch: 56 | loss: 0.2229029
	speed: 0.1163s/iter; left time: 1380.4962s
	iters: 200, epoch: 56 | loss: 0.2444534
	speed: 0.0494s/iter; left time: 581.7504s
Epoch: 56 cost time: 13.148345470428467
Epoch: 56, Steps: 266 | Train Loss: 0.2358241 Vali Loss: 0.3586140 Test Loss: 0.2879525
Validation loss decreased (0.358677 --> 0.358614).  Saving model ...
Updating learning rate to 8.34492817804693e-05
	iters: 100, epoch: 57 | loss: 0.2600457
	speed: 0.1161s/iter; left time: 1347.1387s
	iters: 200, epoch: 57 | loss: 0.2129899
	speed: 0.0494s/iter; left time: 568.5982s
Epoch: 57 cost time: 13.148748397827148
Epoch: 57, Steps: 266 | Train Loss: 0.2352150 Vali Loss: 0.3582125 Test Loss: 0.2882125
Validation loss decreased (0.358614 --> 0.358212).  Saving model ...
Updating learning rate to 8.145844437498785e-05
	iters: 100, epoch: 58 | loss: 0.2519640
	speed: 0.1170s/iter; left time: 1326.7159s
	iters: 200, epoch: 58 | loss: 0.2198887
	speed: 0.0495s/iter; left time: 556.5424s
Epoch: 58 cost time: 13.161715745925903
Epoch: 58, Steps: 266 | Train Loss: 0.2345718 Vali Loss: 0.3583429 Test Loss: 0.2879515
EarlyStopping counter: 1 out of 20
Updating learning rate to 7.938138210831032e-05
	iters: 100, epoch: 59 | loss: 0.2324396
	speed: 0.1155s/iter; left time: 1278.8462s
	iters: 200, epoch: 59 | loss: 0.2351595
	speed: 0.0494s/iter; left time: 542.3449s
Epoch: 59 cost time: 13.148177146911621
Epoch: 59, Steps: 266 | Train Loss: 0.2337348 Vali Loss: 0.3576410 Test Loss: 0.2879442
Validation loss decreased (0.358212 --> 0.357641).  Saving model ...
Updating learning rate to 7.722378806373484e-05
	iters: 100, epoch: 60 | loss: 0.2283989
	speed: 0.1163s/iter; left time: 1256.4310s
	iters: 200, epoch: 60 | loss: 0.2358710
	speed: 0.0494s/iter; left time: 529.0742s
Epoch: 60 cost time: 13.159979104995728
Epoch: 60, Steps: 266 | Train Loss: 0.2332244 Vali Loss: 0.3579098 Test Loss: 0.2880197
EarlyStopping counter: 1 out of 20
Updating learning rate to 7.499157605656507e-05
	iters: 100, epoch: 61 | loss: 0.2290669
	speed: 0.1157s/iter; left time: 1219.1742s
	iters: 200, epoch: 61 | loss: 0.2183069
	speed: 0.0494s/iter; left time: 515.7521s
Epoch: 61 cost time: 13.15044641494751
Epoch: 61, Steps: 266 | Train Loss: 0.2325783 Vali Loss: 0.3582190 Test Loss: 0.2876227
EarlyStopping counter: 2 out of 20
Updating learning rate to 7.26908644247535e-05
	iters: 100, epoch: 62 | loss: 0.2335699
	speed: 0.1154s/iter; left time: 1185.9868s
	iters: 200, epoch: 62 | loss: 0.2313817
	speed: 0.0494s/iter; left time: 502.6414s
Epoch: 62 cost time: 13.143113613128662
Epoch: 62, Steps: 266 | Train Loss: 0.2320342 Vali Loss: 0.3581716 Test Loss: 0.2881108
EarlyStopping counter: 3 out of 20
Updating learning rate to 7.032795925896242e-05
	iters: 100, epoch: 63 | loss: 0.2297849
	speed: 0.1155s/iter; left time: 1156.1374s
	iters: 200, epoch: 63 | loss: 0.2079925
	speed: 0.0494s/iter; left time: 489.6388s
Epoch: 63 cost time: 13.148303985595703
Epoch: 63, Steps: 266 | Train Loss: 0.2315705 Vali Loss: 0.3578251 Test Loss: 0.2876294
EarlyStopping counter: 4 out of 20
Updating learning rate to 6.790933711800776e-05
	iters: 100, epoch: 64 | loss: 0.2224042
	speed: 0.1157s/iter; left time: 1126.9879s
	iters: 200, epoch: 64 | loss: 0.2296392
	speed: 0.0494s/iter; left time: 476.5876s
Epoch: 64 cost time: 13.143078804016113
Epoch: 64, Steps: 266 | Train Loss: 0.2310877 Vali Loss: 0.3570973 Test Loss: 0.2877709
Validation loss decreased (0.357641 --> 0.357097).  Saving model ...
Updating learning rate to 6.544162727706148e-05
	iters: 100, epoch: 65 | loss: 0.2220620
	speed: 0.1160s/iter; left time: 1099.3649s
	iters: 200, epoch: 65 | loss: 0.2319062
	speed: 0.0494s/iter; left time: 463.5885s
Epoch: 65 cost time: 13.15171504020691
Epoch: 65, Steps: 266 | Train Loss: 0.2305729 Vali Loss: 0.3571528 Test Loss: 0.2875737
EarlyStopping counter: 1 out of 20
Updating learning rate to 6.293159355726925e-05
	iters: 100, epoch: 66 | loss: 0.2370933
	speed: 0.1156s/iter; left time: 1064.5382s
	iters: 200, epoch: 66 | loss: 0.2564571
	speed: 0.0495s/iter; left time: 451.1053s
Epoch: 66 cost time: 13.157713174819946
Epoch: 66, Steps: 266 | Train Loss: 0.2303042 Vali Loss: 0.3572031 Test Loss: 0.2874780
EarlyStopping counter: 2 out of 20
Updating learning rate to 6.038611578658668e-05
	iters: 100, epoch: 67 | loss: 0.2292425
	speed: 0.1155s/iter; left time: 1033.5917s
	iters: 200, epoch: 67 | loss: 0.2301001
	speed: 0.0494s/iter; left time: 437.2015s
Epoch: 67 cost time: 13.145665884017944
Epoch: 67, Steps: 266 | Train Loss: 0.2295923 Vali Loss: 0.3575570 Test Loss: 0.2881505
EarlyStopping counter: 3 out of 20
Updating learning rate to 5.7812170942649225e-05
	iters: 100, epoch: 68 | loss: 0.2193881
	speed: 0.1155s/iter; left time: 1002.3145s
	iters: 200, epoch: 68 | loss: 0.2348597
	speed: 0.0494s/iter; left time: 424.0182s
Epoch: 68 cost time: 13.146613597869873
Epoch: 68, Steps: 266 | Train Loss: 0.2292823 Vali Loss: 0.3564018 Test Loss: 0.2873938
Validation loss decreased (0.357097 --> 0.356402).  Saving model ...
Updating learning rate to 5.521681402936143e-05
	iters: 100, epoch: 69 | loss: 0.2361527
	speed: 0.1163s/iter; left time: 978.1899s
	iters: 200, epoch: 69 | loss: 0.2241703
	speed: 0.0494s/iter; left time: 410.9185s
Epoch: 69 cost time: 13.155996322631836
Epoch: 69, Steps: 266 | Train Loss: 0.2288641 Vali Loss: 0.3580262 Test Loss: 0.2872881
EarlyStopping counter: 1 out of 20
Updating learning rate to 5.260715873962152e-05
	iters: 100, epoch: 70 | loss: 0.2127106
	speed: 0.1154s/iter; left time: 940.4565s
	iters: 200, epoch: 70 | loss: 0.2329227
	speed: 0.0494s/iter; left time: 397.5316s
Epoch: 70 cost time: 13.140537023544312
Epoch: 70, Steps: 266 | Train Loss: 0.2286108 Vali Loss: 0.3573430 Test Loss: 0.2877351
EarlyStopping counter: 2 out of 20
Updating learning rate to 4.999035795718381e-05
	iters: 100, epoch: 71 | loss: 0.2482857
	speed: 0.1155s/iter; left time: 909.8620s
	iters: 200, epoch: 71 | loss: 0.2199587
	speed: 0.0494s/iter; left time: 384.2275s
Epoch: 71 cost time: 13.142075300216675
Epoch: 71, Steps: 266 | Train Loss: 0.2281246 Vali Loss: 0.3566774 Test Loss: 0.2874246
EarlyStopping counter: 3 out of 20
Updating learning rate to 4.737358415110133e-05
	iters: 100, epoch: 72 | loss: 0.2406269
	speed: 0.1155s/iter; left time: 879.2719s
	iters: 200, epoch: 72 | loss: 0.2256444
	speed: 0.0491s/iter; left time: 368.9698s
Epoch: 72 cost time: 13.067216873168945
Epoch: 72, Steps: 266 | Train Loss: 0.2277556 Vali Loss: 0.3569645 Test Loss: 0.2875040
EarlyStopping counter: 4 out of 20
Updating learning rate to 4.476400971648687e-05
	iters: 100, epoch: 73 | loss: 0.2163160
	speed: 0.1153s/iter; left time: 847.6931s
	iters: 200, epoch: 73 | loss: 0.2275551
	speed: 0.0495s/iter; left time: 358.6316s
Epoch: 73 cost time: 13.153671503067017
Epoch: 73, Steps: 266 | Train Loss: 0.2274371 Vali Loss: 0.3565111 Test Loss: 0.2875533
EarlyStopping counter: 5 out of 20
Updating learning rate to 4.2168787315476384e-05
	iters: 100, epoch: 74 | loss: 0.2250919
	speed: 0.1156s/iter; left time: 818.6079s
	iters: 200, epoch: 74 | loss: 0.2442326
	speed: 0.0495s/iter; left time: 345.9598s
Epoch: 74 cost time: 13.162803888320923
Epoch: 74, Steps: 266 | Train Loss: 0.2270723 Vali Loss: 0.3565085 Test Loss: 0.2877735
EarlyStopping counter: 6 out of 20
Updating learning rate to 3.959503027227936e-05
	iters: 100, epoch: 75 | loss: 0.2416032
	speed: 0.1154s/iter; left time: 786.5992s
	iters: 200, epoch: 75 | loss: 0.2545206
	speed: 0.0494s/iter; left time: 331.7449s
Epoch: 75 cost time: 13.13813829421997
Epoch: 75, Steps: 266 | Train Loss: 0.2268253 Vali Loss: 0.3575294 Test Loss: 0.2877289
EarlyStopping counter: 7 out of 20
Updating learning rate to 3.704979307605154e-05
	iters: 100, epoch: 76 | loss: 0.2317001
	speed: 0.1154s/iter; left time: 755.7570s
	iters: 200, epoch: 76 | loss: 0.2180711
	speed: 0.0494s/iter; left time: 318.5453s
Epoch: 76 cost time: 13.134310960769653
Epoch: 76, Steps: 266 | Train Loss: 0.2265451 Vali Loss: 0.3567546 Test Loss: 0.2874168
EarlyStopping counter: 8 out of 20
Updating learning rate to 3.454005204503052e-05
	iters: 100, epoch: 77 | loss: 0.2202598
	speed: 0.1155s/iter; left time: 725.6152s
	iters: 200, epoch: 77 | loss: 0.2545294
	speed: 0.0495s/iter; left time: 305.9328s
Epoch: 77 cost time: 13.158854007720947
Epoch: 77, Steps: 266 | Train Loss: 0.2263930 Vali Loss: 0.3571117 Test Loss: 0.2878154
EarlyStopping counter: 9 out of 20
Updating learning rate to 3.207268620493234e-05
	iters: 100, epoch: 78 | loss: 0.2352647
	speed: 0.1153s/iter; left time: 694.2634s
	iters: 200, epoch: 78 | loss: 0.2516973
	speed: 0.0494s/iter; left time: 292.3358s
Epoch: 78 cost time: 13.135008573532104
Epoch: 78, Steps: 266 | Train Loss: 0.2261175 Vali Loss: 0.3571647 Test Loss: 0.2876176
EarlyStopping counter: 10 out of 20
Updating learning rate to 2.965445843402027e-05
	iters: 100, epoch: 79 | loss: 0.2468760
	speed: 0.1155s/iter; left time: 664.3669s
	iters: 200, epoch: 79 | loss: 0.2416212
	speed: 0.0494s/iter; left time: 279.1008s
Epoch: 79 cost time: 13.1365647315979
Epoch: 79, Steps: 266 | Train Loss: 0.2258616 Vali Loss: 0.3562081 Test Loss: 0.2877676
Validation loss decreased (0.356402 --> 0.356208).  Saving model ...
Updating learning rate to 2.729199692652537e-05
	iters: 100, epoch: 80 | loss: 0.2336837
	speed: 0.1162s/iter; left time: 637.3162s
	iters: 200, epoch: 80 | loss: 0.2244186
	speed: 0.0494s/iter; left time: 266.0260s
Epoch: 80 cost time: 13.138179779052734
Epoch: 80, Steps: 266 | Train Loss: 0.2257202 Vali Loss: 0.3565689 Test Loss: 0.2876179
EarlyStopping counter: 1 out of 20
Updating learning rate to 2.4991777025227013e-05
	iters: 100, epoch: 81 | loss: 0.2407680
	speed: 0.1154s/iter; left time: 602.6836s
	iters: 200, epoch: 81 | loss: 0.2153702
	speed: 0.0494s/iter; left time: 252.7874s
Epoch: 81 cost time: 13.133765697479248
Epoch: 81, Steps: 266 | Train Loss: 0.2253782 Vali Loss: 0.3565191 Test Loss: 0.2878789
EarlyStopping counter: 2 out of 20
Updating learning rate to 2.2760103472988355e-05
	iters: 100, epoch: 82 | loss: 0.2219567
	speed: 0.1154s/iter; left time: 571.8928s
	iters: 200, epoch: 82 | loss: 0.2329558
	speed: 0.0495s/iter; left time: 240.1893s
Epoch: 82 cost time: 13.149430513381958
Epoch: 82, Steps: 266 | Train Loss: 0.2252369 Vali Loss: 0.3565829 Test Loss: 0.2877159
EarlyStopping counter: 3 out of 20
Updating learning rate to 2.0603093131894333e-05
	iters: 100, epoch: 83 | loss: 0.2350027
	speed: 0.1154s/iter; left time: 540.9216s
	iters: 200, epoch: 83 | loss: 0.2389466
	speed: 0.0494s/iter; left time: 226.6927s
Epoch: 83 cost time: 13.137050867080688
Epoch: 83, Steps: 266 | Train Loss: 0.2252144 Vali Loss: 0.3564645 Test Loss: 0.2876651
EarlyStopping counter: 4 out of 20
Updating learning rate to 1.852665821735796e-05
	iters: 100, epoch: 84 | loss: 0.2423258
	speed: 0.1154s/iter; left time: 510.5779s
	iters: 200, epoch: 84 | loss: 0.2278838
	speed: 0.0495s/iter; left time: 214.1980s
Epoch: 84 cost time: 13.155699968338013
Epoch: 84, Steps: 266 | Train Loss: 0.2249248 Vali Loss: 0.3565782 Test Loss: 0.2877163
EarlyStopping counter: 5 out of 20
Updating learning rate to 1.653649009314874e-05
	iters: 100, epoch: 85 | loss: 0.2164344
	speed: 0.1155s/iter; left time: 480.1342s
	iters: 200, epoch: 85 | loss: 0.2016172
	speed: 0.0495s/iter; left time: 200.6437s
Epoch: 85 cost time: 13.16090989112854
Epoch: 85, Steps: 266 | Train Loss: 0.2247814 Vali Loss: 0.3568823 Test Loss: 0.2876663
EarlyStopping counter: 6 out of 20
Updating learning rate to 1.4638043671760242e-05
	iters: 100, epoch: 86 | loss: 0.1996989
	speed: 0.1154s/iter; left time: 449.0010s
	iters: 200, epoch: 86 | loss: 0.2117688
	speed: 0.0494s/iter; left time: 187.3937s
Epoch: 86 cost time: 13.146057367324829
Epoch: 86, Steps: 266 | Train Loss: 0.2247806 Vali Loss: 0.3567885 Test Loss: 0.2877163
EarlyStopping counter: 7 out of 20
Updating learning rate to 1.2836522462874087e-05
	iters: 100, epoch: 87 | loss: 0.2063680
	speed: 0.1154s/iter; left time: 418.3086s
	iters: 200, epoch: 87 | loss: 0.2251286
	speed: 0.0494s/iter; left time: 174.1770s
Epoch: 87 cost time: 13.146392583847046
Epoch: 87, Steps: 266 | Train Loss: 0.2245961 Vali Loss: 0.3570685 Test Loss: 0.2876220
EarlyStopping counter: 8 out of 20
Updating learning rate to 1.1136864310901654e-05
	iters: 100, epoch: 88 | loss: 0.2267645
	speed: 0.1157s/iter; left time: 388.7550s
	iters: 200, epoch: 88 | loss: 0.2188779
	speed: 0.0495s/iter; left time: 161.1803s
Epoch: 88 cost time: 13.159136056900024
Epoch: 88, Steps: 266 | Train Loss: 0.2244317 Vali Loss: 0.3566556 Test Loss: 0.2877091
EarlyStopping counter: 9 out of 20
Updating learning rate to 9.543727860695686e-06
	iters: 100, epoch: 89 | loss: 0.2221216
	speed: 0.1156s/iter; left time: 357.4065s
	iters: 200, epoch: 89 | loss: 0.2295648
	speed: 0.0495s/iter; left time: 148.0126s
Epoch: 89 cost time: 13.15148639678955
Epoch: 89, Steps: 266 | Train Loss: 0.2244812 Vali Loss: 0.3565822 Test Loss: 0.2877034
EarlyStopping counter: 10 out of 20
Updating learning rate to 8.061479788528676e-06
	iters: 100, epoch: 90 | loss: 0.2213089
	speed: 0.1154s/iter; left time: 326.2414s
	iters: 200, epoch: 90 | loss: 0.2100110
	speed: 0.0495s/iter; left time: 134.9658s
Epoch: 90 cost time: 13.157927513122559
Epoch: 90, Steps: 266 | Train Loss: 0.2242386 Vali Loss: 0.3567430 Test Loss: 0.2877094
EarlyStopping counter: 11 out of 20
Updating learning rate to 6.694182833336585e-06
	iters: 100, epoch: 91 | loss: 0.2230068
	speed: 0.1155s/iter; left time: 295.8610s
	iters: 200, epoch: 91 | loss: 0.2385341
	speed: 0.0494s/iter; left time: 121.5892s
Epoch: 91 cost time: 13.145489931106567
Epoch: 91, Steps: 266 | Train Loss: 0.2242380 Vali Loss: 0.3566742 Test Loss: 0.2875785
EarlyStopping counter: 12 out of 20
Updating learning rate to 5.445584661033984e-06
	iters: 100, epoch: 92 | loss: 0.2552338
	speed: 0.1154s/iter; left time: 264.9446s
	iters: 200, epoch: 92 | loss: 0.2282351
	speed: 0.0494s/iter; left time: 108.4896s
Epoch: 92 cost time: 13.143406867980957
Epoch: 92, Steps: 266 | Train Loss: 0.2241482 Vali Loss: 0.3566439 Test Loss: 0.2877314
EarlyStopping counter: 13 out of 20
Updating learning rate to 4.319107592422141e-06
	iters: 100, epoch: 93 | loss: 0.2157610
	speed: 0.1152s/iter; left time: 233.7620s
	iters: 200, epoch: 93 | loss: 0.2423458
	speed: 0.0491s/iter; left time: 94.7513s
Epoch: 93 cost time: 13.076658725738525
Epoch: 93, Steps: 266 | Train Loss: 0.2241790 Vali Loss: 0.3565055 Test Loss: 0.2876231
EarlyStopping counter: 14 out of 20
Updating learning rate to 3.317839222845672e-06
	iters: 100, epoch: 94 | loss: 0.2390819
	speed: 0.1148s/iter; left time: 202.4542s
	iters: 200, epoch: 94 | loss: 0.2364085
	speed: 0.0491s/iter; left time: 81.6476s
Epoch: 94 cost time: 13.056923389434814
Epoch: 94, Steps: 266 | Train Loss: 0.2240172 Vali Loss: 0.3565794 Test Loss: 0.2876853
EarlyStopping counter: 15 out of 20
Updating learning rate to 2.444523959308275e-06
	iters: 100, epoch: 95 | loss: 0.2063169
	speed: 0.1149s/iter; left time: 171.9438s
	iters: 200, epoch: 95 | loss: 0.2445847
	speed: 0.0491s/iter; left time: 68.5619s
Epoch: 95 cost time: 13.06052303314209
Epoch: 95, Steps: 266 | Train Loss: 0.2242394 Vali Loss: 0.3565361 Test Loss: 0.2875183
EarlyStopping counter: 16 out of 20
Updating learning rate to 1.7015554982438941e-06
	iters: 100, epoch: 96 | loss: 0.2218810
	speed: 0.1151s/iter; left time: 141.6763s
	iters: 200, epoch: 96 | loss: 0.2336753
	speed: 0.0491s/iter; left time: 55.5211s
Epoch: 96 cost time: 13.059457540512085
Epoch: 96, Steps: 266 | Train Loss: 0.2239930 Vali Loss: 0.3565376 Test Loss: 0.2876613
EarlyStopping counter: 17 out of 20
Updating learning rate to 1.090970264561212e-06
	iters: 100, epoch: 97 | loss: 0.2239733
	speed: 0.1149s/iter; left time: 110.9256s
	iters: 200, epoch: 97 | loss: 0.2663747
	speed: 0.0491s/iter; left time: 42.4755s
Epoch: 97 cost time: 13.060721397399902
Epoch: 97, Steps: 266 | Train Loss: 0.2239725 Vali Loss: 0.3563338 Test Loss: 0.2874672
EarlyStopping counter: 18 out of 20
Updating learning rate to 6.1444182994449e-07
	iters: 100, epoch: 98 | loss: 0.2237884
	speed: 0.1148s/iter; left time: 80.2604s
	iters: 200, epoch: 98 | loss: 0.2064876
	speed: 0.0492s/iter; left time: 29.4559s
Epoch: 98 cost time: 13.06941819190979
Epoch: 98, Steps: 266 | Train Loss: 0.2242124 Vali Loss: 0.3566430 Test Loss: 0.2875905
EarlyStopping counter: 19 out of 20
Updating learning rate to 2.7327632570993355e-07
	iters: 100, epoch: 99 | loss: 0.2455151
	speed: 0.1148s/iter; left time: 49.7228s
	iters: 200, epoch: 99 | loss: 0.2380907
	speed: 0.0491s/iter; left time: 16.3414s
Epoch: 99 cost time: 13.055675983428955
Epoch: 99, Steps: 266 | Train Loss: 0.2241641 Vali Loss: 0.3566880 Test Loss: 0.2877660
EarlyStopping counter: 20 out of 20
Early stopping
>>>>>>>testing : CMS_ettm1_336_96_PatchTST_ETTm1_ftM_sl336_ll48_pl96_dm128_nh16_el3_dl1_df256_fc1_ebtimeF_dtTrue_Exp_0<<<<<<<<<<<<<<<<<<<<<<<<<<<<<<<<<
test 11425
mse:0.2967180609703064, mae:0.34975743293762207, rse:0.5181547999382019
Args in experiment:
Namespace(random_seed=2021, is_training=1, model_id='CMS_ettm1_336_192', model='PatchTST', data='ETTm1', root_path='./dataset/', data_path='ETTm1.csv', features='M', target='OT', freq='h', checkpoints='./checkpoints/', seq_len=336, label_len=48, pred_len=192, head_type='cms', fc_dropout=0.2, head_dropout=0.0, patch_len=16, stride=8, padding_patch='end', revin=1, affine=0, subtract_last=0, decomposition=0, kernel_size=25, individual=0, embed_type=0, enc_in=7, dec_in=7, c_out=7, d_model=128, n_heads=16, e_layers=3, d_layers=1, d_ff=256, moving_avg=25, factor=1, distil=True, dropout=0.2, embed='timeF', activation='gelu', output_attention=False, do_predict=False, num_workers=0, itr=1, train_epochs=100, batch_size=128, patience=20, learning_rate=0.0001, des='Exp', loss='mse', lradj='TST', pct_start=0.4, use_amp=False, use_gpu=True, gpu=0, use_multi_gpu=False, devices='0,1,2,3', test_flop=False)
Use GPU: cuda:0
>>>>>>>start training : CMS_ettm1_336_192_PatchTST_ETTm1_ftM_sl336_ll48_pl192_dm128_nh16_el3_dl1_df256_fc1_ebtimeF_dtTrue_Exp_0>>>>>>>>>>>>>>>>>>>>>>>>>>
train 34033
val 11329
test 11329
	iters: 100, epoch: 1 | loss: 0.5494715
	speed: 0.0827s/iter; left time: 2183.7844s
	iters: 200, epoch: 1 | loss: 0.5791016
	speed: 0.0494s/iter; left time: 1298.1500s
Epoch: 1 cost time: 13.390403747558594
Epoch: 1, Steps: 265 | Train Loss: 0.5281546 Vali Loss: 1.0012031 Test Loss: 0.7037327
Validation loss decreased (inf --> 1.001203).  Saving model ...
Updating learning rate to 4.147995888890545e-06
	iters: 100, epoch: 2 | loss: 0.5452800
	speed: 0.1175s/iter; left time: 3071.3810s
	iters: 200, epoch: 2 | loss: 0.4728453
	speed: 0.0494s/iter; left time: 1287.1314s
Epoch: 2 cost time: 13.108205556869507
Epoch: 2, Steps: 265 | Train Loss: 0.5272209 Vali Loss: 0.9981847 Test Loss: 0.7019331
Validation loss decreased (1.001203 --> 0.998185).  Saving model ...
Updating learning rate to 4.591070939598485e-06
	iters: 100, epoch: 3 | loss: 0.5234647
	speed: 0.1174s/iter; left time: 3036.3823s
	iters: 200, epoch: 3 | loss: 0.5662556
	speed: 0.0495s/iter; left time: 1275.1551s
Epoch: 3 cost time: 13.124138832092285
Epoch: 3, Steps: 265 | Train Loss: 0.5261188 Vali Loss: 0.9964877 Test Loss: 0.6998676
Validation loss decreased (0.998185 --> 0.996488).  Saving model ...
Updating learning rate to 5.326492931874866e-06
	iters: 100, epoch: 4 | loss: 0.5285975
	speed: 0.1175s/iter; left time: 3008.4996s
	iters: 200, epoch: 4 | loss: 0.5083625
	speed: 0.0495s/iter; left time: 1263.7025s
Epoch: 4 cost time: 13.140672445297241
Epoch: 4, Steps: 265 | Train Loss: 0.5248605 Vali Loss: 0.9925819 Test Loss: 0.6975229
Validation loss decreased (0.996488 --> 0.992582).  Saving model ...
Updating learning rate to 6.349726889409005e-06
	iters: 100, epoch: 5 | loss: 0.5009593
	speed: 0.1190s/iter; left time: 3015.3903s
	iters: 200, epoch: 5 | loss: 0.5559089
	speed: 0.0495s/iter; left time: 1250.0486s
Epoch: 5 cost time: 13.138736486434937
Epoch: 5, Steps: 265 | Train Loss: 0.5233698 Vali Loss: 0.9908823 Test Loss: 0.6947466
Validation loss decreased (0.992582 --> 0.990882).  Saving model ...
Updating learning rate to 7.654463044738896e-06
	iters: 100, epoch: 6 | loss: 0.4825143
	speed: 0.1175s/iter; left time: 2945.3418s
	iters: 200, epoch: 6 | loss: 0.5226728
	speed: 0.0496s/iter; left time: 1237.9128s
Epoch: 6 cost time: 13.140580654144287
Epoch: 6, Steps: 265 | Train Loss: 0.5216958 Vali Loss: 0.9852805 Test Loss: 0.6915117
Validation loss decreased (0.990882 --> 0.985280).  Saving model ...
Updating learning rate to 9.232655748403029e-06
	iters: 100, epoch: 7 | loss: 0.4841983
	speed: 0.1173s/iter; left time: 2910.9853s
	iters: 200, epoch: 7 | loss: 0.5345096
	speed: 0.0495s/iter; left time: 1223.3856s
Epoch: 7 cost time: 13.129997968673706
Epoch: 7, Steps: 265 | Train Loss: 0.5197988 Vali Loss: 0.9817500 Test Loss: 0.6877270
Validation loss decreased (0.985280 --> 0.981750).  Saving model ...
Updating learning rate to 1.107457308240065e-05
	iters: 100, epoch: 8 | loss: 0.4863023
	speed: 0.1168s/iter; left time: 2867.8808s
	iters: 200, epoch: 8 | loss: 0.5037462
	speed: 0.0495s/iter; left time: 1210.3879s
Epoch: 8 cost time: 13.13286018371582
Epoch: 8, Steps: 265 | Train Loss: 0.5174661 Vali Loss: 0.9767063 Test Loss: 0.6833715
Validation loss decreased (0.981750 --> 0.976706).  Saving model ...
Updating learning rate to 1.3168856872018862e-05
	iters: 100, epoch: 9 | loss: 0.5343239
	speed: 0.1171s/iter; left time: 2842.6111s
	iters: 200, epoch: 9 | loss: 0.5226281
	speed: 0.0495s/iter; left time: 1197.8789s
Epoch: 9 cost time: 13.139328002929688
Epoch: 9, Steps: 265 | Train Loss: 0.5149093 Vali Loss: 0.9703462 Test Loss: 0.6783669
Validation loss decreased (0.976706 --> 0.970346).  Saving model ...
Updating learning rate to 1.550259272596464e-05
	iters: 100, epoch: 10 | loss: 0.5002501
	speed: 0.1173s/iter; left time: 2815.9013s
	iters: 200, epoch: 10 | loss: 0.5133184
	speed: 0.0495s/iter; left time: 1184.1042s
Epoch: 10 cost time: 13.132619619369507
Epoch: 10, Steps: 265 | Train Loss: 0.5118454 Vali Loss: 0.9640255 Test Loss: 0.6727169
Validation loss decreased (0.970346 --> 0.964025).  Saving model ...
Updating learning rate to 1.806138967289881e-05
	iters: 100, epoch: 11 | loss: 0.4661099
	speed: 0.1188s/iter; left time: 2822.0087s
	iters: 200, epoch: 11 | loss: 0.5415978
	speed: 0.0495s/iter; left time: 1170.5277s
Epoch: 11 cost time: 13.132282018661499
Epoch: 11, Steps: 265 | Train Loss: 0.5084213 Vali Loss: 0.9567379 Test Loss: 0.6663630
Validation loss decreased (0.964025 --> 0.956738).  Saving model ...
Updating learning rate to 2.0829468903294163e-05
	iters: 100, epoch: 12 | loss: 0.5082822
	speed: 0.1174s/iter; left time: 2757.8655s
	iters: 200, epoch: 12 | loss: 0.5069760
	speed: 0.0495s/iter; left time: 1158.1112s
Epoch: 12 cost time: 13.13465666770935
Epoch: 12, Steps: 265 | Train Loss: 0.5047156 Vali Loss: 0.9463587 Test Loss: 0.6592011
Validation loss decreased (0.956738 --> 0.946359).  Saving model ...
Updating learning rate to 2.3789761069391508e-05
	iters: 100, epoch: 13 | loss: 0.5165728
	speed: 0.1192s/iter; left time: 2768.1290s
	iters: 200, epoch: 13 | loss: 0.5197452
	speed: 0.0496s/iter; left time: 1146.2929s
Epoch: 13 cost time: 13.14059853553772
Epoch: 13, Steps: 265 | Train Loss: 0.5005488 Vali Loss: 0.9390791 Test Loss: 0.6511518
Validation loss decreased (0.946359 --> 0.939079).  Saving model ...
Updating learning rate to 2.692401154325343e-05
	iters: 100, epoch: 14 | loss: 0.4743915
	speed: 0.1170s/iter; left time: 2686.8151s
	iters: 200, epoch: 14 | loss: 0.4499243
	speed: 0.0496s/iter; left time: 1134.3448s
Epoch: 14 cost time: 13.147227764129639
Epoch: 14, Steps: 265 | Train Loss: 0.4960508 Vali Loss: 0.9270153 Test Loss: 0.6420760
Validation loss decreased (0.939079 --> 0.927015).  Saving model ...
Updating learning rate to 3.0212892983843068e-05
	iters: 100, epoch: 15 | loss: 0.4600562
	speed: 0.1197s/iter; left time: 2716.5798s
	iters: 200, epoch: 15 | loss: 0.4707099
	speed: 0.0495s/iter; left time: 1118.8254s
Epoch: 15 cost time: 13.137313604354858
Epoch: 15, Steps: 265 | Train Loss: 0.4909181 Vali Loss: 0.9149124 Test Loss: 0.6318336
Validation loss decreased (0.927015 --> 0.914912).  Saving model ...
Updating learning rate to 3.3636124518983084e-05
	iters: 100, epoch: 16 | loss: 0.4853660
	speed: 0.1167s/iter; left time: 2616.2656s
	iters: 200, epoch: 16 | loss: 0.4535503
	speed: 0.0495s/iter; left time: 1105.2892s
Epoch: 16 cost time: 13.129709720611572
Epoch: 16, Steps: 265 | Train Loss: 0.4850469 Vali Loss: 0.9001650 Test Loss: 0.6202993
Validation loss decreased (0.914912 --> 0.900165).  Saving model ...
Updating learning rate to 3.717259680726015e-05
	iters: 100, epoch: 17 | loss: 0.4950302
	speed: 0.1175s/iter; left time: 2602.8260s
	iters: 200, epoch: 17 | loss: 0.4413189
	speed: 0.0495s/iter; left time: 1092.4845s
Epoch: 17 cost time: 13.145174026489258
Epoch: 17, Steps: 265 | Train Loss: 0.4785304 Vali Loss: 0.8855036 Test Loss: 0.6075596
Validation loss decreased (0.900165 --> 0.885504).  Saving model ...
Updating learning rate to 4.080050220868085e-05
	iters: 100, epoch: 18 | loss: 0.4729610
	speed: 0.1178s/iter; left time: 2579.0916s
	iters: 200, epoch: 18 | loss: 0.4625480
	speed: 0.0495s/iter; left time: 1079.5639s
Epoch: 18 cost time: 13.139743328094482
Epoch: 18, Steps: 265 | Train Loss: 0.4716239 Vali Loss: 0.8671284 Test Loss: 0.5935680
Validation loss decreased (0.885504 --> 0.867128).  Saving model ...
Updating learning rate to 4.449746926138297e-05
	iters: 100, epoch: 19 | loss: 0.4527140
	speed: 0.1172s/iter; left time: 2535.6333s
	iters: 200, epoch: 19 | loss: 0.4383934
	speed: 0.0495s/iter; left time: 1066.8330s
Epoch: 19 cost time: 13.143537521362305
Epoch: 19, Steps: 265 | Train Loss: 0.4640181 Vali Loss: 0.8488653 Test Loss: 0.5786545
Validation loss decreased (0.867128 --> 0.848865).  Saving model ...
Updating learning rate to 4.824070063515135e-05
	iters: 100, epoch: 20 | loss: 0.4434621
	speed: 0.1169s/iter; left time: 2498.2947s
	iters: 200, epoch: 20 | loss: 0.4588291
	speed: 0.0495s/iter; left time: 1053.1381s
Epoch: 20 cost time: 13.1364586353302
Epoch: 20, Steps: 265 | Train Loss: 0.4555846 Vali Loss: 0.8295923 Test Loss: 0.5629911
Validation loss decreased (0.848865 --> 0.829592).  Saving model ...
Updating learning rate to 5.200711371104918e-05
	iters: 100, epoch: 21 | loss: 0.4789249
	speed: 0.1194s/iter; left time: 2518.5820s
	iters: 200, epoch: 21 | loss: 0.4312950
	speed: 0.0495s/iter; left time: 1040.1512s
Epoch: 21 cost time: 13.13522744178772
Epoch: 21, Steps: 265 | Train Loss: 0.4467386 Vali Loss: 0.8088278 Test Loss: 0.5471083
Validation loss decreased (0.829592 --> 0.808828).  Saving model ...
Updating learning rate to 5.577348292028073e-05
	iters: 100, epoch: 22 | loss: 0.4216935
	speed: 0.1175s/iter; left time: 2447.6226s
	iters: 200, epoch: 22 | loss: 0.4497765
	speed: 0.0496s/iter; left time: 1029.3561s
Epoch: 22 cost time: 13.155303001403809
Epoch: 22, Steps: 265 | Train Loss: 0.4376986 Vali Loss: 0.7876661 Test Loss: 0.5311351
Validation loss decreased (0.808828 --> 0.787666).  Saving model ...
Updating learning rate to 5.9516582964553954e-05
	iters: 100, epoch: 23 | loss: 0.4122669
	speed: 0.1163s/iter; left time: 2392.7170s
	iters: 200, epoch: 23 | loss: 0.4205424
	speed: 0.0495s/iter; left time: 1013.9794s
Epoch: 23 cost time: 13.13028621673584
Epoch: 23, Steps: 265 | Train Loss: 0.4285377 Vali Loss: 0.7667773 Test Loss: 0.5155212
Validation loss decreased (0.787666 --> 0.766777).  Saving model ...
Updating learning rate to 6.321333203477474e-05
	iters: 100, epoch: 24 | loss: 0.4717653
	speed: 0.1182s/iter; left time: 2399.1850s
	iters: 200, epoch: 24 | loss: 0.4118988
	speed: 0.0495s/iter; left time: 1000.1194s
Epoch: 24 cost time: 13.132553339004517
Epoch: 24, Steps: 265 | Train Loss: 0.4192968 Vali Loss: 0.7463478 Test Loss: 0.5004608
Validation loss decreased (0.766777 --> 0.746348).  Saving model ...
Updating learning rate to 6.684093414491588e-05
	iters: 100, epoch: 25 | loss: 0.3832608
	speed: 0.1178s/iter; left time: 2361.1265s
	iters: 200, epoch: 25 | loss: 0.3649600
	speed: 0.0495s/iter; left time: 987.7412s
Epoch: 25 cost time: 13.142561435699463
Epoch: 25, Steps: 265 | Train Loss: 0.4100927 Vali Loss: 0.7257464 Test Loss: 0.4858075
Validation loss decreased (0.746348 --> 0.725746).  Saving model ...
Updating learning rate to 7.037701970335941e-05
	iters: 100, epoch: 26 | loss: 0.4108419
	speed: 0.1174s/iter; left time: 2322.5033s
	iters: 200, epoch: 26 | loss: 0.4129183
	speed: 0.0495s/iter; left time: 974.2957s
Epoch: 26 cost time: 13.131901502609253
Epoch: 26, Steps: 265 | Train Loss: 0.4013902 Vali Loss: 0.7068149 Test Loss: 0.4717254
Validation loss decreased (0.725746 --> 0.706815).  Saving model ...
Updating learning rate to 7.379978345487968e-05
	iters: 100, epoch: 27 | loss: 0.3937844
	speed: 0.1169s/iter; left time: 2281.7240s
	iters: 200, epoch: 27 | loss: 0.3745567
	speed: 0.0496s/iter; left time: 962.5184s
Epoch: 27 cost time: 13.143909931182861
Epoch: 27, Steps: 265 | Train Loss: 0.3927619 Vali Loss: 0.6870623 Test Loss: 0.4579822
Validation loss decreased (0.706815 --> 0.687062).  Saving model ...
Updating learning rate to 7.70881189426489e-05
	iters: 100, epoch: 28 | loss: 0.3821152
	speed: 0.1172s/iter; left time: 2255.6346s
	iters: 200, epoch: 28 | loss: 0.3869710
	speed: 0.0495s/iter; left time: 948.4353s
Epoch: 28 cost time: 13.139346361160278
Epoch: 28, Steps: 265 | Train Loss: 0.3844926 Vali Loss: 0.6676533 Test Loss: 0.4448279
Validation loss decreased (0.687062 --> 0.667653).  Saving model ...
Updating learning rate to 8.022174866110521e-05
	iters: 100, epoch: 29 | loss: 0.3643311
	speed: 0.1178s/iter; left time: 2236.8030s
	iters: 200, epoch: 29 | loss: 0.3708269
	speed: 0.0495s/iter; left time: 934.8224s
Epoch: 29 cost time: 13.137813568115234
Epoch: 29, Steps: 265 | Train Loss: 0.3762442 Vali Loss: 0.6494462 Test Loss: 0.4316956
Validation loss decreased (0.667653 --> 0.649446).  Saving model ...
Updating learning rate to 8.318134909709714e-05
	iters: 100, epoch: 30 | loss: 0.3828264
	speed: 0.1165s/iter; left time: 2179.6068s
	iters: 200, epoch: 30 | loss: 0.3762562
	speed: 0.0496s/iter; left time: 923.1819s
Epoch: 30 cost time: 13.149415969848633
Epoch: 30, Steps: 265 | Train Loss: 0.3681832 Vali Loss: 0.6315376 Test Loss: 0.4191696
Validation loss decreased (0.649446 --> 0.631538).  Saving model ...
Updating learning rate to 8.594866988823775e-05
	iters: 100, epoch: 31 | loss: 0.3962369
	speed: 0.1196s/iter; left time: 2206.5188s
	iters: 200, epoch: 31 | loss: 0.3916520
	speed: 0.0496s/iter; left time: 909.5953s
Epoch: 31 cost time: 13.142474174499512
Epoch: 31, Steps: 265 | Train Loss: 0.3602066 Vali Loss: 0.6126808 Test Loss: 0.4072585
Validation loss decreased (0.631538 --> 0.612681).  Saving model ...
Updating learning rate to 8.850664636367998e-05
	iters: 100, epoch: 32 | loss: 0.3882616
	speed: 0.1164s/iter; left time: 2117.5590s
	iters: 200, epoch: 32 | loss: 0.3472985
	speed: 0.0495s/iter; left time: 895.9757s
Epoch: 32 cost time: 13.127447843551636
Epoch: 32, Steps: 265 | Train Loss: 0.3528271 Vali Loss: 0.5957641 Test Loss: 0.3957044
Validation loss decreased (0.612681 --> 0.595764).  Saving model ...
Updating learning rate to 9.083950477333033e-05
	iters: 100, epoch: 33 | loss: 0.3502075
	speed: 0.1171s/iter; left time: 2098.9462s
	iters: 200, epoch: 33 | loss: 0.3857507
	speed: 0.0495s/iter; left time: 882.7055s
Epoch: 33 cost time: 13.138203620910645
Epoch: 33, Steps: 265 | Train Loss: 0.3456902 Vali Loss: 0.5790734 Test Loss: 0.3850797
Validation loss decreased (0.595764 --> 0.579073).  Saving model ...
Updating learning rate to 9.293285955660577e-05
	iters: 100, epoch: 34 | loss: 0.3773734
	speed: 0.1171s/iter; left time: 2066.7002s
	iters: 200, epoch: 34 | loss: 0.3023964
	speed: 0.0496s/iter; left time: 870.0880s
Epoch: 34 cost time: 13.14020824432373
Epoch: 34, Steps: 265 | Train Loss: 0.3390158 Vali Loss: 0.5633714 Test Loss: 0.3755414
Validation loss decreased (0.579073 --> 0.563371).  Saving model ...
Updating learning rate to 9.477380205092656e-05
	iters: 100, epoch: 35 | loss: 0.3421022
	speed: 0.1168s/iter; left time: 2031.3626s
	iters: 200, epoch: 35 | loss: 0.3444099
	speed: 0.0496s/iter; left time: 857.7336s
Epoch: 35 cost time: 13.145500659942627
Epoch: 35, Steps: 265 | Train Loss: 0.3327089 Vali Loss: 0.5509056 Test Loss: 0.3669759
Validation loss decreased (0.563371 --> 0.550906).  Saving model ...
Updating learning rate to 9.635098009292423e-05
	iters: 100, epoch: 36 | loss: 0.3730451
	speed: 0.1167s/iter; left time: 1998.9853s
	iters: 200, epoch: 36 | loss: 0.3424655
	speed: 0.0495s/iter; left time: 843.3899s
Epoch: 36 cost time: 13.137249231338501
Epoch: 36, Steps: 265 | Train Loss: 0.3273100 Vali Loss: 0.5393841 Test Loss: 0.3595825
Validation loss decreased (0.550906 --> 0.539384).  Saving model ...
Updating learning rate to 9.765466802150444e-05
	iters: 100, epoch: 37 | loss: 0.3291340
	speed: 0.1179s/iter; left time: 1987.8118s
	iters: 200, epoch: 37 | loss: 0.3670561
	speed: 0.0496s/iter; left time: 830.5088s
Epoch: 37 cost time: 13.13773488998413
Epoch: 37, Steps: 265 | Train Loss: 0.3221925 Vali Loss: 0.5285121 Test Loss: 0.3534802
Validation loss decreased (0.539384 --> 0.528512).  Saving model ...
Updating learning rate to 9.867682665109111e-05
	iters: 100, epoch: 38 | loss: 0.2901289
	speed: 0.1171s/iter; left time: 1942.7201s
	iters: 200, epoch: 38 | loss: 0.3152158
	speed: 0.0496s/iter; left time: 817.7535s
Epoch: 38 cost time: 13.150943040847778
Epoch: 38, Steps: 265 | Train Loss: 0.3179435 Vali Loss: 0.5198395 Test Loss: 0.3485326
Validation loss decreased (0.528512 --> 0.519840).  Saving model ...
Updating learning rate to 9.941115284522702e-05
	iters: 100, epoch: 39 | loss: 0.3305497
	speed: 0.1174s/iter; left time: 1916.6737s
	iters: 200, epoch: 39 | loss: 0.3220313
	speed: 0.0495s/iter; left time: 804.0341s
Epoch: 39 cost time: 13.131169080734253
Epoch: 39, Steps: 265 | Train Loss: 0.3142792 Vali Loss: 0.5128068 Test Loss: 0.3443183
Validation loss decreased (0.519840 --> 0.512807).  Saving model ...
Updating learning rate to 9.985311838483566e-05
	iters: 100, epoch: 40 | loss: 0.3210781
	speed: 0.1187s/iter; left time: 1907.3708s
	iters: 200, epoch: 40 | loss: 0.3332455
	speed: 0.0495s/iter; left time: 790.9339s
Epoch: 40 cost time: 13.144593954086304
Epoch: 40, Steps: 265 | Train Loss: 0.3109950 Vali Loss: 0.5070372 Test Loss: 0.3408045
Validation loss decreased (0.512807 --> 0.507037).  Saving model ...
Updating learning rate to 9.99999990240136e-05
	iters: 100, epoch: 41 | loss: 0.3178343
	speed: 0.1183s/iter; left time: 1869.3435s
	iters: 200, epoch: 41 | loss: 0.2892116
	speed: 0.0496s/iter; left time: 777.9907s
Epoch: 41 cost time: 13.143751382827759
Epoch: 41, Steps: 265 | Train Loss: 0.3082139 Vali Loss: 0.5024899 Test Loss: 0.3386483
Validation loss decreased (0.507037 --> 0.502490).  Saving model ...
Updating learning rate to 9.993095900070463e-05
	iters: 100, epoch: 42 | loss: 0.3062820
	speed: 0.1169s/iter; left time: 1815.7125s
	iters: 200, epoch: 42 | loss: 0.2984041
	speed: 0.0495s/iter; left time: 764.6692s
Epoch: 42 cost time: 13.13614559173584
Epoch: 42, Steps: 265 | Train Loss: 0.3057427 Vali Loss: 0.4995286 Test Loss: 0.3371231
Validation loss decreased (0.502490 --> 0.499529).  Saving model ...
Updating learning rate to 9.972506223761924e-05
	iters: 100, epoch: 43 | loss: 0.2843187
	speed: 0.1174s/iter; left time: 1792.7141s
	iters: 200, epoch: 43 | loss: 0.2900406
	speed: 0.0496s/iter; left time: 752.8839s
Epoch: 43 cost time: 13.150797367095947
Epoch: 43, Steps: 265 | Train Loss: 0.3034610 Vali Loss: 0.4960769 Test Loss: 0.3357098
Validation loss decreased (0.499529 --> 0.496077).  Saving model ...
Updating learning rate to 9.938287308347333e-05
	iters: 100, epoch: 44 | loss: 0.3001794
	speed: 0.1172s/iter; left time: 1758.0196s
	iters: 200, epoch: 44 | loss: 0.3035564
	speed: 0.0495s/iter; left time: 738.4125s
Epoch: 44 cost time: 13.13706922531128
Epoch: 44, Steps: 265 | Train Loss: 0.3016129 Vali Loss: 0.4939276 Test Loss: 0.3346190
Validation loss decreased (0.496077 --> 0.493928).  Saving model ...
Updating learning rate to 9.890532945495314e-05
	iters: 100, epoch: 45 | loss: 0.2819377
	speed: 0.1174s/iter; left time: 1730.0883s
	iters: 200, epoch: 45 | loss: 0.2917884
	speed: 0.0495s/iter; left time: 725.2455s
Epoch: 45 cost time: 13.140057802200317
Epoch: 45, Steps: 265 | Train Loss: 0.2997975 Vali Loss: 0.4927160 Test Loss: 0.3334782
Validation loss decreased (0.493928 --> 0.492716).  Saving model ...
Updating learning rate to 9.829374026595078e-05
	iters: 100, epoch: 46 | loss: 0.3045993
	speed: 0.1174s/iter; left time: 1699.6266s
	iters: 200, epoch: 46 | loss: 0.2994170
	speed: 0.0495s/iter; left time: 712.1803s
Epoch: 46 cost time: 13.148011445999146
Epoch: 46, Steps: 265 | Train Loss: 0.2982149 Vali Loss: 0.4905944 Test Loss: 0.3335425
Validation loss decreased (0.492716 --> 0.490594).  Saving model ...
Updating learning rate to 9.754978183992228e-05
	iters: 100, epoch: 47 | loss: 0.3135457
	speed: 0.1172s/iter; left time: 1665.4701s
	iters: 200, epoch: 47 | loss: 0.2790869
	speed: 0.0496s/iter; left time: 699.3156s
Epoch: 47 cost time: 13.137497663497925
Epoch: 47, Steps: 265 | Train Loss: 0.2965122 Vali Loss: 0.4888726 Test Loss: 0.3332270
Validation loss decreased (0.490594 --> 0.488873).  Saving model ...
Updating learning rate to 9.667549331520148e-05
	iters: 100, epoch: 48 | loss: 0.2959272
	speed: 0.1173s/iter; left time: 1635.3076s
	iters: 200, epoch: 48 | loss: 0.2955094
	speed: 0.0495s/iter; left time: 685.9539s
Epoch: 48 cost time: 13.146213293075562
Epoch: 48, Steps: 265 | Train Loss: 0.2952273 Vali Loss: 0.4879348 Test Loss: 0.3326715
Validation loss decreased (0.488873 --> 0.487935).  Saving model ...
Updating learning rate to 9.567327105586355e-05
	iters: 100, epoch: 49 | loss: 0.2998050
	speed: 0.1180s/iter; left time: 1613.6902s
	iters: 200, epoch: 49 | loss: 0.2826033
	speed: 0.0495s/iter; left time: 672.7968s
Epoch: 49 cost time: 13.139380693435669
Epoch: 49, Steps: 265 | Train Loss: 0.2940613 Vali Loss: 0.4875988 Test Loss: 0.3327873
Validation loss decreased (0.487935 --> 0.487599).  Saving model ...
Updating learning rate to 9.454586208345774e-05
	iters: 100, epoch: 50 | loss: 0.3222462
	speed: 0.1192s/iter; left time: 1599.1020s
	iters: 200, epoch: 50 | loss: 0.3115001
	speed: 0.0495s/iter; left time: 659.5155s
Epoch: 50 cost time: 13.137481451034546
Epoch: 50, Steps: 265 | Train Loss: 0.2927195 Vali Loss: 0.4863839 Test Loss: 0.3321956
Validation loss decreased (0.487599 --> 0.486384).  Saving model ...
Updating learning rate to 9.329635654761219e-05
	iters: 100, epoch: 51 | loss: 0.2747594
	speed: 0.1173s/iter; left time: 1542.7202s
	iters: 200, epoch: 51 | loss: 0.2608928
	speed: 0.0497s/iter; left time: 648.5659s
Epoch: 51 cost time: 13.159673929214478
Epoch: 51, Steps: 265 | Train Loss: 0.2914955 Vali Loss: 0.4852079 Test Loss: 0.3324874
Validation loss decreased (0.486384 --> 0.485208).  Saving model ...
Updating learning rate to 9.192817925614859e-05
	iters: 100, epoch: 52 | loss: 0.2989751
	speed: 0.1170s/iter; left time: 1507.1445s
	iters: 200, epoch: 52 | loss: 0.2682956
	speed: 0.0495s/iter; left time: 633.5430s
Epoch: 52 cost time: 13.142385959625244
Epoch: 52, Steps: 265 | Train Loss: 0.2905608 Vali Loss: 0.4849018 Test Loss: 0.3316855
Validation loss decreased (0.485208 --> 0.484902).  Saving model ...
Updating learning rate to 9.044508028792197e-05
	iters: 100, epoch: 53 | loss: 0.2625818
	speed: 0.1171s/iter; left time: 1478.4427s
	iters: 200, epoch: 53 | loss: 0.2826226
	speed: 0.0496s/iter; left time: 620.4922s
Epoch: 53 cost time: 13.14343523979187
Epoch: 53, Steps: 265 | Train Loss: 0.2896562 Vali Loss: 0.4843702 Test Loss: 0.3319633
Validation loss decreased (0.484902 --> 0.484370).  Saving model ...
Updating learning rate to 8.885112471411532e-05
	iters: 100, epoch: 54 | loss: 0.2893928
	speed: 0.1178s/iter; left time: 1455.2931s
	iters: 200, epoch: 54 | loss: 0.2674598
	speed: 0.0495s/iter; left time: 607.2260s
Epoch: 54 cost time: 13.15021276473999
Epoch: 54, Steps: 265 | Train Loss: 0.2887033 Vali Loss: 0.4840778 Test Loss: 0.3317254
Validation loss decreased (0.484370 --> 0.484078).  Saving model ...
Updating learning rate to 8.715068145616196e-05
	iters: 100, epoch: 55 | loss: 0.2730186
	speed: 0.1193s/iter; left time: 1442.6670s
	iters: 200, epoch: 55 | loss: 0.2941360
	speed: 0.0496s/iter; left time: 594.2417s
Epoch: 55 cost time: 13.144155263900757
Epoch: 55, Steps: 265 | Train Loss: 0.2878691 Vali Loss: 0.4842541 Test Loss: 0.3315790
EarlyStopping counter: 1 out of 20
Updating learning rate to 8.534841131083555e-05
	iters: 100, epoch: 56 | loss: 0.2993465
	speed: 0.1160s/iter; left time: 1371.5045s
	iters: 200, epoch: 56 | loss: 0.2811856
	speed: 0.0497s/iter; left time: 582.2706s
Epoch: 56 cost time: 13.150743961334229
Epoch: 56, Steps: 265 | Train Loss: 0.2870277 Vali Loss: 0.4831023 Test Loss: 0.3325433
Validation loss decreased (0.484078 --> 0.483102).  Saving model ...
Updating learning rate to 8.344925417533019e-05
	iters: 100, epoch: 57 | loss: 0.2745306
	speed: 0.1174s/iter; left time: 1356.8920s
	iters: 200, epoch: 57 | loss: 0.2778429
	speed: 0.0496s/iter; left time: 568.0360s
Epoch: 57 cost time: 13.128302812576294
Epoch: 57, Steps: 265 | Train Loss: 0.2862724 Vali Loss: 0.4825189 Test Loss: 0.3324094
Validation loss decreased (0.483102 --> 0.482519).  Saving model ...
Updating learning rate to 8.14584155073455e-05
	iters: 100, epoch: 58 | loss: 0.2590557
	speed: 0.1166s/iter; left time: 1316.7641s
	iters: 200, epoch: 58 | loss: 0.3009511
	speed: 0.0492s/iter; left time: 551.0599s
Epoch: 58 cost time: 13.055368661880493
Epoch: 58, Steps: 265 | Train Loss: 0.2856178 Vali Loss: 0.4823763 Test Loss: 0.3320951
Validation loss decreased (0.482519 --> 0.482376).  Saving model ...
Updating learning rate to 7.938135205728891e-05
	iters: 100, epoch: 59 | loss: 0.2670555
	speed: 0.1172s/iter; left time: 1292.5987s
	iters: 200, epoch: 59 | loss: 0.3057916
	speed: 0.0494s/iter; left time: 539.9537s
Epoch: 59 cost time: 13.098527193069458
Epoch: 59, Steps: 265 | Train Loss: 0.2849822 Vali Loss: 0.4816698 Test Loss: 0.3321440
Validation loss decreased (0.482376 --> 0.481670).  Saving model ...
Updating learning rate to 7.722375691170215e-05
	iters: 100, epoch: 60 | loss: 0.2787755
	speed: 0.1192s/iter; left time: 1283.3632s
	iters: 200, epoch: 60 | loss: 0.2911541
	speed: 0.0495s/iter; left time: 528.2646s
Epoch: 60 cost time: 13.136473178863525
Epoch: 60, Steps: 265 | Train Loss: 0.2844267 Vali Loss: 0.4817438 Test Loss: 0.3322011
EarlyStopping counter: 1 out of 20
Updating learning rate to 7.499154388890664e-05
	iters: 100, epoch: 61 | loss: 0.2808221
	speed: 0.1160s/iter; left time: 1218.0011s
	iters: 200, epoch: 61 | loss: 0.2914924
	speed: 0.0495s/iter; left time: 515.2640s
Epoch: 61 cost time: 13.132582664489746
Epoch: 61, Steps: 265 | Train Loss: 0.2837635 Vali Loss: 0.4813420 Test Loss: 0.3328533
Validation loss decreased (0.481670 --> 0.481342).  Saving model ...
Updating learning rate to 7.269083132963864e-05
	iters: 100, epoch: 62 | loss: 0.2764847
	speed: 0.1174s/iter; left time: 1202.1082s
	iters: 200, epoch: 62 | loss: 0.2899758
	speed: 0.0495s/iter; left time: 502.2257s
Epoch: 62 cost time: 13.1425142288208
Epoch: 62, Steps: 265 | Train Loss: 0.2831557 Vali Loss: 0.4818127 Test Loss: 0.3324208
EarlyStopping counter: 1 out of 20
Updating learning rate to 7.032792532710257e-05
	iters: 100, epoch: 63 | loss: 0.3055722
	speed: 0.1160s/iter; left time: 1157.0858s
	iters: 200, epoch: 63 | loss: 0.2841666
	speed: 0.0495s/iter; left time: 489.0319s
Epoch: 63 cost time: 13.13491415977478
Epoch: 63, Steps: 265 | Train Loss: 0.2828011 Vali Loss: 0.4816683 Test Loss: 0.3329980
EarlyStopping counter: 2 out of 20
Updating learning rate to 6.790930244240778e-05
	iters: 100, epoch: 64 | loss: 0.2928303
	speed: 0.1159s/iter; left time: 1124.9685s
	iters: 200, epoch: 64 | loss: 0.3207988
	speed: 0.0496s/iter; left time: 476.6154s
Epoch: 64 cost time: 13.143788576126099
Epoch: 64, Steps: 265 | Train Loss: 0.2823728 Vali Loss: 0.4817462 Test Loss: 0.3325802
EarlyStopping counter: 3 out of 20
Updating learning rate to 6.544159195276479e-05
	iters: 100, epoch: 65 | loss: 0.2928101
	speed: 0.1159s/iter; left time: 1094.1892s
	iters: 200, epoch: 65 | loss: 0.2950696
	speed: 0.0496s/iter; left time: 462.9718s
Epoch: 65 cost time: 13.133233547210693
Epoch: 65, Steps: 265 | Train Loss: 0.2817359 Vali Loss: 0.4818659 Test Loss: 0.3330024
EarlyStopping counter: 4 out of 20
Updating learning rate to 6.293155768109725e-05
	iters: 100, epoch: 66 | loss: 0.3130337
	speed: 0.1160s/iter; left time: 1064.5324s
	iters: 200, epoch: 66 | loss: 0.2680026
	speed: 0.0496s/iter; left time: 449.8023s
Epoch: 66 cost time: 13.134088516235352
Epoch: 66, Steps: 265 | Train Loss: 0.2812029 Vali Loss: 0.4812267 Test Loss: 0.3329576
Validation loss decreased (0.481342 --> 0.481227).  Saving model ...
Updating learning rate to 6.038607945687349e-05
	iters: 100, epoch: 67 | loss: 0.2869947
	speed: 0.1177s/iter; left time: 1048.3988s
	iters: 200, epoch: 67 | loss: 0.2956563
	speed: 0.0496s/iter; left time: 436.8905s
Epoch: 67 cost time: 13.149469137191772
Epoch: 67, Steps: 265 | Train Loss: 0.2808921 Vali Loss: 0.4814393 Test Loss: 0.3335723
EarlyStopping counter: 1 out of 20
Updating learning rate to 5.781213425897207e-05
	iters: 100, epoch: 68 | loss: 0.3193360
	speed: 0.1161s/iter; left time: 1003.4464s
	iters: 200, epoch: 68 | loss: 0.2470231
	speed: 0.0496s/iter; left time: 423.4577s
Epoch: 68 cost time: 13.130092144012451
Epoch: 68, Steps: 265 | Train Loss: 0.2803467 Vali Loss: 0.4809169 Test Loss: 0.3338410
Validation loss decreased (0.481227 --> 0.480917).  Saving model ...
Updating learning rate to 5.5216777092267685e-05
	iters: 100, epoch: 69 | loss: 0.2741364
	speed: 0.1192s/iter; left time: 998.7025s
	iters: 200, epoch: 69 | loss: 0.2965166
	speed: 0.0495s/iter; left time: 410.2956s
Epoch: 69 cost time: 13.14272427558899
Epoch: 69, Steps: 265 | Train Loss: 0.2800482 Vali Loss: 0.4813729 Test Loss: 0.3337220
EarlyStopping counter: 1 out of 20
Updating learning rate to 5.260712165035325e-05
	iters: 100, epoch: 70 | loss: 0.2684567
	speed: 0.1162s/iter; left time: 942.7182s
	iters: 200, epoch: 70 | loss: 0.2870222
	speed: 0.0496s/iter; left time: 397.3126s
Epoch: 70 cost time: 13.136539220809937
Epoch: 70, Steps: 265 | Train Loss: 0.2795738 Vali Loss: 0.4811623 Test Loss: 0.3338584
EarlyStopping counter: 2 out of 20
Updating learning rate to 4.999032081740008e-05
	iters: 100, epoch: 71 | loss: 0.2670655
	speed: 0.1160s/iter; left time: 910.6903s
	iters: 200, epoch: 71 | loss: 0.2848211
	speed: 0.0496s/iter; left time: 384.1058s
Epoch: 71 cost time: 13.12790060043335
Epoch: 71, Steps: 265 | Train Loss: 0.2792740 Vali Loss: 0.4812719 Test Loss: 0.3341876
EarlyStopping counter: 3 out of 20
Updating learning rate to 4.737354706259972e-05
	iters: 100, epoch: 72 | loss: 0.2826282
	speed: 0.1159s/iter; left time: 878.9843s
	iters: 200, epoch: 72 | loss: 0.3066205
	speed: 0.0496s/iter; left time: 371.4565s
Epoch: 72 cost time: 13.14165711402893
Epoch: 72, Steps: 265 | Train Loss: 0.2789070 Vali Loss: 0.4815536 Test Loss: 0.3345619
EarlyStopping counter: 4 out of 20
Updating learning rate to 4.476397278092438e-05
	iters: 100, epoch: 73 | loss: 0.2462934
	speed: 0.1161s/iter; left time: 849.6339s
	iters: 200, epoch: 73 | loss: 0.2711362
	speed: 0.0495s/iter; left time: 357.6779s
Epoch: 73 cost time: 13.125622272491455
Epoch: 73, Steps: 265 | Train Loss: 0.2786884 Vali Loss: 0.4815181 Test Loss: 0.3342475
EarlyStopping counter: 5 out of 20
Updating learning rate to 4.216875063409081e-05
	iters: 100, epoch: 74 | loss: 0.2890342
	speed: 0.1158s/iter; left time: 817.3980s
	iters: 200, epoch: 74 | loss: 0.2756501
	speed: 0.0495s/iter; left time: 344.4904s
Epoch: 74 cost time: 13.127207040786743
Epoch: 74, Steps: 265 | Train Loss: 0.2784088 Vali Loss: 0.4813259 Test Loss: 0.3345410
EarlyStopping counter: 6 out of 20
Updating learning rate to 3.959499394561185e-05
	iters: 100, epoch: 75 | loss: 0.2602088
	speed: 0.1161s/iter; left time: 788.4750s
	iters: 200, epoch: 75 | loss: 0.2495547
	speed: 0.0496s/iter; left time: 331.6922s
Epoch: 75 cost time: 13.141976356506348
Epoch: 75, Steps: 265 | Train Loss: 0.2780205 Vali Loss: 0.4817498 Test Loss: 0.3345405
EarlyStopping counter: 7 out of 20
Updating learning rate to 3.704975720367095e-05
	iters: 100, epoch: 76 | loss: 0.2542891
	speed: 0.1161s/iter; left time: 757.6677s
	iters: 200, epoch: 76 | loss: 0.2910221
	speed: 0.0496s/iter; left time: 318.4343s
Epoch: 76 cost time: 13.150923728942871
Epoch: 76, Steps: 265 | Train Loss: 0.2776903 Vali Loss: 0.4819059 Test Loss: 0.3347040
EarlyStopping counter: 8 out of 20
Updating learning rate to 3.454001672526056e-05
	iters: 100, epoch: 77 | loss: 0.3002794
	speed: 0.1158s/iter; left time: 724.9288s
	iters: 200, epoch: 77 | loss: 0.2713415
	speed: 0.0496s/iter; left time: 305.3873s
Epoch: 77 cost time: 13.136723518371582
Epoch: 77, Steps: 265 | Train Loss: 0.2774638 Vali Loss: 0.4811870 Test Loss: 0.3354450
EarlyStopping counter: 9 out of 20
Updating learning rate to 3.207265153458206e-05
	iters: 100, epoch: 78 | loss: 0.2710665
	speed: 0.1162s/iter; left time: 696.7713s
	iters: 200, epoch: 78 | loss: 0.2665719
	speed: 0.0496s/iter; left time: 292.2060s
Epoch: 78 cost time: 13.136663913726807
Epoch: 78, Steps: 265 | Train Loss: 0.2773146 Vali Loss: 0.4813072 Test Loss: 0.3352618
EarlyStopping counter: 10 out of 20
Updating learning rate to 2.965442450811866e-05
	iters: 100, epoch: 79 | loss: 0.2705442
	speed: 0.1158s/iter; left time: 663.5277s
	iters: 200, epoch: 79 | loss: 0.2698680
	speed: 0.0495s/iter; left time: 279.0125s
Epoch: 79 cost time: 13.128485202789307
Epoch: 79, Steps: 265 | Train Loss: 0.2771569 Vali Loss: 0.4807851 Test Loss: 0.3354014
Validation loss decreased (0.480917 --> 0.480785).  Saving model ...
Updating learning rate to 2.7291963838060986e-05
	iters: 100, epoch: 80 | loss: 0.2798278
	speed: 0.1171s/iter; left time: 639.9921s
	iters: 200, epoch: 80 | loss: 0.2838615
	speed: 0.0496s/iter; left time: 266.0922s
Epoch: 80 cost time: 13.147842168807983
Epoch: 80, Steps: 265 | Train Loss: 0.2769688 Vali Loss: 0.4816527 Test Loss: 0.3355539
EarlyStopping counter: 1 out of 20
Updating learning rate to 2.499174486489305e-05
	iters: 100, epoch: 81 | loss: 0.3081471
	speed: 0.1159s/iter; left time: 602.8418s
	iters: 200, epoch: 81 | loss: 0.2850075
	speed: 0.0495s/iter; left time: 252.6450s
Epoch: 81 cost time: 13.124088764190674
Epoch: 81, Steps: 265 | Train Loss: 0.2766076 Vali Loss: 0.4820727 Test Loss: 0.3360217
EarlyStopping counter: 2 out of 20
Updating learning rate to 2.276007232893402e-05
	iters: 100, epoch: 82 | loss: 0.2847968
	speed: 0.1157s/iter; left time: 571.2885s
	iters: 200, epoch: 82 | loss: 0.2733503
	speed: 0.0495s/iter; left time: 239.5603s
Epoch: 82 cost time: 13.125894784927368
Epoch: 82, Steps: 265 | Train Loss: 0.2765866 Vali Loss: 0.4818592 Test Loss: 0.3355615
EarlyStopping counter: 3 out of 20
Updating learning rate to 2.0603063089483323e-05
	iters: 100, epoch: 83 | loss: 0.2883902
	speed: 0.1160s/iter; left time: 541.8721s
	iters: 200, epoch: 83 | loss: 0.2589231
	speed: 0.0496s/iter; left time: 226.5791s
Epoch: 83 cost time: 13.1421639919281
Epoch: 83, Steps: 265 | Train Loss: 0.2764865 Vali Loss: 0.4818577 Test Loss: 0.3358030
EarlyStopping counter: 4 out of 20
Updating learning rate to 1.8526629358934466e-05
	iters: 100, epoch: 84 | loss: 0.2570506
	speed: 0.1158s/iter; left time: 510.0123s
	iters: 200, epoch: 84 | loss: 0.2806200
	speed: 0.0496s/iter; left time: 213.3753s
Epoch: 84 cost time: 13.128573417663574
Epoch: 84, Steps: 265 | Train Loss: 0.2763769 Vali Loss: 0.4811302 Test Loss: 0.3356511
EarlyStopping counter: 5 out of 20
Updating learning rate to 1.653646249781165e-05
	iters: 100, epoch: 85 | loss: 0.2776416
	speed: 0.1158s/iter; left time: 479.4475s
	iters: 200, epoch: 85 | loss: 0.2701524
	speed: 0.0495s/iter; left time: 200.1395s
Epoch: 85 cost time: 13.127127647399902
Epoch: 85, Steps: 265 | Train Loss: 0.2760571 Vali Loss: 0.4810117 Test Loss: 0.3357398
EarlyStopping counter: 6 out of 20
Updating learning rate to 1.4638017415146474e-05
	iters: 100, epoch: 86 | loss: 0.2612135
	speed: 0.1161s/iter; left time: 450.1339s
	iters: 200, epoch: 86 | loss: 0.2717685
	speed: 0.0496s/iter; left time: 187.1177s
Epoch: 86 cost time: 13.13163137435913
Epoch: 86, Steps: 265 | Train Loss: 0.2761410 Vali Loss: 0.4818639 Test Loss: 0.3357020
EarlyStopping counter: 7 out of 20
Updating learning rate to 1.2836497616951199e-05
	iters: 100, epoch: 87 | loss: 0.2711930
	speed: 0.1158s/iter; left time: 418.0583s
	iters: 200, epoch: 87 | loss: 0.2792159
	speed: 0.0496s/iter; left time: 174.0860s
Epoch: 87 cost time: 13.134920835494995
Epoch: 87, Steps: 265 | Train Loss: 0.2760285 Vali Loss: 0.4817712 Test Loss: 0.3358572
EarlyStopping counter: 8 out of 20
Updating learning rate to 1.1136840943770596e-05
	iters: 100, epoch: 88 | loss: 0.2746964
	speed: 0.1160s/iter; left time: 388.0697s
	iters: 200, epoch: 88 | loss: 0.2648159
	speed: 0.0497s/iter; left time: 161.1949s
Epoch: 88 cost time: 13.149567604064941
Epoch: 88, Steps: 265 | Train Loss: 0.2759208 Vali Loss: 0.4822818 Test Loss: 0.3364641
EarlyStopping counter: 9 out of 20
Updating learning rate to 9.54370603640415e-06
	iters: 100, epoch: 89 | loss: 0.2647427
	speed: 0.1159s/iter; left time: 357.0362s
	iters: 200, epoch: 89 | loss: 0.2847969
	speed: 0.0495s/iter; left time: 147.6978s
Epoch: 89 cost time: 13.131662130355835
Epoch: 89, Steps: 265 | Train Loss: 0.2759462 Vali Loss: 0.4822065 Test Loss: 0.3362211
EarlyStopping counter: 10 out of 20
Updating learning rate to 8.061459566895504e-06
	iters: 100, epoch: 90 | loss: 0.2892260
	speed: 0.1160s/iter; left time: 326.7759s
	iters: 200, epoch: 90 | loss: 0.2963226
	speed: 0.0496s/iter; left time: 134.5840s
Epoch: 90 cost time: 13.135692119598389
Epoch: 90, Steps: 265 | Train Loss: 0.2756457 Vali Loss: 0.4821553 Test Loss: 0.3363514
EarlyStopping counter: 11 out of 20
Updating learning rate to 6.694164269787878e-06
	iters: 100, epoch: 91 | loss: 0.2611808
	speed: 0.1160s/iter; left time: 295.9809s
	iters: 200, epoch: 91 | loss: 0.2714039
	speed: 0.0496s/iter; left time: 121.4918s
Epoch: 91 cost time: 13.139463186264038
Epoch: 91, Steps: 265 | Train Loss: 0.2756138 Vali Loss: 0.4827003 Test Loss: 0.3359783
EarlyStopping counter: 12 out of 20
Updating learning rate to 5.4455678064511385e-06
	iters: 100, epoch: 92 | loss: 0.3024462
	speed: 0.1158s/iter; left time: 264.8118s
	iters: 200, epoch: 92 | loss: 0.2980412
	speed: 0.0496s/iter; left time: 108.4249s
Epoch: 92 cost time: 13.139240264892578
Epoch: 92, Steps: 265 | Train Loss: 0.2755479 Vali Loss: 0.4822882 Test Loss: 0.3362124
EarlyStopping counter: 13 out of 20
Updating learning rate to 4.319092493002395e-06
	iters: 100, epoch: 93 | loss: 0.2991492
	speed: 0.1160s/iter; left time: 234.5170s
	iters: 200, epoch: 93 | loss: 0.2572495
	speed: 0.0496s/iter; left time: 95.2368s
Epoch: 93 cost time: 13.142343997955322
Epoch: 93, Steps: 265 | Train Loss: 0.2755230 Vali Loss: 0.4824162 Test Loss: 0.3361200
EarlyStopping counter: 14 out of 20
Updating learning rate to 3.317825919975493e-06
	iters: 100, epoch: 94 | loss: 0.2596984
	speed: 0.1162s/iter; left time: 204.0172s
	iters: 200, epoch: 94 | loss: 0.2612861
	speed: 0.0496s/iter; left time: 82.0584s
Epoch: 94 cost time: 13.133691787719727
Epoch: 94, Steps: 265 | Train Loss: 0.2756588 Vali Loss: 0.4812445 Test Loss: 0.3363712
EarlyStopping counter: 15 out of 20
Updating learning rate to 2.4445124894499002e-06
	iters: 100, epoch: 95 | loss: 0.2654923
	speed: 0.1161s/iter; left time: 173.0750s
	iters: 200, epoch: 95 | loss: 0.3023827
	speed: 0.0496s/iter; left time: 68.9607s
Epoch: 95 cost time: 13.137683153152466
Epoch: 95, Steps: 265 | Train Loss: 0.2755417 Vali Loss: 0.4821192 Test Loss: 0.3362228
EarlyStopping counter: 16 out of 20
Updating learning rate to 1.7015458928354114e-06
	iters: 100, epoch: 96 | loss: 0.2493636
	speed: 0.1160s/iter; left time: 142.1756s
	iters: 200, epoch: 96 | loss: 0.2495771
	speed: 0.0497s/iter; left time: 55.9312s
Epoch: 96 cost time: 13.149831533432007
Epoch: 96, Steps: 265 | Train Loss: 0.2754973 Vali Loss: 0.4819813 Test Loss: 0.3358450
EarlyStopping counter: 17 out of 20
Updating learning rate to 1.0909625499303723e-06
	iters: 100, epoch: 97 | loss: 0.2846394
	speed: 0.1161s/iter; left time: 111.5700s
	iters: 200, epoch: 97 | loss: 0.2921003
	speed: 0.0495s/iter; left time: 42.6475s
Epoch: 97 cost time: 13.149947881698608
Epoch: 97, Steps: 265 | Train Loss: 0.2753844 Vali Loss: 0.4819649 Test Loss: 0.3364260
EarlyStopping counter: 18 out of 20
Updating learning rate to 6.144360272365664e-07
	iters: 100, epoch: 98 | loss: 0.2628619
	speed: 0.1160s/iter; left time: 80.7064s
	iters: 200, epoch: 98 | loss: 0.2585081
	speed: 0.0495s/iter; left time: 29.5314s
Epoch: 98 cost time: 13.132140398025513
Epoch: 98, Steps: 265 | Train Loss: 0.2755686 Vali Loss: 0.4820809 Test Loss: 0.3362028
EarlyStopping counter: 19 out of 20
Updating learning rate to 2.732724508297455e-07
	iters: 100, epoch: 99 | loss: 0.2864389
	speed: 0.1159s/iter; left time: 49.9467s
	iters: 200, epoch: 99 | loss: 0.2839190
	speed: 0.0496s/iter; left time: 16.4087s
Epoch: 99 cost time: 13.140139818191528
Epoch: 99, Steps: 265 | Train Loss: 0.2755479 Vali Loss: 0.4825350 Test Loss: 0.3363709
EarlyStopping counter: 20 out of 20
Early stopping
>>>>>>>testing : CMS_ettm1_336_192_PatchTST_ETTm1_ftM_sl336_ll48_pl192_dm128_nh16_el3_dl1_df256_fc1_ebtimeF_dtTrue_Exp_0<<<<<<<<<<<<<<<<<<<<<<<<<<<<<<<<<
test 11329
mse:0.3587660491466522, mae:0.38970500230789185, rse:0.5697051286697388
Args in experiment:
Namespace(random_seed=2021, is_training=1, model_id='CMS_ettm1_336_336', model='PatchTST', data='ETTm1', root_path='./dataset/', data_path='ETTm1.csv', features='M', target='OT', freq='h', checkpoints='./checkpoints/', seq_len=336, label_len=48, pred_len=336, head_type='cms', fc_dropout=0.2, head_dropout=0.0, patch_len=16, stride=8, padding_patch='end', revin=1, affine=0, subtract_last=0, decomposition=0, kernel_size=25, individual=0, embed_type=0, enc_in=7, dec_in=7, c_out=7, d_model=128, n_heads=16, e_layers=3, d_layers=1, d_ff=256, moving_avg=25, factor=1, distil=True, dropout=0.2, embed='timeF', activation='gelu', output_attention=False, do_predict=False, num_workers=0, itr=1, train_epochs=100, batch_size=128, patience=20, learning_rate=0.0001, des='Exp', loss='mse', lradj='TST', pct_start=0.4, use_amp=False, use_gpu=True, gpu=0, use_multi_gpu=False, devices='0,1,2,3', test_flop=False)
Use GPU: cuda:0
>>>>>>>start training : CMS_ettm1_336_336_PatchTST_ETTm1_ftM_sl336_ll48_pl336_dm128_nh16_el3_dl1_df256_fc1_ebtimeF_dtTrue_Exp_0>>>>>>>>>>>>>>>>>>>>>>>>>>
train 33889
val 11185
test 11185
	iters: 100, epoch: 1 | loss: 0.5365406
	speed: 0.1047s/iter; left time: 2753.0518s
	iters: 200, epoch: 1 | loss: 0.6181720
	speed: 0.0496s/iter; left time: 1298.9800s
Epoch: 1 cost time: 13.389521360397339
Epoch: 1, Steps: 264 | Train Loss: 0.5580600 Vali Loss: 1.1169183 Test Loss: 0.7200515
Validation loss decreased (inf --> 1.116918).  Saving model ...
Updating learning rate to 4.147995994617984e-06
	iters: 100, epoch: 2 | loss: 0.5987291
	speed: 0.1192s/iter; left time: 3104.7125s
	iters: 200, epoch: 2 | loss: 0.5934237
	speed: 0.0496s/iter; left time: 1286.3238s
Epoch: 2 cost time: 13.103240251541138
Epoch: 2, Steps: 264 | Train Loss: 0.5574697 Vali Loss: 1.1137674 Test Loss: 0.7186313
Validation loss decreased (1.116918 --> 1.113767).  Saving model ...
Updating learning rate to 4.591071361204269e-06
	iters: 100, epoch: 3 | loss: 0.5767016
	speed: 0.1192s/iter; left time: 3072.8975s
	iters: 200, epoch: 3 | loss: 0.5751882
	speed: 0.0497s/iter; left time: 1276.8853s
Epoch: 3 cost time: 13.134490728378296
Epoch: 3, Steps: 264 | Train Loss: 0.5565673 Vali Loss: 1.1132871 Test Loss: 0.7170833
Validation loss decreased (1.113767 --> 1.113287).  Saving model ...
Updating learning rate to 5.3264938756102174e-06
	iters: 100, epoch: 4 | loss: 0.5197362
	speed: 0.1190s/iter; left time: 3036.2418s
	iters: 200, epoch: 4 | loss: 0.5843286
	speed: 0.0497s/iter; left time: 1264.0960s
Epoch: 4 cost time: 13.151142120361328
Epoch: 4, Steps: 264 | Train Loss: 0.5555925 Vali Loss: 1.1111399 Test Loss: 0.7152808
Validation loss decreased (1.113287 --> 1.111140).  Saving model ...
Updating learning rate to 6.349728555065631e-06
	iters: 100, epoch: 5 | loss: 0.5623958
	speed: 0.1184s/iter; left time: 2989.1948s
	iters: 200, epoch: 5 | loss: 0.5495224
	speed: 0.0498s/iter; left time: 1251.3593s
Epoch: 5 cost time: 13.148768424987793
Epoch: 5, Steps: 264 | Train Loss: 0.5544038 Vali Loss: 1.1088951 Test Loss: 0.7132161
Validation loss decreased (1.111140 --> 1.108895).  Saving model ...
Updating learning rate to 7.654465623149092e-06
	iters: 100, epoch: 6 | loss: 0.5245835
	speed: 0.1186s/iter; left time: 2961.8285s
	iters: 200, epoch: 6 | loss: 0.5493211
	speed: 0.0499s/iter; left time: 1240.3861s
Epoch: 6 cost time: 13.168351173400879
Epoch: 6, Steps: 264 | Train Loss: 0.5531384 Vali Loss: 1.1060247 Test Loss: 0.7107680
Validation loss decreased (1.108895 --> 1.106025).  Saving model ...
Updating learning rate to 9.232659419022894e-06
	iters: 100, epoch: 7 | loss: 0.5727316
	speed: 0.1197s/iter; left time: 2957.5189s
	iters: 200, epoch: 7 | loss: 0.5514032
	speed: 0.0498s/iter; left time: 1225.2288s
Epoch: 7 cost time: 13.150683164596558
Epoch: 7, Steps: 264 | Train Loss: 0.5515766 Vali Loss: 1.1025529 Test Loss: 0.7079977
Validation loss decreased (1.106025 --> 1.102553).  Saving model ...
Updating learning rate to 1.1074578010998666e-05
	iters: 100, epoch: 8 | loss: 0.5096605
	speed: 0.1209s/iter; left time: 2955.4872s
	iters: 200, epoch: 8 | loss: 0.5265699
	speed: 0.0498s/iter; left time: 1212.3504s
Epoch: 8 cost time: 13.152645826339722
Epoch: 8, Steps: 264 | Train Loss: 0.5499508 Vali Loss: 1.0991706 Test Loss: 0.7048066
Validation loss decreased (1.102553 --> 1.099171).  Saving model ...
Updating learning rate to 1.3168863208492038e-05
	iters: 100, epoch: 9 | loss: 0.5433341
	speed: 0.1186s/iter; left time: 2868.6374s
	iters: 200, epoch: 9 | loss: 0.5895391
	speed: 0.0498s/iter; left time: 1200.1172s
Epoch: 9 cost time: 13.17067265510559
Epoch: 9, Steps: 264 | Train Loss: 0.5477060 Vali Loss: 1.0950352 Test Loss: 0.7012708
Validation loss decreased (1.099171 --> 1.095035).  Saving model ...
Updating learning rate to 1.5502600602302323e-05
	iters: 100, epoch: 10 | loss: 0.5220196
	speed: 0.1208s/iter; left time: 2888.9505s
	iters: 200, epoch: 10 | loss: 0.5773150
	speed: 0.0498s/iter; left time: 1185.9536s
Epoch: 10 cost time: 13.152164936065674
Epoch: 10, Steps: 264 | Train Loss: 0.5456296 Vali Loss: 1.0910004 Test Loss: 0.6973281
Validation loss decreased (1.095035 --> 1.091000).  Saving model ...
Updating learning rate to 1.8061399201313948e-05
	iters: 100, epoch: 11 | loss: 0.5503176
	speed: 0.1185s/iter; left time: 2802.9435s
	iters: 200, epoch: 11 | loss: 0.5756134
	speed: 0.0498s/iter; left time: 1172.4106s
Epoch: 11 cost time: 13.158015012741089
Epoch: 11, Steps: 264 | Train Loss: 0.5431501 Vali Loss: 1.0853838 Test Loss: 0.6930088
Validation loss decreased (1.091000 --> 1.085384).  Saving model ...
Updating learning rate to 2.08294801745399e-05
	iters: 100, epoch: 12 | loss: 0.5303244
	speed: 0.1210s/iter; left time: 2831.0797s
	iters: 200, epoch: 12 | loss: 0.5272855
	speed: 0.0498s/iter; left time: 1160.4249s
Epoch: 12 cost time: 13.154168128967285
Epoch: 12, Steps: 264 | Train Loss: 0.5405433 Vali Loss: 1.0799572 Test Loss: 0.6882756
Validation loss decreased (1.085384 --> 1.079957).  Saving model ...
Updating learning rate to 2.378977415127951e-05
	iters: 100, epoch: 13 | loss: 0.5492303
	speed: 0.1192s/iter; left time: 2758.6085s
	iters: 200, epoch: 13 | loss: 0.5535793
	speed: 0.0498s/iter; left time: 1146.2624s
Epoch: 13 cost time: 13.15330958366394
Epoch: 13, Steps: 264 | Train Loss: 0.5375000 Vali Loss: 1.0738649 Test Loss: 0.6830741
Validation loss decreased (1.079957 --> 1.073865).  Saving model ...
Updating learning rate to 2.6924026479389104e-05
	iters: 100, epoch: 14 | loss: 0.4992588
	speed: 0.1185s/iter; left time: 2710.5019s
	iters: 200, epoch: 14 | loss: 0.5206215
	speed: 0.0499s/iter; left time: 1135.3147s
Epoch: 14 cost time: 13.168226957321167
Epoch: 14, Steps: 264 | Train Loss: 0.5344801 Vali Loss: 1.0661606 Test Loss: 0.6773067
Validation loss decreased (1.073865 --> 1.066161).  Saving model ...
Updating learning rate to 3.0212909792590238e-05
	iters: 100, epoch: 15 | loss: 0.4977737
	speed: 0.1215s/iter; left time: 2747.1216s
	iters: 200, epoch: 15 | loss: 0.5010346
	speed: 0.0498s/iter; left time: 1120.0986s
Epoch: 15 cost time: 13.156841039657593
Epoch: 15, Steps: 264 | Train Loss: 0.5309653 Vali Loss: 1.0592844 Test Loss: 0.6708748
Validation loss decreased (1.066161 --> 1.059284).  Saving model ...
Updating learning rate to 3.363614319266957e-05
	iters: 100, epoch: 16 | loss: 0.5451442
	speed: 0.1187s/iter; left time: 2651.5320s
	iters: 200, epoch: 16 | loss: 0.5860102
	speed: 0.0498s/iter; left time: 1107.4134s
Epoch: 16 cost time: 13.1669340133667
Epoch: 16, Steps: 264 | Train Loss: 0.5272291 Vali Loss: 1.0506839 Test Loss: 0.6637298
Validation loss decreased (1.059284 --> 1.050684).  Saving model ...
Updating learning rate to 3.7172617311633196e-05
	iters: 100, epoch: 17 | loss: 0.5513558
	speed: 0.1212s/iter; left time: 2675.5605s
	iters: 200, epoch: 17 | loss: 0.5126589
	speed: 0.0498s/iter; left time: 1094.1570s
Epoch: 17 cost time: 13.1589195728302
Epoch: 17, Steps: 264 | Train Loss: 0.5233052 Vali Loss: 1.0407480 Test Loss: 0.6558664
Validation loss decreased (1.050684 --> 1.040748).  Saving model ...
Updating learning rate to 4.0800524482619576e-05
	iters: 100, epoch: 18 | loss: 0.5303295
	speed: 0.1189s/iter; left time: 2593.0486s
	iters: 200, epoch: 18 | loss: 0.5418339
	speed: 0.0498s/iter; left time: 1080.5659s
Epoch: 18 cost time: 13.148783683776855
Epoch: 18, Steps: 264 | Train Loss: 0.5187436 Vali Loss: 1.0297419 Test Loss: 0.6473306
Validation loss decreased (1.040748 --> 1.029742).  Saving model ...
Updating learning rate to 4.449749321687241e-05
	iters: 100, epoch: 19 | loss: 0.5007580
	speed: 0.1234s/iter; left time: 2660.0313s
	iters: 200, epoch: 19 | loss: 0.4967347
	speed: 0.0499s/iter; left time: 1069.3192s
Epoch: 19 cost time: 13.164781093597412
Epoch: 19, Steps: 264 | Train Loss: 0.5142006 Vali Loss: 1.0190865 Test Loss: 0.6383172
Validation loss decreased (1.029742 --> 1.019086).  Saving model ...
Updating learning rate to 4.824072615752094e-05
	iters: 100, epoch: 20 | loss: 0.5138671
	speed: 0.1186s/iter; left time: 2524.1859s
	iters: 200, epoch: 20 | loss: 0.4928047
	speed: 0.0498s/iter; left time: 1054.9378s
Epoch: 20 cost time: 13.159218311309814
Epoch: 20, Steps: 264 | Train Loss: 0.5091155 Vali Loss: 1.0077391 Test Loss: 0.6289783
Validation loss decreased (1.019086 --> 1.007739).  Saving model ...
Updating learning rate to 5.200714065947608e-05
	iters: 100, epoch: 21 | loss: 0.5389732
	speed: 0.1212s/iter; left time: 2548.7854s
	iters: 200, epoch: 21 | loss: 0.4451106
	speed: 0.0498s/iter; left time: 1042.0076s
Epoch: 21 cost time: 13.156667232513428
Epoch: 21, Steps: 264 | Train Loss: 0.5037361 Vali Loss: 0.9956883 Test Loss: 0.6195630
Validation loss decreased (1.007739 --> 0.995688).  Saving model ...
Updating learning rate to 5.577351112855618e-05
	iters: 100, epoch: 22 | loss: 0.4965922
	speed: 0.1189s/iter; left time: 2468.1263s
	iters: 200, epoch: 22 | loss: 0.5085946
	speed: 0.0498s/iter; left time: 1028.6304s
Epoch: 22 cost time: 13.169499397277832
Epoch: 22, Steps: 264 | Train Loss: 0.4984073 Vali Loss: 0.9835111 Test Loss: 0.6102225
Validation loss decreased (0.995688 --> 0.983511).  Saving model ...
Updating learning rate to 5.951661224210828e-05
	iters: 100, epoch: 23 | loss: 0.4555174
	speed: 0.1183s/iter; left time: 2424.0289s
	iters: 200, epoch: 23 | loss: 0.4823685
	speed: 0.0498s/iter; left time: 1015.2177s
Epoch: 23 cost time: 13.14705777168274
Epoch: 23, Steps: 264 | Train Loss: 0.4929772 Vali Loss: 0.9709082 Test Loss: 0.6009990
Validation loss decreased (0.983511 --> 0.970908).  Saving model ...
Updating learning rate to 6.321336216795497e-05
	iters: 100, epoch: 24 | loss: 0.4772910
	speed: 0.1190s/iter; left time: 2406.6263s
	iters: 200, epoch: 24 | loss: 0.4941179
	speed: 0.0498s/iter; left time: 1002.1749s
Epoch: 24 cost time: 13.15916895866394
Epoch: 24, Steps: 264 | Train Loss: 0.4875293 Vali Loss: 0.9596609 Test Loss: 0.5919539
Validation loss decreased (0.970908 --> 0.959661).  Saving model ...
Updating learning rate to 6.684096489850761e-05
	iters: 100, epoch: 25 | loss: 0.4564467
	speed: 0.1211s/iter; left time: 2418.0706s
	iters: 200, epoch: 25 | loss: 0.4861630
	speed: 0.0498s/iter; left time: 989.0548s
Epoch: 25 cost time: 13.156338214874268
Epoch: 25, Steps: 264 | Train Loss: 0.4820045 Vali Loss: 0.9465887 Test Loss: 0.5829480
Validation loss decreased (0.959661 --> 0.946589).  Saving model ...
Updating learning rate to 7.03770508223417e-05
	iters: 100, epoch: 26 | loss: 0.4880306
	speed: 0.1181s/iter; left time: 2325.9336s
	iters: 200, epoch: 26 | loss: 0.4738063
	speed: 0.0498s/iter; left time: 976.0227s
Epoch: 26 cost time: 13.155646800994873
Epoch: 26, Steps: 264 | Train Loss: 0.4765146 Vali Loss: 0.9340037 Test Loss: 0.5738614
Validation loss decreased (0.946589 --> 0.934004).  Saving model ...
Updating learning rate to 7.379981466640088e-05
	iters: 100, epoch: 27 | loss: 0.4700156
	speed: 0.1185s/iter; left time: 2302.7922s
	iters: 200, epoch: 27 | loss: 0.4506295
	speed: 0.0499s/iter; left time: 964.5081s
Epoch: 27 cost time: 13.16132378578186
Epoch: 27, Steps: 264 | Train Loss: 0.4708590 Vali Loss: 0.9219474 Test Loss: 0.5645996
Validation loss decreased (0.934004 --> 0.921947).  Saving model ...
Updating learning rate to 7.708814995820833e-05
	iters: 100, epoch: 28 | loss: 0.4747797
	speed: 0.1185s/iter; left time: 2271.7037s
	iters: 200, epoch: 28 | loss: 0.4554323
	speed: 0.0498s/iter; left time: 949.3681s
Epoch: 28 cost time: 13.155065298080444
Epoch: 28, Steps: 264 | Train Loss: 0.4653533 Vali Loss: 0.9088033 Test Loss: 0.5552256
Validation loss decreased (0.921947 --> 0.908803).  Saving model ...
Updating learning rate to 8.022177917892456e-05
	iters: 100, epoch: 29 | loss: 0.4637544
	speed: 0.1184s/iter; left time: 2238.3865s
	iters: 200, epoch: 29 | loss: 0.4741198
	speed: 0.0498s/iter; left time: 936.5998s
Epoch: 29 cost time: 13.15922737121582
Epoch: 29, Steps: 264 | Train Loss: 0.4594414 Vali Loss: 0.8958380 Test Loss: 0.5453627
Validation loss decreased (0.908803 --> 0.895838).  Saving model ...
Updating learning rate to 8.318137880466269e-05
	iters: 100, epoch: 30 | loss: 0.4356668
	speed: 0.1193s/iter; left time: 2224.3801s
	iters: 200, epoch: 30 | loss: 0.4295157
	speed: 0.0498s/iter; left time: 923.6972s
Epoch: 30 cost time: 13.160346984863281
Epoch: 30, Steps: 264 | Train Loss: 0.4535188 Vali Loss: 0.8817269 Test Loss: 0.5353882
Validation loss decreased (0.895838 --> 0.881727).  Saving model ...
Updating learning rate to 8.594869846499432e-05
	iters: 100, epoch: 31 | loss: 0.4687092
	speed: 0.1211s/iter; left time: 2226.3010s
	iters: 200, epoch: 31 | loss: 0.4518429
	speed: 0.0498s/iter; left time: 909.9048s
Epoch: 31 cost time: 13.153650760650635
Epoch: 31, Steps: 264 | Train Loss: 0.4474241 Vali Loss: 0.8680621 Test Loss: 0.5251846
Validation loss decreased (0.881727 --> 0.868062).  Saving model ...
Updating learning rate to 8.85066734838546e-05
	iters: 100, epoch: 32 | loss: 0.3847069
	speed: 0.1184s/iter; left time: 2144.4348s
	iters: 200, epoch: 32 | loss: 0.4283265
	speed: 0.0498s/iter; left time: 897.8859s
Epoch: 32 cost time: 13.162262201309204
Epoch: 32, Steps: 264 | Train Loss: 0.4412473 Vali Loss: 0.8530958 Test Loss: 0.5147570
Validation loss decreased (0.868062 --> 0.853096).  Saving model ...
Updating learning rate to 9.083953010886336e-05
	iters: 100, epoch: 33 | loss: 0.4448954
	speed: 0.1193s/iter; left time: 2129.0294s
	iters: 200, epoch: 33 | loss: 0.4757905
	speed: 0.0494s/iter; left time: 877.4191s
Epoch: 33 cost time: 13.095524787902832
Epoch: 33, Steps: 264 | Train Loss: 0.4348784 Vali Loss: 0.8365190 Test Loss: 0.5041655
Validation loss decreased (0.853096 --> 0.836519).  Saving model ...
Updating learning rate to 9.29328827801656e-05
	iters: 100, epoch: 34 | loss: 0.4006072
	speed: 0.1179s/iter; left time: 2072.9747s
	iters: 200, epoch: 34 | loss: 0.4696207
	speed: 0.0494s/iter; left time: 864.5764s
Epoch: 34 cost time: 13.061062335968018
Epoch: 34, Steps: 264 | Train Loss: 0.4285121 Vali Loss: 0.8226626 Test Loss: 0.4936230
Validation loss decreased (0.836519 --> 0.822663).  Saving model ...
Updating learning rate to 9.477382283898318e-05
	iters: 100, epoch: 35 | loss: 0.4159103
	speed: 0.1181s/iter; left time: 2045.2292s
	iters: 200, epoch: 35 | loss: 0.4242972
	speed: 0.0495s/iter; left time: 852.0172s
Epoch: 35 cost time: 13.075006008148193
Epoch: 35, Steps: 264 | Train Loss: 0.4221610 Vali Loss: 0.8055210 Test Loss: 0.4829405
Validation loss decreased (0.822663 --> 0.805521).  Saving model ...
Updating learning rate to 9.635099812885627e-05
	iters: 100, epoch: 36 | loss: 0.4421623
	speed: 0.1195s/iter; left time: 2038.2795s
	iters: 200, epoch: 36 | loss: 0.4211949
	speed: 0.0494s/iter; left time: 838.1957s
Epoch: 36 cost time: 13.065159559249878
Epoch: 36, Steps: 264 | Train Loss: 0.4157169 Vali Loss: 0.7913159 Test Loss: 0.4725513
Validation loss decreased (0.805521 --> 0.791316).  Saving model ...
Updating learning rate to 9.765468299871352e-05
	iters: 100, epoch: 37 | loss: 0.4101774
	speed: 0.1179s/iter; left time: 1980.0735s
	iters: 200, epoch: 37 | loss: 0.3712898
	speed: 0.0494s/iter; left time: 825.4908s
Epoch: 37 cost time: 13.071955919265747
Epoch: 37, Steps: 264 | Train Loss: 0.4092623 Vali Loss: 0.7762449 Test Loss: 0.4623809
Validation loss decreased (0.791316 --> 0.776245).  Saving model ...
Updating learning rate to 9.86768382760973e-05
	iters: 100, epoch: 38 | loss: 0.3702819
	speed: 0.1188s/iter; left time: 1964.2361s
	iters: 200, epoch: 38 | loss: 0.4217823
	speed: 0.0498s/iter; left time: 818.2711s
Epoch: 38 cost time: 13.13716197013855
Epoch: 38, Steps: 264 | Train Loss: 0.4030699 Vali Loss: 0.7614052 Test Loss: 0.4524817
Validation loss decreased (0.776245 --> 0.761405).  Saving model ...
Updating learning rate to 9.941116084071886e-05
	iters: 100, epoch: 39 | loss: 0.3975939
	speed: 0.1184s/iter; left time: 1926.8648s
	iters: 200, epoch: 39 | loss: 0.4145684
	speed: 0.0498s/iter; left time: 805.1864s
Epoch: 39 cost time: 13.156203746795654
Epoch: 39, Steps: 264 | Train Loss: 0.3971881 Vali Loss: 0.7489644 Test Loss: 0.4433565
Validation loss decreased (0.761405 --> 0.748964).  Saving model ...
Updating learning rate to 9.985312249264813e-05
	iters: 100, epoch: 40 | loss: 0.3575866
	speed: 0.1202s/iter; left time: 1923.8118s
	iters: 200, epoch: 40 | loss: 0.3803621
	speed: 0.0499s/iter; left time: 793.3258s
Epoch: 40 cost time: 13.166189193725586
Epoch: 40, Steps: 264 | Train Loss: 0.3914925 Vali Loss: 0.7346759 Test Loss: 0.4343590
Validation loss decreased (0.748964 --> 0.734676).  Saving model ...
Updating learning rate to 9.999999901660576e-05
	iters: 100, epoch: 41 | loss: 0.3997941
	speed: 0.1192s/iter; left time: 1876.8159s
	iters: 200, epoch: 41 | loss: 0.4178069
	speed: 0.0498s/iter; left time: 779.3668s
Epoch: 41 cost time: 13.167033910751343
Epoch: 41, Steps: 264 | Train Loss: 0.3860484 Vali Loss: 0.7227756 Test Loss: 0.4261259
Validation loss decreased (0.734676 --> 0.722776).  Saving model ...
Updating learning rate to 9.99309570348355e-05
	iters: 100, epoch: 42 | loss: 0.3837263
	speed: 0.1190s/iter; left time: 1842.1205s
	iters: 200, epoch: 42 | loss: 0.3794976
	speed: 0.0498s/iter; left time: 765.6208s
Epoch: 42 cost time: 13.15893268585205
Epoch: 42, Steps: 264 | Train Loss: 0.3807713 Vali Loss: 0.7109226 Test Loss: 0.4186983
Validation loss decreased (0.722776 --> 0.710923).  Saving model ...
Updating learning rate to 9.972505831867712e-05
	iters: 100, epoch: 43 | loss: 0.3475507
	speed: 0.1191s/iter; left time: 1812.1805s
	iters: 200, epoch: 43 | loss: 0.3305546
	speed: 0.0498s/iter; left time: 752.9681s
Epoch: 43 cost time: 13.165560007095337
Epoch: 43, Steps: 264 | Train Loss: 0.3759758 Vali Loss: 0.7014124 Test Loss: 0.4111935
Validation loss decreased (0.710923 --> 0.701412).  Saving model ...
Updating learning rate to 9.938286722219978e-05
	iters: 100, epoch: 44 | loss: 0.3680440
	speed: 0.1194s/iter; left time: 1784.2726s
	iters: 200, epoch: 44 | loss: 0.3716389
	speed: 0.0499s/iter; left time: 740.8059s
Epoch: 44 cost time: 13.179617404937744
Epoch: 44, Steps: 264 | Train Loss: 0.3714617 Vali Loss: 0.6903527 Test Loss: 0.4049141
Validation loss decreased (0.701412 --> 0.690353).  Saving model ...
Updating learning rate to 9.890532166741349e-05
	iters: 100, epoch: 45 | loss: 0.3581357
	speed: 0.1184s/iter; left time: 1738.0391s
	iters: 200, epoch: 45 | loss: 0.3649852
	speed: 0.0499s/iter; left time: 728.3965s
Epoch: 45 cost time: 13.199916362762451
Epoch: 45, Steps: 264 | Train Loss: 0.3674497 Vali Loss: 0.6821278 Test Loss: 0.3993331
Validation loss decreased (0.690353 --> 0.682128).  Saving model ...
Updating learning rate to 9.829373057349015e-05
	iters: 100, epoch: 46 | loss: 0.3437874
	speed: 0.1190s/iter; left time: 1715.5746s
	iters: 200, epoch: 46 | loss: 0.3476779
	speed: 0.0499s/iter; left time: 714.4797s
Epoch: 46 cost time: 13.177751302719116
Epoch: 46, Steps: 264 | Train Loss: 0.3635001 Vali Loss: 0.6742650 Test Loss: 0.3939772
Validation loss decreased (0.682128 --> 0.674265).  Saving model ...
Updating learning rate to 9.754977026910703e-05
	iters: 100, epoch: 47 | loss: 0.3807173
	speed: 0.1213s/iter; left time: 1716.9414s
	iters: 200, epoch: 47 | loss: 0.4022824
	speed: 0.0499s/iter; left time: 701.4226s
Epoch: 47 cost time: 13.17950963973999
Epoch: 47, Steps: 264 | Train Loss: 0.3599970 Vali Loss: 0.6668279 Test Loss: 0.3896474
Validation loss decreased (0.674265 --> 0.666828).  Saving model ...
Updating learning rate to 9.66754798977464e-05
	iters: 100, epoch: 48 | loss: 0.3564270
	speed: 0.1190s/iter; left time: 1653.3551s
	iters: 200, epoch: 48 | loss: 0.3505769
	speed: 0.0500s/iter; left time: 688.9655s
Epoch: 48 cost time: 13.193711042404175
Epoch: 48, Steps: 264 | Train Loss: 0.3567558 Vali Loss: 0.6610993 Test Loss: 0.3856288
Validation loss decreased (0.666828 --> 0.661099).  Saving model ...
Updating learning rate to 9.567325582854496e-05
	iters: 100, epoch: 49 | loss: 0.3488942
	speed: 0.1192s/iter; left time: 1624.2875s
	iters: 200, epoch: 49 | loss: 0.3564040
	speed: 0.0499s/iter; left time: 674.4619s
Epoch: 49 cost time: 13.17853832244873
Epoch: 49, Steps: 264 | Train Loss: 0.3540521 Vali Loss: 0.6554119 Test Loss: 0.3825370
Validation loss decreased (0.661099 --> 0.655412).  Saving model ...
Updating learning rate to 9.454584508801265e-05
	iters: 100, epoch: 50 | loss: 0.3350426
	speed: 0.1181s/iter; left time: 1578.4480s
	iters: 200, epoch: 50 | loss: 0.3422037
	speed: 0.0499s/iter; left time: 661.7675s
Epoch: 50 cost time: 13.178587675094604
Epoch: 50, Steps: 264 | Train Loss: 0.3514386 Vali Loss: 0.6516888 Test Loss: 0.3788709
Validation loss decreased (0.655412 --> 0.651689).  Saving model ...
Updating learning rate to 9.329633783062396e-05
	iters: 100, epoch: 51 | loss: 0.3407493
	speed: 0.1189s/iter; left time: 1557.9079s
	iters: 200, epoch: 51 | loss: 0.3358276
	speed: 0.0502s/iter; left time: 652.2144s
Epoch: 51 cost time: 13.21233582496643
Epoch: 51, Steps: 264 | Train Loss: 0.3491879 Vali Loss: 0.6471618 Test Loss: 0.3766798
Validation loss decreased (0.651689 --> 0.647162).  Saving model ...
Updating learning rate to 9.192815886891915e-05
	iters: 100, epoch: 52 | loss: 0.3414167
	speed: 0.1183s/iter; left time: 1518.5524s
	iters: 200, epoch: 52 | loss: 0.3672594
	speed: 0.0497s/iter; left time: 632.4638s
Epoch: 52 cost time: 13.121934413909912
Epoch: 52, Steps: 264 | Train Loss: 0.3473363 Vali Loss: 0.6445867 Test Loss: 0.3749097
Validation loss decreased (0.647162 --> 0.644587).  Saving model ...
Updating learning rate to 9.044505828633132e-05
	iters: 100, epoch: 53 | loss: 0.3655378
	speed: 0.1187s/iter; left time: 1492.5800s
	iters: 200, epoch: 53 | loss: 0.3602812
	speed: 0.0497s/iter; left time: 619.3035s
Epoch: 53 cost time: 13.125980854034424
Epoch: 53, Steps: 264 | Train Loss: 0.3455886 Vali Loss: 0.6431741 Test Loss: 0.3736323
Validation loss decreased (0.644587 --> 0.643174).  Saving model ...
Updating learning rate to 8.88511011584683e-05
	iters: 100, epoch: 54 | loss: 0.3230094
	speed: 0.1182s/iter; left time: 1455.0878s
	iters: 200, epoch: 54 | loss: 0.3242022
	speed: 0.0496s/iter; left time: 606.1352s
Epoch: 54 cost time: 13.11813497543335
Epoch: 54, Steps: 264 | Train Loss: 0.3440108 Vali Loss: 0.6402939 Test Loss: 0.3725175
Validation loss decreased (0.643174 --> 0.640294).  Saving model ...
Updating learning rate to 8.715065641102294e-05
	iters: 100, epoch: 55 | loss: 0.3594596
	speed: 0.1215s/iter; left time: 1463.6382s
	iters: 200, epoch: 55 | loss: 0.3260340
	speed: 0.0497s/iter; left time: 593.2540s
Epoch: 55 cost time: 13.129817962646484
Epoch: 55, Steps: 264 | Train Loss: 0.3428542 Vali Loss: 0.6391326 Test Loss: 0.3713024
Validation loss decreased (0.640294 --> 0.639133).  Saving model ...
Updating learning rate to 8.534838484485153e-05
	iters: 100, epoch: 56 | loss: 0.3693400
	speed: 0.1203s/iter; left time: 1417.2018s
	iters: 200, epoch: 56 | loss: 0.3477631
	speed: 0.0496s/iter; left time: 579.5227s
Epoch: 56 cost time: 13.107696294784546
Epoch: 56, Steps: 264 | Train Loss: 0.3416916 Vali Loss: 0.6378365 Test Loss: 0.3706434
Validation loss decreased (0.639133 --> 0.637836).  Saving model ...
Updating learning rate to 8.344922636104257e-05
	iters: 100, epoch: 57 | loss: 0.3691782
	speed: 0.1186s/iter; left time: 1365.9482s
	iters: 200, epoch: 57 | loss: 0.3499936
	speed: 0.0496s/iter; left time: 566.4925s
Epoch: 57 cost time: 13.120535135269165
Epoch: 57, Steps: 264 | Train Loss: 0.3406268 Vali Loss: 0.6370267 Test Loss: 0.3699550
Validation loss decreased (0.637836 --> 0.637027).  Saving model ...
Updating learning rate to 8.145838642099132e-05
	iters: 100, epoch: 58 | loss: 0.3242812
	speed: 0.1230s/iter; left time: 1383.9295s
	iters: 200, epoch: 58 | loss: 0.3460592
	speed: 0.0496s/iter; left time: 553.2897s
Epoch: 58 cost time: 13.108303785324097
Epoch: 58, Steps: 264 | Train Loss: 0.3395128 Vali Loss: 0.6367689 Test Loss: 0.3689627
Validation loss decreased (0.637027 --> 0.636769).  Saving model ...
Updating learning rate to 7.938132177859184e-05
	iters: 100, epoch: 59 | loss: 0.3726637
	speed: 0.1188s/iter; left time: 1305.7118s
	iters: 200, epoch: 59 | loss: 0.3600127
	speed: 0.0496s/iter; left time: 540.4760s
Epoch: 59 cost time: 13.119436264038086
Epoch: 59, Steps: 264 | Train Loss: 0.3387487 Vali Loss: 0.6367449 Test Loss: 0.3685817
Validation loss decreased (0.636769 --> 0.636745).  Saving model ...
Updating learning rate to 7.7223725523654e-05
	iters: 100, epoch: 60 | loss: 0.3208594
	speed: 0.1194s/iter; left time: 1280.3439s
	iters: 200, epoch: 60 | loss: 0.3287407
	speed: 0.0497s/iter; left time: 528.0296s
Epoch: 60 cost time: 13.129056692123413
Epoch: 60, Steps: 264 | Train Loss: 0.3378453 Vali Loss: 0.6349456 Test Loss: 0.3679611
Validation loss decreased (0.636745 --> 0.634946).  Saving model ...
Updating learning rate to 7.499151147753989e-05
	iters: 100, epoch: 61 | loss: 0.3326114
	speed: 0.1185s/iter; left time: 1239.9835s
	iters: 200, epoch: 61 | loss: 0.3477097
	speed: 0.0496s/iter; left time: 514.3188s
Epoch: 61 cost time: 13.114517450332642
Epoch: 61, Steps: 264 | Train Loss: 0.3370878 Vali Loss: 0.6351148 Test Loss: 0.3677484
EarlyStopping counter: 1 out of 20
Updating learning rate to 7.269079798379057e-05
	iters: 100, epoch: 62 | loss: 0.3340625
	speed: 0.1171s/iter; left time: 1194.1554s
	iters: 200, epoch: 62 | loss: 0.3327477
	speed: 0.0497s/iter; left time: 501.4568s
Epoch: 62 cost time: 13.103503227233887
Epoch: 62, Steps: 264 | Train Loss: 0.3363064 Vali Loss: 0.6343137 Test Loss: 0.3675759
Validation loss decreased (0.634946 --> 0.634314).  Saving model ...
Updating learning rate to 7.032789113817185e-05
	iters: 100, epoch: 63 | loss: 0.3295084
	speed: 0.1180s/iter; left time: 1172.4117s
	iters: 200, epoch: 63 | loss: 0.3413830
	speed: 0.0498s/iter; left time: 489.9886s
Epoch: 63 cost time: 13.160977602005005
Epoch: 63, Steps: 264 | Train Loss: 0.3356659 Vali Loss: 0.6344655 Test Loss: 0.3676156
EarlyStopping counter: 1 out of 20
Updating learning rate to 6.790926750410386e-05
	iters: 100, epoch: 64 | loss: 0.3079905
	speed: 0.1178s/iter; left time: 1139.0125s
	iters: 200, epoch: 64 | loss: 0.3206412
	speed: 0.0499s/iter; left time: 477.8146s
Epoch: 64 cost time: 13.187325954437256
Epoch: 64, Steps: 264 | Train Loss: 0.3347952 Vali Loss: 0.6351135 Test Loss: 0.3674716
EarlyStopping counter: 2 out of 20
Updating learning rate to 6.544155636085115e-05
	iters: 100, epoch: 65 | loss: 0.3213427
	speed: 0.1174s/iter; left time: 1104.2263s
	iters: 200, epoch: 65 | loss: 0.3521502
	speed: 0.0500s/iter; left time: 465.1040s
Epoch: 65 cost time: 13.192349433898926
Epoch: 65, Steps: 264 | Train Loss: 0.3343118 Vali Loss: 0.6344540 Test Loss: 0.3670265
EarlyStopping counter: 3 out of 20
Updating learning rate to 6.293152153312886e-05
	iters: 100, epoch: 66 | loss: 0.3286305
	speed: 0.1175s/iter; left time: 1073.6493s
	iters: 200, epoch: 66 | loss: 0.3250133
	speed: 0.0501s/iter; left time: 452.5190s
Epoch: 66 cost time: 13.198492527008057
Epoch: 66, Steps: 264 | Train Loss: 0.3336879 Vali Loss: 0.6347895 Test Loss: 0.3665822
EarlyStopping counter: 4 out of 20
Updating learning rate to 6.03860428519294e-05
	iters: 100, epoch: 67 | loss: 0.3129560
	speed: 0.1176s/iter; left time: 1043.7821s
	iters: 200, epoch: 67 | loss: 0.3225023
	speed: 0.0499s/iter; left time: 438.1420s
Epoch: 67 cost time: 13.177423000335693
Epoch: 67, Steps: 264 | Train Loss: 0.3329386 Vali Loss: 0.6337166 Test Loss: 0.3667084
Validation loss decreased (0.634314 --> 0.633717).  Saving model ...
Updating learning rate to 5.781209729738391e-05
	iters: 100, epoch: 68 | loss: 0.3659587
	speed: 0.1187s/iter; left time: 1021.9900s
	iters: 200, epoch: 68 | loss: 0.3582376
	speed: 0.0499s/iter; left time: 425.1295s
Epoch: 68 cost time: 13.197988271713257
Epoch: 68, Steps: 264 | Train Loss: 0.3324471 Vali Loss: 0.6337089 Test Loss: 0.3666585
Validation loss decreased (0.633717 --> 0.633709).  Saving model ...
Updating learning rate to 5.52167398753446e-05
	iters: 100, epoch: 69 | loss: 0.3258089
	speed: 0.1191s/iter; left time: 994.2400s
	iters: 200, epoch: 69 | loss: 0.3379724
	speed: 0.0501s/iter; left time: 412.8933s
Epoch: 69 cost time: 13.225996255874634
Epoch: 69, Steps: 264 | Train Loss: 0.3319137 Vali Loss: 0.6336786 Test Loss: 0.3669324
Validation loss decreased (0.633709 --> 0.633679).  Saving model ...
Updating learning rate to 5.260708428010421e-05
	iters: 100, epoch: 70 | loss: 0.3356804
	speed: 0.1195s/iter; left time: 965.9847s
	iters: 200, epoch: 70 | loss: 0.3303773
	speed: 0.0500s/iter; left time: 398.8602s
Epoch: 70 cost time: 13.200437068939209
Epoch: 70, Steps: 264 | Train Loss: 0.3313649 Vali Loss: 0.6347883 Test Loss: 0.3664498
EarlyStopping counter: 1 out of 20
Updating learning rate to 4.9990283396254354e-05
	iters: 100, epoch: 71 | loss: 0.3457246
	speed: 0.1174s/iter; left time: 918.0375s
	iters: 200, epoch: 71 | loss: 0.3385804
	speed: 0.0499s/iter; left time: 385.6193s
Epoch: 71 cost time: 13.18453311920166
Epoch: 71, Steps: 264 | Train Loss: 0.3308677 Vali Loss: 0.6338893 Test Loss: 0.3661469
EarlyStopping counter: 2 out of 20
Updating learning rate to 4.737350969312607e-05
	iters: 100, epoch: 72 | loss: 0.3537554
	speed: 0.1183s/iter; left time: 893.8241s
	iters: 200, epoch: 72 | loss: 0.3109321
	speed: 0.0499s/iter; left time: 372.4303s
Epoch: 72 cost time: 13.194215774536133
Epoch: 72, Steps: 264 | Train Loss: 0.3303419 Vali Loss: 0.6337397 Test Loss: 0.3661113
EarlyStopping counter: 3 out of 20
Updating learning rate to 4.476393556554994e-05
	iters: 100, epoch: 73 | loss: 0.2944222
	speed: 0.1174s/iter; left time: 856.3321s
	iters: 200, epoch: 73 | loss: 0.3361442
	speed: 0.0499s/iter; left time: 359.2102s
Epoch: 73 cost time: 13.187872171401978
Epoch: 73, Steps: 264 | Train Loss: 0.3300098 Vali Loss: 0.6338883 Test Loss: 0.3663366
EarlyStopping counter: 4 out of 20
Updating learning rate to 4.216871367482033e-05
	iters: 100, epoch: 74 | loss: 0.3140484
	speed: 0.1174s/iter; left time: 825.1922s
	iters: 200, epoch: 74 | loss: 0.3537339
	speed: 0.0499s/iter; left time: 346.0605s
Epoch: 74 cost time: 13.19790530204773
Epoch: 74, Steps: 264 | Train Loss: 0.3297300 Vali Loss: 0.6338395 Test Loss: 0.3661875
EarlyStopping counter: 5 out of 20
Updating learning rate to 3.9594957343748134e-05
	iters: 100, epoch: 75 | loss: 0.3208810
	speed: 0.1180s/iter; left time: 798.2942s
	iters: 200, epoch: 75 | loss: 0.3100153
	speed: 0.0499s/iter; left time: 332.7809s
Epoch: 75 cost time: 13.168741703033447
Epoch: 75, Steps: 264 | Train Loss: 0.3292801 Vali Loss: 0.6338601 Test Loss: 0.3662082
EarlyStopping counter: 6 out of 20
Updating learning rate to 3.704972105953714e-05
	iters: 100, epoch: 76 | loss: 0.3528025
	speed: 0.1172s/iter; left time: 761.6766s
	iters: 200, epoch: 76 | loss: 0.3390108
	speed: 0.0496s/iter; left time: 317.3946s
Epoch: 76 cost time: 13.099594354629517
Epoch: 76, Steps: 264 | Train Loss: 0.3290756 Vali Loss: 0.6340076 Test Loss: 0.3661521
EarlyStopping counter: 7 out of 20
Updating learning rate to 3.453998113792522e-05
	iters: 100, epoch: 77 | loss: 0.3330795
	speed: 0.1168s/iter; left time: 728.7601s
	iters: 200, epoch: 77 | loss: 0.3086764
	speed: 0.0497s/iter; left time: 304.8911s
Epoch: 77 cost time: 13.112627983093262
Epoch: 77, Steps: 264 | Train Loss: 0.3286183 Vali Loss: 0.6339275 Test Loss: 0.3662325
EarlyStopping counter: 8 out of 20
Updating learning rate to 3.2072616601587606e-05
	iters: 100, epoch: 78 | loss: 0.3496175
	speed: 0.1169s/iter; left time: 698.3642s
	iters: 200, epoch: 78 | loss: 0.3514726
	speed: 0.0496s/iter; left time: 291.3042s
Epoch: 78 cost time: 13.094096899032593
Epoch: 78, Steps: 264 | Train Loss: 0.3283994 Vali Loss: 0.6333598 Test Loss: 0.3662741
Validation loss decreased (0.633679 --> 0.633360).  Saving model ...
Updating learning rate to 2.9654390325214005e-05
	iters: 100, epoch: 79 | loss: 0.3005543
	speed: 0.1183s/iter; left time: 675.4968s
	iters: 200, epoch: 79 | loss: 0.3205189
	speed: 0.0496s/iter; left time: 278.0623s
Epoch: 79 cost time: 13.105175971984863
Epoch: 79, Steps: 264 | Train Loss: 0.3279041 Vali Loss: 0.6334739 Test Loss: 0.3663619
EarlyStopping counter: 1 out of 20
Updating learning rate to 2.729193049893908e-05
	iters: 100, epoch: 80 | loss: 0.3075223
	speed: 0.1168s/iter; left time: 636.2342s
	iters: 200, epoch: 80 | loss: 0.3428112
	speed: 0.0497s/iter; left time: 265.6971s
Epoch: 80 cost time: 13.127518653869629
Epoch: 80, Steps: 264 | Train Loss: 0.3276944 Vali Loss: 0.6341364 Test Loss: 0.3662132
EarlyStopping counter: 2 out of 20
Updating learning rate to 2.4991712460934126e-05
	iters: 100, epoch: 81 | loss: 0.3185652
	speed: 0.1176s/iter; left time: 609.3616s
	iters: 200, epoch: 81 | loss: 0.3072231
	speed: 0.0499s/iter; left time: 253.5613s
Epoch: 81 cost time: 13.173389196395874
Epoch: 81, Steps: 264 | Train Loss: 0.3274505 Vali Loss: 0.6341514 Test Loss: 0.3662398
EarlyStopping counter: 3 out of 20
Updating learning rate to 2.2760040948955092e-05
	iters: 100, epoch: 82 | loss: 0.3588433
	speed: 0.1173s/iter; left time: 576.6569s
	iters: 200, epoch: 82 | loss: 0.3266506
	speed: 0.0499s/iter; left time: 240.2835s
Epoch: 82 cost time: 13.169978857040405
Epoch: 82, Steps: 264 | Train Loss: 0.3271868 Vali Loss: 0.6344116 Test Loss: 0.3662861
EarlyStopping counter: 4 out of 20
Updating learning rate to 2.060303281949472e-05
	iters: 100, epoch: 83 | loss: 0.3183397
	speed: 0.1175s/iter; left time: 546.8596s
	iters: 200, epoch: 83 | loss: 0.3293172
	speed: 0.0500s/iter; left time: 227.6064s
Epoch: 83 cost time: 13.204741477966309
Epoch: 83, Steps: 264 | Train Loss: 0.3271816 Vali Loss: 0.6340748 Test Loss: 0.3663833
EarlyStopping counter: 5 out of 20
Updating learning rate to 1.8526600281904088e-05
	iters: 100, epoch: 84 | loss: 0.3354414
	speed: 0.1177s/iter; left time: 516.7775s
	iters: 200, epoch: 84 | loss: 0.3061362
	speed: 0.0499s/iter; left time: 214.1080s
Epoch: 84 cost time: 13.17684292793274
Epoch: 84, Steps: 264 | Train Loss: 0.3269149 Vali Loss: 0.6344719 Test Loss: 0.3660758
EarlyStopping counter: 6 out of 20
Updating learning rate to 1.653643469343765e-05
	iters: 100, epoch: 85 | loss: 0.3320938
	speed: 0.1174s/iter; left time: 484.4127s
	iters: 200, epoch: 85 | loss: 0.3724370
	speed: 0.0499s/iter; left time: 200.8745s
Epoch: 85 cost time: 13.174246311187744
Epoch: 85, Steps: 264 | Train Loss: 0.3266713 Vali Loss: 0.6339170 Test Loss: 0.3663072
EarlyStopping counter: 7 out of 20
Updating learning rate to 1.4637990959638704e-05
	iters: 100, epoch: 86 | loss: 0.3086005
	speed: 0.1181s/iter; left time: 456.0254s
	iters: 200, epoch: 86 | loss: 0.3168194
	speed: 0.0499s/iter; left time: 187.7059s
Epoch: 86 cost time: 13.187880754470825
Epoch: 86, Steps: 264 | Train Loss: 0.3267781 Vali Loss: 0.6339332 Test Loss: 0.3660360
EarlyStopping counter: 8 out of 20
Updating learning rate to 1.2836472582822378e-05
	iters: 100, epoch: 87 | loss: 0.3074797
	speed: 0.1175s/iter; left time: 422.5461s
	iters: 200, epoch: 87 | loss: 0.3293403
	speed: 0.0499s/iter; left time: 174.6012s
Epoch: 87 cost time: 13.179407835006714
Epoch: 87, Steps: 264 | Train Loss: 0.3263448 Vali Loss: 0.6335604 Test Loss: 0.3661090
EarlyStopping counter: 9 out of 20
Updating learning rate to 1.1136817399637517e-05
	iters: 100, epoch: 88 | loss: 0.3482668
	speed: 0.1174s/iter; left time: 391.4449s
	iters: 200, epoch: 88 | loss: 0.3515063
	speed: 0.0499s/iter; left time: 161.3604s
Epoch: 88 cost time: 13.183198928833008
Epoch: 88, Steps: 264 | Train Loss: 0.3263541 Vali Loss: 0.6334311 Test Loss: 0.3664634
EarlyStopping counter: 10 out of 20
Updating learning rate to 9.543684046799632e-06
	iters: 100, epoch: 89 | loss: 0.3193565
	speed: 0.1182s/iter; left time: 362.8309s
	iters: 200, epoch: 89 | loss: 0.3262388
	speed: 0.0499s/iter; left time: 148.1474s
Epoch: 89 cost time: 13.17608380317688
Epoch: 89, Steps: 264 | Train Loss: 0.3262785 Vali Loss: 0.6338221 Test Loss: 0.3660064
EarlyStopping counter: 11 out of 20
Updating learning rate to 8.061439192091535e-06
	iters: 100, epoch: 90 | loss: 0.3520203
	speed: 0.1175s/iter; left time: 329.5054s
	iters: 200, epoch: 90 | loss: 0.3404109
	speed: 0.0499s/iter; left time: 135.0066s
Epoch: 90 cost time: 13.175032615661621
Epoch: 90, Steps: 264 | Train Loss: 0.3261532 Vali Loss: 0.6340322 Test Loss: 0.3663047
EarlyStopping counter: 12 out of 20
Updating learning rate to 6.694145565630398e-06
	iters: 100, epoch: 91 | loss: 0.3200146
	speed: 0.1177s/iter; left time: 298.9823s
	iters: 200, epoch: 91 | loss: 0.3014294
	speed: 0.0500s/iter; left time: 122.0139s
Epoch: 91 cost time: 13.189400911331177
Epoch: 91, Steps: 264 | Train Loss: 0.3261331 Vali Loss: 0.6341399 Test Loss: 0.3662539
EarlyStopping counter: 13 out of 20
Updating learning rate to 5.445550824206933e-06
	iters: 100, epoch: 92 | loss: 0.3245246
	speed: 0.1176s/iter; left time: 267.7587s
	iters: 200, epoch: 92 | loss: 0.3706432
	speed: 0.0499s/iter; left time: 108.6243s
Epoch: 92 cost time: 13.173136949539185
Epoch: 92, Steps: 264 | Train Loss: 0.3260429 Vali Loss: 0.6344430 Test Loss: 0.3661545
EarlyStopping counter: 14 out of 20
Updating learning rate to 4.319077279218611e-06
	iters: 100, epoch: 93 | loss: 0.3425960
	speed: 0.1174s/iter; left time: 236.3539s
	iters: 200, epoch: 93 | loss: 0.3406698
	speed: 0.0499s/iter; left time: 95.4190s
Epoch: 93 cost time: 13.172491550445557
Epoch: 93, Steps: 264 | Train Loss: 0.3260108 Vali Loss: 0.6342567 Test Loss: 0.3665476
EarlyStopping counter: 15 out of 20
Updating learning rate to 3.317812516352051e-06
	iters: 100, epoch: 94 | loss: 0.3257498
	speed: 0.1177s/iter; left time: 205.8131s
	iters: 200, epoch: 94 | loss: 0.3288409
	speed: 0.0501s/iter; left time: 82.5463s
Epoch: 94 cost time: 13.191809892654419
Epoch: 94, Steps: 264 | Train Loss: 0.3259631 Vali Loss: 0.6340238 Test Loss: 0.3663674
EarlyStopping counter: 16 out of 20
Updating learning rate to 2.444500932725193e-06
	iters: 100, epoch: 95 | loss: 0.3333912
	speed: 0.1174s/iter; left time: 174.3590s
	iters: 200, epoch: 95 | loss: 0.3541365
	speed: 0.0499s/iter; left time: 69.0901s
Epoch: 95 cost time: 13.1722092628479
Epoch: 95, Steps: 264 | Train Loss: 0.3260342 Vali Loss: 0.6339493 Test Loss: 0.3662616
EarlyStopping counter: 17 out of 20
Updating learning rate to 1.701536214685629e-06
	iters: 100, epoch: 96 | loss: 0.3270821
	speed: 0.1176s/iter; left time: 143.5912s
	iters: 200, epoch: 96 | loss: 0.3139020
	speed: 0.0498s/iter; left time: 55.8554s
Epoch: 96 cost time: 13.13857364654541
Epoch: 96, Steps: 264 | Train Loss: 0.3258657 Vali Loss: 0.6341196 Test Loss: 0.3662774
EarlyStopping counter: 18 out of 20
Updating learning rate to 1.0909547768826563e-06
	iters: 100, epoch: 97 | loss: 0.3166602
	speed: 0.1173s/iter; left time: 112.2312s
	iters: 200, epoch: 97 | loss: 0.3476890
	speed: 0.0500s/iter; left time: 42.8317s
Epoch: 97 cost time: 13.189671993255615
Epoch: 97, Steps: 264 | Train Loss: 0.3259320 Vali Loss: 0.6341570 Test Loss: 0.3665025
EarlyStopping counter: 19 out of 20
Updating learning rate to 6.144301805962944e-07
	iters: 100, epoch: 98 | loss: 0.3386105
	speed: 0.1174s/iter; left time: 81.3680s
	iters: 200, epoch: 98 | loss: 0.3052171
	speed: 0.0499s/iter; left time: 29.5898s
Epoch: 98 cost time: 13.180381536483765
Epoch: 98, Steps: 264 | Train Loss: 0.3258284 Vali Loss: 0.6341542 Test Loss: 0.3662665
EarlyStopping counter: 20 out of 20
Early stopping
>>>>>>>testing : CMS_ettm1_336_336_PatchTST_ETTm1_ftM_sl336_ll48_pl336_dm128_nh16_el3_dl1_df256_fc1_ebtimeF_dtTrue_Exp_0<<<<<<<<<<<<<<<<<<<<<<<<<<<<<<<<<
test 11185
mse:0.3912188410758972, mae:0.4121493995189667, rse:0.5951225161552429
Args in experiment:
Namespace(random_seed=2021, is_training=1, model_id='CMS_ettm1_336_720', model='PatchTST', data='ETTm1', root_path='./dataset/', data_path='ETTm1.csv', features='M', target='OT', freq='h', checkpoints='./checkpoints/', seq_len=336, label_len=48, pred_len=720, head_type='cms', fc_dropout=0.2, head_dropout=0.0, patch_len=16, stride=8, padding_patch='end', revin=1, affine=0, subtract_last=0, decomposition=0, kernel_size=25, individual=0, embed_type=0, enc_in=7, dec_in=7, c_out=7, d_model=128, n_heads=16, e_layers=3, d_layers=1, d_ff=256, moving_avg=25, factor=1, distil=True, dropout=0.2, embed='timeF', activation='gelu', output_attention=False, do_predict=False, num_workers=0, itr=1, train_epochs=100, batch_size=128, patience=20, learning_rate=0.0001, des='Exp', loss='mse', lradj='TST', pct_start=0.4, use_amp=False, use_gpu=True, gpu=0, use_multi_gpu=False, devices='0,1,2,3', test_flop=False)
Use GPU: cuda:0
>>>>>>>start training : CMS_ettm1_336_720_PatchTST_ETTm1_ftM_sl336_ll48_pl720_dm128_nh16_el3_dl1_df256_fc1_ebtimeF_dtTrue_Exp_0>>>>>>>>>>>>>>>>>>>>>>>>>>
train 33505
val 10801
test 10801
	iters: 100, epoch: 1 | loss: 0.6148494
	speed: 0.0890s/iter; left time: 2313.8287s
	iters: 200, epoch: 1 | loss: 0.6150265
	speed: 0.0502s/iter; left time: 1300.4978s
Epoch: 1 cost time: 13.440305948257446
Epoch: 1, Steps: 261 | Train Loss: 0.6068221 Vali Loss: 1.3871104 Test Loss: 0.7363736
Validation loss decreased (inf --> 1.387110).  Saving model ...
Updating learning rate to 4.147996316662011e-06
	iters: 100, epoch: 2 | loss: 0.6148013
	speed: 0.1221s/iter; left time: 3142.7343s
	iters: 200, epoch: 2 | loss: 0.6201819
	speed: 0.0504s/iter; left time: 1292.7478s
Epoch: 2 cost time: 13.165542602539062
Epoch: 2, Steps: 261 | Train Loss: 0.6060008 Vali Loss: 1.3867300 Test Loss: 0.7353864
Validation loss decreased (1.387110 --> 1.386730).  Saving model ...
Updating learning rate to 4.591072645408634e-06
	iters: 100, epoch: 3 | loss: 0.6000668
	speed: 0.1216s/iter; left time: 3097.2781s
	iters: 200, epoch: 3 | loss: 0.6048810
	speed: 0.0506s/iter; left time: 1284.0549s
Epoch: 3 cost time: 13.19844675064087
Epoch: 3, Steps: 261 | Train Loss: 0.6054483 Vali Loss: 1.3846495 Test Loss: 0.7342559
Validation loss decreased (1.386730 --> 1.384650).  Saving model ...
Updating learning rate to 5.326496750212602e-06
	iters: 100, epoch: 4 | loss: 0.5795863
	speed: 0.1211s/iter; left time: 3052.6997s
	iters: 200, epoch: 4 | loss: 0.6125411
	speed: 0.0504s/iter; left time: 1266.7891s
Epoch: 4 cost time: 13.178889513015747
Epoch: 4, Steps: 261 | Train Loss: 0.6046419 Vali Loss: 1.3831404 Test Loss: 0.7329667
Validation loss decreased (1.384650 --> 1.383140).  Saving model ...
Updating learning rate to 6.349733628628268e-06
	iters: 100, epoch: 5 | loss: 0.5765499
	speed: 0.1205s/iter; left time: 3007.0973s
	iters: 200, epoch: 5 | loss: 0.5690106
	speed: 0.0504s/iter; left time: 1253.3970s
Epoch: 5 cost time: 13.173418521881104
Epoch: 5, Steps: 261 | Train Loss: 0.6039227 Vali Loss: 1.3813360 Test Loss: 0.7315124
Validation loss decreased (1.383140 --> 1.381336).  Saving model ...
Updating learning rate to 7.654473476944045e-06
	iters: 100, epoch: 6 | loss: 0.5880769
	speed: 0.1215s/iter; left time: 3001.2260s
	iters: 200, epoch: 6 | loss: 0.6310280
	speed: 0.0505s/iter; left time: 1242.9476s
Epoch: 6 cost time: 13.211495637893677
Epoch: 6, Steps: 261 | Train Loss: 0.6028821 Vali Loss: 1.3804603 Test Loss: 0.7298047
Validation loss decreased (1.381336 --> 1.380460).  Saving model ...
Updating learning rate to 9.232670599670218e-06
	iters: 100, epoch: 7 | loss: 0.6197091
	speed: 0.1204s/iter; left time: 2940.8654s
	iters: 200, epoch: 7 | loss: 0.5914979
	speed: 0.0504s/iter; left time: 1227.6546s
Epoch: 7 cost time: 13.164281368255615
Epoch: 7, Steps: 261 | Train Loss: 0.6016792 Vali Loss: 1.3771645 Test Loss: 0.7278709
Validation loss decreased (1.380460 --> 1.377164).  Saving model ...
Updating learning rate to 1.1074593023426382e-05
	iters: 100, epoch: 8 | loss: 0.6199502
	speed: 0.1206s/iter; left time: 2914.4321s
	iters: 200, epoch: 8 | loss: 0.5686251
	speed: 0.0505s/iter; left time: 1214.5686s
Epoch: 8 cost time: 13.189189672470093
Epoch: 8, Steps: 261 | Train Loss: 0.6003320 Vali Loss: 1.3747845 Test Loss: 0.7257247
Validation loss decreased (1.377164 --> 1.374784).  Saving model ...
Updating learning rate to 1.3168882509283648e-05
	iters: 100, epoch: 9 | loss: 0.5888705
	speed: 0.1234s/iter; left time: 2950.0723s
	iters: 200, epoch: 9 | loss: 0.5721510
	speed: 0.0504s/iter; left time: 1201.0170s
Epoch: 9 cost time: 13.189130783081055
Epoch: 9, Steps: 261 | Train Loss: 0.5986785 Vali Loss: 1.3725654 Test Loss: 0.7233491
Validation loss decreased (1.374784 --> 1.372565).  Saving model ...
Updating learning rate to 1.5502624593494887e-05
	iters: 100, epoch: 10 | loss: 0.5956286
	speed: 0.1231s/iter; left time: 2910.6085s
	iters: 200, epoch: 10 | loss: 0.5976464
	speed: 0.0505s/iter; left time: 1188.5043s
Epoch: 10 cost time: 13.196359395980835
Epoch: 10, Steps: 261 | Train Loss: 0.5971222 Vali Loss: 1.3691943 Test Loss: 0.7207826
Validation loss decreased (1.372565 --> 1.369194).  Saving model ...
Updating learning rate to 1.806142822470586e-05
	iters: 100, epoch: 11 | loss: 0.5751133
	speed: 0.1224s/iter; left time: 2862.1229s
	iters: 200, epoch: 11 | loss: 0.6241487
	speed: 0.0506s/iter; left time: 1179.4080s
Epoch: 11 cost time: 13.212253332138062
Epoch: 11, Steps: 261 | Train Loss: 0.5952732 Vali Loss: 1.3656986 Test Loss: 0.7180592
Validation loss decreased (1.369194 --> 1.365699).  Saving model ...
Updating learning rate to 2.0829514506563195e-05
	iters: 100, epoch: 12 | loss: 0.5564177
	speed: 0.1212s/iter; left time: 2803.4459s
	iters: 200, epoch: 12 | loss: 0.6048883
	speed: 0.0505s/iter; left time: 1162.0312s
Epoch: 12 cost time: 13.183537483215332
Epoch: 12, Steps: 261 | Train Loss: 0.5934796 Vali Loss: 1.3622892 Test Loss: 0.7151893
Validation loss decreased (1.365699 --> 1.362289).  Saving model ...
Updating learning rate to 2.3789813998487008e-05
	iters: 100, epoch: 13 | loss: 0.5688931
	speed: 0.1211s/iter; left time: 2770.0439s
	iters: 200, epoch: 13 | loss: 0.6130779
	speed: 0.0505s/iter; left time: 1150.1498s
Epoch: 13 cost time: 13.183229923248291
Epoch: 13, Steps: 261 | Train Loss: 0.5913237 Vali Loss: 1.3579690 Test Loss: 0.7122030
Validation loss decreased (1.362289 --> 1.357969).  Saving model ...
Updating learning rate to 2.6924071974601397e-05
	iters: 100, epoch: 14 | loss: 0.6058969
	speed: 0.1214s/iter; left time: 2744.1851s
	iters: 200, epoch: 14 | loss: 0.5732676
	speed: 0.0507s/iter; left time: 1140.9125s
Epoch: 14 cost time: 13.21952772140503
Epoch: 14, Steps: 261 | Train Loss: 0.5894254 Vali Loss: 1.3536165 Test Loss: 0.7090245
Validation loss decreased (1.357969 --> 1.353616).  Saving model ...
Updating learning rate to 3.0212960991742456e-05
	iters: 100, epoch: 15 | loss: 0.5823248
	speed: 0.1216s/iter; left time: 2717.2638s
	iters: 200, epoch: 15 | loss: 0.5749274
	speed: 0.0505s/iter; left time: 1123.1457s
Epoch: 15 cost time: 13.18448257446289
Epoch: 15, Steps: 261 | Train Loss: 0.5872023 Vali Loss: 1.3503752 Test Loss: 0.7056117
Validation loss decreased (1.353616 --> 1.350375).  Saving model ...
Updating learning rate to 3.363620007239161e-05
	iters: 100, epoch: 16 | loss: 0.6319405
	speed: 0.1210s/iter; left time: 2672.2884s
	iters: 200, epoch: 16 | loss: 0.5980719
	speed: 0.0505s/iter; left time: 1111.0001s
Epoch: 16 cost time: 13.189924478530884
Epoch: 16, Steps: 261 | Train Loss: 0.5850659 Vali Loss: 1.3462851 Test Loss: 0.7019134
Validation loss decreased (1.350375 --> 1.346285).  Saving model ...
Updating learning rate to 3.717267976759092e-05
	iters: 100, epoch: 17 | loss: 0.5842030
	speed: 0.1213s/iter; left time: 2648.0203s
	iters: 200, epoch: 17 | loss: 0.5918728
	speed: 0.0505s/iter; left time: 1096.7759s
Epoch: 17 cost time: 13.197328567504883
Epoch: 17, Steps: 261 | Train Loss: 0.5826623 Vali Loss: 1.3411582 Test Loss: 0.6979269
Validation loss decreased (1.346285 --> 1.341158).  Saving model ...
Updating learning rate to 4.0800592328638756e-05
	iters: 100, epoch: 18 | loss: 0.5142143
	speed: 0.1204s/iter; left time: 2596.4165s
	iters: 200, epoch: 18 | loss: 0.6101062
	speed: 0.0502s/iter; left time: 1077.4791s
Epoch: 18 cost time: 13.115062713623047
Epoch: 18, Steps: 261 | Train Loss: 0.5801039 Vali Loss: 1.3349634 Test Loss: 0.6937152
Validation loss decreased (1.341158 --> 1.334963).  Saving model ...
Updating learning rate to 4.449756618485984e-05
	iters: 100, epoch: 19 | loss: 0.5643980
	speed: 0.1204s/iter; left time: 2564.7413s
	iters: 200, epoch: 19 | loss: 0.5715753
	speed: 0.0502s/iter; left time: 1064.1305s
Epoch: 19 cost time: 13.121750831604004
Epoch: 19, Steps: 261 | Train Loss: 0.5777680 Vali Loss: 1.3302177 Test Loss: 0.6894194
Validation loss decreased (1.334963 --> 1.330218).  Saving model ...
Updating learning rate to 4.824080389819096e-05
	iters: 100, epoch: 20 | loss: 0.5489840
	speed: 0.1205s/iter; left time: 2535.4481s
	iters: 200, epoch: 20 | loss: 0.5424710
	speed: 0.0505s/iter; left time: 1057.2245s
Epoch: 20 cost time: 13.174153327941895
Epoch: 20, Steps: 261 | Train Loss: 0.5751440 Vali Loss: 1.3242531 Test Loss: 0.6852199
Validation loss decreased (1.330218 --> 1.324253).  Saving model ...
Updating learning rate to 5.2007222743883666e-05
	iters: 100, epoch: 21 | loss: 0.5987022
	speed: 0.1208s/iter; left time: 2510.2230s
	iters: 200, epoch: 21 | loss: 0.5647497
	speed: 0.0506s/iter; left time: 1045.7353s
Epoch: 21 cost time: 13.217424631118774
Epoch: 21, Steps: 261 | Train Loss: 0.5723614 Vali Loss: 1.3185556 Test Loss: 0.6811976
Validation loss decreased (1.324253 --> 1.318556).  Saving model ...
Updating learning rate to 5.577359705043091e-05
	iters: 100, epoch: 22 | loss: 0.5724588
	speed: 0.1212s/iter; left time: 2486.9310s
	iters: 200, epoch: 22 | loss: 0.5449778
	speed: 0.0506s/iter; left time: 1033.6424s
Epoch: 22 cost time: 13.221773624420166
Epoch: 22, Steps: 261 | Train Loss: 0.5699706 Vali Loss: 1.3125770 Test Loss: 0.6773373
Validation loss decreased (1.318556 --> 1.312577).  Saving model ...
Updating learning rate to 5.951670142097692e-05
	iters: 100, epoch: 23 | loss: 0.5743281
	speed: 0.1233s/iter; left time: 2497.2024s
	iters: 200, epoch: 23 | loss: 0.5715069
	speed: 0.0505s/iter; left time: 1017.4044s
Epoch: 23 cost time: 13.186806201934814
Epoch: 23, Steps: 261 | Train Loss: 0.5673028 Vali Loss: 1.3089471 Test Loss: 0.6736019
Validation loss decreased (1.312577 --> 1.308947).  Saving model ...
Updating learning rate to 6.321345395303321e-05
	iters: 100, epoch: 24 | loss: 0.6031559
	speed: 0.1208s/iter; left time: 2415.5794s
	iters: 200, epoch: 24 | loss: 0.5641926
	speed: 0.0505s/iter; left time: 1004.7545s
Epoch: 24 cost time: 13.183359622955322
Epoch: 24, Steps: 261 | Train Loss: 0.5648298 Vali Loss: 1.3027612 Test Loss: 0.6698886
Validation loss decreased (1.308947 --> 1.302761).  Saving model ...
Updating learning rate to 6.6841058573335e-05
	iters: 100, epoch: 25 | loss: 0.5853725
	speed: 0.1211s/iter; left time: 2390.4803s
	iters: 200, epoch: 25 | loss: 0.5962434
	speed: 0.0506s/iter; left time: 993.6357s
Epoch: 25 cost time: 13.208475112915039
Epoch: 25, Steps: 261 | Train Loss: 0.5625122 Vali Loss: 1.2979441 Test Loss: 0.6660035
Validation loss decreased (1.302761 --> 1.297944).  Saving model ...
Updating learning rate to 7.037714561012768e-05
	iters: 100, epoch: 26 | loss: 0.5661672
	speed: 0.1207s/iter; left time: 2350.0363s
	iters: 200, epoch: 26 | loss: 0.5318117
	speed: 0.0505s/iter; left time: 978.4688s
Epoch: 26 cost time: 13.191661834716797
Epoch: 26, Steps: 261 | Train Loss: 0.5599126 Vali Loss: 1.2924252 Test Loss: 0.6621224
Validation loss decreased (1.297944 --> 1.292425).  Saving model ...
Updating learning rate to 7.379990973604285e-05
	iters: 100, epoch: 27 | loss: 0.5536171
	speed: 0.1210s/iter; left time: 2324.3558s
	iters: 200, epoch: 27 | loss: 0.5189824
	speed: 0.0504s/iter; left time: 963.6603s
Epoch: 27 cost time: 13.155099391937256
Epoch: 27, Steps: 261 | Train Loss: 0.5573611 Vali Loss: 1.2867591 Test Loss: 0.6579721
Validation loss decreased (1.292425 --> 1.286759).  Saving model ...
Updating learning rate to 7.708824443093723e-05
	iters: 100, epoch: 28 | loss: 0.5450745
	speed: 0.1214s/iter; left time: 2300.5982s
	iters: 200, epoch: 28 | loss: 0.5092641
	speed: 0.0502s/iter; left time: 946.2364s
Epoch: 28 cost time: 13.12757658958435
Epoch: 28, Steps: 261 | Train Loss: 0.5548138 Vali Loss: 1.2800574 Test Loss: 0.6536971
Validation loss decreased (1.286759 --> 1.280057).  Saving model ...
Updating learning rate to 8.022187213552767e-05
	iters: 100, epoch: 29 | loss: 0.5423378
	speed: 0.1211s/iter; left time: 2263.6514s
	iters: 200, epoch: 29 | loss: 0.5735809
	speed: 0.0502s/iter; left time: 932.8513s
Epoch: 29 cost time: 13.108856201171875
Epoch: 29, Steps: 261 | Train Loss: 0.5520860 Vali Loss: 1.2740526 Test Loss: 0.6492092
Validation loss decreased (1.280057 --> 1.274053).  Saving model ...
Updating learning rate to 8.318146929322795e-05
	iters: 100, epoch: 30 | loss: 0.5377579
	speed: 0.1206s/iter; left time: 2223.6197s
	iters: 200, epoch: 30 | loss: 0.4874414
	speed: 0.0505s/iter; left time: 925.2774s
Epoch: 30 cost time: 13.200370073318481
Epoch: 30, Steps: 261 | Train Loss: 0.5492385 Vali Loss: 1.2668839 Test Loss: 0.6444356
Validation loss decreased (1.274053 --> 1.266884).  Saving model ...
Updating learning rate to 8.59487855091154e-05
	iters: 100, epoch: 31 | loss: 0.5540176
	speed: 0.1211s/iter; left time: 2201.1289s
	iters: 200, epoch: 31 | loss: 0.5054965
	speed: 0.0504s/iter; left time: 911.4780s
Epoch: 31 cost time: 13.185383081436157
Epoch: 31, Steps: 261 | Train Loss: 0.5462012 Vali Loss: 1.2599796 Test Loss: 0.6394703
Validation loss decreased (1.266884 --> 1.259980).  Saving model ...
Updating learning rate to 8.850675609123214e-05
	iters: 100, epoch: 32 | loss: 0.5521326
	speed: 0.1212s/iter; left time: 2171.0273s
	iters: 200, epoch: 32 | loss: 0.5234742
	speed: 0.0504s/iter; left time: 897.5572s
Epoch: 32 cost time: 13.171642303466797
Epoch: 32, Steps: 261 | Train Loss: 0.5431531 Vali Loss: 1.2529186 Test Loss: 0.6342590
Validation loss decreased (1.259980 --> 1.252919).  Saving model ...
Updating learning rate to 9.083960728023302e-05
	iters: 100, epoch: 33 | loss: 0.5022273
	speed: 0.1208s/iter; left time: 2132.4320s
	iters: 200, epoch: 33 | loss: 0.5530347
	speed: 0.0507s/iter; left time: 889.7325s
Epoch: 33 cost time: 13.193312644958496
Epoch: 33, Steps: 261 | Train Loss: 0.5398579 Vali Loss: 1.2451919 Test Loss: 0.6288320
Validation loss decreased (1.252919 --> 1.245192).  Saving model ...
Updating learning rate to 9.293295351848083e-05
	iters: 100, epoch: 34 | loss: 0.5170766
	speed: 0.1223s/iter; left time: 2125.8422s
	iters: 200, epoch: 34 | loss: 0.5205635
	speed: 0.0505s/iter; left time: 872.3116s
Epoch: 34 cost time: 13.180121898651123
Epoch: 34, Steps: 261 | Train Loss: 0.5365640 Vali Loss: 1.2363234 Test Loss: 0.6231409
Validation loss decreased (1.245192 --> 1.236323).  Saving model ...
Updating learning rate to 9.47738861587773e-05
	iters: 100, epoch: 35 | loss: 0.5059077
	speed: 0.1204s/iter; left time: 2062.6306s
	iters: 200, epoch: 35 | loss: 0.5244685
	speed: 0.0505s/iter; left time: 859.7089s
Epoch: 35 cost time: 13.176987171173096
Epoch: 35, Steps: 261 | Train Loss: 0.5331553 Vali Loss: 1.2285287 Test Loss: 0.6173398
Validation loss decreased (1.236323 --> 1.228529).  Saving model ...
Updating learning rate to 9.635105306570629e-05
	iters: 100, epoch: 36 | loss: 0.5324941
	speed: 0.1211s/iter; left time: 2043.1764s
	iters: 200, epoch: 36 | loss: 0.5161150
	speed: 0.0505s/iter; left time: 846.3747s
Epoch: 36 cost time: 13.20387601852417
Epoch: 36, Steps: 261 | Train Loss: 0.5295690 Vali Loss: 1.2195326 Test Loss: 0.6112071
Validation loss decreased (1.228529 --> 1.219533).  Saving model ...
Updating learning rate to 9.765472861872672e-05
	iters: 100, epoch: 37 | loss: 0.5460402
	speed: 0.1210s/iter; left time: 2008.8994s
	iters: 200, epoch: 37 | loss: 0.5740995
	speed: 0.0505s/iter; left time: 833.9038s
Epoch: 37 cost time: 13.183076858520508
Epoch: 37, Steps: 261 | Train Loss: 0.5259887 Vali Loss: 1.2120647 Test Loss: 0.6051142
Validation loss decreased (1.219533 --> 1.212065).  Saving model ...
Updating learning rate to 9.867687368533986e-05
	iters: 100, epoch: 38 | loss: 0.4999107
	speed: 0.1204s/iter; left time: 1968.1082s
	iters: 200, epoch: 38 | loss: 0.5101404
	speed: 0.0505s/iter; left time: 819.8382s
Epoch: 38 cost time: 13.175799369812012
Epoch: 38, Steps: 261 | Train Loss: 0.5223177 Vali Loss: 1.2025856 Test Loss: 0.5987747
Validation loss decreased (1.212065 --> 1.202586).  Saving model ...
Updating learning rate to 9.941118519450599e-05
	iters: 100, epoch: 39 | loss: 0.5193269
	speed: 0.1214s/iter; left time: 1953.2405s
	iters: 200, epoch: 39 | loss: 0.5301078
	speed: 0.0505s/iter; left time: 806.4721s
Epoch: 39 cost time: 13.186805725097656
Epoch: 39, Steps: 261 | Train Loss: 0.5183187 Vali Loss: 1.1933550 Test Loss: 0.5926660
Validation loss decreased (1.202586 --> 1.193355).  Saving model ...
Updating learning rate to 9.985313500461516e-05
	iters: 100, epoch: 40 | loss: 0.5138055
	speed: 0.1212s/iter; left time: 1917.0359s
	iters: 200, epoch: 40 | loss: 0.5220238
	speed: 0.0504s/iter; left time: 792.8353s
Epoch: 40 cost time: 13.1768958568573
Epoch: 40, Steps: 261 | Train Loss: 0.5144178 Vali Loss: 1.1834390 Test Loss: 0.5863082
Validation loss decreased (1.193355 --> 1.183439).  Saving model ...
Updating learning rate to 9.999999899386908e-05
	iters: 100, epoch: 41 | loss: 0.5424728
	speed: 0.1206s/iter; left time: 1877.1934s
	iters: 200, epoch: 41 | loss: 0.5132052
	speed: 0.0506s/iter; left time: 781.7278s
Epoch: 41 cost time: 13.191363096237183
Epoch: 41, Steps: 261 | Train Loss: 0.5104671 Vali Loss: 1.1740706 Test Loss: 0.5798227
Validation loss decreased (1.183439 --> 1.174071).  Saving model ...
Updating learning rate to 9.993095104667097e-05
	iters: 100, epoch: 42 | loss: 0.5302446
	speed: 0.1211s/iter; left time: 1853.2579s
	iters: 200, epoch: 42 | loss: 0.5190297
	speed: 0.0504s/iter; left time: 766.6510s
Epoch: 42 cost time: 13.17891240119934
Epoch: 42, Steps: 261 | Train Loss: 0.5064731 Vali Loss: 1.1655209 Test Loss: 0.5732147
Validation loss decreased (1.174071 --> 1.165521).  Saving model ...
Updating learning rate to 9.97250463814979e-05
	iters: 100, epoch: 43 | loss: 0.4840283
	speed: 0.1232s/iter; left time: 1853.3981s
	iters: 200, epoch: 43 | loss: 0.5308011
	speed: 0.0505s/iter; left time: 753.7234s
Epoch: 43 cost time: 13.178935527801514
Epoch: 43, Steps: 261 | Train Loss: 0.5026766 Vali Loss: 1.1564115 Test Loss: 0.5670315
Validation loss decreased (1.165521 --> 1.156412).  Saving model ...
Updating learning rate to 9.938284936872484e-05
	iters: 100, epoch: 44 | loss: 0.5055559
	speed: 0.1205s/iter; left time: 1781.0285s
	iters: 200, epoch: 44 | loss: 0.4810590
	speed: 0.0506s/iter; left time: 743.1755s
Epoch: 44 cost time: 13.20410704612732
Epoch: 44, Steps: 261 | Train Loss: 0.4988013 Vali Loss: 1.1472350 Test Loss: 0.5605829
Validation loss decreased (1.156412 --> 1.147235).  Saving model ...
Updating learning rate to 9.890529794657798e-05
	iters: 100, epoch: 45 | loss: 0.4886026
	speed: 0.1205s/iter; left time: 1749.2922s
	iters: 200, epoch: 45 | loss: 0.4862720
	speed: 0.0504s/iter; left time: 726.5012s
Epoch: 45 cost time: 13.171816110610962
Epoch: 45, Steps: 261 | Train Loss: 0.4948076 Vali Loss: 1.1390867 Test Loss: 0.5545683
Validation loss decreased (1.147235 --> 1.139087).  Saving model ...
Updating learning rate to 9.829370105031122e-05
	iters: 100, epoch: 46 | loss: 0.5395665
	speed: 0.1212s/iter; left time: 1727.8178s
	iters: 200, epoch: 46 | loss: 0.4700417
	speed: 0.0505s/iter; left time: 714.3271s
Epoch: 46 cost time: 13.186406373977661
Epoch: 46, Steps: 261 | Train Loss: 0.4909437 Vali Loss: 1.1301092 Test Loss: 0.5481504
Validation loss decreased (1.139087 --> 1.130109).  Saving model ...
Updating learning rate to 9.754973502450565e-05
	iters: 100, epoch: 47 | loss: 0.4810481
	speed: 0.1213s/iter; left time: 1697.9247s
	iters: 200, epoch: 47 | loss: 0.4864750
	speed: 0.0504s/iter; left time: 700.9142s
Epoch: 47 cost time: 13.19553256034851
Epoch: 47, Steps: 261 | Train Loss: 0.4869772 Vali Loss: 1.1207621 Test Loss: 0.5422400
Validation loss decreased (1.130109 --> 1.120762).  Saving model ...
Updating learning rate to 9.667543902832558e-05
	iters: 100, epoch: 48 | loss: 0.4932818
	speed: 0.1213s/iter; left time: 1666.0863s
	iters: 200, epoch: 48 | loss: 0.4702381
	speed: 0.0505s/iter; left time: 688.6933s
Epoch: 48 cost time: 13.192134857177734
Epoch: 48, Steps: 261 | Train Loss: 0.4831628 Vali Loss: 1.1115172 Test Loss: 0.5361772
Validation loss decreased (1.120762 --> 1.111517).  Saving model ...
Updating learning rate to 9.567320944632494e-05
	iters: 100, epoch: 49 | loss: 0.4611348
	speed: 0.1228s/iter; left time: 1653.8341s
	iters: 200, epoch: 49 | loss: 0.4456270
	speed: 0.0505s/iter; left time: 674.7153s
Epoch: 49 cost time: 13.195358037948608
Epoch: 49, Steps: 261 | Train Loss: 0.4794517 Vali Loss: 1.1035413 Test Loss: 0.5308346
Validation loss decreased (1.111517 --> 1.103541).  Saving model ...
Updating learning rate to 9.45457933201239e-05
	iters: 100, epoch: 50 | loss: 0.4845096
	speed: 0.1210s/iter; left time: 1599.3011s
	iters: 200, epoch: 50 | loss: 0.4877764
	speed: 0.0505s/iter; left time: 661.6101s
Epoch: 50 cost time: 13.179270029067993
Epoch: 50, Steps: 261 | Train Loss: 0.4759336 Vali Loss: 1.0953153 Test Loss: 0.5246667
Validation loss decreased (1.103541 --> 1.095315).  Saving model ...
Updating learning rate to 9.329628081895862e-05
	iters: 100, epoch: 51 | loss: 0.4591390
	speed: 0.1210s/iter; left time: 1566.4587s
	iters: 200, epoch: 51 | loss: 0.4819329
	speed: 0.0505s/iter; left time: 648.4432s
Epoch: 51 cost time: 13.173495054244995
Epoch: 51, Steps: 261 | Train Loss: 0.4722828 Vali Loss: 1.0877254 Test Loss: 0.5191970
Validation loss decreased (1.095315 --> 1.087725).  Saving model ...
Updating learning rate to 9.192809676974225e-05
	iters: 100, epoch: 52 | loss: 0.4750536
	speed: 0.1198s/iter; left time: 1520.8488s
	iters: 200, epoch: 52 | loss: 0.4826008
	speed: 0.0506s/iter; left time: 637.4643s
Epoch: 52 cost time: 13.204228162765503
Epoch: 52, Steps: 261 | Train Loss: 0.4685765 Vali Loss: 1.0809962 Test Loss: 0.5140888
Validation loss decreased (1.087725 --> 1.080996).  Saving model ...
Updating learning rate to 9.044499126985239e-05
	iters: 100, epoch: 53 | loss: 0.4618995
	speed: 0.1203s/iter; left time: 1495.7507s
	iters: 200, epoch: 53 | loss: 0.4827580
	speed: 0.0505s/iter; left time: 622.0910s
Epoch: 53 cost time: 13.185930490493774
Epoch: 53, Steps: 261 | Train Loss: 0.4651774 Vali Loss: 1.0724664 Test Loss: 0.5088800
Validation loss decreased (1.080996 --> 1.072466).  Saving model ...
Updating learning rate to 8.885102940837483e-05
	iters: 100, epoch: 54 | loss: 0.4416797
	speed: 0.1211s/iter; left time: 1473.8436s
	iters: 200, epoch: 54 | loss: 0.4461540
	speed: 0.0505s/iter; left time: 609.0907s
Epoch: 54 cost time: 13.184436559677124
Epoch: 54, Steps: 261 | Train Loss: 0.4618206 Vali Loss: 1.0660368 Test Loss: 0.5043291
Validation loss decreased (1.072466 --> 1.066037).  Saving model ...
Updating learning rate to 8.715058012397698e-05
	iters: 100, epoch: 55 | loss: 0.4283191
	speed: 0.1209s/iter; left time: 1439.9264s
	iters: 200, epoch: 55 | loss: 0.4852656
	speed: 0.0506s/iter; left time: 597.6318s
Epoch: 55 cost time: 13.210246086120605
Epoch: 55, Steps: 261 | Train Loss: 0.4585292 Vali Loss: 1.0589648 Test Loss: 0.4997329
Validation loss decreased (1.066037 --> 1.058965).  Saving model ...
Updating learning rate to 8.534830422995055e-05
	iters: 100, epoch: 56 | loss: 0.4799643
	speed: 0.1205s/iter; left time: 1402.8322s
	iters: 200, epoch: 56 | loss: 0.4407347
	speed: 0.0505s/iter; left time: 582.6221s
Epoch: 56 cost time: 13.184576034545898
Epoch: 56, Steps: 261 | Train Loss: 0.4553369 Vali Loss: 1.0528247 Test Loss: 0.4959721
Validation loss decreased (1.058965 --> 1.052825).  Saving model ...
Updating learning rate to 8.344914163924644e-05
	iters: 100, epoch: 57 | loss: 0.4432997
	speed: 0.1205s/iter; left time: 1371.5416s
	iters: 200, epoch: 57 | loss: 0.4713801
	speed: 0.0505s/iter; left time: 569.5624s
Epoch: 57 cost time: 13.1766037940979
Epoch: 57, Steps: 261 | Train Loss: 0.4523105 Vali Loss: 1.0470899 Test Loss: 0.4914014
Validation loss decreased (1.052825 --> 1.047090).  Saving model ...
Updating learning rate to 8.145829782451657e-05
	iters: 100, epoch: 58 | loss: 0.4418642
	speed: 0.1219s/iter; left time: 1355.5801s
	iters: 200, epoch: 58 | loss: 0.5030036
	speed: 0.0505s/iter; left time: 556.4424s
Epoch: 58 cost time: 13.201301336288452
Epoch: 58, Steps: 261 | Train Loss: 0.4494365 Vali Loss: 1.0412056 Test Loss: 0.4875796
Validation loss decreased (1.047090 --> 1.041206).  Saving model ...
Updating learning rate to 7.938122955027528e-05
	iters: 100, epoch: 59 | loss: 0.4578680
	speed: 0.1205s/iter; left time: 1308.7446s
	iters: 200, epoch: 59 | loss: 0.4523645
	speed: 0.0505s/iter; left time: 543.0965s
Epoch: 59 cost time: 13.181740999221802
Epoch: 59, Steps: 261 | Train Loss: 0.4467201 Vali Loss: 1.0361897 Test Loss: 0.4841799
Validation loss decreased (1.041206 --> 1.036190).  Saving model ...
Updating learning rate to 7.722362991628698e-05
	iters: 100, epoch: 60 | loss: 0.4250608
	speed: 0.1210s/iter; left time: 1282.6562s
	iters: 200, epoch: 60 | loss: 0.4335677
	speed: 0.0505s/iter; left time: 530.6745s
Epoch: 60 cost time: 13.199285745620728
Epoch: 60, Steps: 261 | Train Loss: 0.4440228 Vali Loss: 1.0292723 Test Loss: 0.4807543
Validation loss decreased (1.036190 --> 1.029272).  Saving model ...
Updating learning rate to 7.499141275317558e-05
	iters: 100, epoch: 61 | loss: 0.4241481
	speed: 0.1212s/iter; left time: 1253.1030s
	iters: 200, epoch: 61 | loss: 0.4193125
	speed: 0.0505s/iter; left time: 516.7425s
Epoch: 61 cost time: 13.17064881324768
Epoch: 61, Steps: 261 | Train Loss: 0.4413408 Vali Loss: 1.0256202 Test Loss: 0.4777238
Validation loss decreased (1.029272 --> 1.025620).  Saving model ...
Updating learning rate to 7.269069641302562e-05
	iters: 100, epoch: 62 | loss: 0.4545345
	speed: 0.1212s/iter; left time: 1221.5785s
	iters: 200, epoch: 62 | loss: 0.4597004
	speed: 0.0505s/iter; left time: 503.6941s
Epoch: 62 cost time: 13.182655811309814
Epoch: 62, Steps: 261 | Train Loss: 0.4389825 Vali Loss: 1.0227766 Test Loss: 0.4747148
Validation loss decreased (1.025620 --> 1.022777).  Saving model ...
Updating learning rate to 7.032778699940462e-05
	iters: 100, epoch: 63 | loss: 0.4361895
	speed: 0.1218s/iter; left time: 1195.8737s
	iters: 200, epoch: 63 | loss: 0.4425291
	speed: 0.0506s/iter; left time: 492.1707s
Epoch: 63 cost time: 13.207952499389648
Epoch: 63, Steps: 261 | Train Loss: 0.4367304 Vali Loss: 1.0172715 Test Loss: 0.4721389
Validation loss decreased (1.022777 --> 1.017272).  Saving model ...
Updating learning rate to 6.79091610827715e-05
	iters: 100, epoch: 64 | loss: 0.4499846
	speed: 0.1224s/iter; left time: 1169.7806s
	iters: 200, epoch: 64 | loss: 0.4425575
	speed: 0.0505s/iter; left time: 477.2495s
Epoch: 64 cost time: 13.177037000656128
Epoch: 64, Steps: 261 | Train Loss: 0.4344550 Vali Loss: 1.0140721 Test Loss: 0.4693504
Validation loss decreased (1.017272 --> 1.014072).  Saving model ...
Updating learning rate to 6.544144794864713e-05
	iters: 100, epoch: 65 | loss: 0.4336767
	speed: 0.1205s/iter; left time: 1120.6668s
	iters: 200, epoch: 65 | loss: 0.4490446
	speed: 0.0505s/iter; left time: 464.0531s
Epoch: 65 cost time: 13.184062719345093
Epoch: 65, Steps: 261 | Train Loss: 0.4325260 Vali Loss: 1.0102403 Test Loss: 0.4671301
Validation loss decreased (1.014072 --> 1.010240).  Saving model ...
Updating learning rate to 6.293141142720349e-05
	iters: 100, epoch: 66 | loss: 0.4250629
	speed: 0.1207s/iter; left time: 1090.4557s
	iters: 200, epoch: 66 | loss: 0.4326947
	speed: 0.0504s/iter; left time: 450.6744s
Epoch: 66 cost time: 13.196881532669067
Epoch: 66, Steps: 261 | Train Loss: 0.4306041 Vali Loss: 1.0052224 Test Loss: 0.4648783
Validation loss decreased (1.010240 --> 1.005222).  Saving model ...
Updating learning rate to 6.038593135407538e-05
	iters: 100, epoch: 67 | loss: 0.4325502
	speed: 0.1207s/iter; left time: 1058.7438s
	iters: 200, epoch: 67 | loss: 0.4181610
	speed: 0.0505s/iter; left time: 437.7332s
Epoch: 67 cost time: 13.17976450920105
Epoch: 67, Steps: 261 | Train Loss: 0.4287079 Vali Loss: 1.0022523 Test Loss: 0.4627702
Validation loss decreased (1.005222 --> 1.002252).  Saving model ...
Updating learning rate to 5.7811984713209085e-05
	iters: 100, epoch: 68 | loss: 0.3964151
	speed: 0.1209s/iter; left time: 1029.1878s
	iters: 200, epoch: 68 | loss: 0.4490129
	speed: 0.0505s/iter; left time: 425.1363s
Epoch: 68 cost time: 13.196062326431274
Epoch: 68, Steps: 261 | Train Loss: 0.4270851 Vali Loss: 1.0003918 Test Loss: 0.4606929
Validation loss decreased (1.002252 --> 1.000392).  Saving model ...
Updating learning rate to 5.5216626513434395e-05
	iters: 100, epoch: 69 | loss: 0.4431187
	speed: 0.1216s/iter; left time: 1003.6177s
	iters: 200, epoch: 69 | loss: 0.3867517
	speed: 0.0505s/iter; left time: 411.6368s
Epoch: 69 cost time: 13.174690961837769
Epoch: 69, Steps: 261 | Train Loss: 0.4254607 Vali Loss: 0.9982549 Test Loss: 0.4590343
Validation loss decreased (1.000392 --> 0.998255).  Saving model ...
Updating learning rate to 5.260697045117572e-05
	iters: 100, epoch: 70 | loss: 0.4152744
	speed: 0.1221s/iter; left time: 975.9351s
	iters: 200, epoch: 70 | loss: 0.4198188
	speed: 0.0504s/iter; left time: 397.8193s
Epoch: 70 cost time: 13.17282485961914
Epoch: 70, Steps: 261 | Train Loss: 0.4239358 Vali Loss: 0.9946480 Test Loss: 0.4574625
Validation loss decreased (0.998255 --> 0.994648).  Saving model ...
Updating learning rate to 4.999016941230477e-05
	iters: 100, epoch: 71 | loss: 0.3963433
	speed: 0.1205s/iter; left time: 931.8234s
	iters: 200, epoch: 71 | loss: 0.4174049
	speed: 0.0506s/iter; left time: 385.8939s
Epoch: 71 cost time: 13.207883834838867
Epoch: 71, Steps: 261 | Train Loss: 0.4225872 Vali Loss: 0.9931193 Test Loss: 0.4553291
Validation loss decreased (0.994648 --> 0.993119).  Saving model ...
Updating learning rate to 4.7373395866577476e-05
	iters: 100, epoch: 72 | loss: 0.4167794
	speed: 0.1203s/iter; left time: 898.6015s
	iters: 200, epoch: 72 | loss: 0.4333802
	speed: 0.0505s/iter; left time: 372.0821s
Epoch: 72 cost time: 13.177316904067993
Epoch: 72, Steps: 261 | Train Loss: 0.4211605 Vali Loss: 0.9898739 Test Loss: 0.4540235
Validation loss decreased (0.993119 --> 0.989874).  Saving model ...
Updating learning rate to 4.476382220839299e-05
	iters: 100, epoch: 73 | loss: 0.4229305
	speed: 0.1206s/iter; left time: 869.1317s
	iters: 200, epoch: 73 | loss: 0.3841571
	speed: 0.0504s/iter; left time: 358.2762s
Epoch: 73 cost time: 13.17528772354126
Epoch: 73, Steps: 261 | Train Loss: 0.4201312 Vali Loss: 0.9881566 Test Loss: 0.4530047
Validation loss decreased (0.989874 --> 0.988157).  Saving model ...
Updating learning rate to 4.2168601097759126e-05
	iters: 100, epoch: 74 | loss: 0.3793775
	speed: 0.1208s/iter; left time: 839.3534s
	iters: 200, epoch: 74 | loss: 0.4108506
	speed: 0.0506s/iter; left time: 346.4799s
Epoch: 74 cost time: 13.204003810882568
Epoch: 74, Steps: 261 | Train Loss: 0.4189170 Vali Loss: 0.9857389 Test Loss: 0.4520152
Validation loss decreased (0.988157 --> 0.985739).  Saving model ...
Updating learning rate to 3.959484585534855e-05
	iters: 100, epoch: 75 | loss: 0.4308173
	speed: 0.1203s/iter; left time: 804.7318s
	iters: 200, epoch: 75 | loss: 0.4294161
	speed: 0.0504s/iter; left time: 332.2013s
Epoch: 75 cost time: 13.173168897628784
Epoch: 75, Steps: 261 | Train Loss: 0.4177704 Vali Loss: 0.9846135 Test Loss: 0.4510345
Validation loss decreased (0.985739 --> 0.984614).  Saving model ...
Updating learning rate to 3.7049610965381156e-05
	iters: 100, epoch: 76 | loss: 0.4121723
	speed: 0.1233s/iter; left time: 792.2282s
	iters: 200, epoch: 76 | loss: 0.4389310
	speed: 0.0504s/iter; left time: 319.1090s
Epoch: 76 cost time: 13.175145626068115
Epoch: 76, Steps: 261 | Train Loss: 0.4167256 Vali Loss: 0.9838156 Test Loss: 0.4502338
Validation loss decreased (0.984614 --> 0.983816).  Saving model ...
Updating learning rate to 3.4539872739773254e-05
	iters: 100, epoch: 77 | loss: 0.4076889
	speed: 0.1209s/iter; left time: 745.3058s
	iters: 200, epoch: 77 | loss: 0.3868563
	speed: 0.0506s/iter; left time: 306.6032s
Epoch: 77 cost time: 13.209877252578735
Epoch: 77, Steps: 261 | Train Loss: 0.4157846 Vali Loss: 0.9832739 Test Loss: 0.4493818
Validation loss decreased (0.983816 --> 0.983274).  Saving model ...
Updating learning rate to 3.2072510196551436e-05
	iters: 100, epoch: 78 | loss: 0.4209808
	speed: 0.1207s/iter; left time: 712.8525s
	iters: 200, epoch: 78 | loss: 0.3878927
	speed: 0.0504s/iter; left time: 292.6442s
Epoch: 78 cost time: 13.169423580169678
Epoch: 78, Steps: 261 | Train Loss: 0.4151602 Vali Loss: 0.9814062 Test Loss: 0.4481420
Validation loss decreased (0.983274 --> 0.981406).  Saving model ...
Updating learning rate to 2.965428620494246e-05
	iters: 100, epoch: 79 | loss: 0.4143178
	speed: 0.1205s/iter; left time: 680.1302s
	iters: 200, epoch: 79 | loss: 0.4030890
	speed: 0.0505s/iter; left time: 279.7200s
Epoch: 79 cost time: 13.200730085372925
Epoch: 79, Steps: 261 | Train Loss: 0.4143571 Vali Loss: 0.9802610 Test Loss: 0.4475046
Validation loss decreased (0.981406 --> 0.980261).  Saving model ...
Updating learning rate to 2.72918289488186e-05
	iters: 100, epoch: 80 | loss: 0.4177268
	speed: 0.1210s/iter; left time: 651.4126s
	iters: 200, epoch: 80 | loss: 0.4265514
	speed: 0.0504s/iter; left time: 266.3257s
Epoch: 80 cost time: 13.175437211990356
Epoch: 80, Steps: 261 | Train Loss: 0.4135118 Vali Loss: 0.9789527 Test Loss: 0.4463101
Validation loss decreased (0.980261 --> 0.978953).  Saving model ...
Updating learning rate to 2.499161375930652e-05
	iters: 100, epoch: 81 | loss: 0.4042487
	speed: 0.1206s/iter; left time: 617.5797s
	iters: 200, epoch: 81 | loss: 0.3905541
	speed: 0.0504s/iter; left time: 253.2261s
Epoch: 81 cost time: 13.17374849319458
Epoch: 81, Steps: 261 | Train Loss: 0.4130935 Vali Loss: 0.9782568 Test Loss: 0.4463732
Validation loss decreased (0.978953 --> 0.978257).  Saving model ...
Updating learning rate to 2.275994536635464e-05
	iters: 100, epoch: 82 | loss: 0.3967606
	speed: 0.1219s/iter; left time: 592.6417s
	iters: 200, epoch: 82 | loss: 0.4271693
	speed: 0.0506s/iter; left time: 241.0808s
Epoch: 82 cost time: 13.209381103515625
Epoch: 82, Steps: 261 | Train Loss: 0.4125799 Vali Loss: 0.9773223 Test Loss: 0.4455662
Validation loss decreased (0.978257 --> 0.977322).  Saving model ...
Updating learning rate to 2.0602940617906718e-05
	iters: 100, epoch: 83 | loss: 0.4101939
	speed: 0.1211s/iter; left time: 556.9615s
	iters: 200, epoch: 83 | loss: 0.4250202
	speed: 0.0505s/iter; left time: 227.1144s
Epoch: 83 cost time: 13.188505411148071
Epoch: 83, Steps: 261 | Train Loss: 0.4118436 Vali Loss: 0.9764406 Test Loss: 0.4453772
Validation loss decreased (0.977322 --> 0.976441).  Saving model ...
Updating learning rate to 1.8526511714046667e-05
	iters: 100, epoch: 84 | loss: 0.3823827
	speed: 0.1204s/iter; left time: 522.4977s
	iters: 200, epoch: 84 | loss: 0.4289500
	speed: 0.0504s/iter; left time: 213.6357s
Epoch: 84 cost time: 13.171833753585815
Epoch: 84, Steps: 261 | Train Loss: 0.4114160 Vali Loss: 0.9758121 Test Loss: 0.4448500
Validation loss decreased (0.976441 --> 0.975812).  Saving model ...
Updating learning rate to 1.653635000206915e-05
	iters: 100, epoch: 85 | loss: 0.4102616
	speed: 0.1212s/iter; left time: 493.9534s
	iters: 200, epoch: 85 | loss: 0.3995965
	speed: 0.0505s/iter; left time: 200.8586s
Epoch: 85 cost time: 13.203663349151611
Epoch: 85, Steps: 261 | Train Loss: 0.4111119 Vali Loss: 0.9760711 Test Loss: 0.4444194
EarlyStopping counter: 1 out of 20
Updating learning rate to 1.4637910376892278e-05
	iters: 100, epoch: 86 | loss: 0.3837051
	speed: 0.1191s/iter; left time: 454.5801s
	iters: 200, epoch: 86 | loss: 0.4015323
	speed: 0.0504s/iter; left time: 187.4496s
Epoch: 86 cost time: 13.161642789840698
Epoch: 86, Steps: 261 | Train Loss: 0.4107762 Vali Loss: 0.9740280 Test Loss: 0.4440739
Validation loss decreased (0.975812 --> 0.974028).  Saving model ...
Updating learning rate to 1.2836396329569726e-05
	iters: 100, epoch: 87 | loss: 0.4144015
	speed: 0.1209s/iter; left time: 429.6287s
	iters: 200, epoch: 87 | loss: 0.4111658
	speed: 0.0504s/iter; left time: 174.2854s
Epoch: 87 cost time: 13.185125827789307
Epoch: 87, Steps: 261 | Train Loss: 0.4104806 Vali Loss: 0.9750651 Test Loss: 0.4436610
EarlyStopping counter: 1 out of 20
Updating learning rate to 1.113674568488352e-05
	iters: 100, epoch: 88 | loss: 0.3855960
	speed: 0.1200s/iter; left time: 395.3796s
	iters: 200, epoch: 88 | loss: 0.4146584
	speed: 0.0504s/iter; left time: 161.0933s
Epoch: 88 cost time: 13.17168664932251
Epoch: 88, Steps: 261 | Train Loss: 0.4101121 Vali Loss: 0.9739199 Test Loss: 0.4437805
Validation loss decreased (0.974028 --> 0.973920).  Saving model ...
Updating learning rate to 9.543617067109444e-06
	iters: 100, epoch: 89 | loss: 0.4591259
	speed: 0.1204s/iter; left time: 365.2204s
	iters: 200, epoch: 89 | loss: 0.4059041
	speed: 0.0504s/iter; left time: 147.9354s
Epoch: 89 cost time: 13.172727823257446
Epoch: 89, Steps: 261 | Train Loss: 0.4101813 Vali Loss: 0.9746741 Test Loss: 0.4433816
EarlyStopping counter: 1 out of 20
Updating learning rate to 8.061377131051827e-06
	iters: 100, epoch: 90 | loss: 0.4050681
	speed: 0.1192s/iter; left time: 330.4919s
	iters: 200, epoch: 90 | loss: 0.4105525
	speed: 0.0505s/iter; left time: 134.9967s
Epoch: 90 cost time: 13.19064998626709
Epoch: 90, Steps: 261 | Train Loss: 0.4097432 Vali Loss: 0.9742473 Test Loss: 0.4433087
EarlyStopping counter: 2 out of 20
Updating learning rate to 6.694088593346153e-06
	iters: 100, epoch: 91 | loss: 0.4180609
	speed: 0.1194s/iter; left time: 299.8646s
	iters: 200, epoch: 91 | loss: 0.4143184
	speed: 0.0504s/iter; left time: 121.6342s
Epoch: 91 cost time: 13.167860984802246
Epoch: 91, Steps: 261 | Train Loss: 0.4095676 Vali Loss: 0.9742560 Test Loss: 0.4430177
EarlyStopping counter: 3 out of 20
Updating learning rate to 5.445499096835229e-06
	iters: 100, epoch: 92 | loss: 0.4203514
	speed: 0.1196s/iter; left time: 269.0130s
	iters: 200, epoch: 92 | loss: 0.4046299
	speed: 0.0505s/iter; left time: 108.4698s
Epoch: 92 cost time: 13.18130350112915
Epoch: 92, Steps: 261 | Train Loss: 0.4094757 Vali Loss: 0.9743713 Test Loss: 0.4430376
EarlyStopping counter: 4 out of 20
Updating learning rate to 4.319030938540595e-06
	iters: 100, epoch: 93 | loss: 0.4258896
	speed: 0.1194s/iter; left time: 237.4277s
	iters: 200, epoch: 93 | loss: 0.4040171
	speed: 0.0507s/iter; left time: 95.7231s
Epoch: 93 cost time: 13.200674057006836
Epoch: 93, Steps: 261 | Train Loss: 0.4091749 Vali Loss: 0.9735643 Test Loss: 0.4432818
Validation loss decreased (0.973920 --> 0.973564).  Saving model ...
Updating learning rate to 3.317771689384289e-06
	iters: 100, epoch: 94 | loss: 0.4087614
	speed: 0.1208s/iter; left time: 208.6648s
	iters: 200, epoch: 94 | loss: 0.4004427
	speed: 0.0505s/iter; left time: 82.1479s
Epoch: 94 cost time: 13.184908628463745
Epoch: 94, Steps: 261 | Train Loss: 0.4094057 Vali Loss: 0.9735684 Test Loss: 0.4435415
EarlyStopping counter: 1 out of 20
Updating learning rate to 2.444465731371563e-06
	iters: 100, epoch: 95 | loss: 0.4057777
	speed: 0.1197s/iter; left time: 175.5516s
	iters: 200, epoch: 95 | loss: 0.4012219
	speed: 0.0504s/iter; left time: 68.9213s
Epoch: 95 cost time: 13.165395021438599
Epoch: 95, Steps: 261 | Train Loss: 0.4093250 Vali Loss: 0.9735751 Test Loss: 0.4432110
EarlyStopping counter: 2 out of 20
Updating learning rate to 1.7015067354305982e-06
	iters: 100, epoch: 96 | loss: 0.3689992
	speed: 0.1196s/iter; left time: 144.2456s
	iters: 200, epoch: 96 | loss: 0.4047070
	speed: 0.0504s/iter; left time: 55.7574s
Epoch: 96 cost time: 13.182351112365723
Epoch: 96, Steps: 261 | Train Loss: 0.4091298 Vali Loss: 0.9739914 Test Loss: 0.4429302
EarlyStopping counter: 3 out of 20
Updating learning rate to 1.0909311005268064e-06
	iters: 100, epoch: 97 | loss: 0.4052741
	speed: 0.1193s/iter; left time: 112.7218s
	iters: 200, epoch: 97 | loss: 0.4460856
	speed: 0.0505s/iter; left time: 42.6822s
Epoch: 97 cost time: 13.18142819404602
Epoch: 97, Steps: 261 | Train Loss: 0.4091666 Vali Loss: 0.9730893 Test Loss: 0.4429261
Validation loss decreased (0.973564 --> 0.973089).  Saving model ...
Updating learning rate to 6.14412372034877e-07
	iters: 100, epoch: 98 | loss: 0.4108359
	speed: 0.1205s/iter; left time: 82.4079s
	iters: 200, epoch: 98 | loss: 0.3875436
	speed: 0.0504s/iter; left time: 29.4591s
Epoch: 98 cost time: 13.189512729644775
Epoch: 98, Steps: 261 | Train Loss: 0.4089698 Vali Loss: 0.9740723 Test Loss: 0.4426647
EarlyStopping counter: 1 out of 20
Updating learning rate to 2.7325665466719185e-07
	iters: 100, epoch: 99 | loss: 0.4303322
	speed: 0.1203s/iter; left time: 50.8668s
	iters: 200, epoch: 99 | loss: 0.4148471
	speed: 0.0504s/iter; left time: 16.2902s
Epoch: 99 cost time: 13.17423415184021
Epoch: 99, Steps: 261 | Train Loss: 0.4091263 Vali Loss: 0.9726510 Test Loss: 0.4426681
Validation loss decreased (0.973089 --> 0.972651).  Saving model ...
Updating learning rate to 6.839903253160819e-08
	iters: 100, epoch: 100 | loss: 0.3837888
	speed: 0.1227s/iter; left time: 19.8774s
	iters: 200, epoch: 100 | loss: 0.4187599
	speed: 0.0505s/iter; left time: 3.1300s
Epoch: 100 cost time: 13.186954736709595
Epoch: 100, Steps: 261 | Train Loss: 0.4091306 Vali Loss: 0.9742107 Test Loss: 0.4429093
EarlyStopping counter: 1 out of 20
Updating learning rate to 4.0100613092859e-10
>>>>>>>testing : CMS_ettm1_336_720_PatchTST_ETTm1_ftM_sl336_ll48_pl720_dm128_nh16_el3_dl1_df256_fc1_ebtimeF_dtTrue_Exp_0<<<<<<<<<<<<<<<<<<<<<<<<<<<<<<<<<
test 10801
mse:0.4581683278083801, mae:0.45377346873283386, rse:0.6438719034194946
