==========================================================
Lanzando Experimento: Baseline_electricity | Dataset: electricity
==========================================================
Args in experiment:
Namespace(random_seed=2021, is_training=1, model_id='Baseline_electricity_336_96', model='PatchTST', data='custom', root_path='./dataset/', data_path='electricity.csv', features='M', target='OT', freq='h', checkpoints='./checkpoints/', seq_len=336, label_len=48, pred_len=96, fc_dropout=0.2, head_dropout=0.0, patch_len=16, stride=8, padding_patch='end', revin=1, affine=0, subtract_last=0, decomposition=0, kernel_size=25, individual=0, embed_type=0, enc_in=321, dec_in=7, c_out=7, d_model=128, n_heads=16, e_layers=3, d_layers=1, d_ff=256, moving_avg=25, factor=1, distil=True, dropout=0.2, embed='timeF', activation='gelu', output_attention=False, do_predict=False, num_workers=0, itr=1, train_epochs=100, batch_size=32, patience=10, learning_rate=0.0001, des='Exp', loss='mse', lradj='TST', pct_start=0.2, use_amp=False, use_gpu=True, gpu=0, use_multi_gpu=False, devices='0,1,2,3', test_flop=False)
Use GPU: cuda:0
>>>>>>>start training : Baseline_electricity_336_96_PatchTST_custom_ftM_sl336_ll48_pl96_dm128_nh16_el3_dl1_df256_fc1_ebtimeF_dtTrue_Exp_0>>>>>>>>>>>>>>>>>>>>>>>>>>
train 17981
val 2537
test 5165
	iters: 100, epoch: 1 | loss: 0.4616116
	speed: 0.4909s/iter; left time: 27489.2644s
	iters: 200, epoch: 1 | loss: 0.3518045
	speed: 0.4725s/iter; left time: 26412.5524s
	iters: 300, epoch: 1 | loss: 0.3149753
	speed: 0.4901s/iter; left time: 27345.9368s
	iters: 400, epoch: 1 | loss: 0.2892618
	speed: 0.4903s/iter; left time: 27312.6730s
	iters: 500, epoch: 1 | loss: 0.2706682
	speed: 0.4906s/iter; left time: 27277.5876s
Epoch: 1 cost time: 268.8157320022583
Epoch: 1, Steps: 561 | Train Loss: 0.3975072 Vali Loss: 0.1836675 Test Loss: 0.2061140
Validation loss decreased (inf --> 0.183667).  Saving model ...
Updating learning rate to 4.591064789165119e-06
	iters: 100, epoch: 2 | loss: 0.2506121
	speed: 1.2370s/iter; left time: 68576.9716s
	iters: 200, epoch: 2 | loss: 0.2356930
	speed: 0.4886s/iter; left time: 27036.4649s
	iters: 300, epoch: 2 | loss: 0.2347378
	speed: 0.4889s/iter; left time: 27005.3195s
	iters: 400, epoch: 2 | loss: 0.2460605
	speed: 0.4897s/iter; left time: 27000.7239s
	iters: 500, epoch: 2 | loss: 0.2073237
	speed: 0.4891s/iter; left time: 26921.5536s
Epoch: 2 cost time: 273.9571142196655
Epoch: 2, Steps: 561 | Train Loss: 0.2402539 Vali Loss: 0.1500589 Test Loss: 0.1711795
Validation loss decreased (0.183667 --> 0.150059).  Saving model ...
Updating learning rate to 6.349702590619164e-06
	iters: 100, epoch: 3 | loss: 0.2182033
	speed: 1.2323s/iter; left time: 67624.9424s
	iters: 200, epoch: 3 | loss: 0.2212557
	speed: 0.4892s/iter; left time: 26797.2616s
	iters: 300, epoch: 3 | loss: 0.1942430
	speed: 0.4893s/iter; left time: 26755.5508s
	iters: 400, epoch: 3 | loss: 0.2036972
	speed: 0.4905s/iter; left time: 26768.9813s
	iters: 500, epoch: 3 | loss: 0.1867796
	speed: 0.4901s/iter; left time: 26698.5521s
Epoch: 3 cost time: 274.3568956851959
Epoch: 3, Steps: 561 | Train Loss: 0.2004170 Vali Loss: 0.1357249 Test Loss: 0.1562028
Validation loss decreased (0.150059 --> 0.135725).  Saving model ...
Updating learning rate to 9.23260220097322e-06
	iters: 100, epoch: 4 | loss: 0.1865516
	speed: 1.2348s/iter; left time: 67071.1895s
	iters: 200, epoch: 4 | loss: 0.1849905
	speed: 0.4891s/iter; left time: 26520.3517s
	iters: 300, epoch: 4 | loss: 0.1644762
	speed: 0.4896s/iter; left time: 26498.8032s
	iters: 400, epoch: 4 | loss: 0.1870907
	speed: 0.4896s/iter; left time: 26449.4370s
	iters: 500, epoch: 4 | loss: 0.1671675
	speed: 0.4900s/iter; left time: 26418.1204s
Epoch: 4 cost time: 274.2432932853699
Epoch: 4, Steps: 561 | Train Loss: 0.1803685 Vali Loss: 0.1294441 Test Loss: 0.1496128
Validation loss decreased (0.135725 --> 0.129444).  Saving model ...
Updating learning rate to 1.3168764434794876e-05
	iters: 100, epoch: 5 | loss: 0.1687078
	speed: 1.2289s/iter; left time: 66064.4879s
	iters: 200, epoch: 5 | loss: 0.1620683
	speed: 0.4892s/iter; left time: 26247.7685s
	iters: 300, epoch: 5 | loss: 0.1686636
	speed: 0.4895s/iter; left time: 26217.1626s
	iters: 400, epoch: 5 | loss: 0.1482026
	speed: 0.4899s/iter; left time: 26187.0806s
	iters: 500, epoch: 5 | loss: 0.1510963
	speed: 0.4897s/iter; left time: 26128.8279s
Epoch: 5 cost time: 274.37255597114563
Epoch: 5, Steps: 561 | Train Loss: 0.1703213 Vali Loss: 0.1259115 Test Loss: 0.1460728
Validation loss decreased (0.129444 --> 0.125912).  Saving model ...
Updating learning rate to 1.806125067121522e-05
	iters: 100, epoch: 6 | loss: 0.2102202
	speed: 1.2319s/iter; left time: 65530.5441s
	iters: 200, epoch: 6 | loss: 0.1659802
	speed: 0.4896s/iter; left time: 25993.2533s
	iters: 300, epoch: 6 | loss: 0.1859692
	speed: 0.4898s/iter; left time: 25955.9862s
	iters: 400, epoch: 6 | loss: 0.1728536
	speed: 0.4899s/iter; left time: 25912.8786s
	iters: 500, epoch: 6 | loss: 0.1736154
	speed: 0.4898s/iter; left time: 25860.7844s
Epoch: 6 cost time: 274.36102867126465
Epoch: 6, Steps: 561 | Train Loss: 0.1644638 Vali Loss: 0.1244236 Test Loss: 0.1445045
Validation loss decreased (0.125912 --> 0.124424).  Saving model ...
Updating learning rate to 2.3789570229158297e-05
	iters: 100, epoch: 7 | loss: 0.1898067
	speed: 1.2353s/iter; left time: 65021.7261s
	iters: 200, epoch: 7 | loss: 0.1487641
	speed: 0.4896s/iter; left time: 25723.2447s
	iters: 300, epoch: 7 | loss: 0.1536569
	speed: 0.4899s/iter; left time: 25687.7532s
	iters: 400, epoch: 7 | loss: 0.1547885
	speed: 0.4896s/iter; left time: 25625.0721s
	iters: 500, epoch: 7 | loss: 0.1476672
	speed: 0.4895s/iter; left time: 25567.1471s
Epoch: 7 cost time: 274.3259587287903
Epoch: 7, Steps: 561 | Train Loss: 0.1601784 Vali Loss: 0.1232764 Test Loss: 0.1435829
Validation loss decreased (0.124424 --> 0.123276).  Saving model ...
Updating learning rate to 3.0212647775633035e-05
	iters: 100, epoch: 8 | loss: 0.1495933
	speed: 1.2350s/iter; left time: 64313.6769s
	iters: 200, epoch: 8 | loss: 0.1852150
	speed: 0.4903s/iter; left time: 25484.1143s
	iters: 300, epoch: 8 | loss: 0.1498981
	speed: 0.4898s/iter; left time: 25407.5873s
	iters: 400, epoch: 8 | loss: 0.1908629
	speed: 0.4896s/iter; left time: 25346.9107s
	iters: 500, epoch: 8 | loss: 0.1516288
	speed: 0.4898s/iter; left time: 25309.0400s
Epoch: 8 cost time: 274.41174960136414
Epoch: 8, Steps: 561 | Train Loss: 0.1569678 Vali Loss: 0.1217974 Test Loss: 0.1420890
Validation loss decreased (0.123276 --> 0.121797).  Saving model ...
Updating learning rate to 3.717229768664785e-05
	iters: 100, epoch: 9 | loss: 0.1597140
	speed: 1.2336s/iter; left time: 63548.4041s
	iters: 200, epoch: 9 | loss: 0.1641623
	speed: 0.4899s/iter; left time: 25187.9848s
	iters: 300, epoch: 9 | loss: 0.1458291
	speed: 0.4897s/iter; left time: 25127.6189s
	iters: 400, epoch: 9 | loss: 0.1629853
	speed: 0.4894s/iter; left time: 25065.3393s
	iters: 500, epoch: 9 | loss: 0.1769069
	speed: 0.4895s/iter; left time: 25017.9078s
Epoch: 9 cost time: 274.29945158958435
Epoch: 9, Steps: 561 | Train Loss: 0.1542334 Vali Loss: 0.1206209 Test Loss: 0.1402828
Validation loss decreased (0.121797 --> 0.120621).  Saving model ...
Updating learning rate to 4.449711979523117e-05
	iters: 100, epoch: 10 | loss: 0.1755155
	speed: 1.2335s/iter; left time: 62849.7459s
	iters: 200, epoch: 10 | loss: 0.1687872
	speed: 0.4895s/iter; left time: 24893.0267s
	iters: 300, epoch: 10 | loss: 0.1477302
	speed: 0.4902s/iter; left time: 24876.6556s
	iters: 400, epoch: 10 | loss: 0.1452728
	speed: 0.4905s/iter; left time: 24842.6993s
	iters: 500, epoch: 10 | loss: 0.1478076
	speed: 0.4903s/iter; left time: 24786.2792s
Epoch: 10 cost time: 274.5397412776947
Epoch: 10, Steps: 561 | Train Loss: 0.1517294 Vali Loss: 0.1207474 Test Loss: 0.1407226
EarlyStopping counter: 1 out of 10
Updating learning rate to 5.200672058324626e-05
	iters: 100, epoch: 11 | loss: 0.1295127
	speed: 1.2403s/iter; left time: 62498.9540s
	iters: 200, epoch: 11 | loss: 0.1711265
	speed: 0.4903s/iter; left time: 24657.6532s
	iters: 300, epoch: 11 | loss: 0.1564426
	speed: 0.4903s/iter; left time: 24609.9044s
	iters: 400, epoch: 11 | loss: 0.1428346
	speed: 0.4905s/iter; left time: 24568.4978s
	iters: 500, epoch: 11 | loss: 0.1513840
	speed: 0.4900s/iter; left time: 24497.7835s
Epoch: 11 cost time: 274.8140969276428
Epoch: 11, Steps: 561 | Train Loss: 0.1496594 Vali Loss: 0.1204936 Test Loss: 0.1402172
Validation loss decreased (0.120621 --> 0.120494).  Saving model ...
Updating learning rate to 5.9516155858756386e-05
	iters: 100, epoch: 12 | loss: 0.1427062
	speed: 1.2404s/iter; left time: 61810.8906s
	iters: 200, epoch: 12 | loss: 0.1334205
	speed: 0.4898s/iter; left time: 24356.9603s
	iters: 300, epoch: 12 | loss: 0.1584537
	speed: 0.4896s/iter; left time: 24298.8029s
	iters: 400, epoch: 12 | loss: 0.1310520
	speed: 0.4891s/iter; left time: 24226.2608s
	iters: 500, epoch: 12 | loss: 0.1453003
	speed: 0.4895s/iter; left time: 24193.6332s
Epoch: 12 cost time: 274.1864151954651
Epoch: 12, Steps: 561 | Train Loss: 0.1476070 Vali Loss: 0.1209010 Test Loss: 0.1397806
EarlyStopping counter: 1 out of 10
Updating learning rate to 6.684048550601701e-05
	iters: 100, epoch: 13 | loss: 0.1339601
	speed: 1.2360s/iter; left time: 60896.5165s
	iters: 200, epoch: 13 | loss: 0.1347163
	speed: 0.4891s/iter; left time: 24050.9458s
	iters: 300, epoch: 13 | loss: 0.1345181
	speed: 0.4899s/iter; left time: 24037.3718s
	iters: 400, epoch: 13 | loss: 0.1308972
	speed: 0.4900s/iter; left time: 23996.4046s
	iters: 500, epoch: 13 | loss: 0.1423014
	speed: 0.4895s/iter; left time: 23922.3398s
Epoch: 13 cost time: 274.31685423851013
Epoch: 13, Steps: 561 | Train Loss: 0.1461331 Vali Loss: 0.1190769 Test Loss: 0.1385313
Validation loss decreased (0.120494 --> 0.119077).  Saving model ...
Updating learning rate to 7.379932813508089e-05
	iters: 100, epoch: 14 | loss: 0.1454773
	speed: 1.2310s/iter; left time: 59959.8642s
	iters: 200, epoch: 14 | loss: 0.1414899
	speed: 0.4893s/iter; left time: 23784.7553s
	iters: 300, epoch: 14 | loss: 0.1605112
	speed: 0.4899s/iter; left time: 23764.6028s
	iters: 400, epoch: 14 | loss: 0.1670069
	speed: 0.4899s/iter; left time: 23714.6481s
	iters: 500, epoch: 14 | loss: 0.1475087
	speed: 0.4896s/iter; left time: 23650.2230s
Epoch: 14 cost time: 274.3103332519531
Epoch: 14, Steps: 561 | Train Loss: 0.1445305 Vali Loss: 0.1183458 Test Loss: 0.1371526
Validation loss decreased (0.119077 --> 0.118346).  Saving model ...
Updating learning rate to 8.022130346047382e-05
	iters: 100, epoch: 15 | loss: 0.1443359
	speed: 1.2335s/iter; left time: 59391.0394s
	iters: 200, epoch: 15 | loss: 0.1357713
	speed: 0.4893s/iter; left time: 23511.7780s
	iters: 300, epoch: 15 | loss: 0.1318387
	speed: 0.4898s/iter; left time: 23486.2838s
	iters: 400, epoch: 15 | loss: 0.1486297
	speed: 0.4897s/iter; left time: 23431.1241s
	iters: 500, epoch: 15 | loss: 0.1307141
	speed: 0.4896s/iter; left time: 23375.9291s
Epoch: 15 cost time: 274.2978951931
Epoch: 15, Steps: 561 | Train Loss: 0.1432664 Vali Loss: 0.1194849 Test Loss: 0.1384529
EarlyStopping counter: 1 out of 10
Updating learning rate to 8.594825300337388e-05
	iters: 100, epoch: 16 | loss: 0.1379649
	speed: 1.2337s/iter; left time: 58707.9220s
	iters: 200, epoch: 16 | loss: 0.1424497
	speed: 0.4893s/iter; left time: 23237.2012s
	iters: 300, epoch: 16 | loss: 0.1349541
	speed: 0.4895s/iter; left time: 23193.4660s
	iters: 400, epoch: 16 | loss: 0.1495980
	speed: 0.4896s/iter; left time: 23152.7173s
	iters: 500, epoch: 16 | loss: 0.1679077
	speed: 0.4897s/iter; left time: 23107.0083s
Epoch: 16 cost time: 274.28812289237976
Epoch: 16, Steps: 561 | Train Loss: 0.1422023 Vali Loss: 0.1184438 Test Loss: 0.1369011
EarlyStopping counter: 2 out of 10
Updating learning rate to 9.083913517110879e-05
	iters: 100, epoch: 17 | loss: 0.1402480
	speed: 1.2319s/iter; left time: 57931.2963s
	iters: 200, epoch: 17 | loss: 0.1223070
	speed: 0.4894s/iter; left time: 22966.6864s
	iters: 300, epoch: 17 | loss: 0.1580459
	speed: 0.4898s/iter; left time: 22933.1764s
	iters: 400, epoch: 17 | loss: 0.1694338
	speed: 0.4900s/iter; left time: 22896.7089s
	iters: 500, epoch: 17 | loss: 0.1274379
	speed: 0.4903s/iter; left time: 22859.2049s
Epoch: 17 cost time: 274.4863324165344
Epoch: 17, Steps: 561 | Train Loss: 0.1411963 Vali Loss: 0.1171999 Test Loss: 0.1355077
Validation loss decreased (0.118346 --> 0.117200).  Saving model ...
Updating learning rate to 9.477349878712427e-05
	iters: 100, epoch: 18 | loss: 0.1440769
	speed: 1.2415s/iter; left time: 57686.6000s
	iters: 200, epoch: 18 | loss: 0.1583625
	speed: 0.4901s/iter; left time: 22723.7485s
	iters: 300, epoch: 18 | loss: 0.1492405
	speed: 0.4898s/iter; left time: 22660.8006s
	iters: 400, epoch: 18 | loss: 0.1326343
	speed: 0.4900s/iter; left time: 22618.5154s
	iters: 500, epoch: 18 | loss: 0.1281189
	speed: 0.4900s/iter; left time: 22572.3101s
Epoch: 18 cost time: 274.621470451355
Epoch: 18, Steps: 561 | Train Loss: 0.1403912 Vali Loss: 0.1168750 Test Loss: 0.1354302
Validation loss decreased (0.117200 --> 0.116875).  Saving model ...
Updating learning rate to 9.765444952637033e-05
	iters: 100, epoch: 19 | loss: 0.1548993
	speed: 1.2336s/iter; left time: 56626.7479s
	iters: 200, epoch: 19 | loss: 0.1403227
	speed: 0.4895s/iter; left time: 22420.3936s
	iters: 300, epoch: 19 | loss: 0.1293247
	speed: 0.4895s/iter; left time: 22373.6926s
	iters: 400, epoch: 19 | loss: 0.1237396
	speed: 0.4902s/iter; left time: 22356.5676s
	iters: 500, epoch: 19 | loss: 0.1290628
	speed: 0.4897s/iter; left time: 22283.7124s
Epoch: 19 cost time: 274.3541476726532
Epoch: 19, Steps: 561 | Train Loss: 0.1395061 Vali Loss: 0.1173399 Test Loss: 0.1357187
EarlyStopping counter: 1 out of 10
Updating learning rate to 9.941103619962668e-05
	iters: 100, epoch: 20 | loss: 0.1774492
	speed: 1.2315s/iter; left time: 55838.7997s
	iters: 200, epoch: 20 | loss: 0.1318916
	speed: 0.4901s/iter; left time: 22171.1280s
	iters: 300, epoch: 20 | loss: 0.1415577
	speed: 0.4902s/iter; left time: 22127.3790s
	iters: 400, epoch: 20 | loss: 0.1309711
	speed: 0.4898s/iter; left time: 22060.5892s
	iters: 500, epoch: 20 | loss: 0.1362414
	speed: 0.4899s/iter; left time: 22016.2201s
Epoch: 20 cost time: 274.49415349960327
Epoch: 20, Steps: 561 | Train Loss: 0.1386933 Vali Loss: 0.1172094 Test Loss: 0.1356754
EarlyStopping counter: 2 out of 10
Updating learning rate to 9.999999987750106e-05
	iters: 100, epoch: 21 | loss: 0.1211586
	speed: 1.2324s/iter; left time: 55186.2298s
	iters: 200, epoch: 21 | loss: 0.1209439
	speed: 0.4898s/iter; left time: 21882.5654s
	iters: 300, epoch: 21 | loss: 0.1615922
	speed: 0.4898s/iter; left time: 21835.8325s
	iters: 400, epoch: 21 | loss: 0.1314613
	speed: 0.4897s/iter; left time: 21783.2451s
	iters: 500, epoch: 21 | loss: 0.1221399
	speed: 0.4900s/iter; left time: 21744.8894s
Epoch: 21 cost time: 274.46149587631226
Epoch: 21, Steps: 561 | Train Loss: 0.1377841 Vali Loss: 0.1159062 Test Loss: 0.1340004
Validation loss decreased (0.116875 --> 0.115906).  Saving model ...
Updating learning rate to 9.996131443534033e-05
	iters: 100, epoch: 22 | loss: 0.1158035
	speed: 1.2384s/iter; left time: 54764.0504s
	iters: 200, epoch: 22 | loss: 0.1273044
	speed: 0.4893s/iter; left time: 21589.3377s
	iters: 300, epoch: 22 | loss: 0.1291282
	speed: 0.4897s/iter; left time: 21557.8068s
	iters: 400, epoch: 22 | loss: 0.1243060
	speed: 0.4901s/iter; left time: 21523.4401s
	iters: 500, epoch: 22 | loss: 0.1375564
	speed: 0.4895s/iter; left time: 21448.2429s
Epoch: 22 cost time: 274.4097111225128
Epoch: 22, Steps: 561 | Train Loss: 0.1370715 Vali Loss: 0.1168666 Test Loss: 0.1353736
EarlyStopping counter: 1 out of 10
Updating learning rate to 9.98455925759741e-05
	iters: 100, epoch: 23 | loss: 0.1573728
	speed: 1.2311s/iter; left time: 53748.5018s
	iters: 200, epoch: 23 | loss: 0.1510769
	speed: 0.4892s/iter; left time: 21309.3162s
	iters: 300, epoch: 23 | loss: 0.1281132
	speed: 0.4892s/iter; left time: 21260.7139s
	iters: 400, epoch: 23 | loss: 0.1464750
	speed: 0.4897s/iter; left time: 21233.2004s
	iters: 500, epoch: 23 | loss: 0.1295572
	speed: 0.4995s/iter; left time: 21606.2801s
Epoch: 23 cost time: 275.2374994754791
Epoch: 23, Steps: 561 | Train Loss: 0.1364715 Vali Loss: 0.1166845 Test Loss: 0.1350044
EarlyStopping counter: 2 out of 10
Updating learning rate to 9.965301273412184e-05
	iters: 100, epoch: 24 | loss: 0.1168057
	speed: 1.2404s/iter; left time: 53460.8200s
	iters: 200, epoch: 24 | loss: 0.1198445
	speed: 0.4905s/iter; left time: 21089.7220s
	iters: 300, epoch: 24 | loss: 0.1530568
	speed: 0.4904s/iter; left time: 21039.1241s
	iters: 400, epoch: 24 | loss: 0.1429730
	speed: 0.4909s/iter; left time: 21008.5545s
	iters: 500, epoch: 24 | loss: 0.1199736
	speed: 0.4906s/iter; left time: 20946.3209s
Epoch: 24 cost time: 275.0157005786896
Epoch: 24, Steps: 561 | Train Loss: 0.1358443 Vali Loss: 0.1155714 Test Loss: 0.1339092
Validation loss decreased (0.115906 --> 0.115571).  Saving model ...
Updating learning rate to 9.938387185394122e-05
	iters: 100, epoch: 25 | loss: 0.1556063
	speed: 1.2428s/iter; left time: 52862.8905s
	iters: 200, epoch: 25 | loss: 0.1288181
	speed: 0.4903s/iter; left time: 20807.8605s
	iters: 300, epoch: 25 | loss: 0.1221320
	speed: 0.4907s/iter; left time: 20772.9863s
	iters: 400, epoch: 25 | loss: 0.1174402
	speed: 0.4904s/iter; left time: 20712.1032s
	iters: 500, epoch: 25 | loss: 0.1243256
	speed: 0.4908s/iter; left time: 20681.0219s
Epoch: 25 cost time: 274.9148647785187
Epoch: 25, Steps: 561 | Train Loss: 0.1352574 Vali Loss: 0.1151214 Test Loss: 0.1334267
Validation loss decreased (0.115571 --> 0.115121).  Saving model ...
Updating learning rate to 9.903858493116177e-05
	iters: 100, epoch: 26 | loss: 0.1433551
	speed: 1.2488s/iter; left time: 52417.7185s
	iters: 200, epoch: 26 | loss: 0.1332807
	speed: 0.4906s/iter; left time: 20544.0449s
	iters: 300, epoch: 26 | loss: 0.1441227
	speed: 0.4906s/iter; left time: 20494.3427s
	iters: 400, epoch: 26 | loss: 0.1175590
	speed: 0.4959s/iter; left time: 20668.1794s
	iters: 500, epoch: 26 | loss: 0.1331230
	speed: 0.4949s/iter; left time: 20577.7218s
Epoch: 26 cost time: 276.0476939678192
Epoch: 26, Steps: 561 | Train Loss: 0.1347551 Vali Loss: 0.1155680 Test Loss: 0.1335067
EarlyStopping counter: 1 out of 10
Updating learning rate to 9.861768437319151e-05
	iters: 100, epoch: 27 | loss: 0.1488322
	speed: 1.2327s/iter; left time: 51052.4649s
	iters: 200, epoch: 27 | loss: 0.1325166
	speed: 0.4904s/iter; left time: 20262.5196s
	iters: 300, epoch: 27 | loss: 0.1324977
	speed: 0.4903s/iter; left time: 20208.0615s
	iters: 400, epoch: 27 | loss: 0.1316388
	speed: 0.4902s/iter; left time: 20156.3246s
	iters: 500, epoch: 27 | loss: 0.1316755
	speed: 0.4898s/iter; left time: 20089.7849s
Epoch: 27 cost time: 274.70294404029846
Epoch: 27, Steps: 561 | Train Loss: 0.1343862 Vali Loss: 0.1146661 Test Loss: 0.1337587
Validation loss decreased (0.115121 --> 0.114666).  Saving model ...
Updating learning rate to 9.812181917818334e-05
	iters: 100, epoch: 28 | loss: 0.1209593
	speed: 1.2306s/iter; left time: 50275.2103s
	iters: 200, epoch: 28 | loss: 0.1349946
	speed: 0.4904s/iter; left time: 19983.9975s
	iters: 300, epoch: 28 | loss: 0.1321496
	speed: 0.4900s/iter; left time: 19920.0344s
	iters: 400, epoch: 28 | loss: 0.1182846
	speed: 0.4906s/iter; left time: 19894.6019s
	iters: 500, epoch: 28 | loss: 0.1294952
	speed: 0.4897s/iter; left time: 19812.3250s
Epoch: 28 cost time: 274.51163959503174
Epoch: 28, Steps: 561 | Train Loss: 0.1339096 Vali Loss: 0.1145364 Test Loss: 0.1330702
Validation loss decreased (0.114666 --> 0.114536).  Saving model ...
Updating learning rate to 9.755175393432696e-05
	iters: 100, epoch: 29 | loss: 0.1438987
	speed: 1.2312s/iter; left time: 49607.2501s
	iters: 200, epoch: 29 | loss: 0.1353763
	speed: 0.4892s/iter; left time: 19660.7278s
	iters: 300, epoch: 29 | loss: 0.1237894
	speed: 0.4900s/iter; left time: 19644.3166s
	iters: 400, epoch: 29 | loss: 0.1548132
	speed: 0.4893s/iter; left time: 19569.1057s
	iters: 500, epoch: 29 | loss: 0.1428609
	speed: 0.4897s/iter; left time: 19534.0342s
Epoch: 29 cost time: 274.32011008262634
Epoch: 29, Steps: 561 | Train Loss: 0.1334032 Vali Loss: 0.1150899 Test Loss: 0.1332915
EarlyStopping counter: 1 out of 10
Updating learning rate to 9.690836764090924e-05
	iters: 100, epoch: 30 | loss: 0.1207901
	speed: 1.2303s/iter; left time: 48883.1627s
	iters: 200, epoch: 30 | loss: 0.1281671
	speed: 0.4896s/iter; left time: 19402.8602s
	iters: 300, epoch: 30 | loss: 0.1249977
	speed: 0.4900s/iter; left time: 19369.1762s
	iters: 400, epoch: 30 | loss: 0.1447606
	speed: 0.4896s/iter; left time: 19307.7708s
	iters: 500, epoch: 30 | loss: 0.1100802
	speed: 0.4896s/iter; left time: 19258.6878s
Epoch: 30 cost time: 274.4410274028778
Epoch: 30, Steps: 561 | Train Loss: 0.1330773 Vali Loss: 0.1149941 Test Loss: 0.1331398
EarlyStopping counter: 2 out of 10
Updating learning rate to 9.619265235296103e-05
	iters: 100, epoch: 31 | loss: 0.1199404
	speed: 1.2316s/iter; left time: 48243.1983s
	iters: 200, epoch: 31 | loss: 0.1138209
	speed: 0.4893s/iter; left time: 19119.0527s
	iters: 300, epoch: 31 | loss: 0.1329043
	speed: 0.4898s/iter; left time: 19089.8401s
	iters: 400, epoch: 31 | loss: 0.1377209
	speed: 0.4897s/iter; left time: 19036.5763s
	iters: 500, epoch: 31 | loss: 0.1560050
	speed: 0.4898s/iter; left time: 18989.5533s
Epoch: 31 cost time: 274.3988218307495
Epoch: 31, Steps: 561 | Train Loss: 0.1326911 Vali Loss: 0.1149032 Test Loss: 0.1332638
EarlyStopping counter: 3 out of 10
Updating learning rate to 9.540571165158029e-05
	iters: 100, epoch: 32 | loss: 0.1360787
	speed: 1.2330s/iter; left time: 47606.2144s
	iters: 200, epoch: 32 | loss: 0.1349483
	speed: 0.4896s/iter; left time: 18854.0313s
	iters: 300, epoch: 32 | loss: 0.1463081
	speed: 0.4897s/iter; left time: 18810.0868s
	iters: 400, epoch: 32 | loss: 0.1400406
	speed: 0.4919s/iter; left time: 18844.5996s
	iters: 500, epoch: 32 | loss: 0.1316000
	speed: 0.4898s/iter; left time: 18716.7188s
Epoch: 32 cost time: 274.60043835639954
Epoch: 32, Steps: 561 | Train Loss: 0.1323698 Vali Loss: 0.1133351 Test Loss: 0.1319734
Validation loss decreased (0.114536 --> 0.113335).  Saving model ...
Updating learning rate to 9.454875894228996e-05
	iters: 100, epoch: 33 | loss: 0.1102459
	speed: 1.2299s/iter; left time: 46797.8287s
	iters: 200, epoch: 33 | loss: 0.1398992
	speed: 0.4898s/iter; left time: 18586.7074s
	iters: 300, epoch: 33 | loss: 0.1178273
	speed: 0.4901s/iter; left time: 18550.7793s
	iters: 400, epoch: 33 | loss: 0.1331045
	speed: 0.4905s/iter; left time: 18514.0918s
	iters: 500, epoch: 33 | loss: 0.1530482
	speed: 0.4909s/iter; left time: 18482.4735s
Epoch: 33 cost time: 274.5570182800293
Epoch: 33, Steps: 561 | Train Loss: 0.1320441 Vali Loss: 0.1146761 Test Loss: 0.1330791
EarlyStopping counter: 1 out of 10
Updating learning rate to 9.362311558405457e-05
	iters: 100, epoch: 34 | loss: 0.1176951
	speed: 1.2386s/iter; left time: 46432.2424s
	iters: 200, epoch: 34 | loss: 0.1234707
	speed: 0.4904s/iter; left time: 18334.4984s
	iters: 300, epoch: 34 | loss: 0.1191337
	speed: 0.4903s/iter; left time: 18282.8324s
	iters: 400, epoch: 34 | loss: 0.1273796
	speed: 0.4900s/iter; left time: 18223.8030s
	iters: 500, epoch: 34 | loss: 0.1170126
	speed: 0.4903s/iter; left time: 18183.8364s
Epoch: 34 cost time: 274.77057337760925
Epoch: 34, Steps: 561 | Train Loss: 0.1316739 Vali Loss: 0.1137269 Test Loss: 0.1324727
EarlyStopping counter: 2 out of 10
Updating learning rate to 9.263020885184058e-05
	iters: 100, epoch: 35 | loss: 0.1471908
	speed: 1.2318s/iter; left time: 45485.3409s
	iters: 200, epoch: 35 | loss: 0.1449834
	speed: 0.4896s/iter; left time: 18029.4249s
	iters: 300, epoch: 35 | loss: 0.1180654
	speed: 0.4892s/iter; left time: 17967.6045s
	iters: 400, epoch: 35 | loss: 0.1176613
	speed: 0.4895s/iter; left time: 17927.5550s
	iters: 500, epoch: 35 | loss: 0.1389447
	speed: 0.4895s/iter; left time: 17880.2199s
Epoch: 35 cost time: 274.2050738334656
Epoch: 35, Steps: 561 | Train Loss: 0.1314252 Vali Loss: 0.1135284 Test Loss: 0.1328201
EarlyStopping counter: 3 out of 10
Updating learning rate to 9.157156973586171e-05
	iters: 100, epoch: 36 | loss: 0.1374147
	speed: 1.2340s/iter; left time: 44874.3303s
	iters: 200, epoch: 36 | loss: 0.1186896
	speed: 0.4893s/iter; left time: 17744.7970s
	iters: 300, epoch: 36 | loss: 0.1391613
	speed: 0.4896s/iter; left time: 17708.0453s
	iters: 400, epoch: 36 | loss: 0.1243662
	speed: 0.4901s/iter; left time: 17674.6600s
	iters: 500, epoch: 36 | loss: 0.1431286
	speed: 0.4899s/iter; left time: 17619.4775s
Epoch: 36 cost time: 274.3497714996338
Epoch: 36, Steps: 561 | Train Loss: 0.1311468 Vali Loss: 0.1136474 Test Loss: 0.1321262
EarlyStopping counter: 4 out of 10
Updating learning rate to 9.044883058090314e-05
	iters: 100, epoch: 37 | loss: 0.1457376
	speed: 1.2336s/iter; left time: 44169.8075s
	iters: 200, epoch: 37 | loss: 0.1263974
	speed: 0.4893s/iter; left time: 17472.0028s
	iters: 300, epoch: 37 | loss: 0.1124969
	speed: 0.4927s/iter; left time: 17544.3614s
	iters: 400, epoch: 37 | loss: 0.1198460
	speed: 0.4890s/iter; left time: 17362.4146s
	iters: 500, epoch: 37 | loss: 0.1261663
	speed: 0.4898s/iter; left time: 17341.8529s
Epoch: 37 cost time: 274.5495641231537
Epoch: 37, Steps: 561 | Train Loss: 0.1308641 Vali Loss: 0.1126878 Test Loss: 0.1317927
Validation loss decreased (0.113335 --> 0.112688).  Saving model ...
Updating learning rate to 8.926372256936403e-05
	iters: 100, epoch: 38 | loss: 0.1401768
	speed: 1.2339s/iter; left time: 43488.3155s
	iters: 200, epoch: 38 | loss: 0.1223637
	speed: 0.4894s/iter; left time: 17198.9072s
	iters: 300, epoch: 38 | loss: 0.1369528
	speed: 0.4896s/iter; left time: 17157.1512s
	iters: 400, epoch: 38 | loss: 0.1394233
	speed: 0.4896s/iter; left time: 17107.2707s
	iters: 500, epoch: 38 | loss: 0.1268260
	speed: 0.4897s/iter; left time: 17062.0091s
Epoch: 38 cost time: 274.27485156059265
Epoch: 38, Steps: 561 | Train Loss: 0.1306042 Vali Loss: 0.1125862 Test Loss: 0.1322522
Validation loss decreased (0.112688 --> 0.112586).  Saving model ...
Updating learning rate to 8.801807305189988e-05
	iters: 100, epoch: 39 | loss: 0.1256947
	speed: 1.2318s/iter; left time: 42721.0901s
	iters: 200, epoch: 39 | loss: 0.1232565
	speed: 0.4892s/iter; left time: 16917.0294s
	iters: 300, epoch: 39 | loss: 0.1340707
	speed: 0.4896s/iter; left time: 16881.5705s
	iters: 400, epoch: 39 | loss: 0.1382153
	speed: 0.4897s/iter; left time: 16838.7293s
	iters: 500, epoch: 39 | loss: 0.1332057
	speed: 0.4898s/iter; left time: 16790.2415s
Epoch: 39 cost time: 274.2718904018402
Epoch: 39, Steps: 561 | Train Loss: 0.1303445 Vali Loss: 0.1127208 Test Loss: 0.1317386
EarlyStopping counter: 1 out of 10
Updating learning rate to 8.671380272978008e-05
	iters: 100, epoch: 40 | loss: 0.1410263
	speed: 1.2334s/iter; left time: 42085.5259s
	iters: 200, epoch: 40 | loss: 0.1382666
	speed: 0.4894s/iter; left time: 16651.8103s
	iters: 300, epoch: 40 | loss: 0.1298454
	speed: 0.4898s/iter; left time: 16614.5118s
	iters: 400, epoch: 40 | loss: 0.1404368
	speed: 0.4903s/iter; left time: 16581.5404s
	iters: 500, epoch: 40 | loss: 0.1575026
	speed: 0.4904s/iter; left time: 16538.5980s
Epoch: 40 cost time: 274.5874512195587
Epoch: 40, Steps: 561 | Train Loss: 0.1301435 Vali Loss: 0.1126893 Test Loss: 0.1311393
EarlyStopping counter: 2 out of 10
Updating learning rate to 8.535292269330598e-05
	iters: 100, epoch: 41 | loss: 0.1224655
	speed: 1.2394s/iter; left time: 41595.4328s
	iters: 200, epoch: 41 | loss: 0.1381493
	speed: 0.4898s/iter; left time: 16389.4529s
	iters: 300, epoch: 41 | loss: 0.1127926
	speed: 0.4901s/iter; left time: 16350.2455s
	iters: 400, epoch: 41 | loss: 0.1324352
	speed: 0.4899s/iter; left time: 16293.0238s
	iters: 500, epoch: 41 | loss: 0.1244329
	speed: 0.4897s/iter; left time: 16239.6710s
Epoch: 41 cost time: 274.5985949039459
Epoch: 41, Steps: 561 | Train Loss: 0.1297942 Vali Loss: 0.1124998 Test Loss: 0.1313617
Validation loss decreased (0.112586 --> 0.112500).  Saving model ...
Updating learning rate to 8.393753132085525e-05
	iters: 100, epoch: 42 | loss: 0.1237983
	speed: 1.2351s/iter; left time: 40759.8000s
	iters: 200, epoch: 42 | loss: 0.1194078
	speed: 0.4895s/iter; left time: 16103.1478s
	iters: 300, epoch: 42 | loss: 0.1376656
	speed: 0.4893s/iter; left time: 16047.5039s
	iters: 400, epoch: 42 | loss: 0.1334071
	speed: 0.4893s/iter; left time: 16001.5022s
	iters: 500, epoch: 42 | loss: 0.1259973
	speed: 0.4892s/iter; left time: 15946.5326s
Epoch: 42 cost time: 274.1212351322174
Epoch: 42, Steps: 561 | Train Loss: 0.1296652 Vali Loss: 0.1124865 Test Loss: 0.1310311
Validation loss decreased (0.112500 --> 0.112487).  Saving model ...
Updating learning rate to 8.24698110433346e-05
	iters: 100, epoch: 43 | loss: 0.1369415
	speed: 1.2311s/iter; left time: 39935.1919s
	iters: 200, epoch: 43 | loss: 0.1342205
	speed: 0.4889s/iter; left time: 15809.7411s
	iters: 300, epoch: 43 | loss: 0.1188009
	speed: 0.4890s/iter; left time: 15766.3346s
	iters: 400, epoch: 43 | loss: 0.1491021
	speed: 0.4892s/iter; left time: 15721.5921s
	iters: 500, epoch: 43 | loss: 0.1221213
	speed: 0.4892s/iter; left time: 15674.2650s
Epoch: 43 cost time: 273.9991476535797
Epoch: 43, Steps: 561 | Train Loss: 0.1294251 Vali Loss: 0.1120945 Test Loss: 0.1307878
Validation loss decreased (0.112487 --> 0.112094).  Saving model ...
Updating learning rate to 8.095202497902949e-05
	iters: 100, epoch: 44 | loss: 0.1509666
	speed: 1.2327s/iter; left time: 39295.1474s
	iters: 200, epoch: 44 | loss: 0.1253280
	speed: 0.4891s/iter; left time: 15542.1013s
	iters: 300, epoch: 44 | loss: 0.1144202
	speed: 0.4892s/iter; left time: 15496.5527s
	iters: 400, epoch: 44 | loss: 0.1242083
	speed: 0.4889s/iter; left time: 15438.1156s
	iters: 500, epoch: 44 | loss: 0.1662111
	speed: 0.4889s/iter; left time: 15390.9664s
Epoch: 44 cost time: 273.906197309494
Epoch: 44, Steps: 561 | Train Loss: 0.1291958 Vali Loss: 0.1125433 Test Loss: 0.1315862
EarlyStopping counter: 1 out of 10
Updating learning rate to 7.938651344403974e-05
	iters: 100, epoch: 45 | loss: 0.1160250
	speed: 1.2286s/iter; left time: 38476.6598s
	iters: 200, epoch: 45 | loss: 0.1513664
	speed: 0.4888s/iter; left time: 15257.8553s
	iters: 300, epoch: 45 | loss: 0.1309907
	speed: 0.4887s/iter; left time: 15206.8115s
	iters: 400, epoch: 45 | loss: 0.1234912
	speed: 0.4892s/iter; left time: 15174.2019s
	iters: 500, epoch: 45 | loss: 0.1104812
	speed: 0.4887s/iter; left time: 15109.0543s
Epoch: 45 cost time: 273.8588755130768
Epoch: 45, Steps: 561 | Train Loss: 0.1290402 Vali Loss: 0.1120105 Test Loss: 0.1308871
Validation loss decreased (0.112094 --> 0.112010).  Saving model ...
Updating learning rate to 7.777569034368179e-05
	iters: 100, epoch: 46 | loss: 0.1052917
	speed: 1.2304s/iter; left time: 37842.0164s
	iters: 200, epoch: 46 | loss: 0.1394642
	speed: 0.4884s/iter; left time: 14971.2467s
	iters: 300, epoch: 46 | loss: 0.1292279
	speed: 0.4891s/iter; left time: 14943.8892s
	iters: 400, epoch: 46 | loss: 0.1111230
	speed: 0.4887s/iter; left time: 14884.3975s
	iters: 500, epoch: 46 | loss: 0.1252435
	speed: 0.4889s/iter; left time: 14840.6745s
Epoch: 46 cost time: 273.73655128479004
Epoch: 46, Steps: 561 | Train Loss: 0.1288645 Vali Loss: 0.1123823 Test Loss: 0.1309569
EarlyStopping counter: 1 out of 10
Updating learning rate to 7.612203945042157e-05
	iters: 100, epoch: 47 | loss: 0.1387786
	speed: 1.2310s/iter; left time: 37169.7591s
	iters: 200, epoch: 47 | loss: 0.1332941
	speed: 0.4889s/iter; left time: 14714.6059s
	iters: 300, epoch: 47 | loss: 0.1451780
	speed: 0.4891s/iter; left time: 14669.7009s
	iters: 400, epoch: 47 | loss: 0.1126090
	speed: 0.4886s/iter; left time: 14607.7852s
	iters: 500, epoch: 47 | loss: 0.1149125
	speed: 0.4889s/iter; left time: 14565.5272s
Epoch: 47 cost time: 273.9869885444641
Epoch: 47, Steps: 561 | Train Loss: 0.1286133 Vali Loss: 0.1130151 Test Loss: 0.1318636
EarlyStopping counter: 2 out of 10
Updating learning rate to 7.442811057407747e-05
	iters: 100, epoch: 48 | loss: 0.1467450
	speed: 1.2281s/iter; left time: 36394.5408s
	iters: 200, epoch: 48 | loss: 0.1238547
	speed: 0.4889s/iter; left time: 14439.1928s
	iters: 300, epoch: 48 | loss: 0.1185175
	speed: 0.4889s/iter; left time: 14391.6083s
	iters: 400, epoch: 48 | loss: 0.1227433
	speed: 0.4887s/iter; left time: 14336.6117s
	iters: 500, epoch: 48 | loss: 0.1384660
	speed: 0.4892s/iter; left time: 14302.3631s
Epoch: 48 cost time: 273.9704978466034
Epoch: 48, Steps: 561 | Train Loss: 0.1284670 Vali Loss: 0.1121900 Test Loss: 0.1308304
EarlyStopping counter: 3 out of 10
Updating learning rate to 7.269651563019843e-05
	iters: 100, epoch: 49 | loss: 0.1148449
	speed: 1.2342s/iter; left time: 35882.0149s
	iters: 200, epoch: 49 | loss: 0.1169607
	speed: 0.4900s/iter; left time: 14195.8736s
	iters: 300, epoch: 49 | loss: 0.1173158
	speed: 0.4943s/iter; left time: 14270.6088s
	iters: 400, epoch: 49 | loss: 0.1244765
	speed: 0.4986s/iter; left time: 14347.2310s
	iters: 500, epoch: 49 | loss: 0.1175482
	speed: 0.4984s/iter; left time: 14291.7700s
Epoch: 49 cost time: 277.3632764816284
Epoch: 49, Steps: 561 | Train Loss: 0.1282933 Vali Loss: 0.1126215 Test Loss: 0.1317469
EarlyStopping counter: 4 out of 10
Updating learning rate to 7.092992461267941e-05
	iters: 100, epoch: 50 | loss: 0.1234483
	speed: 1.2581s/iter; left time: 35870.8259s
	iters: 200, epoch: 50 | loss: 0.1391349
	speed: 0.5008s/iter; left time: 14228.1831s
	iters: 300, epoch: 50 | loss: 0.1385815
	speed: 0.5015s/iter; left time: 14197.8812s
	iters: 400, epoch: 50 | loss: 0.1353508
	speed: 0.5007s/iter; left time: 14127.1476s
	iters: 500, epoch: 50 | loss: 0.1497098
	speed: 0.5005s/iter; left time: 14071.1827s
Epoch: 50 cost time: 280.7214539051056
Epoch: 50, Steps: 561 | Train Loss: 0.1281019 Vali Loss: 0.1120553 Test Loss: 0.1315395
EarlyStopping counter: 5 out of 10
Updating learning rate to 6.913106147682434e-05
	iters: 100, epoch: 51 | loss: 0.1307627
	speed: 1.2489s/iter; left time: 34907.3079s
	iters: 200, epoch: 51 | loss: 0.1161247
	speed: 0.4950s/iter; left time: 13786.0706s
	iters: 300, epoch: 51 | loss: 0.1143746
	speed: 0.4951s/iter; left time: 13738.7965s
	iters: 400, epoch: 51 | loss: 0.1423462
	speed: 0.4953s/iter; left time: 13696.0788s
	iters: 500, epoch: 51 | loss: 0.1250864
	speed: 0.4947s/iter; left time: 13629.9601s
Epoch: 51 cost time: 277.09997391700745
Epoch: 51, Steps: 561 | Train Loss: 0.1279327 Vali Loss: 0.1114711 Test Loss: 0.1303707
Validation loss decreased (0.112010 --> 0.111471).  Saving model ...
Updating learning rate to 6.73026999392045e-05
	iters: 100, epoch: 52 | loss: 0.1148086
	speed: 1.2479s/iter; left time: 34180.5269s
	iters: 200, epoch: 52 | loss: 0.1254010
	speed: 0.4913s/iter; left time: 13407.8124s
	iters: 300, epoch: 52 | loss: 0.1236589
	speed: 0.4914s/iter; left time: 13362.0417s
	iters: 400, epoch: 52 | loss: 0.1176579
	speed: 0.4913s/iter; left time: 13310.2536s
	iters: 500, epoch: 52 | loss: 0.1121350
	speed: 0.4910s/iter; left time: 13253.1168s
Epoch: 52 cost time: 275.2882344722748
Epoch: 52, Steps: 561 | Train Loss: 0.1277174 Vali Loss: 0.1117163 Test Loss: 0.1309689
EarlyStopping counter: 1 out of 10
Updating learning rate to 6.544765920078863e-05
	iters: 100, epoch: 53 | loss: 0.1175871
	speed: 1.2398s/iter; left time: 33262.1547s
	iters: 200, epoch: 53 | loss: 0.1250419
	speed: 0.4900s/iter; left time: 13098.1560s
	iters: 300, epoch: 53 | loss: 0.1178520
	speed: 0.4900s/iter; left time: 13047.8903s
	iters: 400, epoch: 53 | loss: 0.1254815
	speed: 0.4901s/iter; left time: 13001.7380s
	iters: 500, epoch: 53 | loss: 0.1420310
	speed: 0.4902s/iter; left time: 12954.7325s
Epoch: 53 cost time: 274.6751594543457
Epoch: 53, Steps: 561 | Train Loss: 0.1275712 Vali Loss: 0.1115481 Test Loss: 0.1303109
EarlyStopping counter: 2 out of 10
Updating learning rate to 6.356879959993929e-05
	iters: 100, epoch: 54 | loss: 0.1370843
	speed: 1.2384s/iter; left time: 32530.3458s
	iters: 200, epoch: 54 | loss: 0.1213411
	speed: 0.4899s/iter; left time: 12820.8824s
	iters: 300, epoch: 54 | loss: 0.1165102
	speed: 0.4934s/iter; left time: 12861.3154s
	iters: 400, epoch: 54 | loss: 0.1315400
	speed: 0.5005s/iter; left time: 12997.2755s
	iters: 500, epoch: 54 | loss: 0.1231861
	speed: 0.5002s/iter; left time: 12938.9806s
Epoch: 54 cost time: 277.572633266449
Epoch: 54, Steps: 561 | Train Loss: 0.1274229 Vali Loss: 0.1117776 Test Loss: 0.1304777
EarlyStopping counter: 3 out of 10
Updating learning rate to 6.166901820197859e-05
	iters: 100, epoch: 55 | loss: 0.1452115
	speed: 1.2506s/iter; left time: 32149.2275s
	iters: 200, epoch: 55 | loss: 0.1209525
	speed: 0.5002s/iter; left time: 12808.0155s
	iters: 300, epoch: 55 | loss: 0.1219523
	speed: 0.5000s/iter; left time: 12753.5116s
	iters: 400, epoch: 55 | loss: 0.1268065
	speed: 0.5001s/iter; left time: 12707.0785s
	iters: 500, epoch: 55 | loss: 0.1180010
	speed: 0.5005s/iter; left time: 12665.2466s
Epoch: 55 cost time: 279.9840033054352
Epoch: 55, Steps: 561 | Train Loss: 0.1272980 Vali Loss: 0.1115933 Test Loss: 0.1302195
EarlyStopping counter: 4 out of 10
Updating learning rate to 5.975124433212326e-05
	iters: 100, epoch: 56 | loss: 0.1171175
	speed: 1.2474s/iter; left time: 31366.2538s
	iters: 200, epoch: 56 | loss: 0.1221070
	speed: 0.4919s/iter; left time: 12321.2594s
	iters: 300, epoch: 56 | loss: 0.1189661
	speed: 0.4943s/iter; left time: 12331.0055s
	iters: 400, epoch: 56 | loss: 0.1385764
	speed: 0.4897s/iter; left time: 12168.0590s
	iters: 500, epoch: 56 | loss: 0.1188665
	speed: 0.4899s/iter; left time: 12123.6071s
Epoch: 56 cost time: 275.1961441040039
Epoch: 56, Steps: 561 | Train Loss: 0.1271711 Vali Loss: 0.1113485 Test Loss: 0.1305527
Validation loss decreased (0.111471 --> 0.111349).  Saving model ...
Updating learning rate to 5.7818435058677575e-05
	iters: 100, epoch: 57 | loss: 0.1138711
	speed: 1.2320s/iter; left time: 30288.5732s
	iters: 200, epoch: 57 | loss: 0.1041010
	speed: 0.4893s/iter; left time: 11979.3891s
	iters: 300, epoch: 57 | loss: 0.1308554
	speed: 0.4895s/iter; left time: 11937.1593s
	iters: 400, epoch: 57 | loss: 0.1241451
	speed: 0.4893s/iter; left time: 11881.7562s
	iters: 500, epoch: 57 | loss: 0.1290099
	speed: 0.4892s/iter; left time: 11830.9121s
Epoch: 57 cost time: 274.09731221199036
Epoch: 57, Steps: 561 | Train Loss: 0.1270418 Vali Loss: 0.1115780 Test Loss: 0.1314181
EarlyStopping counter: 1 out of 10
Updating learning rate to 5.587357063344838e-05
	iters: 100, epoch: 58 | loss: 0.1358789
	speed: 1.2306s/iter; left time: 29563.2845s
	iters: 200, epoch: 58 | loss: 0.1416269
	speed: 0.4889s/iter; left time: 11695.6352s
	iters: 300, epoch: 58 | loss: 0.1051661
	speed: 0.4892s/iter; left time: 11653.9453s
	iters: 400, epoch: 58 | loss: 0.1167978
	speed: 0.4892s/iter; left time: 11605.2118s
	iters: 500, epoch: 58 | loss: 0.1163880
	speed: 0.4893s/iter; left time: 11559.9021s
Epoch: 58 cost time: 274.0603709220886
Epoch: 58, Steps: 561 | Train Loss: 0.1268885 Vali Loss: 0.1113391 Test Loss: 0.1307380
Validation loss decreased (0.111349 --> 0.111339).  Saving model ...
Updating learning rate to 5.391964989641281e-05
	iters: 100, epoch: 59 | loss: 0.1135880
	speed: 1.2296s/iter; left time: 28850.6593s
	iters: 200, epoch: 59 | loss: 0.1318474
	speed: 0.4896s/iter; left time: 11438.3940s
	iters: 300, epoch: 59 | loss: 0.1307586
	speed: 0.4895s/iter; left time: 11386.6983s
	iters: 400, epoch: 59 | loss: 0.1344114
	speed: 0.4892s/iter; left time: 11332.1663s
	iters: 500, epoch: 59 | loss: 0.1494774
	speed: 0.4896s/iter; left time: 11290.6145s
Epoch: 59 cost time: 274.1846442222595
Epoch: 59, Steps: 561 | Train Loss: 0.1267242 Vali Loss: 0.1112746 Test Loss: 0.1305151
Validation loss decreased (0.111339 --> 0.111275).  Saving model ...
Updating learning rate to 5.195968565172437e-05
	iters: 100, epoch: 60 | loss: 0.1160674
	speed: 1.2296s/iter; left time: 28160.2834s
	iters: 200, epoch: 60 | loss: 0.1232941
	speed: 0.4891s/iter; left time: 11151.6486s
	iters: 300, epoch: 60 | loss: 0.1367839
	speed: 0.4893s/iter; left time: 11108.6528s
	iters: 400, epoch: 60 | loss: 0.1321703
	speed: 0.4891s/iter; left time: 11055.6955s
	iters: 500, epoch: 60 | loss: 0.1161710
	speed: 0.4894s/iter; left time: 11011.6272s
Epoch: 60 cost time: 274.0625398159027
Epoch: 60, Steps: 561 | Train Loss: 0.1266056 Vali Loss: 0.1115410 Test Loss: 0.1302390
EarlyStopping counter: 1 out of 10
Updating learning rate to 4.999670002218734e-05
	iters: 100, epoch: 61 | loss: 0.1228329
	speed: 1.2313s/iter; left time: 27507.6293s
	iters: 200, epoch: 61 | loss: 0.1228654
	speed: 0.4902s/iter; left time: 10902.3176s
	iters: 300, epoch: 61 | loss: 0.1224737
	speed: 0.4901s/iter; left time: 10851.0425s
	iters: 400, epoch: 61 | loss: 0.1424555
	speed: 0.4978s/iter; left time: 10972.2650s
	iters: 500, epoch: 61 | loss: 0.1569941
	speed: 0.4962s/iter; left time: 10887.0649s
Epoch: 61 cost time: 276.4108579158783
Epoch: 61, Steps: 561 | Train Loss: 0.1264453 Vali Loss: 0.1111134 Test Loss: 0.1304000
Validation loss decreased (0.111275 --> 0.111113).  Saving model ...
Updating learning rate to 4.803371978936238e-05
	iters: 100, epoch: 62 | loss: 0.1379609
	speed: 1.2531s/iter; left time: 27292.9064s
	iters: 200, epoch: 62 | loss: 0.1526152
	speed: 0.5056s/iter; left time: 10960.7789s
	iters: 300, epoch: 62 | loss: 0.1266062
	speed: 0.5042s/iter; left time: 10881.2059s
	iters: 400, epoch: 62 | loss: 0.1407485
	speed: 0.5044s/iter; left time: 10835.1340s
	iters: 500, epoch: 62 | loss: 0.1210514
	speed: 0.5029s/iter; left time: 10752.9797s
Epoch: 62 cost time: 281.8528332710266
Epoch: 62, Steps: 561 | Train Loss: 0.1263572 Vali Loss: 0.1110373 Test Loss: 0.1301643
Validation loss decreased (0.111113 --> 0.111037).  Saving model ...
Updating learning rate to 4.607377172648893e-05
	iters: 100, epoch: 63 | loss: 0.1302571
	speed: 1.2588s/iter; left time: 26710.8305s
	iters: 200, epoch: 63 | loss: 0.1360661
	speed: 0.4997s/iter; left time: 10553.6759s
	iters: 300, epoch: 63 | loss: 0.1289900
	speed: 0.4994s/iter; left time: 10497.8664s
	iters: 400, epoch: 63 | loss: 0.1178621
	speed: 0.4964s/iter; left time: 10385.2176s
	iters: 500, epoch: 63 | loss: 0.1206732
	speed: 0.4954s/iter; left time: 10313.4055s
Epoch: 63 cost time: 279.3610370159149
Epoch: 63, Steps: 561 | Train Loss: 0.1262316 Vali Loss: 0.1113351 Test Loss: 0.1302515
EarlyStopping counter: 1 out of 10
Updating learning rate to 4.411987793142002e-05
	iters: 100, epoch: 64 | loss: 0.1221095
	speed: 1.2442s/iter; left time: 25702.5674s
	iters: 200, epoch: 64 | loss: 0.1185233
	speed: 0.4988s/iter; left time: 10254.8392s
	iters: 300, epoch: 64 | loss: 0.1413454
	speed: 0.4925s/iter; left time: 10075.2628s
	iters: 400, epoch: 64 | loss: 0.1365958
	speed: 0.4923s/iter; left time: 10021.7713s
	iters: 500, epoch: 64 | loss: 0.1285530
	speed: 0.4921s/iter; left time: 9968.0404s
Epoch: 64 cost time: 276.3761625289917
Epoch: 64, Steps: 561 | Train Loss: 0.1261458 Vali Loss: 0.1110358 Test Loss: 0.1300137
Validation loss decreased (0.111037 --> 0.111036).  Saving model ...
Updating learning rate to 4.2175051166766606e-05
	iters: 100, epoch: 65 | loss: 0.1220531
	speed: 1.2371s/iter; left time: 24862.2517s
	iters: 200, epoch: 65 | loss: 0.1173795
	speed: 0.4899s/iter; left time: 9796.7221s
	iters: 300, epoch: 65 | loss: 0.1303847
	speed: 0.4900s/iter; left time: 9748.8804s
	iters: 400, epoch: 65 | loss: 0.1106480
	speed: 0.4905s/iter; left time: 9710.3335s
	iters: 500, epoch: 65 | loss: 0.1154309
	speed: 0.4900s/iter; left time: 9651.7368s
Epoch: 65 cost time: 274.66480708122253
Epoch: 65, Steps: 561 | Train Loss: 0.1260025 Vali Loss: 0.1107662 Test Loss: 0.1303162
Validation loss decreased (0.111036 --> 0.110766).  Saving model ...
Updating learning rate to 4.024229021443595e-05
	iters: 100, epoch: 66 | loss: 0.1444325
	speed: 1.2366s/iter; left time: 24158.9961s
	iters: 200, epoch: 66 | loss: 0.1148398
	speed: 0.4899s/iter; left time: 9522.0618s
	iters: 300, epoch: 66 | loss: 0.1204020
	speed: 0.4900s/iter; left time: 9473.9580s
	iters: 400, epoch: 66 | loss: 0.1385044
	speed: 0.4900s/iter; left time: 9424.7303s
	iters: 500, epoch: 66 | loss: 0.1207066
	speed: 0.4899s/iter; left time: 9374.7691s
Epoch: 66 cost time: 274.5757737159729
Epoch: 66, Steps: 561 | Train Loss: 0.1258951 Vali Loss: 0.1111126 Test Loss: 0.1303609
EarlyStopping counter: 1 out of 10
Updating learning rate to 3.832457525172721e-05
	iters: 100, epoch: 67 | loss: 0.1204643
	speed: 1.2338s/iter; left time: 23411.3571s
	iters: 200, epoch: 67 | loss: 0.1267136
	speed: 0.4898s/iter; left time: 9244.0633s
	iters: 300, epoch: 67 | loss: 0.1300714
	speed: 0.4900s/iter; left time: 9200.1540s
	iters: 400, epoch: 67 | loss: 0.1378038
	speed: 0.4903s/iter; left time: 9156.3758s
	iters: 500, epoch: 67 | loss: 0.1324646
	speed: 0.4899s/iter; left time: 9099.1469s
Epoch: 67 cost time: 274.58430004119873
Epoch: 67, Steps: 561 | Train Loss: 0.1258360 Vali Loss: 0.1110382 Test Loss: 0.1303273
EarlyStopping counter: 2 out of 10
Updating learning rate to 3.642486325611416e-05
	iters: 100, epoch: 68 | loss: 0.1200380
	speed: 1.2322s/iter; left time: 22689.2964s
	iters: 200, epoch: 68 | loss: 0.1157675
	speed: 0.4894s/iter; left time: 8962.6298s
	iters: 300, epoch: 68 | loss: 0.1170269
	speed: 0.4897s/iter; left time: 8918.8803s
	iters: 400, epoch: 68 | loss: 0.1155566
	speed: 0.4897s/iter; left time: 8869.5457s
	iters: 500, epoch: 68 | loss: 0.1494861
	speed: 0.4896s/iter; left time: 8820.5382s
Epoch: 68 cost time: 274.34208607673645
Epoch: 68, Steps: 561 | Train Loss: 0.1256642 Vali Loss: 0.1110650 Test Loss: 0.1300031
EarlyStopping counter: 3 out of 10
Updating learning rate to 3.454608344580013e-05
	iters: 100, epoch: 69 | loss: 0.1160943
	speed: 1.2324s/iter; left time: 22002.5413s
	iters: 200, epoch: 69 | loss: 0.1218278
	speed: 0.4893s/iter; left time: 8685.9334s
	iters: 300, epoch: 69 | loss: 0.1186746
	speed: 0.4893s/iter; left time: 8637.2680s
	iters: 400, epoch: 69 | loss: 0.1593524
	speed: 0.4895s/iter; left time: 8592.3172s
	iters: 500, epoch: 69 | loss: 0.1250837
	speed: 0.4893s/iter; left time: 8540.0732s
Epoch: 69 cost time: 274.19779682159424
Epoch: 69, Steps: 561 | Train Loss: 0.1255499 Vali Loss: 0.1110038 Test Loss: 0.1302760
EarlyStopping counter: 4 out of 10
Updating learning rate to 3.269113276307597e-05
	iters: 100, epoch: 70 | loss: 0.1240150
	speed: 1.2306s/iter; left time: 21279.1787s
	iters: 200, epoch: 70 | loss: 0.1324527
	speed: 0.4891s/iter; left time: 8408.9039s
	iters: 300, epoch: 70 | loss: 0.1350041
	speed: 0.4895s/iter; left time: 8366.2184s
	iters: 400, epoch: 70 | loss: 0.1357754
	speed: 0.4892s/iter; left time: 8312.3904s
	iters: 500, epoch: 70 | loss: 0.1062742
	speed: 0.4893s/iter; left time: 8264.7285s
Epoch: 70 cost time: 274.14747071266174
Epoch: 70, Steps: 561 | Train Loss: 0.1255352 Vali Loss: 0.1109799 Test Loss: 0.1304685
EarlyStopping counter: 5 out of 10
Updating learning rate to 3.086287140744494e-05
	iters: 100, epoch: 71 | loss: 0.1182974
	speed: 1.2308s/iter; left time: 20593.2696s
	iters: 200, epoch: 71 | loss: 0.1161854
	speed: 0.4889s/iter; left time: 8130.5277s
	iters: 300, epoch: 71 | loss: 0.1387852
	speed: 0.4893s/iter; left time: 8088.6393s
	iters: 400, epoch: 71 | loss: 0.1277740
	speed: 0.4898s/iter; left time: 8047.9219s
	iters: 500, epoch: 71 | loss: 0.1409509
	speed: 0.4899s/iter; left time: 7999.9280s
Epoch: 71 cost time: 274.2303800582886
Epoch: 71, Steps: 561 | Train Loss: 0.1254563 Vali Loss: 0.1108953 Test Loss: 0.1300604
EarlyStopping counter: 6 out of 10
Updating learning rate to 2.9064118425402353e-05
	iters: 100, epoch: 72 | loss: 0.1162694
	speed: 1.2381s/iter; left time: 20019.3942s
	iters: 200, epoch: 72 | loss: 0.1174861
	speed: 0.4980s/iter; left time: 8002.2473s
	iters: 300, epoch: 72 | loss: 0.1259333
	speed: 0.4957s/iter; left time: 7915.8584s
	iters: 400, epoch: 72 | loss: 0.1109912
	speed: 0.5009s/iter; left time: 7948.8345s
	iters: 500, epoch: 72 | loss: 0.1152519
	speed: 0.5000s/iter; left time: 7885.0792s
Epoch: 72 cost time: 278.71818113327026
Epoch: 72, Steps: 561 | Train Loss: 0.1254004 Vali Loss: 0.1107526 Test Loss: 0.1302569
Validation loss decreased (0.110766 --> 0.110753).  Saving model ...
Updating learning rate to 2.729764736367036e-05
	iters: 100, epoch: 73 | loss: 0.1206655
	speed: 1.2575s/iter; left time: 19627.9218s
	iters: 200, epoch: 73 | loss: 0.1050790
	speed: 0.5000s/iter; left time: 7754.2396s
	iters: 300, epoch: 73 | loss: 0.1466335
	speed: 0.5000s/iter; left time: 7705.0751s
	iters: 400, epoch: 73 | loss: 0.1146244
	speed: 0.4999s/iter; left time: 7653.4966s
	iters: 500, epoch: 73 | loss: 0.1111475
	speed: 0.4959s/iter; left time: 7541.7541s
Epoch: 73 cost time: 279.5418326854706
Epoch: 73, Steps: 561 | Train Loss: 0.1252972 Vali Loss: 0.1108906 Test Loss: 0.1305227
EarlyStopping counter: 1 out of 10
Updating learning rate to 2.5566181992589746e-05
	iters: 100, epoch: 74 | loss: 0.1296857
	speed: 1.2465s/iter; left time: 18757.7216s
	iters: 200, epoch: 74 | loss: 0.1188864
	speed: 0.4980s/iter; left time: 7443.7286s
	iters: 300, epoch: 74 | loss: 0.1320374
	speed: 0.4945s/iter; left time: 7341.9384s
	iters: 400, epoch: 74 | loss: 0.1445143
	speed: 0.4929s/iter; left time: 7269.8442s
	iters: 500, epoch: 74 | loss: 0.1197156
	speed: 0.4932s/iter; left time: 7223.8077s
Epoch: 74 cost time: 276.99380898475647
Epoch: 74, Steps: 561 | Train Loss: 0.1251745 Vali Loss: 0.1109224 Test Loss: 0.1301618
EarlyStopping counter: 2 out of 10
Updating learning rate to 2.3872392106263583e-05
	iters: 100, epoch: 75 | loss: 0.1226480
	speed: 1.2395s/iter; left time: 17956.2042s
	iters: 200, epoch: 75 | loss: 0.1355452
	speed: 0.4899s/iter; left time: 7047.7589s
	iters: 300, epoch: 75 | loss: 0.1299653
	speed: 0.4898s/iter; left time: 6998.0180s
	iters: 400, epoch: 75 | loss: 0.1152894
	speed: 0.4900s/iter; left time: 6952.0373s
	iters: 500, epoch: 75 | loss: 0.1304520
	speed: 0.4952s/iter; left time: 6975.9412s
Epoch: 75 cost time: 275.2668080329895
Epoch: 75, Steps: 561 | Train Loss: 0.1250850 Vali Loss: 0.1105873 Test Loss: 0.1301296
Validation loss decreased (0.110753 --> 0.110587).  Saving model ...
Updating learning rate to 2.2218889405928293e-05
	iters: 100, epoch: 76 | loss: 0.1073065
	speed: 1.2391s/iter; left time: 17255.2939s
	iters: 200, epoch: 76 | loss: 0.1162167
	speed: 0.4900s/iter; left time: 6774.0913s
	iters: 300, epoch: 76 | loss: 0.1441139
	speed: 0.4901s/iter; left time: 6727.5371s
	iters: 400, epoch: 76 | loss: 0.1130748
	speed: 0.4901s/iter; left time: 6678.6867s
	iters: 500, epoch: 76 | loss: 0.1350316
	speed: 0.4900s/iter; left time: 6628.2098s
Epoch: 76 cost time: 274.69531083106995
Epoch: 76, Steps: 561 | Train Loss: 0.1250080 Vali Loss: 0.1109194 Test Loss: 0.1300920
EarlyStopping counter: 1 out of 10
Updating learning rate to 2.0608223472899484e-05
	iters: 100, epoch: 77 | loss: 0.1123960
	speed: 1.2357s/iter; left time: 16515.3433s
	iters: 200, epoch: 77 | loss: 0.1271456
	speed: 0.4901s/iter; left time: 6501.4869s
	iters: 300, epoch: 77 | loss: 0.1449582
	speed: 0.4901s/iter; left time: 6451.8407s
	iters: 400, epoch: 77 | loss: 0.1253570
	speed: 0.4901s/iter; left time: 6402.6662s
	iters: 500, epoch: 77 | loss: 0.1275512
	speed: 0.4901s/iter; left time: 6354.4247s
Epoch: 77 cost time: 274.67155051231384
Epoch: 77, Steps: 561 | Train Loss: 0.1250030 Vali Loss: 0.1104704 Test Loss: 0.1298524
Validation loss decreased (0.110587 --> 0.110470).  Saving model ...
Updating learning rate to 1.9042877837302525e-05
	iters: 100, epoch: 78 | loss: 0.1361063
	speed: 1.2354s/iter; left time: 15817.5235s
	iters: 200, epoch: 78 | loss: 0.1532438
	speed: 0.4898s/iter; left time: 6222.2767s
	iters: 300, epoch: 78 | loss: 0.1035516
	speed: 0.4899s/iter; left time: 6175.0332s
	iters: 400, epoch: 78 | loss: 0.1385954
	speed: 0.4901s/iter; left time: 6128.7636s
	iters: 500, epoch: 78 | loss: 0.1634167
	speed: 0.4899s/iter; left time: 6076.4239s
Epoch: 78 cost time: 274.5710759162903
Epoch: 78, Steps: 561 | Train Loss: 0.1248966 Vali Loss: 0.1108966 Test Loss: 0.1300611
EarlyStopping counter: 1 out of 10
Updating learning rate to 1.752526614864897e-05
	iters: 100, epoch: 79 | loss: 0.1142195
	speed: 1.2328s/iter; left time: 15093.7037s
	iters: 200, epoch: 79 | loss: 0.1227528
	speed: 0.4895s/iter; left time: 5944.0963s
	iters: 300, epoch: 79 | loss: 0.1429794
	speed: 0.4893s/iter; left time: 5893.2418s
	iters: 400, epoch: 79 | loss: 0.1143347
	speed: 0.4898s/iter; left time: 5849.3969s
	iters: 500, epoch: 79 | loss: 0.1284706
	speed: 0.4898s/iter; left time: 5800.8214s
Epoch: 79 cost time: 274.2799425125122
Epoch: 79, Steps: 561 | Train Loss: 0.1248825 Vali Loss: 0.1106784 Test Loss: 0.1301153
EarlyStopping counter: 2 out of 10
Updating learning rate to 1.6057728454164027e-05
	iters: 100, epoch: 80 | loss: 0.1220980
	speed: 1.2317s/iter; left time: 14388.3358s
	iters: 200, epoch: 80 | loss: 0.1266840
	speed: 0.4895s/iter; left time: 5669.7754s
	iters: 300, epoch: 80 | loss: 0.1019404
	speed: 0.4894s/iter; left time: 5619.7919s
	iters: 400, epoch: 80 | loss: 0.1367829
	speed: 0.4896s/iter; left time: 5572.1964s
	iters: 500, epoch: 80 | loss: 0.1210118
	speed: 0.4895s/iter; left time: 5522.3986s
Epoch: 80 cost time: 274.27826833724976
Epoch: 80, Steps: 561 | Train Loss: 0.1248257 Vali Loss: 0.1105742 Test Loss: 0.1300803
EarlyStopping counter: 3 out of 10
Updating learning rate to 1.4642527590603348e-05
	iters: 100, epoch: 81 | loss: 0.1166868
	speed: 1.2305s/iter; left time: 13683.9889s
	iters: 200, epoch: 81 | loss: 0.1151716
	speed: 0.4898s/iter; left time: 5397.7142s
	iters: 300, epoch: 81 | loss: 0.1378601
	speed: 0.4895s/iter; left time: 5345.3818s
	iters: 400, epoch: 81 | loss: 0.1281877
	speed: 0.4894s/iter; left time: 5295.4351s
	iters: 500, epoch: 81 | loss: 0.1134813
	speed: 0.4895s/iter; left time: 5247.7414s
Epoch: 81 cost time: 274.3043038845062
Epoch: 81, Steps: 561 | Train Loss: 0.1247657 Vali Loss: 0.1105925 Test Loss: 0.1299963
EarlyStopping counter: 4 out of 10
Updating learning rate to 1.3281845695122737e-05
	iters: 100, epoch: 82 | loss: 0.1178439
	speed: 1.2304s/iter; left time: 12993.1017s
	iters: 200, epoch: 82 | loss: 0.1214697
	speed: 0.4897s/iter; left time: 5121.8707s
	iters: 300, epoch: 82 | loss: 0.1178455
	speed: 0.4892s/iter; left time: 5068.4515s
	iters: 400, epoch: 82 | loss: 0.1109734
	speed: 0.4892s/iter; left time: 5019.6476s
	iters: 500, epoch: 82 | loss: 0.1053628
	speed: 0.4897s/iter; left time: 4975.4539s
Epoch: 82 cost time: 274.26322865486145
Epoch: 82, Steps: 561 | Train Loss: 0.1247000 Vali Loss: 0.1105047 Test Loss: 0.1299786
EarlyStopping counter: 5 out of 10
Updating learning rate to 1.1977780840580858e-05
	iters: 100, epoch: 83 | loss: 0.1348315
	speed: 1.2300s/iter; left time: 12298.3464s
	iters: 200, epoch: 83 | loss: 0.1223730
	speed: 0.4892s/iter; left time: 4842.3725s
	iters: 300, epoch: 83 | loss: 0.1327107
	speed: 0.4894s/iter; left time: 4795.6090s
	iters: 400, epoch: 83 | loss: 0.1210375
	speed: 0.4895s/iter; left time: 4747.2206s
	iters: 500, epoch: 83 | loss: 0.1440816
	speed: 0.4893s/iter; left time: 4696.5684s
Epoch: 83 cost time: 274.19647455215454
Epoch: 83, Steps: 561 | Train Loss: 0.1246329 Vali Loss: 0.1107426 Test Loss: 0.1300791
EarlyStopping counter: 6 out of 10
Updating learning rate to 1.0732343800462879e-05
	iters: 100, epoch: 84 | loss: 0.1178335
	speed: 1.2293s/iter; left time: 11602.1068s
	iters: 200, epoch: 84 | loss: 0.1210526
	speed: 0.4894s/iter; left time: 4570.3767s
	iters: 300, epoch: 84 | loss: 0.1500763
	speed: 0.4893s/iter; left time: 4520.5442s
	iters: 400, epoch: 84 | loss: 0.1177856
	speed: 0.4894s/iter; left time: 4472.0333s
	iters: 500, epoch: 84 | loss: 0.1207312
	speed: 0.4895s/iter; left time: 4423.7284s
Epoch: 84 cost time: 274.1842212677002
Epoch: 84, Steps: 561 | Train Loss: 0.1245825 Vali Loss: 0.1105101 Test Loss: 0.1297726
EarlyStopping counter: 7 out of 10
Updating learning rate to 9.547454948413586e-06
	iters: 100, epoch: 85 | loss: 0.1417626
	speed: 1.2297s/iter; left time: 10916.3154s
	iters: 200, epoch: 85 | loss: 0.1200379
	speed: 0.4887s/iter; left time: 4289.6554s
	iters: 300, epoch: 85 | loss: 0.1274479
	speed: 0.4893s/iter; left time: 4245.7116s
	iters: 400, epoch: 85 | loss: 0.1424267
	speed: 0.4896s/iter; left time: 4199.0828s
	iters: 500, epoch: 85 | loss: 0.1163954
	speed: 0.4895s/iter; left time: 4149.3810s
Epoch: 85 cost time: 274.1283791065216
Epoch: 85, Steps: 561 | Train Loss: 0.1245827 Vali Loss: 0.1107420 Test Loss: 0.1300926
EarlyStopping counter: 8 out of 10
Updating learning rate to 8.4249412971604e-06
	iters: 100, epoch: 86 | loss: 0.1325428
	speed: 1.2328s/iter; left time: 10251.7645s
	iters: 200, epoch: 86 | loss: 0.1175074
	speed: 0.4893s/iter; left time: 4019.7507s
	iters: 300, epoch: 86 | loss: 0.1275697
	speed: 0.4895s/iter; left time: 3973.0993s
	iters: 400, epoch: 86 | loss: 0.1180703
	speed: 0.4894s/iter; left time: 3922.7965s
	iters: 500, epoch: 86 | loss: 0.1171328
	speed: 0.4892s/iter; left time: 3872.6299s
Epoch: 86 cost time: 274.1352026462555
Epoch: 86, Steps: 561 | Train Loss: 0.1245203 Vali Loss: 0.1105244 Test Loss: 0.1300163
EarlyStopping counter: 9 out of 10
Updating learning rate to 7.366533681392112e-06
	iters: 100, epoch: 87 | loss: 0.1255288
	speed: 1.2316s/iter; left time: 9550.9865s
	iters: 200, epoch: 87 | loss: 0.1169552
	speed: 0.4892s/iter; left time: 3744.7546s
	iters: 300, epoch: 87 | loss: 0.1122661
	speed: 0.4897s/iter; left time: 3699.9313s
	iters: 400, epoch: 87 | loss: 0.1405485
	speed: 0.4895s/iter; left time: 3649.4544s
	iters: 500, epoch: 87 | loss: 0.1226834
	speed: 0.4892s/iter; left time: 3598.1807s
Epoch: 87 cost time: 274.1976091861725
Epoch: 87, Steps: 561 | Train Loss: 0.1244096 Vali Loss: 0.1106433 Test Loss: 0.1300052
EarlyStopping counter: 10 out of 10
Early stopping
>>>>>>>testing : Baseline_electricity_336_96_PatchTST_custom_ftM_sl336_ll48_pl96_dm128_nh16_el3_dl1_df256_fc1_ebtimeF_dtTrue_Exp_0<<<<<<<<<<<<<<<<<<<<<<<<<<<<<<<<<
test 5165
mse:0.12985242903232574, mae:0.22288711369037628, rse:0.35824310779571533
Args in experiment:
Namespace(random_seed=2021, is_training=1, model_id='Baseline_electricity_336_192', model='PatchTST', data='custom', root_path='./dataset/', data_path='electricity.csv', features='M', target='OT', freq='h', checkpoints='./checkpoints/', seq_len=336, label_len=48, pred_len=192, fc_dropout=0.2, head_dropout=0.0, patch_len=16, stride=8, padding_patch='end', revin=1, affine=0, subtract_last=0, decomposition=0, kernel_size=25, individual=0, embed_type=0, enc_in=321, dec_in=7, c_out=7, d_model=128, n_heads=16, e_layers=3, d_layers=1, d_ff=256, moving_avg=25, factor=1, distil=True, dropout=0.2, embed='timeF', activation='gelu', output_attention=False, do_predict=False, num_workers=0, itr=1, train_epochs=100, batch_size=32, patience=10, learning_rate=0.0001, des='Exp', loss='mse', lradj='TST', pct_start=0.2, use_amp=False, use_gpu=True, gpu=0, use_multi_gpu=False, devices='0,1,2,3', test_flop=False)
Use GPU: cuda:0
>>>>>>>start training : Baseline_electricity_336_192_PatchTST_custom_ftM_sl336_ll48_pl192_dm128_nh16_el3_dl1_df256_fc1_ebtimeF_dtTrue_Exp_0>>>>>>>>>>>>>>>>>>>>>>>>>>
train 17885
val 2441
test 5069
	iters: 100, epoch: 1 | loss: 0.4577714
	speed: 0.4957s/iter; left time: 27608.5800s
	iters: 200, epoch: 1 | loss: 0.3473082
	speed: 0.5042s/iter; left time: 28034.7719s
	iters: 300, epoch: 1 | loss: 0.3264455
	speed: 0.5030s/iter; left time: 27915.4057s
	iters: 400, epoch: 1 | loss: 0.2908739
	speed: 0.4977s/iter; left time: 27571.3491s
	iters: 500, epoch: 1 | loss: 0.2912829
	speed: 0.4955s/iter; left time: 27402.1785s
Epoch: 1 cost time: 276.64205408096313
Epoch: 1, Steps: 558 | Train Loss: 0.4077314 Vali Loss: 0.1935918 Test Loss: 0.2173088
Validation loss decreased (inf --> 0.193592).  Saving model ...
Updating learning rate to 4.5910653544975e-06
	iters: 100, epoch: 2 | loss: 0.2705771
	speed: 1.2338s/iter; left time: 68036.9969s
	iters: 200, epoch: 2 | loss: 0.2582803
	speed: 0.4946s/iter; left time: 27224.0252s
	iters: 300, epoch: 2 | loss: 0.2365101
	speed: 0.4946s/iter; left time: 27172.1414s
	iters: 400, epoch: 2 | loss: 0.2489913
	speed: 0.4945s/iter; left time: 27119.2539s
	iters: 500, epoch: 2 | loss: 0.2273018
	speed: 0.4943s/iter; left time: 27058.1758s
Epoch: 2 cost time: 275.3959631919861
Epoch: 2, Steps: 558 | Train Loss: 0.2516630 Vali Loss: 0.1612996 Test Loss: 0.1840873
Validation loss decreased (0.193592 --> 0.161300).  Saving model ...
Updating learning rate to 6.34970482410307e-06
	iters: 100, epoch: 3 | loss: 0.2239686
	speed: 1.2315s/iter; left time: 67222.1675s
	iters: 200, epoch: 3 | loss: 0.2161809
	speed: 0.4953s/iter; left time: 26984.4818s
	iters: 300, epoch: 3 | loss: 0.2382088
	speed: 0.4951s/iter; left time: 26925.2314s
	iters: 400, epoch: 3 | loss: 0.2022349
	speed: 0.5049s/iter; left time: 27407.3352s
	iters: 500, epoch: 3 | loss: 0.2133636
	speed: 0.5016s/iter; left time: 27178.1323s
Epoch: 3 cost time: 277.9406785964966
Epoch: 3, Steps: 558 | Train Loss: 0.2131263 Vali Loss: 0.1475748 Test Loss: 0.1698952
Validation loss decreased (0.161300 --> 0.147575).  Saving model ...
Updating learning rate to 9.232607122919344e-06
	iters: 100, epoch: 4 | loss: 0.1949939
	speed: 1.2512s/iter; left time: 67598.7963s
	iters: 200, epoch: 4 | loss: 0.2019113
	speed: 0.5064s/iter; left time: 27306.3270s
	iters: 300, epoch: 4 | loss: 0.1967965
	speed: 0.5143s/iter; left time: 27684.5241s
	iters: 400, epoch: 4 | loss: 0.1901817
	speed: 0.5053s/iter; left time: 27150.0872s
	iters: 500, epoch: 4 | loss: 0.1916762
	speed: 0.5061s/iter; left time: 27139.9278s
Epoch: 4 cost time: 282.4619424343109
Epoch: 4, Steps: 558 | Train Loss: 0.1944592 Vali Loss: 0.1414113 Test Loss: 0.1635613
Validation loss decreased (0.147575 --> 0.141411).  Saving model ...
Updating learning rate to 1.3168772931395015e-05
	iters: 100, epoch: 5 | loss: 0.1749360
	speed: 1.2558s/iter; left time: 67144.1139s
	iters: 200, epoch: 5 | loss: 0.2132547
	speed: 0.5032s/iter; left time: 26856.1917s
	iters: 300, epoch: 5 | loss: 0.1976680
	speed: 0.5016s/iter; left time: 26721.4983s
	iters: 400, epoch: 5 | loss: 0.1799976
	speed: 0.5018s/iter; left time: 26679.1752s
	iters: 500, epoch: 5 | loss: 0.1612064
	speed: 0.5016s/iter; left time: 26621.7266s
Epoch: 5 cost time: 279.8178355693817
Epoch: 5, Steps: 558 | Train Loss: 0.1850253 Vali Loss: 0.1385232 Test Loss: 0.1603137
Validation loss decreased (0.141411 --> 0.138523).  Saving model ...
Updating learning rate to 1.8061263447907304e-05
	iters: 100, epoch: 6 | loss: 0.1762159
	speed: 1.2434s/iter; left time: 65791.5134s
	iters: 200, epoch: 6 | loss: 0.1586882
	speed: 0.4951s/iter; left time: 26148.3801s
	iters: 300, epoch: 6 | loss: 0.1744877
	speed: 0.5031s/iter; left time: 26518.6653s
	iters: 400, epoch: 6 | loss: 0.1748435
	speed: 0.4971s/iter; left time: 26154.9317s
	iters: 500, epoch: 6 | loss: 0.1702277
	speed: 0.4970s/iter; left time: 26097.9121s
Epoch: 6 cost time: 277.32811546325684
Epoch: 6, Steps: 558 | Train Loss: 0.1793238 Vali Loss: 0.1364065 Test Loss: 0.1582182
Validation loss decreased (0.138523 --> 0.136406).  Saving model ...
Updating learning rate to 2.3789587770726254e-05
	iters: 100, epoch: 7 | loss: 0.1782870
	speed: 1.2366s/iter; left time: 64739.9323s
	iters: 200, epoch: 7 | loss: 0.1469284
	speed: 0.4950s/iter; left time: 25866.8316s
	iters: 300, epoch: 7 | loss: 0.1627082
	speed: 0.4950s/iter; left time: 25813.3606s
	iters: 400, epoch: 7 | loss: 0.1644536
	speed: 0.4951s/iter; left time: 25772.9525s
	iters: 500, epoch: 7 | loss: 0.1763205
	speed: 0.4950s/iter; left time: 25719.1997s
Epoch: 7 cost time: 276.03306794166565
Epoch: 7, Steps: 558 | Train Loss: 0.1753015 Vali Loss: 0.1352886 Test Loss: 0.1573088
Validation loss decreased (0.136406 --> 0.135289).  Saving model ...
Updating learning rate to 3.021267031457922e-05
	iters: 100, epoch: 8 | loss: 0.1835110
	speed: 1.2367s/iter; left time: 64055.8515s
	iters: 200, epoch: 8 | loss: 0.1680747
	speed: 0.4951s/iter; left time: 25593.4599s
	iters: 300, epoch: 8 | loss: 0.1603165
	speed: 0.4950s/iter; left time: 25537.5440s
	iters: 400, epoch: 8 | loss: 0.1686680
	speed: 0.4949s/iter; left time: 25485.2315s
	iters: 500, epoch: 8 | loss: 0.1953893
	speed: 0.4952s/iter; left time: 25449.4222s
Epoch: 8 cost time: 275.8945598602295
Epoch: 8, Steps: 558 | Train Loss: 0.1724002 Vali Loss: 0.1350816 Test Loss: 0.1573667
Validation loss decreased (0.135289 --> 0.135082).  Saving model ...
Updating learning rate to 3.7172325181101666e-05
	iters: 100, epoch: 9 | loss: 0.1532096
	speed: 1.2373s/iter; left time: 63393.1243s
	iters: 200, epoch: 9 | loss: 0.1888767
	speed: 0.4948s/iter; left time: 25303.1872s
	iters: 300, epoch: 9 | loss: 0.1648056
	speed: 0.4952s/iter; left time: 25272.6114s
	iters: 400, epoch: 9 | loss: 0.1770805
	speed: 0.4949s/iter; left time: 25206.9544s
	iters: 500, epoch: 9 | loss: 0.1721983
	speed: 0.4948s/iter; left time: 25153.5687s
Epoch: 9 cost time: 275.8472263813019
Epoch: 9, Steps: 558 | Train Loss: 0.1700871 Vali Loss: 0.1330840 Test Loss: 0.1552530
Validation loss decreased (0.135082 --> 0.133084).  Saving model ...
Updating learning rate to 4.449715191734102e-05
	iters: 100, epoch: 10 | loss: 0.1819687
	speed: 1.2369s/iter; left time: 62682.5544s
	iters: 200, epoch: 10 | loss: 0.1562538
	speed: 0.4949s/iter; left time: 25031.3097s
	iters: 300, epoch: 10 | loss: 0.1598370
	speed: 0.4949s/iter; left time: 24981.1363s
	iters: 400, epoch: 10 | loss: 0.1787602
	speed: 0.4950s/iter; left time: 24938.1787s
	iters: 500, epoch: 10 | loss: 0.1697344
	speed: 0.4947s/iter; left time: 24871.9512s
Epoch: 10 cost time: 275.67840027809143
Epoch: 10, Steps: 558 | Train Loss: 0.1678232 Vali Loss: 0.1348366 Test Loss: 0.1569927
EarlyStopping counter: 1 out of 10
Updating learning rate to 5.2006756718651956e-05
	iters: 100, epoch: 11 | loss: 0.1573660
	speed: 1.2325s/iter; left time: 61773.5211s
	iters: 200, epoch: 11 | loss: 0.1864040
	speed: 0.4946s/iter; left time: 24740.0825s
	iters: 300, epoch: 11 | loss: 0.1691179
	speed: 0.4946s/iter; left time: 24693.0231s
	iters: 400, epoch: 11 | loss: 0.1594056
	speed: 0.4946s/iter; left time: 24643.7679s
	iters: 500, epoch: 11 | loss: 0.1840531
	speed: 0.4945s/iter; left time: 24586.7124s
Epoch: 11 cost time: 275.5621774196625
Epoch: 11, Steps: 558 | Train Loss: 0.1657992 Vali Loss: 0.1323825 Test Loss: 0.1544108
Validation loss decreased (0.133084 --> 0.132382).  Saving model ...
Updating learning rate to 5.9516195117366834e-05
	iters: 100, epoch: 12 | loss: 0.1604046
	speed: 1.2354s/iter; left time: 61227.6975s
	iters: 200, epoch: 12 | loss: 0.1571680
	speed: 0.4942s/iter; left time: 24446.1135s
	iters: 300, epoch: 12 | loss: 0.1553559
	speed: 0.4945s/iter; left time: 24408.5371s
	iters: 400, epoch: 12 | loss: 0.1828158
	speed: 0.4945s/iter; left time: 24359.2667s
	iters: 500, epoch: 12 | loss: 0.1608170
	speed: 0.4945s/iter; left time: 24308.7108s
Epoch: 12 cost time: 275.4488294124603
Epoch: 12, Steps: 558 | Train Loss: 0.1641990 Vali Loss: 0.1322008 Test Loss: 0.1538973
Validation loss decreased (0.132382 --> 0.132201).  Saving model ...
Updating learning rate to 6.68405267439351e-05
	iters: 100, epoch: 13 | loss: 0.1583944
	speed: 1.2309s/iter; left time: 60318.2246s
	iters: 200, epoch: 13 | loss: 0.1436884
	speed: 0.4947s/iter; left time: 24192.1254s
	iters: 300, epoch: 13 | loss: 0.1536509
	speed: 0.4947s/iter; left time: 24145.2704s
	iters: 400, epoch: 13 | loss: 0.1641698
	speed: 0.4944s/iter; left time: 24080.6494s
	iters: 500, epoch: 13 | loss: 0.1638007
	speed: 0.4944s/iter; left time: 24027.9181s
Epoch: 13 cost time: 275.5288679599762
Epoch: 13, Steps: 558 | Train Loss: 0.1623041 Vali Loss: 0.1322372 Test Loss: 0.1536162
EarlyStopping counter: 1 out of 10
Updating learning rate to 7.379936998713528e-05
	iters: 100, epoch: 14 | loss: 0.1504676
	speed: 1.2318s/iter; left time: 59678.5514s
	iters: 200, epoch: 14 | loss: 0.1402231
	speed: 0.4945s/iter; left time: 23907.6835s
	iters: 300, epoch: 14 | loss: 0.1561738
	speed: 0.4950s/iter; left time: 23881.0420s
	iters: 400, epoch: 14 | loss: 0.1535575
	speed: 0.4943s/iter; left time: 23799.6858s
	iters: 500, epoch: 14 | loss: 0.1579923
	speed: 0.4943s/iter; left time: 23749.9018s
Epoch: 14 cost time: 275.5532932281494
Epoch: 14, Steps: 558 | Train Loss: 0.1610864 Vali Loss: 0.1312040 Test Loss: 0.1527447
Validation loss decreased (0.132201 --> 0.131204).  Saving model ...
Updating learning rate to 8.022134438244928e-05
	iters: 100, epoch: 15 | loss: 0.1530476
	speed: 1.2305s/iter; left time: 58928.1933s
	iters: 200, epoch: 15 | loss: 0.1286398
	speed: 0.4942s/iter; left time: 23615.1476s
	iters: 300, epoch: 15 | loss: 0.1655737
	speed: 0.4945s/iter; left time: 23580.5773s
	iters: 400, epoch: 15 | loss: 0.1850854
	speed: 0.4941s/iter; left time: 23511.6384s
	iters: 500, epoch: 15 | loss: 0.1652252
	speed: 0.4942s/iter; left time: 23471.2874s
Epoch: 15 cost time: 275.3902609348297
Epoch: 15, Steps: 558 | Train Loss: 0.1600055 Vali Loss: 0.1318117 Test Loss: 0.1530274
EarlyStopping counter: 1 out of 10
Updating learning rate to 8.594829132268792e-05
	iters: 100, epoch: 16 | loss: 0.1815537
	speed: 1.2307s/iter; left time: 58249.7707s
	iters: 200, epoch: 16 | loss: 0.1678901
	speed: 0.4939s/iter; left time: 23328.3874s
	iters: 300, epoch: 16 | loss: 0.1510941
	speed: 0.4944s/iter; left time: 23299.4256s
	iters: 400, epoch: 16 | loss: 0.1833007
	speed: 0.4942s/iter; left time: 23242.4760s
	iters: 500, epoch: 16 | loss: 0.1438498
	speed: 0.4945s/iter; left time: 23207.1758s
Epoch: 16 cost time: 275.35286045074463
Epoch: 16, Steps: 558 | Train Loss: 0.1587998 Vali Loss: 0.1319456 Test Loss: 0.1533025
EarlyStopping counter: 2 out of 10
Updating learning rate to 9.083916914437535e-05
	iters: 100, epoch: 17 | loss: 0.1577787
	speed: 1.2372s/iter; left time: 57869.3022s
	iters: 200, epoch: 17 | loss: 0.1632188
	speed: 0.4952s/iter; left time: 23112.4930s
	iters: 300, epoch: 17 | loss: 0.1826788
	speed: 0.5008s/iter; left time: 23322.6181s
	iters: 400, epoch: 17 | loss: 0.1497031
	speed: 0.5019s/iter; left time: 23325.4729s
	iters: 500, epoch: 17 | loss: 0.1569561
	speed: 0.5012s/iter; left time: 23243.2367s
Epoch: 17 cost time: 278.65556955337524
Epoch: 17, Steps: 558 | Train Loss: 0.1579898 Vali Loss: 0.1311380 Test Loss: 0.1528386
Validation loss decreased (0.131204 --> 0.131138).  Saving model ...
Updating learning rate to 9.477352666278324e-05
	iters: 100, epoch: 18 | loss: 0.1451998
	speed: 1.2624s/iter; left time: 58343.0544s
	iters: 200, epoch: 18 | loss: 0.1712881
	speed: 0.5069s/iter; left time: 23375.0211s
	iters: 300, epoch: 18 | loss: 0.1534433
	speed: 0.5066s/iter; left time: 23312.3872s
	iters: 400, epoch: 18 | loss: 0.1581786
	speed: 0.5067s/iter; left time: 23265.2425s
	iters: 500, epoch: 18 | loss: 0.1929907
	speed: 0.5154s/iter; left time: 23611.6197s
Epoch: 18 cost time: 282.9569478034973
Epoch: 18, Steps: 558 | Train Loss: 0.1572419 Vali Loss: 0.1315240 Test Loss: 0.1531442
EarlyStopping counter: 1 out of 10
Updating learning rate to 9.765446961035586e-05
	iters: 100, epoch: 19 | loss: 0.1467087
	speed: 1.2537s/iter; left time: 57238.8307s
	iters: 200, epoch: 19 | loss: 0.1574485
	speed: 0.5054s/iter; left time: 23024.2359s
	iters: 300, epoch: 19 | loss: 0.1350661
	speed: 0.5021s/iter; left time: 22824.0441s
	iters: 400, epoch: 19 | loss: 0.1771967
	speed: 0.5014s/iter; left time: 22741.0933s
	iters: 500, epoch: 19 | loss: 0.1606002
	speed: 0.5014s/iter; left time: 22690.0002s
Epoch: 19 cost time: 279.8694703578949
Epoch: 19, Steps: 558 | Train Loss: 0.1564400 Vali Loss: 0.1318217 Test Loss: 0.1540758
EarlyStopping counter: 2 out of 10
Updating learning rate to 9.941104692190178e-05
	iters: 100, epoch: 20 | loss: 0.1563484
	speed: 1.2432s/iter; left time: 56068.0960s
	iters: 200, epoch: 20 | loss: 0.1665616
	speed: 0.5025s/iter; left time: 22613.2213s
	iters: 300, epoch: 20 | loss: 0.1611798
	speed: 0.5005s/iter; left time: 22472.7854s
	iters: 400, epoch: 20 | loss: 0.1561676
	speed: 0.4983s/iter; left time: 22324.7175s
	iters: 500, epoch: 20 | loss: 0.1633706
	speed: 0.4983s/iter; left time: 22272.8593s
Epoch: 20 cost time: 278.24832105636597
Epoch: 20, Steps: 558 | Train Loss: 0.1556717 Vali Loss: 0.1301383 Test Loss: 0.1510990
Validation loss decreased (0.131138 --> 0.130138).  Saving model ...
Updating learning rate to 9.999999987618034e-05
	iters: 100, epoch: 21 | loss: 0.1468663
	speed: 1.2415s/iter; left time: 55299.6270s
	iters: 200, epoch: 21 | loss: 0.1354991
	speed: 0.4950s/iter; left time: 21999.2067s
	iters: 300, epoch: 21 | loss: 0.1532863
	speed: 0.4949s/iter; left time: 21946.5358s
	iters: 400, epoch: 21 | loss: 0.1394866
	speed: 0.4952s/iter; left time: 21907.1530s
	iters: 500, epoch: 21 | loss: 0.1428944
	speed: 0.4950s/iter; left time: 21850.4083s
Epoch: 21 cost time: 276.4492325782776
Epoch: 21, Steps: 558 | Train Loss: 0.1549950 Vali Loss: 0.1306407 Test Loss: 0.1514593
EarlyStopping counter: 1 out of 10
Updating learning rate to 9.996131369526531e-05
	iters: 100, epoch: 22 | loss: 0.1395303
	speed: 1.2398s/iter; left time: 54527.9702s
	iters: 200, epoch: 22 | loss: 0.1510008
	speed: 0.4946s/iter; left time: 21704.8820s
	iters: 300, epoch: 22 | loss: 0.1317075
	speed: 0.4948s/iter; left time: 21661.8493s
	iters: 400, epoch: 22 | loss: 0.1556228
	speed: 0.4951s/iter; left time: 21627.4988s
	iters: 500, epoch: 22 | loss: 0.1863717
	speed: 0.4950s/iter; left time: 21575.1562s
Epoch: 22 cost time: 275.8531370162964
Epoch: 22, Steps: 558 | Train Loss: 0.1542924 Vali Loss: 0.1297385 Test Loss: 0.1505532
Validation loss decreased (0.130138 --> 0.129739).  Saving model ...
Updating learning rate to 9.984559109828595e-05
	iters: 100, epoch: 23 | loss: 0.1560279
	speed: 1.2373s/iter; left time: 53731.2412s
	iters: 200, epoch: 23 | loss: 0.1398167
	speed: 0.4949s/iter; left time: 21443.5427s
	iters: 300, epoch: 23 | loss: 0.1563666
	speed: 0.4950s/iter; left time: 21394.5572s
	iters: 400, epoch: 23 | loss: 0.1659704
	speed: 0.4949s/iter; left time: 21343.4619s
	iters: 500, epoch: 23 | loss: 0.1920737
	speed: 0.4952s/iter; left time: 21304.2694s
Epoch: 23 cost time: 275.89382576942444
Epoch: 23, Steps: 558 | Train Loss: 0.1535141 Vali Loss: 0.1298335 Test Loss: 0.1511283
EarlyStopping counter: 1 out of 10
Updating learning rate to 9.965301052109906e-05
	iters: 100, epoch: 24 | loss: 0.1612627
	speed: 1.2320s/iter; left time: 52812.8796s
	iters: 200, epoch: 24 | loss: 0.1531977
	speed: 0.4950s/iter; left time: 21168.6205s
	iters: 300, epoch: 24 | loss: 0.1494266
	speed: 0.4949s/iter; left time: 21115.0445s
	iters: 400, epoch: 24 | loss: 0.1542405
	speed: 0.4949s/iter; left time: 21067.3989s
	iters: 500, epoch: 24 | loss: 0.1387046
	speed: 0.4947s/iter; left time: 21008.7585s
Epoch: 24 cost time: 275.72866654396057
Epoch: 24, Steps: 558 | Train Loss: 0.1528787 Vali Loss: 0.1304059 Test Loss: 0.1508356
EarlyStopping counter: 2 out of 10
Updating learning rate to 9.938386890899613e-05
	iters: 100, epoch: 25 | loss: 0.1907963
	speed: 1.2320s/iter; left time: 52122.7699s
	iters: 200, epoch: 25 | loss: 0.1524245
	speed: 0.4950s/iter; left time: 20892.7706s
	iters: 300, epoch: 25 | loss: 0.1493077
	speed: 0.4952s/iter; left time: 20851.1308s
	iters: 400, epoch: 25 | loss: 0.1514002
	speed: 0.4956s/iter; left time: 20820.5791s
	iters: 500, epoch: 25 | loss: 0.1483254
	speed: 0.4949s/iter; left time: 20740.5509s
Epoch: 25 cost time: 275.8738639354706
Epoch: 25, Steps: 558 | Train Loss: 0.1523882 Vali Loss: 0.1293633 Test Loss: 0.1507402
Validation loss decreased (0.129739 --> 0.129363).  Saving model ...
Updating learning rate to 9.903858125883524e-05
	iters: 100, epoch: 26 | loss: 0.1411263
	speed: 1.2320s/iter; left time: 51435.7737s
	iters: 200, epoch: 26 | loss: 0.1426875
	speed: 0.4946s/iter; left time: 20599.6199s
	iters: 300, epoch: 26 | loss: 0.1532319
	speed: 0.4942s/iter; left time: 20533.7974s
	iters: 400, epoch: 26 | loss: 0.1311421
	speed: 0.4945s/iter; left time: 20497.9493s
	iters: 500, epoch: 26 | loss: 0.1490125
	speed: 0.4944s/iter; left time: 20441.8934s
Epoch: 26 cost time: 275.53901076316833
Epoch: 26, Steps: 558 | Train Loss: 0.1519320 Vali Loss: 0.1300001 Test Loss: 0.1513331
EarlyStopping counter: 1 out of 10
Updating learning rate to 9.861767997914602e-05
	iters: 100, epoch: 27 | loss: 0.1567067
	speed: 1.2325s/iter; left time: 50769.8234s
	iters: 200, epoch: 27 | loss: 0.1554174
	speed: 0.4950s/iter; left time: 20341.2308s
	iters: 300, epoch: 27 | loss: 0.1582570
	speed: 0.4994s/iter; left time: 20470.6586s
	iters: 400, epoch: 27 | loss: 0.1666981
	speed: 0.5023s/iter; left time: 20540.6889s
	iters: 500, epoch: 27 | loss: 0.1428756
	speed: 0.5006s/iter; left time: 20420.8008s
Epoch: 27 cost time: 278.2640583515167
Epoch: 27, Steps: 558 | Train Loss: 0.1513139 Vali Loss: 0.1289780 Test Loss: 0.1490085
Validation loss decreased (0.129363 --> 0.128978).  Saving model ...
Updating learning rate to 9.812181406919418e-05
	iters: 100, epoch: 28 | loss: 0.1378414
	speed: 1.2654s/iter; left time: 51417.6554s
	iters: 200, epoch: 28 | loss: 0.1392385
	speed: 0.5066s/iter; left time: 20536.5593s
	iters: 300, epoch: 28 | loss: 0.1328810
	speed: 0.5069s/iter; left time: 20498.4830s
	iters: 400, epoch: 28 | loss: 0.1563165
	speed: 0.5035s/iter; left time: 20309.4955s
	iters: 500, epoch: 28 | loss: 0.1397968
	speed: 0.5086s/iter; left time: 20462.6160s
Epoch: 28 cost time: 282.1307134628296
Epoch: 28, Steps: 558 | Train Loss: 0.1508057 Vali Loss: 0.1302189 Test Loss: 0.1511477
EarlyStopping counter: 1 out of 10
Updating learning rate to 9.755174811827183e-05
	iters: 100, epoch: 29 | loss: 0.1439049
	speed: 1.2549s/iter; left time: 50292.0130s
	iters: 200, epoch: 29 | loss: 0.1564582
	speed: 0.5016s/iter; left time: 20050.7649s
	iters: 300, epoch: 29 | loss: 0.1484807
	speed: 0.5015s/iter; left time: 20000.0008s
	iters: 400, epoch: 29 | loss: 0.1414723
	speed: 0.5011s/iter; left time: 19932.9386s
	iters: 500, epoch: 29 | loss: 0.1451540
	speed: 0.4968s/iter; left time: 19712.3403s
Epoch: 29 cost time: 278.88528871536255
Epoch: 29, Steps: 558 | Train Loss: 0.1504165 Vali Loss: 0.1288076 Test Loss: 0.1497283
Validation loss decreased (0.128978 --> 0.128808).  Saving model ...
Updating learning rate to 9.690836112675605e-05
	iters: 100, epoch: 30 | loss: 0.1409862
	speed: 1.2494s/iter; left time: 49374.8963s
	iters: 200, epoch: 30 | loss: 0.1462549
	speed: 0.5012s/iter; left time: 19755.0047s
	iters: 300, epoch: 30 | loss: 0.1412435
	speed: 0.4977s/iter; left time: 19570.4085s
	iters: 400, epoch: 30 | loss: 0.1430555
	speed: 0.4977s/iter; left time: 19517.8572s
	iters: 500, epoch: 30 | loss: 0.1385535
	speed: 0.4978s/iter; left time: 19474.9445s
Epoch: 30 cost time: 277.57841777801514
Epoch: 30, Steps: 558 | Train Loss: 0.1499104 Vali Loss: 0.1285356 Test Loss: 0.1504119
Validation loss decreased (0.128808 --> 0.128536).  Saving model ...
Updating learning rate to 9.619264515075417e-05
	iters: 100, epoch: 31 | loss: 0.1378034
	speed: 1.2366s/iter; left time: 48178.2859s
	iters: 200, epoch: 31 | loss: 0.1701299
	speed: 0.4948s/iter; left time: 19229.0992s
	iters: 300, epoch: 31 | loss: 0.1375019
	speed: 0.4949s/iter; left time: 19181.4403s
	iters: 400, epoch: 31 | loss: 0.1702813
	speed: 0.4951s/iter; left time: 19141.5330s
	iters: 500, epoch: 31 | loss: 0.1433253
	speed: 0.4951s/iter; left time: 19090.7449s
Epoch: 31 cost time: 275.8967487812042
Epoch: 31, Steps: 558 | Train Loss: 0.1494211 Vali Loss: 0.1275390 Test Loss: 0.1486185
Validation loss decreased (0.128536 --> 0.127539).  Saving model ...
Updating learning rate to 9.5405703772425e-05
	iters: 100, epoch: 32 | loss: 0.1520563
	speed: 1.2379s/iter; left time: 47539.3952s
	iters: 200, epoch: 32 | loss: 0.1394369
	speed: 0.4953s/iter; left time: 18970.9675s
	iters: 300, epoch: 32 | loss: 0.1417261
	speed: 0.4950s/iter; left time: 18911.7275s
	iters: 400, epoch: 32 | loss: 0.1466844
	speed: 0.4951s/iter; left time: 18865.5814s
	iters: 500, epoch: 32 | loss: 0.1312935
	speed: 0.4951s/iter; left time: 18814.5407s
Epoch: 32 cost time: 275.9739234447479
Epoch: 32, Steps: 558 | Train Loss: 0.1490660 Vali Loss: 0.1279342 Test Loss: 0.1484986
EarlyStopping counter: 1 out of 10
Updating learning rate to 9.454875039833535e-05
	iters: 100, epoch: 33 | loss: 0.1716966
	speed: 1.2353s/iter; left time: 46750.9495s
	iters: 200, epoch: 33 | loss: 0.1570169
	speed: 0.4950s/iter; left time: 18683.5049s
	iters: 300, epoch: 33 | loss: 0.1481856
	speed: 0.4950s/iter; left time: 18635.3530s
	iters: 400, epoch: 33 | loss: 0.1440456
	speed: 0.4951s/iter; left time: 18587.9178s
	iters: 500, epoch: 33 | loss: 0.1490083
	speed: 0.4949s/iter; left time: 18531.6332s
Epoch: 33 cost time: 275.9342110157013
Epoch: 33, Steps: 558 | Train Loss: 0.1487260 Vali Loss: 0.1276090 Test Loss: 0.1491199
EarlyStopping counter: 2 out of 10
Updating learning rate to 9.362310638847482e-05
	iters: 100, epoch: 34 | loss: 0.1480892
	speed: 1.2414s/iter; left time: 46287.9485s
	iters: 200, epoch: 34 | loss: 0.1348950
	speed: 0.4951s/iter; left time: 18410.3474s
	iters: 300, epoch: 34 | loss: 0.1435068
	speed: 0.4949s/iter; left time: 18355.3204s
	iters: 400, epoch: 34 | loss: 0.1428064
	speed: 0.4949s/iter; left time: 18305.0594s
	iters: 500, epoch: 34 | loss: 0.1646222
	speed: 0.4948s/iter; left time: 18252.7965s
Epoch: 34 cost time: 275.85226798057556
Epoch: 34, Steps: 558 | Train Loss: 0.1483558 Vali Loss: 0.1277472 Test Loss: 0.1486702
EarlyStopping counter: 3 out of 10
Updating learning rate to 9.263019901881457e-05
	iters: 100, epoch: 35 | loss: 0.1393189
	speed: 1.2386s/iter; left time: 45493.8161s
	iters: 200, epoch: 35 | loss: 0.1420546
	speed: 0.4992s/iter; left time: 18285.6815s
	iters: 300, epoch: 35 | loss: 0.1518181
	speed: 0.5029s/iter; left time: 18370.8756s
	iters: 400, epoch: 35 | loss: 0.1652024
	speed: 0.5042s/iter; left time: 18366.3242s
	iters: 500, epoch: 35 | loss: 0.1581109
	speed: 0.5092s/iter; left time: 18500.0920s
Epoch: 35 cost time: 280.3361976146698
Epoch: 35, Steps: 558 | Train Loss: 0.1480312 Vali Loss: 0.1281740 Test Loss: 0.1490480
EarlyStopping counter: 4 out of 10
Updating learning rate to 9.157155928055127e-05
	iters: 100, epoch: 36 | loss: 0.1719782
	speed: 1.2634s/iter; left time: 45699.2236s
	iters: 200, epoch: 36 | loss: 0.1319962
	speed: 0.5184s/iter; left time: 18697.8127s
	iters: 300, epoch: 36 | loss: 0.1662450
	speed: 0.5134s/iter; left time: 18468.2326s
	iters: 400, epoch: 36 | loss: 0.1478049
	speed: 0.5159s/iter; left time: 18505.8335s
	iters: 500, epoch: 36 | loss: 0.1473180
	speed: 0.5144s/iter; left time: 18400.5474s
Epoch: 36 cost time: 286.4237849712372
Epoch: 36, Steps: 558 | Train Loss: 0.1477007 Vali Loss: 0.1270105 Test Loss: 0.1479723
Validation loss decreased (0.127539 --> 0.127011).  Saving model ...
Updating learning rate to 9.04488195194296e-05
	iters: 100, epoch: 37 | loss: 0.1400159
	speed: 1.2986s/iter; left time: 46247.0475s
	iters: 200, epoch: 37 | loss: 0.1454979
	speed: 0.5169s/iter; left time: 18357.2267s
	iters: 300, epoch: 37 | loss: 0.1396224
	speed: 0.5169s/iter; left time: 18304.8716s
	iters: 400, epoch: 37 | loss: 0.1412610
	speed: 0.5117s/iter; left time: 18069.4256s
	iters: 500, epoch: 37 | loss: 0.1674192
	speed: 0.5112s/iter; left time: 17999.8240s
Epoch: 37 cost time: 286.77550768852234
Epoch: 37, Steps: 558 | Train Loss: 0.1474368 Vali Loss: 0.1272860 Test Loss: 0.1485264
EarlyStopping counter: 1 out of 10
Updating learning rate to 8.92637109187834e-05
	iters: 100, epoch: 38 | loss: 0.1408774
	speed: 1.2611s/iter; left time: 44208.0408s
	iters: 200, epoch: 38 | loss: 0.1390073
	speed: 0.5074s/iter; left time: 17736.5486s
	iters: 300, epoch: 38 | loss: 0.1453092
	speed: 0.5068s/iter; left time: 17662.8287s
	iters: 400, epoch: 38 | loss: 0.1464147
	speed: 0.5061s/iter; left time: 17588.0927s
	iters: 500, epoch: 38 | loss: 0.1373762
	speed: 0.5059s/iter; left time: 17531.7452s
Epoch: 38 cost time: 281.5689721107483
Epoch: 38, Steps: 558 | Train Loss: 0.1470793 Vali Loss: 0.1267121 Test Loss: 0.1479443
Validation loss decreased (0.127011 --> 0.126712).  Saving model ...
Updating learning rate to 8.801806083017645e-05
	iters: 100, epoch: 39 | loss: 0.1249683
	speed: 1.2460s/iter; left time: 42982.2375s
	iters: 200, epoch: 39 | loss: 0.1396199
	speed: 0.5051s/iter; left time: 17372.5663s
	iters: 300, epoch: 39 | loss: 0.1629162
	speed: 0.5012s/iter; left time: 17190.3913s
	iters: 400, epoch: 39 | loss: 0.1434007
	speed: 0.5011s/iter; left time: 17135.4158s
	iters: 500, epoch: 39 | loss: 0.1407618
	speed: 0.4997s/iter; left time: 17039.6323s
Epoch: 39 cost time: 279.0975615978241
Epoch: 39, Steps: 558 | Train Loss: 0.1468101 Vali Loss: 0.1272532 Test Loss: 0.1478856
EarlyStopping counter: 1 out of 10
Updating learning rate to 8.671378995575892e-05
	iters: 100, epoch: 40 | loss: 0.1516325
	speed: 1.2425s/iter; left time: 42168.4528s
	iters: 200, epoch: 40 | loss: 0.1480770
	speed: 0.5025s/iter; left time: 17002.9932s
	iters: 300, epoch: 40 | loss: 0.1559526
	speed: 0.4972s/iter; left time: 16775.1625s
	iters: 400, epoch: 40 | loss: 0.1511650
	speed: 0.4969s/iter; left time: 16715.7366s
	iters: 500, epoch: 40 | loss: 0.1507265
	speed: 0.4970s/iter; left time: 16668.1224s
Epoch: 40 cost time: 277.42822456359863
Epoch: 40, Steps: 558 | Train Loss: 0.1465551 Vali Loss: 0.1267009 Test Loss: 0.1480151
Validation loss decreased (0.126712 --> 0.126701).  Saving model ...
Updating learning rate to 8.535290938668368e-05
	iters: 100, epoch: 41 | loss: 0.1715528
	speed: 1.2394s/iter; left time: 41371.6330s
	iters: 200, epoch: 41 | loss: 0.1364248
	speed: 0.4977s/iter; left time: 16562.5440s
	iters: 300, epoch: 41 | loss: 0.1377530
	speed: 0.4990s/iter; left time: 16555.6860s
	iters: 400, epoch: 41 | loss: 0.1305772
	speed: 0.4969s/iter; left time: 16436.3492s
	iters: 500, epoch: 41 | loss: 0.1611460
	speed: 0.4968s/iter; left time: 16383.9448s
Epoch: 41 cost time: 277.04651284217834
Epoch: 41, Steps: 558 | Train Loss: 0.1463494 Vali Loss: 0.1269710 Test Loss: 0.1482252
EarlyStopping counter: 1 out of 10
Updating learning rate to 8.393751750214966e-05
	iters: 100, epoch: 42 | loss: 0.1308799
	speed: 1.2368s/iter; left time: 40594.4288s
	iters: 200, epoch: 42 | loss: 0.1297719
	speed: 0.4950s/iter; left time: 16196.3906s
	iters: 300, epoch: 42 | loss: 0.1329458
	speed: 0.4949s/iter; left time: 16144.9046s
	iters: 400, epoch: 42 | loss: 0.1402167
	speed: 0.4950s/iter; left time: 16098.4585s
	iters: 500, epoch: 42 | loss: 0.1500158
	speed: 0.4950s/iter; left time: 16049.2927s
Epoch: 42 cost time: 275.96397280693054
Epoch: 42, Steps: 558 | Train Loss: 0.1460840 Vali Loss: 0.1267252 Test Loss: 0.1477260
EarlyStopping counter: 2 out of 10
Updating learning rate to 8.246979673385317e-05
	iters: 100, epoch: 43 | loss: 0.1387399
	speed: 1.2394s/iter; left time: 39988.3208s
	iters: 200, epoch: 43 | loss: 0.1511265
	speed: 0.4947s/iter; left time: 15911.6866s
	iters: 300, epoch: 43 | loss: 0.1409391
	speed: 0.4950s/iter; left time: 15873.0660s
	iters: 400, epoch: 43 | loss: 0.1585833
	speed: 0.4951s/iter; left time: 15825.7045s
	iters: 500, epoch: 43 | loss: 0.1697293
	speed: 0.4949s/iter; left time: 15769.0872s
Epoch: 43 cost time: 275.92676281929016
Epoch: 43, Steps: 558 | Train Loss: 0.1458097 Vali Loss: 0.1274489 Test Loss: 0.1482386
EarlyStopping counter: 3 out of 10
Updating learning rate to 8.095201020083641e-05
	iters: 100, epoch: 44 | loss: 0.1490390
	speed: 1.2444s/iter; left time: 39455.3169s
	iters: 200, epoch: 44 | loss: 0.1302602
	speed: 0.5023s/iter; left time: 15875.1671s
	iters: 300, epoch: 44 | loss: 0.1412679
	speed: 0.5029s/iter; left time: 15844.5578s
	iters: 400, epoch: 44 | loss: 0.1313444
	speed: 0.5014s/iter; left time: 15747.1066s
	iters: 500, epoch: 44 | loss: 0.1333475
	speed: 0.5078s/iter; left time: 15896.8785s
Epoch: 44 cost time: 280.0387840270996
Epoch: 44, Steps: 558 | Train Loss: 0.1455754 Vali Loss: 0.1265207 Test Loss: 0.1481923
Validation loss decreased (0.126701 --> 0.126521).  Saving model ...
Updating learning rate to 7.93864982199219e-05
	iters: 100, epoch: 45 | loss: 0.1376309
	speed: 1.2645s/iter; left time: 39386.8283s
	iters: 200, epoch: 45 | loss: 0.1338790
	speed: 0.5147s/iter; left time: 15980.0122s
	iters: 300, epoch: 45 | loss: 0.1355884
	speed: 0.5112s/iter; left time: 15822.6223s
	iters: 400, epoch: 45 | loss: 0.1367136
	speed: 0.5179s/iter; left time: 15977.1162s
	iters: 500, epoch: 45 | loss: 0.1510427
	speed: 0.5159s/iter; left time: 15862.5956s
Epoch: 45 cost time: 285.8817141056061
Epoch: 45, Steps: 558 | Train Loss: 0.1453820 Vali Loss: 0.1274493 Test Loss: 0.1486160
EarlyStopping counter: 1 out of 10
Updating learning rate to 7.777567469711367e-05
	iters: 100, epoch: 46 | loss: 0.1567943
	speed: 1.2731s/iter; left time: 38945.5972s
	iters: 200, epoch: 46 | loss: 0.1429666
	speed: 0.5066s/iter; left time: 15448.0958s
	iters: 300, epoch: 46 | loss: 0.1296870
	speed: 0.5067s/iter; left time: 15400.3232s
	iters: 400, epoch: 46 | loss: 0.1356366
	speed: 0.5065s/iter; left time: 15342.6539s
	iters: 500, epoch: 46 | loss: 0.1433846
	speed: 0.5065s/iter; left time: 15291.4432s
Epoch: 46 cost time: 282.6675636768341
Epoch: 46, Steps: 558 | Train Loss: 0.1451086 Vali Loss: 0.1273961 Test Loss: 0.1490344
EarlyStopping counter: 2 out of 10
Updating learning rate to 7.612202340552903e-05
	iters: 100, epoch: 47 | loss: 0.1280170
	speed: 1.2605s/iter; left time: 37856.0572s
	iters: 200, epoch: 47 | loss: 0.1379965
	speed: 0.5051s/iter; left time: 15118.6241s
	iters: 300, epoch: 47 | loss: 0.1597277
	speed: 0.5049s/iter; left time: 15062.8383s
	iters: 400, epoch: 47 | loss: 0.1333087
	speed: 0.5029s/iter; left time: 14954.1733s
	iters: 500, epoch: 47 | loss: 0.1364455
	speed: 0.5011s/iter; left time: 14848.8482s
Epoch: 47 cost time: 280.3082323074341
Epoch: 47, Steps: 558 | Train Loss: 0.1449790 Vali Loss: 0.1274337 Test Loss: 0.1483314
EarlyStopping counter: 3 out of 10
Updating learning rate to 7.44280941556006e-05
	iters: 100, epoch: 48 | loss: 0.1568906
	speed: 1.2457s/iter; left time: 36716.7839s
	iters: 200, epoch: 48 | loss: 0.1487245
	speed: 0.5001s/iter; left time: 14691.5216s
	iters: 300, epoch: 48 | loss: 0.1568742
	speed: 0.4970s/iter; left time: 14549.4373s
	iters: 400, epoch: 48 | loss: 0.1607199
	speed: 0.4968s/iter; left time: 14493.5452s
	iters: 500, epoch: 48 | loss: 0.1437966
	speed: 0.4981s/iter; left time: 14482.2940s
Epoch: 48 cost time: 277.6124484539032
Epoch: 48, Steps: 558 | Train Loss: 0.1446843 Vali Loss: 0.1270389 Test Loss: 0.1486837
EarlyStopping counter: 4 out of 10
Updating learning rate to 7.269649886345336e-05
	iters: 100, epoch: 49 | loss: 0.1243634
	speed: 1.2424s/iter; left time: 35927.4334s
	iters: 200, epoch: 49 | loss: 0.1461907
	speed: 0.4950s/iter; left time: 14263.5264s
	iters: 300, epoch: 49 | loss: 0.1326451
	speed: 0.4989s/iter; left time: 14327.1567s
	iters: 400, epoch: 49 | loss: 0.1270164
	speed: 0.4978s/iter; left time: 14246.7484s
	iters: 500, epoch: 49 | loss: 0.1386213
	speed: 0.4974s/iter; left time: 14183.9308s
Epoch: 49 cost time: 276.99380230903625
Epoch: 49, Steps: 558 | Train Loss: 0.1445405 Vali Loss: 0.1267422 Test Loss: 0.1488572
EarlyStopping counter: 5 out of 10
Updating learning rate to 7.092990752351921e-05
	iters: 100, epoch: 50 | loss: 0.1434805
	speed: 1.2384s/iter; left time: 35118.9846s
	iters: 200, epoch: 50 | loss: 0.1325167
	speed: 0.4950s/iter; left time: 13988.4773s
	iters: 300, epoch: 50 | loss: 0.1340841
	speed: 0.4950s/iter; left time: 13939.3962s
	iters: 400, epoch: 50 | loss: 0.1729524
	speed: 0.4949s/iter; left time: 13887.7619s
	iters: 500, epoch: 50 | loss: 0.1444592
	speed: 0.4948s/iter; left time: 13834.9681s
Epoch: 50 cost time: 275.8935832977295
Epoch: 50, Steps: 558 | Train Loss: 0.1442915 Vali Loss: 0.1265866 Test Loss: 0.1480677
EarlyStopping counter: 6 out of 10
Updating learning rate to 6.913104409159923e-05
	iters: 100, epoch: 51 | loss: 0.1380593
	speed: 1.2398s/iter; left time: 34466.4117s
	iters: 200, epoch: 51 | loss: 0.1456830
	speed: 0.4982s/iter; left time: 13801.0501s
	iters: 300, epoch: 51 | loss: 0.1364867
	speed: 0.5010s/iter; left time: 13827.2273s
	iters: 400, epoch: 51 | loss: 0.1452979
	speed: 0.4988s/iter; left time: 13716.7044s
	iters: 500, epoch: 51 | loss: 0.1368275
	speed: 0.5031s/iter; left time: 13785.3480s
Epoch: 51 cost time: 278.6526324748993
Epoch: 51, Steps: 558 | Train Loss: 0.1440732 Vali Loss: 0.1268729 Test Loss: 0.1487684
EarlyStopping counter: 7 out of 10
Updating learning rate to 6.730268228472126e-05
	iters: 100, epoch: 52 | loss: 0.1500392
	speed: 1.2644s/iter; left time: 34446.3973s
	iters: 200, epoch: 52 | loss: 0.1458770
	speed: 0.5097s/iter; left time: 13834.5585s
	iters: 300, epoch: 52 | loss: 0.1406230
	speed: 0.5102s/iter; left time: 13797.2105s
	iters: 400, epoch: 52 | loss: 0.1428487
	speed: 0.5101s/iter; left time: 13743.4664s
	iters: 500, epoch: 52 | loss: 0.1372367
	speed: 0.5101s/iter; left time: 13692.2361s
Epoch: 52 cost time: 283.9213812351227
Epoch: 52, Steps: 558 | Train Loss: 0.1438857 Vali Loss: 0.1263636 Test Loss: 0.1487609
Validation loss decreased (0.126521 --> 0.126364).  Saving model ...
Updating learning rate to 6.54476413042692e-05
	iters: 100, epoch: 53 | loss: 0.1634341
	speed: 1.2706s/iter; left time: 33907.1197s
	iters: 200, epoch: 53 | loss: 0.1480125
	speed: 0.5085s/iter; left time: 13519.7979s
	iters: 300, epoch: 53 | loss: 0.1429726
	speed: 0.5049s/iter; left time: 13373.4463s
	iters: 400, epoch: 53 | loss: 0.1564628
	speed: 0.5050s/iter; left time: 13325.4889s
	iters: 500, epoch: 53 | loss: 0.1550370
	speed: 0.5048s/iter; left time: 13269.4472s
Epoch: 53 cost time: 281.78718090057373
Epoch: 53, Steps: 558 | Train Loss: 0.1437136 Vali Loss: 0.1268129 Test Loss: 0.1485426
EarlyStopping counter: 1 out of 10
Updating learning rate to 6.356878148897882e-05
	iters: 100, epoch: 54 | loss: 0.1476047
	speed: 1.2491s/iter; left time: 32634.1826s
	iters: 200, epoch: 54 | loss: 0.1479514
	speed: 0.5052s/iter; left time: 13149.4361s
	iters: 300, epoch: 54 | loss: 0.1304685
	speed: 0.5018s/iter; left time: 13011.4191s
	iters: 400, epoch: 54 | loss: 0.1251708
	speed: 0.4970s/iter; left time: 12835.0144s
	iters: 500, epoch: 54 | loss: 0.1244669
	speed: 0.5017s/iter; left time: 12907.2809s
Epoch: 54 cost time: 279.12124371528625
Epoch: 54, Steps: 558 | Train Loss: 0.1435963 Vali Loss: 0.1259717 Test Loss: 0.1490082
Validation loss decreased (0.126364 --> 0.125972).  Saving model ...
Updating learning rate to 6.166899990450286e-05
	iters: 100, epoch: 55 | loss: 0.1420298
	speed: 1.2474s/iter; left time: 31894.9772s
	iters: 200, epoch: 55 | loss: 0.1569863
	speed: 0.4950s/iter; left time: 12607.7922s
	iters: 300, epoch: 55 | loss: 0.1417856
	speed: 0.4995s/iter; left time: 12672.8579s
	iters: 400, epoch: 55 | loss: 0.1320965
	speed: 0.4972s/iter; left time: 12564.7792s
	iters: 500, epoch: 55 | loss: 0.1525445
	speed: 0.4969s/iter; left time: 12505.8075s
Epoch: 55 cost time: 276.9140043258667
Epoch: 55, Steps: 558 | Train Loss: 0.1433446 Vali Loss: 0.1266208 Test Loss: 0.1483278
EarlyStopping counter: 1 out of 10
Updating learning rate to 5.975122587634561e-05
	iters: 100, epoch: 56 | loss: 0.1342067
	speed: 1.2406s/iter; left time: 31028.2261s
	iters: 200, epoch: 56 | loss: 0.1561846
	speed: 0.4949s/iter; left time: 12328.4680s
	iters: 300, epoch: 56 | loss: 0.1505356
	speed: 0.4951s/iter; left time: 12284.0481s
	iters: 400, epoch: 56 | loss: 0.1492696
	speed: 0.4957s/iter; left time: 12248.1603s
	iters: 500, epoch: 56 | loss: 0.1855380
	speed: 0.5003s/iter; left time: 12313.0353s
Epoch: 56 cost time: 276.6106584072113
Epoch: 56, Steps: 558 | Train Loss: 0.1431844 Vali Loss: 0.1265043 Test Loss: 0.1486569
EarlyStopping counter: 2 out of 10
Updating learning rate to 5.781841647305551e-05
	iters: 100, epoch: 57 | loss: 0.1371620
	speed: 1.2372s/iter; left time: 30252.1656s
	iters: 200, epoch: 57 | loss: 0.1325976
	speed: 0.4947s/iter; left time: 12047.7115s
	iters: 300, epoch: 57 | loss: 0.1666906
	speed: 0.4950s/iter; left time: 12005.0907s
	iters: 400, epoch: 57 | loss: 0.1426130
	speed: 0.4949s/iter; left time: 11954.3854s
	iters: 500, epoch: 57 | loss: 0.1482635
	speed: 0.4950s/iter; left time: 11905.4874s
Epoch: 57 cost time: 276.00292468070984
Epoch: 57, Steps: 558 | Train Loss: 0.1430236 Vali Loss: 0.1262864 Test Loss: 0.1489201
EarlyStopping counter: 3 out of 10
Updating learning rate to 5.587355194663959e-05
	iters: 100, epoch: 58 | loss: 0.1378485
	speed: 1.2414s/iter; left time: 29663.2303s
	iters: 200, epoch: 58 | loss: 0.1343980
	speed: 0.5003s/iter; left time: 11904.8825s
	iters: 300, epoch: 58 | loss: 0.1368307
	speed: 0.5048s/iter; left time: 11960.3222s
	iters: 400, epoch: 58 | loss: 0.1705710
	speed: 0.5010s/iter; left time: 11819.9521s
	iters: 500, epoch: 58 | loss: 0.1326984
	speed: 0.5080s/iter; left time: 11934.8203s
Epoch: 58 cost time: 280.14947605133057
Epoch: 58, Steps: 558 | Train Loss: 0.1428814 Vali Loss: 0.1272500 Test Loss: 0.1493778
EarlyStopping counter: 4 out of 10
Updating learning rate to 5.391963113723101e-05
	iters: 100, epoch: 59 | loss: 0.1218143
	speed: 1.2605s/iter; left time: 29415.2514s
	iters: 200, epoch: 59 | loss: 0.1591672
	speed: 0.5145s/iter; left time: 11954.7202s
	iters: 300, epoch: 59 | loss: 0.1411255
	speed: 0.5120s/iter; left time: 11847.1033s
	iters: 400, epoch: 59 | loss: 0.1351894
	speed: 0.5124s/iter; left time: 11804.9963s
	iters: 500, epoch: 59 | loss: 0.1541713
	speed: 0.5127s/iter; left time: 11759.5704s
Epoch: 59 cost time: 284.81783533096313
Epoch: 59, Steps: 558 | Train Loss: 0.1427732 Vali Loss: 0.1263418 Test Loss: 0.1478774
EarlyStopping counter: 5 out of 10
Updating learning rate to 5.1959666849094846e-05
	iters: 100, epoch: 60 | loss: 0.1376759
	speed: 1.2779s/iter; left time: 29109.0007s
	iters: 200, epoch: 60 | loss: 0.1541616
	speed: 0.5135s/iter; left time: 11645.2794s
	iters: 300, epoch: 60 | loss: 0.1513704
	speed: 0.5079s/iter; left time: 11468.0910s
	iters: 400, epoch: 60 | loss: 0.1380832
	speed: 0.5079s/iter; left time: 11416.1272s
	iters: 500, epoch: 60 | loss: 0.1617968
	speed: 0.5077s/iter; left time: 11362.1915s
Epoch: 60 cost time: 283.82459139823914
Epoch: 60, Steps: 558 | Train Loss: 0.1425839 Vali Loss: 0.1263699 Test Loss: 0.1485241
EarlyStopping counter: 6 out of 10
Updating learning rate to 4.999668120510235e-05
	iters: 100, epoch: 61 | loss: 0.1274688
	speed: 1.2601s/iter; left time: 28001.7121s
	iters: 200, epoch: 61 | loss: 0.1553676
	speed: 0.5066s/iter; left time: 11206.0974s
	iters: 300, epoch: 61 | loss: 0.1458279
	speed: 0.5033s/iter; left time: 11082.8911s
	iters: 400, epoch: 61 | loss: 0.1475596
	speed: 0.5031s/iter; left time: 11028.8274s
	iters: 500, epoch: 61 | loss: 0.1456857
	speed: 0.5011s/iter; left time: 10933.9044s
Epoch: 61 cost time: 280.38966393470764
Epoch: 61, Steps: 558 | Train Loss: 0.1425013 Vali Loss: 0.1264745 Test Loss: 0.1495384
EarlyStopping counter: 7 out of 10
Updating learning rate to 4.803370098683655e-05
	iters: 100, epoch: 62 | loss: 0.1606303
	speed: 1.2465s/iter; left time: 27001.9802s
	iters: 200, epoch: 62 | loss: 0.1406856
	speed: 0.5013s/iter; left time: 10808.8723s
	iters: 300, epoch: 62 | loss: 0.1273396
	speed: 0.4969s/iter; left time: 10666.0001s
	iters: 400, epoch: 62 | loss: 0.1376603
	speed: 0.5018s/iter; left time: 10720.9369s
	iters: 500, epoch: 62 | loss: 0.1552308
	speed: 0.4997s/iter; left time: 10624.2431s
Epoch: 62 cost time: 278.1553063392639
Epoch: 62, Steps: 558 | Train Loss: 0.1422973 Vali Loss: 0.1261718 Test Loss: 0.1485879
EarlyStopping counter: 8 out of 10
Updating learning rate to 4.6073752967514366e-05
	iters: 100, epoch: 63 | loss: 0.1342914
	speed: 1.2425s/iter; left time: 26222.8350s
	iters: 200, epoch: 63 | loss: 0.1440018
	speed: 0.4949s/iter; left time: 10395.0802s
	iters: 300, epoch: 63 | loss: 0.1468202
	speed: 0.5000s/iter; left time: 10451.6409s
	iters: 400, epoch: 63 | loss: 0.1646188
	speed: 0.4984s/iter; left time: 10368.5740s
	iters: 500, epoch: 63 | loss: 0.1369855
	speed: 0.4979s/iter; left time: 10309.2379s
Epoch: 63 cost time: 277.14096188545227
Epoch: 63, Steps: 558 | Train Loss: 0.1422522 Vali Loss: 0.1262182 Test Loss: 0.1483443
EarlyStopping counter: 9 out of 10
Updating learning rate to 4.4119859244921696e-05
	iters: 100, epoch: 64 | loss: 0.1247703
	speed: 1.2458s/iter; left time: 25596.7617s
	iters: 200, epoch: 64 | loss: 0.1330810
	speed: 0.4952s/iter; left time: 10124.7630s
	iters: 300, epoch: 64 | loss: 0.1431045
	speed: 0.4948s/iter; left time: 10068.4132s
	iters: 400, epoch: 64 | loss: 0.1549020
	speed: 0.4947s/iter; left time: 10017.0727s
	iters: 500, epoch: 64 | loss: 0.1336514
	speed: 0.4950s/iter; left time: 9972.5051s
Epoch: 64 cost time: 275.8527567386627
Epoch: 64, Steps: 558 | Train Loss: 0.1421069 Vali Loss: 0.1263410 Test Loss: 0.1488463
EarlyStopping counter: 10 out of 10
Early stopping
>>>>>>>testing : Baseline_electricity_336_192_PatchTST_custom_ftM_sl336_ll48_pl192_dm128_nh16_el3_dl1_df256_fc1_ebtimeF_dtTrue_Exp_0<<<<<<<<<<<<<<<<<<<<<<<<<<<<<<<<<
test 5069
mse:0.14900819957256317, mae:0.2412485033273697, rse:0.38396793603897095
Args in experiment:
Namespace(random_seed=2021, is_training=1, model_id='Baseline_electricity_336_336', model='PatchTST', data='custom', root_path='./dataset/', data_path='electricity.csv', features='M', target='OT', freq='h', checkpoints='./checkpoints/', seq_len=336, label_len=48, pred_len=336, fc_dropout=0.2, head_dropout=0.0, patch_len=16, stride=8, padding_patch='end', revin=1, affine=0, subtract_last=0, decomposition=0, kernel_size=25, individual=0, embed_type=0, enc_in=321, dec_in=7, c_out=7, d_model=128, n_heads=16, e_layers=3, d_layers=1, d_ff=256, moving_avg=25, factor=1, distil=True, dropout=0.2, embed='timeF', activation='gelu', output_attention=False, do_predict=False, num_workers=0, itr=1, train_epochs=100, batch_size=32, patience=10, learning_rate=0.0001, des='Exp', loss='mse', lradj='TST', pct_start=0.2, use_amp=False, use_gpu=True, gpu=0, use_multi_gpu=False, devices='0,1,2,3', test_flop=False)
Use GPU: cuda:0
>>>>>>>start training : Baseline_electricity_336_336_PatchTST_custom_ftM_sl336_ll48_pl336_dm128_nh16_el3_dl1_df256_fc1_ebtimeF_dtTrue_Exp_0>>>>>>>>>>>>>>>>>>>>>>>>>>
train 17741
val 2297
test 4925
	iters: 100, epoch: 1 | loss: 0.5182077
	speed: 0.4936s/iter; left time: 27295.4633s
	iters: 200, epoch: 1 | loss: 0.3745580
	speed: 0.5086s/iter; left time: 28075.5857s
	iters: 300, epoch: 1 | loss: 0.3933344
	speed: 0.5090s/iter; left time: 28043.8854s
	iters: 400, epoch: 1 | loss: 0.3183119
	speed: 0.5077s/iter; left time: 27924.6552s
	iters: 500, epoch: 1 | loss: 0.2811204
	speed: 0.5036s/iter; left time: 27650.4816s
Epoch: 1 cost time: 278.13507747650146
Epoch: 1, Steps: 554 | Train Loss: 0.4257625 Vali Loss: 0.2080745 Test Loss: 0.2322167
Validation loss decreased (inf --> 0.208074).  Saving model ...
Updating learning rate to 4.5910661177995735e-06
	iters: 100, epoch: 2 | loss: 0.3001681
	speed: 1.2431s/iter; left time: 68058.6183s
	iters: 200, epoch: 2 | loss: 0.2609416
	speed: 0.5096s/iter; left time: 27849.3236s
	iters: 300, epoch: 2 | loss: 0.2638263
	speed: 0.5182s/iter; left time: 28268.1086s
	iters: 400, epoch: 2 | loss: 0.2689342
	speed: 0.5171s/iter; left time: 28155.7469s
	iters: 500, epoch: 2 | loss: 0.2504189
	speed: 0.5172s/iter; left time: 28110.6443s
Epoch: 2 cost time: 284.8238310813904
Epoch: 2, Steps: 554 | Train Loss: 0.2707949 Vali Loss: 0.1768262 Test Loss: 0.2000046
Validation loss decreased (0.208074 --> 0.176826).  Saving model ...
Updating learning rate to 6.349707839714525e-06
	iters: 100, epoch: 3 | loss: 0.2599935
	speed: 1.2615s/iter; left time: 68365.5540s
	iters: 200, epoch: 3 | loss: 0.2270852
	speed: 0.5159s/iter; left time: 27907.4208s
	iters: 300, epoch: 3 | loss: 0.2277407
	speed: 0.5133s/iter; left time: 27712.5449s
	iters: 400, epoch: 3 | loss: 0.2165541
	speed: 0.5133s/iter; left time: 27660.7339s
	iters: 500, epoch: 3 | loss: 0.2305928
	speed: 0.5130s/iter; left time: 27595.4399s
Epoch: 3 cost time: 284.57644605636597
Epoch: 3, Steps: 554 | Train Loss: 0.2339516 Vali Loss: 0.1637732 Test Loss: 0.1863845
Validation loss decreased (0.176826 --> 0.163773).  Saving model ...
Updating learning rate to 9.232613768445975e-06
	iters: 100, epoch: 4 | loss: 0.2261744
	speed: 1.2460s/iter; left time: 66833.8434s
	iters: 200, epoch: 4 | loss: 0.2390077
	speed: 0.5099s/iter; left time: 27297.4696s
	iters: 300, epoch: 4 | loss: 0.2013684
	speed: 0.5061s/iter; left time: 27044.9276s
	iters: 400, epoch: 4 | loss: 0.2158152
	speed: 0.5065s/iter; left time: 27013.8885s
	iters: 500, epoch: 4 | loss: 0.2207348
	speed: 0.5051s/iter; left time: 26889.9782s
Epoch: 4 cost time: 280.3754138946533
Epoch: 4, Steps: 554 | Train Loss: 0.2162282 Vali Loss: 0.1573721 Test Loss: 0.1796958
Validation loss decreased (0.163773 --> 0.157372).  Saving model ...
Updating learning rate to 1.316878440335742e-05
	iters: 100, epoch: 5 | loss: 0.1861817
	speed: 1.2336s/iter; left time: 65483.2262s
	iters: 200, epoch: 5 | loss: 0.2264025
	speed: 0.5033s/iter; left time: 26664.8594s
	iters: 300, epoch: 5 | loss: 0.2271350
	speed: 0.5064s/iter; left time: 26780.8628s
	iters: 400, epoch: 5 | loss: 0.2082760
	speed: 0.5017s/iter; left time: 26483.2309s
	iters: 500, epoch: 5 | loss: 0.1957418
	speed: 0.5017s/iter; left time: 26431.3919s
Epoch: 5 cost time: 278.1811611652374
Epoch: 5, Steps: 554 | Train Loss: 0.2073532 Vali Loss: 0.1545382 Test Loss: 0.1767236
Validation loss decreased (0.157372 --> 0.154538).  Saving model ...
Updating learning rate to 1.8061280698774935e-05
	iters: 100, epoch: 6 | loss: 0.1933648
	speed: 1.2313s/iter; left time: 64683.9033s
	iters: 200, epoch: 6 | loss: 0.1987749
	speed: 0.5010s/iter; left time: 26269.0329s
	iters: 300, epoch: 6 | loss: 0.1921341
	speed: 0.5010s/iter; left time: 26218.8171s
	iters: 400, epoch: 6 | loss: 0.1793505
	speed: 0.5010s/iter; left time: 26167.7788s
	iters: 500, epoch: 6 | loss: 0.1923254
	speed: 0.5010s/iter; left time: 26118.1603s
Epoch: 6 cost time: 277.27044558525085
Epoch: 6, Steps: 554 | Train Loss: 0.2018405 Vali Loss: 0.1533567 Test Loss: 0.1756755
Validation loss decreased (0.154538 --> 0.153357).  Saving model ...
Updating learning rate to 2.378961145504515e-05
	iters: 100, epoch: 7 | loss: 0.2069289
	speed: 1.2328s/iter; left time: 64074.8870s
	iters: 200, epoch: 7 | loss: 0.1924528
	speed: 0.5010s/iter; left time: 25991.4056s
	iters: 300, epoch: 7 | loss: 0.2131152
	speed: 0.5012s/iter; left time: 25951.5352s
	iters: 400, epoch: 7 | loss: 0.2041006
	speed: 0.5007s/iter; left time: 25873.8538s
	iters: 500, epoch: 7 | loss: 0.2007732
	speed: 0.5006s/iter; left time: 25821.5777s
Epoch: 7 cost time: 277.05544257164
Epoch: 7, Steps: 554 | Train Loss: 0.1979505 Vali Loss: 0.1517300 Test Loss: 0.1740679
Validation loss decreased (0.153357 --> 0.151730).  Saving model ...
Updating learning rate to 3.021270074626886e-05
	iters: 100, epoch: 8 | loss: 0.1989588
	speed: 1.2312s/iter; left time: 63310.8312s
	iters: 200, epoch: 8 | loss: 0.2107180
	speed: 0.5009s/iter; left time: 25709.3012s
	iters: 300, epoch: 8 | loss: 0.2034439
	speed: 0.5010s/iter; left time: 25660.1732s
	iters: 400, epoch: 8 | loss: 0.1933158
	speed: 0.5070s/iter; left time: 25921.2427s
	iters: 500, epoch: 8 | loss: 0.1690254
	speed: 0.5056s/iter; left time: 25795.4926s
Epoch: 8 cost time: 278.4795274734497
Epoch: 8, Steps: 554 | Train Loss: 0.1952142 Vali Loss: 0.1504554 Test Loss: 0.1728835
Validation loss decreased (0.151730 --> 0.150455).  Saving model ...
Updating learning rate to 3.7172362303627586e-05
	iters: 100, epoch: 9 | loss: 0.1854449
	speed: 1.2468s/iter; left time: 63423.9254s
	iters: 200, epoch: 9 | loss: 0.1694506
	speed: 0.5155s/iter; left time: 26169.1773s
	iters: 300, epoch: 9 | loss: 0.1999110
	speed: 0.5120s/iter; left time: 25942.6569s
	iters: 400, epoch: 9 | loss: 0.2161403
	speed: 0.5206s/iter; left time: 26324.6793s
	iters: 500, epoch: 9 | loss: 0.1920195
	speed: 0.5150s/iter; left time: 25993.4122s
Epoch: 9 cost time: 284.44814133644104
Epoch: 9, Steps: 554 | Train Loss: 0.1927741 Vali Loss: 0.1503517 Test Loss: 0.1725735
Validation loss decreased (0.150455 --> 0.150352).  Saving model ...
Updating learning rate to 4.4497195288041866e-05
	iters: 100, epoch: 10 | loss: 0.1932963
	speed: 1.2648s/iter; left time: 63638.4571s
	iters: 200, epoch: 10 | loss: 0.1754756
	speed: 0.5158s/iter; left time: 25902.7394s
	iters: 300, epoch: 10 | loss: 0.2209111
	speed: 0.5235s/iter; left time: 26235.4178s
	iters: 400, epoch: 10 | loss: 0.2087670
	speed: 0.5158s/iter; left time: 25797.7316s
	iters: 500, epoch: 10 | loss: 0.1705598
	speed: 0.5120s/iter; left time: 25554.6189s
Epoch: 10 cost time: 285.80915880203247
Epoch: 10, Steps: 554 | Train Loss: 0.1908473 Vali Loss: 0.1494012 Test Loss: 0.1719057
Validation loss decreased (0.150352 --> 0.149401).  Saving model ...
Updating learning rate to 5.2006805508027226e-05
	iters: 100, epoch: 11 | loss: 0.2031916
	speed: 1.2520s/iter; left time: 62299.6708s
	iters: 200, epoch: 11 | loss: 0.1868227
	speed: 0.5107s/iter; left time: 25362.0652s
	iters: 300, epoch: 11 | loss: 0.1724272
	speed: 0.5081s/iter; left time: 25180.8695s
	iters: 400, epoch: 11 | loss: 0.1984348
	speed: 0.5085s/iter; left time: 25149.9545s
	iters: 500, epoch: 11 | loss: 0.2191767
	speed: 0.5085s/iter; left time: 25097.6997s
Epoch: 11 cost time: 281.8458352088928
Epoch: 11, Steps: 554 | Train Loss: 0.1889270 Vali Loss: 0.1498162 Test Loss: 0.1720281
EarlyStopping counter: 1 out of 10
Updating learning rate to 5.951624812362886e-05
	iters: 100, epoch: 12 | loss: 0.1599113
	speed: 1.2352s/iter; left time: 60781.9550s
	iters: 200, epoch: 12 | loss: 0.2122760
	speed: 0.5018s/iter; left time: 24643.9495s
	iters: 300, epoch: 12 | loss: 0.1976362
	speed: 0.5071s/iter; left time: 24851.4593s
	iters: 400, epoch: 12 | loss: 0.2385158
	speed: 0.5023s/iter; left time: 24563.5506s
	iters: 500, epoch: 12 | loss: 0.2214152
	speed: 0.5022s/iter; left time: 24510.7607s
Epoch: 12 cost time: 278.26251435279846
Epoch: 12, Steps: 554 | Train Loss: 0.1872195 Vali Loss: 0.1488838 Test Loss: 0.1708318
Validation loss decreased (0.149401 --> 0.148884).  Saving model ...
Updating learning rate to 6.684058242261166e-05
	iters: 100, epoch: 13 | loss: 0.1929665
	speed: 1.2318s/iter; left time: 59931.6018s
	iters: 200, epoch: 13 | loss: 0.1974146
	speed: 0.5012s/iter; left time: 24333.4654s
	iters: 300, epoch: 13 | loss: 0.2083818
	speed: 0.5012s/iter; left time: 24284.0290s
	iters: 400, epoch: 13 | loss: 0.1774937
	speed: 0.5013s/iter; left time: 24239.2014s
	iters: 500, epoch: 13 | loss: 0.1915350
	speed: 0.5015s/iter; left time: 24201.0591s
Epoch: 13 cost time: 277.3242030143738
Epoch: 13, Steps: 554 | Train Loss: 0.1855617 Vali Loss: 0.1484041 Test Loss: 0.1700752
Validation loss decreased (0.148884 --> 0.148404).  Saving model ...
Updating learning rate to 7.379942649499374e-05
	iters: 100, epoch: 14 | loss: 0.1831997
	speed: 1.2255s/iter; left time: 58946.8290s
	iters: 200, epoch: 14 | loss: 0.2201939
	speed: 0.5007s/iter; left time: 24031.3564s
	iters: 300, epoch: 14 | loss: 0.2035813
	speed: 0.5008s/iter; left time: 23986.5438s
	iters: 400, epoch: 14 | loss: 0.1689556
	speed: 0.5009s/iter; left time: 23942.6417s
	iters: 500, epoch: 14 | loss: 0.1873753
	speed: 0.5011s/iter; left time: 23901.8816s
Epoch: 14 cost time: 277.1766302585602
Epoch: 14, Steps: 554 | Train Loss: 0.1841323 Vali Loss: 0.1483239 Test Loss: 0.1707349
Validation loss decreased (0.148404 --> 0.148324).  Saving model ...
Updating learning rate to 8.022139963451526e-05
	iters: 100, epoch: 15 | loss: 0.1784527
	speed: 1.2290s/iter; left time: 58431.5791s
	iters: 200, epoch: 15 | loss: 0.1969781
	speed: 0.5006s/iter; left time: 23750.4698s
	iters: 300, epoch: 15 | loss: 0.1930922
	speed: 0.5008s/iter; left time: 23711.5326s
	iters: 400, epoch: 15 | loss: 0.1834726
	speed: 0.5011s/iter; left time: 23673.9974s
	iters: 500, epoch: 15 | loss: 0.1705247
	speed: 0.5015s/iter; left time: 23643.6537s
Epoch: 15 cost time: 277.1785750389099
Epoch: 15, Steps: 554 | Train Loss: 0.1827776 Vali Loss: 0.1479200 Test Loss: 0.1701196
Validation loss decreased (0.148324 --> 0.147920).  Saving model ...
Updating learning rate to 8.594834306066832e-05
	iters: 100, epoch: 16 | loss: 0.1946455
	speed: 1.2346s/iter; left time: 58015.4364s
	iters: 200, epoch: 16 | loss: 0.1674906
	speed: 0.5103s/iter; left time: 23926.8478s
	iters: 300, epoch: 16 | loss: 0.1614582
	speed: 0.5107s/iter; left time: 23894.0378s
	iters: 400, epoch: 16 | loss: 0.1834773
	speed: 0.5153s/iter; left time: 24058.5911s
	iters: 500, epoch: 16 | loss: 0.1837506
	speed: 0.5111s/iter; left time: 23811.8796s
Epoch: 16 cost time: 282.9723711013794
Epoch: 16, Steps: 554 | Train Loss: 0.1816599 Vali Loss: 0.1492327 Test Loss: 0.1705565
EarlyStopping counter: 1 out of 10
Updating learning rate to 9.083921501437982e-05
	iters: 100, epoch: 17 | loss: 0.1897112
	speed: 1.2562s/iter; left time: 58334.0865s
	iters: 200, epoch: 17 | loss: 0.1998610
	speed: 0.5190s/iter; left time: 24047.3267s
	iters: 300, epoch: 17 | loss: 0.1864285
	speed: 0.5255s/iter; left time: 24296.0964s
	iters: 400, epoch: 17 | loss: 0.1849541
	speed: 0.5215s/iter; left time: 24058.7567s
	iters: 500, epoch: 17 | loss: 0.1661495
	speed: 0.5216s/iter; left time: 24011.0281s
Epoch: 17 cost time: 287.9037811756134
Epoch: 17, Steps: 554 | Train Loss: 0.1809192 Vali Loss: 0.1479838 Test Loss: 0.1701861
EarlyStopping counter: 2 out of 10
Updating learning rate to 9.47735642998858e-05
	iters: 100, epoch: 18 | loss: 0.1939833
	speed: 1.2555s/iter; left time: 57604.7929s
	iters: 200, epoch: 18 | loss: 0.1949227
	speed: 0.5129s/iter; left time: 23483.2082s
	iters: 300, epoch: 18 | loss: 0.1779078
	speed: 0.5128s/iter; left time: 23426.7387s
	iters: 400, epoch: 18 | loss: 0.1687420
	speed: 0.5123s/iter; left time: 23351.6558s
	iters: 500, epoch: 18 | loss: 0.1675615
	speed: 0.5094s/iter; left time: 23170.1115s
Epoch: 18 cost time: 283.3248682022095
Epoch: 18, Steps: 554 | Train Loss: 0.1798744 Vali Loss: 0.1468900 Test Loss: 0.1680814
Validation loss decreased (0.147920 --> 0.146890).  Saving model ...
Updating learning rate to 9.765449672725912e-05
	iters: 100, epoch: 19 | loss: 0.1609903
	speed: 1.2360s/iter; left time: 56026.0464s
	iters: 200, epoch: 19 | loss: 0.1980152
	speed: 0.5089s/iter; left time: 23016.2346s
	iters: 300, epoch: 19 | loss: 0.1928486
	speed: 0.5067s/iter; left time: 22867.4278s
	iters: 400, epoch: 19 | loss: 0.2081383
	speed: 0.5056s/iter; left time: 22766.6190s
	iters: 500, epoch: 19 | loss: 0.1549213
	speed: 0.5043s/iter; left time: 22657.3080s
Epoch: 19 cost time: 279.6720163822174
Epoch: 19, Steps: 554 | Train Loss: 0.1790445 Vali Loss: 0.1465119 Test Loss: 0.1677208
Validation loss decreased (0.146890 --> 0.146512).  Saving model ...
Updating learning rate to 9.941106139877101e-05
	iters: 100, epoch: 20 | loss: 0.1830929
	speed: 1.2310s/iter; left time: 55119.7161s
	iters: 200, epoch: 20 | loss: 0.1715401
	speed: 0.5010s/iter; left time: 22384.4006s
	iters: 300, epoch: 20 | loss: 0.1887755
	speed: 0.5011s/iter; left time: 22338.1051s
	iters: 400, epoch: 20 | loss: 0.1799500
	speed: 0.5051s/iter; left time: 22463.9006s
	iters: 500, epoch: 20 | loss: 0.1695419
	speed: 0.5038s/iter; left time: 22357.8871s
Epoch: 20 cost time: 278.0973286628723
Epoch: 20, Steps: 554 | Train Loss: 0.1783210 Vali Loss: 0.1464012 Test Loss: 0.1685942
Validation loss decreased (0.146512 --> 0.146401).  Saving model ...
Updating learning rate to 9.999999987438587e-05
	iters: 100, epoch: 21 | loss: 0.1626086
	speed: 1.2332s/iter; left time: 54533.4069s
	iters: 200, epoch: 21 | loss: 0.1653254
	speed: 0.5011s/iter; left time: 22106.9932s
	iters: 300, epoch: 21 | loss: 0.1699124
	speed: 0.5011s/iter; left time: 22060.7583s
	iters: 400, epoch: 21 | loss: 0.1550033
	speed: 0.5009s/iter; left time: 21999.0015s
	iters: 500, epoch: 21 | loss: 0.1611228
	speed: 0.5010s/iter; left time: 21954.0843s
Epoch: 21 cost time: 277.128849029541
Epoch: 21, Steps: 554 | Train Loss: 0.1775203 Vali Loss: 0.1466112 Test Loss: 0.1683678
EarlyStopping counter: 1 out of 10
Updating learning rate to 9.996131269601925e-05
	iters: 100, epoch: 22 | loss: 0.1577996
	speed: 1.2271s/iter; left time: 53581.7574s
	iters: 200, epoch: 22 | loss: 0.1775270
	speed: 0.5010s/iter; left time: 21828.8391s
	iters: 300, epoch: 22 | loss: 0.1562720
	speed: 0.5012s/iter; left time: 21784.7067s
	iters: 400, epoch: 22 | loss: 0.1597546
	speed: 0.5010s/iter; left time: 21727.6222s
	iters: 500, epoch: 22 | loss: 0.1573382
	speed: 0.5011s/iter; left time: 21679.8935s
Epoch: 22 cost time: 277.19171690940857
Epoch: 22, Steps: 554 | Train Loss: 0.1767979 Vali Loss: 0.1456990 Test Loss: 0.1673681
Validation loss decreased (0.146401 --> 0.145699).  Saving model ...
Updating learning rate to 9.984558910312905e-05
	iters: 100, epoch: 23 | loss: 0.1955872
	speed: 1.2300s/iter; left time: 53027.5709s
	iters: 200, epoch: 23 | loss: 0.2089020
	speed: 0.5038s/iter; left time: 21671.0757s
	iters: 300, epoch: 23 | loss: 0.1676801
	speed: 0.5068s/iter; left time: 21747.9912s
	iters: 400, epoch: 23 | loss: 0.1588345
	speed: 0.5075s/iter; left time: 21727.1870s
	iters: 500, epoch: 23 | loss: 0.1708345
	speed: 0.5102s/iter; left time: 21793.4758s
Epoch: 23 cost time: 280.1316602230072
Epoch: 23, Steps: 554 | Train Loss: 0.1760641 Vali Loss: 0.1463088 Test Loss: 0.1681943
EarlyStopping counter: 1 out of 10
Updating learning rate to 9.965300753310769e-05
	iters: 100, epoch: 24 | loss: 0.1842530
	speed: 1.2498s/iter; left time: 53189.2553s
	iters: 200, epoch: 24 | loss: 0.1581708
	speed: 0.5149s/iter; left time: 21862.8369s
	iters: 300, epoch: 24 | loss: 0.1888856
	speed: 0.5154s/iter; left time: 21832.3525s
	iters: 400, epoch: 24 | loss: 0.1643245
	speed: 0.5226s/iter; left time: 22084.6548s
	iters: 500, epoch: 24 | loss: 0.1666439
	speed: 0.5189s/iter; left time: 21876.9307s
Epoch: 24 cost time: 286.2069253921509
Epoch: 24, Steps: 554 | Train Loss: 0.1754384 Vali Loss: 0.1455981 Test Loss: 0.1669265
Validation loss decreased (0.145699 --> 0.145598).  Saving model ...
Updating learning rate to 9.938386493277756e-05
	iters: 100, epoch: 25 | loss: 0.1790377
	speed: 1.2683s/iter; left time: 53274.0799s
	iters: 200, epoch: 25 | loss: 0.1900385
	speed: 0.5231s/iter; left time: 21920.5293s
	iters: 300, epoch: 25 | loss: 0.1830850
	speed: 0.5231s/iter; left time: 21869.4521s
	iters: 400, epoch: 25 | loss: 0.1728898
	speed: 0.5182s/iter; left time: 21611.3040s
	iters: 500, epoch: 25 | loss: 0.1791217
	speed: 0.5135s/iter; left time: 21364.6515s
Epoch: 25 cost time: 287.5948610305786
Epoch: 25, Steps: 554 | Train Loss: 0.1748063 Vali Loss: 0.1442408 Test Loss: 0.1668966
Validation loss decreased (0.145598 --> 0.144241).  Saving model ...
Updating learning rate to 9.903857630052054e-05
	iters: 100, epoch: 26 | loss: 0.1781290
	speed: 1.2611s/iter; left time: 52272.4067s
	iters: 200, epoch: 26 | loss: 0.1751890
	speed: 0.5121s/iter; left time: 21175.5322s
	iters: 300, epoch: 26 | loss: 0.1975896
	speed: 0.5119s/iter; left time: 21114.8789s
	iters: 400, epoch: 26 | loss: 0.1648305
	speed: 0.5120s/iter; left time: 21068.5013s
	iters: 500, epoch: 26 | loss: 0.1848093
	speed: 0.5112s/iter; left time: 20986.9852s
Epoch: 26 cost time: 282.4836754798889
Epoch: 26, Steps: 554 | Train Loss: 0.1741515 Vali Loss: 0.1450091 Test Loss: 0.1659585
EarlyStopping counter: 1 out of 10
Updating learning rate to 9.861767404638053e-05
	iters: 100, epoch: 27 | loss: 0.1922151
	speed: 1.2341s/iter; left time: 50470.4290s
	iters: 200, epoch: 27 | loss: 0.1623591
	speed: 0.5054s/iter; left time: 20619.1763s
	iters: 300, epoch: 27 | loss: 0.1782214
	speed: 0.5056s/iter; left time: 20578.2997s
	iters: 400, epoch: 27 | loss: 0.1719039
	speed: 0.5038s/iter; left time: 20454.0419s
	iters: 500, epoch: 27 | loss: 0.1787754
	speed: 0.5021s/iter; left time: 20332.5449s
Epoch: 27 cost time: 279.1614017486572
Epoch: 27, Steps: 554 | Train Loss: 0.1735997 Vali Loss: 0.1446188 Test Loss: 0.1657006
EarlyStopping counter: 2 out of 10
Updating learning rate to 9.812180717112581e-05
	iters: 100, epoch: 28 | loss: 0.1487352
	speed: 1.2369s/iter; left time: 49902.0334s
	iters: 200, epoch: 28 | loss: 0.1985487
	speed: 0.5066s/iter; left time: 20388.4613s
	iters: 300, epoch: 28 | loss: 0.1740209
	speed: 0.5035s/iter; left time: 20211.5904s
	iters: 400, epoch: 28 | loss: 0.1838390
	speed: 0.5010s/iter; left time: 20061.3124s
	iters: 500, epoch: 28 | loss: 0.1859453
	speed: 0.5049s/iter; left time: 20167.2991s
Epoch: 28 cost time: 278.59947085380554
Epoch: 28, Steps: 554 | Train Loss: 0.1730342 Vali Loss: 0.1444333 Test Loss: 0.1674774
EarlyStopping counter: 3 out of 10
Updating learning rate to 9.755174026553687e-05
	iters: 100, epoch: 29 | loss: 0.1653081
	speed: 1.2334s/iter; left time: 49075.5457s
	iters: 200, epoch: 29 | loss: 0.1983011
	speed: 0.5034s/iter; left time: 19977.5864s
	iters: 300, epoch: 29 | loss: 0.1807240
	speed: 0.5049s/iter; left time: 19986.8642s
	iters: 400, epoch: 29 | loss: 0.1657481
	speed: 0.5020s/iter; left time: 19824.4718s
	iters: 500, epoch: 29 | loss: 0.1660597
	speed: 0.5019s/iter; left time: 19769.1617s
Epoch: 29 cost time: 277.98606753349304
Epoch: 29, Steps: 554 | Train Loss: 0.1725230 Vali Loss: 0.1444665 Test Loss: 0.1663240
EarlyStopping counter: 4 out of 10
Updating learning rate to 9.690835233146288e-05
	iters: 100, epoch: 30 | loss: 0.1749123
	speed: 1.2360s/iter; left time: 48492.7654s
	iters: 200, epoch: 30 | loss: 0.1704447
	speed: 0.5005s/iter; left time: 19586.9953s
	iters: 300, epoch: 30 | loss: 0.1895579
	speed: 0.5011s/iter; left time: 19559.7078s
	iters: 400, epoch: 30 | loss: 0.1694979
	speed: 0.5008s/iter; left time: 19499.6929s
	iters: 500, epoch: 30 | loss: 0.1928079
	speed: 0.5012s/iter; left time: 19464.8132s
Epoch: 30 cost time: 277.12131547927856
Epoch: 30, Steps: 554 | Train Loss: 0.1719574 Vali Loss: 0.1445464 Test Loss: 0.1658341
EarlyStopping counter: 5 out of 10
Updating learning rate to 9.619263542646447e-05
	iters: 100, epoch: 31 | loss: 0.1843483
	speed: 1.2421s/iter; left time: 48046.0762s
	iters: 200, epoch: 31 | loss: 0.1894391
	speed: 0.5088s/iter; left time: 19628.1375s
	iters: 300, epoch: 31 | loss: 0.1731582
	speed: 0.5134s/iter; left time: 19756.1295s
	iters: 400, epoch: 31 | loss: 0.2030683
	speed: 0.5118s/iter; left time: 19644.7542s
	iters: 500, epoch: 31 | loss: 0.1699501
	speed: 0.5121s/iter; left time: 19602.0139s
Epoch: 31 cost time: 282.06877970695496
Epoch: 31, Steps: 554 | Train Loss: 0.1714429 Vali Loss: 0.1443824 Test Loss: 0.1663391
EarlyStopping counter: 6 out of 10
Updating learning rate to 9.540569313413296e-05
	iters: 100, epoch: 32 | loss: 0.1807423
	speed: 1.2492s/iter; left time: 47626.5937s
	iters: 200, epoch: 32 | loss: 0.1643639
	speed: 0.5210s/iter; left time: 19812.9830s
	iters: 300, epoch: 32 | loss: 0.1609967
	speed: 0.5212s/iter; left time: 19768.0232s
	iters: 400, epoch: 32 | loss: 0.1692491
	speed: 0.5212s/iter; left time: 19714.6204s
	iters: 500, epoch: 32 | loss: 0.1668086
	speed: 0.5214s/iter; left time: 19672.7326s
Epoch: 32 cost time: 287.37350940704346
Epoch: 32, Steps: 554 | Train Loss: 0.1709198 Vali Loss: 0.1442549 Test Loss: 0.1656892
EarlyStopping counter: 7 out of 10
Updating learning rate to 9.454873886244442e-05
	iters: 100, epoch: 33 | loss: 0.1506868
	speed: 1.2915s/iter; left time: 48524.9974s
	iters: 200, epoch: 33 | loss: 0.1656315
	speed: 0.5237s/iter; left time: 19626.2406s
	iters: 300, epoch: 33 | loss: 0.1751412
	speed: 0.5178s/iter; left time: 19352.8563s
	iters: 400, epoch: 33 | loss: 0.1766052
	speed: 0.5142s/iter; left time: 19165.2225s
	iters: 500, epoch: 33 | loss: 0.1652589
	speed: 0.5189s/iter; left time: 19289.7856s
Epoch: 33 cost time: 287.12086963653564
Epoch: 33, Steps: 554 | Train Loss: 0.1705528 Vali Loss: 0.1451678 Test Loss: 0.1664951
EarlyStopping counter: 8 out of 10
Updating learning rate to 9.362309397277248e-05
	iters: 100, epoch: 34 | loss: 0.1564716
	speed: 1.2477s/iter; left time: 46186.9928s
	iters: 200, epoch: 34 | loss: 0.1529257
	speed: 0.5101s/iter; left time: 18833.9428s
	iters: 300, epoch: 34 | loss: 0.1782518
	speed: 0.5101s/iter; left time: 18781.0871s
	iters: 400, epoch: 34 | loss: 0.1500727
	speed: 0.5100s/iter; left time: 18725.4966s
	iters: 500, epoch: 34 | loss: 0.1959726
	speed: 0.5097s/iter; left time: 18664.4530s
Epoch: 34 cost time: 281.7991507053375
Epoch: 34, Steps: 554 | Train Loss: 0.1701220 Vali Loss: 0.1442530 Test Loss: 0.1663015
EarlyStopping counter: 9 out of 10
Updating learning rate to 9.263018574244496e-05
	iters: 100, epoch: 35 | loss: 0.1889818
	speed: 1.2365s/iter; left time: 45088.9859s
	iters: 200, epoch: 35 | loss: 0.1743873
	speed: 0.5060s/iter; left time: 18401.2367s
	iters: 300, epoch: 35 | loss: 0.1638773
	speed: 0.5050s/iter; left time: 18315.0417s
	iters: 400, epoch: 35 | loss: 0.1743929
	speed: 0.5049s/iter; left time: 18259.5071s
	iters: 500, epoch: 35 | loss: 0.1801075
	speed: 0.5041s/iter; left time: 18180.4089s
Epoch: 35 cost time: 279.03750348091125
Epoch: 35, Steps: 554 | Train Loss: 0.1697631 Vali Loss: 0.1450480 Test Loss: 0.1662321
EarlyStopping counter: 10 out of 10
Early stopping
>>>>>>>testing : Baseline_electricity_336_336_PatchTST_custom_ftM_sl336_ll48_pl336_dm128_nh16_el3_dl1_df256_fc1_ebtimeF_dtTrue_Exp_0<<<<<<<<<<<<<<<<<<<<<<<<<<<<<<<<<
test 4925
mse:0.16689658164978027, mae:0.26157885789871216, rse:0.40691086649894714
Args in experiment:
Namespace(random_seed=2021, is_training=1, model_id='Baseline_electricity_336_720', model='PatchTST', data='custom', root_path='./dataset/', data_path='electricity.csv', features='M', target='OT', freq='h', checkpoints='./checkpoints/', seq_len=336, label_len=48, pred_len=720, fc_dropout=0.2, head_dropout=0.0, patch_len=16, stride=8, padding_patch='end', revin=1, affine=0, subtract_last=0, decomposition=0, kernel_size=25, individual=0, embed_type=0, enc_in=321, dec_in=7, c_out=7, d_model=128, n_heads=16, e_layers=3, d_layers=1, d_ff=256, moving_avg=25, factor=1, distil=True, dropout=0.2, embed='timeF', activation='gelu', output_attention=False, do_predict=False, num_workers=0, itr=1, train_epochs=100, batch_size=32, patience=10, learning_rate=0.0001, des='Exp', loss='mse', lradj='TST', pct_start=0.2, use_amp=False, use_gpu=True, gpu=0, use_multi_gpu=False, devices='0,1,2,3', test_flop=False)
Use GPU: cuda:0
>>>>>>>start training : Baseline_electricity_336_720_PatchTST_custom_ftM_sl336_ll48_pl720_dm128_nh16_el3_dl1_df256_fc1_ebtimeF_dtTrue_Exp_0>>>>>>>>>>>>>>>>>>>>>>>>>>
train 17357
val 1913
test 4541
	iters: 100, epoch: 1 | loss: 0.5465707
	speed: 0.5057s/iter; left time: 27360.7554s
	iters: 200, epoch: 1 | loss: 0.4268672
	speed: 0.5234s/iter; left time: 28265.0006s
	iters: 300, epoch: 1 | loss: 0.4050025
	speed: 0.5228s/iter; left time: 28180.9818s
	iters: 400, epoch: 1 | loss: 0.3721802
	speed: 0.5197s/iter; left time: 27960.7226s
	iters: 500, epoch: 1 | loss: 0.3399400
	speed: 0.5161s/iter; left time: 27715.3896s
Epoch: 1 cost time: 278.5208809375763
Epoch: 1, Steps: 542 | Train Loss: 0.4707783 Vali Loss: 0.2401024 Test Loss: 0.2705794
Validation loss decreased (inf --> 0.240102).  Saving model ...
Updating learning rate to 4.591068475313809e-06
	iters: 100, epoch: 2 | loss: 0.3248297
	speed: 1.2004s/iter; left time: 64290.5093s
	iters: 200, epoch: 2 | loss: 0.3281203
	speed: 0.5158s/iter; left time: 27573.9582s
	iters: 300, epoch: 2 | loss: 0.3294583
	speed: 0.5163s/iter; left time: 27547.0149s
	iters: 400, epoch: 2 | loss: 0.3434278
	speed: 0.5161s/iter; left time: 27488.3652s
	iters: 500, epoch: 2 | loss: 0.3122798
	speed: 0.5169s/iter; left time: 27479.2890s
Epoch: 2 cost time: 279.189569234848
Epoch: 2, Steps: 542 | Train Loss: 0.3146343 Vali Loss: 0.2088430 Test Loss: 0.2389449
Validation loss decreased (0.240102 --> 0.208843).  Saving model ...
Updating learning rate to 6.349717153650663e-06
	iters: 100, epoch: 3 | loss: 0.2763427
	speed: 1.1954s/iter; left time: 63374.9458s
	iters: 200, epoch: 3 | loss: 0.2687765
	speed: 0.5225s/iter; left time: 27648.1200s
	iters: 300, epoch: 3 | loss: 0.3068840
	speed: 0.5267s/iter; left time: 27819.6677s
	iters: 400, epoch: 3 | loss: 0.2970666
	speed: 0.5266s/iter; left time: 27762.9867s
	iters: 500, epoch: 3 | loss: 0.2608119
	speed: 0.5292s/iter; left time: 27844.3801s
Epoch: 3 cost time: 284.1417775154114
Epoch: 3, Steps: 542 | Train Loss: 0.2789532 Vali Loss: 0.1950186 Test Loss: 0.2248924
Validation loss decreased (0.208843 --> 0.195019).  Saving model ...
Updating learning rate to 9.232634293639038e-06
	iters: 100, epoch: 4 | loss: 0.2669797
	speed: 1.2183s/iter; left time: 63932.4582s
	iters: 200, epoch: 4 | loss: 0.2529167
	speed: 0.5368s/iter; left time: 28114.1059s
	iters: 300, epoch: 4 | loss: 0.2830437
	speed: 0.5389s/iter; left time: 28169.5111s
	iters: 400, epoch: 4 | loss: 0.2561708
	speed: 0.5357s/iter; left time: 27951.4539s
	iters: 500, epoch: 4 | loss: 0.2465946
	speed: 0.5399s/iter; left time: 28117.0601s
Epoch: 4 cost time: 289.8351972103119
Epoch: 4, Steps: 542 | Train Loss: 0.2618576 Vali Loss: 0.1887806 Test Loss: 0.2188133
Validation loss decreased (0.195019 --> 0.188781).  Saving model ...
Updating learning rate to 1.316881983534602e-05
	iters: 100, epoch: 5 | loss: 0.2663811
	speed: 1.2298s/iter; left time: 63868.9687s
	iters: 200, epoch: 5 | loss: 0.2324641
	speed: 0.5418s/iter; left time: 28082.8902s
	iters: 300, epoch: 5 | loss: 0.2582031
	speed: 0.5408s/iter; left time: 27974.9058s
	iters: 400, epoch: 5 | loss: 0.2721621
	speed: 0.5402s/iter; left time: 27893.3258s
	iters: 500, epoch: 5 | loss: 0.2536285
	speed: 0.5381s/iter; left time: 27730.1729s
Epoch: 5 cost time: 292.09515476226807
Epoch: 5, Steps: 542 | Train Loss: 0.2530094 Vali Loss: 0.1851695 Test Loss: 0.2150794
Validation loss decreased (0.188781 --> 0.185170).  Saving model ...
Updating learning rate to 1.8061333979326266e-05
	iters: 100, epoch: 6 | loss: 0.2431010
	speed: 1.2165s/iter; left time: 62517.2245s
	iters: 200, epoch: 6 | loss: 0.2350482
	speed: 0.5328s/iter; left time: 27328.2734s
	iters: 300, epoch: 6 | loss: 0.2248908
	speed: 0.5302s/iter; left time: 27141.4705s
	iters: 400, epoch: 6 | loss: 0.2085090
	speed: 0.5306s/iter; left time: 27107.5082s
	iters: 500, epoch: 6 | loss: 0.2427671
	speed: 0.5271s/iter; left time: 26875.4196s
Epoch: 6 cost time: 286.9821138381958
Epoch: 6, Steps: 542 | Train Loss: 0.2475666 Vali Loss: 0.1839645 Test Loss: 0.2144333
Validation loss decreased (0.185170 --> 0.183964).  Saving model ...
Updating learning rate to 2.3789684605765834e-05
	iters: 100, epoch: 7 | loss: 0.2516619
	speed: 1.2085s/iter; left time: 61450.8478s
	iters: 200, epoch: 7 | loss: 0.2322856
	speed: 0.5253s/iter; left time: 26658.6136s
	iters: 300, epoch: 7 | loss: 0.2402623
	speed: 0.5267s/iter; left time: 26677.1283s
	iters: 400, epoch: 7 | loss: 0.2563455
	speed: 0.5242s/iter; left time: 26495.9415s
	iters: 500, epoch: 7 | loss: 0.2413390
	speed: 0.5216s/iter; left time: 26311.7443s
Epoch: 7 cost time: 283.6581449508667
Epoch: 7, Steps: 542 | Train Loss: 0.2440236 Vali Loss: 0.1816581 Test Loss: 0.2123021
Validation loss decreased (0.183964 --> 0.181658).  Saving model ...
Updating learning rate to 3.021279473671341e-05
	iters: 100, epoch: 8 | loss: 0.2445540
	speed: 1.1959s/iter; left time: 60164.1657s
	iters: 200, epoch: 8 | loss: 0.2664111
	speed: 0.5222s/iter; left time: 26217.3121s
	iters: 300, epoch: 8 | loss: 0.2767130
	speed: 0.5218s/iter; left time: 26145.3869s
	iters: 400, epoch: 8 | loss: 0.2092173
	speed: 0.5205s/iter; left time: 26027.5369s
	iters: 500, epoch: 8 | loss: 0.2394099
	speed: 0.5208s/iter; left time: 25993.3755s
Epoch: 8 cost time: 281.87846517562866
Epoch: 8, Steps: 542 | Train Loss: 0.2410394 Vali Loss: 0.1807922 Test Loss: 0.2113282
Validation loss decreased (0.181658 --> 0.180792).  Saving model ...
Updating learning rate to 3.717247695917431e-05
	iters: 100, epoch: 9 | loss: 0.2487721
	speed: 1.1897s/iter; left time: 59204.2006s
	iters: 200, epoch: 9 | loss: 0.2535720
	speed: 0.5186s/iter; left time: 25755.9992s
	iters: 300, epoch: 9 | loss: 0.2780524
	speed: 0.5198s/iter; left time: 25765.0018s
	iters: 400, epoch: 9 | loss: 0.2805598
	speed: 0.5196s/iter; left time: 25701.7415s
	iters: 500, epoch: 9 | loss: 0.2481187
	speed: 0.5173s/iter; left time: 25536.7710s
Epoch: 9 cost time: 280.38968086242676
Epoch: 9, Steps: 542 | Train Loss: 0.2384720 Vali Loss: 0.1816700 Test Loss: 0.2127809
EarlyStopping counter: 1 out of 10
Updating learning rate to 4.449732924148608e-05
	iters: 100, epoch: 10 | loss: 0.2550179
	speed: 1.1847s/iter; left time: 58315.2503s
	iters: 200, epoch: 10 | loss: 0.2167895
	speed: 0.5188s/iter; left time: 25485.2653s
	iters: 300, epoch: 10 | loss: 0.2115917
	speed: 0.5183s/iter; left time: 25408.3425s
	iters: 400, epoch: 10 | loss: 0.2343583
	speed: 0.5195s/iter; left time: 25416.2179s
	iters: 500, epoch: 10 | loss: 0.2303907
	speed: 0.5199s/iter; left time: 25381.7050s
Epoch: 10 cost time: 280.6623387336731
Epoch: 10, Steps: 542 | Train Loss: 0.2363749 Vali Loss: 0.1805708 Test Loss: 0.2103958
Validation loss decreased (0.180792 --> 0.180571).  Saving model ...
Updating learning rate to 5.2006956197381884e-05
	iters: 100, epoch: 11 | loss: 0.2372151
	speed: 1.1963s/iter; left time: 58235.6271s
	iters: 200, epoch: 11 | loss: 0.2385615
	speed: 0.5280s/iter; left time: 25652.8101s
	iters: 300, epoch: 11 | loss: 0.2075905
	speed: 0.5308s/iter; left time: 25734.4591s
	iters: 400, epoch: 11 | loss: 0.2366190
	speed: 0.5283s/iter; left time: 25561.7966s
	iters: 500, epoch: 11 | loss: 0.2328384
	speed: 0.5315s/iter; left time: 25659.4210s
Epoch: 11 cost time: 285.6866512298584
Epoch: 11, Steps: 542 | Train Loss: 0.2344476 Vali Loss: 0.1807278 Test Loss: 0.2116731
EarlyStopping counter: 1 out of 10
Updating learning rate to 5.951641183707017e-05
	iters: 100, epoch: 12 | loss: 0.2298197
	speed: 1.2122s/iter; left time: 58353.6270s
	iters: 200, epoch: 12 | loss: 0.2357890
	speed: 0.5369s/iter; left time: 25793.9430s
	iters: 300, epoch: 12 | loss: 0.2406995
	speed: 0.5374s/iter; left time: 25760.5110s
	iters: 400, epoch: 12 | loss: 0.2388566
	speed: 0.5422s/iter; left time: 25940.5482s
	iters: 500, epoch: 12 | loss: 0.2128336
	speed: 0.5398s/iter; left time: 25770.9632s
Epoch: 12 cost time: 290.91122102737427
Epoch: 12, Steps: 542 | Train Loss: 0.2325756 Vali Loss: 0.1785898 Test Loss: 0.2097399
Validation loss decreased (0.180571 --> 0.178590).  Saving model ...
Updating learning rate to 6.684075438990978e-05
	iters: 100, epoch: 13 | loss: 0.2139553
	speed: 1.2336s/iter; left time: 58715.3441s
	iters: 200, epoch: 13 | loss: 0.2453200
	speed: 0.5393s/iter; left time: 25617.1969s
	iters: 300, epoch: 13 | loss: 0.2431310
	speed: 0.5389s/iter; left time: 25543.8823s
	iters: 400, epoch: 13 | loss: 0.2098069
	speed: 0.5373s/iter; left time: 25411.2691s
	iters: 500, epoch: 13 | loss: 0.2291754
	speed: 0.5307s/iter; left time: 25048.2097s
Epoch: 13 cost time: 290.47349548339844
Epoch: 13, Steps: 542 | Train Loss: 0.2309714 Vali Loss: 0.1775774 Test Loss: 0.2085339
Validation loss decreased (0.178590 --> 0.177577).  Saving model ...
Updating learning rate to 7.379960102317646e-05
	iters: 100, epoch: 14 | loss: 0.2519530
	speed: 1.2086s/iter; left time: 56871.2459s
	iters: 200, epoch: 14 | loss: 0.2103387
	speed: 0.5321s/iter; left time: 24985.7026s
	iters: 300, epoch: 14 | loss: 0.2236238
	speed: 0.5266s/iter; left time: 24672.9965s
	iters: 400, epoch: 14 | loss: 0.2125680
	speed: 0.5267s/iter; left time: 24627.3928s
	iters: 500, epoch: 14 | loss: 0.2235052
	speed: 0.5270s/iter; left time: 24585.2375s
Epoch: 14 cost time: 285.5025939941406
Epoch: 14, Steps: 542 | Train Loss: 0.2292662 Vali Loss: 0.1800256 Test Loss: 0.2097293
EarlyStopping counter: 1 out of 10
Updating learning rate to 8.02215702839757e-05
	iters: 100, epoch: 15 | loss: 0.2288023
	speed: 1.1969s/iter; left time: 55671.4139s
	iters: 200, epoch: 15 | loss: 0.2363926
	speed: 0.5253s/iter; left time: 24378.4830s
	iters: 300, epoch: 15 | loss: 0.2177882
	speed: 0.5227s/iter; left time: 24209.0464s
	iters: 400, epoch: 15 | loss: 0.2111279
	speed: 0.5225s/iter; left time: 24148.0871s
	iters: 500, epoch: 15 | loss: 0.2095806
	speed: 0.5225s/iter; left time: 24095.9799s
Epoch: 15 cost time: 282.7770562171936
Epoch: 15, Steps: 542 | Train Loss: 0.2281623 Vali Loss: 0.1781895 Test Loss: 0.2099295
EarlyStopping counter: 2 out of 10
Updating learning rate to 8.594850285649532e-05
	iters: 100, epoch: 16 | loss: 0.2217094
	speed: 1.1922s/iter; left time: 54807.6067s
	iters: 200, epoch: 16 | loss: 0.2407265
	speed: 0.5201s/iter; left time: 23855.8844s
	iters: 300, epoch: 16 | loss: 0.2266174
	speed: 0.5214s/iter; left time: 23866.4111s
	iters: 400, epoch: 16 | loss: 0.2256804
	speed: 0.5200s/iter; left time: 23748.3677s
	iters: 500, epoch: 16 | loss: 0.2206676
	speed: 0.5194s/iter; left time: 23668.4432s
Epoch: 16 cost time: 281.05867099761963
Epoch: 16, Steps: 542 | Train Loss: 0.2265981 Vali Loss: 0.1787677 Test Loss: 0.2087066
EarlyStopping counter: 3 out of 10
Updating learning rate to 9.083935668640763e-05
	iters: 100, epoch: 17 | loss: 0.2382272
	speed: 1.1896s/iter; left time: 54040.9059s
	iters: 200, epoch: 17 | loss: 0.2360651
	speed: 0.5198s/iter; left time: 23563.5420s
	iters: 300, epoch: 17 | loss: 0.2374483
	speed: 0.5190s/iter; left time: 23474.9861s
	iters: 400, epoch: 17 | loss: 0.2470819
	speed: 0.5201s/iter; left time: 23470.0169s
	iters: 500, epoch: 17 | loss: 0.2237419
	speed: 0.5206s/iter; left time: 23442.6973s
Epoch: 17 cost time: 281.0237817764282
Epoch: 17, Steps: 542 | Train Loss: 0.2257822 Vali Loss: 0.1768785 Test Loss: 0.2096140
Validation loss decreased (0.177577 --> 0.176879).  Saving model ...
Updating learning rate to 9.477368054386976e-05
	iters: 100, epoch: 18 | loss: 0.2192371
	speed: 1.1984s/iter; left time: 53791.3328s
	iters: 200, epoch: 18 | loss: 0.2414283
	speed: 0.5291s/iter; left time: 23694.8447s
	iters: 300, epoch: 18 | loss: 0.2180083
	speed: 0.5309s/iter; left time: 23724.8774s
	iters: 400, epoch: 18 | loss: 0.2019416
	speed: 0.5417s/iter; left time: 24152.7034s
	iters: 500, epoch: 18 | loss: 0.2202959
	speed: 0.5326s/iter; left time: 23691.6033s
Epoch: 18 cost time: 287.2501332759857
Epoch: 18, Steps: 542 | Train Loss: 0.2244324 Vali Loss: 0.1787983 Test Loss: 0.2070592
EarlyStopping counter: 1 out of 10
Updating learning rate to 9.765458047872251e-05
	iters: 100, epoch: 19 | loss: 0.2282727
	speed: 1.2223s/iter; left time: 54204.4536s
	iters: 200, epoch: 19 | loss: 0.2262273
	speed: 0.5343s/iter; left time: 23641.7756s
	iters: 300, epoch: 19 | loss: 0.2530729
	speed: 0.5420s/iter; left time: 23924.6594s
	iters: 400, epoch: 19 | loss: 0.2191247
	speed: 0.5329s/iter; left time: 23473.3878s
	iters: 500, epoch: 19 | loss: 0.2465345
	speed: 0.5304s/iter; left time: 23308.7845s
Epoch: 19 cost time: 289.38868832588196
Epoch: 19, Steps: 542 | Train Loss: 0.2234220 Vali Loss: 0.1781941 Test Loss: 0.2055989
EarlyStopping counter: 2 out of 10
Updating learning rate to 9.941110611046483e-05
	iters: 100, epoch: 20 | loss: 0.2270628
	speed: 1.2102s/iter; left time: 53011.9879s
	iters: 200, epoch: 20 | loss: 0.2133373
	speed: 0.5288s/iter; left time: 23109.4975s
	iters: 300, epoch: 20 | loss: 0.2326590
	speed: 0.5271s/iter; left time: 22983.2095s
	iters: 400, epoch: 20 | loss: 0.2159712
	speed: 0.5264s/iter; left time: 22899.6751s
	iters: 500, epoch: 20 | loss: 0.2155159
	speed: 0.5245s/iter; left time: 22765.0402s
Epoch: 20 cost time: 284.8424370288849
Epoch: 20, Steps: 542 | Train Loss: 0.2223056 Vali Loss: 0.1793297 Test Loss: 0.2069678
EarlyStopping counter: 3 out of 10
Updating learning rate to 9.999999986876205e-05
	iters: 100, epoch: 21 | loss: 0.2330842
	speed: 1.2002s/iter; left time: 51921.5066s
	iters: 200, epoch: 21 | loss: 0.2110284
	speed: 0.5227s/iter; left time: 22560.6628s
	iters: 300, epoch: 21 | loss: 0.2126381
	speed: 0.5223s/iter; left time: 22488.6462s
	iters: 400, epoch: 21 | loss: 0.2230574
	speed: 0.5217s/iter; left time: 22413.6515s
	iters: 500, epoch: 21 | loss: 0.2208485
	speed: 0.5205s/iter; left time: 22308.2939s
Epoch: 21 cost time: 282.0864450931549
Epoch: 21, Steps: 542 | Train Loss: 0.2211399 Vali Loss: 0.1775658 Test Loss: 0.2052282
EarlyStopping counter: 4 out of 10
Updating learning rate to 9.996130960970547e-05
	iters: 100, epoch: 22 | loss: 0.1956801
	speed: 1.1885s/iter; left time: 50772.9262s
	iters: 200, epoch: 22 | loss: 0.2309501
	speed: 0.5219s/iter; left time: 22242.3693s
	iters: 300, epoch: 22 | loss: 0.2094796
	speed: 0.5201s/iter; left time: 22114.2740s
	iters: 400, epoch: 22 | loss: 0.2118037
	speed: 0.5186s/iter; left time: 21996.6944s
	iters: 500, epoch: 22 | loss: 0.2336840
	speed: 0.5195s/iter; left time: 21984.6387s
Epoch: 22 cost time: 281.25941944122314
Epoch: 22, Steps: 542 | Train Loss: 0.2201955 Vali Loss: 0.1782561 Test Loss: 0.2039799
EarlyStopping counter: 5 out of 10
Updating learning rate to 9.98455829408842e-05
	iters: 100, epoch: 23 | loss: 0.2393059
	speed: 1.1935s/iter; left time: 50337.7574s
	iters: 200, epoch: 23 | loss: 0.2326109
	speed: 0.5179s/iter; left time: 21789.8706s
	iters: 300, epoch: 23 | loss: 0.2153924
	speed: 0.5211s/iter; left time: 21874.9985s
	iters: 400, epoch: 23 | loss: 0.1960622
	speed: 0.5192s/iter; left time: 21743.6836s
	iters: 500, epoch: 23 | loss: 0.2296546
	speed: 0.5169s/iter; left time: 21593.6220s
Epoch: 23 cost time: 280.439492225647
Epoch: 23, Steps: 542 | Train Loss: 0.2192331 Vali Loss: 0.1774034 Test Loss: 0.2057926
EarlyStopping counter: 6 out of 10
Updating learning rate to 9.965299830443348e-05
	iters: 100, epoch: 24 | loss: 0.2144898
	speed: 1.1880s/iter; left time: 49460.3684s
	iters: 200, epoch: 24 | loss: 0.2091970
	speed: 0.5169s/iter; left time: 21467.8380s
	iters: 300, epoch: 24 | loss: 0.2128652
	speed: 0.5192s/iter; left time: 21514.6836s
	iters: 400, epoch: 24 | loss: 0.2374955
	speed: 0.5176s/iter; left time: 21393.2794s
	iters: 500, epoch: 24 | loss: 0.2278668
	speed: 0.5200s/iter; left time: 21442.8764s
Epoch: 24 cost time: 280.3932635784149
Epoch: 24, Steps: 542 | Train Loss: 0.2183031 Vali Loss: 0.1770070 Test Loss: 0.2042477
EarlyStopping counter: 7 out of 10
Updating learning rate to 9.938385265190396e-05
	iters: 100, epoch: 25 | loss: 0.2243201
	speed: 1.1907s/iter; left time: 48931.1298s
	iters: 200, epoch: 25 | loss: 0.2131311
	speed: 0.5276s/iter; left time: 21628.0210s
	iters: 300, epoch: 25 | loss: 0.2044815
	speed: 0.5299s/iter; left time: 21667.6365s
	iters: 400, epoch: 25 | loss: 0.1994847
	speed: 0.5301s/iter; left time: 21624.4408s
	iters: 500, epoch: 25 | loss: 0.2212882
	speed: 0.5298s/iter; left time: 21557.7980s
Epoch: 25 cost time: 285.60718035697937
Epoch: 25, Steps: 542 | Train Loss: 0.2173688 Vali Loss: 0.1772174 Test Loss: 0.2035996
EarlyStopping counter: 8 out of 10
Updating learning rate to 9.903856098638375e-05
	iters: 100, epoch: 26 | loss: 0.2203063
	speed: 1.2249s/iter; left time: 49672.5178s
	iters: 200, epoch: 26 | loss: 0.2084688
	speed: 0.5344s/iter; left time: 21616.1226s
	iters: 300, epoch: 26 | loss: 0.2065922
	speed: 0.5335s/iter; left time: 21528.0713s
	iters: 400, epoch: 26 | loss: 0.2175760
	speed: 0.5303s/iter; left time: 21345.2729s
	iters: 500, epoch: 26 | loss: 0.2101077
	speed: 0.5299s/iter; left time: 21276.1151s
Epoch: 26 cost time: 287.90716528892517
Epoch: 26, Steps: 542 | Train Loss: 0.2164188 Vali Loss: 0.1778930 Test Loss: 0.2052420
EarlyStopping counter: 9 out of 10
Updating learning rate to 9.861765572259384e-05
	iters: 100, epoch: 27 | loss: 0.2263590
	speed: 1.2005s/iter; left time: 48032.2415s
	iters: 200, epoch: 27 | loss: 0.2141786
	speed: 0.5263s/iter; left time: 21005.7041s
	iters: 300, epoch: 27 | loss: 0.2305700
	speed: 0.5248s/iter; left time: 20891.9863s
	iters: 400, epoch: 27 | loss: 0.2056529
	speed: 0.5229s/iter; left time: 20764.5683s
	iters: 500, epoch: 27 | loss: 0.2026161
	speed: 0.5226s/iter; left time: 20699.1055s
Epoch: 27 cost time: 283.24227476119995
Epoch: 27, Steps: 542 | Train Loss: 0.2156281 Vali Loss: 0.1783545 Test Loss: 0.2028828
EarlyStopping counter: 10 out of 10
Early stopping
>>>>>>>testing : Baseline_electricity_336_720_PatchTST_custom_ftM_sl336_ll48_pl720_dm128_nh16_el3_dl1_df256_fc1_ebtimeF_dtTrue_Exp_0<<<<<<<<<<<<<<<<<<<<<<<<<<<<<<<<<
test 4541
