==========================================================
Lanzando Experimento: Flatten_ettm2 | Dataset: ettm2
==========================================================
Args in experiment:
Namespace(random_seed=2021, is_training=1, model_id='Flatten_ettm2_336_96', model='PatchTST', data='ETTm2', root_path='./dataset/', data_path='ETTm2.csv', features='M', target='OT', freq='h', checkpoints='./checkpoints/', seq_len=336, label_len=48, pred_len=96, head_type='flatten', fc_dropout=0.2, head_dropout=0.0, patch_len=16, stride=8, padding_patch='end', revin=1, affine=0, subtract_last=0, decomposition=0, kernel_size=25, individual=0, embed_type=0, enc_in=7, dec_in=7, c_out=7, d_model=128, n_heads=16, e_layers=3, d_layers=1, d_ff=256, moving_avg=25, factor=1, distil=True, dropout=0.2, embed='timeF', activation='gelu', output_attention=False, do_predict=False, num_workers=0, itr=1, train_epochs=100, batch_size=128, patience=20, learning_rate=0.0001, des='Exp', loss='mse', lradj='TST', pct_start=0.4, use_amp=False, use_gpu=True, gpu=0, use_multi_gpu=False, devices='0,1,2,3', test_flop=False)
Use GPU: cuda:0
>>>>>>>start training : Flatten_ettm2_336_96_PatchTST_ETTm2_ftM_sl336_ll48_pl96_dm128_nh16_el3_dl1_df256_fc1_ebtimeF_dtTrue_Exp_0>>>>>>>>>>>>>>>>>>>>>>>>>>
train 34129
val 11425
test 11425
	iters: 100, epoch: 1 | loss: 0.5928912
	speed: 0.1211s/iter; left time: 3208.6888s
	iters: 200, epoch: 1 | loss: 0.5885773
	speed: 0.0672s/iter; left time: 1774.2601s
Epoch: 1 cost time: 18.249509572982788
Epoch: 1, Steps: 266 | Train Loss: 0.4519761 Vali Loss: 0.2333419 Test Loss: 0.3105733
Validation loss decreased (inf --> 0.233342).  Saving model ...
Updating learning rate to 4.147995783958166e-06
	iters: 100, epoch: 2 | loss: 0.3548880
	speed: 0.2184s/iter; left time: 5728.9086s
	iters: 200, epoch: 2 | loss: 0.5324150
	speed: 0.1334s/iter; left time: 3487.3939s
Epoch: 2 cost time: 33.38012886047363
Epoch: 2, Steps: 266 | Train Loss: 0.4498861 Vali Loss: 0.2322652 Test Loss: 0.3092488
Validation loss decreased (0.233342 --> 0.232265).  Saving model ...
Updating learning rate to 4.591070521163098e-06
	iters: 100, epoch: 3 | loss: 0.3843043
	speed: 0.3333s/iter; left time: 8655.5971s
	iters: 200, epoch: 3 | loss: 0.3262099
	speed: 0.1608s/iter; left time: 4160.1901s
Epoch: 3 cost time: 43.56185984611511
Epoch: 3, Steps: 266 | Train Loss: 0.4473825 Vali Loss: 0.2309215 Test Loss: 0.3073052
Validation loss decreased (0.232265 --> 0.230921).  Saving model ...
Updating learning rate to 5.326491995236255e-06
	iters: 100, epoch: 4 | loss: 0.3232614
	speed: 0.3898s/iter; left time: 10017.9687s
	iters: 200, epoch: 4 | loss: 0.4955872
	speed: 0.1725s/iter; left time: 4417.2644s
Epoch: 4 cost time: 46.25843048095703
Epoch: 4, Steps: 266 | Train Loss: 0.4449139 Vali Loss: 0.2295015 Test Loss: 0.3053201
Validation loss decreased (0.230921 --> 0.229502).  Saving model ...
Updating learning rate to 6.349725236277868e-06
	iters: 100, epoch: 5 | loss: 0.3805282
	speed: 0.4034s/iter; left time: 10260.0837s
	iters: 200, epoch: 5 | loss: 0.4750675
	speed: 0.1844s/iter; left time: 4673.0645s
Epoch: 5 cost time: 48.0917603969574
Epoch: 5, Steps: 266 | Train Loss: 0.4412276 Vali Loss: 0.2277635 Test Loss: 0.3030186
Validation loss decreased (0.229502 --> 0.227763).  Saving model ...
Updating learning rate to 7.654460485717921e-06
	iters: 100, epoch: 6 | loss: 0.4804889
	speed: 0.4113s/iter; left time: 10354.0033s
	iters: 200, epoch: 6 | loss: 0.3002339
	speed: 0.1815s/iter; left time: 4549.7563s
Epoch: 6 cost time: 49.45890164375305
Epoch: 6, Steps: 266 | Train Loss: 0.4367629 Vali Loss: 0.2254683 Test Loss: 0.2999250
Validation loss decreased (0.227763 --> 0.225468).  Saving model ...
Updating learning rate to 9.232652105385623e-06
	iters: 100, epoch: 7 | loss: 0.3926447
	speed: 0.4059s/iter; left time: 10108.5177s
	iters: 200, epoch: 7 | loss: 0.5616559
	speed: 0.1872s/iter; left time: 4643.0822s
Epoch: 7 cost time: 49.34570550918579
Epoch: 7, Steps: 266 | Train Loss: 0.4326171 Vali Loss: 0.2230362 Test Loss: 0.2967914
Validation loss decreased (0.225468 --> 0.223036).  Saving model ...
Updating learning rate to 1.1074568190864783e-05
	iters: 100, epoch: 8 | loss: 0.4453252
	speed: 0.4178s/iter; left time: 10294.6271s
	iters: 200, epoch: 8 | loss: 0.3712145
	speed: 0.1881s/iter; left time: 4615.7346s
Epoch: 8 cost time: 49.323097705841064
Epoch: 8, Steps: 266 | Train Loss: 0.4275236 Vali Loss: 0.2202318 Test Loss: 0.2929076
Validation loss decreased (0.223036 --> 0.220232).  Saving model ...
Updating learning rate to 1.316885058319476e-05
	iters: 100, epoch: 9 | loss: 0.3540949
	speed: 0.4184s/iter; left time: 10197.9855s
	iters: 200, epoch: 9 | loss: 0.4799900
	speed: 0.1871s/iter; left time: 4541.3112s
Epoch: 9 cost time: 50.459044218063354
Epoch: 9, Steps: 266 | Train Loss: 0.4210806 Vali Loss: 0.2168189 Test Loss: 0.2885695
Validation loss decreased (0.220232 --> 0.216819).  Saving model ...
Updating learning rate to 1.5502584908855415e-05
	iters: 100, epoch: 10 | loss: 0.3522998
	speed: 0.4220s/iter; left time: 10172.2970s
	iters: 200, epoch: 10 | loss: 0.3390685
	speed: 0.1925s/iter; left time: 4620.2121s
Epoch: 10 cost time: 50.53145170211792
Epoch: 10, Steps: 266 | Train Loss: 0.4139992 Vali Loss: 0.2129502 Test Loss: 0.2835353
Validation loss decreased (0.216819 --> 0.212950).  Saving model ...
Updating learning rate to 1.806138021613527e-05
	iters: 100, epoch: 11 | loss: 0.3621847
	speed: 0.4142s/iter; left time: 9874.4580s
	iters: 200, epoch: 11 | loss: 0.3545963
	speed: 0.1826s/iter; left time: 4334.3556s
Epoch: 11 cost time: 49.68938612937927
Epoch: 11, Steps: 266 | Train Loss: 0.4066246 Vali Loss: 0.2087032 Test Loss: 0.2779742
Validation loss decreased (0.212950 --> 0.208703).  Saving model ...
Updating learning rate to 2.0829457716805565e-05
	iters: 100, epoch: 12 | loss: 0.4202099
	speed: 0.4188s/iter; left time: 9873.3778s
	iters: 200, epoch: 12 | loss: 0.2936207
	speed: 0.1929s/iter; left time: 4527.3386s
Epoch: 12 cost time: 50.715548276901245
Epoch: 12, Steps: 266 | Train Loss: 0.3975911 Vali Loss: 0.2039422 Test Loss: 0.2718081
Validation loss decreased (0.208703 --> 0.203942).  Saving model ...
Updating learning rate to 2.3789748085875986e-05
	iters: 100, epoch: 13 | loss: 0.2867628
	speed: 0.4197s/iter; left time: 9782.4157s
	iters: 200, epoch: 13 | loss: 0.3201316
	speed: 0.1816s/iter; left time: 4215.1111s
Epoch: 13 cost time: 49.36114144325256
Epoch: 13, Steps: 266 | Train Loss: 0.3878189 Vali Loss: 0.1987427 Test Loss: 0.2652578
Validation loss decreased (0.203942 --> 0.198743).  Saving model ...
Updating learning rate to 2.6923996719433387e-05
	iters: 100, epoch: 14 | loss: 0.4527227
	speed: 0.4183s/iter; left time: 9639.8946s
	iters: 200, epoch: 14 | loss: 0.2521337
	speed: 0.1791s/iter; left time: 4108.7610s
Epoch: 14 cost time: 49.06820201873779
Epoch: 14, Steps: 266 | Train Loss: 0.3775549 Vali Loss: 0.1932901 Test Loss: 0.2581910
Validation loss decreased (0.198743 --> 0.193290).  Saving model ...
Updating learning rate to 3.021287630149266e-05
	iters: 100, epoch: 15 | loss: 0.2980108
	speed: 0.4223s/iter; left time: 9617.9650s
	iters: 200, epoch: 15 | loss: 0.3426362
	speed: 0.1897s/iter; left time: 4300.9333s
Epoch: 15 cost time: 49.30731010437012
Epoch: 15, Steps: 266 | Train Loss: 0.3668958 Vali Loss: 0.1872309 Test Loss: 0.2507052
Validation loss decreased (0.193290 --> 0.187231).  Saving model ...
Updating learning rate to 3.363610598571669e-05
	iters: 100, epoch: 16 | loss: 0.4152606
	speed: 0.4055s/iter; left time: 9127.3601s
	iters: 200, epoch: 16 | loss: 0.3352330
	speed: 0.1893s/iter; left time: 4243.0681s
Epoch: 16 cost time: 49.73083972930908
Epoch: 16, Steps: 266 | Train Loss: 0.3550157 Vali Loss: 0.1809158 Test Loss: 0.2428312
Validation loss decreased (0.187231 --> 0.180916).  Saving model ...
Updating learning rate to 3.717257645707274e-05
	iters: 100, epoch: 17 | loss: 0.3357270
	speed: 0.4053s/iter; left time: 9016.6562s
	iters: 200, epoch: 17 | loss: 0.2698607
	speed: 0.1895s/iter; left time: 4196.0150s
Epoch: 17 cost time: 48.735777139663696
Epoch: 17, Steps: 266 | Train Loss: 0.3418101 Vali Loss: 0.1743893 Test Loss: 0.2347427
Validation loss decreased (0.180916 --> 0.174389).  Saving model ...
Updating learning rate to 4.08004801022336e-05
	iters: 100, epoch: 18 | loss: 0.3248483
	speed: 0.4035s/iter; left time: 8867.8873s
	iters: 200, epoch: 18 | loss: 0.2795541
	speed: 0.1912s/iter; left time: 4183.9870s
Epoch: 18 cost time: 48.72973108291626
Epoch: 18, Steps: 266 | Train Loss: 0.3299647 Vali Loss: 0.1676427 Test Loss: 0.2264243
Validation loss decreased (0.174389 --> 0.167643).  Saving model ...
Updating learning rate to 4.4497445486028815e-05
	iters: 100, epoch: 19 | loss: 0.3679543
	speed: 0.4048s/iter; left time: 8790.3895s
	iters: 200, epoch: 19 | loss: 0.2617725
	speed: 0.1802s/iter; left time: 3894.2777s
Epoch: 19 cost time: 48.90614199638367
Epoch: 19, Steps: 266 | Train Loss: 0.3167518 Vali Loss: 0.1608087 Test Loss: 0.2182411
Validation loss decreased (0.167643 --> 0.160809).  Saving model ...
Updating learning rate to 4.8240675304698384e-05
	iters: 100, epoch: 20 | loss: 0.2907841
	speed: 0.4053s/iter; left time: 8692.7156s
	iters: 200, epoch: 20 | loss: 0.2908782
	speed: 0.1930s/iter; left time: 4118.9881s
Epoch: 20 cost time: 48.54521679878235
Epoch: 20, Steps: 266 | Train Loss: 0.3037561 Vali Loss: 0.1540581 Test Loss: 0.2103705
Validation loss decreased (0.160809 --> 0.154058).  Saving model ...
Updating learning rate to 5.2007086965261054e-05
	iters: 100, epoch: 21 | loss: 0.2574436
	speed: 0.4023s/iter; left time: 8520.1333s
	iters: 200, epoch: 21 | loss: 0.2488529
	speed: 0.1847s/iter; left time: 3894.0823s
Epoch: 21 cost time: 49.01763939857483
Epoch: 21, Steps: 266 | Train Loss: 0.2917739 Vali Loss: 0.1479439 Test Loss: 0.2031422
Validation loss decreased (0.154058 --> 0.147944).  Saving model ...
Updating learning rate to 5.5773454924116216e-05
	iters: 100, epoch: 22 | loss: 0.3065578
	speed: 0.4046s/iter; left time: 8461.6478s
	iters: 200, epoch: 22 | loss: 0.2654864
	speed: 0.1783s/iter; left time: 3710.6686s
Epoch: 22 cost time: 48.31625413894653
Epoch: 22, Steps: 266 | Train Loss: 0.2805110 Vali Loss: 0.1423364 Test Loss: 0.1967300
Validation loss decreased (0.147944 --> 0.142336).  Saving model ...
Updating learning rate to 5.95165539071495e-05
	iters: 100, epoch: 23 | loss: 0.2376011
	speed: 0.4080s/iter; left time: 8424.0458s
	iters: 200, epoch: 23 | loss: 0.2554250
	speed: 0.1851s/iter; left time: 3803.4402s
Epoch: 23 cost time: 48.09717059135437
Epoch: 23, Steps: 266 | Train Loss: 0.2705810 Vali Loss: 0.1377252 Test Loss: 0.1913404
Validation loss decreased (0.142336 --> 0.137725).  Saving model ...
Updating learning rate to 6.321330212817643e-05
	iters: 100, epoch: 24 | loss: 0.2687736
	speed: 0.3994s/iter; left time: 8140.8893s
	iters: 200, epoch: 24 | loss: 0.2420184
	speed: 0.1815s/iter; left time: 3680.9266s
Epoch: 24 cost time: 48.46892476081848
Epoch: 24, Steps: 266 | Train Loss: 0.2616446 Vali Loss: 0.1338965 Test Loss: 0.1867462
Validation loss decreased (0.137725 --> 0.133896).  Saving model ...
Updating learning rate to 6.684090362256924e-05
	iters: 100, epoch: 25 | loss: 0.4829403
	speed: 0.4076s/iter; left time: 8199.5726s
	iters: 200, epoch: 25 | loss: 0.2260980
	speed: 0.1825s/iter; left time: 3653.2530s
Epoch: 25 cost time: 48.595885038375854
Epoch: 25, Steps: 266 | Train Loss: 0.2543640 Vali Loss: 0.1308032 Test Loss: 0.1827585
Validation loss decreased (0.133896 --> 0.130803).  Saving model ...
Updating learning rate to 7.037698881836747e-05
	iters: 100, epoch: 26 | loss: 0.2326226
	speed: 0.4014s/iter; left time: 7968.4372s
	iters: 200, epoch: 26 | loss: 0.1743267
	speed: 0.1833s/iter; left time: 3620.9608s
Epoch: 26 cost time: 49.08655643463135
Epoch: 26, Steps: 266 | Train Loss: 0.2476299 Vali Loss: 0.1283063 Test Loss: 0.1791582
Validation loss decreased (0.130803 --> 0.128306).  Saving model ...
Updating learning rate to 7.379975247804219e-05
	iters: 100, epoch: 27 | loss: 0.1854938
	speed: 0.4129s/iter; left time: 8085.8113s
	iters: 200, epoch: 27 | loss: 0.1856237
	speed: 0.1849s/iter; left time: 3601.9759s
Epoch: 27 cost time: 47.67080354690552
Epoch: 27, Steps: 266 | Train Loss: 0.2420506 Vali Loss: 0.1262492 Test Loss: 0.1761820
Validation loss decreased (0.128306 --> 0.126249).  Saving model ...
Updating learning rate to 7.70880881602968e-05
	iters: 100, epoch: 28 | loss: 0.2441222
	speed: 0.3986s/iter; left time: 7700.1630s
	iters: 200, epoch: 28 | loss: 0.2177920
	speed: 0.1751s/iter; left time: 3365.3300s
Epoch: 28 cost time: 47.26610469818115
Epoch: 28, Steps: 266 | Train Loss: 0.2370875 Vali Loss: 0.1245499 Test Loss: 0.1735328
Validation loss decreased (0.126249 --> 0.124550).  Saving model ...
Updating learning rate to 8.02217183727475e-05
	iters: 100, epoch: 29 | loss: 0.2213344
	speed: 0.4020s/iter; left time: 7659.2157s
	iters: 200, epoch: 29 | loss: 0.1880961
	speed: 0.1756s/iter; left time: 3327.6293s
Epoch: 29 cost time: 47.272809743881226
Epoch: 29, Steps: 266 | Train Loss: 0.2329209 Vali Loss: 0.1229483 Test Loss: 0.1715420
Validation loss decreased (0.124550 --> 0.122948).  Saving model ...
Updating learning rate to 8.318131961289731e-05
	iters: 100, epoch: 30 | loss: 0.2127399
	speed: 0.4031s/iter; left time: 7573.3183s
	iters: 200, epoch: 30 | loss: 0.2507493
	speed: 0.1822s/iter; left time: 3405.5387s
Epoch: 30 cost time: 47.9200541973114
Epoch: 30, Steps: 266 | Train Loss: 0.2295926 Vali Loss: 0.1220417 Test Loss: 0.1696610
Validation loss decreased (0.122948 --> 0.122042).  Saving model ...
Updating learning rate to 8.59486415263404e-05
	iters: 100, epoch: 31 | loss: 0.1908629
	speed: 0.4005s/iter; left time: 7417.1328s
	iters: 200, epoch: 31 | loss: 0.1782982
	speed: 0.1812s/iter; left time: 3338.2496s
Epoch: 31 cost time: 47.89490342140198
Epoch: 31, Steps: 266 | Train Loss: 0.2268317 Vali Loss: 0.1209163 Test Loss: 0.1682831
Validation loss decreased (0.122042 --> 0.120916).  Saving model ...
Updating learning rate to 8.850661944740828e-05
	iters: 100, epoch: 32 | loss: 0.2931621
	speed: 0.4001s/iter; left time: 7304.1580s
	iters: 200, epoch: 32 | loss: 0.2147028
	speed: 0.1857s/iter; left time: 3370.6400s
Epoch: 32 cost time: 47.61151123046875
Epoch: 32, Steps: 266 | Train Loss: 0.2242387 Vali Loss: 0.1201502 Test Loss: 0.1671632
Validation loss decreased (0.120916 --> 0.120150).  Saving model ...
Updating learning rate to 9.083947962827694e-05
	iters: 100, epoch: 33 | loss: 0.2574884
	speed: 0.4073s/iter; left time: 7326.7498s
	iters: 200, epoch: 33 | loss: 0.2421610
	speed: 0.1867s/iter; left time: 3340.5222s
Epoch: 33 cost time: 49.888569355010986
Epoch: 33, Steps: 266 | Train Loss: 0.2224304 Vali Loss: 0.1196274 Test Loss: 0.1663056
Validation loss decreased (0.120150 --> 0.119627).  Saving model ...
Updating learning rate to 9.293283650764084e-05
	iters: 100, epoch: 34 | loss: 0.1865107
	speed: 0.4269s/iter; left time: 7565.6307s
	iters: 200, epoch: 34 | loss: 0.1729062
	speed: 0.1978s/iter; left time: 3485.1873s
Epoch: 34 cost time: 52.81481909751892
Epoch: 34, Steps: 266 | Train Loss: 0.2205841 Vali Loss: 0.1191616 Test Loss: 0.1656837
Validation loss decreased (0.119627 --> 0.119162).  Saving model ...
Updating learning rate to 9.477378141914727e-05
	iters: 100, epoch: 35 | loss: 0.1759412
	speed: 0.4592s/iter; left time: 8016.6243s
	iters: 200, epoch: 35 | loss: 0.1889853
	speed: 0.2112s/iter; left time: 3666.2396s
Epoch: 35 cost time: 55.06864023208618
Epoch: 35, Steps: 266 | Train Loss: 0.2192460 Vali Loss: 0.1188118 Test Loss: 0.1652422
Validation loss decreased (0.119162 --> 0.118812).  Saving model ...
Updating learning rate to 9.635096219257111e-05
	iters: 100, epoch: 36 | loss: 0.2242340
	speed: 0.4589s/iter; left time: 7889.1727s
	iters: 200, epoch: 36 | loss: 0.2117175
	speed: 0.2258s/iter; left time: 3858.6915s
Epoch: 36 cost time: 57.012065410614014
Epoch: 36, Steps: 266 | Train Loss: 0.2179012 Vali Loss: 0.1184996 Test Loss: 0.1648600
Validation loss decreased (0.118812 --> 0.118500).  Saving model ...
Updating learning rate to 9.765465315687045e-05
	iters: 100, epoch: 37 | loss: 0.2352945
	speed: 0.4919s/iter; left time: 8325.9651s
	iters: 200, epoch: 37 | loss: 0.1614291
	speed: 0.2246s/iter; left time: 3778.2405s
Epoch: 37 cost time: 59.731038331985474
Epoch: 37, Steps: 266 | Train Loss: 0.2167854 Vali Loss: 0.1184355 Test Loss: 0.1645667
Validation loss decreased (0.118500 --> 0.118436).  Saving model ...
Updating learning rate to 9.867681511344941e-05
	iters: 100, epoch: 38 | loss: 0.1702691
	speed: 0.5211s/iter; left time: 8681.4282s
	iters: 200, epoch: 38 | loss: 0.2471304
	speed: 0.2334s/iter; left time: 3864.4363s
Epoch: 38 cost time: 61.39913749694824
Epoch: 38, Steps: 266 | Train Loss: 0.2154624 Vali Loss: 0.1184166 Test Loss: 0.1641432
Validation loss decreased (0.118436 --> 0.118417).  Saving model ...
Updating learning rate to 9.941114490980398e-05
	iters: 100, epoch: 39 | loss: 0.3101737
	speed: 0.5425s/iter; left time: 8893.3135s
	iters: 200, epoch: 39 | loss: 0.1869024
	speed: 0.2381s/iter; left time: 3879.7814s
Epoch: 39 cost time: 64.23779702186584
Epoch: 39, Steps: 266 | Train Loss: 0.2141297 Vali Loss: 0.1181884 Test Loss: 0.1640290
Validation loss decreased (0.118417 --> 0.118188).  Saving model ...
Updating learning rate to 9.98531143078552e-05
	iters: 100, epoch: 40 | loss: 0.1421887
	speed: 0.5566s/iter; left time: 8976.3409s
	iters: 200, epoch: 40 | loss: 0.3400157
	speed: 0.2534s/iter; left time: 4060.7889s
Epoch: 40 cost time: 67.55140590667725
Epoch: 40, Steps: 266 | Train Loss: 0.2137403 Vali Loss: 0.1179880 Test Loss: 0.1638815
Validation loss decreased (0.118188 --> 0.117988).  Saving model ...
Updating learning rate to 9.999999903133806e-05
	iters: 100, epoch: 41 | loss: 0.1955332
	speed: 0.5515s/iter; left time: 8747.5449s
	iters: 200, epoch: 41 | loss: 0.1673060
	speed: 0.2432s/iter; left time: 3833.1278s
Epoch: 41 cost time: 66.63442134857178
Epoch: 41, Steps: 266 | Train Loss: 0.2128124 Vali Loss: 0.1179317 Test Loss: 0.1638248
Validation loss decreased (0.117988 --> 0.117932).  Saving model ...
Updating learning rate to 9.993096095176514e-05
	iters: 100, epoch: 42 | loss: 0.2357503
	speed: 0.5573s/iter; left time: 8690.4713s
	iters: 200, epoch: 42 | loss: 0.1835503
	speed: 0.2360s/iter; left time: 3657.4241s
Epoch: 42 cost time: 63.765578269958496
Epoch: 42, Steps: 266 | Train Loss: 0.2118945 Vali Loss: 0.1178999 Test Loss: 0.1637606
Validation loss decreased (0.117932 --> 0.117900).  Saving model ...
Updating learning rate to 9.972506612706808e-05
	iters: 100, epoch: 43 | loss: 0.2091518
	speed: 0.5179s/iter; left time: 7938.9331s
	iters: 200, epoch: 43 | loss: 0.1588794
	speed: 0.2414s/iter; left time: 3676.3037s
Epoch: 43 cost time: 61.72608709335327
Epoch: 43, Steps: 266 | Train Loss: 0.2104139 Vali Loss: 0.1180245 Test Loss: 0.1635580
EarlyStopping counter: 1 out of 20
Updating learning rate to 9.93828789006498e-05
	iters: 100, epoch: 44 | loss: 0.2268915
	speed: 0.4949s/iter; left time: 7454.2414s
	iters: 200, epoch: 44 | loss: 0.2753449
	speed: 0.2176s/iter; left time: 3256.1893s
Epoch: 44 cost time: 59.004632234573364
Epoch: 44, Steps: 266 | Train Loss: 0.2102754 Vali Loss: 0.1181779 Test Loss: 0.1636310
EarlyStopping counter: 2 out of 20
Updating learning rate to 9.890533718391275e-05
	iters: 100, epoch: 45 | loss: 0.2908165
	speed: 0.4949s/iter; left time: 7323.7028s
	iters: 200, epoch: 45 | loss: 0.1858904
	speed: 0.2239s/iter; left time: 3290.6680s
Epoch: 45 cost time: 57.127641439437866
Epoch: 45, Steps: 266 | Train Loss: 0.2089863 Vali Loss: 0.1181608 Test Loss: 0.1637062
EarlyStopping counter: 3 out of 20
Updating learning rate to 9.829374988550901e-05
	iters: 100, epoch: 46 | loss: 0.2383940
	speed: 0.4723s/iter; left time: 6862.3161s
	iters: 200, epoch: 46 | loss: 0.1632840
	speed: 0.2164s/iter; left time: 3122.5089s
Epoch: 46 cost time: 57.38204646110535
Epoch: 46, Steps: 266 | Train Loss: 0.2080552 Vali Loss: 0.1185044 Test Loss: 0.1636890
EarlyStopping counter: 4 out of 20
Updating learning rate to 9.754979332371259e-05
	iters: 100, epoch: 47 | loss: 0.1858524
	speed: 0.4631s/iter; left time: 6605.6550s
	iters: 200, epoch: 47 | loss: 0.1588237
	speed: 0.2078s/iter; left time: 2943.3945s
Epoch: 47 cost time: 55.62514305114746
Epoch: 47, Steps: 266 | Train Loss: 0.2070651 Vali Loss: 0.1187507 Test Loss: 0.1639094
EarlyStopping counter: 5 out of 20
Updating learning rate to 9.667550663174757e-05
	iters: 100, epoch: 48 | loss: 0.1740872
	speed: 0.4614s/iter; left time: 6459.3002s
	iters: 200, epoch: 48 | loss: 0.2589375
	speed: 0.2035s/iter; left time: 2828.1452s
Epoch: 48 cost time: 54.50413513183594
Epoch: 48, Steps: 266 | Train Loss: 0.2060530 Vali Loss: 0.1189194 Test Loss: 0.1641155
EarlyStopping counter: 6 out of 20
Updating learning rate to 9.567328616866573e-05
	iters: 100, epoch: 49 | loss: 0.1644411
	speed: 0.4484s/iter; left time: 6157.9273s
	iters: 200, epoch: 49 | loss: 0.1879884
	speed: 0.2067s/iter; left time: 2817.9351s
Epoch: 49 cost time: 54.00766372680664
Epoch: 49, Steps: 266 | Train Loss: 0.2053802 Vali Loss: 0.1187900 Test Loss: 0.1642030
EarlyStopping counter: 7 out of 20
Updating learning rate to 9.454587895109285e-05
	iters: 100, epoch: 50 | loss: 0.2090940
	speed: 0.4443s/iter; left time: 5983.9157s
	iters: 200, epoch: 50 | loss: 0.1654584
	speed: 0.2013s/iter; left time: 2690.6495s
Epoch: 50 cost time: 53.32915806770325
Epoch: 50, Steps: 266 | Train Loss: 0.2039701 Vali Loss: 0.1193313 Test Loss: 0.1644743
EarlyStopping counter: 8 out of 20
Updating learning rate to 9.329637512384722e-05
	iters: 100, epoch: 51 | loss: 0.2708370
	speed: 0.4459s/iter; left time: 5886.9440s
	iters: 200, epoch: 51 | loss: 0.2223162
	speed: 0.2011s/iter; left time: 2634.2491s
Epoch: 51 cost time: 53.178807735443115
Epoch: 51, Steps: 266 | Train Loss: 0.2030432 Vali Loss: 0.1194831 Test Loss: 0.1646406
EarlyStopping counter: 9 out of 20
Updating learning rate to 9.192819949006735e-05
	iters: 100, epoch: 52 | loss: 0.1869206
	speed: 0.4339s/iter; left time: 5612.9253s
	iters: 200, epoch: 52 | loss: 0.2469458
	speed: 0.2023s/iter; left time: 2596.4609s
Epoch: 52 cost time: 51.955843925476074
Epoch: 52, Steps: 266 | Train Loss: 0.2024070 Vali Loss: 0.1198219 Test Loss: 0.1649882
EarlyStopping counter: 10 out of 20
Updating learning rate to 9.044510212406473e-05
	iters: 100, epoch: 53 | loss: 0.2488298
	speed: 0.4313s/iter; left time: 5464.5205s
	iters: 200, epoch: 53 | loss: 0.2541938
	speed: 0.1913s/iter; left time: 2404.1937s
Epoch: 53 cost time: 52.39897084236145
Epoch: 53, Steps: 266 | Train Loss: 0.2016319 Vali Loss: 0.1196466 Test Loss: 0.1649611
EarlyStopping counter: 11 out of 20
Updating learning rate to 8.885114809263072e-05
	iters: 100, epoch: 54 | loss: 0.2045438
	speed: 0.4344s/iter; left time: 5387.3604s
	iters: 200, epoch: 54 | loss: 0.2114274
	speed: 0.1953s/iter; left time: 2402.1817s
Epoch: 54 cost time: 51.190221071243286
Epoch: 54, Steps: 266 | Train Loss: 0.2004798 Vali Loss: 0.1200493 Test Loss: 0.1651069
EarlyStopping counter: 12 out of 20
Updating learning rate to 8.71507063129711e-05
	iters: 100, epoch: 55 | loss: 0.2587126
	speed: 0.4250s/iter; left time: 5158.7504s
	iters: 200, epoch: 55 | loss: 0.2367011
	speed: 0.1976s/iter; left time: 2378.2425s
Epoch: 55 cost time: 50.888593435287476
Epoch: 55, Steps: 266 | Train Loss: 0.1999745 Vali Loss: 0.1200979 Test Loss: 0.1653349
EarlyStopping counter: 13 out of 20
Updating learning rate to 8.534843757780764e-05
	iters: 100, epoch: 56 | loss: 0.2076241
	speed: 0.4186s/iter; left time: 4968.7209s
	iters: 200, epoch: 56 | loss: 0.2601694
	speed: 0.1953s/iter; left time: 2298.6043s
Epoch: 56 cost time: 50.96590709686279
Epoch: 56, Steps: 266 | Train Loss: 0.1989545 Vali Loss: 0.1203151 Test Loss: 0.1658180
EarlyStopping counter: 14 out of 20
Updating learning rate to 8.34492817804693e-05
	iters: 100, epoch: 57 | loss: 0.1964846
	speed: 0.4248s/iter; left time: 4929.9088s
	iters: 200, epoch: 57 | loss: 0.1916758
	speed: 0.1895s/iter; left time: 2180.6276s
Epoch: 57 cost time: 51.28786301612854
Epoch: 57, Steps: 266 | Train Loss: 0.1985387 Vali Loss: 0.1206411 Test Loss: 0.1660360
EarlyStopping counter: 15 out of 20
Updating learning rate to 8.145844437498785e-05
	iters: 100, epoch: 58 | loss: 0.1687166
	speed: 0.4214s/iter; left time: 4777.7115s
	iters: 200, epoch: 58 | loss: 0.2203704
	speed: 0.1920s/iter; left time: 2158.4227s
Epoch: 58 cost time: 50.641647815704346
Epoch: 58, Steps: 266 | Train Loss: 0.1981432 Vali Loss: 0.1205298 Test Loss: 0.1661888
EarlyStopping counter: 16 out of 20
Updating learning rate to 7.938138210831032e-05
	iters: 100, epoch: 59 | loss: 0.2612900
	speed: 0.4228s/iter; left time: 4681.4567s
	iters: 200, epoch: 59 | loss: 0.1869294
	speed: 0.1908s/iter; left time: 2093.2636s
Epoch: 59 cost time: 50.35269355773926
Epoch: 59, Steps: 266 | Train Loss: 0.1974136 Vali Loss: 0.1207015 Test Loss: 0.1661328
EarlyStopping counter: 17 out of 20
Updating learning rate to 7.722378806373484e-05
	iters: 100, epoch: 60 | loss: 0.2090419
	speed: 0.4109s/iter; left time: 4440.3679s
	iters: 200, epoch: 60 | loss: 0.1491466
	speed: 0.1951s/iter; left time: 2089.1986s
Epoch: 60 cost time: 50.212509870529175
Epoch: 60, Steps: 266 | Train Loss: 0.1966762 Vali Loss: 0.1205906 Test Loss: 0.1661319
EarlyStopping counter: 18 out of 20
Updating learning rate to 7.499157605656507e-05
	iters: 100, epoch: 61 | loss: 0.1389953
	speed: 0.4172s/iter; left time: 4398.0260s
	iters: 200, epoch: 61 | loss: 0.2426556
	speed: 0.1858s/iter; left time: 1939.7133s
Epoch: 61 cost time: 49.644245862960815
Epoch: 61, Steps: 266 | Train Loss: 0.1961513 Vali Loss: 0.1207120 Test Loss: 0.1661930
EarlyStopping counter: 19 out of 20
Updating learning rate to 7.26908644247535e-05
	iters: 100, epoch: 62 | loss: 0.2728766
	speed: 0.4013s/iter; left time: 4123.8132s
	iters: 200, epoch: 62 | loss: 0.2131811
	speed: 0.1892s/iter; left time: 1925.4358s
Epoch: 62 cost time: 49.022052526474
Epoch: 62, Steps: 266 | Train Loss: 0.1956703 Vali Loss: 0.1207275 Test Loss: 0.1663374
EarlyStopping counter: 20 out of 20
Early stopping
>>>>>>>testing : Flatten_ettm2_336_96_PatchTST_ETTm2_ftM_sl336_ll48_pl96_dm128_nh16_el3_dl1_df256_fc1_ebtimeF_dtTrue_Exp_0<<<<<<<<<<<<<<<<<<<<<<<<<<<<<<<<<
test 11425
mse:0.17101414501667023, mae:0.25700196623802185, rse:0.3350129723548889
Args in experiment:
Namespace(random_seed=2021, is_training=1, model_id='Flatten_ettm2_336_192', model='PatchTST', data='ETTm2', root_path='./dataset/', data_path='ETTm2.csv', features='M', target='OT', freq='h', checkpoints='./checkpoints/', seq_len=336, label_len=48, pred_len=192, head_type='flatten', fc_dropout=0.2, head_dropout=0.0, patch_len=16, stride=8, padding_patch='end', revin=1, affine=0, subtract_last=0, decomposition=0, kernel_size=25, individual=0, embed_type=0, enc_in=7, dec_in=7, c_out=7, d_model=128, n_heads=16, e_layers=3, d_layers=1, d_ff=256, moving_avg=25, factor=1, distil=True, dropout=0.2, embed='timeF', activation='gelu', output_attention=False, do_predict=False, num_workers=0, itr=1, train_epochs=100, batch_size=128, patience=20, learning_rate=0.0001, des='Exp', loss='mse', lradj='TST', pct_start=0.4, use_amp=False, use_gpu=True, gpu=0, use_multi_gpu=False, devices='0,1,2,3', test_flop=False)
Use GPU: cuda:0
>>>>>>>start training : Flatten_ettm2_336_192_PatchTST_ETTm2_ftM_sl336_ll48_pl192_dm128_nh16_el3_dl1_df256_fc1_ebtimeF_dtTrue_Exp_0>>>>>>>>>>>>>>>>>>>>>>>>>>
train 34033
val 11329
test 11329
	iters: 100, epoch: 1 | loss: 0.4163829
	speed: 0.1629s/iter; left time: 4300.1881s
	iters: 200, epoch: 1 | loss: 0.5755876
	speed: 0.1866s/iter; left time: 4907.4189s
Epoch: 1 cost time: 45.6737744808197
Epoch: 1, Steps: 265 | Train Loss: 0.5049553 Vali Loss: 0.2579483 Test Loss: 0.3410399
Validation loss decreased (inf --> 0.257948).  Saving model ...
Updating learning rate to 4.147995888890545e-06
	iters: 100, epoch: 2 | loss: 0.3197735
	speed: 0.4263s/iter; left time: 11141.3810s
	iters: 200, epoch: 2 | loss: 0.3666581
	speed: 0.1982s/iter; left time: 5159.2769s
Epoch: 2 cost time: 52.604883432388306
Epoch: 2, Steps: 265 | Train Loss: 0.5038173 Vali Loss: 0.2573958 Test Loss: 0.3402594
Validation loss decreased (0.257948 --> 0.257396).  Saving model ...
Updating learning rate to 4.591070939598485e-06
	iters: 100, epoch: 3 | loss: 0.6634279
	speed: 0.4378s/iter; left time: 11325.9804s
	iters: 200, epoch: 3 | loss: 0.5963867
	speed: 0.2010s/iter; left time: 5179.9675s
Epoch: 3 cost time: 53.28719758987427
Epoch: 3, Steps: 265 | Train Loss: 0.5020252 Vali Loss: 0.2565195 Test Loss: 0.3388653
Validation loss decreased (0.257396 --> 0.256520).  Saving model ...
Updating learning rate to 5.326492931874866e-06
	iters: 100, epoch: 4 | loss: 0.5629413
	speed: 0.4339s/iter; left time: 11109.5560s
	iters: 200, epoch: 4 | loss: 0.7973310
	speed: 0.2051s/iter; left time: 5231.3052s
Epoch: 4 cost time: 53.84433436393738
Epoch: 4, Steps: 265 | Train Loss: 0.5002506 Vali Loss: 0.2554052 Test Loss: 0.3375075
Validation loss decreased (0.256520 --> 0.255405).  Saving model ...
Updating learning rate to 6.349726889409005e-06
	iters: 100, epoch: 5 | loss: 0.6266304
	speed: 0.4311s/iter; left time: 10925.4924s
	iters: 200, epoch: 5 | loss: 0.4965177
	speed: 0.2029s/iter; left time: 5120.9332s
Epoch: 5 cost time: 52.98142695426941
Epoch: 5, Steps: 265 | Train Loss: 0.4980222 Vali Loss: 0.2542094 Test Loss: 0.3356362
Validation loss decreased (0.255405 --> 0.254209).  Saving model ...
Updating learning rate to 7.654463044738896e-06
	iters: 100, epoch: 6 | loss: 0.4428586
	speed: 0.4340s/iter; left time: 10882.2242s
	iters: 200, epoch: 6 | loss: 0.3456142
	speed: 0.1926s/iter; left time: 4811.3346s
Epoch: 6 cost time: 51.96700954437256
Epoch: 6, Steps: 265 | Train Loss: 0.4953083 Vali Loss: 0.2527635 Test Loss: 0.3338682
Validation loss decreased (0.254209 --> 0.252763).  Saving model ...
Updating learning rate to 9.232655748403029e-06
	iters: 100, epoch: 7 | loss: 0.3719738
	speed: 0.4331s/iter; left time: 10746.7136s
	iters: 200, epoch: 7 | loss: 0.6266044
	speed: 0.2003s/iter; left time: 4949.2052s
Epoch: 7 cost time: 53.61310029029846
Epoch: 7, Steps: 265 | Train Loss: 0.4919670 Vali Loss: 0.2509670 Test Loss: 0.3316703
Validation loss decreased (0.252763 --> 0.250967).  Saving model ...
Updating learning rate to 1.107457308240065e-05
	iters: 100, epoch: 8 | loss: 0.4657697
	speed: 0.4363s/iter; left time: 10710.1757s
	iters: 200, epoch: 8 | loss: 0.7465749
	speed: 0.1984s/iter; left time: 4850.1768s
Epoch: 8 cost time: 52.828861236572266
Epoch: 8, Steps: 265 | Train Loss: 0.4879501 Vali Loss: 0.2491796 Test Loss: 0.3289754
Validation loss decreased (0.250967 --> 0.249180).  Saving model ...
Updating learning rate to 1.3168856872018862e-05
	iters: 100, epoch: 9 | loss: 0.4176476
	speed: 0.4293s/iter; left time: 10423.6785s
	iters: 200, epoch: 9 | loss: 0.3022997
	speed: 0.2001s/iter; left time: 4838.4940s
Epoch: 9 cost time: 53.90388464927673
Epoch: 9, Steps: 265 | Train Loss: 0.4833021 Vali Loss: 0.2470222 Test Loss: 0.3260537
Validation loss decreased (0.249180 --> 0.247022).  Saving model ...
Updating learning rate to 1.550259272596464e-05
	iters: 100, epoch: 10 | loss: 0.3818366
	speed: 0.4358s/iter; left time: 10467.0833s
	iters: 200, epoch: 10 | loss: 0.5129319
	speed: 0.1936s/iter; left time: 4631.0459s
Epoch: 10 cost time: 53.42996573448181
Epoch: 10, Steps: 265 | Train Loss: 0.4790086 Vali Loss: 0.2446335 Test Loss: 0.3227964
Validation loss decreased (0.247022 --> 0.244633).  Saving model ...
Updating learning rate to 1.806138967289881e-05
	iters: 100, epoch: 11 | loss: 0.3868837
	speed: 0.4256s/iter; left time: 10109.1793s
	iters: 200, epoch: 11 | loss: 0.4437639
	speed: 0.1988s/iter; left time: 4700.6730s
Epoch: 11 cost time: 52.48958992958069
Epoch: 11, Steps: 265 | Train Loss: 0.4735610 Vali Loss: 0.2415877 Test Loss: 0.3188162
Validation loss decreased (0.244633 --> 0.241588).  Saving model ...
Updating learning rate to 2.0829468903294163e-05
	iters: 100, epoch: 12 | loss: 0.5327922
	speed: 0.4287s/iter; left time: 10069.0734s
	iters: 200, epoch: 12 | loss: 0.3761602
	speed: 0.1966s/iter; left time: 4598.8160s
Epoch: 12 cost time: 51.95552611351013
Epoch: 12, Steps: 265 | Train Loss: 0.4680826 Vali Loss: 0.2386616 Test Loss: 0.3148580
Validation loss decreased (0.241588 --> 0.238662).  Saving model ...
Updating learning rate to 2.3789761069391508e-05
	iters: 100, epoch: 13 | loss: 0.5317181
	speed: 0.4258s/iter; left time: 9886.7242s
	iters: 200, epoch: 13 | loss: 0.4347225
	speed: 0.2041s/iter; left time: 4719.5390s
Epoch: 13 cost time: 52.86674189567566
Epoch: 13, Steps: 265 | Train Loss: 0.4613125 Vali Loss: 0.2349585 Test Loss: 0.3102885
Validation loss decreased (0.238662 --> 0.234958).  Saving model ...
Updating learning rate to 2.692401154325343e-05
	iters: 100, epoch: 14 | loss: 0.7178690
	speed: 0.4180s/iter; left time: 9595.9983s
	iters: 200, epoch: 14 | loss: 0.4152783
	speed: 0.2079s/iter; left time: 4751.5491s
Epoch: 14 cost time: 53.1306631565094
Epoch: 14, Steps: 265 | Train Loss: 0.4534934 Vali Loss: 0.2310479 Test Loss: 0.3054470
Validation loss decreased (0.234958 --> 0.231048).  Saving model ...
Updating learning rate to 3.0212892983843068e-05
	iters: 100, epoch: 15 | loss: 0.5148029
	speed: 0.4271s/iter; left time: 9690.7331s
	iters: 200, epoch: 15 | loss: 0.3489698
	speed: 0.2066s/iter; left time: 4666.4356s
Epoch: 15 cost time: 54.287818908691406
Epoch: 15, Steps: 265 | Train Loss: 0.4466218 Vali Loss: 0.2270620 Test Loss: 0.3003443
Validation loss decreased (0.231048 --> 0.227062).  Saving model ...
Updating learning rate to 3.3636124518983084e-05
	iters: 100, epoch: 16 | loss: 0.4511838
	speed: 0.4531s/iter; left time: 10161.8044s
	iters: 200, epoch: 16 | loss: 0.3551980
	speed: 0.2077s/iter; left time: 4637.0540s
Epoch: 16 cost time: 56.02252435684204
Epoch: 16, Steps: 265 | Train Loss: 0.4378162 Vali Loss: 0.2225457 Test Loss: 0.2948112
Validation loss decreased (0.227062 --> 0.222546).  Saving model ...
Updating learning rate to 3.717259680726015e-05
	iters: 100, epoch: 17 | loss: 0.5330039
	speed: 0.4727s/iter; left time: 10475.6254s
	iters: 200, epoch: 17 | loss: 0.6079925
	speed: 0.2161s/iter; left time: 4766.7009s
Epoch: 17 cost time: 57.93663573265076
Epoch: 17, Steps: 265 | Train Loss: 0.4288996 Vali Loss: 0.2178243 Test Loss: 0.2890196
Validation loss decreased (0.222546 --> 0.217824).  Saving model ...
Updating learning rate to 4.080050220868085e-05
	iters: 100, epoch: 18 | loss: 0.4070547
	speed: 0.4841s/iter; left time: 10600.0120s
	iters: 200, epoch: 18 | loss: 0.3355308
	speed: 0.2328s/iter; left time: 5074.2954s
Epoch: 18 cost time: 61.121554374694824
Epoch: 18, Steps: 265 | Train Loss: 0.4198602 Vali Loss: 0.2129774 Test Loss: 0.2829225
Validation loss decreased (0.217824 --> 0.212977).  Saving model ...
Updating learning rate to 4.449746926138297e-05
	iters: 100, epoch: 19 | loss: 0.4710861
	speed: 0.5068s/iter; left time: 10961.6839s
	iters: 200, epoch: 19 | loss: 0.6441438
	speed: 0.2466s/iter; left time: 5309.3971s
Epoch: 19 cost time: 64.36274766921997
Epoch: 19, Steps: 265 | Train Loss: 0.4090829 Vali Loss: 0.2074195 Test Loss: 0.2765864
Validation loss decreased (0.212977 --> 0.207420).  Saving model ...
Updating learning rate to 4.824070063515135e-05
	iters: 100, epoch: 20 | loss: 0.4116904
	speed: 0.5358s/iter; left time: 11447.6044s
	iters: 200, epoch: 20 | loss: 0.3236490
	speed: 0.2480s/iter; left time: 5273.8049s
Epoch: 20 cost time: 66.08723282814026
Epoch: 20, Steps: 265 | Train Loss: 0.3997592 Vali Loss: 0.2022184 Test Loss: 0.2702965
Validation loss decreased (0.207420 --> 0.202218).  Saving model ...
Updating learning rate to 5.200711371104918e-05
	iters: 100, epoch: 21 | loss: 0.3073645
	speed: 0.5570s/iter; left time: 11752.4011s
	iters: 200, epoch: 21 | loss: 0.4088584
	speed: 0.2577s/iter; left time: 5412.0345s
Epoch: 21 cost time: 69.74588465690613
Epoch: 21, Steps: 265 | Train Loss: 0.3894389 Vali Loss: 0.1967652 Test Loss: 0.2640236
Validation loss decreased (0.202218 --> 0.196765).  Saving model ...
Updating learning rate to 5.577348292028073e-05
	iters: 100, epoch: 22 | loss: 0.2686044
	speed: 0.6037s/iter; left time: 12579.0459s
	iters: 200, epoch: 22 | loss: 0.3068611
	speed: 0.2682s/iter; left time: 5561.2747s
Epoch: 22 cost time: 72.21791434288025
Epoch: 22, Steps: 265 | Train Loss: 0.3791054 Vali Loss: 0.1916095 Test Loss: 0.2579874
Validation loss decreased (0.196765 --> 0.191610).  Saving model ...
Updating learning rate to 5.9516582964553954e-05
	iters: 100, epoch: 23 | loss: 0.3756659
	speed: 0.6049s/iter; left time: 12444.0242s
	iters: 200, epoch: 23 | loss: 0.3366763
	speed: 0.2692s/iter; left time: 5510.8708s
Epoch: 23 cost time: 72.8366003036499
Epoch: 23, Steps: 265 | Train Loss: 0.3695603 Vali Loss: 0.1867321 Test Loss: 0.2523768
Validation loss decreased (0.191610 --> 0.186732).  Saving model ...
Updating learning rate to 6.321333203477474e-05
	iters: 100, epoch: 24 | loss: 0.3404004
	speed: 0.5894s/iter; left time: 11969.3621s
	iters: 200, epoch: 24 | loss: 0.3624444
	speed: 0.2706s/iter; left time: 5468.6510s
Epoch: 24 cost time: 70.1826753616333
Epoch: 24, Steps: 265 | Train Loss: 0.3601786 Vali Loss: 0.1821126 Test Loss: 0.2472996
Validation loss decreased (0.186732 --> 0.182113).  Saving model ...
Updating learning rate to 6.684093414491588e-05
	iters: 100, epoch: 25 | loss: 0.3707761
	speed: 0.5570s/iter; left time: 11162.7792s
	iters: 200, epoch: 25 | loss: 0.3327847
	speed: 0.2638s/iter; left time: 5260.9154s
Epoch: 25 cost time: 68.01912117004395
Epoch: 25, Steps: 265 | Train Loss: 0.3516296 Vali Loss: 0.1780393 Test Loss: 0.2429148
Validation loss decreased (0.182113 --> 0.178039).  Saving model ...
Updating learning rate to 7.037701970335941e-05
	iters: 100, epoch: 26 | loss: 0.3004599
	speed: 0.5429s/iter; left time: 10736.7988s
	iters: 200, epoch: 26 | loss: 0.3030109
	speed: 0.2364s/iter; left time: 4651.6825s
Epoch: 26 cost time: 65.2099940776825
Epoch: 26, Steps: 265 | Train Loss: 0.3441025 Vali Loss: 0.1748893 Test Loss: 0.2392647
Validation loss decreased (0.178039 --> 0.174889).  Saving model ...
Updating learning rate to 7.379978345487968e-05
	iters: 100, epoch: 27 | loss: 0.2993945
	speed: 0.5288s/iter; left time: 10317.1479s
	iters: 200, epoch: 27 | loss: 0.2696517
	speed: 0.2429s/iter; left time: 4714.1419s
Epoch: 27 cost time: 63.77152895927429
Epoch: 27, Steps: 265 | Train Loss: 0.3380277 Vali Loss: 0.1718008 Test Loss: 0.2360349
Validation loss decreased (0.174889 --> 0.171801).  Saving model ...
Updating learning rate to 7.70881189426489e-05
	iters: 100, epoch: 28 | loss: 0.2924733
	speed: 0.5088s/iter; left time: 9792.2508s
	iters: 200, epoch: 28 | loss: 0.3750924
	speed: 0.2348s/iter; left time: 4495.5415s
Epoch: 28 cost time: 62.78416681289673
Epoch: 28, Steps: 265 | Train Loss: 0.3321764 Vali Loss: 0.1696729 Test Loss: 0.2333326
Validation loss decreased (0.171801 --> 0.169673).  Saving model ...
Updating learning rate to 8.022174866110521e-05
	iters: 100, epoch: 29 | loss: 0.2173176
	speed: 0.5036s/iter; left time: 9558.3008s
	iters: 200, epoch: 29 | loss: 0.3743806
	speed: 0.2236s/iter; left time: 4222.0552s
Epoch: 29 cost time: 60.42709398269653
Epoch: 29, Steps: 265 | Train Loss: 0.3267730 Vali Loss: 0.1676871 Test Loss: 0.2309424
Validation loss decreased (0.169673 --> 0.167687).  Saving model ...
Updating learning rate to 8.318134909709714e-05
	iters: 100, epoch: 30 | loss: 0.2427945
	speed: 0.4861s/iter; left time: 9097.2046s
	iters: 200, epoch: 30 | loss: 0.3925811
	speed: 0.2292s/iter; left time: 4265.9143s
Epoch: 30 cost time: 58.55952763557434
Epoch: 30, Steps: 265 | Train Loss: 0.3228581 Vali Loss: 0.1658772 Test Loss: 0.2289153
Validation loss decreased (0.167687 --> 0.165877).  Saving model ...
Updating learning rate to 8.594866988823775e-05
	iters: 100, epoch: 31 | loss: 0.6367900
	speed: 0.4751s/iter; left time: 8765.2602s
	iters: 200, epoch: 31 | loss: 0.4764659
	speed: 0.2147s/iter; left time: 3939.8842s
Epoch: 31 cost time: 58.428462505340576
Epoch: 31, Steps: 265 | Train Loss: 0.3193926 Vali Loss: 0.1645341 Test Loss: 0.2271526
Validation loss decreased (0.165877 --> 0.164534).  Saving model ...
Updating learning rate to 8.850664636367998e-05
	iters: 100, epoch: 32 | loss: 0.3294460
	speed: 0.4788s/iter; left time: 8707.3050s
	iters: 200, epoch: 32 | loss: 0.3924050
	speed: 0.2193s/iter; left time: 3966.6233s
Epoch: 32 cost time: 58.487849950790405
Epoch: 32, Steps: 265 | Train Loss: 0.3156690 Vali Loss: 0.1634863 Test Loss: 0.2257441
Validation loss decreased (0.164534 --> 0.163486).  Saving model ...
Updating learning rate to 9.083950477333033e-05
	iters: 100, epoch: 33 | loss: 0.3984556
	speed: 0.4683s/iter; left time: 8392.8491s
	iters: 200, epoch: 33 | loss: 0.4164827
	speed: 0.2159s/iter; left time: 3848.1232s
Epoch: 33 cost time: 56.9651825428009
Epoch: 33, Steps: 265 | Train Loss: 0.3139542 Vali Loss: 0.1623607 Test Loss: 0.2244775
Validation loss decreased (0.163486 --> 0.162361).  Saving model ...
Updating learning rate to 9.293285955660577e-05
	iters: 100, epoch: 34 | loss: 0.2841519
	speed: 0.4643s/iter; left time: 8198.4750s
	iters: 200, epoch: 34 | loss: 0.3175755
	speed: 0.2144s/iter; left time: 3764.3149s
Epoch: 34 cost time: 56.25629472732544
Epoch: 34, Steps: 265 | Train Loss: 0.3116564 Vali Loss: 0.1615724 Test Loss: 0.2236200
Validation loss decreased (0.162361 --> 0.161572).  Saving model ...
Updating learning rate to 9.477380205092656e-05
	iters: 100, epoch: 35 | loss: 0.3065852
	speed: 0.4631s/iter; left time: 8053.8760s
	iters: 200, epoch: 35 | loss: 0.1949441
	speed: 0.2129s/iter; left time: 3680.5196s
Epoch: 35 cost time: 56.71910381317139
Epoch: 35, Steps: 265 | Train Loss: 0.3097637 Vali Loss: 0.1608585 Test Loss: 0.2228351
Validation loss decreased (0.161572 --> 0.160859).  Saving model ...
Updating learning rate to 9.635098009292423e-05
	iters: 100, epoch: 36 | loss: 0.2837644
	speed: 0.4571s/iter; left time: 7827.6400s
	iters: 200, epoch: 36 | loss: 0.3657402
	speed: 0.2038s/iter; left time: 3469.4493s
Epoch: 36 cost time: 55.69235157966614
Epoch: 36, Steps: 265 | Train Loss: 0.3085406 Vali Loss: 0.1603316 Test Loss: 0.2222293
Validation loss decreased (0.160859 --> 0.160332).  Saving model ...
Updating learning rate to 9.765466802150444e-05
	iters: 100, epoch: 37 | loss: 0.3116040
	speed: 0.4550s/iter; left time: 7671.2608s
	iters: 200, epoch: 37 | loss: 0.2995094
	speed: 0.2064s/iter; left time: 3459.8090s
Epoch: 37 cost time: 55.42733335494995
Epoch: 37, Steps: 265 | Train Loss: 0.3067896 Vali Loss: 0.1599210 Test Loss: 0.2216695
Validation loss decreased (0.160332 --> 0.159921).  Saving model ...
Updating learning rate to 9.867682665109111e-05
	iters: 100, epoch: 38 | loss: 0.2701745
	speed: 0.4604s/iter; left time: 7640.9086s
	iters: 200, epoch: 38 | loss: 0.2292714
	speed: 0.1988s/iter; left time: 3279.5262s
Epoch: 38 cost time: 55.24473285675049
Epoch: 38, Steps: 265 | Train Loss: 0.3057895 Vali Loss: 0.1594170 Test Loss: 0.2214673
Validation loss decreased (0.159921 --> 0.159417).  Saving model ...
Updating learning rate to 9.941115284522702e-05
	iters: 100, epoch: 39 | loss: 0.2890439
	speed: 0.4498s/iter; left time: 7345.7072s
	iters: 200, epoch: 39 | loss: 0.3245074
	speed: 0.2135s/iter; left time: 3465.1478s
Epoch: 39 cost time: 55.26197934150696
Epoch: 39, Steps: 265 | Train Loss: 0.3046742 Vali Loss: 0.1592158 Test Loss: 0.2210699
Validation loss decreased (0.159417 --> 0.159216).  Saving model ...
Updating learning rate to 9.985311838483566e-05
	iters: 100, epoch: 40 | loss: 0.2291182
	speed: 0.4422s/iter; left time: 7103.9337s
	iters: 200, epoch: 40 | loss: 0.2570734
	speed: 0.2040s/iter; left time: 3256.4536s
Epoch: 40 cost time: 54.644084453582764
Epoch: 40, Steps: 265 | Train Loss: 0.3030922 Vali Loss: 0.1589205 Test Loss: 0.2208021
Validation loss decreased (0.159216 --> 0.158921).  Saving model ...
Updating learning rate to 9.99999990240136e-05
	iters: 100, epoch: 41 | loss: 0.3638748
	speed: 0.4489s/iter; left time: 7092.4651s
	iters: 200, epoch: 41 | loss: 0.2976484
	speed: 0.2048s/iter; left time: 3215.5419s
Epoch: 41 cost time: 54.648632764816284
Epoch: 41, Steps: 265 | Train Loss: 0.3027268 Vali Loss: 0.1583962 Test Loss: 0.2206947
Validation loss decreased (0.158921 --> 0.158396).  Saving model ...
Updating learning rate to 9.993095900070463e-05
	iters: 100, epoch: 42 | loss: 0.2285566
	speed: 0.4399s/iter; left time: 6833.6947s
	iters: 200, epoch: 42 | loss: 0.4260025
	speed: 0.2051s/iter; left time: 3166.3559s
Epoch: 42 cost time: 53.59531044960022
Epoch: 42, Steps: 265 | Train Loss: 0.3014779 Vali Loss: 0.1583955 Test Loss: 0.2205103
Validation loss decreased (0.158396 --> 0.158396).  Saving model ...
Updating learning rate to 9.972506223761924e-05
	iters: 100, epoch: 43 | loss: 0.2316154
	speed: 0.4368s/iter; left time: 6670.1418s
	iters: 200, epoch: 43 | loss: 0.3710850
	speed: 0.2102s/iter; left time: 3189.2486s
Epoch: 43 cost time: 54.776533126831055
Epoch: 43, Steps: 265 | Train Loss: 0.3004115 Vali Loss: 0.1584729 Test Loss: 0.2201652
EarlyStopping counter: 1 out of 20
Updating learning rate to 9.938287308347333e-05
	iters: 100, epoch: 44 | loss: 0.3607729
	speed: 0.4365s/iter; left time: 6549.7413s
	iters: 200, epoch: 44 | loss: 0.2396615
	speed: 0.2086s/iter; left time: 3109.3367s
Epoch: 44 cost time: 53.652748346328735
Epoch: 44, Steps: 265 | Train Loss: 0.2993822 Vali Loss: 0.1584272 Test Loss: 0.2199302
EarlyStopping counter: 2 out of 20
Updating learning rate to 9.890532945495314e-05
	iters: 100, epoch: 45 | loss: 0.2865140
	speed: 0.4299s/iter; left time: 6336.6558s
	iters: 200, epoch: 45 | loss: 0.2571623
	speed: 0.2026s/iter; left time: 2966.2495s
Epoch: 45 cost time: 54.08747673034668
Epoch: 45, Steps: 265 | Train Loss: 0.2985483 Vali Loss: 0.1583417 Test Loss: 0.2197826
Validation loss decreased (0.158396 --> 0.158342).  Saving model ...
Updating learning rate to 9.829374026595078e-05
	iters: 100, epoch: 46 | loss: 0.2580555
	speed: 0.4295s/iter; left time: 6217.0252s
	iters: 200, epoch: 46 | loss: 0.3295020
	speed: 0.2068s/iter; left time: 2972.3709s
Epoch: 46 cost time: 53.790353536605835
Epoch: 46, Steps: 265 | Train Loss: 0.2972144 Vali Loss: 0.1583922 Test Loss: 0.2196578
EarlyStopping counter: 1 out of 20
Updating learning rate to 9.754978183992228e-05
	iters: 100, epoch: 47 | loss: 0.2741256
	speed: 0.4296s/iter; left time: 6104.9353s
	iters: 200, epoch: 47 | loss: 0.2643426
	speed: 0.2059s/iter; left time: 2905.7788s
Epoch: 47 cost time: 54.38551163673401
Epoch: 47, Steps: 265 | Train Loss: 0.2962647 Vali Loss: 0.1585848 Test Loss: 0.2197093
EarlyStopping counter: 2 out of 20
Updating learning rate to 9.667549331520148e-05
	iters: 100, epoch: 48 | loss: 0.3202107
	speed: 0.4320s/iter; left time: 6024.3130s
	iters: 200, epoch: 48 | loss: 0.3014613
	speed: 0.1990s/iter; left time: 2755.7153s
Epoch: 48 cost time: 53.124314308166504
Epoch: 48, Steps: 265 | Train Loss: 0.2950081 Vali Loss: 0.1588716 Test Loss: 0.2194881
EarlyStopping counter: 3 out of 20
Updating learning rate to 9.567327105586355e-05
	iters: 100, epoch: 49 | loss: 0.3712456
	speed: 0.4323s/iter; left time: 5914.8527s
	iters: 200, epoch: 49 | loss: 0.2037905
	speed: 0.2028s/iter; left time: 2754.3316s
Epoch: 49 cost time: 52.30391526222229
Epoch: 49, Steps: 265 | Train Loss: 0.2928400 Vali Loss: 0.1592094 Test Loss: 0.2192834
EarlyStopping counter: 4 out of 20
Updating learning rate to 9.454586208345774e-05
	iters: 100, epoch: 50 | loss: 0.2805763
	speed: 0.4346s/iter; left time: 5830.3351s
	iters: 200, epoch: 50 | loss: 0.1839285
	speed: 0.1919s/iter; left time: 2555.4402s
Epoch: 50 cost time: 52.875510692596436
Epoch: 50, Steps: 265 | Train Loss: 0.2919668 Vali Loss: 0.1595929 Test Loss: 0.2195860
EarlyStopping counter: 5 out of 20
Updating learning rate to 9.329635654761219e-05
	iters: 100, epoch: 51 | loss: 0.2357049
	speed: 0.4287s/iter; left time: 5637.3021s
	iters: 200, epoch: 51 | loss: 0.2576248
	speed: 0.2004s/iter; left time: 2616.0472s
Epoch: 51 cost time: 52.974162340164185
Epoch: 51, Steps: 265 | Train Loss: 0.2903165 Vali Loss: 0.1598802 Test Loss: 0.2199642
EarlyStopping counter: 6 out of 20
Updating learning rate to 9.192817925614859e-05
	iters: 100, epoch: 52 | loss: 0.3243619
	speed: 0.4371s/iter; left time: 5632.6786s
	iters: 200, epoch: 52 | loss: 0.2556688
	speed: 0.1959s/iter; left time: 2504.1699s
Epoch: 52 cost time: 53.52000379562378
Epoch: 52, Steps: 265 | Train Loss: 0.2891624 Vali Loss: 0.1601259 Test Loss: 0.2202944
EarlyStopping counter: 7 out of 20
Updating learning rate to 9.044508028792197e-05
	iters: 100, epoch: 53 | loss: 0.3228720
	speed: 0.4323s/iter; left time: 5455.8407s
	iters: 200, epoch: 53 | loss: 0.2726748
	speed: 0.1987s/iter; left time: 2488.1201s
Epoch: 53 cost time: 54.67240881919861
Epoch: 53, Steps: 265 | Train Loss: 0.2872828 Vali Loss: 0.1605097 Test Loss: 0.2206652
EarlyStopping counter: 8 out of 20
Updating learning rate to 8.885112471411532e-05
	iters: 100, epoch: 54 | loss: 0.2496377
	speed: 0.4332s/iter; left time: 5353.1742s
	iters: 200, epoch: 54 | loss: 0.3664852
	speed: 0.2009s/iter; left time: 2462.4313s
Epoch: 54 cost time: 53.49378728866577
Epoch: 54, Steps: 265 | Train Loss: 0.2859497 Vali Loss: 0.1608628 Test Loss: 0.2210992
EarlyStopping counter: 9 out of 20
Updating learning rate to 8.715068145616196e-05
	iters: 100, epoch: 55 | loss: 0.2154354
	speed: 0.4269s/iter; left time: 5162.1670s
	iters: 200, epoch: 55 | loss: 0.2830569
	speed: 0.2052s/iter; left time: 2460.2900s
Epoch: 55 cost time: 53.13389539718628
Epoch: 55, Steps: 265 | Train Loss: 0.2848647 Vali Loss: 0.1613981 Test Loss: 0.2215068
EarlyStopping counter: 10 out of 20
Updating learning rate to 8.534841131083555e-05
	iters: 100, epoch: 56 | loss: 0.2741892
	speed: 0.4313s/iter; left time: 5100.7554s
	iters: 200, epoch: 56 | loss: 0.2367772
	speed: 0.2057s/iter; left time: 2412.1294s
Epoch: 56 cost time: 53.96006989479065
Epoch: 56, Steps: 265 | Train Loss: 0.2831108 Vali Loss: 0.1619898 Test Loss: 0.2220536
EarlyStopping counter: 11 out of 20
Updating learning rate to 8.344925417533019e-05
	iters: 100, epoch: 57 | loss: 0.3775590
	speed: 0.4494s/iter; left time: 5195.3938s
	iters: 200, epoch: 57 | loss: 0.3451956
	speed: 0.2028s/iter; left time: 2324.3502s
Epoch: 57 cost time: 56.41422128677368
Epoch: 57, Steps: 265 | Train Loss: 0.2814140 Vali Loss: 0.1622877 Test Loss: 0.2227735
EarlyStopping counter: 12 out of 20
Updating learning rate to 8.14584155073455e-05
	iters: 100, epoch: 58 | loss: 0.3080845
	speed: 0.4586s/iter; left time: 5179.8372s
	iters: 200, epoch: 58 | loss: 0.2668136
	speed: 0.2139s/iter; left time: 2394.8992s
Epoch: 58 cost time: 58.801180362701416
Epoch: 58, Steps: 265 | Train Loss: 0.2798355 Vali Loss: 0.1624454 Test Loss: 0.2228600
EarlyStopping counter: 13 out of 20
Updating learning rate to 7.938135205728891e-05
	iters: 100, epoch: 59 | loss: 0.2696694
	speed: 0.4855s/iter; left time: 5355.2287s
	iters: 200, epoch: 59 | loss: 0.3148278
	speed: 0.2250s/iter; left time: 2459.8495s
Epoch: 59 cost time: 60.21763515472412
Epoch: 59, Steps: 265 | Train Loss: 0.2793971 Vali Loss: 0.1629326 Test Loss: 0.2237381
EarlyStopping counter: 14 out of 20
Updating learning rate to 7.722375691170215e-05
	iters: 100, epoch: 60 | loss: 0.2076907
	speed: 0.5068s/iter; left time: 5455.6798s
	iters: 200, epoch: 60 | loss: 0.2630535
	speed: 0.2474s/iter; left time: 2638.6270s
Epoch: 60 cost time: 62.52208638191223
Epoch: 60, Steps: 265 | Train Loss: 0.2779629 Vali Loss: 0.1633872 Test Loss: 0.2239955
EarlyStopping counter: 15 out of 20
Updating learning rate to 7.499154388890664e-05
	iters: 100, epoch: 61 | loss: 0.3062845
	speed: 0.5269s/iter; left time: 5533.0031s
	iters: 200, epoch: 61 | loss: 0.2933999
	speed: 0.2572s/iter; left time: 2674.6457s
Epoch: 61 cost time: 66.89755892753601
Epoch: 61, Steps: 265 | Train Loss: 0.2758380 Vali Loss: 0.1635702 Test Loss: 0.2245527
EarlyStopping counter: 16 out of 20
Updating learning rate to 7.269083132963864e-05
	iters: 100, epoch: 62 | loss: 0.3040724
	speed: 0.5607s/iter; left time: 5739.5413s
	iters: 200, epoch: 62 | loss: 0.3627110
	speed: 0.2661s/iter; left time: 2697.2665s
Epoch: 62 cost time: 71.30543851852417
Epoch: 62, Steps: 265 | Train Loss: 0.2748747 Vali Loss: 0.1638307 Test Loss: 0.2251997
EarlyStopping counter: 17 out of 20
Updating learning rate to 7.032792532710257e-05
	iters: 100, epoch: 63 | loss: 0.2381436
	speed: 0.5748s/iter; left time: 5731.1492s
	iters: 200, epoch: 63 | loss: 0.2316206
	speed: 0.2750s/iter; left time: 2714.6265s
Epoch: 63 cost time: 72.15100908279419
Epoch: 63, Steps: 265 | Train Loss: 0.2733158 Vali Loss: 0.1637869 Test Loss: 0.2254948
EarlyStopping counter: 18 out of 20
Updating learning rate to 6.790930244240778e-05
	iters: 100, epoch: 64 | loss: 0.2431901
	speed: 0.6039s/iter; left time: 5861.8817s
	iters: 200, epoch: 64 | loss: 0.2632180
	speed: 0.2756s/iter; left time: 2647.3593s
Epoch: 64 cost time: 72.44256091117859
Epoch: 64, Steps: 265 | Train Loss: 0.2724368 Vali Loss: 0.1640315 Test Loss: 0.2259088
EarlyStopping counter: 19 out of 20
Updating learning rate to 6.544159195276479e-05
	iters: 100, epoch: 65 | loss: 0.2914071
	speed: 0.5664s/iter; left time: 5347.6535s
	iters: 200, epoch: 65 | loss: 0.3320582
	speed: 0.2721s/iter; left time: 2541.9459s
Epoch: 65 cost time: 69.21552586555481
Epoch: 65, Steps: 265 | Train Loss: 0.2712809 Vali Loss: 0.1641132 Test Loss: 0.2259138
EarlyStopping counter: 20 out of 20
Early stopping
>>>>>>>testing : Flatten_ettm2_336_192_PatchTST_ETTm2_ftM_sl336_ll48_pl192_dm128_nh16_el3_dl1_df256_fc1_ebtimeF_dtTrue_Exp_0<<<<<<<<<<<<<<<<<<<<<<<<<<<<<<<<<
test 11329
mse:0.22737355530261993, mae:0.29615190625190735, rse:0.3853704631328583
Args in experiment:
Namespace(random_seed=2021, is_training=1, model_id='Flatten_ettm2_336_336', model='PatchTST', data='ETTm2', root_path='./dataset/', data_path='ETTm2.csv', features='M', target='OT', freq='h', checkpoints='./checkpoints/', seq_len=336, label_len=48, pred_len=336, head_type='flatten', fc_dropout=0.2, head_dropout=0.0, patch_len=16, stride=8, padding_patch='end', revin=1, affine=0, subtract_last=0, decomposition=0, kernel_size=25, individual=0, embed_type=0, enc_in=7, dec_in=7, c_out=7, d_model=128, n_heads=16, e_layers=3, d_layers=1, d_ff=256, moving_avg=25, factor=1, distil=True, dropout=0.2, embed='timeF', activation='gelu', output_attention=False, do_predict=False, num_workers=0, itr=1, train_epochs=100, batch_size=128, patience=20, learning_rate=0.0001, des='Exp', loss='mse', lradj='TST', pct_start=0.4, use_amp=False, use_gpu=True, gpu=0, use_multi_gpu=False, devices='0,1,2,3', test_flop=False)
Use GPU: cuda:0
>>>>>>>start training : Flatten_ettm2_336_336_PatchTST_ETTm2_ftM_sl336_ll48_pl336_dm128_nh16_el3_dl1_df256_fc1_ebtimeF_dtTrue_Exp_0>>>>>>>>>>>>>>>>>>>>>>>>>>
train 33889
val 11185
test 11185
	iters: 100, epoch: 1 | loss: 0.4111909
	speed: 0.2280s/iter; left time: 5997.2468s
	iters: 200, epoch: 1 | loss: 0.8521481
	speed: 0.2716s/iter; left time: 7116.0270s
Epoch: 1 cost time: 65.19828176498413
Epoch: 1, Steps: 264 | Train Loss: 0.5624738 Vali Loss: 0.2878956 Test Loss: 0.3768221
Validation loss decreased (inf --> 0.287896).  Saving model ...
Updating learning rate to 4.147995994617984e-06
	iters: 100, epoch: 2 | loss: 0.4943889
	speed: 0.5689s/iter; left time: 14812.9225s
	iters: 200, epoch: 2 | loss: 0.6300122
	speed: 0.2756s/iter; left time: 7149.0782s
Epoch: 2 cost time: 72.70835852622986
Epoch: 2, Steps: 264 | Train Loss: 0.5609304 Vali Loss: 0.2877102 Test Loss: 0.3761868
Validation loss decreased (0.287896 --> 0.287710).  Saving model ...
Updating learning rate to 4.591071361204269e-06
	iters: 100, epoch: 3 | loss: 0.6615589
	speed: 0.5668s/iter; left time: 14608.8901s
	iters: 200, epoch: 3 | loss: 0.6378340
	speed: 0.2731s/iter; left time: 7011.1795s
Epoch: 3 cost time: 71.00523829460144
Epoch: 3, Steps: 264 | Train Loss: 0.5596242 Vali Loss: 0.2870187 Test Loss: 0.3753526
Validation loss decreased (0.287710 --> 0.287019).  Saving model ...
Updating learning rate to 5.3264938756102174e-06
	iters: 100, epoch: 4 | loss: 0.4846663
	speed: 0.5480s/iter; left time: 13978.9528s
	iters: 200, epoch: 4 | loss: 0.5402309
	speed: 0.2514s/iter; left time: 6386.6430s
Epoch: 4 cost time: 68.42833375930786
Epoch: 4, Steps: 264 | Train Loss: 0.5583520 Vali Loss: 0.2864452 Test Loss: 0.3742881
Validation loss decreased (0.287019 --> 0.286445).  Saving model ...
Updating learning rate to 6.349728555065631e-06
	iters: 100, epoch: 5 | loss: 0.4708643
	speed: 0.5343s/iter; left time: 13487.8629s
	iters: 200, epoch: 5 | loss: 0.6044191
	speed: 0.2628s/iter; left time: 6607.7514s
Epoch: 5 cost time: 66.77534413337708
Epoch: 5, Steps: 264 | Train Loss: 0.5571575 Vali Loss: 0.2856204 Test Loss: 0.3730754
Validation loss decreased (0.286445 --> 0.285620).  Saving model ...
Updating learning rate to 7.654465623149092e-06
	iters: 100, epoch: 6 | loss: 0.3624417
	speed: 0.5276s/iter; left time: 13181.1541s
	iters: 200, epoch: 6 | loss: 0.6792734
	speed: 0.2385s/iter; left time: 5934.0199s
Epoch: 6 cost time: 65.17107963562012
Epoch: 6, Steps: 264 | Train Loss: 0.5548421 Vali Loss: 0.2842865 Test Loss: 0.3715172
Validation loss decreased (0.285620 --> 0.284287).  Saving model ...
Updating learning rate to 9.232659419022894e-06
	iters: 100, epoch: 7 | loss: 0.5006446
	speed: 0.5045s/iter; left time: 12470.4736s
	iters: 200, epoch: 7 | loss: 0.4411994
	speed: 0.2463s/iter; left time: 6061.9998s
Epoch: 7 cost time: 65.7369110584259
Epoch: 7, Steps: 264 | Train Loss: 0.5528476 Vali Loss: 0.2830768 Test Loss: 0.3699321
Validation loss decreased (0.284287 --> 0.283077).  Saving model ...
Updating learning rate to 1.1074578010998666e-05
	iters: 100, epoch: 8 | loss: 0.5257207
	speed: 0.5294s/iter; left time: 12945.8101s
	iters: 200, epoch: 8 | loss: 0.8621314
	speed: 0.2440s/iter; left time: 5941.7011s
Epoch: 8 cost time: 64.91921973228455
Epoch: 8, Steps: 264 | Train Loss: 0.5501987 Vali Loss: 0.2818882 Test Loss: 0.3680136
Validation loss decreased (0.283077 --> 0.281888).  Saving model ...
Updating learning rate to 1.3168863208492038e-05
	iters: 100, epoch: 9 | loss: 0.8397744
	speed: 0.5016s/iter; left time: 12132.3750s
	iters: 200, epoch: 9 | loss: 0.5540623
	speed: 0.2422s/iter; left time: 5834.6384s
Epoch: 9 cost time: 63.68839144706726
Epoch: 9, Steps: 264 | Train Loss: 0.5466194 Vali Loss: 0.2801889 Test Loss: 0.3657436
Validation loss decreased (0.281888 --> 0.280189).  Saving model ...
Updating learning rate to 1.5502600602302323e-05
	iters: 100, epoch: 10 | loss: 0.6022313
	speed: 0.4967s/iter; left time: 11883.6793s
	iters: 200, epoch: 10 | loss: 0.5778981
	speed: 0.2441s/iter; left time: 5816.2353s
Epoch: 10 cost time: 63.45704007148743
Epoch: 10, Steps: 264 | Train Loss: 0.5430728 Vali Loss: 0.2782224 Test Loss: 0.3631963
Validation loss decreased (0.280189 --> 0.278222).  Saving model ...
Updating learning rate to 1.8061399201313948e-05
	iters: 100, epoch: 11 | loss: 0.4002363
	speed: 0.5004s/iter; left time: 11838.9938s
	iters: 200, epoch: 11 | loss: 0.6381098
	speed: 0.2263s/iter; left time: 5332.7523s
Epoch: 11 cost time: 63.06212496757507
Epoch: 11, Steps: 264 | Train Loss: 0.5388460 Vali Loss: 0.2763163 Test Loss: 0.3604324
Validation loss decreased (0.278222 --> 0.276316).  Saving model ...
Updating learning rate to 2.08294801745399e-05
	iters: 100, epoch: 12 | loss: 0.8035735
	speed: 0.4977s/iter; left time: 11643.7216s
	iters: 200, epoch: 12 | loss: 0.6572012
	speed: 0.2312s/iter; left time: 5386.3893s
Epoch: 12 cost time: 62.027679443359375
Epoch: 12, Steps: 264 | Train Loss: 0.5346504 Vali Loss: 0.2741238 Test Loss: 0.3573737
Validation loss decreased (0.276316 --> 0.274124).  Saving model ...
Updating learning rate to 2.378977415127951e-05
	iters: 100, epoch: 13 | loss: 0.6191568
	speed: 0.4715s/iter; left time: 10907.5349s
	iters: 200, epoch: 13 | loss: 0.6470199
	speed: 0.2183s/iter; left time: 5029.2134s
Epoch: 13 cost time: 58.11722922325134
Epoch: 13, Steps: 264 | Train Loss: 0.5297415 Vali Loss: 0.2713123 Test Loss: 0.3540281
Validation loss decreased (0.274124 --> 0.271312).  Saving model ...
Updating learning rate to 2.6924026479389104e-05
	iters: 100, epoch: 14 | loss: 0.5909389
	speed: 0.4341s/iter; left time: 9927.5826s
	iters: 200, epoch: 14 | loss: 0.5915490
	speed: 0.2116s/iter; left time: 4818.2501s
Epoch: 14 cost time: 55.025639295578
Epoch: 14, Steps: 264 | Train Loss: 0.5240725 Vali Loss: 0.2687199 Test Loss: 0.3503339
Validation loss decreased (0.271312 --> 0.268720).  Saving model ...
Updating learning rate to 3.0212909792590238e-05
	iters: 100, epoch: 15 | loss: 0.3586760
	speed: 0.4279s/iter; left time: 9672.5435s
	iters: 200, epoch: 15 | loss: 0.5654926
	speed: 0.2044s/iter; left time: 4599.8544s
Epoch: 15 cost time: 53.3608455657959
Epoch: 15, Steps: 264 | Train Loss: 0.5186037 Vali Loss: 0.2656871 Test Loss: 0.3466115
Validation loss decreased (0.268720 --> 0.265687).  Saving model ...
Updating learning rate to 3.363614319266957e-05
	iters: 100, epoch: 16 | loss: 0.5246788
	speed: 0.4069s/iter; left time: 9091.2709s
	iters: 200, epoch: 16 | loss: 0.4173178
	speed: 0.1923s/iter; left time: 4277.6747s
Epoch: 16 cost time: 51.703386068344116
Epoch: 16, Steps: 264 | Train Loss: 0.5123055 Vali Loss: 0.2626972 Test Loss: 0.3426415
Validation loss decreased (0.265687 --> 0.262697).  Saving model ...
Updating learning rate to 3.7172617311633196e-05
	iters: 100, epoch: 17 | loss: 0.6471866
	speed: 0.3931s/iter; left time: 8679.4550s
	iters: 200, epoch: 17 | loss: 0.4035361
	speed: 0.1866s/iter; left time: 4100.4935s
Epoch: 17 cost time: 50.285359144210815
Epoch: 17, Steps: 264 | Train Loss: 0.5056066 Vali Loss: 0.2590454 Test Loss: 0.3382978
Validation loss decreased (0.262697 --> 0.259045).  Saving model ...
Updating learning rate to 4.0800524482619576e-05
	iters: 100, epoch: 18 | loss: 0.4676243
	speed: 0.3944s/iter; left time: 8603.7146s
	iters: 200, epoch: 18 | loss: 0.6798318
	speed: 0.2042s/iter; left time: 4434.7131s
Epoch: 18 cost time: 51.52147388458252
Epoch: 18, Steps: 264 | Train Loss: 0.4984436 Vali Loss: 0.2551983 Test Loss: 0.3336556
Validation loss decreased (0.259045 --> 0.255198).  Saving model ...
Updating learning rate to 4.449749321687241e-05
	iters: 100, epoch: 19 | loss: 0.2956239
	speed: 0.4115s/iter; left time: 8867.9148s
	iters: 200, epoch: 19 | loss: 0.5661058
	speed: 0.1943s/iter; left time: 4168.5302s
Epoch: 19 cost time: 52.20508146286011
Epoch: 19, Steps: 264 | Train Loss: 0.4913837 Vali Loss: 0.2512019 Test Loss: 0.3290129
Validation loss decreased (0.255198 --> 0.251202).  Saving model ...
Updating learning rate to 4.824072615752094e-05
	iters: 100, epoch: 20 | loss: 0.5375554
	speed: 0.4287s/iter; left time: 9124.2450s
	iters: 200, epoch: 20 | loss: 0.3248419
	speed: 0.2053s/iter; left time: 4350.0389s
Epoch: 20 cost time: 54.519782066345215
Epoch: 20, Steps: 264 | Train Loss: 0.4846008 Vali Loss: 0.2471296 Test Loss: 0.3240694
Validation loss decreased (0.251202 --> 0.247130).  Saving model ...
Updating learning rate to 5.200714065947608e-05
	iters: 100, epoch: 21 | loss: 0.5367556
	speed: 0.4264s/iter; left time: 8963.7896s
	iters: 200, epoch: 21 | loss: 0.5473230
	speed: 0.2050s/iter; left time: 4288.0052s
Epoch: 21 cost time: 53.027822971343994
Epoch: 21, Steps: 264 | Train Loss: 0.4767040 Vali Loss: 0.2428576 Test Loss: 0.3189568
Validation loss decreased (0.247130 --> 0.242858).  Saving model ...
Updating learning rate to 5.577351112855618e-05
	iters: 100, epoch: 22 | loss: 0.5255660
	speed: 0.4112s/iter; left time: 8535.5869s
	iters: 200, epoch: 22 | loss: 0.4140545
	speed: 0.2031s/iter; left time: 4195.3392s
Epoch: 22 cost time: 53.744441747665405
Epoch: 22, Steps: 264 | Train Loss: 0.4684957 Vali Loss: 0.2383806 Test Loss: 0.3138919
Validation loss decreased (0.242858 --> 0.238381).  Saving model ...
Updating learning rate to 5.951661224210828e-05
	iters: 100, epoch: 23 | loss: 0.4408295
	speed: 0.4311s/iter; left time: 8834.6494s
	iters: 200, epoch: 23 | loss: 0.4172227
	speed: 0.2138s/iter; left time: 4359.6799s
Epoch: 23 cost time: 55.511138677597046
Epoch: 23, Steps: 264 | Train Loss: 0.4604552 Vali Loss: 0.2341058 Test Loss: 0.3088724
Validation loss decreased (0.238381 --> 0.234106).  Saving model ...
Updating learning rate to 6.321336216795497e-05
	iters: 100, epoch: 24 | loss: 0.4559447
	speed: 0.4395s/iter; left time: 8890.0119s
	iters: 200, epoch: 24 | loss: 0.3615878
	speed: 0.2133s/iter; left time: 4293.7053s
Epoch: 24 cost time: 56.209715366363525
Epoch: 24, Steps: 264 | Train Loss: 0.4533989 Vali Loss: 0.2298877 Test Loss: 0.3041421
Validation loss decreased (0.234106 --> 0.229888).  Saving model ...
Updating learning rate to 6.684096489850761e-05
	iters: 100, epoch: 25 | loss: 0.4283406
	speed: 0.4415s/iter; left time: 8815.4246s
	iters: 200, epoch: 25 | loss: 0.4386763
	speed: 0.2104s/iter; left time: 4179.2258s
Epoch: 25 cost time: 56.0530526638031
Epoch: 25, Steps: 264 | Train Loss: 0.4456928 Vali Loss: 0.2258041 Test Loss: 0.2997231
Validation loss decreased (0.229888 --> 0.225804).  Saving model ...
Updating learning rate to 7.03770508223417e-05
	iters: 100, epoch: 26 | loss: 0.4643649
	speed: 0.4306s/iter; left time: 8482.7015s
	iters: 200, epoch: 26 | loss: 0.5193511
	speed: 0.2123s/iter; left time: 4161.9534s
Epoch: 26 cost time: 55.45786094665527
Epoch: 26, Steps: 264 | Train Loss: 0.4378582 Vali Loss: 0.2221585 Test Loss: 0.2957709
Validation loss decreased (0.225804 --> 0.222159).  Saving model ...
Updating learning rate to 7.379981466640088e-05
	iters: 100, epoch: 27 | loss: 0.4408134
	speed: 0.4402s/iter; left time: 8556.6122s
	iters: 200, epoch: 27 | loss: 0.5049920
	speed: 0.2151s/iter; left time: 4158.7820s
Epoch: 27 cost time: 56.66389775276184
Epoch: 27, Steps: 264 | Train Loss: 0.4320537 Vali Loss: 0.2189310 Test Loss: 0.2923381
Validation loss decreased (0.222159 --> 0.218931).  Saving model ...
Updating learning rate to 7.708814995820833e-05
	iters: 100, epoch: 28 | loss: 0.4821404
	speed: 0.4346s/iter; left time: 8331.7450s
	iters: 200, epoch: 28 | loss: 0.3773573
	speed: 0.2197s/iter; left time: 4190.6678s
Epoch: 28 cost time: 57.0148229598999
Epoch: 28, Steps: 264 | Train Loss: 0.4267602 Vali Loss: 0.2161117 Test Loss: 0.2894588
Validation loss decreased (0.218931 --> 0.216112).  Saving model ...
Updating learning rate to 8.022177917892456e-05
	iters: 100, epoch: 29 | loss: 0.3546802
	speed: 0.4379s/iter; left time: 8280.7406s
	iters: 200, epoch: 29 | loss: 0.4362401
	speed: 0.2175s/iter; left time: 4091.3085s
Epoch: 29 cost time: 56.68489670753479
Epoch: 29, Steps: 264 | Train Loss: 0.4222675 Vali Loss: 0.2138233 Test Loss: 0.2870403
Validation loss decreased (0.216112 --> 0.213823).  Saving model ...
Updating learning rate to 8.318137880466269e-05
	iters: 100, epoch: 30 | loss: 0.3828311
	speed: 0.4440s/iter; left time: 8279.0566s
	iters: 200, epoch: 30 | loss: 0.4086326
	speed: 0.2307s/iter; left time: 4277.9457s
Epoch: 30 cost time: 58.3225531578064
Epoch: 30, Steps: 264 | Train Loss: 0.4177084 Vali Loss: 0.2120089 Test Loss: 0.2850504
Validation loss decreased (0.213823 --> 0.212009).  Saving model ...
Updating learning rate to 8.594869846499432e-05
	iters: 100, epoch: 31 | loss: 0.3706315
	speed: 0.4707s/iter; left time: 8652.4414s
	iters: 200, epoch: 31 | loss: 0.4526319
	speed: 0.2201s/iter; left time: 4024.3825s
Epoch: 31 cost time: 59.20422863960266
Epoch: 31, Steps: 264 | Train Loss: 0.4147199 Vali Loss: 0.2105808 Test Loss: 0.2834528
Validation loss decreased (0.212009 --> 0.210581).  Saving model ...
Updating learning rate to 8.85066734838546e-05
	iters: 100, epoch: 32 | loss: 0.5510695
	speed: 0.4768s/iter; left time: 8638.5151s
	iters: 200, epoch: 32 | loss: 0.4884070
	speed: 0.2341s/iter; left time: 4217.7487s
Epoch: 32 cost time: 61.747448205947876
Epoch: 32, Steps: 264 | Train Loss: 0.4114745 Vali Loss: 0.2092899 Test Loss: 0.2820472
Validation loss decreased (0.210581 --> 0.209290).  Saving model ...
Updating learning rate to 9.083953010886336e-05
	iters: 100, epoch: 33 | loss: 0.3754410
	speed: 0.4922s/iter; left time: 8786.8969s
	iters: 200, epoch: 33 | loss: 0.4166973
	speed: 0.2471s/iter; left time: 4387.3553s
Epoch: 33 cost time: 63.76667356491089
Epoch: 33, Steps: 264 | Train Loss: 0.4090028 Vali Loss: 0.2082251 Test Loss: 0.2806598
Validation loss decreased (0.209290 --> 0.208225).  Saving model ...
Updating learning rate to 9.29328827801656e-05
	iters: 100, epoch: 34 | loss: 0.4053741
	speed: 0.5062s/iter; left time: 8903.9427s
	iters: 200, epoch: 34 | loss: 0.2816648
	speed: 0.2577s/iter; left time: 4507.0459s
Epoch: 34 cost time: 67.0628731250763
Epoch: 34, Steps: 264 | Train Loss: 0.4071926 Vali Loss: 0.2074421 Test Loss: 0.2796226
Validation loss decreased (0.208225 --> 0.207442).  Saving model ...
Updating learning rate to 9.477382283898318e-05
	iters: 100, epoch: 35 | loss: 0.3786334
	speed: 0.5287s/iter; left time: 9159.3451s
	iters: 200, epoch: 35 | loss: 0.3573406
	speed: 0.2703s/iter; left time: 4655.5030s
Epoch: 35 cost time: 70.07162046432495
Epoch: 35, Steps: 264 | Train Loss: 0.4042575 Vali Loss: 0.2065429 Test Loss: 0.2786952
Validation loss decreased (0.207442 --> 0.206543).  Saving model ...
Updating learning rate to 9.635099812885627e-05
	iters: 100, epoch: 36 | loss: 0.5052861
	speed: 0.5694s/iter; left time: 9715.2505s
	iters: 200, epoch: 36 | loss: 0.4845322
	speed: 0.2795s/iter; left time: 4740.2096s
Epoch: 36 cost time: 74.02005457878113
Epoch: 36, Steps: 264 | Train Loss: 0.4032036 Vali Loss: 0.2055460 Test Loss: 0.2780240
Validation loss decreased (0.206543 --> 0.205546).  Saving model ...
Updating learning rate to 9.765468299871352e-05
	iters: 100, epoch: 37 | loss: 0.4318416
	speed: 0.5987s/iter; left time: 10056.4513s
	iters: 200, epoch: 37 | loss: 0.2870542
	speed: 0.2985s/iter; left time: 4983.8675s
Epoch: 37 cost time: 77.46398329734802
Epoch: 37, Steps: 264 | Train Loss: 0.4012739 Vali Loss: 0.2051782 Test Loss: 0.2772722
Validation loss decreased (0.205546 --> 0.205178).  Saving model ...
Updating learning rate to 9.86768382760973e-05
	iters: 100, epoch: 38 | loss: 0.4281512
	speed: 0.6239s/iter; left time: 10315.1938s
	iters: 200, epoch: 38 | loss: 0.4260941
	speed: 0.3252s/iter; left time: 5343.6763s
Epoch: 38 cost time: 81.2238118648529
Epoch: 38, Steps: 264 | Train Loss: 0.4000514 Vali Loss: 0.2045378 Test Loss: 0.2768143
Validation loss decreased (0.205178 --> 0.204538).  Saving model ...
Updating learning rate to 9.941116084071886e-05
	iters: 100, epoch: 39 | loss: 0.4000048
	speed: 0.6417s/iter; left time: 10439.3612s
	iters: 200, epoch: 39 | loss: 0.4988972
	speed: 0.3079s/iter; left time: 4977.9250s
Epoch: 39 cost time: 81.21009588241577
Epoch: 39, Steps: 264 | Train Loss: 0.3988760 Vali Loss: 0.2040512 Test Loss: 0.2763919
Validation loss decreased (0.204538 --> 0.204051).  Saving model ...
Updating learning rate to 9.985312249264813e-05
	iters: 100, epoch: 40 | loss: 0.3249550
	speed: 0.6360s/iter; left time: 10178.9017s
	iters: 200, epoch: 40 | loss: 0.3747025
	speed: 0.3012s/iter; left time: 4790.2507s
Epoch: 40 cost time: 79.83830714225769
Epoch: 40, Steps: 264 | Train Loss: 0.3974057 Vali Loss: 0.2035618 Test Loss: 0.2759465
Validation loss decreased (0.204051 --> 0.203562).  Saving model ...
Updating learning rate to 9.999999901660576e-05
	iters: 100, epoch: 41 | loss: 0.3438750
	speed: 0.6012s/iter; left time: 9462.7379s
	iters: 200, epoch: 41 | loss: 0.5749705
	speed: 0.2906s/iter; left time: 4546.0250s
Epoch: 41 cost time: 75.86214780807495
Epoch: 41, Steps: 264 | Train Loss: 0.3963421 Vali Loss: 0.2036709 Test Loss: 0.2756051
EarlyStopping counter: 1 out of 20
Updating learning rate to 9.99309570348355e-05
	iters: 100, epoch: 42 | loss: 0.3430193
	speed: 0.5970s/iter; left time: 9239.9028s
	iters: 200, epoch: 42 | loss: 0.3552575
	speed: 0.2751s/iter; left time: 4230.6926s
Epoch: 42 cost time: 74.46138143539429
Epoch: 42, Steps: 264 | Train Loss: 0.3951016 Vali Loss: 0.2034227 Test Loss: 0.2754417
Validation loss decreased (0.203562 --> 0.203423).  Saving model ...
Updating learning rate to 9.972505831867712e-05
	iters: 100, epoch: 43 | loss: 0.3007859
	speed: 0.5771s/iter; left time: 8778.8759s
	iters: 200, epoch: 43 | loss: 0.2916690
	speed: 0.2670s/iter; left time: 4035.1641s
Epoch: 43 cost time: 71.07832098007202
Epoch: 43, Steps: 264 | Train Loss: 0.3934292 Vali Loss: 0.2034534 Test Loss: 0.2750900
EarlyStopping counter: 1 out of 20
Updating learning rate to 9.938286722219978e-05
	iters: 100, epoch: 44 | loss: 0.3026948
	speed: 0.5449s/iter; left time: 8145.8665s
	iters: 200, epoch: 44 | loss: 0.3461918
	speed: 0.2783s/iter; left time: 4131.9461s
Epoch: 44 cost time: 70.44099473953247
Epoch: 44, Steps: 264 | Train Loss: 0.3920968 Vali Loss: 0.2033377 Test Loss: 0.2749626
Validation loss decreased (0.203423 --> 0.203338).  Saving model ...
Updating learning rate to 9.890532166741349e-05
	iters: 100, epoch: 45 | loss: 0.3371314
	speed: 0.5414s/iter; left time: 7950.9929s
	iters: 200, epoch: 45 | loss: 0.3298154
	speed: 0.2677s/iter; left time: 3904.8846s
Epoch: 45 cost time: 68.78713917732239
Epoch: 45, Steps: 264 | Train Loss: 0.3911323 Vali Loss: 0.2033660 Test Loss: 0.2748336
EarlyStopping counter: 1 out of 20
Updating learning rate to 9.829373057349015e-05
	iters: 100, epoch: 46 | loss: 0.4447708
	speed: 0.5319s/iter; left time: 7670.0455s
	iters: 200, epoch: 46 | loss: 0.3725328
	speed: 0.2643s/iter; left time: 3785.0108s
Epoch: 46 cost time: 68.13868069648743
Epoch: 46, Steps: 264 | Train Loss: 0.3901094 Vali Loss: 0.2034447 Test Loss: 0.2744115
EarlyStopping counter: 2 out of 20
Updating learning rate to 9.754977026910703e-05
	iters: 100, epoch: 47 | loss: 0.4550566
	speed: 0.5273s/iter; left time: 7464.7000s
	iters: 200, epoch: 47 | loss: 0.4295499
	speed: 0.2510s/iter; left time: 3528.1304s
Epoch: 47 cost time: 68.46479344367981
Epoch: 47, Steps: 264 | Train Loss: 0.3880513 Vali Loss: 0.2037234 Test Loss: 0.2743991
EarlyStopping counter: 3 out of 20
Updating learning rate to 9.66754798977464e-05
	iters: 100, epoch: 48 | loss: 0.4861634
	speed: 0.5225s/iter; left time: 7259.5795s
	iters: 200, epoch: 48 | loss: 0.3527275
	speed: 0.2546s/iter; left time: 3512.0073s
Epoch: 48 cost time: 66.67990636825562
Epoch: 48, Steps: 264 | Train Loss: 0.3862258 Vali Loss: 0.2038977 Test Loss: 0.2742344
EarlyStopping counter: 4 out of 20
Updating learning rate to 9.567325582854496e-05
	iters: 100, epoch: 49 | loss: 0.3085942
	speed: 0.5110s/iter; left time: 6964.9885s
	iters: 200, epoch: 49 | loss: 0.3290686
	speed: 0.2518s/iter; left time: 3406.4274s
Epoch: 49 cost time: 65.87588667869568
Epoch: 49, Steps: 264 | Train Loss: 0.3847657 Vali Loss: 0.2044852 Test Loss: 0.2739395
EarlyStopping counter: 5 out of 20
Updating learning rate to 9.454584508801265e-05
	iters: 100, epoch: 50 | loss: 0.3851785
	speed: 0.5151s/iter; left time: 6884.1468s
	iters: 200, epoch: 50 | loss: 0.4171029
	speed: 0.2471s/iter; left time: 3277.1460s
Epoch: 50 cost time: 66.12427639961243
Epoch: 50, Steps: 264 | Train Loss: 0.3828681 Vali Loss: 0.2048870 Test Loss: 0.2738223
EarlyStopping counter: 6 out of 20
Updating learning rate to 9.329633783062396e-05
	iters: 100, epoch: 51 | loss: 0.3498755
	speed: 0.5180s/iter; left time: 6786.8808s
	iters: 200, epoch: 51 | loss: 0.5295100
	speed: 0.2486s/iter; left time: 3231.8451s
Epoch: 51 cost time: 65.3015546798706
Epoch: 51, Steps: 264 | Train Loss: 0.3807453 Vali Loss: 0.2053396 Test Loss: 0.2734641
EarlyStopping counter: 7 out of 20
Updating learning rate to 9.192815886891915e-05
	iters: 100, epoch: 52 | loss: 0.3273505
	speed: 0.5052s/iter; left time: 6484.6734s
	iters: 200, epoch: 52 | loss: 0.2399307
	speed: 0.2440s/iter; left time: 3108.4481s
Epoch: 52 cost time: 64.16278910636902
Epoch: 52, Steps: 264 | Train Loss: 0.3783055 Vali Loss: 0.2063086 Test Loss: 0.2730785
EarlyStopping counter: 8 out of 20
Updating learning rate to 9.044505828633132e-05
	iters: 100, epoch: 53 | loss: 0.3503264
	speed: 0.4931s/iter; left time: 6199.5305s
	iters: 200, epoch: 53 | loss: 0.3138428
	speed: 0.2404s/iter; left time: 2998.8586s
Epoch: 53 cost time: 63.77351355552673
Epoch: 53, Steps: 264 | Train Loss: 0.3762979 Vali Loss: 0.2066268 Test Loss: 0.2730885
EarlyStopping counter: 9 out of 20
Updating learning rate to 8.88511011584683e-05
	iters: 100, epoch: 54 | loss: 0.4600499
	speed: 0.5009s/iter; left time: 6165.1216s
	iters: 200, epoch: 54 | loss: 0.3752307
	speed: 0.2385s/iter; left time: 2911.8722s
Epoch: 54 cost time: 63.741716384887695
Epoch: 54, Steps: 264 | Train Loss: 0.3740897 Vali Loss: 0.2073196 Test Loss: 0.2729038
EarlyStopping counter: 10 out of 20
Updating learning rate to 8.715065641102294e-05
	iters: 100, epoch: 55 | loss: 0.5792174
	speed: 0.4978s/iter; left time: 5996.0697s
	iters: 200, epoch: 55 | loss: 0.4446873
	speed: 0.2417s/iter; left time: 2887.4749s
Epoch: 55 cost time: 63.35496973991394
Epoch: 55, Steps: 264 | Train Loss: 0.3719032 Vali Loss: 0.2082605 Test Loss: 0.2736279
EarlyStopping counter: 11 out of 20
Updating learning rate to 8.534838484485153e-05
	iters: 100, epoch: 56 | loss: 0.2856915
	speed: 0.4940s/iter; left time: 5820.2859s
	iters: 200, epoch: 56 | loss: 0.2995176
	speed: 0.2419s/iter; left time: 2826.0929s
Epoch: 56 cost time: 63.353779315948486
Epoch: 56, Steps: 264 | Train Loss: 0.3701568 Vali Loss: 0.2086440 Test Loss: 0.2735755
EarlyStopping counter: 12 out of 20
Updating learning rate to 8.344922636104257e-05
	iters: 100, epoch: 57 | loss: 0.4504540
	speed: 0.4993s/iter; left time: 5750.2122s
	iters: 200, epoch: 57 | loss: 0.3742996
	speed: 0.2271s/iter; left time: 2592.3728s
Epoch: 57 cost time: 62.79506778717041
Epoch: 57, Steps: 264 | Train Loss: 0.3681465 Vali Loss: 0.2096220 Test Loss: 0.2738693
EarlyStopping counter: 13 out of 20
Updating learning rate to 8.145838642099132e-05
	iters: 100, epoch: 58 | loss: 0.3277090
	speed: 0.4999s/iter; left time: 5625.7089s
	iters: 200, epoch: 58 | loss: 0.4218698
	speed: 0.2370s/iter; left time: 2643.1259s
Epoch: 58 cost time: 62.61092972755432
Epoch: 58, Steps: 264 | Train Loss: 0.3658753 Vali Loss: 0.2103324 Test Loss: 0.2742062
EarlyStopping counter: 14 out of 20
Updating learning rate to 7.938132177859184e-05
	iters: 100, epoch: 59 | loss: 0.2877489
	speed: 0.4905s/iter; left time: 5390.4154s
	iters: 200, epoch: 59 | loss: 0.3857392
	speed: 0.2374s/iter; left time: 2584.7382s
Epoch: 59 cost time: 61.83421993255615
Epoch: 59, Steps: 264 | Train Loss: 0.3639132 Vali Loss: 0.2107526 Test Loss: 0.2748508
EarlyStopping counter: 15 out of 20
Updating learning rate to 7.7223725523654e-05
	iters: 100, epoch: 60 | loss: 0.3620194
	speed: 0.4846s/iter; left time: 5196.9301s
	iters: 200, epoch: 60 | loss: 0.3735122
	speed: 0.2342s/iter; left time: 2488.1795s
Epoch: 60 cost time: 61.84809708595276
Epoch: 60, Steps: 264 | Train Loss: 0.3614883 Vali Loss: 0.2114095 Test Loss: 0.2745969
EarlyStopping counter: 16 out of 20
Updating learning rate to 7.499151147753989e-05
	iters: 100, epoch: 61 | loss: 0.2635737
	speed: 0.4847s/iter; left time: 5070.1336s
	iters: 200, epoch: 61 | loss: 0.2897111
	speed: 0.2367s/iter; left time: 2452.4028s
Epoch: 61 cost time: 61.961074352264404
Epoch: 61, Steps: 264 | Train Loss: 0.3593278 Vali Loss: 0.2116594 Test Loss: 0.2752190
EarlyStopping counter: 17 out of 20
Updating learning rate to 7.269079798379057e-05
	iters: 100, epoch: 62 | loss: 0.3787324
	speed: 0.4850s/iter; left time: 4945.1393s
	iters: 200, epoch: 62 | loss: 0.4359583
	speed: 0.2323s/iter; left time: 2345.1160s
Epoch: 62 cost time: 61.52596592903137
Epoch: 62, Steps: 264 | Train Loss: 0.3571922 Vali Loss: 0.2128415 Test Loss: 0.2760515
EarlyStopping counter: 18 out of 20
Updating learning rate to 7.032789113817185e-05
	iters: 100, epoch: 63 | loss: 0.2548484
	speed: 0.4738s/iter; left time: 4706.1827s
	iters: 200, epoch: 63 | loss: 0.4420720
	speed: 0.2447s/iter; left time: 2406.3163s
Epoch: 63 cost time: 61.42393755912781
Epoch: 63, Steps: 264 | Train Loss: 0.3553890 Vali Loss: 0.2125707 Test Loss: 0.2765613
EarlyStopping counter: 19 out of 20
Updating learning rate to 6.790926750410386e-05
	iters: 100, epoch: 64 | loss: 0.3347725
	speed: 0.4703s/iter; left time: 4547.0714s
	iters: 200, epoch: 64 | loss: 0.3247057
	speed: 0.2352s/iter; left time: 2250.6196s
Epoch: 64 cost time: 61.20530104637146
Epoch: 64, Steps: 264 | Train Loss: 0.3535260 Vali Loss: 0.2124630 Test Loss: 0.2774003
EarlyStopping counter: 20 out of 20
Early stopping
>>>>>>>testing : Flatten_ettm2_336_336_PatchTST_ETTm2_ftM_sl336_ll48_pl336_dm128_nh16_el3_dl1_df256_fc1_ebtimeF_dtTrue_Exp_0<<<<<<<<<<<<<<<<<<<<<<<<<<<<<<<<<
test 11185
mse:0.28117963671684265, mae:0.331779420375824, rse:0.4278150498867035
Args in experiment:
Namespace(random_seed=2021, is_training=1, model_id='Flatten_ettm2_336_720', model='PatchTST', data='ETTm2', root_path='./dataset/', data_path='ETTm2.csv', features='M', target='OT', freq='h', checkpoints='./checkpoints/', seq_len=336, label_len=48, pred_len=720, head_type='flatten', fc_dropout=0.2, head_dropout=0.0, patch_len=16, stride=8, padding_patch='end', revin=1, affine=0, subtract_last=0, decomposition=0, kernel_size=25, individual=0, embed_type=0, enc_in=7, dec_in=7, c_out=7, d_model=128, n_heads=16, e_layers=3, d_layers=1, d_ff=256, moving_avg=25, factor=1, distil=True, dropout=0.2, embed='timeF', activation='gelu', output_attention=False, do_predict=False, num_workers=0, itr=1, train_epochs=100, batch_size=128, patience=20, learning_rate=0.0001, des='Exp', loss='mse', lradj='TST', pct_start=0.4, use_amp=False, use_gpu=True, gpu=0, use_multi_gpu=False, devices='0,1,2,3', test_flop=False)
Use GPU: cuda:0
>>>>>>>start training : Flatten_ettm2_336_720_PatchTST_ETTm2_ftM_sl336_ll48_pl720_dm128_nh16_el3_dl1_df256_fc1_ebtimeF_dtTrue_Exp_0>>>>>>>>>>>>>>>>>>>>>>>>>>
train 33505
val 10801
test 10801
	iters: 100, epoch: 1 | loss: 0.5855466
	speed: 0.2295s/iter; left time: 5966.4512s
	iters: 200, epoch: 1 | loss: 0.7573408
	speed: 0.2943s/iter; left time: 7622.9225s
Epoch: 1 cost time: 67.74040269851685
Epoch: 1, Steps: 261 | Train Loss: 0.6649237 Vali Loss: 0.3433478 Test Loss: 0.4571215
Validation loss decreased (inf --> 0.343348).  Saving model ...
Updating learning rate to 4.147996316662011e-06
	iters: 100, epoch: 2 | loss: 0.6316785
	speed: 0.6035s/iter; left time: 15535.1502s
	iters: 200, epoch: 2 | loss: 0.5115684
	speed: 0.3109s/iter; left time: 7971.3005s
Epoch: 2 cost time: 82.35755181312561
Epoch: 2, Steps: 261 | Train Loss: 0.6631941 Vali Loss: 0.3430088 Test Loss: 0.4566281
Validation loss decreased (0.343348 --> 0.343009).  Saving model ...
Updating learning rate to 4.591072645408634e-06
	iters: 100, epoch: 3 | loss: 0.6415646
	speed: 0.6026s/iter; left time: 15352.4370s
	iters: 200, epoch: 3 | loss: 0.7488708
	speed: 0.3169s/iter; left time: 8042.3316s
Epoch: 3 cost time: 80.91051912307739
Epoch: 3, Steps: 261 | Train Loss: 0.6634012 Vali Loss: 0.3426260 Test Loss: 0.4558913
Validation loss decreased (0.343009 --> 0.342626).  Saving model ...
Updating learning rate to 5.326496750212602e-06
	iters: 100, epoch: 4 | loss: 0.5918244
	speed: 0.6038s/iter; left time: 15226.5125s
	iters: 200, epoch: 4 | loss: 0.6478562
	speed: 0.3164s/iter; left time: 7946.4689s
Epoch: 4 cost time: 82.00093722343445
Epoch: 4, Steps: 261 | Train Loss: 0.6624549 Vali Loss: 0.3422763 Test Loss: 0.4552675
Validation loss decreased (0.342626 --> 0.342276).  Saving model ...
Updating learning rate to 6.349733628628268e-06
	iters: 100, epoch: 5 | loss: 0.8419750
	speed: 0.6202s/iter; left time: 15477.5492s
	iters: 200, epoch: 5 | loss: 0.6783022
	speed: 0.3355s/iter; left time: 8338.6401s
Epoch: 5 cost time: 86.52172064781189
Epoch: 5, Steps: 261 | Train Loss: 0.6607432 Vali Loss: 0.3416958 Test Loss: 0.4543985
Validation loss decreased (0.342276 --> 0.341696).  Saving model ...
Updating learning rate to 7.654473476944045e-06
	iters: 100, epoch: 6 | loss: 0.6268972
	speed: 0.6674s/iter; left time: 16481.7984s
	iters: 200, epoch: 6 | loss: 0.6964033
	speed: 0.3419s/iter; left time: 8408.8342s
Epoch: 6 cost time: 90.83356237411499
Epoch: 6, Steps: 261 | Train Loss: 0.6590446 Vali Loss: 0.3407403 Test Loss: 0.4533620
Validation loss decreased (0.341696 --> 0.340740).  Saving model ...
Updating learning rate to 9.232670599670218e-06
	iters: 100, epoch: 7 | loss: 0.7244264
	speed: 0.7008s/iter; left time: 17123.7569s
	iters: 200, epoch: 7 | loss: 0.8001662
	speed: 0.3745s/iter; left time: 9112.2888s
Epoch: 7 cost time: 97.20241451263428
Epoch: 7, Steps: 261 | Train Loss: 0.6577182 Vali Loss: 0.3403586 Test Loss: 0.4523777
Validation loss decreased (0.340740 --> 0.340359).  Saving model ...
Updating learning rate to 1.1074593023426382e-05
	iters: 100, epoch: 8 | loss: 0.5218230
	speed: 0.7331s/iter; left time: 17721.5271s
	iters: 200, epoch: 8 | loss: 0.5877517
	speed: 0.3952s/iter; left time: 9512.9373s
Epoch: 8 cost time: 102.26124978065491
Epoch: 8, Steps: 261 | Train Loss: 0.6563632 Vali Loss: 0.3393002 Test Loss: 0.4509262
Validation loss decreased (0.340359 --> 0.339300).  Saving model ...
Updating learning rate to 1.3168882509283648e-05
	iters: 100, epoch: 9 | loss: 0.5465016
	speed: 0.7615s/iter; left time: 18209.4399s
	iters: 200, epoch: 9 | loss: 0.7778834
	speed: 0.3834s/iter; left time: 9129.7325s
Epoch: 9 cost time: 100.51255869865417
Epoch: 9, Steps: 261 | Train Loss: 0.6541340 Vali Loss: 0.3379092 Test Loss: 0.4491270
Validation loss decreased (0.339300 --> 0.337909).  Saving model ...
Updating learning rate to 1.5502624593494887e-05
	iters: 100, epoch: 10 | loss: 0.6047478
	speed: 0.7302s/iter; left time: 17269.6328s
	iters: 200, epoch: 10 | loss: 0.6739635
	speed: 0.3759s/iter; left time: 8854.1810s
Epoch: 10 cost time: 96.71993851661682
Epoch: 10, Steps: 261 | Train Loss: 0.6512216 Vali Loss: 0.3370461 Test Loss: 0.4475007
Validation loss decreased (0.337909 --> 0.337046).  Saving model ...
Updating learning rate to 1.806142822470586e-05
	iters: 100, epoch: 11 | loss: 0.7023077
	speed: 0.7015s/iter; left time: 16407.7677s
	iters: 200, epoch: 11 | loss: 0.7181618
	speed: 0.3608s/iter; left time: 8403.6894s
Epoch: 11 cost time: 94.13636374473572
Epoch: 11, Steps: 261 | Train Loss: 0.6467985 Vali Loss: 0.3353348 Test Loss: 0.4455926
Validation loss decreased (0.337046 --> 0.335335).  Saving model ...
Updating learning rate to 2.0829514506563195e-05
	iters: 100, epoch: 12 | loss: 0.6471491
	speed: 0.6815s/iter; left time: 15763.6344s
	iters: 200, epoch: 12 | loss: 0.8478671
	speed: 0.3510s/iter; left time: 8083.7707s
Epoch: 12 cost time: 91.91307711601257
Epoch: 12, Steps: 261 | Train Loss: 0.6450311 Vali Loss: 0.3338625 Test Loss: 0.4434600
Validation loss decreased (0.335335 --> 0.333863).  Saving model ...
Updating learning rate to 2.3789813998487008e-05
	iters: 100, epoch: 13 | loss: 0.5042033
	speed: 0.6581s/iter; left time: 15050.9923s
	iters: 200, epoch: 13 | loss: 0.7188301
	speed: 0.3394s/iter; left time: 7727.1480s
Epoch: 13 cost time: 89.22068405151367
Epoch: 13, Steps: 261 | Train Loss: 0.6411883 Vali Loss: 0.3322042 Test Loss: 0.4411711
Validation loss decreased (0.333863 --> 0.332204).  Saving model ...
Updating learning rate to 2.6924071974601397e-05
	iters: 100, epoch: 14 | loss: 0.5973277
	speed: 0.6536s/iter; left time: 14777.3399s
	iters: 200, epoch: 14 | loss: 0.9105899
	speed: 0.3337s/iter; left time: 7511.9379s
Epoch: 14 cost time: 87.04999232292175
Epoch: 14, Steps: 261 | Train Loss: 0.6377922 Vali Loss: 0.3302166 Test Loss: 0.4385990
Validation loss decreased (0.332204 --> 0.330217).  Saving model ...
Updating learning rate to 3.0212960991742456e-05
	iters: 100, epoch: 15 | loss: 0.7101879
	speed: 0.6419s/iter; left time: 14343.9105s
	iters: 200, epoch: 15 | loss: 0.7557742
	speed: 0.3302s/iter; left time: 7345.7414s
Epoch: 15 cost time: 85.45179724693298
Epoch: 15, Steps: 261 | Train Loss: 0.6338583 Vali Loss: 0.3282827 Test Loss: 0.4358885
Validation loss decreased (0.330217 --> 0.328283).  Saving model ...
Updating learning rate to 3.363620007239161e-05
	iters: 100, epoch: 16 | loss: 0.6736259
	speed: 0.6289s/iter; left time: 13890.4874s
	iters: 200, epoch: 16 | loss: 0.6039194
	speed: 0.3247s/iter; left time: 7139.0869s
Epoch: 16 cost time: 85.826327085495
Epoch: 16, Steps: 261 | Train Loss: 0.6293520 Vali Loss: 0.3261155 Test Loss: 0.4331101
Validation loss decreased (0.328283 --> 0.326116).  Saving model ...
Updating learning rate to 3.717267976759092e-05
	iters: 100, epoch: 17 | loss: 0.4153602
	speed: 0.6256s/iter; left time: 13652.9419s
	iters: 200, epoch: 17 | loss: 0.6959913
	speed: 0.3190s/iter; left time: 6930.2902s
Epoch: 17 cost time: 84.3383104801178
Epoch: 17, Steps: 261 | Train Loss: 0.6246136 Vali Loss: 0.3237773 Test Loss: 0.4301143
Validation loss decreased (0.326116 --> 0.323777).  Saving model ...
Updating learning rate to 4.0800592328638756e-05
	iters: 100, epoch: 18 | loss: 0.5855868
	speed: 0.6237s/iter; left time: 13448.9520s
	iters: 200, epoch: 18 | loss: 0.6456293
	speed: 0.3238s/iter; left time: 6948.9735s
Epoch: 18 cost time: 84.12249946594238
Epoch: 18, Steps: 261 | Train Loss: 0.6203099 Vali Loss: 0.3211167 Test Loss: 0.4269888
Validation loss decreased (0.323777 --> 0.321117).  Saving model ...
Updating learning rate to 4.449756618485984e-05
	iters: 100, epoch: 19 | loss: 0.6068921
	speed: 0.6092s/iter; left time: 12978.2233s
	iters: 200, epoch: 19 | loss: 0.6205582
	speed: 0.3268s/iter; left time: 6928.1554s
Epoch: 19 cost time: 83.26507067680359
Epoch: 19, Steps: 261 | Train Loss: 0.6139769 Vali Loss: 0.3187088 Test Loss: 0.4236729
Validation loss decreased (0.321117 --> 0.318709).  Saving model ...
Updating learning rate to 4.824080389819096e-05
	iters: 100, epoch: 20 | loss: 0.6491330
	speed: 0.5945s/iter; left time: 12510.4728s
	iters: 200, epoch: 20 | loss: 0.5420365
	speed: 0.3268s/iter; left time: 6843.0959s
Epoch: 20 cost time: 81.63151717185974
Epoch: 20, Steps: 261 | Train Loss: 0.6094921 Vali Loss: 0.3155932 Test Loss: 0.4201982
Validation loss decreased (0.318709 --> 0.315593).  Saving model ...
Updating learning rate to 5.2007222743883666e-05
	iters: 100, epoch: 21 | loss: 0.6602032
	speed: 0.6024s/iter; left time: 12518.5958s
	iters: 200, epoch: 21 | loss: 0.5543650
	speed: 0.3086s/iter; left time: 6382.8944s
Epoch: 21 cost time: 81.65077471733093
Epoch: 21, Steps: 261 | Train Loss: 0.6041473 Vali Loss: 0.3128507 Test Loss: 0.4165474
Validation loss decreased (0.315593 --> 0.312851).  Saving model ...
Updating learning rate to 5.577359705043091e-05
	iters: 100, epoch: 22 | loss: 0.5185658
	speed: 0.6123s/iter; left time: 12565.3558s
	iters: 200, epoch: 22 | loss: 0.6457392
	speed: 0.3140s/iter; left time: 6411.0702s
Epoch: 22 cost time: 80.945228099823
Epoch: 22, Steps: 261 | Train Loss: 0.5987786 Vali Loss: 0.3096806 Test Loss: 0.4127223
Validation loss decreased (0.312851 --> 0.309681).  Saving model ...
Updating learning rate to 5.951670142097692e-05
	iters: 100, epoch: 23 | loss: 0.6261219
	speed: 0.5935s/iter; left time: 12023.7017s
	iters: 200, epoch: 23 | loss: 0.6951584
	speed: 0.3117s/iter; left time: 6283.6241s
Epoch: 23 cost time: 81.56330871582031
Epoch: 23, Steps: 261 | Train Loss: 0.5930050 Vali Loss: 0.3063597 Test Loss: 0.4088016
Validation loss decreased (0.309681 --> 0.306360).  Saving model ...
Updating learning rate to 6.321345395303321e-05
	iters: 100, epoch: 24 | loss: 0.5957538
	speed: 0.5982s/iter; left time: 11963.7032s
	iters: 200, epoch: 24 | loss: 0.6320911
	speed: 0.3122s/iter; left time: 6211.4584s
Epoch: 24 cost time: 81.16733288764954
Epoch: 24, Steps: 261 | Train Loss: 0.5869028 Vali Loss: 0.3025553 Test Loss: 0.4047674
Validation loss decreased (0.306360 --> 0.302555).  Saving model ...
Updating learning rate to 6.6841058573335e-05
	iters: 100, epoch: 25 | loss: 0.4231701
	speed: 0.5895s/iter; left time: 11635.1752s
	iters: 200, epoch: 25 | loss: 0.5873343
	speed: 0.3086s/iter; left time: 6059.4413s
Epoch: 25 cost time: 80.19198107719421
Epoch: 25, Steps: 261 | Train Loss: 0.5815420 Vali Loss: 0.2990730 Test Loss: 0.4007830
Validation loss decreased (0.302555 --> 0.299073).  Saving model ...
Updating learning rate to 7.037714561012768e-05
	iters: 100, epoch: 26 | loss: 0.5126792
	speed: 0.6000s/iter; left time: 11684.7080s
	iters: 200, epoch: 26 | loss: 0.7588974
	speed: 0.3064s/iter; left time: 5936.4071s
Epoch: 26 cost time: 80.18803811073303
Epoch: 26, Steps: 261 | Train Loss: 0.5745721 Vali Loss: 0.2959407 Test Loss: 0.3967848
Validation loss decreased (0.299073 --> 0.295941).  Saving model ...
Updating learning rate to 7.379990973604285e-05
	iters: 100, epoch: 27 | loss: 0.6461815
	speed: 0.5915s/iter; left time: 11365.0560s
	iters: 200, epoch: 27 | loss: 0.7628691
	speed: 0.3048s/iter; left time: 5825.4650s
Epoch: 27 cost time: 79.58777666091919
Epoch: 27, Steps: 261 | Train Loss: 0.5700012 Vali Loss: 0.2923898 Test Loss: 0.3929271
Validation loss decreased (0.295941 --> 0.292390).  Saving model ...
Updating learning rate to 7.708824443093723e-05
	iters: 100, epoch: 28 | loss: 0.5698042
	speed: 0.5993s/iter; left time: 11359.6316s
	iters: 200, epoch: 28 | loss: 0.5755675
	speed: 0.3014s/iter; left time: 5683.2627s
Epoch: 28 cost time: 79.75369906425476
Epoch: 28, Steps: 261 | Train Loss: 0.5643824 Vali Loss: 0.2896384 Test Loss: 0.3893092
Validation loss decreased (0.292390 --> 0.289638).  Saving model ...
Updating learning rate to 8.022187213552767e-05
	iters: 100, epoch: 29 | loss: 0.5069900
	speed: 0.5877s/iter; left time: 10986.1571s
	iters: 200, epoch: 29 | loss: 0.8621281
	speed: 0.3043s/iter; left time: 5657.8458s
Epoch: 29 cost time: 80.00271940231323
Epoch: 29, Steps: 261 | Train Loss: 0.5588636 Vali Loss: 0.2867331 Test Loss: 0.3859263
Validation loss decreased (0.289638 --> 0.286733).  Saving model ...
Updating learning rate to 8.318146929322795e-05
	iters: 100, epoch: 30 | loss: 0.4070005
	speed: 0.5949s/iter; left time: 10965.4498s
	iters: 200, epoch: 30 | loss: 0.5791729
	speed: 0.3012s/iter; left time: 5522.0003s
Epoch: 30 cost time: 78.95860314369202
Epoch: 30, Steps: 261 | Train Loss: 0.5541577 Vali Loss: 0.2838935 Test Loss: 0.3828754
Validation loss decreased (0.286733 --> 0.283893).  Saving model ...
Updating learning rate to 8.59487855091154e-05
	iters: 100, epoch: 31 | loss: 0.5342379
	speed: 0.5834s/iter; left time: 10600.7888s
	iters: 200, epoch: 31 | loss: 0.6082168
	speed: 0.3011s/iter; left time: 5441.5031s
Epoch: 31 cost time: 79.8519835472107
Epoch: 31, Steps: 261 | Train Loss: 0.5497652 Vali Loss: 0.2817116 Test Loss: 0.3802607
Validation loss decreased (0.283893 --> 0.281712).  Saving model ...
Updating learning rate to 8.850675609123214e-05
	iters: 100, epoch: 32 | loss: 0.8742973
	speed: 0.5901s/iter; left time: 10568.7868s
	iters: 200, epoch: 32 | loss: 0.4647447
	speed: 0.3111s/iter; left time: 5540.2901s
Epoch: 32 cost time: 82.31107902526855
Epoch: 32, Steps: 261 | Train Loss: 0.5464943 Vali Loss: 0.2794358 Test Loss: 0.3779034
Validation loss decreased (0.281712 --> 0.279436).  Saving model ...
Updating learning rate to 9.083960728023302e-05
	iters: 100, epoch: 33 | loss: 0.4464547
	speed: 0.6232s/iter; left time: 10998.3423s
	iters: 200, epoch: 33 | loss: 0.5695289
	speed: 0.3286s/iter; left time: 5766.3444s
Epoch: 33 cost time: 86.0820939540863
Epoch: 33, Steps: 261 | Train Loss: 0.5425652 Vali Loss: 0.2777926 Test Loss: 0.3759523
Validation loss decreased (0.279436 --> 0.277793).  Saving model ...
Updating learning rate to 9.293295351848083e-05
	iters: 100, epoch: 34 | loss: 0.4247964
	speed: 0.6515s/iter; left time: 11328.0117s
	iters: 200, epoch: 34 | loss: 0.4924546
	speed: 0.3526s/iter; left time: 6095.9633s
Epoch: 34 cost time: 90.99770951271057
Epoch: 34, Steps: 261 | Train Loss: 0.5406930 Vali Loss: 0.2764799 Test Loss: 0.3743356
Validation loss decreased (0.277793 --> 0.276480).  Saving model ...
Updating learning rate to 9.47738861587773e-05
	iters: 100, epoch: 35 | loss: 0.6891828
	speed: 0.6904s/iter; left time: 11824.2951s
	iters: 200, epoch: 35 | loss: 0.6311058
	speed: 0.3700s/iter; left time: 6300.4407s
Epoch: 35 cost time: 95.49706673622131
Epoch: 35, Steps: 261 | Train Loss: 0.5380652 Vali Loss: 0.2755370 Test Loss: 0.3730427
Validation loss decreased (0.276480 --> 0.275537).  Saving model ...
Updating learning rate to 9.635105306570629e-05
	iters: 100, epoch: 36 | loss: 0.5270585
	speed: 0.7387s/iter; left time: 12459.6303s
	iters: 200, epoch: 36 | loss: 0.4388200
	speed: 0.3845s/iter; left time: 6446.6580s
Epoch: 36 cost time: 101.26768946647644
Epoch: 36, Steps: 261 | Train Loss: 0.5353398 Vali Loss: 0.2744635 Test Loss: 0.3718840
Validation loss decreased (0.275537 --> 0.274463).  Saving model ...
Updating learning rate to 9.765472861872672e-05
	iters: 100, epoch: 37 | loss: 0.5883622
	speed: 0.7768s/iter; left time: 12898.0726s
	iters: 200, epoch: 37 | loss: 0.6861153
	speed: 0.4090s/iter; left time: 6750.6152s
Epoch: 37 cost time: 105.38128995895386
Epoch: 37, Steps: 261 | Train Loss: 0.5329698 Vali Loss: 0.2734144 Test Loss: 0.3709709
Validation loss decreased (0.274463 --> 0.273414).  Saving model ...
Updating learning rate to 9.867687368533986e-05
	iters: 100, epoch: 38 | loss: 0.4502078
	speed: 0.8027s/iter; left time: 13119.9051s
	iters: 200, epoch: 38 | loss: 0.4563651
	speed: 0.4131s/iter; left time: 6710.2006s
Epoch: 38 cost time: 107.58258080482483
Epoch: 38, Steps: 261 | Train Loss: 0.5315756 Vali Loss: 0.2727681 Test Loss: 0.3701252
Validation loss decreased (0.273414 --> 0.272768).  Saving model ...
Updating learning rate to 9.941118519450599e-05
	iters: 100, epoch: 39 | loss: 0.6330035
	speed: 0.7842s/iter; left time: 12611.5139s
	iters: 200, epoch: 39 | loss: 0.4531096
	speed: 0.4032s/iter; left time: 6444.1825s
Epoch: 39 cost time: 104.35355973243713
Epoch: 39, Steps: 261 | Train Loss: 0.5300503 Vali Loss: 0.2722749 Test Loss: 0.3694167
Validation loss decreased (0.272768 --> 0.272275).  Saving model ...
Updating learning rate to 9.985313500461516e-05
	iters: 100, epoch: 40 | loss: 0.5005953
	speed: 0.7594s/iter; left time: 12014.7283s
	iters: 200, epoch: 40 | loss: 0.4706972
	speed: 0.3713s/iter; left time: 5837.9195s
Epoch: 40 cost time: 98.80265855789185
Epoch: 40, Steps: 261 | Train Loss: 0.5287542 Vali Loss: 0.2716563 Test Loss: 0.3687651
Validation loss decreased (0.272275 --> 0.271656).  Saving model ...
Updating learning rate to 9.999999899386908e-05
	iters: 100, epoch: 41 | loss: 0.4504005
	speed: 0.7287s/iter; left time: 11339.8886s
	iters: 200, epoch: 41 | loss: 0.4303448
	speed: 0.3623s/iter; left time: 5601.8396s
Epoch: 41 cost time: 95.5540623664856
Epoch: 41, Steps: 261 | Train Loss: 0.5270934 Vali Loss: 0.2713917 Test Loss: 0.3680165
Validation loss decreased (0.271656 --> 0.271392).  Saving model ...
Updating learning rate to 9.993095104667097e-05
	iters: 100, epoch: 42 | loss: 0.4599592
	speed: 0.6809s/iter; left time: 10418.2534s
	iters: 200, epoch: 42 | loss: 0.4593324
	speed: 0.3618s/iter; left time: 5499.2253s
Epoch: 42 cost time: 91.98984861373901
Epoch: 42, Steps: 261 | Train Loss: 0.5254056 Vali Loss: 0.2710883 Test Loss: 0.3672308
Validation loss decreased (0.271392 --> 0.271088).  Saving model ...
Updating learning rate to 9.97250463814979e-05
	iters: 100, epoch: 43 | loss: 0.5888832
	speed: 0.6676s/iter; left time: 10040.5417s
	iters: 200, epoch: 43 | loss: 0.6061543
	speed: 0.3541s/iter; left time: 5290.1999s
Epoch: 43 cost time: 91.20447516441345
Epoch: 43, Steps: 261 | Train Loss: 0.5243700 Vali Loss: 0.2706367 Test Loss: 0.3662219
Validation loss decreased (0.271088 --> 0.270637).  Saving model ...
Updating learning rate to 9.938284936872484e-05
	iters: 100, epoch: 44 | loss: 0.5137654
	speed: 0.6534s/iter; left time: 9655.4917s
	iters: 200, epoch: 44 | loss: 0.6602689
	speed: 0.3362s/iter; left time: 4934.2806s
Epoch: 44 cost time: 88.57454013824463
Epoch: 44, Steps: 261 | Train Loss: 0.5236025 Vali Loss: 0.2705798 Test Loss: 0.3655993
Validation loss decreased (0.270637 --> 0.270580).  Saving model ...
Updating learning rate to 9.890529794657798e-05
	iters: 100, epoch: 45 | loss: 0.4327671
	speed: 0.6449s/iter; left time: 9361.9252s
	iters: 200, epoch: 45 | loss: 0.5016885
	speed: 0.3337s/iter; left time: 4811.2866s
Epoch: 45 cost time: 86.09748554229736
Epoch: 45, Steps: 261 | Train Loss: 0.5209957 Vali Loss: 0.2708173 Test Loss: 0.3645725
EarlyStopping counter: 1 out of 20
Updating learning rate to 9.829370105031122e-05
	iters: 100, epoch: 46 | loss: 0.5881407
	speed: 0.6399s/iter; left time: 9122.3983s
	iters: 200, epoch: 46 | loss: 0.5316051
	speed: 0.3260s/iter; left time: 4614.5824s
Epoch: 46 cost time: 85.75468277931213
Epoch: 46, Steps: 261 | Train Loss: 0.5206450 Vali Loss: 0.2706942 Test Loss: 0.3636813
EarlyStopping counter: 2 out of 20
Updating learning rate to 9.754973502450565e-05
	iters: 100, epoch: 47 | loss: 0.5388537
	speed: 0.6261s/iter; left time: 8762.2555s
	iters: 200, epoch: 47 | loss: 0.5812798
	speed: 0.3272s/iter; left time: 4545.8176s
Epoch: 47 cost time: 85.22119975090027
Epoch: 47, Steps: 261 | Train Loss: 0.5190702 Vali Loss: 0.2704513 Test Loss: 0.3628703
Validation loss decreased (0.270580 --> 0.270451).  Saving model ...
Updating learning rate to 9.667543902832558e-05
	iters: 100, epoch: 48 | loss: 0.4392723
	speed: 0.6241s/iter; left time: 8571.8007s
	iters: 200, epoch: 48 | loss: 0.5534587
	speed: 0.3193s/iter; left time: 4353.7826s
Epoch: 48 cost time: 84.06461429595947
Epoch: 48, Steps: 261 | Train Loss: 0.5173667 Vali Loss: 0.2704135 Test Loss: 0.3623645
Validation loss decreased (0.270451 --> 0.270413).  Saving model ...
Updating learning rate to 9.567320944632494e-05
	iters: 100, epoch: 49 | loss: 0.4302942
	speed: 0.6109s/iter; left time: 8230.5073s
	iters: 200, epoch: 49 | loss: 0.4562008
	speed: 0.3265s/iter; left time: 4366.8822s
Epoch: 49 cost time: 82.76976442337036
Epoch: 49, Steps: 261 | Train Loss: 0.5164154 Vali Loss: 0.2710306 Test Loss: 0.3612522
EarlyStopping counter: 1 out of 20
Updating learning rate to 9.45457933201239e-05
	iters: 100, epoch: 50 | loss: 0.5243754
	speed: 0.6128s/iter; left time: 8096.7248s
	iters: 200, epoch: 50 | loss: 0.5686032
	speed: 0.3193s/iter; left time: 4187.2574s
Epoch: 50 cost time: 83.36710691452026
Epoch: 50, Steps: 261 | Train Loss: 0.5144603 Vali Loss: 0.2716196 Test Loss: 0.3603430
EarlyStopping counter: 2 out of 20
Updating learning rate to 9.329628081895862e-05
	iters: 100, epoch: 51 | loss: 0.4753891
	speed: 0.6164s/iter; left time: 7983.6362s
	iters: 200, epoch: 51 | loss: 0.3716199
	speed: 0.3261s/iter; left time: 4191.2931s
Epoch: 51 cost time: 83.55590987205505
Epoch: 51, Steps: 261 | Train Loss: 0.5127529 Vali Loss: 0.2715546 Test Loss: 0.3596573
EarlyStopping counter: 3 out of 20
Updating learning rate to 9.192809676974225e-05
	iters: 100, epoch: 52 | loss: 0.6869124
	speed: 0.6121s/iter; left time: 7767.9714s
	iters: 200, epoch: 52 | loss: 0.4679050
	speed: 0.3102s/iter; left time: 3904.9617s
Epoch: 52 cost time: 83.19604635238647
Epoch: 52, Steps: 261 | Train Loss: 0.5118584 Vali Loss: 0.2723285 Test Loss: 0.3586387
EarlyStopping counter: 4 out of 20
Updating learning rate to 9.044499126985239e-05
	iters: 100, epoch: 53 | loss: 0.6384178
	speed: 0.6163s/iter; left time: 7659.5616s
	iters: 200, epoch: 53 | loss: 0.3109814
	speed: 0.3116s/iter; left time: 3841.3244s
Epoch: 53 cost time: 82.18814587593079
Epoch: 53, Steps: 261 | Train Loss: 0.5101230 Vali Loss: 0.2734748 Test Loss: 0.3579257
EarlyStopping counter: 5 out of 20
Updating learning rate to 8.885102940837483e-05
	iters: 100, epoch: 54 | loss: 0.5037608
	speed: 0.5987s/iter; left time: 7284.9393s
	iters: 200, epoch: 54 | loss: 0.4426203
	speed: 0.3105s/iter; left time: 3746.7069s
Epoch: 54 cost time: 81.30163264274597
Epoch: 54, Steps: 261 | Train Loss: 0.5081866 Vali Loss: 0.2738404 Test Loss: 0.3569873
EarlyStopping counter: 6 out of 20
Updating learning rate to 8.715058012397698e-05
	iters: 100, epoch: 55 | loss: 0.4335880
	speed: 0.6059s/iter; left time: 7214.8150s
	iters: 200, epoch: 55 | loss: 0.3523676
	speed: 0.3096s/iter; left time: 3655.8164s
Epoch: 55 cost time: 81.25650453567505
Epoch: 55, Steps: 261 | Train Loss: 0.5055448 Vali Loss: 0.2746724 Test Loss: 0.3566465
EarlyStopping counter: 7 out of 20
Updating learning rate to 8.534830422995055e-05
	iters: 100, epoch: 56 | loss: 0.4492738
	speed: 0.5986s/iter; left time: 6970.8217s
	iters: 200, epoch: 56 | loss: 0.7264991
	speed: 0.3104s/iter; left time: 3584.1024s
Epoch: 56 cost time: 81.60743045806885
Epoch: 56, Steps: 261 | Train Loss: 0.5048287 Vali Loss: 0.2755643 Test Loss: 0.3560078
EarlyStopping counter: 8 out of 20
Updating learning rate to 8.344914163924644e-05
	iters: 100, epoch: 57 | loss: 0.5643731
	speed: 0.5984s/iter; left time: 6812.9740s
	iters: 200, epoch: 57 | loss: 0.5154382
	speed: 0.3060s/iter; left time: 3452.8169s
Epoch: 57 cost time: 80.3140754699707
Epoch: 57, Steps: 261 | Train Loss: 0.5016067 Vali Loss: 0.2765400 Test Loss: 0.3555158
EarlyStopping counter: 9 out of 20
Updating learning rate to 8.145829782451657e-05
	iters: 100, epoch: 58 | loss: 0.5319828
	speed: 0.5867s/iter; left time: 6526.9594s
	iters: 200, epoch: 58 | loss: 0.6192298
	speed: 0.3109s/iter; left time: 3427.2357s
Epoch: 58 cost time: 80.99296689033508
Epoch: 58, Steps: 261 | Train Loss: 0.5010402 Vali Loss: 0.2775166 Test Loss: 0.3549544
EarlyStopping counter: 10 out of 20
Updating learning rate to 7.938122955027528e-05
	iters: 100, epoch: 59 | loss: 0.5303887
	speed: 0.5994s/iter; left time: 6510.8302s
	iters: 200, epoch: 59 | loss: 0.5611031
	speed: 0.3159s/iter; left time: 3400.1769s
Epoch: 59 cost time: 81.23732876777649
Epoch: 59, Steps: 261 | Train Loss: 0.4984984 Vali Loss: 0.2785589 Test Loss: 0.3544292
EarlyStopping counter: 11 out of 20
Updating learning rate to 7.722362991628698e-05
	iters: 100, epoch: 60 | loss: 0.4549516
	speed: 0.6138s/iter; left time: 6507.2044s
	iters: 200, epoch: 60 | loss: 0.3956991
	speed: 0.3241s/iter; left time: 3403.2214s
Epoch: 60 cost time: 84.02536249160767
Epoch: 60, Steps: 261 | Train Loss: 0.4968728 Vali Loss: 0.2792948 Test Loss: 0.3544003
EarlyStopping counter: 12 out of 20
Updating learning rate to 7.499141275317558e-05
	iters: 100, epoch: 61 | loss: 0.5068496
	speed: 0.6371s/iter; left time: 6588.3746s
	iters: 200, epoch: 61 | loss: 0.5957741
	speed: 0.3452s/iter; left time: 3535.0747s
Epoch: 61 cost time: 89.76101899147034
Epoch: 61, Steps: 261 | Train Loss: 0.4945773 Vali Loss: 0.2800583 Test Loss: 0.3543320
EarlyStopping counter: 13 out of 20
Updating learning rate to 7.269069641302562e-05
	iters: 100, epoch: 62 | loss: 0.6873686
	speed: 0.6758s/iter; left time: 6812.4582s
	iters: 200, epoch: 62 | loss: 0.4688479
	speed: 0.3721s/iter; left time: 3713.4798s
Epoch: 62 cost time: 94.34346199035645
Epoch: 62, Steps: 261 | Train Loss: 0.4931867 Vali Loss: 0.2806582 Test Loss: 0.3542586
EarlyStopping counter: 14 out of 20
Updating learning rate to 7.032778699940462e-05
	iters: 100, epoch: 63 | loss: 0.4879520
	speed: 0.7181s/iter; left time: 7050.6059s
	iters: 200, epoch: 63 | loss: 0.4717971
	speed: 0.3895s/iter; left time: 3785.7267s
Epoch: 63 cost time: 100.17845273017883
Epoch: 63, Steps: 261 | Train Loss: 0.4917273 Vali Loss: 0.2813414 Test Loss: 0.3544468
EarlyStopping counter: 15 out of 20
Updating learning rate to 6.79091610827715e-05
	iters: 100, epoch: 64 | loss: 0.5847088
	speed: 0.7523s/iter; left time: 7190.1037s
	iters: 200, epoch: 64 | loss: 0.3620785
	speed: 0.3891s/iter; left time: 3680.5280s
Epoch: 64 cost time: 101.46533703804016
Epoch: 64, Steps: 261 | Train Loss: 0.4903471 Vali Loss: 0.2822982 Test Loss: 0.3539160
EarlyStopping counter: 16 out of 20
Updating learning rate to 6.544144794864713e-05
	iters: 100, epoch: 65 | loss: 0.3758521
	speed: 0.7334s/iter; left time: 6818.2683s
	iters: 200, epoch: 65 | loss: 0.4213080
	speed: 0.3817s/iter; left time: 3510.4752s
Epoch: 65 cost time: 98.76168489456177
Epoch: 65, Steps: 261 | Train Loss: 0.4888321 Vali Loss: 0.2825383 Test Loss: 0.3542483
EarlyStopping counter: 17 out of 20
Updating learning rate to 6.293141142720349e-05
	iters: 100, epoch: 66 | loss: 0.4991435
	speed: 0.7045s/iter; left time: 6365.6964s
	iters: 200, epoch: 66 | loss: 0.4753982
	speed: 0.3614s/iter; left time: 3229.9098s
Epoch: 66 cost time: 94.34284806251526
Epoch: 66, Steps: 261 | Train Loss: 0.4862994 Vali Loss: 0.2830324 Test Loss: 0.3544321
EarlyStopping counter: 18 out of 20
Updating learning rate to 6.038593135407538e-05
	iters: 100, epoch: 67 | loss: 0.3336208
	speed: 0.6867s/iter; left time: 6025.8484s
	iters: 200, epoch: 67 | loss: 0.6041131
	speed: 0.3471s/iter; left time: 3010.8420s
Epoch: 67 cost time: 90.32752823829651
Epoch: 67, Steps: 261 | Train Loss: 0.4856824 Vali Loss: 0.2843369 Test Loss: 0.3546703
EarlyStopping counter: 19 out of 20
Updating learning rate to 5.7811984713209085e-05
	iters: 100, epoch: 68 | loss: 0.5412357
	speed: 0.6605s/iter; left time: 5623.3189s
	iters: 200, epoch: 68 | loss: 0.5731803
	speed: 0.3444s/iter; left time: 2897.6989s
Epoch: 68 cost time: 88.75985550880432
Epoch: 68, Steps: 261 | Train Loss: 0.4841401 Vali Loss: 0.2843276 Test Loss: 0.3546387
EarlyStopping counter: 20 out of 20
Early stopping
>>>>>>>testing : Flatten_ettm2_336_720_PatchTST_ETTm2_ftM_sl336_ll48_pl720_dm128_nh16_el3_dl1_df256_fc1_ebtimeF_dtTrue_Exp_0<<<<<<<<<<<<<<<<<<<<<<<<<<<<<<<<<
test 10801
mse:0.3766224980354309, mae:0.3888069987297058, rse:0.4927229881286621
