==========================================================
Lanzando Experimento: Flatten_electricity | Dataset: electricity
==========================================================
Args in experiment:
Namespace(random_seed=2021, is_training=1, model_id='Flatten_electricity_336_96', model='PatchTST', data='custom', root_path='./dataset/', data_path='electricity.csv', features='M', target='OT', freq='h', checkpoints='./checkpoints/', seq_len=336, label_len=48, pred_len=96, head_type='flatten', fc_dropout=0.2, head_dropout=0.0, patch_len=16, stride=8, padding_patch='end', revin=1, affine=0, subtract_last=0, decomposition=0, kernel_size=25, individual=0, embed_type=0, enc_in=321, dec_in=7, c_out=7, d_model=128, n_heads=16, e_layers=3, d_layers=1, d_ff=256, moving_avg=25, factor=1, distil=True, dropout=0.2, embed='timeF', activation='gelu', output_attention=False, do_predict=False, num_workers=0, itr=1, train_epochs=100, batch_size=32, patience=10, learning_rate=0.0001, des='Exp', loss='mse', lradj='TST', pct_start=0.2, use_amp=False, use_gpu=True, gpu=0, use_multi_gpu=False, devices='0,1,2,3', test_flop=False)
Use GPU: cuda:0
>>>>>>>start training : Flatten_electricity_336_96_PatchTST_custom_ftM_sl336_ll48_pl96_dm128_nh16_el3_dl1_df256_fc1_ebtimeF_dtTrue_Exp_0>>>>>>>>>>>>>>>>>>>>>>>>>>
train 17981
val 2537
test 5165
	iters: 100, epoch: 1 | loss: 0.4616116
	speed: 0.4597s/iter; left time: 25744.6923s
	iters: 200, epoch: 1 | loss: 0.3518045
	speed: 0.4372s/iter; left time: 24437.6733s
	iters: 300, epoch: 1 | loss: 0.3149753
	speed: 0.4381s/iter; left time: 24445.5879s
	iters: 400, epoch: 1 | loss: 0.2892618
	speed: 0.4385s/iter; left time: 24425.9884s
	iters: 500, epoch: 1 | loss: 0.2706682
	speed: 0.4393s/iter; left time: 24427.1537s
Epoch: 1 cost time: 246.14708852767944
Epoch: 1, Steps: 561 | Train Loss: 0.3975072 Vali Loss: 0.1836675 Test Loss: 0.2061140
Validation loss decreased (inf --> 0.183667).  Saving model ...
Updating learning rate to 4.591064789165119e-06
	iters: 100, epoch: 2 | loss: 0.2506121
	speed: 1.1171s/iter; left time: 61931.8752s
	iters: 200, epoch: 2 | loss: 0.2356930
	speed: 0.4393s/iter; left time: 24313.4592s
	iters: 300, epoch: 2 | loss: 0.2347378
	speed: 0.4393s/iter; left time: 24266.6124s
	iters: 400, epoch: 2 | loss: 0.2460605
	speed: 0.4394s/iter; left time: 24229.5070s
	iters: 500, epoch: 2 | loss: 0.2073237
	speed: 0.4394s/iter; left time: 24187.2373s
Epoch: 2 cost time: 246.23411512374878
Epoch: 2, Steps: 561 | Train Loss: 0.2402539 Vali Loss: 0.1500589 Test Loss: 0.1711795
Validation loss decreased (0.183667 --> 0.150059).  Saving model ...
Updating learning rate to 6.349702590619164e-06
	iters: 100, epoch: 3 | loss: 0.2182033
	speed: 1.1147s/iter; left time: 61174.6207s
	iters: 200, epoch: 3 | loss: 0.2212557
	speed: 0.4390s/iter; left time: 24046.5539s
	iters: 300, epoch: 3 | loss: 0.1942430
	speed: 0.4391s/iter; left time: 24008.8250s
	iters: 400, epoch: 3 | loss: 0.2036972
	speed: 0.4390s/iter; left time: 23960.2230s
	iters: 500, epoch: 3 | loss: 0.1867796
	speed: 0.4390s/iter; left time: 23918.2877s
Epoch: 3 cost time: 246.0902853012085
Epoch: 3, Steps: 561 | Train Loss: 0.2004170 Vali Loss: 0.1357249 Test Loss: 0.1562028
Validation loss decreased (0.150059 --> 0.135725).  Saving model ...
Updating learning rate to 9.23260220097322e-06
	iters: 100, epoch: 4 | loss: 0.1865516
	speed: 1.1164s/iter; left time: 60641.5390s
	iters: 200, epoch: 4 | loss: 0.1849905
	speed: 0.4390s/iter; left time: 23801.7737s
	iters: 300, epoch: 4 | loss: 0.1644762
	speed: 0.4390s/iter; left time: 23759.0257s
	iters: 400, epoch: 4 | loss: 0.1870907
	speed: 0.4391s/iter; left time: 23719.7129s
	iters: 500, epoch: 4 | loss: 0.1671675
	speed: 0.4390s/iter; left time: 23672.3142s
Epoch: 4 cost time: 246.0850327014923
Epoch: 4, Steps: 561 | Train Loss: 0.1803685 Vali Loss: 0.1294441 Test Loss: 0.1496128
Validation loss decreased (0.135725 --> 0.129444).  Saving model ...
Updating learning rate to 1.3168764434794876e-05
	iters: 100, epoch: 5 | loss: 0.1687078
	speed: 1.1147s/iter; left time: 59923.2195s
	iters: 200, epoch: 5 | loss: 0.1620683
	speed: 0.4390s/iter; left time: 23554.9569s
	iters: 300, epoch: 5 | loss: 0.1686636
	speed: 0.4391s/iter; left time: 23516.5208s
	iters: 400, epoch: 5 | loss: 0.1482026
	speed: 0.4393s/iter; left time: 23483.5536s
	iters: 500, epoch: 5 | loss: 0.1510963
	speed: 0.4391s/iter; left time: 23431.4417s
Epoch: 5 cost time: 246.11113047599792
Epoch: 5, Steps: 561 | Train Loss: 0.1703213 Vali Loss: 0.1259115 Test Loss: 0.1460728
Validation loss decreased (0.129444 --> 0.125912).  Saving model ...
Updating learning rate to 1.806125067121522e-05
	iters: 100, epoch: 6 | loss: 0.2102202
	speed: 1.1176s/iter; left time: 59453.1798s
	iters: 200, epoch: 6 | loss: 0.1659802
	speed: 0.4394s/iter; left time: 23332.4197s
	iters: 300, epoch: 6 | loss: 0.1859692
	speed: 0.4392s/iter; left time: 23275.6588s
	iters: 400, epoch: 6 | loss: 0.1728536
	speed: 0.4390s/iter; left time: 23223.6073s
	iters: 500, epoch: 6 | loss: 0.1736154
	speed: 0.4393s/iter; left time: 23194.7299s
Epoch: 6 cost time: 246.17107725143433
Epoch: 6, Steps: 561 | Train Loss: 0.1644638 Vali Loss: 0.1244236 Test Loss: 0.1445045
Validation loss decreased (0.125912 --> 0.124424).  Saving model ...
Updating learning rate to 2.3789570229158297e-05
	iters: 100, epoch: 7 | loss: 0.1898067
	speed: 1.1178s/iter; left time: 58834.4307s
	iters: 200, epoch: 7 | loss: 0.1487641
	speed: 0.4390s/iter; left time: 23061.7093s
	iters: 300, epoch: 7 | loss: 0.1536569
	speed: 0.4392s/iter; left time: 23030.6936s
	iters: 400, epoch: 7 | loss: 0.1547885
	speed: 0.4394s/iter; left time: 22996.3986s
	iters: 500, epoch: 7 | loss: 0.1476672
	speed: 0.4391s/iter; left time: 22935.2485s
Epoch: 7 cost time: 246.12583327293396
Epoch: 7, Steps: 561 | Train Loss: 0.1601784 Vali Loss: 0.1232764 Test Loss: 0.1435829
Validation loss decreased (0.124424 --> 0.123276).  Saving model ...
Updating learning rate to 3.0212647775633035e-05
	iters: 100, epoch: 8 | loss: 0.1495933
	speed: 1.1180s/iter; left time: 58219.9960s
	iters: 200, epoch: 8 | loss: 0.1852150
	speed: 0.4390s/iter; left time: 22816.6932s
	iters: 300, epoch: 8 | loss: 0.1498981
	speed: 0.4390s/iter; left time: 22774.6269s
	iters: 400, epoch: 8 | loss: 0.1908629
	speed: 0.4390s/iter; left time: 22731.1193s
	iters: 500, epoch: 8 | loss: 0.1516288
	speed: 0.4390s/iter; left time: 22685.5343s
Epoch: 8 cost time: 246.07026052474976
Epoch: 8, Steps: 561 | Train Loss: 0.1569678 Vali Loss: 0.1217974 Test Loss: 0.1420890
Validation loss decreased (0.123276 --> 0.121797).  Saving model ...
Updating learning rate to 3.717229768664785e-05
	iters: 100, epoch: 9 | loss: 0.1597140
	speed: 1.1197s/iter; left time: 57681.3474s
	iters: 200, epoch: 9 | loss: 0.1641623
	speed: 0.4392s/iter; left time: 22580.3945s
	iters: 300, epoch: 9 | loss: 0.1458291
	speed: 0.4392s/iter; left time: 22537.9080s
	iters: 400, epoch: 9 | loss: 0.1629853
	speed: 0.4392s/iter; left time: 22492.9675s
	iters: 500, epoch: 9 | loss: 0.1769069
	speed: 0.4390s/iter; left time: 22440.7874s
Epoch: 9 cost time: 246.12904691696167
Epoch: 9, Steps: 561 | Train Loss: 0.1542334 Vali Loss: 0.1206209 Test Loss: 0.1402828
Validation loss decreased (0.121797 --> 0.120621).  Saving model ...
Updating learning rate to 4.449711979523117e-05
	iters: 100, epoch: 10 | loss: 0.1755155
	speed: 1.1159s/iter; left time: 56855.4006s
	iters: 200, epoch: 10 | loss: 0.1687872
	speed: 0.4391s/iter; left time: 22327.6130s
	iters: 300, epoch: 10 | loss: 0.1477302
	speed: 0.4391s/iter; left time: 22285.0265s
	iters: 400, epoch: 10 | loss: 0.1452728
	speed: 0.4391s/iter; left time: 22239.6672s
	iters: 500, epoch: 10 | loss: 0.1478076
	speed: 0.4391s/iter; left time: 22197.3653s
Epoch: 10 cost time: 246.08873009681702
Epoch: 10, Steps: 561 | Train Loss: 0.1517294 Vali Loss: 0.1207474 Test Loss: 0.1407226
EarlyStopping counter: 1 out of 10
Updating learning rate to 5.200672058324626e-05
	iters: 100, epoch: 11 | loss: 0.1295127
	speed: 1.1186s/iter; left time: 56367.0807s
	iters: 200, epoch: 11 | loss: 0.1711265
	speed: 0.4390s/iter; left time: 22077.6349s
	iters: 300, epoch: 11 | loss: 0.1564426
	speed: 0.4390s/iter; left time: 22035.8471s
	iters: 400, epoch: 11 | loss: 0.1428346
	speed: 0.4392s/iter; left time: 21997.8369s
	iters: 500, epoch: 11 | loss: 0.1513840
	speed: 0.4392s/iter; left time: 21954.8883s
Epoch: 11 cost time: 246.09780406951904
Epoch: 11, Steps: 561 | Train Loss: 0.1496594 Vali Loss: 0.1204936 Test Loss: 0.1402172
Validation loss decreased (0.120621 --> 0.120494).  Saving model ...
Updating learning rate to 5.9516155858756386e-05
	iters: 100, epoch: 12 | loss: 0.1427062
	speed: 1.1179s/iter; left time: 55706.0063s
	iters: 200, epoch: 12 | loss: 0.1334205
	speed: 0.4390s/iter; left time: 21831.5870s
	iters: 300, epoch: 12 | loss: 0.1584537
	speed: 0.4392s/iter; left time: 21795.8422s
	iters: 400, epoch: 12 | loss: 0.1310520
	speed: 0.4393s/iter; left time: 21760.5243s
	iters: 500, epoch: 12 | loss: 0.1453003
	speed: 0.4391s/iter; left time: 21706.7717s
Epoch: 12 cost time: 246.12355828285217
Epoch: 12, Steps: 561 | Train Loss: 0.1476070 Vali Loss: 0.1209010 Test Loss: 0.1397806
EarlyStopping counter: 1 out of 10
Updating learning rate to 6.684048550601701e-05
	iters: 100, epoch: 13 | loss: 0.1339601
	speed: 1.1158s/iter; left time: 54973.2455s
	iters: 200, epoch: 13 | loss: 0.1347163
	speed: 0.4391s/iter; left time: 21590.1262s
	iters: 300, epoch: 13 | loss: 0.1345181
	speed: 0.4391s/iter; left time: 21547.9618s
	iters: 400, epoch: 13 | loss: 0.1308972
	speed: 0.4391s/iter; left time: 21503.3872s
	iters: 500, epoch: 13 | loss: 0.1423014
	speed: 0.4392s/iter; left time: 21461.6269s
Epoch: 13 cost time: 246.11790227890015
Epoch: 13, Steps: 561 | Train Loss: 0.1461331 Vali Loss: 0.1190769 Test Loss: 0.1385313
Validation loss decreased (0.120494 --> 0.119077).  Saving model ...
Updating learning rate to 7.379932813508089e-05
	iters: 100, epoch: 14 | loss: 0.1454773
	speed: 1.1168s/iter; left time: 54395.3316s
	iters: 200, epoch: 14 | loss: 0.1414899
	speed: 0.4391s/iter; left time: 21342.6747s
	iters: 300, epoch: 14 | loss: 0.1605112
	speed: 0.4392s/iter; left time: 21303.9009s
	iters: 400, epoch: 14 | loss: 0.1670069
	speed: 0.4391s/iter; left time: 21257.5115s
	iters: 500, epoch: 14 | loss: 0.1475087
	speed: 0.4392s/iter; left time: 21217.2177s
Epoch: 14 cost time: 246.1255419254303
Epoch: 14, Steps: 561 | Train Loss: 0.1445305 Vali Loss: 0.1183458 Test Loss: 0.1371526
Validation loss decreased (0.119077 --> 0.118346).  Saving model ...
Updating learning rate to 8.022130346047382e-05
	iters: 100, epoch: 15 | loss: 0.1443359
	speed: 1.1184s/iter; left time: 53846.5030s
	iters: 200, epoch: 15 | loss: 0.1357713
	speed: 0.4390s/iter; left time: 21093.2555s
	iters: 300, epoch: 15 | loss: 0.1318387
	speed: 0.4391s/iter; left time: 21051.3800s
	iters: 400, epoch: 15 | loss: 0.1486297
	speed: 0.4391s/iter; left time: 21009.4407s
	iters: 500, epoch: 15 | loss: 0.1307141
	speed: 0.4391s/iter; left time: 20964.9184s
Epoch: 15 cost time: 246.0848319530487
Epoch: 15, Steps: 561 | Train Loss: 0.1432664 Vali Loss: 0.1194849 Test Loss: 0.1384529
EarlyStopping counter: 1 out of 10
Updating learning rate to 8.594825300337388e-05
	iters: 100, epoch: 16 | loss: 0.1379649
	speed: 1.1159s/iter; left time: 53103.2172s
	iters: 200, epoch: 16 | loss: 0.1424497
	speed: 0.4390s/iter; left time: 20846.4567s
	iters: 300, epoch: 16 | loss: 0.1349541
	speed: 0.4390s/iter; left time: 20801.0496s
	iters: 400, epoch: 16 | loss: 0.1495980
	speed: 0.4391s/iter; left time: 20765.1068s
	iters: 500, epoch: 16 | loss: 0.1679077
	speed: 0.4391s/iter; left time: 20720.7557s
Epoch: 16 cost time: 246.07695484161377
Epoch: 16, Steps: 561 | Train Loss: 0.1422023 Vali Loss: 0.1184438 Test Loss: 0.1369011
EarlyStopping counter: 2 out of 10
Updating learning rate to 9.083913517110879e-05
	iters: 100, epoch: 17 | loss: 0.1402480
	speed: 1.1166s/iter; left time: 52506.7544s
	iters: 200, epoch: 17 | loss: 0.1223070
	speed: 0.4392s/iter; left time: 20607.5421s
	iters: 300, epoch: 17 | loss: 0.1580459
	speed: 0.4391s/iter; left time: 20561.1494s
	iters: 400, epoch: 17 | loss: 0.1694338
	speed: 0.4393s/iter; left time: 20525.5053s
	iters: 500, epoch: 17 | loss: 0.1274379
	speed: 0.4392s/iter; left time: 20480.0242s
Epoch: 17 cost time: 246.13664412498474
Epoch: 17, Steps: 561 | Train Loss: 0.1411963 Vali Loss: 0.1171999 Test Loss: 0.1355077
Validation loss decreased (0.118346 --> 0.117200).  Saving model ...
Updating learning rate to 9.477349878712427e-05
	iters: 100, epoch: 18 | loss: 0.1440769
	speed: 1.1189s/iter; left time: 51988.6777s
	iters: 200, epoch: 18 | loss: 0.1583625
	speed: 0.4391s/iter; left time: 20358.4471s
	iters: 300, epoch: 18 | loss: 0.1492405
	speed: 0.4391s/iter; left time: 20313.4982s
	iters: 400, epoch: 18 | loss: 0.1326343
	speed: 0.4391s/iter; left time: 20272.4091s
	iters: 500, epoch: 18 | loss: 0.1281189
	speed: 0.4392s/iter; left time: 20233.5197s
Epoch: 18 cost time: 246.11738109588623
Epoch: 18, Steps: 561 | Train Loss: 0.1403912 Vali Loss: 0.1168750 Test Loss: 0.1354302
Validation loss decreased (0.117200 --> 0.116875).  Saving model ...
Updating learning rate to 9.765444952637033e-05
	iters: 100, epoch: 19 | loss: 0.1548993
	speed: 1.1179s/iter; left time: 51313.4521s
	iters: 200, epoch: 19 | loss: 0.1403227
	speed: 0.4393s/iter; left time: 20119.5863s
	iters: 300, epoch: 19 | loss: 0.1293247
	speed: 0.4395s/iter; left time: 20084.7636s
	iters: 400, epoch: 19 | loss: 0.1237396
	speed: 0.4393s/iter; left time: 20033.6319s
	iters: 500, epoch: 19 | loss: 0.1290628
	speed: 0.4391s/iter; left time: 19980.9178s
Epoch: 19 cost time: 246.19374799728394
Epoch: 19, Steps: 561 | Train Loss: 0.1395061 Vali Loss: 0.1173399 Test Loss: 0.1357187
EarlyStopping counter: 1 out of 10
Updating learning rate to 9.941103619962668e-05
	iters: 100, epoch: 20 | loss: 0.1774492
	speed: 1.1164s/iter; left time: 50618.3458s
	iters: 200, epoch: 20 | loss: 0.1318916
	speed: 0.4391s/iter; left time: 19865.5160s
	iters: 300, epoch: 20 | loss: 0.1415577
	speed: 0.4390s/iter; left time: 19819.4063s
	iters: 400, epoch: 20 | loss: 0.1309711
	speed: 0.4391s/iter; left time: 19776.8841s
	iters: 500, epoch: 20 | loss: 0.1362414
	speed: 0.4391s/iter; left time: 19733.3501s
Epoch: 20 cost time: 246.08179187774658
Epoch: 20, Steps: 561 | Train Loss: 0.1386933 Vali Loss: 0.1172094 Test Loss: 0.1356754
EarlyStopping counter: 2 out of 10
Updating learning rate to 9.999999987750106e-05
	iters: 100, epoch: 21 | loss: 0.1211586
	speed: 1.1217s/iter; left time: 50230.6342s
	iters: 200, epoch: 21 | loss: 0.1209439
	speed: 0.4390s/iter; left time: 19614.9686s
	iters: 300, epoch: 21 | loss: 0.1615922
	speed: 0.4390s/iter; left time: 19571.5752s
	iters: 400, epoch: 21 | loss: 0.1314613
	speed: 0.4390s/iter; left time: 19528.6564s
	iters: 500, epoch: 21 | loss: 0.1221399
	speed: 0.4391s/iter; left time: 19489.4419s
Epoch: 21 cost time: 246.0787422657013
Epoch: 21, Steps: 561 | Train Loss: 0.1377841 Vali Loss: 0.1159062 Test Loss: 0.1340004
Validation loss decreased (0.116875 --> 0.115906).  Saving model ...
Updating learning rate to 9.996131443534033e-05
	iters: 100, epoch: 22 | loss: 0.1158035
	speed: 1.1201s/iter; left time: 49532.2458s
	iters: 200, epoch: 22 | loss: 0.1273044
	speed: 0.4390s/iter; left time: 19366.9961s
	iters: 300, epoch: 22 | loss: 0.1291282
	speed: 0.4390s/iter; left time: 19325.5193s
	iters: 400, epoch: 22 | loss: 0.1243060
	speed: 0.4390s/iter; left time: 19281.3692s
	iters: 500, epoch: 22 | loss: 0.1375564
	speed: 0.4390s/iter; left time: 19235.4408s
Epoch: 22 cost time: 246.03322339057922
Epoch: 22, Steps: 561 | Train Loss: 0.1370715 Vali Loss: 0.1168666 Test Loss: 0.1353736
EarlyStopping counter: 1 out of 10
Updating learning rate to 9.98455925759741e-05
	iters: 100, epoch: 23 | loss: 0.1573728
	speed: 1.1189s/iter; left time: 48850.0143s
	iters: 200, epoch: 23 | loss: 0.1510769
	speed: 0.4390s/iter; left time: 19120.5112s
	iters: 300, epoch: 23 | loss: 0.1281132
	speed: 0.4390s/iter; left time: 19079.5143s
	iters: 400, epoch: 23 | loss: 0.1464750
	speed: 0.4391s/iter; left time: 19037.3689s
	iters: 500, epoch: 23 | loss: 0.1295572
	speed: 0.4391s/iter; left time: 18993.5672s
Epoch: 23 cost time: 246.05248427391052
Epoch: 23, Steps: 561 | Train Loss: 0.1364715 Vali Loss: 0.1166845 Test Loss: 0.1350044
EarlyStopping counter: 2 out of 10
Updating learning rate to 9.965301273412184e-05
	iters: 100, epoch: 24 | loss: 0.1168057
	speed: 1.1197s/iter; left time: 48254.9734s
	iters: 200, epoch: 24 | loss: 0.1198445
	speed: 0.4390s/iter; left time: 18874.5893s
	iters: 300, epoch: 24 | loss: 0.1530568
	speed: 0.4390s/iter; left time: 18832.4045s
	iters: 400, epoch: 24 | loss: 0.1429730
	speed: 0.4391s/iter; left time: 18792.1599s
	iters: 500, epoch: 24 | loss: 0.1199736
	speed: 0.4391s/iter; left time: 18746.7105s
Epoch: 24 cost time: 246.07445645332336
Epoch: 24, Steps: 561 | Train Loss: 0.1358443 Vali Loss: 0.1155714 Test Loss: 0.1339092
Validation loss decreased (0.115906 --> 0.115571).  Saving model ...
Updating learning rate to 9.938387185394122e-05
	iters: 100, epoch: 25 | loss: 0.1556063
	speed: 1.1145s/iter; left time: 47408.5398s
	iters: 200, epoch: 25 | loss: 0.1288181
	speed: 0.4389s/iter; left time: 18627.0696s
	iters: 300, epoch: 25 | loss: 0.1221320
	speed: 0.4391s/iter; left time: 18588.6590s
	iters: 400, epoch: 25 | loss: 0.1174402
	speed: 0.4391s/iter; left time: 18545.2853s
	iters: 500, epoch: 25 | loss: 0.1243256
	speed: 0.4391s/iter; left time: 18501.2497s
Epoch: 25 cost time: 246.06879043579102
Epoch: 25, Steps: 561 | Train Loss: 0.1352574 Vali Loss: 0.1151214 Test Loss: 0.1334267
Validation loss decreased (0.115571 --> 0.115121).  Saving model ...
Updating learning rate to 9.903858493116177e-05
	iters: 100, epoch: 26 | loss: 0.1433551
	speed: 1.1171s/iter; left time: 46893.1027s
	iters: 200, epoch: 26 | loss: 0.1332807
	speed: 0.4389s/iter; left time: 18380.4725s
	iters: 300, epoch: 26 | loss: 0.1441227
	speed: 0.4391s/iter; left time: 18344.2845s
	iters: 400, epoch: 26 | loss: 0.1175590
	speed: 0.4392s/iter; left time: 18302.6441s
	iters: 500, epoch: 26 | loss: 0.1331230
	speed: 0.4391s/iter; left time: 18258.0928s
Epoch: 26 cost time: 246.07636213302612
Epoch: 26, Steps: 561 | Train Loss: 0.1347551 Vali Loss: 0.1155680 Test Loss: 0.1335067
EarlyStopping counter: 1 out of 10
Updating learning rate to 9.861768437319151e-05
	iters: 100, epoch: 27 | loss: 0.1488322
	speed: 1.1152s/iter; left time: 46187.7077s
	iters: 200, epoch: 27 | loss: 0.1325166
	speed: 0.4390s/iter; left time: 18138.5406s
	iters: 300, epoch: 27 | loss: 0.1324977
	speed: 0.4392s/iter; left time: 18100.1463s
	iters: 400, epoch: 27 | loss: 0.1316388
	speed: 0.4391s/iter; left time: 18052.5307s
	iters: 500, epoch: 27 | loss: 0.1316755
	speed: 0.4394s/iter; left time: 18022.0063s
Epoch: 27 cost time: 246.11176180839539
Epoch: 27, Steps: 561 | Train Loss: 0.1343862 Vali Loss: 0.1146661 Test Loss: 0.1337587
Validation loss decreased (0.115121 --> 0.114666).  Saving model ...
Updating learning rate to 9.812181917818334e-05
	iters: 100, epoch: 28 | loss: 0.1209593
	speed: 1.1168s/iter; left time: 45624.6492s
	iters: 200, epoch: 28 | loss: 0.1349946
	speed: 0.4389s/iter; left time: 17888.5425s
	iters: 300, epoch: 28 | loss: 0.1321496
	speed: 0.4391s/iter; left time: 17849.7124s
	iters: 400, epoch: 28 | loss: 0.1182846
	speed: 0.4392s/iter; left time: 17809.7002s
	iters: 500, epoch: 28 | loss: 0.1294952
	speed: 0.4391s/iter; left time: 17764.2293s
Epoch: 28 cost time: 246.06955742835999
Epoch: 28, Steps: 561 | Train Loss: 0.1339096 Vali Loss: 0.1145364 Test Loss: 0.1330702
Validation loss decreased (0.114666 --> 0.114536).  Saving model ...
Updating learning rate to 9.755175393432696e-05
	iters: 100, epoch: 29 | loss: 0.1438987
	speed: 1.1196s/iter; left time: 45112.5556s
	iters: 200, epoch: 29 | loss: 0.1353763
	speed: 0.4389s/iter; left time: 17639.2498s
	iters: 300, epoch: 29 | loss: 0.1237894
	speed: 0.4389s/iter; left time: 17597.2388s
	iters: 400, epoch: 29 | loss: 0.1548132
	speed: 0.4389s/iter; left time: 17554.1898s
	iters: 500, epoch: 29 | loss: 0.1428609
	speed: 0.4391s/iter; left time: 17515.3009s
Epoch: 29 cost time: 246.04528617858887
Epoch: 29, Steps: 561 | Train Loss: 0.1334032 Vali Loss: 0.1150899 Test Loss: 0.1332915
EarlyStopping counter: 1 out of 10
Updating learning rate to 9.690836764090924e-05
	iters: 100, epoch: 30 | loss: 0.1207901
	speed: 1.1163s/iter; left time: 44353.7264s
	iters: 200, epoch: 30 | loss: 0.1281671
	speed: 0.4391s/iter; left time: 17401.6342s
	iters: 300, epoch: 30 | loss: 0.1249977
	speed: 0.4391s/iter; left time: 17357.8570s
	iters: 400, epoch: 30 | loss: 0.1447606
	speed: 0.4391s/iter; left time: 17312.6208s
	iters: 500, epoch: 30 | loss: 0.1100802
	speed: 0.4392s/iter; left time: 17275.2997s
Epoch: 30 cost time: 246.08390069007874
Epoch: 30, Steps: 561 | Train Loss: 0.1330773 Vali Loss: 0.1149941 Test Loss: 0.1331398
EarlyStopping counter: 2 out of 10
Updating learning rate to 9.619265235296103e-05
	iters: 100, epoch: 31 | loss: 0.1199404
	speed: 1.1164s/iter; left time: 43728.9611s
	iters: 200, epoch: 31 | loss: 0.1138209
	speed: 0.4389s/iter; left time: 17150.0722s
	iters: 300, epoch: 31 | loss: 0.1329043
	speed: 0.4392s/iter; left time: 17116.0229s
	iters: 400, epoch: 31 | loss: 0.1377209
	speed: 0.4391s/iter; left time: 17066.5752s
	iters: 500, epoch: 31 | loss: 0.1560050
	speed: 0.4391s/iter; left time: 17024.1823s
Epoch: 31 cost time: 246.07401847839355
Epoch: 31, Steps: 561 | Train Loss: 0.1326911 Vali Loss: 0.1149032 Test Loss: 0.1332638
EarlyStopping counter: 3 out of 10
Updating learning rate to 9.540571165158029e-05
	iters: 100, epoch: 32 | loss: 0.1360787
	speed: 1.1172s/iter; left time: 43134.5048s
	iters: 200, epoch: 32 | loss: 0.1349483
	speed: 0.4390s/iter; left time: 16906.1709s
	iters: 300, epoch: 32 | loss: 0.1463081
	speed: 0.4389s/iter; left time: 16859.7424s
	iters: 400, epoch: 32 | loss: 0.1400406
	speed: 0.4390s/iter; left time: 16817.4589s
	iters: 500, epoch: 32 | loss: 0.1316000
	speed: 0.4390s/iter; left time: 16775.5893s
Epoch: 32 cost time: 246.03815579414368
Epoch: 32, Steps: 561 | Train Loss: 0.1323698 Vali Loss: 0.1133351 Test Loss: 0.1319734
Validation loss decreased (0.114536 --> 0.113335).  Saving model ...
Updating learning rate to 9.454875894228996e-05
	iters: 100, epoch: 33 | loss: 0.1102459
	speed: 1.1181s/iter; left time: 42544.1559s
	iters: 200, epoch: 33 | loss: 0.1398992
	speed: 0.4391s/iter; left time: 16661.5947s
	iters: 300, epoch: 33 | loss: 0.1178273
	speed: 0.4390s/iter; left time: 16616.5919s
	iters: 400, epoch: 33 | loss: 0.1331045
	speed: 0.4390s/iter; left time: 16571.9225s
	iters: 500, epoch: 33 | loss: 0.1530482
	speed: 0.4390s/iter; left time: 16526.7976s
Epoch: 33 cost time: 246.05868411064148
Epoch: 33, Steps: 561 | Train Loss: 0.1320441 Vali Loss: 0.1146761 Test Loss: 0.1330791
EarlyStopping counter: 1 out of 10
Updating learning rate to 9.362311558405457e-05
	iters: 100, epoch: 34 | loss: 0.1176951
	speed: 1.1133s/iter; left time: 41736.1011s
	iters: 200, epoch: 34 | loss: 0.1234707
	speed: 0.4390s/iter; left time: 16412.4438s
	iters: 300, epoch: 34 | loss: 0.1191337
	speed: 0.4390s/iter; left time: 16371.2444s
	iters: 400, epoch: 34 | loss: 0.1273796
	speed: 0.4391s/iter; left time: 16330.8022s
	iters: 500, epoch: 34 | loss: 0.1170126
	speed: 0.4391s/iter; left time: 16283.9595s
Epoch: 34 cost time: 246.10632395744324
Epoch: 34, Steps: 561 | Train Loss: 0.1316739 Vali Loss: 0.1137269 Test Loss: 0.1324727
EarlyStopping counter: 2 out of 10
Updating learning rate to 9.263020885184058e-05
	iters: 100, epoch: 35 | loss: 0.1471908
	speed: 1.1240s/iter; left time: 41507.5418s
	iters: 200, epoch: 35 | loss: 0.1449834
	speed: 0.4390s/iter; left time: 16166.0967s
	iters: 300, epoch: 35 | loss: 0.1180654
	speed: 0.4390s/iter; left time: 16123.8647s
	iters: 400, epoch: 35 | loss: 0.1176613
	speed: 0.4391s/iter; left time: 16083.7916s
	iters: 500, epoch: 35 | loss: 0.1389447
	speed: 0.4390s/iter; left time: 16035.8083s
Epoch: 35 cost time: 246.05596446990967
Epoch: 35, Steps: 561 | Train Loss: 0.1314252 Vali Loss: 0.1135284 Test Loss: 0.1328201
EarlyStopping counter: 3 out of 10
Updating learning rate to 9.157156973586171e-05
	iters: 100, epoch: 36 | loss: 0.1374147
	speed: 1.1160s/iter; left time: 40583.2527s
	iters: 200, epoch: 36 | loss: 0.1186896
	speed: 0.4390s/iter; left time: 15921.7807s
	iters: 300, epoch: 36 | loss: 0.1391613
	speed: 0.4389s/iter; left time: 15874.8579s
	iters: 400, epoch: 36 | loss: 0.1243662
	speed: 0.4391s/iter; left time: 15837.6700s
	iters: 500, epoch: 36 | loss: 0.1431286
	speed: 0.4391s/iter; left time: 15793.4435s
Epoch: 36 cost time: 246.08668780326843
Epoch: 36, Steps: 561 | Train Loss: 0.1311468 Vali Loss: 0.1136474 Test Loss: 0.1321262
EarlyStopping counter: 4 out of 10
Updating learning rate to 9.044883058090314e-05
	iters: 100, epoch: 37 | loss: 0.1457376
	speed: 1.1243s/iter; left time: 40254.1970s
	iters: 200, epoch: 37 | loss: 0.1263974
	speed: 0.4389s/iter; left time: 15672.6135s
	iters: 300, epoch: 37 | loss: 0.1124969
	speed: 0.4393s/iter; left time: 15640.0037s
	iters: 400, epoch: 37 | loss: 0.1198460
	speed: 0.4390s/iter; left time: 15586.9038s
	iters: 500, epoch: 37 | loss: 0.1261663
	speed: 0.4394s/iter; left time: 15558.4560s
Epoch: 37 cost time: 246.11580300331116
Epoch: 37, Steps: 561 | Train Loss: 0.1308641 Vali Loss: 0.1126878 Test Loss: 0.1317927
Validation loss decreased (0.113335 --> 0.112688).  Saving model ...
Updating learning rate to 8.926372256936403e-05
	iters: 100, epoch: 38 | loss: 0.1401768
	speed: 1.1196s/iter; left time: 39457.9165s
	iters: 200, epoch: 38 | loss: 0.1223637
	speed: 0.4389s/iter; left time: 15425.8911s
	iters: 300, epoch: 38 | loss: 0.1369528
	speed: 0.4390s/iter; left time: 15385.0921s
	iters: 400, epoch: 38 | loss: 0.1394233
	speed: 0.4391s/iter; left time: 15344.9743s
	iters: 500, epoch: 38 | loss: 0.1268260
	speed: 0.4392s/iter; left time: 15304.2909s
Epoch: 38 cost time: 246.07711935043335
Epoch: 38, Steps: 561 | Train Loss: 0.1306042 Vali Loss: 0.1125862 Test Loss: 0.1322522
Validation loss decreased (0.112688 --> 0.112586).  Saving model ...
Updating learning rate to 8.801807305189988e-05
	iters: 100, epoch: 39 | loss: 0.1256947
	speed: 1.1157s/iter; left time: 38695.2284s
	iters: 200, epoch: 39 | loss: 0.1232565
	speed: 0.4392s/iter; left time: 15187.1745s
	iters: 300, epoch: 39 | loss: 0.1340707
	speed: 0.4393s/iter; left time: 15147.4208s
	iters: 400, epoch: 39 | loss: 0.1382153
	speed: 0.4393s/iter; left time: 15103.7958s
	iters: 500, epoch: 39 | loss: 0.1332057
	speed: 0.4394s/iter; left time: 15064.6758s
Epoch: 39 cost time: 246.2328233718872
Epoch: 39, Steps: 561 | Train Loss: 0.1303445 Vali Loss: 0.1127208 Test Loss: 0.1317386
EarlyStopping counter: 1 out of 10
Updating learning rate to 8.671380272978008e-05
	iters: 100, epoch: 40 | loss: 0.1410263
	speed: 1.1172s/iter; left time: 38120.1310s
	iters: 200, epoch: 40 | loss: 0.1382666
	speed: 0.4392s/iter; left time: 14940.8239s
	iters: 300, epoch: 40 | loss: 0.1298454
	speed: 0.4392s/iter; left time: 14898.6555s
	iters: 400, epoch: 40 | loss: 0.1404368
	speed: 0.4392s/iter; left time: 14856.3098s
	iters: 500, epoch: 40 | loss: 0.1575026
	speed: 0.4393s/iter; left time: 14814.2824s
Epoch: 40 cost time: 246.17648029327393
Epoch: 40, Steps: 561 | Train Loss: 0.1301435 Vali Loss: 0.1126893 Test Loss: 0.1311393
EarlyStopping counter: 2 out of 10
Updating learning rate to 8.535292269330598e-05
	iters: 100, epoch: 41 | loss: 0.1224655
	speed: 1.1166s/iter; left time: 37474.1186s
	iters: 200, epoch: 41 | loss: 0.1381493
	speed: 0.4395s/iter; left time: 14706.8740s
	iters: 300, epoch: 41 | loss: 0.1127926
	speed: 0.4392s/iter; left time: 14650.6316s
	iters: 400, epoch: 41 | loss: 0.1324352
	speed: 0.4392s/iter; left time: 14608.0016s
	iters: 500, epoch: 41 | loss: 0.1244329
	speed: 0.4391s/iter; left time: 14562.6001s
Epoch: 41 cost time: 246.19885921478271
Epoch: 41, Steps: 561 | Train Loss: 0.1297942 Vali Loss: 0.1124998 Test Loss: 0.1313617
Validation loss decreased (0.112586 --> 0.112500).  Saving model ...
Updating learning rate to 8.393753132085525e-05
	iters: 100, epoch: 42 | loss: 0.1237983
	speed: 1.1195s/iter; left time: 36943.3140s
	iters: 200, epoch: 42 | loss: 0.1194078
	speed: 0.4391s/iter; left time: 14445.1829s
	iters: 300, epoch: 42 | loss: 0.1376656
	speed: 0.4392s/iter; left time: 14404.2974s
	iters: 400, epoch: 42 | loss: 0.1334071
	speed: 0.4391s/iter; left time: 14359.8743s
	iters: 500, epoch: 42 | loss: 0.1259973
	speed: 0.4392s/iter; left time: 14318.6072s
Epoch: 42 cost time: 246.1616792678833
Epoch: 42, Steps: 561 | Train Loss: 0.1296652 Vali Loss: 0.1124865 Test Loss: 0.1310311
Validation loss decreased (0.112500 --> 0.112487).  Saving model ...
Updating learning rate to 8.24698110433346e-05
	iters: 100, epoch: 43 | loss: 0.1369415
	speed: 1.1192s/iter; left time: 36305.5606s
	iters: 200, epoch: 43 | loss: 0.1342205
	speed: 0.4390s/iter; left time: 14197.0747s
	iters: 300, epoch: 43 | loss: 0.1188009
	speed: 0.4391s/iter; left time: 14156.5782s
	iters: 400, epoch: 43 | loss: 0.1491021
	speed: 0.4393s/iter; left time: 14117.9575s
	iters: 500, epoch: 43 | loss: 0.1221213
	speed: 0.4392s/iter; left time: 14071.7303s
Epoch: 43 cost time: 246.11840081214905
Epoch: 43, Steps: 561 | Train Loss: 0.1294251 Vali Loss: 0.1120945 Test Loss: 0.1307878
Validation loss decreased (0.112487 --> 0.112094).  Saving model ...
Updating learning rate to 8.095202497902949e-05
	iters: 100, epoch: 44 | loss: 0.1509666
	speed: 1.1177s/iter; left time: 35630.4958s
	iters: 200, epoch: 44 | loss: 0.1253280
	speed: 0.4391s/iter; left time: 13954.2977s
	iters: 300, epoch: 44 | loss: 0.1144202
	speed: 0.4391s/iter; left time: 13911.3332s
	iters: 400, epoch: 44 | loss: 0.1242083
	speed: 0.4393s/iter; left time: 13871.9603s
	iters: 500, epoch: 44 | loss: 0.1662111
	speed: 0.4393s/iter; left time: 13828.3369s
Epoch: 44 cost time: 246.157146692276
Epoch: 44, Steps: 561 | Train Loss: 0.1291958 Vali Loss: 0.1125433 Test Loss: 0.1315862
EarlyStopping counter: 1 out of 10
Updating learning rate to 7.938651344403974e-05
	iters: 100, epoch: 45 | loss: 0.1160250
	speed: 1.1133s/iter; left time: 34866.5664s
	iters: 200, epoch: 45 | loss: 0.1513664
	speed: 0.4391s/iter; left time: 13708.2797s
	iters: 300, epoch: 45 | loss: 0.1309907
	speed: 0.4392s/iter; left time: 13665.5324s
	iters: 400, epoch: 45 | loss: 0.1234912
	speed: 0.4396s/iter; left time: 13633.9545s
	iters: 500, epoch: 45 | loss: 0.1104812
	speed: 0.4392s/iter; left time: 13579.9185s
Epoch: 45 cost time: 246.18429732322693
Epoch: 45, Steps: 561 | Train Loss: 0.1290402 Vali Loss: 0.1120105 Test Loss: 0.1308871
Validation loss decreased (0.112094 --> 0.112010).  Saving model ...
Updating learning rate to 7.777569034368179e-05
	iters: 100, epoch: 46 | loss: 0.1052917
	speed: 1.1211s/iter; left time: 34481.9171s
	iters: 200, epoch: 46 | loss: 0.1394642
	speed: 0.4395s/iter; left time: 13471.9827s
	iters: 300, epoch: 46 | loss: 0.1292279
	speed: 0.4390s/iter; left time: 13414.9266s
	iters: 400, epoch: 46 | loss: 0.1111230
	speed: 0.4390s/iter; left time: 13369.3404s
	iters: 500, epoch: 46 | loss: 0.1252435
	speed: 0.4391s/iter; left time: 13329.5236s
Epoch: 46 cost time: 246.1419439315796
Epoch: 46, Steps: 561 | Train Loss: 0.1288645 Vali Loss: 0.1123823 Test Loss: 0.1309569
EarlyStopping counter: 1 out of 10
Updating learning rate to 7.612203945042157e-05
	iters: 100, epoch: 47 | loss: 0.1387786
	speed: 1.1196s/iter; left time: 33805.8300s
	iters: 200, epoch: 47 | loss: 0.1332941
	speed: 0.4390s/iter; left time: 13211.9423s
	iters: 300, epoch: 47 | loss: 0.1451780
	speed: 0.4391s/iter; left time: 13169.7820s
	iters: 400, epoch: 47 | loss: 0.1126090
	speed: 0.4391s/iter; left time: 13125.8029s
	iters: 500, epoch: 47 | loss: 0.1149125
	speed: 0.4391s/iter; left time: 13082.2365s
Epoch: 47 cost time: 246.08186674118042
Epoch: 47, Steps: 561 | Train Loss: 0.1286133 Vali Loss: 0.1130151 Test Loss: 0.1318636
EarlyStopping counter: 2 out of 10
Updating learning rate to 7.442811057407747e-05
	iters: 100, epoch: 48 | loss: 0.1467450
	speed: 1.1186s/iter; left time: 33149.2988s
	iters: 200, epoch: 48 | loss: 0.1238547
	speed: 0.4390s/iter; left time: 12964.8790s
	iters: 300, epoch: 48 | loss: 0.1185175
	speed: 0.4390s/iter; left time: 12921.0779s
	iters: 400, epoch: 48 | loss: 0.1227433
	speed: 0.4390s/iter; left time: 12878.3856s
	iters: 500, epoch: 48 | loss: 0.1384660
	speed: 0.4391s/iter; left time: 12836.4168s
Epoch: 48 cost time: 246.061270236969
Epoch: 48, Steps: 561 | Train Loss: 0.1284670 Vali Loss: 0.1121900 Test Loss: 0.1308304
EarlyStopping counter: 3 out of 10
Updating learning rate to 7.269651563019843e-05
	iters: 100, epoch: 49 | loss: 0.1148449
	speed: 1.1151s/iter; left time: 32419.4496s
	iters: 200, epoch: 49 | loss: 0.1169607
	speed: 0.4390s/iter; left time: 12719.5741s
	iters: 300, epoch: 49 | loss: 0.1173158
	speed: 0.4393s/iter; left time: 12684.9933s
	iters: 400, epoch: 49 | loss: 0.1244765
	speed: 0.4395s/iter; left time: 12645.6598s
	iters: 500, epoch: 49 | loss: 0.1175482
	speed: 0.4394s/iter; left time: 12598.7256s
Epoch: 49 cost time: 246.19271206855774
Epoch: 49, Steps: 561 | Train Loss: 0.1282933 Vali Loss: 0.1126215 Test Loss: 0.1317469
EarlyStopping counter: 4 out of 10
Updating learning rate to 7.092992461267941e-05
	iters: 100, epoch: 50 | loss: 0.1234483
	speed: 1.1158s/iter; left time: 31813.1774s
	iters: 200, epoch: 50 | loss: 0.1391349
	speed: 0.4391s/iter; left time: 12476.1774s
	iters: 300, epoch: 50 | loss: 0.1385815
	speed: 0.4391s/iter; left time: 12431.8341s
	iters: 400, epoch: 50 | loss: 0.1353508
	speed: 0.4393s/iter; left time: 12392.6240s
	iters: 500, epoch: 50 | loss: 0.1497098
	speed: 0.4392s/iter; left time: 12347.0103s
Epoch: 50 cost time: 246.14633512496948
Epoch: 50, Steps: 561 | Train Loss: 0.1281019 Vali Loss: 0.1120553 Test Loss: 0.1315395
EarlyStopping counter: 5 out of 10
Updating learning rate to 6.913106147682434e-05
	iters: 100, epoch: 51 | loss: 0.1307627
	speed: 1.1160s/iter; left time: 31192.4742s
	iters: 200, epoch: 51 | loss: 0.1161247
	speed: 0.4391s/iter; left time: 12229.3715s
	iters: 300, epoch: 51 | loss: 0.1143746
	speed: 0.4391s/iter; left time: 12186.4413s
	iters: 400, epoch: 51 | loss: 0.1423462
	speed: 0.4391s/iter; left time: 12142.0830s
	iters: 500, epoch: 51 | loss: 0.1250864
	speed: 0.4395s/iter; left time: 12108.7655s
Epoch: 51 cost time: 246.14535284042358
Epoch: 51, Steps: 561 | Train Loss: 0.1279327 Vali Loss: 0.1114711 Test Loss: 0.1303707
Validation loss decreased (0.112010 --> 0.111471).  Saving model ...
Updating learning rate to 6.73026999392045e-05
	iters: 100, epoch: 52 | loss: 0.1148086
	speed: 1.1177s/iter; left time: 30612.7006s
	iters: 200, epoch: 52 | loss: 0.1254010
	speed: 0.4391s/iter; left time: 11983.1995s
	iters: 300, epoch: 52 | loss: 0.1236589
	speed: 0.4391s/iter; left time: 11938.0123s
	iters: 400, epoch: 52 | loss: 0.1176579
	speed: 0.4392s/iter; left time: 11897.9082s
	iters: 500, epoch: 52 | loss: 0.1121350
	speed: 0.4392s/iter; left time: 11855.0348s
Epoch: 52 cost time: 246.1241853237152
Epoch: 52, Steps: 561 | Train Loss: 0.1277174 Vali Loss: 0.1117163 Test Loss: 0.1309689
EarlyStopping counter: 1 out of 10
Updating learning rate to 6.544765920078863e-05
	iters: 100, epoch: 53 | loss: 0.1175871
	speed: 1.1148s/iter; left time: 29909.7241s
	iters: 200, epoch: 53 | loss: 0.1250419
	speed: 0.4391s/iter; left time: 11737.9053s
	iters: 300, epoch: 53 | loss: 0.1178520
	speed: 0.4391s/iter; left time: 11693.6626s
	iters: 400, epoch: 53 | loss: 0.1254815
	speed: 0.4392s/iter; left time: 11651.7219s
	iters: 500, epoch: 53 | loss: 0.1420310
	speed: 0.4392s/iter; left time: 11606.9607s
Epoch: 53 cost time: 246.14019894599915
Epoch: 53, Steps: 561 | Train Loss: 0.1275712 Vali Loss: 0.1115481 Test Loss: 0.1303109
EarlyStopping counter: 2 out of 10
Updating learning rate to 6.356879959993929e-05
	iters: 100, epoch: 54 | loss: 0.1370843
	speed: 1.1168s/iter; left time: 29335.2031s
	iters: 200, epoch: 54 | loss: 0.1213411
	speed: 0.4394s/iter; left time: 11498.9965s
	iters: 300, epoch: 54 | loss: 0.1165102
	speed: 0.4393s/iter; left time: 11450.7500s
	iters: 400, epoch: 54 | loss: 0.1315400
	speed: 0.4395s/iter; left time: 11412.4563s
	iters: 500, epoch: 54 | loss: 0.1231861
	speed: 0.4393s/iter; left time: 11362.7239s
Epoch: 54 cost time: 246.21095204353333
Epoch: 54, Steps: 561 | Train Loss: 0.1274229 Vali Loss: 0.1117776 Test Loss: 0.1304777
EarlyStopping counter: 3 out of 10
Updating learning rate to 6.166901820197859e-05
	iters: 100, epoch: 55 | loss: 0.1452115
	speed: 1.1157s/iter; left time: 28682.5683s
	iters: 200, epoch: 55 | loss: 0.1209525
	speed: 0.4391s/iter; left time: 11244.4483s
	iters: 300, epoch: 55 | loss: 0.1219523
	speed: 0.4395s/iter; left time: 11211.0376s
	iters: 400, epoch: 55 | loss: 0.1268065
	speed: 0.4392s/iter; left time: 11159.9431s
	iters: 500, epoch: 55 | loss: 0.1180010
	speed: 0.4391s/iter; left time: 11113.1201s
Epoch: 55 cost time: 246.16550612449646
Epoch: 55, Steps: 561 | Train Loss: 0.1272980 Vali Loss: 0.1115933 Test Loss: 0.1302195
EarlyStopping counter: 4 out of 10
Updating learning rate to 5.975124433212326e-05
	iters: 100, epoch: 56 | loss: 0.1171175
	speed: 1.1158s/iter; left time: 28058.7321s
	iters: 200, epoch: 56 | loss: 0.1221070
	speed: 0.4390s/iter; left time: 10996.3933s
	iters: 300, epoch: 56 | loss: 0.1189661
	speed: 0.4392s/iter; left time: 10955.9807s
	iters: 400, epoch: 56 | loss: 0.1385764
	speed: 0.4392s/iter; left time: 10911.7987s
	iters: 500, epoch: 56 | loss: 0.1188665
	speed: 0.4398s/iter; left time: 10882.7120s
Epoch: 56 cost time: 246.19436311721802
Epoch: 56, Steps: 561 | Train Loss: 0.1271711 Vali Loss: 0.1113485 Test Loss: 0.1305527
Validation loss decreased (0.111471 --> 0.111349).  Saving model ...
Updating learning rate to 5.7818435058677575e-05
	iters: 100, epoch: 57 | loss: 0.1138711
	speed: 1.1150s/iter; left time: 27413.3239s
	iters: 200, epoch: 57 | loss: 0.1041010
	speed: 0.4391s/iter; left time: 10751.8266s
	iters: 300, epoch: 57 | loss: 0.1308554
	speed: 0.4391s/iter; left time: 10706.7914s
	iters: 400, epoch: 57 | loss: 0.1241451
	speed: 0.4391s/iter; left time: 10664.0526s
	iters: 500, epoch: 57 | loss: 0.1290099
	speed: 0.4391s/iter; left time: 10620.1646s
Epoch: 57 cost time: 246.12358450889587
Epoch: 57, Steps: 561 | Train Loss: 0.1270418 Vali Loss: 0.1115780 Test Loss: 0.1314181
EarlyStopping counter: 1 out of 10
Updating learning rate to 5.587357063344838e-05
	iters: 100, epoch: 58 | loss: 0.1358789
	speed: 1.1193s/iter; left time: 26889.8233s
	iters: 200, epoch: 58 | loss: 0.1416269
	speed: 0.4390s/iter; left time: 10502.9538s
	iters: 300, epoch: 58 | loss: 0.1051661
	speed: 0.4392s/iter; left time: 10462.5661s
	iters: 400, epoch: 58 | loss: 0.1167978
	speed: 0.4391s/iter; left time: 10418.2307s
	iters: 500, epoch: 58 | loss: 0.1163880
	speed: 0.4393s/iter; left time: 10376.8642s
Epoch: 58 cost time: 246.11146759986877
Epoch: 58, Steps: 561 | Train Loss: 0.1268885 Vali Loss: 0.1113391 Test Loss: 0.1307380
Validation loss decreased (0.111349 --> 0.111339).  Saving model ...
Updating learning rate to 5.391964989641281e-05
	iters: 100, epoch: 59 | loss: 0.1135880
	speed: 1.1213s/iter; left time: 26308.5202s
	iters: 200, epoch: 59 | loss: 0.1318474
	speed: 0.4390s/iter; left time: 10257.4748s
	iters: 300, epoch: 59 | loss: 0.1307586
	speed: 0.4392s/iter; left time: 10217.6565s
	iters: 400, epoch: 59 | loss: 0.1344114
	speed: 0.4391s/iter; left time: 10171.4242s
	iters: 500, epoch: 59 | loss: 0.1494774
	speed: 0.4392s/iter; left time: 10130.3840s
Epoch: 59 cost time: 246.1302855014801
Epoch: 59, Steps: 561 | Train Loss: 0.1267242 Vali Loss: 0.1112746 Test Loss: 0.1305151
Validation loss decreased (0.111339 --> 0.111275).  Saving model ...
Updating learning rate to 5.195968565172437e-05
	iters: 100, epoch: 60 | loss: 0.1160674
	speed: 1.1155s/iter; left time: 25548.2539s
	iters: 200, epoch: 60 | loss: 0.1232941
	speed: 0.4392s/iter; left time: 10015.4833s
	iters: 300, epoch: 60 | loss: 0.1367839
	speed: 0.4392s/iter; left time: 9971.6966s
	iters: 400, epoch: 60 | loss: 0.1321703
	speed: 0.4392s/iter; left time: 9926.0731s
	iters: 500, epoch: 60 | loss: 0.1161710
	speed: 0.4391s/iter; left time: 9881.2766s
Epoch: 60 cost time: 246.147700548172
Epoch: 60, Steps: 561 | Train Loss: 0.1266056 Vali Loss: 0.1115410 Test Loss: 0.1302390
EarlyStopping counter: 1 out of 10
Updating learning rate to 4.999670002218734e-05
	iters: 100, epoch: 61 | loss: 0.1228329
	speed: 1.1177s/iter; left time: 24969.9101s
	iters: 200, epoch: 61 | loss: 0.1228654
	speed: 0.4389s/iter; left time: 9762.4922s
	iters: 300, epoch: 61 | loss: 0.1224737
	speed: 0.4391s/iter; left time: 9721.5082s
	iters: 400, epoch: 61 | loss: 0.1424555
	speed: 0.4390s/iter; left time: 9675.1284s
	iters: 500, epoch: 61 | loss: 0.1569941
	speed: 0.4391s/iter; left time: 9634.2648s
Epoch: 61 cost time: 246.0889208316803
Epoch: 61, Steps: 561 | Train Loss: 0.1264453 Vali Loss: 0.1111134 Test Loss: 0.1304000
Validation loss decreased (0.111275 --> 0.111113).  Saving model ...
Updating learning rate to 4.803371978936238e-05
	iters: 100, epoch: 62 | loss: 0.1379609
	speed: 1.1184s/iter; left time: 24359.3809s
	iters: 200, epoch: 62 | loss: 0.1526152
	speed: 0.4390s/iter; left time: 9517.6314s
	iters: 300, epoch: 62 | loss: 0.1266062
	speed: 0.4391s/iter; left time: 9476.0543s
	iters: 400, epoch: 62 | loss: 0.1407485
	speed: 0.4392s/iter; left time: 9433.4169s
	iters: 500, epoch: 62 | loss: 0.1210514
	speed: 0.4391s/iter; left time: 9388.2950s
Epoch: 62 cost time: 246.10537886619568
Epoch: 62, Steps: 561 | Train Loss: 0.1263572 Vali Loss: 0.1110373 Test Loss: 0.1301643
Validation loss decreased (0.111113 --> 0.111037).  Saving model ...
Updating learning rate to 4.607377172648893e-05
	iters: 100, epoch: 63 | loss: 0.1302571
	speed: 1.1177s/iter; left time: 23716.6921s
	iters: 200, epoch: 63 | loss: 0.1360661
	speed: 0.4390s/iter; left time: 9272.2740s
	iters: 300, epoch: 63 | loss: 0.1289900
	speed: 0.4391s/iter; left time: 9228.8167s
	iters: 400, epoch: 63 | loss: 0.1178621
	speed: 0.4394s/iter; left time: 9191.0984s
	iters: 500, epoch: 63 | loss: 0.1206732
	speed: 0.4391s/iter; left time: 9140.9669s
Epoch: 63 cost time: 246.11226892471313
Epoch: 63, Steps: 561 | Train Loss: 0.1262316 Vali Loss: 0.1113351 Test Loss: 0.1302515
EarlyStopping counter: 1 out of 10
Updating learning rate to 4.411987793142002e-05
	iters: 100, epoch: 64 | loss: 0.1221095
	speed: 1.1163s/iter; left time: 23061.2255s
	iters: 200, epoch: 64 | loss: 0.1185233
	speed: 0.4389s/iter; left time: 9023.6193s
	iters: 300, epoch: 64 | loss: 0.1413454
	speed: 0.4391s/iter; left time: 8982.5798s
	iters: 400, epoch: 64 | loss: 0.1365958
	speed: 0.4390s/iter; left time: 8937.4867s
	iters: 500, epoch: 64 | loss: 0.1285530
	speed: 0.4390s/iter; left time: 8893.9816s
Epoch: 64 cost time: 246.06210851669312
Epoch: 64, Steps: 561 | Train Loss: 0.1261458 Vali Loss: 0.1110358 Test Loss: 0.1300137
Validation loss decreased (0.111037 --> 0.111036).  Saving model ...
Updating learning rate to 4.2175051166766606e-05
	iters: 100, epoch: 65 | loss: 0.1220531
	speed: 1.1177s/iter; left time: 22461.7911s
	iters: 200, epoch: 65 | loss: 0.1173795
	speed: 0.4390s/iter; left time: 8778.5605s
	iters: 300, epoch: 65 | loss: 0.1303847
	speed: 0.4392s/iter; left time: 8739.1986s
	iters: 400, epoch: 65 | loss: 0.1106480
	speed: 0.4390s/iter; left time: 8691.0537s
	iters: 500, epoch: 65 | loss: 0.1154309
	speed: 0.4391s/iter; left time: 8648.1584s
Epoch: 65 cost time: 246.0627522468567
Epoch: 65, Steps: 561 | Train Loss: 0.1260025 Vali Loss: 0.1107662 Test Loss: 0.1303162
Validation loss decreased (0.111036 --> 0.110766).  Saving model ...
Updating learning rate to 4.024229021443595e-05
	iters: 100, epoch: 66 | loss: 0.1444325
	speed: 1.1144s/iter; left time: 21771.2666s
	iters: 200, epoch: 66 | loss: 0.1148398
	speed: 0.4389s/iter; left time: 8531.2918s
	iters: 300, epoch: 66 | loss: 0.1204020
	speed: 0.4390s/iter; left time: 8489.2413s
	iters: 400, epoch: 66 | loss: 0.1385044
	speed: 0.4393s/iter; left time: 8451.0029s
	iters: 500, epoch: 66 | loss: 0.1207066
	speed: 0.4391s/iter; left time: 8401.8096s
Epoch: 66 cost time: 246.0692400932312
Epoch: 66, Steps: 561 | Train Loss: 0.1258951 Vali Loss: 0.1111126 Test Loss: 0.1303609
EarlyStopping counter: 1 out of 10
Updating learning rate to 3.832457525172721e-05
	iters: 100, epoch: 67 | loss: 0.1204643
	speed: 1.1155s/iter; left time: 21166.7288s
	iters: 200, epoch: 67 | loss: 0.1267136
	speed: 0.4392s/iter; left time: 8289.1020s
	iters: 300, epoch: 67 | loss: 0.1300714
	speed: 0.4391s/iter; left time: 8243.6838s
	iters: 400, epoch: 67 | loss: 0.1378038
	speed: 0.4391s/iter; left time: 8201.0068s
	iters: 500, epoch: 67 | loss: 0.1324646
	speed: 0.4392s/iter; left time: 8157.5425s
Epoch: 67 cost time: 246.1238329410553
Epoch: 67, Steps: 561 | Train Loss: 0.1258360 Vali Loss: 0.1110382 Test Loss: 0.1303273
EarlyStopping counter: 2 out of 10
Updating learning rate to 3.642486325611416e-05
	iters: 100, epoch: 68 | loss: 0.1200380
	speed: 1.1175s/iter; left time: 20577.4044s
	iters: 200, epoch: 68 | loss: 0.1157675
	speed: 0.4391s/iter; left time: 8040.9633s
	iters: 300, epoch: 68 | loss: 0.1170269
	speed: 0.4391s/iter; left time: 7997.4285s
	iters: 400, epoch: 68 | loss: 0.1155566
	speed: 0.4391s/iter; left time: 7954.6413s
	iters: 500, epoch: 68 | loss: 0.1494861
	speed: 0.4392s/iter; left time: 7911.7389s
Epoch: 68 cost time: 246.09970116615295
Epoch: 68, Steps: 561 | Train Loss: 0.1256642 Vali Loss: 0.1110650 Test Loss: 0.1300031
EarlyStopping counter: 3 out of 10
Updating learning rate to 3.454608344580013e-05
	iters: 100, epoch: 69 | loss: 0.1160943
	speed: 1.1177s/iter; left time: 19953.4734s
	iters: 200, epoch: 69 | loss: 0.1218278
	speed: 0.4390s/iter; left time: 7794.2759s
	iters: 300, epoch: 69 | loss: 0.1186746
	speed: 0.4390s/iter; left time: 7749.6841s
	iters: 400, epoch: 69 | loss: 0.1593524
	speed: 0.4391s/iter; left time: 7707.1620s
	iters: 500, epoch: 69 | loss: 0.1250837
	speed: 0.4391s/iter; left time: 7663.7100s
Epoch: 69 cost time: 246.08359551429749
Epoch: 69, Steps: 561 | Train Loss: 0.1255499 Vali Loss: 0.1110038 Test Loss: 0.1302760
EarlyStopping counter: 4 out of 10
Updating learning rate to 3.269113276307597e-05
	iters: 100, epoch: 70 | loss: 0.1240150
	speed: 1.1162s/iter; left time: 19301.8147s
	iters: 200, epoch: 70 | loss: 0.1324527
	speed: 0.4389s/iter; left time: 7546.3992s
	iters: 300, epoch: 70 | loss: 0.1350041
	speed: 0.4390s/iter; left time: 7502.8677s
	iters: 400, epoch: 70 | loss: 0.1357754
	speed: 0.4391s/iter; left time: 7461.0790s
	iters: 500, epoch: 70 | loss: 0.1062742
	speed: 0.4391s/iter; left time: 7417.8373s
Epoch: 70 cost time: 246.10338306427002
Epoch: 70, Steps: 561 | Train Loss: 0.1255352 Vali Loss: 0.1109799 Test Loss: 0.1304685
EarlyStopping counter: 5 out of 10
Updating learning rate to 3.086287140744494e-05
	iters: 100, epoch: 71 | loss: 0.1182974
	speed: 1.1248s/iter; left time: 18819.7054s
	iters: 200, epoch: 71 | loss: 0.1161854
	speed: 0.4390s/iter; left time: 7301.0763s
	iters: 300, epoch: 71 | loss: 0.1387852
	speed: 0.4391s/iter; left time: 7258.9401s
	iters: 400, epoch: 71 | loss: 0.1277740
	speed: 0.4392s/iter; left time: 7215.9131s
	iters: 500, epoch: 71 | loss: 0.1409509
	speed: 0.4392s/iter; left time: 7172.6747s
Epoch: 71 cost time: 246.1094150543213
Epoch: 71, Steps: 561 | Train Loss: 0.1254563 Vali Loss: 0.1108953 Test Loss: 0.1300604
EarlyStopping counter: 6 out of 10
Updating learning rate to 2.9064118425402353e-05
	iters: 100, epoch: 72 | loss: 0.1162694
	speed: 1.1238s/iter; left time: 18172.4425s
	iters: 200, epoch: 72 | loss: 0.1174861
	speed: 0.4391s/iter; left time: 7055.8395s
	iters: 300, epoch: 72 | loss: 0.1259333
	speed: 0.4391s/iter; left time: 7012.2150s
	iters: 400, epoch: 72 | loss: 0.1109912
	speed: 0.4394s/iter; left time: 6973.2897s
	iters: 500, epoch: 72 | loss: 0.1152519
	speed: 0.4392s/iter; left time: 6926.8376s
Epoch: 72 cost time: 246.14090609550476
Epoch: 72, Steps: 561 | Train Loss: 0.1254004 Vali Loss: 0.1107526 Test Loss: 0.1302569
Validation loss decreased (0.110766 --> 0.110753).  Saving model ...
Updating learning rate to 2.729764736367036e-05
	iters: 100, epoch: 73 | loss: 0.1206655
	speed: 1.1262s/iter; left time: 17578.1146s
	iters: 200, epoch: 73 | loss: 0.1050790
	speed: 0.4390s/iter; left time: 6808.7956s
	iters: 300, epoch: 73 | loss: 0.1466335
	speed: 0.4392s/iter; left time: 6767.7030s
	iters: 400, epoch: 73 | loss: 0.1146244
	speed: 0.4392s/iter; left time: 6723.8811s
	iters: 500, epoch: 73 | loss: 0.1111475
	speed: 0.4392s/iter; left time: 6679.0538s
Epoch: 73 cost time: 246.12578129768372
Epoch: 73, Steps: 561 | Train Loss: 0.1252972 Vali Loss: 0.1108906 Test Loss: 0.1305227
EarlyStopping counter: 1 out of 10
Updating learning rate to 2.5566181992589746e-05
	iters: 100, epoch: 74 | loss: 0.1296857
	speed: 1.1168s/iter; left time: 16805.9574s
	iters: 200, epoch: 74 | loss: 0.1188864
	speed: 0.4394s/iter; left time: 6567.4937s
	iters: 300, epoch: 74 | loss: 0.1320374
	speed: 0.4392s/iter; left time: 6520.5083s
	iters: 400, epoch: 74 | loss: 0.1445143
	speed: 0.4391s/iter; left time: 6476.1353s
	iters: 500, epoch: 74 | loss: 0.1197156
	speed: 0.4392s/iter; left time: 6433.0783s
Epoch: 74 cost time: 246.14141011238098
Epoch: 74, Steps: 561 | Train Loss: 0.1251745 Vali Loss: 0.1109224 Test Loss: 0.1301618
EarlyStopping counter: 2 out of 10
Updating learning rate to 2.3872392106263583e-05
	iters: 100, epoch: 75 | loss: 0.1226480
	speed: 1.1145s/iter; left time: 16145.0829s
	iters: 200, epoch: 75 | loss: 0.1355452
	speed: 0.4391s/iter; left time: 6318.0187s
	iters: 300, epoch: 75 | loss: 0.1299653
	speed: 0.4392s/iter; left time: 6274.6740s
	iters: 400, epoch: 75 | loss: 0.1152894
	speed: 0.4391s/iter; left time: 6229.9921s
	iters: 500, epoch: 75 | loss: 0.1304520
	speed: 0.4392s/iter; left time: 6187.3537s
Epoch: 75 cost time: 246.1396677494049
Epoch: 75, Steps: 561 | Train Loss: 0.1250850 Vali Loss: 0.1105873 Test Loss: 0.1301296
Validation loss decreased (0.110753 --> 0.110587).  Saving model ...
Updating learning rate to 2.2218889405928293e-05
	iters: 100, epoch: 76 | loss: 0.1073065
	speed: 1.1188s/iter; left time: 15580.8892s
	iters: 200, epoch: 76 | loss: 0.1162167
	speed: 0.4391s/iter; left time: 6071.1977s
	iters: 300, epoch: 76 | loss: 0.1441139
	speed: 0.4391s/iter; left time: 6026.5605s
	iters: 400, epoch: 76 | loss: 0.1130748
	speed: 0.4390s/iter; left time: 5982.1707s
	iters: 500, epoch: 76 | loss: 0.1350316
	speed: 0.4763s/iter; left time: 6442.4393s
Epoch: 76 cost time: 249.82734513282776
Epoch: 76, Steps: 561 | Train Loss: 0.1250080 Vali Loss: 0.1109194 Test Loss: 0.1300920
EarlyStopping counter: 1 out of 10
Updating learning rate to 2.0608223472899484e-05
	iters: 100, epoch: 77 | loss: 0.1123960
	speed: 1.1162s/iter; left time: 14918.0504s
	iters: 200, epoch: 77 | loss: 0.1271456
	speed: 0.4390s/iter; left time: 5823.5492s
	iters: 300, epoch: 77 | loss: 0.1449582
	speed: 0.4392s/iter; left time: 5781.8224s
	iters: 400, epoch: 77 | loss: 0.1253570
	speed: 0.4391s/iter; left time: 5736.4931s
	iters: 500, epoch: 77 | loss: 0.1275512
	speed: 0.4388s/iter; left time: 5688.4240s
Epoch: 77 cost time: 246.0253083705902
Epoch: 77, Steps: 561 | Train Loss: 0.1250030 Vali Loss: 0.1104704 Test Loss: 0.1298524
Validation loss decreased (0.110587 --> 0.110470).  Saving model ...
Updating learning rate to 1.9042877837302525e-05
	iters: 100, epoch: 78 | loss: 0.1361063
	speed: 1.1252s/iter; left time: 14407.5857s
	iters: 200, epoch: 78 | loss: 0.1532438
	speed: 0.4387s/iter; left time: 5573.2325s
	iters: 300, epoch: 78 | loss: 0.1035516
	speed: 0.4389s/iter; left time: 5532.1438s
	iters: 400, epoch: 78 | loss: 0.1385954
	speed: 0.4387s/iter; left time: 5485.8849s
	iters: 500, epoch: 78 | loss: 0.1634167
	speed: 0.4389s/iter; left time: 5444.0883s
Epoch: 78 cost time: 245.93329524993896
Epoch: 78, Steps: 561 | Train Loss: 0.1248966 Vali Loss: 0.1108966 Test Loss: 0.1300611
EarlyStopping counter: 1 out of 10
Updating learning rate to 1.752526614864897e-05
	iters: 100, epoch: 79 | loss: 0.1142195
	speed: 1.1184s/iter; left time: 13691.9838s
	iters: 200, epoch: 79 | loss: 0.1227528
	speed: 0.4391s/iter; left time: 5331.8865s
	iters: 300, epoch: 79 | loss: 0.1429794
	speed: 0.4390s/iter; left time: 5286.8396s
	iters: 400, epoch: 79 | loss: 0.1143347
	speed: 0.4391s/iter; left time: 5244.6239s
	iters: 500, epoch: 79 | loss: 0.1284706
	speed: 0.4390s/iter; left time: 5198.5637s
Epoch: 79 cost time: 246.1080117225647
Epoch: 79, Steps: 561 | Train Loss: 0.1248825 Vali Loss: 0.1106784 Test Loss: 0.1301153
EarlyStopping counter: 2 out of 10
Updating learning rate to 1.6057728454164027e-05
	iters: 100, epoch: 80 | loss: 0.1220980
	speed: 1.1243s/iter; left time: 13134.4113s
	iters: 200, epoch: 80 | loss: 0.1266840
	speed: 0.4389s/iter; left time: 5083.6383s
	iters: 300, epoch: 80 | loss: 0.1019404
	speed: 0.4390s/iter; left time: 5040.3144s
	iters: 400, epoch: 80 | loss: 0.1367829
	speed: 0.4393s/iter; left time: 5000.1505s
	iters: 500, epoch: 80 | loss: 0.1210118
	speed: 0.4389s/iter; left time: 4952.1573s
Epoch: 80 cost time: 246.06018829345703
Epoch: 80, Steps: 561 | Train Loss: 0.1248257 Vali Loss: 0.1105742 Test Loss: 0.1300803
EarlyStopping counter: 3 out of 10
Updating learning rate to 1.4642527590603348e-05
	iters: 100, epoch: 81 | loss: 0.1166868
	speed: 1.1143s/iter; left time: 12392.6829s
	iters: 200, epoch: 81 | loss: 0.1151716
	speed: 0.4389s/iter; left time: 4837.4856s
	iters: 300, epoch: 81 | loss: 0.1378601
	speed: 0.4395s/iter; left time: 4799.7319s
	iters: 400, epoch: 81 | loss: 0.1281877
	speed: 0.4391s/iter; left time: 4751.1831s
	iters: 500, epoch: 81 | loss: 0.1134813
	speed: 0.4389s/iter; left time: 4705.7729s
Epoch: 81 cost time: 246.07869482040405
Epoch: 81, Steps: 561 | Train Loss: 0.1247657 Vali Loss: 0.1105925 Test Loss: 0.1299963
EarlyStopping counter: 4 out of 10
Updating learning rate to 1.3281845695122737e-05
	iters: 100, epoch: 82 | loss: 0.1178439
	speed: 1.1154s/iter; left time: 11778.4029s
	iters: 200, epoch: 82 | loss: 0.1214697
	speed: 0.4389s/iter; left time: 4590.8848s
	iters: 300, epoch: 82 | loss: 0.1178455
	speed: 0.4390s/iter; left time: 4547.8718s
	iters: 400, epoch: 82 | loss: 0.1109734
	speed: 0.4390s/iter; left time: 4504.4903s
	iters: 500, epoch: 82 | loss: 0.1053628
	speed: 0.4393s/iter; left time: 4463.6802s
Epoch: 82 cost time: 246.10375213623047
Epoch: 82, Steps: 561 | Train Loss: 0.1247000 Vali Loss: 0.1105047 Test Loss: 0.1299786
EarlyStopping counter: 5 out of 10
Updating learning rate to 1.1977780840580858e-05
	iters: 100, epoch: 83 | loss: 0.1348315
	speed: 1.1164s/iter; left time: 11162.9363s
	iters: 200, epoch: 83 | loss: 0.1223730
	speed: 0.4391s/iter; left time: 4346.5911s
	iters: 300, epoch: 83 | loss: 0.1327107
	speed: 0.4390s/iter; left time: 4301.4471s
	iters: 400, epoch: 83 | loss: 0.1210375
	speed: 0.4389s/iter; left time: 4257.1736s
	iters: 500, epoch: 83 | loss: 0.1440816
	speed: 0.4392s/iter; left time: 4215.9092s
Epoch: 83 cost time: 246.0766396522522
Epoch: 83, Steps: 561 | Train Loss: 0.1246329 Vali Loss: 0.1107426 Test Loss: 0.1300791
EarlyStopping counter: 6 out of 10
Updating learning rate to 1.0732343800462879e-05
	iters: 100, epoch: 84 | loss: 0.1178335
	speed: 1.1165s/iter; left time: 10537.4748s
	iters: 200, epoch: 84 | loss: 0.1210526
	speed: 0.4389s/iter; left time: 4098.4715s
	iters: 300, epoch: 84 | loss: 0.1500763
	speed: 0.4390s/iter; left time: 4055.8171s
	iters: 400, epoch: 84 | loss: 0.1177856
	speed: 0.4390s/iter; left time: 4011.1866s
	iters: 500, epoch: 84 | loss: 0.1207312
	speed: 0.4389s/iter; left time: 3966.9324s
Epoch: 84 cost time: 246.01612663269043
Epoch: 84, Steps: 561 | Train Loss: 0.1245825 Vali Loss: 0.1105101 Test Loss: 0.1297726
EarlyStopping counter: 7 out of 10
Updating learning rate to 9.547454948413586e-06
	iters: 100, epoch: 85 | loss: 0.1417626
	speed: 1.1150s/iter; left time: 9898.1183s
	iters: 200, epoch: 85 | loss: 0.1200379
	speed: 0.4389s/iter; left time: 3852.0935s
	iters: 300, epoch: 85 | loss: 0.1274479
	speed: 0.4389s/iter; left time: 3808.5822s
	iters: 400, epoch: 85 | loss: 0.1424267
	speed: 0.4390s/iter; left time: 3765.4739s
	iters: 500, epoch: 85 | loss: 0.1163954
	speed: 0.4390s/iter; left time: 3721.6005s
Epoch: 85 cost time: 246.02260088920593
Epoch: 85, Steps: 561 | Train Loss: 0.1245827 Vali Loss: 0.1107420 Test Loss: 0.1300926
EarlyStopping counter: 8 out of 10
Updating learning rate to 8.4249412971604e-06
	iters: 100, epoch: 86 | loss: 0.1325428
	speed: 1.1168s/iter; left time: 9287.3229s
	iters: 200, epoch: 86 | loss: 0.1175074
	speed: 0.4389s/iter; left time: 3606.2509s
	iters: 300, epoch: 86 | loss: 0.1275697
	speed: 0.4396s/iter; left time: 3567.4357s
	iters: 400, epoch: 86 | loss: 0.1180703
	speed: 0.4391s/iter; left time: 3520.0276s
	iters: 500, epoch: 86 | loss: 0.1171328
	speed: 0.4389s/iter; left time: 3474.5912s
Epoch: 86 cost time: 246.12968111038208
Epoch: 86, Steps: 561 | Train Loss: 0.1245203 Vali Loss: 0.1105244 Test Loss: 0.1300163
EarlyStopping counter: 9 out of 10
Updating learning rate to 7.366533681392112e-06
	iters: 100, epoch: 87 | loss: 0.1255288
	speed: 1.1159s/iter; left time: 8653.6750s
	iters: 200, epoch: 87 | loss: 0.1169552
	speed: 0.4390s/iter; left time: 3360.7502s
	iters: 300, epoch: 87 | loss: 0.1122661
	speed: 0.4389s/iter; left time: 3316.0318s
	iters: 400, epoch: 87 | loss: 0.1405485
	speed: 0.4390s/iter; left time: 3273.0091s
	iters: 500, epoch: 87 | loss: 0.1226834
	speed: 0.4390s/iter; left time: 3229.0783s
Epoch: 87 cost time: 246.05089044570923
Epoch: 87, Steps: 561 | Train Loss: 0.1244096 Vali Loss: 0.1106433 Test Loss: 0.1300052
EarlyStopping counter: 10 out of 10
Early stopping
>>>>>>>testing : Flatten_electricity_336_96_PatchTST_custom_ftM_sl336_ll48_pl96_dm128_nh16_el3_dl1_df256_fc1_ebtimeF_dtTrue_Exp_0<<<<<<<<<<<<<<<<<<<<<<<<<<<<<<<<<
test 5165
mse:0.2190263420343399, mae:0.2995777428150177, rse:0.4652656018733978
Args in experiment:
Namespace(random_seed=2021, is_training=1, model_id='Flatten_electricity_336_192', model='PatchTST', data='custom', root_path='./dataset/', data_path='electricity.csv', features='M', target='OT', freq='h', checkpoints='./checkpoints/', seq_len=336, label_len=48, pred_len=192, head_type='flatten', fc_dropout=0.2, head_dropout=0.0, patch_len=16, stride=8, padding_patch='end', revin=1, affine=0, subtract_last=0, decomposition=0, kernel_size=25, individual=0, embed_type=0, enc_in=321, dec_in=7, c_out=7, d_model=128, n_heads=16, e_layers=3, d_layers=1, d_ff=256, moving_avg=25, factor=1, distil=True, dropout=0.2, embed='timeF', activation='gelu', output_attention=False, do_predict=False, num_workers=0, itr=1, train_epochs=100, batch_size=32, patience=10, learning_rate=0.0001, des='Exp', loss='mse', lradj='TST', pct_start=0.2, use_amp=False, use_gpu=True, gpu=0, use_multi_gpu=False, devices='0,1,2,3', test_flop=False)
Use GPU: cuda:0
>>>>>>>start training : Flatten_electricity_336_192_PatchTST_custom_ftM_sl336_ll48_pl192_dm128_nh16_el3_dl1_df256_fc1_ebtimeF_dtTrue_Exp_0>>>>>>>>>>>>>>>>>>>>>>>>>>
train 17885
val 2441
test 5069
	iters: 100, epoch: 1 | loss: 0.4577714
	speed: 0.5046s/iter; left time: 28104.8896s
	iters: 200, epoch: 1 | loss: 0.3473082
	speed: 0.4423s/iter; left time: 24593.0836s
	iters: 300, epoch: 1 | loss: 0.3264455
	speed: 0.4430s/iter; left time: 24586.3097s
	iters: 400, epoch: 1 | loss: 0.2908739
	speed: 0.4435s/iter; left time: 24571.2041s
	iters: 500, epoch: 1 | loss: 0.2912829
	speed: 0.4441s/iter; left time: 24557.1153s
Epoch: 1 cost time: 248.47136974334717
Epoch: 1, Steps: 558 | Train Loss: 0.4077314 Vali Loss: 0.1935918 Test Loss: 0.2173088
Validation loss decreased (inf --> 0.193592).  Saving model ...
Updating learning rate to 4.5910653544975e-06
	iters: 100, epoch: 2 | loss: 0.2705771
	speed: 1.1269s/iter; left time: 62142.0228s
	iters: 200, epoch: 2 | loss: 0.2582803
	speed: 0.4436s/iter; left time: 24418.8620s
	iters: 300, epoch: 2 | loss: 0.2365101
	speed: 0.4436s/iter; left time: 24373.5659s
	iters: 400, epoch: 2 | loss: 0.2489913
	speed: 0.4437s/iter; left time: 24332.6384s
	iters: 500, epoch: 2 | loss: 0.2273018
	speed: 0.4437s/iter; left time: 24290.5525s
Epoch: 2 cost time: 247.3574550151825
Epoch: 2, Steps: 558 | Train Loss: 0.2516630 Vali Loss: 0.1612996 Test Loss: 0.1840873
Validation loss decreased (0.193592 --> 0.161300).  Saving model ...
Updating learning rate to 6.34970482410307e-06
	iters: 100, epoch: 3 | loss: 0.2239686
	speed: 1.1216s/iter; left time: 61222.9550s
	iters: 200, epoch: 3 | loss: 0.2161809
	speed: 0.4437s/iter; left time: 24176.2459s
	iters: 300, epoch: 3 | loss: 0.2382088
	speed: 0.4437s/iter; left time: 24130.0054s
	iters: 400, epoch: 3 | loss: 0.2022349
	speed: 0.4437s/iter; left time: 24086.4354s
	iters: 500, epoch: 3 | loss: 0.2133636
	speed: 0.4437s/iter; left time: 24041.3588s
Epoch: 3 cost time: 247.3761248588562
Epoch: 3, Steps: 558 | Train Loss: 0.2131263 Vali Loss: 0.1475748 Test Loss: 0.1698952
Validation loss decreased (0.161300 --> 0.147575).  Saving model ...
Updating learning rate to 9.232607122919344e-06
	iters: 100, epoch: 4 | loss: 0.1949939
	speed: 1.1234s/iter; left time: 60693.9444s
	iters: 200, epoch: 4 | loss: 0.2019113
	speed: 0.4436s/iter; left time: 23924.2457s
	iters: 300, epoch: 4 | loss: 0.1967965
	speed: 0.4437s/iter; left time: 23881.1019s
	iters: 400, epoch: 4 | loss: 0.1901817
	speed: 0.4438s/iter; left time: 23845.2670s
	iters: 500, epoch: 4 | loss: 0.1916762
	speed: 0.4437s/iter; left time: 23791.8814s
Epoch: 4 cost time: 247.3865463733673
Epoch: 4, Steps: 558 | Train Loss: 0.1944592 Vali Loss: 0.1414113 Test Loss: 0.1635613
Validation loss decreased (0.147575 --> 0.141411).  Saving model ...
Updating learning rate to 1.3168772931395015e-05
	iters: 100, epoch: 5 | loss: 0.1749360
	speed: 1.1272s/iter; left time: 60271.7420s
	iters: 200, epoch: 5 | loss: 0.2132547
	speed: 0.4436s/iter; left time: 23675.0403s
	iters: 300, epoch: 5 | loss: 0.1976680
	speed: 0.4438s/iter; left time: 23642.7948s
	iters: 400, epoch: 5 | loss: 0.1799976
	speed: 0.4437s/iter; left time: 23591.1433s
	iters: 500, epoch: 5 | loss: 0.1612064
	speed: 0.4438s/iter; left time: 23550.2480s
Epoch: 5 cost time: 247.42137455940247
Epoch: 5, Steps: 558 | Train Loss: 0.1850253 Vali Loss: 0.1385232 Test Loss: 0.1603137
Validation loss decreased (0.141411 --> 0.138523).  Saving model ...
Updating learning rate to 1.8061263447907304e-05
	iters: 100, epoch: 6 | loss: 0.1762159
	speed: 1.1222s/iter; left time: 59377.7315s
	iters: 200, epoch: 6 | loss: 0.1586882
	speed: 0.4436s/iter; left time: 23428.0503s
	iters: 300, epoch: 6 | loss: 0.1744877
	speed: 0.4437s/iter; left time: 23388.9983s
	iters: 400, epoch: 6 | loss: 0.1748435
	speed: 0.4438s/iter; left time: 23349.0186s
	iters: 500, epoch: 6 | loss: 0.1702277
	speed: 0.4441s/iter; left time: 23318.4953s
Epoch: 6 cost time: 247.40559220314026
Epoch: 6, Steps: 558 | Train Loss: 0.1793238 Vali Loss: 0.1364065 Test Loss: 0.1582182
Validation loss decreased (0.138523 --> 0.136406).  Saving model ...
Updating learning rate to 2.3789587770726254e-05
	iters: 100, epoch: 7 | loss: 0.1782870
	speed: 1.1193s/iter; left time: 58598.1394s
	iters: 200, epoch: 7 | loss: 0.1469284
	speed: 0.4436s/iter; left time: 23179.6267s
	iters: 300, epoch: 7 | loss: 0.1627082
	speed: 0.4437s/iter; left time: 23138.2661s
	iters: 400, epoch: 7 | loss: 0.1644536
	speed: 0.4437s/iter; left time: 23097.2852s
	iters: 500, epoch: 7 | loss: 0.1763205
	speed: 0.4437s/iter; left time: 23053.4355s
Epoch: 7 cost time: 247.39248752593994
Epoch: 7, Steps: 558 | Train Loss: 0.1753015 Vali Loss: 0.1352886 Test Loss: 0.1573088
Validation loss decreased (0.136406 --> 0.135289).  Saving model ...
Updating learning rate to 3.021267031457922e-05
	iters: 100, epoch: 8 | loss: 0.1835110
	speed: 1.1203s/iter; left time: 58024.8267s
	iters: 200, epoch: 8 | loss: 0.1680747
	speed: 0.4436s/iter; left time: 22933.8144s
	iters: 300, epoch: 8 | loss: 0.1603165
	speed: 0.4437s/iter; left time: 22892.2365s
	iters: 400, epoch: 8 | loss: 0.1686680
	speed: 0.4437s/iter; left time: 22848.0418s
	iters: 500, epoch: 8 | loss: 0.1953893
	speed: 0.4438s/iter; left time: 22807.8146s
Epoch: 8 cost time: 247.3572223186493
Epoch: 8, Steps: 558 | Train Loss: 0.1724002 Vali Loss: 0.1350816 Test Loss: 0.1573667
Validation loss decreased (0.135289 --> 0.135082).  Saving model ...
Updating learning rate to 3.7172325181101666e-05
	iters: 100, epoch: 9 | loss: 0.1532096
	speed: 1.1240s/iter; left time: 57589.4054s
	iters: 200, epoch: 9 | loss: 0.1888767
	speed: 0.4437s/iter; left time: 22687.7875s
	iters: 300, epoch: 9 | loss: 0.1648056
	speed: 0.4438s/iter; left time: 22651.2338s
	iters: 400, epoch: 9 | loss: 0.1770805
	speed: 0.4440s/iter; left time: 22613.6906s
	iters: 500, epoch: 9 | loss: 0.1721983
	speed: 0.4437s/iter; left time: 22558.5816s
Epoch: 9 cost time: 247.44196891784668
Epoch: 9, Steps: 558 | Train Loss: 0.1700871 Vali Loss: 0.1330840 Test Loss: 0.1552530
Validation loss decreased (0.135082 --> 0.133084).  Saving model ...
Updating learning rate to 4.449715191734102e-05
	iters: 100, epoch: 10 | loss: 0.1819687
	speed: 1.1260s/iter; left time: 57065.7112s
	iters: 200, epoch: 10 | loss: 0.1562538
	speed: 0.4437s/iter; left time: 22443.9561s
	iters: 300, epoch: 10 | loss: 0.1598370
	speed: 0.4440s/iter; left time: 22412.5397s
	iters: 400, epoch: 10 | loss: 0.1787602
	speed: 0.4438s/iter; left time: 22358.8188s
	iters: 500, epoch: 10 | loss: 0.1697344
	speed: 0.4442s/iter; left time: 22335.0589s
Epoch: 10 cost time: 247.43961119651794
Epoch: 10, Steps: 558 | Train Loss: 0.1678232 Vali Loss: 0.1348366 Test Loss: 0.1569927
EarlyStopping counter: 1 out of 10
Updating learning rate to 5.2006756718651956e-05
	iters: 100, epoch: 11 | loss: 0.1573660
	speed: 1.1235s/iter; left time: 56308.7836s
	iters: 200, epoch: 11 | loss: 0.1864040
	speed: 0.4436s/iter; left time: 22191.4010s
	iters: 300, epoch: 11 | loss: 0.1691179
	speed: 0.4437s/iter; left time: 22150.3508s
	iters: 400, epoch: 11 | loss: 0.1594056
	speed: 0.4438s/iter; left time: 22110.3102s
	iters: 500, epoch: 11 | loss: 0.1840531
	speed: 0.4437s/iter; left time: 22063.6168s
Epoch: 11 cost time: 247.38191318511963
Epoch: 11, Steps: 558 | Train Loss: 0.1657992 Vali Loss: 0.1323825 Test Loss: 0.1544108
Validation loss decreased (0.133084 --> 0.132382).  Saving model ...
Updating learning rate to 5.9516195117366834e-05
	iters: 100, epoch: 12 | loss: 0.1604046
	speed: 1.1184s/iter; left time: 55431.4301s
	iters: 200, epoch: 12 | loss: 0.1571680
	speed: 0.4437s/iter; left time: 21947.0491s
	iters: 300, epoch: 12 | loss: 0.1553559
	speed: 0.4436s/iter; left time: 21899.5089s
	iters: 400, epoch: 12 | loss: 0.1828158
	speed: 0.4439s/iter; left time: 21865.4312s
	iters: 500, epoch: 12 | loss: 0.1608170
	speed: 0.4439s/iter; left time: 21822.8488s
Epoch: 12 cost time: 247.37395358085632
Epoch: 12, Steps: 558 | Train Loss: 0.1641990 Vali Loss: 0.1322008 Test Loss: 0.1538973
Validation loss decreased (0.132382 --> 0.132201).  Saving model ...
Updating learning rate to 6.68405267439351e-05
	iters: 100, epoch: 13 | loss: 0.1583944
	speed: 1.1204s/iter; left time: 54903.0394s
	iters: 200, epoch: 13 | loss: 0.1436884
	speed: 0.4437s/iter; left time: 21697.1316s
	iters: 300, epoch: 13 | loss: 0.1536509
	speed: 0.4438s/iter; left time: 21657.6110s
	iters: 400, epoch: 13 | loss: 0.1641698
	speed: 0.4439s/iter; left time: 21620.8539s
	iters: 500, epoch: 13 | loss: 0.1638007
	speed: 0.4441s/iter; left time: 21585.3437s
Epoch: 13 cost time: 247.44945573806763
Epoch: 13, Steps: 558 | Train Loss: 0.1623041 Vali Loss: 0.1322372 Test Loss: 0.1536162
EarlyStopping counter: 1 out of 10
Updating learning rate to 7.379936998713528e-05
	iters: 100, epoch: 14 | loss: 0.1504676
	speed: 1.1247s/iter; left time: 54487.4319s
	iters: 200, epoch: 14 | loss: 0.1402231
	speed: 0.4437s/iter; left time: 21453.4511s
	iters: 300, epoch: 14 | loss: 0.1561738
	speed: 0.4436s/iter; left time: 21404.6474s
	iters: 400, epoch: 14 | loss: 0.1535575
	speed: 0.4439s/iter; left time: 21371.6631s
	iters: 500, epoch: 14 | loss: 0.1579923
	speed: 0.4439s/iter; left time: 21329.6016s
Epoch: 14 cost time: 247.40197443962097
Epoch: 14, Steps: 558 | Train Loss: 0.1610864 Vali Loss: 0.1312040 Test Loss: 0.1527447
Validation loss decreased (0.132201 --> 0.131204).  Saving model ...
Updating learning rate to 8.022134438244928e-05
	iters: 100, epoch: 15 | loss: 0.1530476
	speed: 1.1277s/iter; left time: 54004.0177s
	iters: 200, epoch: 15 | loss: 0.1286398
	speed: 0.4436s/iter; left time: 21201.4227s
	iters: 300, epoch: 15 | loss: 0.1655737
	speed: 0.4437s/iter; left time: 21161.8545s
	iters: 400, epoch: 15 | loss: 0.1850854
	speed: 0.4441s/iter; left time: 21132.2374s
	iters: 500, epoch: 15 | loss: 0.1652252
	speed: 0.4438s/iter; left time: 21077.8695s
Epoch: 15 cost time: 247.43487548828125
Epoch: 15, Steps: 558 | Train Loss: 0.1600055 Vali Loss: 0.1318117 Test Loss: 0.1530274
EarlyStopping counter: 1 out of 10
Updating learning rate to 8.594829132268792e-05
	iters: 100, epoch: 16 | loss: 0.1815537
	speed: 1.1240s/iter; left time: 53200.3327s
	iters: 200, epoch: 16 | loss: 0.1678901
	speed: 0.4438s/iter; left time: 20963.3787s
	iters: 300, epoch: 16 | loss: 0.1510941
	speed: 0.4438s/iter; left time: 20915.1688s
	iters: 400, epoch: 16 | loss: 0.1833007
	speed: 0.4439s/iter; left time: 20874.8898s
	iters: 500, epoch: 16 | loss: 0.1438498
	speed: 0.4438s/iter; left time: 20829.5349s
Epoch: 16 cost time: 247.4273555278778
Epoch: 16, Steps: 558 | Train Loss: 0.1587998 Vali Loss: 0.1319456 Test Loss: 0.1533025
EarlyStopping counter: 2 out of 10
Updating learning rate to 9.083916914437535e-05
	iters: 100, epoch: 17 | loss: 0.1577787
	speed: 1.1306s/iter; left time: 52882.4178s
	iters: 200, epoch: 17 | loss: 0.1632188
	speed: 0.4437s/iter; left time: 20709.5579s
	iters: 300, epoch: 17 | loss: 0.1826788
	speed: 0.4438s/iter; left time: 20669.3050s
	iters: 400, epoch: 17 | loss: 0.1497031
	speed: 0.4440s/iter; left time: 20631.7632s
	iters: 500, epoch: 17 | loss: 0.1569561
	speed: 0.4438s/iter; left time: 20579.6042s
Epoch: 17 cost time: 247.44902920722961
Epoch: 17, Steps: 558 | Train Loss: 0.1579898 Vali Loss: 0.1311380 Test Loss: 0.1528386
Validation loss decreased (0.131204 --> 0.131138).  Saving model ...
Updating learning rate to 9.477352666278324e-05
	iters: 100, epoch: 18 | loss: 0.1451998
	speed: 1.1293s/iter; left time: 52190.0066s
	iters: 200, epoch: 18 | loss: 0.1712881
	speed: 0.4437s/iter; left time: 20460.7430s
	iters: 300, epoch: 18 | loss: 0.1534433
	speed: 0.4437s/iter; left time: 20414.9556s
	iters: 400, epoch: 18 | loss: 0.1581786
	speed: 0.4437s/iter; left time: 20374.7124s
	iters: 500, epoch: 18 | loss: 0.1929907
	speed: 0.4437s/iter; left time: 20330.3762s
Epoch: 18 cost time: 247.3637499809265
Epoch: 18, Steps: 558 | Train Loss: 0.1572419 Vali Loss: 0.1315240 Test Loss: 0.1531442
EarlyStopping counter: 1 out of 10
Updating learning rate to 9.765446961035586e-05
	iters: 100, epoch: 19 | loss: 0.1467087
	speed: 1.1176s/iter; left time: 51025.8539s
	iters: 200, epoch: 19 | loss: 0.1574485
	speed: 0.4440s/iter; left time: 20228.6982s
	iters: 300, epoch: 19 | loss: 0.1350661
	speed: 0.4438s/iter; left time: 20172.9973s
	iters: 400, epoch: 19 | loss: 0.1771967
	speed: 0.4437s/iter; left time: 20125.8264s
	iters: 500, epoch: 19 | loss: 0.1606002
	speed: 0.4439s/iter; left time: 20088.4733s
Epoch: 19 cost time: 247.42364048957825
Epoch: 19, Steps: 558 | Train Loss: 0.1564400 Vali Loss: 0.1318217 Test Loss: 0.1540758
EarlyStopping counter: 2 out of 10
Updating learning rate to 9.941104692190178e-05
	iters: 100, epoch: 20 | loss: 0.1563484
	speed: 1.1197s/iter; left time: 50499.1561s
	iters: 200, epoch: 20 | loss: 0.1665616
	speed: 0.4438s/iter; left time: 19968.3347s
	iters: 300, epoch: 20 | loss: 0.1611798
	speed: 0.4437s/iter; left time: 19921.1097s
	iters: 400, epoch: 20 | loss: 0.1561676
	speed: 0.4438s/iter; left time: 19881.3754s
	iters: 500, epoch: 20 | loss: 0.1633706
	speed: 0.4438s/iter; left time: 19839.2902s
Epoch: 20 cost time: 247.37406396865845
Epoch: 20, Steps: 558 | Train Loss: 0.1556717 Vali Loss: 0.1301383 Test Loss: 0.1510990
Validation loss decreased (0.131138 --> 0.130138).  Saving model ...
Updating learning rate to 9.999999987618034e-05
	iters: 100, epoch: 21 | loss: 0.1468663
	speed: 1.1208s/iter; left time: 49920.1043s
	iters: 200, epoch: 21 | loss: 0.1354991
	speed: 0.4437s/iter; left time: 19716.6640s
	iters: 300, epoch: 21 | loss: 0.1532863
	speed: 0.4442s/iter; left time: 19695.8515s
	iters: 400, epoch: 21 | loss: 0.1394866
	speed: 0.4439s/iter; left time: 19639.2906s
	iters: 500, epoch: 21 | loss: 0.1428944
	speed: 0.4438s/iter; left time: 19589.3964s
Epoch: 21 cost time: 247.48583912849426
Epoch: 21, Steps: 558 | Train Loss: 0.1549950 Vali Loss: 0.1306407 Test Loss: 0.1514593
EarlyStopping counter: 1 out of 10
Updating learning rate to 9.996131369526531e-05
	iters: 100, epoch: 22 | loss: 0.1395303
	speed: 1.1245s/iter; left time: 49459.5689s
	iters: 200, epoch: 22 | loss: 0.1510008
	speed: 0.4436s/iter; left time: 19465.9482s
	iters: 300, epoch: 22 | loss: 0.1317075
	speed: 0.4437s/iter; left time: 19426.9407s
	iters: 400, epoch: 22 | loss: 0.1556228
	speed: 0.4438s/iter; left time: 19387.6273s
	iters: 500, epoch: 22 | loss: 0.1863717
	speed: 0.4438s/iter; left time: 19343.7368s
Epoch: 22 cost time: 247.422700881958
Epoch: 22, Steps: 558 | Train Loss: 0.1542924 Vali Loss: 0.1297385 Test Loss: 0.1505532
Validation loss decreased (0.130138 --> 0.129739).  Saving model ...
Updating learning rate to 9.984559109828595e-05
	iters: 100, epoch: 23 | loss: 0.1560279
	speed: 1.1246s/iter; left time: 48837.0583s
	iters: 200, epoch: 23 | loss: 0.1398167
	speed: 0.4437s/iter; left time: 19222.0703s
	iters: 300, epoch: 23 | loss: 0.1563666
	speed: 0.4438s/iter; left time: 19182.4539s
	iters: 400, epoch: 23 | loss: 0.1659704
	speed: 0.4438s/iter; left time: 19138.7744s
	iters: 500, epoch: 23 | loss: 0.1920737
	speed: 0.4438s/iter; left time: 19095.5530s
Epoch: 23 cost time: 247.41966485977173
Epoch: 23, Steps: 558 | Train Loss: 0.1535141 Vali Loss: 0.1298335 Test Loss: 0.1511283
EarlyStopping counter: 1 out of 10
Updating learning rate to 9.965301052109906e-05
	iters: 100, epoch: 24 | loss: 0.1612627
	speed: 1.1250s/iter; left time: 48225.8845s
	iters: 200, epoch: 24 | loss: 0.1531977
	speed: 0.4437s/iter; left time: 18975.8853s
	iters: 300, epoch: 24 | loss: 0.1494266
	speed: 0.4438s/iter; left time: 18935.1608s
	iters: 400, epoch: 24 | loss: 0.1542405
	speed: 0.4439s/iter; left time: 18894.8196s
	iters: 500, epoch: 24 | loss: 0.1387046
	speed: 0.4438s/iter; left time: 18846.1239s
Epoch: 24 cost time: 247.40488123893738
Epoch: 24, Steps: 558 | Train Loss: 0.1528787 Vali Loss: 0.1304059 Test Loss: 0.1508356
EarlyStopping counter: 2 out of 10
Updating learning rate to 9.938386890899613e-05
	iters: 100, epoch: 25 | loss: 0.1907963
	speed: 1.1291s/iter; left time: 47769.2500s
	iters: 200, epoch: 25 | loss: 0.1524245
	speed: 0.4438s/iter; left time: 18732.6336s
	iters: 300, epoch: 25 | loss: 0.1493077
	speed: 0.4438s/iter; left time: 18687.9232s
	iters: 400, epoch: 25 | loss: 0.1514002
	speed: 0.4438s/iter; left time: 18643.6148s
	iters: 500, epoch: 25 | loss: 0.1483254
	speed: 0.4438s/iter; left time: 18600.8909s
Epoch: 25 cost time: 247.3899531364441
Epoch: 25, Steps: 558 | Train Loss: 0.1523882 Vali Loss: 0.1293633 Test Loss: 0.1507402
Validation loss decreased (0.129739 --> 0.129363).  Saving model ...
Updating learning rate to 9.903858125883524e-05
	iters: 100, epoch: 26 | loss: 0.1411263
	speed: 1.1239s/iter; left time: 46923.5185s
	iters: 200, epoch: 26 | loss: 0.1426875
	speed: 0.4436s/iter; left time: 18475.0326s
	iters: 300, epoch: 26 | loss: 0.1532319
	speed: 0.4435s/iter; left time: 18428.9251s
	iters: 400, epoch: 26 | loss: 0.1311421
	speed: 0.4436s/iter; left time: 18389.0438s
	iters: 500, epoch: 26 | loss: 0.1490125
	speed: 0.4437s/iter; left time: 18346.3662s
Epoch: 26 cost time: 247.27768921852112
Epoch: 26, Steps: 558 | Train Loss: 0.1519320 Vali Loss: 0.1300001 Test Loss: 0.1513331
EarlyStopping counter: 1 out of 10
Updating learning rate to 9.861767997914602e-05
	iters: 100, epoch: 27 | loss: 0.1567067
	speed: 1.1235s/iter; left time: 46281.0499s
	iters: 200, epoch: 27 | loss: 0.1554174
	speed: 0.4435s/iter; left time: 18226.5433s
	iters: 300, epoch: 27 | loss: 0.1582570
	speed: 0.4436s/iter; left time: 18184.2037s
	iters: 400, epoch: 27 | loss: 0.1666981
	speed: 0.4437s/iter; left time: 18143.9554s
	iters: 500, epoch: 27 | loss: 0.1428756
	speed: 0.4436s/iter; left time: 18096.1924s
Epoch: 27 cost time: 247.33346343040466
Epoch: 27, Steps: 558 | Train Loss: 0.1513139 Vali Loss: 0.1289780 Test Loss: 0.1490085
Validation loss decreased (0.129363 --> 0.128978).  Saving model ...
Updating learning rate to 9.812181406919418e-05
	iters: 100, epoch: 28 | loss: 0.1378414
	speed: 1.1217s/iter; left time: 45578.3370s
	iters: 200, epoch: 28 | loss: 0.1392385
	speed: 0.4436s/iter; left time: 17980.6842s
	iters: 300, epoch: 28 | loss: 0.1328810
	speed: 0.4436s/iter; left time: 17935.8678s
	iters: 400, epoch: 28 | loss: 0.1563165
	speed: 0.4439s/iter; left time: 17902.7265s
	iters: 500, epoch: 28 | loss: 0.1397968
	speed: 0.4440s/iter; left time: 17864.4346s
Epoch: 28 cost time: 247.34872436523438
Epoch: 28, Steps: 558 | Train Loss: 0.1508057 Vali Loss: 0.1302189 Test Loss: 0.1511477
EarlyStopping counter: 1 out of 10
Updating learning rate to 9.755174811827183e-05
	iters: 100, epoch: 29 | loss: 0.1439049
	speed: 1.1184s/iter; left time: 44821.2223s
	iters: 200, epoch: 29 | loss: 0.1564582
	speed: 0.4437s/iter; left time: 17737.7739s
	iters: 300, epoch: 29 | loss: 0.1484807
	speed: 0.4438s/iter; left time: 17696.2434s
	iters: 400, epoch: 29 | loss: 0.1414723
	speed: 0.4442s/iter; left time: 17669.6769s
	iters: 500, epoch: 29 | loss: 0.1451540
	speed: 0.4442s/iter; left time: 17623.6852s
Epoch: 29 cost time: 247.5297782421112
Epoch: 29, Steps: 558 | Train Loss: 0.1504165 Vali Loss: 0.1288076 Test Loss: 0.1497283
Validation loss decreased (0.128978 --> 0.128808).  Saving model ...
Updating learning rate to 9.690836112675605e-05
	iters: 100, epoch: 30 | loss: 0.1409862
	speed: 1.1259s/iter; left time: 44492.4981s
	iters: 200, epoch: 30 | loss: 0.1462549
	speed: 0.4442s/iter; left time: 17511.3956s
	iters: 300, epoch: 30 | loss: 0.1412435
	speed: 0.4442s/iter; left time: 17463.9931s
	iters: 400, epoch: 30 | loss: 0.1430555
	speed: 0.4442s/iter; left time: 17421.9114s
	iters: 500, epoch: 30 | loss: 0.1385535
	speed: 0.4442s/iter; left time: 17377.1236s
Epoch: 30 cost time: 247.6690318584442
Epoch: 30, Steps: 558 | Train Loss: 0.1499104 Vali Loss: 0.1285356 Test Loss: 0.1504119
Validation loss decreased (0.128808 --> 0.128536).  Saving model ...
Updating learning rate to 9.619264515075417e-05
	iters: 100, epoch: 31 | loss: 0.1378034
	speed: 1.1260s/iter; left time: 43871.0125s
	iters: 200, epoch: 31 | loss: 0.1701299
	speed: 0.4441s/iter; left time: 17257.5968s
	iters: 300, epoch: 31 | loss: 0.1375019
	speed: 0.4441s/iter; left time: 17215.3388s
	iters: 400, epoch: 31 | loss: 0.1702813
	speed: 0.4442s/iter; left time: 17172.3166s
	iters: 500, epoch: 31 | loss: 0.1433253
	speed: 0.4442s/iter; left time: 17129.3248s
Epoch: 31 cost time: 247.61823415756226
Epoch: 31, Steps: 558 | Train Loss: 0.1494211 Vali Loss: 0.1275390 Test Loss: 0.1486185
Validation loss decreased (0.128536 --> 0.127539).  Saving model ...
Updating learning rate to 9.5405703772425e-05
	iters: 100, epoch: 32 | loss: 0.1520563
	speed: 1.1208s/iter; left time: 43043.4107s
	iters: 200, epoch: 32 | loss: 0.1394369
	speed: 0.4437s/iter; left time: 16993.2391s
	iters: 300, epoch: 32 | loss: 0.1417261
	speed: 0.4437s/iter; left time: 16951.4679s
	iters: 400, epoch: 32 | loss: 0.1466844
	speed: 0.4438s/iter; left time: 16909.6435s
	iters: 500, epoch: 32 | loss: 0.1312935
	speed: 0.4438s/iter; left time: 16866.5020s
Epoch: 32 cost time: 247.38262104988098
Epoch: 32, Steps: 558 | Train Loss: 0.1490660 Vali Loss: 0.1279342 Test Loss: 0.1484986
EarlyStopping counter: 1 out of 10
Updating learning rate to 9.454875039833535e-05
	iters: 100, epoch: 33 | loss: 0.1716966
	speed: 1.1190s/iter; left time: 42348.1888s
	iters: 200, epoch: 33 | loss: 0.1570169
	speed: 0.4439s/iter; left time: 16754.5757s
	iters: 300, epoch: 33 | loss: 0.1481856
	speed: 0.4438s/iter; left time: 16707.4919s
	iters: 400, epoch: 33 | loss: 0.1440456
	speed: 0.4440s/iter; left time: 16668.8582s
	iters: 500, epoch: 33 | loss: 0.1490083
	speed: 0.4439s/iter; left time: 16620.2881s
Epoch: 33 cost time: 247.42809391021729
Epoch: 33, Steps: 558 | Train Loss: 0.1487260 Vali Loss: 0.1276090 Test Loss: 0.1491199
EarlyStopping counter: 2 out of 10
Updating learning rate to 9.362310638847482e-05
	iters: 100, epoch: 34 | loss: 0.1480892
	speed: 1.1307s/iter; left time: 42161.9042s
	iters: 200, epoch: 34 | loss: 0.1348950
	speed: 0.4437s/iter; left time: 16499.7218s
	iters: 300, epoch: 34 | loss: 0.1435068
	speed: 0.4438s/iter; left time: 16459.2353s
	iters: 400, epoch: 34 | loss: 0.1428064
	speed: 0.4438s/iter; left time: 16415.7256s
	iters: 500, epoch: 34 | loss: 0.1646222
	speed: 0.4439s/iter; left time: 16372.9701s
Epoch: 34 cost time: 247.43227100372314
Epoch: 34, Steps: 558 | Train Loss: 0.1483558 Vali Loss: 0.1277472 Test Loss: 0.1486702
EarlyStopping counter: 3 out of 10
Updating learning rate to 9.263019901881457e-05
	iters: 100, epoch: 35 | loss: 0.1393189
	speed: 1.1290s/iter; left time: 41467.0261s
	iters: 200, epoch: 35 | loss: 0.1420546
	speed: 0.4437s/iter; left time: 16250.4813s
	iters: 300, epoch: 35 | loss: 0.1518181
	speed: 0.4438s/iter; left time: 16211.7955s
	iters: 400, epoch: 35 | loss: 0.1652024
	speed: 0.4441s/iter; left time: 16177.8973s
	iters: 500, epoch: 35 | loss: 0.1581109
	speed: 0.4438s/iter; left time: 16123.5554s
Epoch: 35 cost time: 247.47128820419312
Epoch: 35, Steps: 558 | Train Loss: 0.1480312 Vali Loss: 0.1281740 Test Loss: 0.1490480
EarlyStopping counter: 4 out of 10
Updating learning rate to 9.157155928055127e-05
	iters: 100, epoch: 36 | loss: 0.1719782
	speed: 1.1319s/iter; left time: 40940.4824s
	iters: 200, epoch: 36 | loss: 0.1319962
	speed: 0.4438s/iter; left time: 16008.1892s
	iters: 300, epoch: 36 | loss: 0.1662450
	speed: 0.4440s/iter; left time: 15969.4061s
	iters: 400, epoch: 36 | loss: 0.1478049
	speed: 0.4439s/iter; left time: 15921.6915s
	iters: 500, epoch: 36 | loss: 0.1473180
	speed: 0.4442s/iter; left time: 15887.8846s
Epoch: 36 cost time: 247.51080179214478
Epoch: 36, Steps: 558 | Train Loss: 0.1477007 Vali Loss: 0.1270105 Test Loss: 0.1479723
Validation loss decreased (0.127539 --> 0.127011).  Saving model ...
Updating learning rate to 9.04488195194296e-05
	iters: 100, epoch: 37 | loss: 0.1400159
	speed: 1.1349s/iter; left time: 40416.2021s
	iters: 200, epoch: 37 | loss: 0.1454979
	speed: 0.4441s/iter; left time: 15770.9706s
	iters: 300, epoch: 37 | loss: 0.1396224
	speed: 0.4445s/iter; left time: 15742.6960s
	iters: 400, epoch: 37 | loss: 0.1412610
	speed: 0.4442s/iter; left time: 15687.2601s
	iters: 500, epoch: 37 | loss: 0.1674192
	speed: 0.4438s/iter; left time: 15628.5866s
Epoch: 37 cost time: 247.59403204917908
Epoch: 37, Steps: 558 | Train Loss: 0.1474368 Vali Loss: 0.1272860 Test Loss: 0.1485264
EarlyStopping counter: 1 out of 10
Updating learning rate to 8.92637109187834e-05
	iters: 100, epoch: 38 | loss: 0.1408774
	speed: 1.1205s/iter; left time: 39280.0574s
	iters: 200, epoch: 38 | loss: 0.1390073
	speed: 0.4437s/iter; left time: 15508.4501s
	iters: 300, epoch: 38 | loss: 0.1453092
	speed: 0.4438s/iter; left time: 15469.3805s
	iters: 400, epoch: 38 | loss: 0.1464147
	speed: 0.4439s/iter; left time: 15427.0958s
	iters: 500, epoch: 38 | loss: 0.1373762
	speed: 0.4441s/iter; left time: 15389.1616s
Epoch: 38 cost time: 247.412442445755
Epoch: 38, Steps: 558 | Train Loss: 0.1470793 Vali Loss: 0.1267121 Test Loss: 0.1479443
Validation loss decreased (0.127011 --> 0.126712).  Saving model ...
Updating learning rate to 8.801806083017645e-05
	iters: 100, epoch: 39 | loss: 0.1249683
	speed: 1.1216s/iter; left time: 38693.3686s
	iters: 200, epoch: 39 | loss: 0.1396199
	speed: 0.4438s/iter; left time: 15263.9644s
	iters: 300, epoch: 39 | loss: 0.1629162
	speed: 0.4441s/iter; left time: 15229.8374s
	iters: 400, epoch: 39 | loss: 0.1434007
	speed: 0.4438s/iter; left time: 15177.2472s
	iters: 500, epoch: 39 | loss: 0.1407618
	speed: 0.4438s/iter; left time: 15133.1721s
Epoch: 39 cost time: 247.43271327018738
Epoch: 39, Steps: 558 | Train Loss: 0.1468101 Vali Loss: 0.1272532 Test Loss: 0.1478856
EarlyStopping counter: 1 out of 10
Updating learning rate to 8.671378995575892e-05
	iters: 100, epoch: 40 | loss: 0.1516325
	speed: 1.1209s/iter; left time: 38042.4154s
	iters: 200, epoch: 40 | loss: 0.1480770
	speed: 0.4440s/iter; left time: 15023.1299s
	iters: 300, epoch: 40 | loss: 0.1559526
	speed: 0.4439s/iter; left time: 14977.5105s
	iters: 400, epoch: 40 | loss: 0.1511650
	speed: 0.4439s/iter; left time: 14930.8103s
	iters: 500, epoch: 40 | loss: 0.1507265
	speed: 0.4439s/iter; left time: 14889.0010s
Epoch: 40 cost time: 247.44207739830017
Epoch: 40, Steps: 558 | Train Loss: 0.1465551 Vali Loss: 0.1267009 Test Loss: 0.1480151
Validation loss decreased (0.126712 --> 0.126701).  Saving model ...
Updating learning rate to 8.535290938668368e-05
	iters: 100, epoch: 41 | loss: 0.1715528
	speed: 1.1223s/iter; left time: 37464.4913s
	iters: 200, epoch: 41 | loss: 0.1364248
	speed: 0.4439s/iter; left time: 14771.9875s
	iters: 300, epoch: 41 | loss: 0.1377530
	speed: 0.4438s/iter; left time: 14725.0377s
	iters: 400, epoch: 41 | loss: 0.1305772
	speed: 0.4438s/iter; left time: 14682.7024s
	iters: 500, epoch: 41 | loss: 0.1611460
	speed: 0.4440s/iter; left time: 14644.3739s
Epoch: 41 cost time: 247.4620223045349
Epoch: 41, Steps: 558 | Train Loss: 0.1463494 Vali Loss: 0.1269710 Test Loss: 0.1482252
EarlyStopping counter: 1 out of 10
Updating learning rate to 8.393751750214966e-05
	iters: 100, epoch: 42 | loss: 0.1308799
	speed: 1.1251s/iter; left time: 36929.1302s
	iters: 200, epoch: 42 | loss: 0.1297719
	speed: 0.4440s/iter; left time: 14529.7228s
	iters: 300, epoch: 42 | loss: 0.1329458
	speed: 0.4440s/iter; left time: 14483.8498s
	iters: 400, epoch: 42 | loss: 0.1402167
	speed: 0.4438s/iter; left time: 14435.3090s
	iters: 500, epoch: 42 | loss: 0.1500158
	speed: 0.4439s/iter; left time: 14394.1214s
Epoch: 42 cost time: 247.48342990875244
Epoch: 42, Steps: 558 | Train Loss: 0.1460840 Vali Loss: 0.1267252 Test Loss: 0.1477260
EarlyStopping counter: 2 out of 10
Updating learning rate to 8.246979673385317e-05
	iters: 100, epoch: 43 | loss: 0.1387399
	speed: 1.1258s/iter; left time: 36323.5104s
	iters: 200, epoch: 43 | loss: 0.1511265
	speed: 0.4438s/iter; left time: 14274.4524s
	iters: 300, epoch: 43 | loss: 0.1409391
	speed: 0.4437s/iter; left time: 14228.5119s
	iters: 400, epoch: 43 | loss: 0.1585833
	speed: 0.4439s/iter; left time: 14188.0074s
	iters: 500, epoch: 43 | loss: 0.1697293
	speed: 0.4439s/iter; left time: 14143.5215s
Epoch: 43 cost time: 247.48930954933167
Epoch: 43, Steps: 558 | Train Loss: 0.1458097 Vali Loss: 0.1274489 Test Loss: 0.1482386
EarlyStopping counter: 3 out of 10
Updating learning rate to 8.095201020083641e-05
	iters: 100, epoch: 44 | loss: 0.1490390
	speed: 1.1236s/iter; left time: 35627.1256s
	iters: 200, epoch: 44 | loss: 0.1302602
	speed: 0.4437s/iter; left time: 14023.8372s
	iters: 300, epoch: 44 | loss: 0.1412679
	speed: 0.4438s/iter; left time: 13982.0930s
	iters: 400, epoch: 44 | loss: 0.1313444
	speed: 0.4438s/iter; left time: 13939.4952s
	iters: 500, epoch: 44 | loss: 0.1333475
	speed: 0.4440s/iter; left time: 13901.0447s
Epoch: 44 cost time: 247.40727043151855
Epoch: 44, Steps: 558 | Train Loss: 0.1455754 Vali Loss: 0.1265207 Test Loss: 0.1481923
Validation loss decreased (0.126701 --> 0.126521).  Saving model ...
Updating learning rate to 7.93864982199219e-05
	iters: 100, epoch: 45 | loss: 0.1376309
	speed: 1.1223s/iter; left time: 34959.4575s
	iters: 200, epoch: 45 | loss: 0.1338790
	speed: 0.4442s/iter; left time: 13791.5533s
	iters: 300, epoch: 45 | loss: 0.1355884
	speed: 0.4438s/iter; left time: 13735.4807s
	iters: 400, epoch: 45 | loss: 0.1367136
	speed: 0.4439s/iter; left time: 13692.7035s
	iters: 500, epoch: 45 | loss: 0.1510427
	speed: 0.4439s/iter; left time: 13649.4532s
Epoch: 45 cost time: 247.5088529586792
Epoch: 45, Steps: 558 | Train Loss: 0.1453820 Vali Loss: 0.1274493 Test Loss: 0.1486160
EarlyStopping counter: 1 out of 10
Updating learning rate to 7.777567469711367e-05
	iters: 100, epoch: 46 | loss: 0.1567943
	speed: 1.1248s/iter; left time: 34409.1264s
	iters: 200, epoch: 46 | loss: 0.1429666
	speed: 0.4440s/iter; left time: 13537.1725s
	iters: 300, epoch: 46 | loss: 0.1296870
	speed: 0.4439s/iter; left time: 13491.7820s
	iters: 400, epoch: 46 | loss: 0.1356366
	speed: 0.4439s/iter; left time: 13445.4038s
	iters: 500, epoch: 46 | loss: 0.1433846
	speed: 0.4440s/iter; left time: 13403.4607s
Epoch: 46 cost time: 247.46342039108276
Epoch: 46, Steps: 558 | Train Loss: 0.1451086 Vali Loss: 0.1273961 Test Loss: 0.1490344
EarlyStopping counter: 2 out of 10
Updating learning rate to 7.612202340552903e-05
	iters: 100, epoch: 47 | loss: 0.1280170
	speed: 1.1197s/iter; left time: 33627.2255s
	iters: 200, epoch: 47 | loss: 0.1379965
	speed: 0.4440s/iter; left time: 13290.7253s
	iters: 300, epoch: 47 | loss: 0.1597277
	speed: 0.4439s/iter; left time: 13241.8170s
	iters: 400, epoch: 47 | loss: 0.1333087
	speed: 0.4440s/iter; left time: 13201.3870s
	iters: 500, epoch: 47 | loss: 0.1364455
	speed: 0.4440s/iter; left time: 13158.0382s
Epoch: 47 cost time: 247.4747655391693
Epoch: 47, Steps: 558 | Train Loss: 0.1449790 Vali Loss: 0.1274337 Test Loss: 0.1483314
EarlyStopping counter: 3 out of 10
Updating learning rate to 7.44280941556006e-05
	iters: 100, epoch: 48 | loss: 0.1568906
	speed: 1.1238s/iter; left time: 33124.4338s
	iters: 200, epoch: 48 | loss: 0.1487245
	speed: 0.4440s/iter; left time: 13041.7693s
	iters: 300, epoch: 48 | loss: 0.1568742
	speed: 0.4440s/iter; left time: 12998.0451s
	iters: 400, epoch: 48 | loss: 0.1607199
	speed: 0.4438s/iter; left time: 12949.1977s
	iters: 500, epoch: 48 | loss: 0.1437966
	speed: 0.4440s/iter; left time: 12908.9163s
Epoch: 48 cost time: 247.55052995681763
Epoch: 48, Steps: 558 | Train Loss: 0.1446843 Vali Loss: 0.1270389 Test Loss: 0.1486837
EarlyStopping counter: 4 out of 10
Updating learning rate to 7.269649886345336e-05
	iters: 100, epoch: 49 | loss: 0.1243634
	speed: 1.1201s/iter; left time: 32391.1432s
	iters: 200, epoch: 49 | loss: 0.1461907
	speed: 0.4439s/iter; left time: 12791.9993s
	iters: 300, epoch: 49 | loss: 0.1326451
	speed: 0.4439s/iter; left time: 12748.6062s
	iters: 400, epoch: 49 | loss: 0.1270164
	speed: 0.4439s/iter; left time: 12703.8245s
	iters: 500, epoch: 49 | loss: 0.1386213
	speed: 0.4439s/iter; left time: 12659.7996s
Epoch: 49 cost time: 247.49814224243164
Epoch: 49, Steps: 558 | Train Loss: 0.1445405 Vali Loss: 0.1267422 Test Loss: 0.1488572
EarlyStopping counter: 5 out of 10
Updating learning rate to 7.092990752351921e-05
	iters: 100, epoch: 50 | loss: 0.1434805
	speed: 1.1236s/iter; left time: 31864.2714s
	iters: 200, epoch: 50 | loss: 0.1325167
	speed: 0.4438s/iter; left time: 12540.1619s
	iters: 300, epoch: 50 | loss: 0.1340841
	speed: 0.4438s/iter; left time: 12497.7163s
	iters: 400, epoch: 50 | loss: 0.1729524
	speed: 0.4438s/iter; left time: 12453.3293s
	iters: 500, epoch: 50 | loss: 0.1444592
	speed: 0.4440s/iter; left time: 12414.2575s
Epoch: 50 cost time: 247.42636227607727
Epoch: 50, Steps: 558 | Train Loss: 0.1442915 Vali Loss: 0.1265866 Test Loss: 0.1480677
EarlyStopping counter: 6 out of 10
Updating learning rate to 6.913104409159923e-05
	iters: 100, epoch: 51 | loss: 0.1380593
	speed: 1.1235s/iter; left time: 31235.7722s
	iters: 200, epoch: 51 | loss: 0.1456830
	speed: 0.4437s/iter; left time: 12291.0448s
	iters: 300, epoch: 51 | loss: 0.1364867
	speed: 0.4441s/iter; left time: 12256.7479s
	iters: 400, epoch: 51 | loss: 0.1452979
	speed: 0.4439s/iter; left time: 12206.3661s
	iters: 500, epoch: 51 | loss: 0.1368275
	speed: 0.4438s/iter; left time: 12160.7405s
Epoch: 51 cost time: 247.42925882339478
Epoch: 51, Steps: 558 | Train Loss: 0.1440732 Vali Loss: 0.1268729 Test Loss: 0.1487684
EarlyStopping counter: 7 out of 10
Updating learning rate to 6.730268228472126e-05
	iters: 100, epoch: 52 | loss: 0.1500392
	speed: 1.1250s/iter; left time: 30649.0790s
	iters: 200, epoch: 52 | loss: 0.1458770
	speed: 0.4437s/iter; left time: 12043.9745s
	iters: 300, epoch: 52 | loss: 0.1406230
	speed: 0.4437s/iter; left time: 11999.7031s
	iters: 400, epoch: 52 | loss: 0.1428487
	speed: 0.4440s/iter; left time: 11961.4524s
	iters: 500, epoch: 52 | loss: 0.1372367
	speed: 0.4441s/iter; left time: 11920.3172s
Epoch: 52 cost time: 247.41618752479553
Epoch: 52, Steps: 558 | Train Loss: 0.1438857 Vali Loss: 0.1263636 Test Loss: 0.1487609
Validation loss decreased (0.126521 --> 0.126364).  Saving model ...
Updating learning rate to 6.54476413042692e-05
	iters: 100, epoch: 53 | loss: 0.1634341
	speed: 1.1201s/iter; left time: 29889.3441s
	iters: 200, epoch: 53 | loss: 0.1480125
	speed: 0.4438s/iter; left time: 11798.0169s
	iters: 300, epoch: 53 | loss: 0.1429726
	speed: 0.4438s/iter; left time: 11754.9170s
	iters: 400, epoch: 53 | loss: 0.1564628
	speed: 0.4438s/iter; left time: 11710.0018s
	iters: 500, epoch: 53 | loss: 0.1550370
	speed: 0.4440s/iter; left time: 11669.3380s
Epoch: 53 cost time: 247.46664333343506
Epoch: 53, Steps: 558 | Train Loss: 0.1437136 Vali Loss: 0.1268129 Test Loss: 0.1485426
EarlyStopping counter: 1 out of 10
Updating learning rate to 6.356878148897882e-05
	iters: 100, epoch: 54 | loss: 0.1476047
	speed: 1.1219s/iter; left time: 29312.3541s
	iters: 200, epoch: 54 | loss: 0.1479514
	speed: 0.4437s/iter; left time: 11548.2110s
	iters: 300, epoch: 54 | loss: 0.1304685
	speed: 0.4437s/iter; left time: 11503.9854s
	iters: 400, epoch: 54 | loss: 0.1251708
	speed: 0.4440s/iter; left time: 11467.1921s
	iters: 500, epoch: 54 | loss: 0.1244669
	speed: 0.4438s/iter; left time: 11416.8822s
Epoch: 54 cost time: 247.39703941345215
Epoch: 54, Steps: 558 | Train Loss: 0.1435963 Vali Loss: 0.1259717 Test Loss: 0.1490082
Validation loss decreased (0.126364 --> 0.125972).  Saving model ...
Updating learning rate to 6.166899990450286e-05
	iters: 100, epoch: 55 | loss: 0.1420298
	speed: 1.1344s/iter; left time: 29004.5109s
	iters: 200, epoch: 55 | loss: 0.1569863
	speed: 0.4436s/iter; left time: 11298.6943s
	iters: 300, epoch: 55 | loss: 0.1417856
	speed: 0.4439s/iter; left time: 11261.8102s
	iters: 400, epoch: 55 | loss: 0.1320965
	speed: 0.4438s/iter; left time: 11213.9316s
	iters: 500, epoch: 55 | loss: 0.1525445
	speed: 0.4438s/iter; left time: 11170.5968s
Epoch: 55 cost time: 247.46247339248657
Epoch: 55, Steps: 558 | Train Loss: 0.1433446 Vali Loss: 0.1266208 Test Loss: 0.1483278
EarlyStopping counter: 1 out of 10
Updating learning rate to 5.975122587634561e-05
	iters: 100, epoch: 56 | loss: 0.1342067
	speed: 1.1228s/iter; left time: 28081.7686s
	iters: 200, epoch: 56 | loss: 0.1561846
	speed: 0.4437s/iter; left time: 11053.3329s
	iters: 300, epoch: 56 | loss: 0.1505356
	speed: 0.4438s/iter; left time: 11012.2330s
	iters: 400, epoch: 56 | loss: 0.1492696
	speed: 0.4438s/iter; left time: 10967.4002s
	iters: 500, epoch: 56 | loss: 0.1855380
	speed: 0.4439s/iter; left time: 10923.6131s
Epoch: 56 cost time: 247.45447373390198
Epoch: 56, Steps: 558 | Train Loss: 0.1431844 Vali Loss: 0.1265043 Test Loss: 0.1486569
EarlyStopping counter: 2 out of 10
Updating learning rate to 5.781841647305551e-05
	iters: 100, epoch: 57 | loss: 0.1371620
	speed: 1.1257s/iter; left time: 27525.6944s
	iters: 200, epoch: 57 | loss: 0.1325976
	speed: 0.4436s/iter; left time: 10804.1818s
	iters: 300, epoch: 57 | loss: 0.1666906
	speed: 0.4438s/iter; left time: 10762.5267s
	iters: 400, epoch: 57 | loss: 0.1426130
	speed: 0.4438s/iter; left time: 10718.3992s
	iters: 500, epoch: 57 | loss: 0.1482635
	speed: 0.4438s/iter; left time: 10675.4545s
Epoch: 57 cost time: 247.370108127594
Epoch: 57, Steps: 558 | Train Loss: 0.1430236 Vali Loss: 0.1262864 Test Loss: 0.1489201
EarlyStopping counter: 3 out of 10
Updating learning rate to 5.587355194663959e-05
	iters: 100, epoch: 58 | loss: 0.1378485
	speed: 1.1197s/iter; left time: 26755.9286s
	iters: 200, epoch: 58 | loss: 0.1343980
	speed: 0.4437s/iter; left time: 10557.6635s
	iters: 300, epoch: 58 | loss: 0.1368307
	speed: 0.4437s/iter; left time: 10513.0898s
	iters: 400, epoch: 58 | loss: 0.1705710
	speed: 0.4438s/iter; left time: 10472.0811s
	iters: 500, epoch: 58 | loss: 0.1326984
	speed: 0.4437s/iter; left time: 10424.5414s
Epoch: 58 cost time: 247.34412336349487
Epoch: 58, Steps: 558 | Train Loss: 0.1428814 Vali Loss: 0.1272500 Test Loss: 0.1493778
EarlyStopping counter: 4 out of 10
Updating learning rate to 5.391963113723101e-05
	iters: 100, epoch: 59 | loss: 0.1218143
	speed: 1.1204s/iter; left time: 26146.5148s
	iters: 200, epoch: 59 | loss: 0.1591672
	speed: 0.4436s/iter; left time: 10307.9815s
	iters: 300, epoch: 59 | loss: 0.1411255
	speed: 0.4438s/iter; left time: 10267.6612s
	iters: 400, epoch: 59 | loss: 0.1351894
	speed: 0.4437s/iter; left time: 10221.2199s
	iters: 500, epoch: 59 | loss: 0.1541713
	speed: 0.4436s/iter; left time: 10175.7051s
Epoch: 59 cost time: 247.3090431690216
Epoch: 59, Steps: 558 | Train Loss: 0.1427732 Vali Loss: 0.1263418 Test Loss: 0.1478774
EarlyStopping counter: 5 out of 10
Updating learning rate to 5.1959666849094846e-05
	iters: 100, epoch: 60 | loss: 0.1376759
	speed: 1.1205s/iter; left time: 25524.5226s
	iters: 200, epoch: 60 | loss: 0.1541616
	speed: 0.4440s/iter; left time: 10070.0642s
	iters: 300, epoch: 60 | loss: 0.1513704
	speed: 0.4437s/iter; left time: 10019.0290s
	iters: 400, epoch: 60 | loss: 0.1380832
	speed: 0.4438s/iter; left time: 9975.9242s
	iters: 500, epoch: 60 | loss: 0.1617968
	speed: 0.4437s/iter; left time: 9929.1568s
Epoch: 60 cost time: 247.38353180885315
Epoch: 60, Steps: 558 | Train Loss: 0.1425839 Vali Loss: 0.1263699 Test Loss: 0.1485241
EarlyStopping counter: 6 out of 10
Updating learning rate to 4.999668120510235e-05
	iters: 100, epoch: 61 | loss: 0.1274688
	speed: 1.1320s/iter; left time: 25154.1866s
	iters: 200, epoch: 61 | loss: 0.1553676
	speed: 0.4435s/iter; left time: 9811.5956s
	iters: 300, epoch: 61 | loss: 0.1458279
	speed: 0.4437s/iter; left time: 9769.9640s
	iters: 400, epoch: 61 | loss: 0.1475596
	speed: 0.4439s/iter; left time: 9730.0424s
	iters: 500, epoch: 61 | loss: 0.1456857
	speed: 0.4438s/iter; left time: 9684.8328s
Epoch: 61 cost time: 247.33739042282104
Epoch: 61, Steps: 558 | Train Loss: 0.1425013 Vali Loss: 0.1264745 Test Loss: 0.1495384
EarlyStopping counter: 7 out of 10
Updating learning rate to 4.803370098683655e-05
	iters: 100, epoch: 62 | loss: 0.1606303
	speed: 1.1262s/iter; left time: 24396.3020s
	iters: 200, epoch: 62 | loss: 0.1406856
	speed: 0.4436s/iter; left time: 9565.6336s
	iters: 300, epoch: 62 | loss: 0.1273396
	speed: 0.4437s/iter; left time: 9524.0263s
	iters: 400, epoch: 62 | loss: 0.1376603
	speed: 0.4437s/iter; left time: 9478.1733s
	iters: 500, epoch: 62 | loss: 0.1552308
	speed: 0.4437s/iter; left time: 9435.1072s
Epoch: 62 cost time: 247.32611203193665
Epoch: 62, Steps: 558 | Train Loss: 0.1422973 Vali Loss: 0.1261718 Test Loss: 0.1485879
EarlyStopping counter: 8 out of 10
Updating learning rate to 4.6073752967514366e-05
	iters: 100, epoch: 63 | loss: 0.1342914
	speed: 1.1266s/iter; left time: 23776.2843s
	iters: 200, epoch: 63 | loss: 0.1440018
	speed: 0.4437s/iter; left time: 9320.4172s
	iters: 300, epoch: 63 | loss: 0.1468202
	speed: 0.4437s/iter; left time: 9275.8548s
	iters: 400, epoch: 63 | loss: 0.1646188
	speed: 0.4437s/iter; left time: 9230.9758s
	iters: 500, epoch: 63 | loss: 0.1369855
	speed: 0.4438s/iter; left time: 9188.6137s
Epoch: 63 cost time: 247.4280514717102
Epoch: 63, Steps: 558 | Train Loss: 0.1422522 Vali Loss: 0.1262182 Test Loss: 0.1483443
EarlyStopping counter: 9 out of 10
Updating learning rate to 4.4119859244921696e-05
	iters: 100, epoch: 64 | loss: 0.1247703
	speed: 1.1208s/iter; left time: 23028.2696s
	iters: 200, epoch: 64 | loss: 0.1330810
	speed: 0.4440s/iter; left time: 9078.2998s
	iters: 300, epoch: 64 | loss: 0.1431045
	speed: 0.4443s/iter; left time: 9039.4290s
	iters: 400, epoch: 64 | loss: 0.1549020
	speed: 0.4441s/iter; left time: 8991.6267s
	iters: 500, epoch: 64 | loss: 0.1336514
	speed: 0.4438s/iter; left time: 8941.9375s
Epoch: 64 cost time: 247.52900981903076
Epoch: 64, Steps: 558 | Train Loss: 0.1421069 Vali Loss: 0.1263410 Test Loss: 0.1488463
EarlyStopping counter: 10 out of 10
Early stopping
>>>>>>>testing : Flatten_electricity_336_192_PatchTST_custom_ftM_sl336_ll48_pl192_dm128_nh16_el3_dl1_df256_fc1_ebtimeF_dtTrue_Exp_0<<<<<<<<<<<<<<<<<<<<<<<<<<<<<<<<<
test 5069
mse:0.23934568464756012, mae:0.31870681047439575, rse:0.4866342544555664
Args in experiment:
Namespace(random_seed=2021, is_training=1, model_id='Flatten_electricity_336_336', model='PatchTST', data='custom', root_path='./dataset/', data_path='electricity.csv', features='M', target='OT', freq='h', checkpoints='./checkpoints/', seq_len=336, label_len=48, pred_len=336, head_type='flatten', fc_dropout=0.2, head_dropout=0.0, patch_len=16, stride=8, padding_patch='end', revin=1, affine=0, subtract_last=0, decomposition=0, kernel_size=25, individual=0, embed_type=0, enc_in=321, dec_in=7, c_out=7, d_model=128, n_heads=16, e_layers=3, d_layers=1, d_ff=256, moving_avg=25, factor=1, distil=True, dropout=0.2, embed='timeF', activation='gelu', output_attention=False, do_predict=False, num_workers=0, itr=1, train_epochs=100, batch_size=32, patience=10, learning_rate=0.0001, des='Exp', loss='mse', lradj='TST', pct_start=0.2, use_amp=False, use_gpu=True, gpu=0, use_multi_gpu=False, devices='0,1,2,3', test_flop=False)
Use GPU: cuda:0
>>>>>>>start training : Flatten_electricity_336_336_PatchTST_custom_ftM_sl336_ll48_pl336_dm128_nh16_el3_dl1_df256_fc1_ebtimeF_dtTrue_Exp_0>>>>>>>>>>>>>>>>>>>>>>>>>>
train 17741
val 2297
test 4925
	iters: 100, epoch: 1 | loss: 0.5182077
	speed: 0.4789s/iter; left time: 26486.3484s
	iters: 200, epoch: 1 | loss: 0.3745580
	speed: 0.4468s/iter; left time: 24661.5496s
	iters: 300, epoch: 1 | loss: 0.3933344
	speed: 0.4472s/iter; left time: 24640.6562s
	iters: 400, epoch: 1 | loss: 0.3183119
	speed: 0.4476s/iter; left time: 24618.1632s
	iters: 500, epoch: 1 | loss: 0.2811204
	speed: 0.4475s/iter; left time: 24570.3448s
Epoch: 1 cost time: 247.72130823135376
Epoch: 1, Steps: 554 | Train Loss: 0.4257625 Vali Loss: 0.2080745 Test Loss: 0.2322167
Validation loss decreased (inf --> 0.208074).  Saving model ...
Updating learning rate to 4.5910661177995735e-06
	iters: 100, epoch: 2 | loss: 0.3001681
	speed: 1.1193s/iter; left time: 61276.2069s
	iters: 200, epoch: 2 | loss: 0.2609416
	speed: 0.4477s/iter; left time: 24463.0341s
	iters: 300, epoch: 2 | loss: 0.2638263
	speed: 0.4484s/iter; left time: 24459.2173s
	iters: 400, epoch: 2 | loss: 0.2689342
	speed: 0.4484s/iter; left time: 24413.8311s
	iters: 500, epoch: 2 | loss: 0.2504189
	speed: 0.4484s/iter; left time: 24366.5772s
Epoch: 2 cost time: 248.0613911151886
Epoch: 2, Steps: 554 | Train Loss: 0.2707949 Vali Loss: 0.1768262 Test Loss: 0.2000046
Validation loss decreased (0.208074 --> 0.176826).  Saving model ...
Updating learning rate to 6.349707839714525e-06
	iters: 100, epoch: 3 | loss: 0.2599935
	speed: 1.1292s/iter; left time: 61192.2205s
	iters: 200, epoch: 3 | loss: 0.2270852
	speed: 0.4478s/iter; left time: 24224.5855s
	iters: 300, epoch: 3 | loss: 0.2277407
	speed: 0.4485s/iter; left time: 24216.3411s
	iters: 400, epoch: 3 | loss: 0.2165541
	speed: 0.4486s/iter; left time: 24174.1565s
	iters: 500, epoch: 3 | loss: 0.2305928
	speed: 0.4486s/iter; left time: 24131.0117s
Epoch: 3 cost time: 248.07652950286865
Epoch: 3, Steps: 554 | Train Loss: 0.2339516 Vali Loss: 0.1637732 Test Loss: 0.1863845
Validation loss decreased (0.176826 --> 0.163773).  Saving model ...
Updating learning rate to 9.232613768445975e-06
	iters: 100, epoch: 4 | loss: 0.2261744
	speed: 1.1150s/iter; left time: 59809.6933s
	iters: 200, epoch: 4 | loss: 0.2390077
	speed: 0.4483s/iter; left time: 23999.6588s
	iters: 300, epoch: 4 | loss: 0.2013684
	speed: 0.4483s/iter; left time: 23958.6312s
	iters: 400, epoch: 4 | loss: 0.2158152
	speed: 0.4484s/iter; left time: 23917.9715s
	iters: 500, epoch: 4 | loss: 0.2207348
	speed: 0.4484s/iter; left time: 23873.8697s
Epoch: 4 cost time: 248.13389825820923
Epoch: 4, Steps: 554 | Train Loss: 0.2162282 Vali Loss: 0.1573721 Test Loss: 0.1796958
Validation loss decreased (0.163773 --> 0.157372).  Saving model ...
Updating learning rate to 1.316878440335742e-05
	iters: 100, epoch: 5 | loss: 0.1861817
	speed: 1.1166s/iter; left time: 59272.1542s
	iters: 200, epoch: 5 | loss: 0.2264025
	speed: 0.4482s/iter; left time: 23748.2307s
	iters: 300, epoch: 5 | loss: 0.2271350
	speed: 0.4485s/iter; left time: 23721.4440s
	iters: 400, epoch: 5 | loss: 0.2082760
	speed: 0.4483s/iter; left time: 23663.3174s
	iters: 500, epoch: 5 | loss: 0.1957418
	speed: 0.4485s/iter; left time: 23630.7332s
Epoch: 5 cost time: 248.20503902435303
Epoch: 5, Steps: 554 | Train Loss: 0.2073532 Vali Loss: 0.1545382 Test Loss: 0.1767236
Validation loss decreased (0.157372 --> 0.154538).  Saving model ...
Updating learning rate to 1.8061280698774935e-05
	iters: 100, epoch: 6 | loss: 0.1933648
	speed: 1.1136s/iter; left time: 58497.8231s
	iters: 200, epoch: 6 | loss: 0.1987749
	speed: 0.4485s/iter; left time: 23514.4744s
	iters: 300, epoch: 6 | loss: 0.1921341
	speed: 0.4487s/iter; left time: 23480.1488s
	iters: 400, epoch: 6 | loss: 0.1793505
	speed: 0.4484s/iter; left time: 23422.9169s
	iters: 500, epoch: 6 | loss: 0.1923254
	speed: 0.4484s/iter; left time: 23374.1133s
Epoch: 6 cost time: 248.1983723640442
Epoch: 6, Steps: 554 | Train Loss: 0.2018405 Vali Loss: 0.1533567 Test Loss: 0.1756755
Validation loss decreased (0.154538 --> 0.153357).  Saving model ...
Updating learning rate to 2.378961145504515e-05
	iters: 100, epoch: 7 | loss: 0.2069289
	speed: 1.1154s/iter; left time: 57974.9052s
	iters: 200, epoch: 7 | loss: 0.1924528
	speed: 0.4485s/iter; left time: 23267.8421s
	iters: 300, epoch: 7 | loss: 0.2131152
	speed: 0.4483s/iter; left time: 23212.7071s
	iters: 400, epoch: 7 | loss: 0.2041006
	speed: 0.4484s/iter; left time: 23170.6251s
	iters: 500, epoch: 7 | loss: 0.2007732
	speed: 0.4483s/iter; left time: 23124.2524s
Epoch: 7 cost time: 248.15754628181458
Epoch: 7, Steps: 554 | Train Loss: 0.1979505 Vali Loss: 0.1517300 Test Loss: 0.1740679
Validation loss decreased (0.153357 --> 0.151730).  Saving model ...
Updating learning rate to 3.021270074626886e-05
	iters: 100, epoch: 8 | loss: 0.1989588
	speed: 1.1152s/iter; left time: 57345.6455s
	iters: 200, epoch: 8 | loss: 0.2107180
	speed: 0.4482s/iter; left time: 23005.1140s
	iters: 300, epoch: 8 | loss: 0.2034439
	speed: 0.4484s/iter; left time: 22965.8470s
	iters: 400, epoch: 8 | loss: 0.1933158
	speed: 0.4482s/iter; left time: 22914.3442s
	iters: 500, epoch: 8 | loss: 0.1690254
	speed: 0.4483s/iter; left time: 22873.2940s
Epoch: 8 cost time: 248.10116481781006
Epoch: 8, Steps: 554 | Train Loss: 0.1952142 Vali Loss: 0.1504554 Test Loss: 0.1728835
Validation loss decreased (0.151730 --> 0.150455).  Saving model ...
Updating learning rate to 3.7172362303627586e-05
	iters: 100, epoch: 9 | loss: 0.1854449
	speed: 1.1086s/iter; left time: 56395.2818s
	iters: 200, epoch: 9 | loss: 0.1694506
	speed: 0.4482s/iter; left time: 22755.8845s
	iters: 300, epoch: 9 | loss: 0.1999110
	speed: 0.4484s/iter; left time: 22717.9231s
	iters: 400, epoch: 9 | loss: 0.2161403
	speed: 0.4483s/iter; left time: 22670.9122s
	iters: 500, epoch: 9 | loss: 0.1920195
	speed: 0.4484s/iter; left time: 22632.1191s
Epoch: 9 cost time: 248.12564063072205
Epoch: 9, Steps: 554 | Train Loss: 0.1927741 Vali Loss: 0.1503517 Test Loss: 0.1725735
Validation loss decreased (0.150455 --> 0.150352).  Saving model ...
Updating learning rate to 4.4497195288041866e-05
	iters: 100, epoch: 10 | loss: 0.1932963
	speed: 1.1157s/iter; left time: 56137.3362s
	iters: 200, epoch: 10 | loss: 0.1754756
	speed: 0.4483s/iter; left time: 22509.6180s
	iters: 300, epoch: 10 | loss: 0.2209111
	speed: 0.4483s/iter; left time: 22467.4977s
	iters: 400, epoch: 10 | loss: 0.2087670
	speed: 0.4484s/iter; left time: 22427.9031s
	iters: 500, epoch: 10 | loss: 0.1705598
	speed: 0.4483s/iter; left time: 22377.7840s
Epoch: 10 cost time: 248.13562178611755
Epoch: 10, Steps: 554 | Train Loss: 0.1908473 Vali Loss: 0.1494012 Test Loss: 0.1719057
Validation loss decreased (0.150352 --> 0.149401).  Saving model ...
Updating learning rate to 5.2006805508027226e-05
	iters: 100, epoch: 11 | loss: 0.2031916
	speed: 1.1146s/iter; left time: 55465.1646s
	iters: 200, epoch: 11 | loss: 0.1868227
	speed: 0.4483s/iter; left time: 22261.6216s
	iters: 300, epoch: 11 | loss: 0.1724272
	speed: 0.4482s/iter; left time: 22211.5169s
	iters: 400, epoch: 11 | loss: 0.1984348
	speed: 0.4481s/iter; left time: 22164.3132s
	iters: 500, epoch: 11 | loss: 0.2191767
	speed: 0.4488s/iter; left time: 22155.1402s
Epoch: 11 cost time: 248.12227773666382
Epoch: 11, Steps: 554 | Train Loss: 0.1889270 Vali Loss: 0.1498162 Test Loss: 0.1720281
EarlyStopping counter: 1 out of 10
Updating learning rate to 5.951624812362886e-05
	iters: 100, epoch: 12 | loss: 0.1599113
	speed: 1.1119s/iter; left time: 54713.5112s
	iters: 200, epoch: 12 | loss: 0.2122760
	speed: 0.4480s/iter; left time: 22000.2867s
	iters: 300, epoch: 12 | loss: 0.1976362
	speed: 0.4481s/iter; left time: 21960.2203s
	iters: 400, epoch: 12 | loss: 0.2385158
	speed: 0.4482s/iter; left time: 21920.8668s
	iters: 500, epoch: 12 | loss: 0.2214152
	speed: 0.4483s/iter; left time: 21877.8120s
Epoch: 12 cost time: 248.00407791137695
Epoch: 12, Steps: 554 | Train Loss: 0.1872195 Vali Loss: 0.1488838 Test Loss: 0.1708318
Validation loss decreased (0.149401 --> 0.148884).  Saving model ...
Updating learning rate to 6.684058242261166e-05
	iters: 100, epoch: 13 | loss: 0.1929665
	speed: 1.1140s/iter; left time: 54197.4289s
	iters: 200, epoch: 13 | loss: 0.1974146
	speed: 0.4476s/iter; left time: 21731.3523s
	iters: 300, epoch: 13 | loss: 0.2083818
	speed: 0.4482s/iter; left time: 21718.9257s
	iters: 400, epoch: 13 | loss: 0.1774937
	speed: 0.4480s/iter; left time: 21664.4763s
	iters: 500, epoch: 13 | loss: 0.1915350
	speed: 0.4480s/iter; left time: 21619.6215s
Epoch: 13 cost time: 247.8724615573883
Epoch: 13, Steps: 554 | Train Loss: 0.1855617 Vali Loss: 0.1484041 Test Loss: 0.1700752
Validation loss decreased (0.148884 --> 0.148404).  Saving model ...
Updating learning rate to 7.379942649499374e-05
	iters: 100, epoch: 14 | loss: 0.1831997
	speed: 1.1161s/iter; left time: 53681.4907s
	iters: 200, epoch: 14 | loss: 0.2201939
	speed: 0.4479s/iter; left time: 21499.0201s
	iters: 300, epoch: 14 | loss: 0.2035813
	speed: 0.4482s/iter; left time: 21467.8319s
	iters: 400, epoch: 14 | loss: 0.1689556
	speed: 0.4482s/iter; left time: 21421.8013s
	iters: 500, epoch: 14 | loss: 0.1873753
	speed: 0.4482s/iter; left time: 21379.3763s
Epoch: 14 cost time: 248.02309393882751
Epoch: 14, Steps: 554 | Train Loss: 0.1841323 Vali Loss: 0.1483239 Test Loss: 0.1707349
Validation loss decreased (0.148404 --> 0.148324).  Saving model ...
Updating learning rate to 8.022139963451526e-05
	iters: 100, epoch: 15 | loss: 0.1784527
	speed: 1.1184s/iter; left time: 53171.9883s
	iters: 200, epoch: 15 | loss: 0.1969781
	speed: 0.4479s/iter; left time: 21251.9536s
	iters: 300, epoch: 15 | loss: 0.1930922
	speed: 0.4481s/iter; left time: 21214.4182s
	iters: 400, epoch: 15 | loss: 0.1834726
	speed: 0.4483s/iter; left time: 21181.9016s
	iters: 500, epoch: 15 | loss: 0.1705247
	speed: 0.4484s/iter; left time: 21139.6550s
Epoch: 15 cost time: 247.9877951145172
Epoch: 15, Steps: 554 | Train Loss: 0.1827776 Vali Loss: 0.1479200 Test Loss: 0.1701196
Validation loss decreased (0.148324 --> 0.147920).  Saving model ...
Updating learning rate to 8.594834306066832e-05
	iters: 100, epoch: 16 | loss: 0.1946455
	speed: 1.1140s/iter; left time: 52347.4837s
	iters: 200, epoch: 16 | loss: 0.1674906
	speed: 0.4479s/iter; left time: 21003.8380s
	iters: 300, epoch: 16 | loss: 0.1614582
	speed: 0.4483s/iter; left time: 20974.3313s
	iters: 400, epoch: 16 | loss: 0.1834773
	speed: 0.4484s/iter; left time: 20934.8749s
	iters: 500, epoch: 16 | loss: 0.1837506
	speed: 0.4484s/iter; left time: 20892.0216s
Epoch: 16 cost time: 248.11024117469788
Epoch: 16, Steps: 554 | Train Loss: 0.1816599 Vali Loss: 0.1492327 Test Loss: 0.1705565
EarlyStopping counter: 1 out of 10
Updating learning rate to 9.083921501437982e-05
	iters: 100, epoch: 17 | loss: 0.1897112
	speed: 1.1117s/iter; left time: 51624.1183s
	iters: 200, epoch: 17 | loss: 0.1998610
	speed: 0.4484s/iter; left time: 20776.8767s
	iters: 300, epoch: 17 | loss: 0.1864285
	speed: 0.4484s/iter; left time: 20732.5196s
	iters: 400, epoch: 17 | loss: 0.1849541
	speed: 0.4483s/iter; left time: 20682.3895s
	iters: 500, epoch: 17 | loss: 0.1661495
	speed: 0.4488s/iter; left time: 20660.7728s
Epoch: 17 cost time: 248.1742296218872
Epoch: 17, Steps: 554 | Train Loss: 0.1809192 Vali Loss: 0.1479838 Test Loss: 0.1701861
EarlyStopping counter: 2 out of 10
Updating learning rate to 9.47735642998858e-05
	iters: 100, epoch: 18 | loss: 0.1939833
	speed: 1.1155s/iter; left time: 51182.7827s
	iters: 200, epoch: 18 | loss: 0.1949227
	speed: 0.4482s/iter; left time: 20521.2750s
	iters: 300, epoch: 18 | loss: 0.1779078
	speed: 0.4483s/iter; left time: 20478.2117s
	iters: 400, epoch: 18 | loss: 0.1687420
	speed: 0.4484s/iter; left time: 20440.4292s
	iters: 500, epoch: 18 | loss: 0.1675615
	speed: 0.4483s/iter; left time: 20391.1533s
Epoch: 18 cost time: 248.1027545928955
Epoch: 18, Steps: 554 | Train Loss: 0.1798744 Vali Loss: 0.1468900 Test Loss: 0.1680814
Validation loss decreased (0.147920 --> 0.146890).  Saving model ...
Updating learning rate to 9.765449672725912e-05
	iters: 100, epoch: 19 | loss: 0.1609903
	speed: 1.1121s/iter; left time: 50408.9506s
	iters: 200, epoch: 19 | loss: 0.1980152
	speed: 0.4482s/iter; left time: 20269.5601s
	iters: 300, epoch: 19 | loss: 0.1928486
	speed: 0.4482s/iter; left time: 20225.2095s
	iters: 400, epoch: 19 | loss: 0.2081383
	speed: 0.4482s/iter; left time: 20182.0258s
	iters: 500, epoch: 19 | loss: 0.1549213
	speed: 0.4484s/iter; left time: 20145.3911s
Epoch: 19 cost time: 248.0646288394928
Epoch: 19, Steps: 554 | Train Loss: 0.1790445 Vali Loss: 0.1465119 Test Loss: 0.1677208
Validation loss decreased (0.146890 --> 0.146512).  Saving model ...
Updating learning rate to 9.941106139877101e-05
	iters: 100, epoch: 20 | loss: 0.1830929
	speed: 1.1194s/iter; left time: 50119.4178s
	iters: 200, epoch: 20 | loss: 0.1715401
	speed: 0.4482s/iter; left time: 20024.5539s
	iters: 300, epoch: 20 | loss: 0.1887755
	speed: 0.4484s/iter; left time: 19989.0110s
	iters: 400, epoch: 20 | loss: 0.1799500
	speed: 0.4484s/iter; left time: 19941.5748s
	iters: 500, epoch: 20 | loss: 0.1695419
	speed: 0.4484s/iter; left time: 19897.1105s
Epoch: 20 cost time: 248.1317892074585
Epoch: 20, Steps: 554 | Train Loss: 0.1783210 Vali Loss: 0.1464012 Test Loss: 0.1685942
Validation loss decreased (0.146512 --> 0.146401).  Saving model ...
Updating learning rate to 9.999999987438587e-05
	iters: 100, epoch: 21 | loss: 0.1626086
	speed: 1.1147s/iter; left time: 49293.4333s
	iters: 200, epoch: 21 | loss: 0.1653254
	speed: 0.4482s/iter; left time: 19774.6905s
	iters: 300, epoch: 21 | loss: 0.1699124
	speed: 0.4484s/iter; left time: 19738.9148s
	iters: 400, epoch: 21 | loss: 0.1550033
	speed: 0.4484s/iter; left time: 19696.0561s
	iters: 500, epoch: 21 | loss: 0.1611228
	speed: 0.4485s/iter; left time: 19652.1219s
Epoch: 21 cost time: 248.15014266967773
Epoch: 21, Steps: 554 | Train Loss: 0.1775203 Vali Loss: 0.1466112 Test Loss: 0.1683678
EarlyStopping counter: 1 out of 10
Updating learning rate to 9.996131269601925e-05
	iters: 100, epoch: 22 | loss: 0.1577996
	speed: 1.1150s/iter; left time: 48689.1569s
	iters: 200, epoch: 22 | loss: 0.1775270
	speed: 0.4482s/iter; left time: 19527.7422s
	iters: 300, epoch: 22 | loss: 0.1562720
	speed: 0.4482s/iter; left time: 19482.6250s
	iters: 400, epoch: 22 | loss: 0.1597546
	speed: 0.4484s/iter; left time: 19446.4812s
	iters: 500, epoch: 22 | loss: 0.1573382
	speed: 0.4483s/iter; left time: 19398.1544s
Epoch: 22 cost time: 248.1329381465912
Epoch: 22, Steps: 554 | Train Loss: 0.1767979 Vali Loss: 0.1456990 Test Loss: 0.1673681
Validation loss decreased (0.146401 --> 0.145699).  Saving model ...
Updating learning rate to 9.984558910312905e-05
	iters: 100, epoch: 23 | loss: 0.1955872
	speed: 1.1172s/iter; left time: 48167.1786s
	iters: 200, epoch: 23 | loss: 0.2089020
	speed: 0.4483s/iter; left time: 19280.9179s
	iters: 300, epoch: 23 | loss: 0.1676801
	speed: 0.4485s/iter; left time: 19246.8740s
	iters: 400, epoch: 23 | loss: 0.1588345
	speed: 0.4486s/iter; left time: 19204.4611s
	iters: 500, epoch: 23 | loss: 0.1708345
	speed: 0.4485s/iter; left time: 19158.0781s
Epoch: 23 cost time: 248.18101692199707
Epoch: 23, Steps: 554 | Train Loss: 0.1760641 Vali Loss: 0.1463088 Test Loss: 0.1681943
EarlyStopping counter: 1 out of 10
Updating learning rate to 9.965300753310769e-05
	iters: 100, epoch: 24 | loss: 0.1842530
	speed: 1.1124s/iter; left time: 47342.3254s
	iters: 200, epoch: 24 | loss: 0.1581708
	speed: 0.4485s/iter; left time: 19042.1872s
	iters: 300, epoch: 24 | loss: 0.1888856
	speed: 0.4484s/iter; left time: 18992.5441s
	iters: 400, epoch: 24 | loss: 0.1643245
	speed: 0.4485s/iter; left time: 18951.0498s
	iters: 500, epoch: 24 | loss: 0.1666439
	speed: 0.4485s/iter; left time: 18909.7819s
Epoch: 24 cost time: 248.1915864944458
Epoch: 24, Steps: 554 | Train Loss: 0.1754384 Vali Loss: 0.1455981 Test Loss: 0.1669265
Validation loss decreased (0.145699 --> 0.145598).  Saving model ...
Updating learning rate to 9.938386493277756e-05
	iters: 100, epoch: 25 | loss: 0.1790377
	speed: 1.1154s/iter; left time: 46854.2290s
	iters: 200, epoch: 25 | loss: 0.1900385
	speed: 0.4483s/iter; left time: 18784.4871s
	iters: 300, epoch: 25 | loss: 0.1830850
	speed: 0.4482s/iter; left time: 18736.5217s
	iters: 400, epoch: 25 | loss: 0.1728898
	speed: 0.4488s/iter; left time: 18717.9115s
	iters: 500, epoch: 25 | loss: 0.1791217
	speed: 0.4484s/iter; left time: 18653.6285s
Epoch: 25 cost time: 248.1374888420105
Epoch: 25, Steps: 554 | Train Loss: 0.1748063 Vali Loss: 0.1442408 Test Loss: 0.1668966
Validation loss decreased (0.145598 --> 0.144241).  Saving model ...
Updating learning rate to 9.903857630052054e-05
	iters: 100, epoch: 26 | loss: 0.1781290
	speed: 1.1155s/iter; left time: 46238.3705s
	iters: 200, epoch: 26 | loss: 0.1751890
	speed: 0.4482s/iter; left time: 18533.8964s
	iters: 300, epoch: 26 | loss: 0.1975896
	speed: 0.4483s/iter; left time: 18492.4485s
	iters: 400, epoch: 26 | loss: 0.1648305
	speed: 0.4483s/iter; left time: 18447.7117s
	iters: 500, epoch: 26 | loss: 0.1848093
	speed: 0.4483s/iter; left time: 18404.8901s
Epoch: 26 cost time: 248.1012487411499
Epoch: 26, Steps: 554 | Train Loss: 0.1741515 Vali Loss: 0.1450091 Test Loss: 0.1659585
EarlyStopping counter: 1 out of 10
Updating learning rate to 9.861767404638053e-05
	iters: 100, epoch: 27 | loss: 0.1922151
	speed: 1.1119s/iter; left time: 45471.7162s
	iters: 200, epoch: 27 | loss: 0.1623591
	speed: 0.4482s/iter; left time: 18284.3598s
	iters: 300, epoch: 27 | loss: 0.1782214
	speed: 0.4483s/iter; left time: 18244.0609s
	iters: 400, epoch: 27 | loss: 0.1719039
	speed: 0.4484s/iter; left time: 18202.6035s
	iters: 500, epoch: 27 | loss: 0.1787754
	speed: 0.4483s/iter; left time: 18156.2125s
Epoch: 27 cost time: 248.10150742530823
Epoch: 27, Steps: 554 | Train Loss: 0.1735997 Vali Loss: 0.1446188 Test Loss: 0.1657006
EarlyStopping counter: 2 out of 10
Updating learning rate to 9.812180717112581e-05
	iters: 100, epoch: 28 | loss: 0.1487352
	speed: 1.1131s/iter; left time: 44904.2836s
	iters: 200, epoch: 28 | loss: 0.1985487
	speed: 0.4482s/iter; left time: 18038.6093s
	iters: 300, epoch: 28 | loss: 0.1740209
	speed: 0.4483s/iter; left time: 17996.7327s
	iters: 400, epoch: 28 | loss: 0.1838390
	speed: 0.4482s/iter; left time: 17949.0743s
	iters: 500, epoch: 28 | loss: 0.1859453
	speed: 0.4483s/iter; left time: 17905.2789s
Epoch: 28 cost time: 248.09237265586853
Epoch: 28, Steps: 554 | Train Loss: 0.1730342 Vali Loss: 0.1444333 Test Loss: 0.1674774
EarlyStopping counter: 3 out of 10
Updating learning rate to 9.755174026553687e-05
	iters: 100, epoch: 29 | loss: 0.1653081
	speed: 1.1150s/iter; left time: 44363.9154s
	iters: 200, epoch: 29 | loss: 0.1983011
	speed: 0.4482s/iter; left time: 17788.1563s
	iters: 300, epoch: 29 | loss: 0.1807240
	speed: 0.4484s/iter; left time: 17750.5945s
	iters: 400, epoch: 29 | loss: 0.1657481
	speed: 0.4484s/iter; left time: 17707.1518s
	iters: 500, epoch: 29 | loss: 0.1660597
	speed: 0.4483s/iter; left time: 17657.8550s
Epoch: 29 cost time: 248.14611291885376
Epoch: 29, Steps: 554 | Train Loss: 0.1725230 Vali Loss: 0.1444665 Test Loss: 0.1663240
EarlyStopping counter: 4 out of 10
Updating learning rate to 9.690835233146288e-05
	iters: 100, epoch: 30 | loss: 0.1749123
	speed: 1.1113s/iter; left time: 43600.2406s
	iters: 200, epoch: 30 | loss: 0.1704447
	speed: 0.4482s/iter; left time: 17542.0917s
	iters: 300, epoch: 30 | loss: 0.1895579
	speed: 0.4484s/iter; left time: 17501.5989s
	iters: 400, epoch: 30 | loss: 0.1694979
	speed: 0.4482s/iter; left time: 17451.6809s
	iters: 500, epoch: 30 | loss: 0.1928079
	speed: 0.4485s/iter; left time: 17416.7344s
Epoch: 30 cost time: 248.09090948104858
Epoch: 30, Steps: 554 | Train Loss: 0.1719574 Vali Loss: 0.1445464 Test Loss: 0.1658341
EarlyStopping counter: 5 out of 10
Updating learning rate to 9.619263542646447e-05
	iters: 100, epoch: 31 | loss: 0.1843483
	speed: 1.1129s/iter; left time: 43048.1130s
	iters: 200, epoch: 31 | loss: 0.1894391
	speed: 0.4482s/iter; left time: 17293.0871s
	iters: 300, epoch: 31 | loss: 0.1731582
	speed: 0.4482s/iter; left time: 17246.9125s
	iters: 400, epoch: 31 | loss: 0.2030683
	speed: 0.4483s/iter; left time: 17204.3723s
	iters: 500, epoch: 31 | loss: 0.1699501
	speed: 0.4484s/iter; left time: 17164.9340s
Epoch: 31 cost time: 248.09186220169067
Epoch: 31, Steps: 554 | Train Loss: 0.1714429 Vali Loss: 0.1443824 Test Loss: 0.1663391
EarlyStopping counter: 6 out of 10
Updating learning rate to 9.540569313413296e-05
	iters: 100, epoch: 32 | loss: 0.1807423
	speed: 1.1161s/iter; left time: 42551.7104s
	iters: 200, epoch: 32 | loss: 0.1643639
	speed: 0.4483s/iter; left time: 17045.7903s
	iters: 300, epoch: 32 | loss: 0.1609967
	speed: 0.4483s/iter; left time: 17002.1660s
	iters: 400, epoch: 32 | loss: 0.1692491
	speed: 0.4483s/iter; left time: 16959.5086s
	iters: 500, epoch: 32 | loss: 0.1668086
	speed: 0.4485s/iter; left time: 16920.5897s
Epoch: 32 cost time: 248.1173927783966
Epoch: 32, Steps: 554 | Train Loss: 0.1709198 Vali Loss: 0.1442549 Test Loss: 0.1656892
EarlyStopping counter: 7 out of 10
Updating learning rate to 9.454873886244442e-05
	iters: 100, epoch: 33 | loss: 0.1506868
	speed: 1.1134s/iter; left time: 41831.9773s
	iters: 200, epoch: 33 | loss: 0.1656315
	speed: 0.4482s/iter; left time: 16796.9297s
	iters: 300, epoch: 33 | loss: 0.1751412
	speed: 0.4485s/iter; left time: 16762.7117s
	iters: 400, epoch: 33 | loss: 0.1766052
	speed: 0.4486s/iter; left time: 16722.2074s
	iters: 500, epoch: 33 | loss: 0.1652589
	speed: 0.4484s/iter; left time: 16668.2421s
Epoch: 33 cost time: 248.17926359176636
Epoch: 33, Steps: 554 | Train Loss: 0.1705528 Vali Loss: 0.1451678 Test Loss: 0.1664951
EarlyStopping counter: 8 out of 10
Updating learning rate to 9.362309397277248e-05
	iters: 100, epoch: 34 | loss: 0.1564716
	speed: 1.1139s/iter; left time: 41233.8081s
	iters: 200, epoch: 34 | loss: 0.1529257
	speed: 0.4484s/iter; left time: 16555.5662s
	iters: 300, epoch: 34 | loss: 0.1782518
	speed: 0.4483s/iter; left time: 16506.6175s
	iters: 400, epoch: 34 | loss: 0.1500727
	speed: 0.4485s/iter; left time: 16466.6378s
	iters: 500, epoch: 34 | loss: 0.1959726
	speed: 0.4485s/iter; left time: 16423.5147s
Epoch: 34 cost time: 248.17919850349426
Epoch: 34, Steps: 554 | Train Loss: 0.1701220 Vali Loss: 0.1442530 Test Loss: 0.1663015
EarlyStopping counter: 9 out of 10
Updating learning rate to 9.263018574244496e-05
	iters: 100, epoch: 35 | loss: 0.1889818
	speed: 1.1142s/iter; left time: 40628.0825s
	iters: 200, epoch: 35 | loss: 0.1743873
	speed: 0.4482s/iter; left time: 16297.8915s
	iters: 300, epoch: 35 | loss: 0.1638773
	speed: 0.4483s/iter; left time: 16257.4783s
	iters: 400, epoch: 35 | loss: 0.1743929
	speed: 0.4485s/iter; left time: 16218.6851s
	iters: 500, epoch: 35 | loss: 0.1801075
	speed: 0.4484s/iter; left time: 16170.4476s
Epoch: 35 cost time: 248.1502366065979
Epoch: 35, Steps: 554 | Train Loss: 0.1697631 Vali Loss: 0.1450480 Test Loss: 0.1662321
EarlyStopping counter: 10 out of 10
Early stopping
>>>>>>>testing : Flatten_electricity_336_336_PatchTST_custom_ftM_sl336_ll48_pl336_dm128_nh16_el3_dl1_df256_fc1_ebtimeF_dtTrue_Exp_0<<<<<<<<<<<<<<<<<<<<<<<<<<<<<<<<<
test 4925
mse:0.286339670419693, mae:0.34951257705688477, rse:0.5329866409301758
Args in experiment:
Namespace(random_seed=2021, is_training=1, model_id='Flatten_electricity_336_720', model='PatchTST', data='custom', root_path='./dataset/', data_path='electricity.csv', features='M', target='OT', freq='h', checkpoints='./checkpoints/', seq_len=336, label_len=48, pred_len=720, head_type='flatten', fc_dropout=0.2, head_dropout=0.0, patch_len=16, stride=8, padding_patch='end', revin=1, affine=0, subtract_last=0, decomposition=0, kernel_size=25, individual=0, embed_type=0, enc_in=321, dec_in=7, c_out=7, d_model=128, n_heads=16, e_layers=3, d_layers=1, d_ff=256, moving_avg=25, factor=1, distil=True, dropout=0.2, embed='timeF', activation='gelu', output_attention=False, do_predict=False, num_workers=0, itr=1, train_epochs=100, batch_size=32, patience=10, learning_rate=0.0001, des='Exp', loss='mse', lradj='TST', pct_start=0.2, use_amp=False, use_gpu=True, gpu=0, use_multi_gpu=False, devices='0,1,2,3', test_flop=False)
Use GPU: cuda:0
>>>>>>>start training : Flatten_electricity_336_720_PatchTST_custom_ftM_sl336_ll48_pl720_dm128_nh16_el3_dl1_df256_fc1_ebtimeF_dtTrue_Exp_0>>>>>>>>>>>>>>>>>>>>>>>>>>
train 17357
val 1913
test 4541
	iters: 100, epoch: 1 | loss: 0.5465707
	speed: 0.4827s/iter; left time: 26112.8499s
	iters: 200, epoch: 1 | loss: 0.4268672
	speed: 0.4611s/iter; left time: 24901.8573s
	iters: 300, epoch: 1 | loss: 0.4050025
	speed: 0.4620s/iter; left time: 24900.7171s
	iters: 400, epoch: 1 | loss: 0.3721802
	speed: 0.4623s/iter; left time: 24874.0578s
	iters: 500, epoch: 1 | loss: 0.3399400
	speed: 0.4632s/iter; left time: 24874.0415s
Epoch: 1 cost time: 250.43838500976562
Epoch: 1, Steps: 542 | Train Loss: 0.4707783 Vali Loss: 0.2401024 Test Loss: 0.2705794
Validation loss decreased (inf --> 0.240102).  Saving model ...
Updating learning rate to 4.591068475313809e-06
	iters: 100, epoch: 2 | loss: 0.3248297
	speed: 1.1121s/iter; left time: 59565.4919s
	iters: 200, epoch: 2 | loss: 0.3281203
	speed: 0.4623s/iter; left time: 24711.4982s
	iters: 300, epoch: 2 | loss: 0.3294583
	speed: 0.4634s/iter; left time: 24729.1578s
	iters: 400, epoch: 2 | loss: 0.3434278
	speed: 0.4631s/iter; left time: 24666.5966s
	iters: 500, epoch: 2 | loss: 0.3122798
	speed: 0.4634s/iter; left time: 24631.6848s
Epoch: 2 cost time: 250.66774344444275
Epoch: 2, Steps: 542 | Train Loss: 0.3146343 Vali Loss: 0.2088430 Test Loss: 0.2389449
Validation loss decreased (0.240102 --> 0.208843).  Saving model ...
Updating learning rate to 6.349717153650663e-06
	iters: 100, epoch: 3 | loss: 0.2763427
	speed: 1.1026s/iter; left time: 58459.1433s
	iters: 200, epoch: 3 | loss: 0.2687765
	speed: 0.4625s/iter; left time: 24475.8522s
	iters: 300, epoch: 3 | loss: 0.3068840
	speed: 0.4634s/iter; left time: 24477.6837s
	iters: 400, epoch: 3 | loss: 0.2970666
	speed: 0.4635s/iter; left time: 24433.1387s
	iters: 500, epoch: 3 | loss: 0.2608119
	speed: 0.4636s/iter; left time: 24390.6594s
Epoch: 3 cost time: 250.7549786567688
Epoch: 3, Steps: 542 | Train Loss: 0.2789532 Vali Loss: 0.1950186 Test Loss: 0.2248924
Validation loss decreased (0.208843 --> 0.195019).  Saving model ...
Updating learning rate to 9.232634293639038e-06
	iters: 100, epoch: 4 | loss: 0.2669797
	speed: 1.1058s/iter; left time: 58025.8510s
	iters: 200, epoch: 4 | loss: 0.2529167
	speed: 0.4625s/iter; left time: 24224.5720s
	iters: 300, epoch: 4 | loss: 0.2830437
	speed: 0.4635s/iter; left time: 24230.6060s
	iters: 400, epoch: 4 | loss: 0.2561708
	speed: 0.4635s/iter; left time: 24182.6696s
	iters: 500, epoch: 4 | loss: 0.2465946
	speed: 0.4637s/iter; left time: 24147.0548s
Epoch: 4 cost time: 250.79681205749512
Epoch: 4, Steps: 542 | Train Loss: 0.2618576 Vali Loss: 0.1887806 Test Loss: 0.2188133
Validation loss decreased (0.195019 --> 0.188781).  Saving model ...
Updating learning rate to 1.316881983534602e-05
	iters: 100, epoch: 5 | loss: 0.2663811
	speed: 1.1021s/iter; left time: 57233.8575s
	iters: 200, epoch: 5 | loss: 0.2324641
	speed: 0.4628s/iter; left time: 23988.4928s
	iters: 300, epoch: 5 | loss: 0.2582031
	speed: 0.4633s/iter; left time: 23965.9270s
	iters: 400, epoch: 5 | loss: 0.2721621
	speed: 0.4634s/iter; left time: 23926.0818s
	iters: 500, epoch: 5 | loss: 0.2536285
	speed: 0.4634s/iter; left time: 23878.5319s
Epoch: 5 cost time: 250.73131465911865
Epoch: 5, Steps: 542 | Train Loss: 0.2530094 Vali Loss: 0.1851695 Test Loss: 0.2150794
Validation loss decreased (0.188781 --> 0.185170).  Saving model ...
Updating learning rate to 1.8061333979326266e-05
	iters: 100, epoch: 6 | loss: 0.2431010
	speed: 1.1013s/iter; left time: 56598.6572s
	iters: 200, epoch: 6 | loss: 0.2350482
	speed: 0.4623s/iter; left time: 23713.4206s
	iters: 300, epoch: 6 | loss: 0.2248908
	speed: 0.4636s/iter; left time: 23734.1897s
	iters: 400, epoch: 6 | loss: 0.2085090
	speed: 0.4632s/iter; left time: 23664.8676s
	iters: 500, epoch: 6 | loss: 0.2427671
	speed: 0.4634s/iter; left time: 23628.7305s
Epoch: 6 cost time: 250.6912477016449
Epoch: 6, Steps: 542 | Train Loss: 0.2475666 Vali Loss: 0.1839645 Test Loss: 0.2144333
Validation loss decreased (0.185170 --> 0.183964).  Saving model ...
Updating learning rate to 2.3789684605765834e-05
	iters: 100, epoch: 7 | loss: 0.2516619
	speed: 1.1043s/iter; left time: 56152.5727s
	iters: 200, epoch: 7 | loss: 0.2322856
	speed: 0.4624s/iter; left time: 23465.9509s
	iters: 300, epoch: 7 | loss: 0.2402623
	speed: 0.4625s/iter; left time: 23424.5187s
	iters: 400, epoch: 7 | loss: 0.2563455
	speed: 0.4633s/iter; left time: 23417.8642s
	iters: 500, epoch: 7 | loss: 0.2413390
	speed: 0.4635s/iter; left time: 23381.2112s
Epoch: 7 cost time: 250.79375171661377
Epoch: 7, Steps: 542 | Train Loss: 0.2440236 Vali Loss: 0.1816581 Test Loss: 0.2123021
Validation loss decreased (0.183964 --> 0.181658).  Saving model ...
Updating learning rate to 3.021279473671341e-05
	iters: 100, epoch: 8 | loss: 0.2445540
	speed: 1.1039s/iter; left time: 55531.8453s
	iters: 200, epoch: 8 | loss: 0.2664111
	speed: 0.4624s/iter; left time: 23217.4634s
	iters: 300, epoch: 8 | loss: 0.2767130
	speed: 0.4631s/iter; left time: 23203.9013s
	iters: 400, epoch: 8 | loss: 0.2092173
	speed: 0.4638s/iter; left time: 23192.2974s
	iters: 500, epoch: 8 | loss: 0.2394099
	speed: 0.4637s/iter; left time: 23141.5342s
Epoch: 8 cost time: 250.74522161483765
Epoch: 8, Steps: 542 | Train Loss: 0.2410394 Vali Loss: 0.1807922 Test Loss: 0.2113282
Validation loss decreased (0.181658 --> 0.180792).  Saving model ...
Updating learning rate to 3.717247695917431e-05
	iters: 100, epoch: 9 | loss: 0.2487721
	speed: 1.1041s/iter; left time: 54944.9708s
	iters: 200, epoch: 9 | loss: 0.2535720
	speed: 0.4626s/iter; left time: 22976.7962s
	iters: 300, epoch: 9 | loss: 0.2780524
	speed: 0.4626s/iter; left time: 22930.2970s
	iters: 400, epoch: 9 | loss: 0.2805598
	speed: 0.4633s/iter; left time: 22918.5866s
	iters: 500, epoch: 9 | loss: 0.2481187
	speed: 0.4640s/iter; left time: 22905.6090s
Epoch: 9 cost time: 250.73257541656494
Epoch: 9, Steps: 542 | Train Loss: 0.2384720 Vali Loss: 0.1816700 Test Loss: 0.2127809
EarlyStopping counter: 1 out of 10
Updating learning rate to 4.449732924148608e-05
	iters: 100, epoch: 10 | loss: 0.2550179
	speed: 1.1038s/iter; left time: 54334.3202s
	iters: 200, epoch: 10 | loss: 0.2167895
	speed: 0.4624s/iter; left time: 22715.7466s
	iters: 300, epoch: 10 | loss: 0.2115917
	speed: 0.4624s/iter; left time: 22669.2467s
	iters: 400, epoch: 10 | loss: 0.2343583
	speed: 0.4631s/iter; left time: 22655.2635s
	iters: 500, epoch: 10 | loss: 0.2303907
	speed: 0.4635s/iter; left time: 22628.5410s
Epoch: 10 cost time: 250.7133891582489
Epoch: 10, Steps: 542 | Train Loss: 0.2363749 Vali Loss: 0.1805708 Test Loss: 0.2103958
Validation loss decreased (0.180792 --> 0.180571).  Saving model ...
Updating learning rate to 5.2006956197381884e-05
	iters: 100, epoch: 11 | loss: 0.2372151
	speed: 1.1035s/iter; left time: 53719.3068s
	iters: 200, epoch: 11 | loss: 0.2385615
	speed: 0.4625s/iter; left time: 22467.0532s
	iters: 300, epoch: 11 | loss: 0.2075905
	speed: 0.4626s/iter; left time: 22429.5537s
	iters: 400, epoch: 11 | loss: 0.2366190
	speed: 0.4626s/iter; left time: 22383.3307s
	iters: 500, epoch: 11 | loss: 0.2328384
	speed: 0.4634s/iter; left time: 22375.7970s
Epoch: 11 cost time: 250.56539011001587
Epoch: 11, Steps: 542 | Train Loss: 0.2344476 Vali Loss: 0.1807278 Test Loss: 0.2116731
EarlyStopping counter: 1 out of 10
Updating learning rate to 5.951641183707017e-05
	iters: 100, epoch: 12 | loss: 0.2298197
	speed: 1.0996s/iter; left time: 52935.5375s
	iters: 200, epoch: 12 | loss: 0.2357890
	speed: 0.4625s/iter; left time: 22216.1346s
	iters: 300, epoch: 12 | loss: 0.2406995
	speed: 0.4627s/iter; left time: 22183.2293s
	iters: 400, epoch: 12 | loss: 0.2388566
	speed: 0.4632s/iter; left time: 22160.9942s
	iters: 500, epoch: 12 | loss: 0.2128336
	speed: 0.4635s/iter; left time: 22126.1811s
Epoch: 12 cost time: 250.60205364227295
Epoch: 12, Steps: 542 | Train Loss: 0.2325756 Vali Loss: 0.1785898 Test Loss: 0.2097399
Validation loss decreased (0.180571 --> 0.178590).  Saving model ...
Updating learning rate to 6.684075438990978e-05
	iters: 100, epoch: 13 | loss: 0.2139553
	speed: 1.1066s/iter; left time: 52670.3123s
	iters: 200, epoch: 13 | loss: 0.2453200
	speed: 0.4624s/iter; left time: 21961.1697s
	iters: 300, epoch: 13 | loss: 0.2431310
	speed: 0.4630s/iter; left time: 21945.9100s
	iters: 400, epoch: 13 | loss: 0.2098069
	speed: 0.4636s/iter; left time: 21925.8619s
	iters: 500, epoch: 13 | loss: 0.2291754
	speed: 0.4637s/iter; left time: 21885.6327s
Epoch: 13 cost time: 250.72209072113037
Epoch: 13, Steps: 542 | Train Loss: 0.2309714 Vali Loss: 0.1775774 Test Loss: 0.2085339
Validation loss decreased (0.178590 --> 0.177577).  Saving model ...
Updating learning rate to 7.379960102317646e-05
	iters: 100, epoch: 14 | loss: 0.2519530
	speed: 1.1069s/iter; left time: 52083.3255s
	iters: 200, epoch: 14 | loss: 0.2103387
	speed: 0.4625s/iter; left time: 21717.2413s
	iters: 300, epoch: 14 | loss: 0.2236238
	speed: 0.4628s/iter; left time: 21684.9026s
	iters: 400, epoch: 14 | loss: 0.2125680
	speed: 0.4628s/iter; left time: 21635.9461s
	iters: 500, epoch: 14 | loss: 0.2235052
	speed: 0.4634s/iter; left time: 21618.2173s
Epoch: 14 cost time: 250.5636260509491
Epoch: 14, Steps: 542 | Train Loss: 0.2292662 Vali Loss: 0.1800256 Test Loss: 0.2097293
EarlyStopping counter: 1 out of 10
Updating learning rate to 8.02215702839757e-05
	iters: 100, epoch: 15 | loss: 0.2288023
	speed: 1.1052s/iter; left time: 51406.3548s
	iters: 200, epoch: 15 | loss: 0.2363926
	speed: 0.4626s/iter; left time: 21470.6299s
	iters: 300, epoch: 15 | loss: 0.2177882
	speed: 0.4631s/iter; left time: 21446.5503s
	iters: 400, epoch: 15 | loss: 0.2111279
	speed: 0.4635s/iter; left time: 21420.0582s
	iters: 500, epoch: 15 | loss: 0.2095806
	speed: 0.4634s/iter; left time: 21370.9163s
Epoch: 15 cost time: 250.7027575969696
Epoch: 15, Steps: 542 | Train Loss: 0.2281623 Vali Loss: 0.1781895 Test Loss: 0.2099295
EarlyStopping counter: 2 out of 10
Updating learning rate to 8.594850285649532e-05
	iters: 100, epoch: 16 | loss: 0.2217094
	speed: 1.1004s/iter; left time: 50587.5684s
	iters: 200, epoch: 16 | loss: 0.2407265
	speed: 0.4626s/iter; left time: 21221.7953s
	iters: 300, epoch: 16 | loss: 0.2266174
	speed: 0.4635s/iter; left time: 21213.2620s
	iters: 400, epoch: 16 | loss: 0.2256804
	speed: 0.4634s/iter; left time: 21165.0293s
	iters: 500, epoch: 16 | loss: 0.2206676
	speed: 0.4635s/iter; left time: 21122.0589s
Epoch: 16 cost time: 250.90671181678772
Epoch: 16, Steps: 542 | Train Loss: 0.2265981 Vali Loss: 0.1787677 Test Loss: 0.2087066
EarlyStopping counter: 3 out of 10
Updating learning rate to 9.083935668640763e-05
	iters: 100, epoch: 17 | loss: 0.2382272
	speed: 1.1022s/iter; left time: 50073.0766s
	iters: 200, epoch: 17 | loss: 0.2360651
	speed: 0.4622s/iter; left time: 20952.4696s
	iters: 300, epoch: 17 | loss: 0.2374483
	speed: 0.4631s/iter; left time: 20944.7659s
	iters: 400, epoch: 17 | loss: 0.2470819
	speed: 0.4634s/iter; left time: 20911.6431s
	iters: 500, epoch: 17 | loss: 0.2237419
	speed: 0.4633s/iter; left time: 20863.5690s
Epoch: 17 cost time: 250.62843227386475
Epoch: 17, Steps: 542 | Train Loss: 0.2257822 Vali Loss: 0.1768785 Test Loss: 0.2096140
Validation loss decreased (0.177577 --> 0.176879).  Saving model ...
Updating learning rate to 9.477368054386976e-05
	iters: 100, epoch: 18 | loss: 0.2192371
	speed: 1.1025s/iter; left time: 49488.2923s
	iters: 200, epoch: 18 | loss: 0.2414283
	speed: 0.4623s/iter; left time: 20706.2450s
	iters: 300, epoch: 18 | loss: 0.2180083
	speed: 0.4632s/iter; left time: 20697.8615s
	iters: 400, epoch: 18 | loss: 0.2019416
	speed: 0.4632s/iter; left time: 20651.9904s
	iters: 500, epoch: 18 | loss: 0.2202959
	speed: 0.4630s/iter; left time: 20599.3791s
Epoch: 18 cost time: 250.56347703933716
Epoch: 18, Steps: 542 | Train Loss: 0.2244324 Vali Loss: 0.1787983 Test Loss: 0.2070592
EarlyStopping counter: 1 out of 10
Updating learning rate to 9.765458047872251e-05
	iters: 100, epoch: 19 | loss: 0.2282727
	speed: 1.1013s/iter; left time: 48837.8854s
	iters: 200, epoch: 19 | loss: 0.2262273
	speed: 0.4624s/iter; left time: 20457.7573s
	iters: 300, epoch: 19 | loss: 0.2530729
	speed: 0.4633s/iter; left time: 20450.2499s
	iters: 400, epoch: 19 | loss: 0.2191247
	speed: 0.4635s/iter; left time: 20413.6950s
	iters: 500, epoch: 19 | loss: 0.2465345
	speed: 0.4637s/iter; left time: 20375.2209s
Epoch: 19 cost time: 250.66621494293213
Epoch: 19, Steps: 542 | Train Loss: 0.2234220 Vali Loss: 0.1781941 Test Loss: 0.2055989
EarlyStopping counter: 2 out of 10
Updating learning rate to 9.941110611046483e-05
	iters: 100, epoch: 20 | loss: 0.2270628
	speed: 1.1044s/iter; left time: 48376.3390s
	iters: 200, epoch: 20 | loss: 0.2133373
	speed: 0.4622s/iter; left time: 20201.6605s
	iters: 300, epoch: 20 | loss: 0.2326590
	speed: 0.4628s/iter; left time: 20179.3867s
	iters: 400, epoch: 20 | loss: 0.2159712
	speed: 0.4632s/iter; left time: 20150.1251s
	iters: 500, epoch: 20 | loss: 0.2155159
	speed: 0.4635s/iter; left time: 20117.5546s
Epoch: 20 cost time: 250.61318731307983
Epoch: 20, Steps: 542 | Train Loss: 0.2223056 Vali Loss: 0.1793297 Test Loss: 0.2069678
EarlyStopping counter: 3 out of 10
Updating learning rate to 9.999999986876205e-05
	iters: 100, epoch: 21 | loss: 0.2330842
	speed: 1.1033s/iter; left time: 47727.8764s
	iters: 200, epoch: 21 | loss: 0.2110284
	speed: 0.4624s/iter; left time: 19955.6269s
	iters: 300, epoch: 21 | loss: 0.2126381
	speed: 0.4633s/iter; left time: 19948.1828s
	iters: 400, epoch: 21 | loss: 0.2230574
	speed: 0.4635s/iter; left time: 19911.2711s
	iters: 500, epoch: 21 | loss: 0.2208485
	speed: 0.4632s/iter; left time: 19851.1846s
Epoch: 21 cost time: 250.8155553340912
Epoch: 21, Steps: 542 | Train Loss: 0.2211399 Vali Loss: 0.1775658 Test Loss: 0.2052282
EarlyStopping counter: 4 out of 10
Updating learning rate to 9.996130960970547e-05
	iters: 100, epoch: 22 | loss: 0.1956801
	speed: 1.1034s/iter; left time: 47136.5374s
	iters: 200, epoch: 22 | loss: 0.2309501
	speed: 0.4623s/iter; left time: 19700.9030s
	iters: 300, epoch: 22 | loss: 0.2094796
	speed: 0.4630s/iter; left time: 19685.7859s
	iters: 400, epoch: 22 | loss: 0.2118037
	speed: 0.4630s/iter; left time: 19641.9856s
	iters: 500, epoch: 22 | loss: 0.2336840
	speed: 0.4633s/iter; left time: 19606.7579s
Epoch: 22 cost time: 250.75599670410156
Epoch: 22, Steps: 542 | Train Loss: 0.2201955 Vali Loss: 0.1782561 Test Loss: 0.2039799
EarlyStopping counter: 5 out of 10
Updating learning rate to 9.98455829408842e-05
	iters: 100, epoch: 23 | loss: 0.2393059
	speed: 1.1006s/iter; left time: 46418.4402s
	iters: 200, epoch: 23 | loss: 0.2326109
	speed: 0.4622s/iter; left time: 19448.0044s
	iters: 300, epoch: 23 | loss: 0.2153924
	speed: 0.4635s/iter; left time: 19456.9121s
	iters: 400, epoch: 23 | loss: 0.1960622
	speed: 0.4636s/iter; left time: 19415.4757s
	iters: 500, epoch: 23 | loss: 0.2296546
	speed: 0.4637s/iter; left time: 19370.2734s
Epoch: 23 cost time: 250.72113275527954
Epoch: 23, Steps: 542 | Train Loss: 0.2192331 Vali Loss: 0.1774034 Test Loss: 0.2057926
EarlyStopping counter: 6 out of 10
Updating learning rate to 9.965299830443348e-05
	iters: 100, epoch: 24 | loss: 0.2144898
	speed: 1.1044s/iter; left time: 45981.0815s
	iters: 200, epoch: 24 | loss: 0.2091970
	speed: 0.4624s/iter; left time: 19205.0842s
	iters: 300, epoch: 24 | loss: 0.2128652
	speed: 0.4629s/iter; left time: 19179.8203s
	iters: 400, epoch: 24 | loss: 0.2374955
	speed: 0.4632s/iter; left time: 19145.3469s
	iters: 500, epoch: 24 | loss: 0.2278668
	speed: 0.4632s/iter; left time: 19098.1040s
Epoch: 24 cost time: 250.61021995544434
Epoch: 24, Steps: 542 | Train Loss: 0.2183031 Vali Loss: 0.1770070 Test Loss: 0.2042477
EarlyStopping counter: 7 out of 10
Updating learning rate to 9.938385265190396e-05
	iters: 100, epoch: 25 | loss: 0.2243201
	speed: 1.1023s/iter; left time: 45295.7675s
	iters: 200, epoch: 25 | loss: 0.2131311
	speed: 0.4631s/iter; left time: 18983.1873s
	iters: 300, epoch: 25 | loss: 0.2044815
	speed: 0.4634s/iter; left time: 18949.2146s
	iters: 400, epoch: 25 | loss: 0.1994847
	speed: 0.4631s/iter; left time: 18892.4340s
	iters: 500, epoch: 25 | loss: 0.2212882
	speed: 0.4631s/iter; left time: 18843.2318s
Epoch: 25 cost time: 250.7817952632904
Epoch: 25, Steps: 542 | Train Loss: 0.2173688 Vali Loss: 0.1772174 Test Loss: 0.2035996
EarlyStopping counter: 8 out of 10
Updating learning rate to 9.903856098638375e-05
	iters: 100, epoch: 26 | loss: 0.2203063
	speed: 1.1040s/iter; left time: 44768.6174s
	iters: 200, epoch: 26 | loss: 0.2084688
	speed: 0.4629s/iter; left time: 18723.0934s
	iters: 300, epoch: 26 | loss: 0.2065922
	speed: 0.4631s/iter; left time: 18687.9529s
	iters: 400, epoch: 26 | loss: 0.2175760
	speed: 0.4632s/iter; left time: 18645.8576s
	iters: 500, epoch: 26 | loss: 0.2101077
	speed: 0.4632s/iter; left time: 18598.3645s
Epoch: 26 cost time: 250.72728753089905
Epoch: 26, Steps: 542 | Train Loss: 0.2164188 Vali Loss: 0.1778930 Test Loss: 0.2052420
EarlyStopping counter: 9 out of 10
Updating learning rate to 9.861765572259384e-05
	iters: 100, epoch: 27 | loss: 0.2263590
	speed: 1.1040s/iter; left time: 44170.6732s
	iters: 200, epoch: 27 | loss: 0.2141786
	speed: 0.4630s/iter; left time: 18479.5512s
	iters: 300, epoch: 27 | loss: 0.2305700
	speed: 0.4633s/iter; left time: 18442.7341s
	iters: 400, epoch: 27 | loss: 0.2056529
	speed: 0.4634s/iter; left time: 18402.4435s
	iters: 500, epoch: 27 | loss: 0.2026161
	speed: 0.4635s/iter; left time: 18359.9527s
Epoch: 27 cost time: 250.81950044631958
Epoch: 27, Steps: 542 | Train Loss: 0.2156281 Vali Loss: 0.1783545 Test Loss: 0.2028828
EarlyStopping counter: 10 out of 10
Early stopping
>>>>>>>testing : Flatten_electricity_336_720_PatchTST_custom_ftM_sl336_ll48_pl720_dm128_nh16_el3_dl1_df256_fc1_ebtimeF_dtTrue_Exp_0<<<<<<<<<<<<<<<<<<<<<<<<<<<<<<<<<
test 4541
