==========================================================
Lanzando Experimento: Flatten_ettm2 | Dataset: ettm2
==========================================================
Args in experiment:
Namespace(random_seed=2021, is_training=1, model_id='Flatten_ettm2_336_96', model='PatchTST', data='ETTm2', root_path='./dataset/', data_path='ETTm2.csv', features='M', target='OT', freq='h', checkpoints='./checkpoints/', seq_len=336, label_len=48, pred_len=96, head_type='flatten', fc_dropout=0.2, head_dropout=0.0, patch_len=16, stride=8, padding_patch='end', revin=1, affine=0, subtract_last=0, decomposition=0, kernel_size=25, individual=0, embed_type=0, enc_in=7, dec_in=7, c_out=7, d_model=128, n_heads=16, e_layers=3, d_layers=1, d_ff=256, moving_avg=25, factor=1, distil=True, dropout=0.2, embed='timeF', activation='gelu', output_attention=False, do_predict=False, num_workers=0, itr=1, train_epochs=100, batch_size=128, patience=20, learning_rate=0.0001, des='Exp', loss='mse', lradj='TST', pct_start=0.4, use_amp=False, use_gpu=True, gpu=0, use_multi_gpu=False, devices='0,1,2,3', test_flop=False)
Use GPU: cuda:0
>>>>>>>start training : Flatten_ettm2_336_96_PatchTST_ETTm2_ftM_sl336_ll48_pl96_dm128_nh16_el3_dl1_df256_fc1_ebtimeF_dtTrue_Exp_0>>>>>>>>>>>>>>>>>>>>>>>>>>
train 34129
val 11425
test 11425
	iters: 100, epoch: 1 | loss: 0.5928912
	speed: 0.0743s/iter; left time: 1967.8559s
	iters: 200, epoch: 1 | loss: 0.5885773
	speed: 0.0471s/iter; left time: 1243.0918s
Epoch: 1 cost time: 13.114675283432007
Epoch: 1, Steps: 266 | Train Loss: 0.4519761 Vali Loss: 0.2333419 Test Loss: 0.3105733
Validation loss decreased (inf --> 0.233342).  Saving model ...
Updating learning rate to 4.147995783958166e-06
	iters: 100, epoch: 2 | loss: 0.3548880
	speed: 0.1145s/iter; left time: 3005.1681s
	iters: 200, epoch: 2 | loss: 0.5324150
	speed: 0.0474s/iter; left time: 1238.6162s
Epoch: 2 cost time: 12.718690156936646
Epoch: 2, Steps: 266 | Train Loss: 0.4498861 Vali Loss: 0.2322652 Test Loss: 0.3092488
Validation loss decreased (0.233342 --> 0.232265).  Saving model ...
Updating learning rate to 4.591070521163098e-06
	iters: 100, epoch: 3 | loss: 0.3843043
	speed: 0.1212s/iter; left time: 3146.2165s
	iters: 200, epoch: 3 | loss: 0.3262099
	speed: 0.0551s/iter; left time: 1425.9103s
Epoch: 3 cost time: 14.84677529335022
Epoch: 3, Steps: 266 | Train Loss: 0.4473825 Vali Loss: 0.2309215 Test Loss: 0.3073052
Validation loss decreased (0.232265 --> 0.230921).  Saving model ...
Updating learning rate to 5.326491995236255e-06
	iters: 100, epoch: 4 | loss: 0.3232614
	speed: 0.1284s/iter; left time: 3299.6620s
	iters: 200, epoch: 4 | loss: 0.4955872
	speed: 0.0494s/iter; left time: 1265.9115s
Epoch: 4 cost time: 13.727428197860718
Epoch: 4, Steps: 266 | Train Loss: 0.4449139 Vali Loss: 0.2295015 Test Loss: 0.3053201
Validation loss decreased (0.230921 --> 0.229502).  Saving model ...
Updating learning rate to 6.349725236277868e-06
	iters: 100, epoch: 5 | loss: 0.3805282
	speed: 0.1142s/iter; left time: 2904.3428s
	iters: 200, epoch: 5 | loss: 0.4750675
	speed: 0.0485s/iter; left time: 1229.0593s
Epoch: 5 cost time: 12.896867752075195
Epoch: 5, Steps: 266 | Train Loss: 0.4412276 Vali Loss: 0.2277635 Test Loss: 0.3030186
Validation loss decreased (0.229502 --> 0.227763).  Saving model ...
Updating learning rate to 7.654460485717921e-06
	iters: 100, epoch: 6 | loss: 0.4804889
	speed: 0.1154s/iter; left time: 2903.4755s
	iters: 200, epoch: 6 | loss: 0.3002339
	speed: 0.0494s/iter; left time: 1237.2656s
Epoch: 6 cost time: 13.087298393249512
Epoch: 6, Steps: 266 | Train Loss: 0.4367629 Vali Loss: 0.2254683 Test Loss: 0.2999250
Validation loss decreased (0.227763 --> 0.225468).  Saving model ...
Updating learning rate to 9.232652105385623e-06
	iters: 100, epoch: 7 | loss: 0.3926447
	speed: 0.1156s/iter; left time: 2879.0718s
	iters: 200, epoch: 7 | loss: 0.5616559
	speed: 0.0490s/iter; left time: 1215.0168s
Epoch: 7 cost time: 13.025379657745361
Epoch: 7, Steps: 266 | Train Loss: 0.4326171 Vali Loss: 0.2230362 Test Loss: 0.2967914
Validation loss decreased (0.225468 --> 0.223036).  Saving model ...
Updating learning rate to 1.1074568190864783e-05
	iters: 100, epoch: 8 | loss: 0.4453252
	speed: 0.1155s/iter; left time: 2845.1851s
	iters: 200, epoch: 8 | loss: 0.3712145
	speed: 0.0490s/iter; left time: 1201.8446s
Epoch: 8 cost time: 13.023955345153809
Epoch: 8, Steps: 266 | Train Loss: 0.4275236 Vali Loss: 0.2202318 Test Loss: 0.2929076
Validation loss decreased (0.223036 --> 0.220232).  Saving model ...
Updating learning rate to 1.316885058319476e-05
	iters: 100, epoch: 9 | loss: 0.3540949
	speed: 0.1159s/iter; left time: 2824.7391s
	iters: 200, epoch: 9 | loss: 0.4799900
	speed: 0.0530s/iter; left time: 1285.5292s
Epoch: 9 cost time: 13.50608491897583
Epoch: 9, Steps: 266 | Train Loss: 0.4210806 Vali Loss: 0.2168189 Test Loss: 0.2885695
Validation loss decreased (0.220232 --> 0.216819).  Saving model ...
Updating learning rate to 1.5502584908855415e-05
	iters: 100, epoch: 10 | loss: 0.3522998
	speed: 0.1147s/iter; left time: 2765.7660s
	iters: 200, epoch: 10 | loss: 0.3390685
	speed: 0.0475s/iter; left time: 1140.6152s
Epoch: 10 cost time: 12.647135972976685
Epoch: 10, Steps: 266 | Train Loss: 0.4139992 Vali Loss: 0.2129502 Test Loss: 0.2835353
Validation loss decreased (0.216819 --> 0.212950).  Saving model ...
Updating learning rate to 1.806138021613527e-05
	iters: 100, epoch: 11 | loss: 0.3621847
	speed: 0.1131s/iter; left time: 2695.4514s
	iters: 200, epoch: 11 | loss: 0.3545963
	speed: 0.0474s/iter; left time: 1124.5828s
Epoch: 11 cost time: 12.616508722305298
Epoch: 11, Steps: 266 | Train Loss: 0.4066246 Vali Loss: 0.2087032 Test Loss: 0.2779742
Validation loss decreased (0.212950 --> 0.208703).  Saving model ...
Updating learning rate to 2.0829457716805565e-05
	iters: 100, epoch: 12 | loss: 0.4202099
	speed: 0.1127s/iter; left time: 2657.8739s
	iters: 200, epoch: 12 | loss: 0.2936207
	speed: 0.0473s/iter; left time: 1109.8614s
Epoch: 12 cost time: 12.637728929519653
Epoch: 12, Steps: 266 | Train Loss: 0.3975911 Vali Loss: 0.2039422 Test Loss: 0.2718081
Validation loss decreased (0.208703 --> 0.203942).  Saving model ...
Updating learning rate to 2.3789748085875986e-05
	iters: 100, epoch: 13 | loss: 0.2867628
	speed: 0.1131s/iter; left time: 2635.8039s
	iters: 200, epoch: 13 | loss: 0.3201316
	speed: 0.0475s/iter; left time: 1103.4188s
Epoch: 13 cost time: 12.626184940338135
Epoch: 13, Steps: 266 | Train Loss: 0.3878189 Vali Loss: 0.1987427 Test Loss: 0.2652578
Validation loss decreased (0.203942 --> 0.198743).  Saving model ...
Updating learning rate to 2.6923996719433387e-05
	iters: 100, epoch: 14 | loss: 0.4527227
	speed: 0.1137s/iter; left time: 2619.0881s
	iters: 200, epoch: 14 | loss: 0.2521337
	speed: 0.0475s/iter; left time: 1090.3761s
Epoch: 14 cost time: 12.687480449676514
Epoch: 14, Steps: 266 | Train Loss: 0.3775549 Vali Loss: 0.1932901 Test Loss: 0.2581910
Validation loss decreased (0.198743 --> 0.193290).  Saving model ...
Updating learning rate to 3.021287630149266e-05
	iters: 100, epoch: 15 | loss: 0.2980108
	speed: 0.1160s/iter; left time: 2642.6250s
	iters: 200, epoch: 15 | loss: 0.3426362
	speed: 0.0477s/iter; left time: 1081.2040s
Epoch: 15 cost time: 12.709600687026978
Epoch: 15, Steps: 266 | Train Loss: 0.3668958 Vali Loss: 0.1872309 Test Loss: 0.2507052
Validation loss decreased (0.193290 --> 0.187231).  Saving model ...
Updating learning rate to 3.363610598571669e-05
	iters: 100, epoch: 16 | loss: 0.4152606
	speed: 0.1139s/iter; left time: 2564.7380s
	iters: 200, epoch: 16 | loss: 0.3352330
	speed: 0.0473s/iter; left time: 1059.7067s
Epoch: 16 cost time: 12.699145317077637
Epoch: 16, Steps: 266 | Train Loss: 0.3550157 Vali Loss: 0.1809158 Test Loss: 0.2428312
Validation loss decreased (0.187231 --> 0.180916).  Saving model ...
Updating learning rate to 3.717257645707274e-05
	iters: 100, epoch: 17 | loss: 0.3357270
	speed: 0.1130s/iter; left time: 2514.4519s
	iters: 200, epoch: 17 | loss: 0.2698607
	speed: 0.0476s/iter; left time: 1053.8563s
Epoch: 17 cost time: 12.656400918960571
Epoch: 17, Steps: 266 | Train Loss: 0.3418101 Vali Loss: 0.1743893 Test Loss: 0.2347427
Validation loss decreased (0.180916 --> 0.174389).  Saving model ...
Updating learning rate to 4.08004801022336e-05
	iters: 100, epoch: 18 | loss: 0.3248483
	speed: 0.1133s/iter; left time: 2489.8632s
	iters: 200, epoch: 18 | loss: 0.2795541
	speed: 0.0475s/iter; left time: 1039.9715s
Epoch: 18 cost time: 12.657405853271484
Epoch: 18, Steps: 266 | Train Loss: 0.3299647 Vali Loss: 0.1676427 Test Loss: 0.2264243
Validation loss decreased (0.174389 --> 0.167643).  Saving model ...
Updating learning rate to 4.4497445486028815e-05
	iters: 100, epoch: 19 | loss: 0.3679543
	speed: 0.1139s/iter; left time: 2474.1609s
	iters: 200, epoch: 19 | loss: 0.2617725
	speed: 0.0473s/iter; left time: 1022.7361s
Epoch: 19 cost time: 12.70664358139038
Epoch: 19, Steps: 266 | Train Loss: 0.3167518 Vali Loss: 0.1608087 Test Loss: 0.2182411
Validation loss decreased (0.167643 --> 0.160809).  Saving model ...
Updating learning rate to 4.8240675304698384e-05
	iters: 100, epoch: 20 | loss: 0.2907841
	speed: 0.1139s/iter; left time: 2442.5410s
	iters: 200, epoch: 20 | loss: 0.2908782
	speed: 0.0475s/iter; left time: 1014.2141s
Epoch: 20 cost time: 12.711284637451172
Epoch: 20, Steps: 266 | Train Loss: 0.3037561 Vali Loss: 0.1540581 Test Loss: 0.2103705
Validation loss decreased (0.160809 --> 0.154058).  Saving model ...
Updating learning rate to 5.2007086965261054e-05
	iters: 100, epoch: 21 | loss: 0.2574436
	speed: 0.1134s/iter; left time: 2401.4183s
	iters: 200, epoch: 21 | loss: 0.2488529
	speed: 0.0473s/iter; left time: 997.6278s
Epoch: 21 cost time: 12.667503595352173
Epoch: 21, Steps: 266 | Train Loss: 0.2917739 Vali Loss: 0.1479439 Test Loss: 0.2031422
Validation loss decreased (0.154058 --> 0.147944).  Saving model ...
Updating learning rate to 5.5773454924116216e-05
	iters: 100, epoch: 22 | loss: 0.3065578
	speed: 0.1155s/iter; left time: 2415.4715s
	iters: 200, epoch: 22 | loss: 0.2654864
	speed: 0.0478s/iter; left time: 995.0763s
Epoch: 22 cost time: 12.654881715774536
Epoch: 22, Steps: 266 | Train Loss: 0.2805110 Vali Loss: 0.1423364 Test Loss: 0.1967300
Validation loss decreased (0.147944 --> 0.142336).  Saving model ...
Updating learning rate to 5.95165539071495e-05
	iters: 100, epoch: 23 | loss: 0.2376011
	speed: 0.1131s/iter; left time: 2335.3491s
	iters: 200, epoch: 23 | loss: 0.2554250
	speed: 0.0473s/iter; left time: 972.6269s
Epoch: 23 cost time: 12.6439528465271
Epoch: 23, Steps: 266 | Train Loss: 0.2705810 Vali Loss: 0.1377252 Test Loss: 0.1913404
Validation loss decreased (0.142336 --> 0.137725).  Saving model ...
Updating learning rate to 6.321330212817643e-05
	iters: 100, epoch: 24 | loss: 0.2687736
	speed: 0.1132s/iter; left time: 2308.2667s
	iters: 200, epoch: 24 | loss: 0.2420184
	speed: 0.0481s/iter; left time: 976.1720s
Epoch: 24 cost time: 12.712217807769775
Epoch: 24, Steps: 266 | Train Loss: 0.2616446 Vali Loss: 0.1338965 Test Loss: 0.1867462
Validation loss decreased (0.137725 --> 0.133896).  Saving model ...
Updating learning rate to 6.684090362256924e-05
	iters: 100, epoch: 25 | loss: 0.4829403
	speed: 0.1151s/iter; left time: 2316.3920s
	iters: 200, epoch: 25 | loss: 0.2260980
	speed: 0.0475s/iter; left time: 951.3901s
Epoch: 25 cost time: 12.64148736000061
Epoch: 25, Steps: 266 | Train Loss: 0.2543640 Vali Loss: 0.1308032 Test Loss: 0.1827585
Validation loss decreased (0.133896 --> 0.130803).  Saving model ...
Updating learning rate to 7.037698881836747e-05
	iters: 100, epoch: 26 | loss: 0.2326226
	speed: 0.1138s/iter; left time: 2259.6245s
	iters: 200, epoch: 26 | loss: 0.1743267
	speed: 0.0495s/iter; left time: 978.4705s
Epoch: 26 cost time: 13.10920786857605
Epoch: 26, Steps: 266 | Train Loss: 0.2476299 Vali Loss: 0.1283063 Test Loss: 0.1791582
Validation loss decreased (0.130803 --> 0.128306).  Saving model ...
Updating learning rate to 7.379975247804219e-05
	iters: 100, epoch: 27 | loss: 0.1854938
	speed: 0.1169s/iter; left time: 2289.8809s
	iters: 200, epoch: 27 | loss: 0.1856237
	speed: 0.0485s/iter; left time: 944.0759s
Epoch: 27 cost time: 12.964872598648071
Epoch: 27, Steps: 266 | Train Loss: 0.2420506 Vali Loss: 0.1262492 Test Loss: 0.1761820
Validation loss decreased (0.128306 --> 0.126249).  Saving model ...
Updating learning rate to 7.70880881602968e-05
	iters: 100, epoch: 28 | loss: 0.2441222
	speed: 0.1152s/iter; left time: 2225.9908s
	iters: 200, epoch: 28 | loss: 0.2177920
	speed: 0.0494s/iter; left time: 949.2192s
Epoch: 28 cost time: 13.202303171157837
Epoch: 28, Steps: 266 | Train Loss: 0.2370875 Vali Loss: 0.1245499 Test Loss: 0.1735328
Validation loss decreased (0.126249 --> 0.124550).  Saving model ...
Updating learning rate to 8.02217183727475e-05
	iters: 100, epoch: 29 | loss: 0.2213344
	speed: 0.1165s/iter; left time: 2220.5775s
	iters: 200, epoch: 29 | loss: 0.1880961
	speed: 0.0499s/iter; left time: 946.5204s
Epoch: 29 cost time: 13.217859745025635
Epoch: 29, Steps: 266 | Train Loss: 0.2329209 Vali Loss: 0.1229483 Test Loss: 0.1715420
Validation loss decreased (0.124550 --> 0.122948).  Saving model ...
Updating learning rate to 8.318131961289731e-05
	iters: 100, epoch: 30 | loss: 0.2127399
	speed: 0.1188s/iter; left time: 2232.5907s
	iters: 200, epoch: 30 | loss: 0.2507493
	speed: 0.0493s/iter; left time: 921.5344s
Epoch: 30 cost time: 13.053744077682495
Epoch: 30, Steps: 266 | Train Loss: 0.2295926 Vali Loss: 0.1220417 Test Loss: 0.1696610
Validation loss decreased (0.122948 --> 0.122042).  Saving model ...
Updating learning rate to 8.59486415263404e-05
	iters: 100, epoch: 31 | loss: 0.1908629
	speed: 0.1164s/iter; left time: 2155.0511s
	iters: 200, epoch: 31 | loss: 0.1782982
	speed: 0.0493s/iter; left time: 908.2053s
Epoch: 31 cost time: 13.110295057296753
Epoch: 31, Steps: 266 | Train Loss: 0.2268317 Vali Loss: 0.1209163 Test Loss: 0.1682831
Validation loss decreased (0.122042 --> 0.120916).  Saving model ...
Updating learning rate to 8.850661944740828e-05
	iters: 100, epoch: 32 | loss: 0.2931621
	speed: 0.1168s/iter; left time: 2132.2522s
	iters: 200, epoch: 32 | loss: 0.2147028
	speed: 0.0488s/iter; left time: 885.2864s
Epoch: 32 cost time: 13.189114809036255
Epoch: 32, Steps: 266 | Train Loss: 0.2242387 Vali Loss: 0.1201502 Test Loss: 0.1671632
Validation loss decreased (0.120916 --> 0.120150).  Saving model ...
Updating learning rate to 9.083947962827694e-05
	iters: 100, epoch: 33 | loss: 0.2574884
	speed: 0.1167s/iter; left time: 2098.5957s
	iters: 200, epoch: 33 | loss: 0.2421610
	speed: 0.0502s/iter; left time: 898.4087s
Epoch: 33 cost time: 13.186145544052124
Epoch: 33, Steps: 266 | Train Loss: 0.2224304 Vali Loss: 0.1196274 Test Loss: 0.1663056
Validation loss decreased (0.120150 --> 0.119627).  Saving model ...
Updating learning rate to 9.293283650764084e-05
	iters: 100, epoch: 34 | loss: 0.1865107
	speed: 0.1173s/iter; left time: 2079.2804s
	iters: 200, epoch: 34 | loss: 0.1729062
	speed: 0.0499s/iter; left time: 879.1129s
Epoch: 34 cost time: 13.213756561279297
Epoch: 34, Steps: 266 | Train Loss: 0.2205841 Vali Loss: 0.1191616 Test Loss: 0.1656837
Validation loss decreased (0.119627 --> 0.119162).  Saving model ...
Updating learning rate to 9.477378141914727e-05
	iters: 100, epoch: 35 | loss: 0.1759412
	speed: 0.1181s/iter; left time: 2062.1398s
	iters: 200, epoch: 35 | loss: 0.1889853
	speed: 0.0497s/iter; left time: 861.9415s
Epoch: 35 cost time: 13.376994132995605
Epoch: 35, Steps: 266 | Train Loss: 0.2192460 Vali Loss: 0.1188118 Test Loss: 0.1652422
Validation loss decreased (0.119162 --> 0.118812).  Saving model ...
Updating learning rate to 9.635096219257111e-05
	iters: 100, epoch: 36 | loss: 0.2242340
	speed: 0.1247s/iter; left time: 2142.8845s
	iters: 200, epoch: 36 | loss: 0.2117175
	speed: 0.0531s/iter; left time: 907.1252s
Epoch: 36 cost time: 14.140920162200928
Epoch: 36, Steps: 266 | Train Loss: 0.2179012 Vali Loss: 0.1184996 Test Loss: 0.1648600
Validation loss decreased (0.118812 --> 0.118500).  Saving model ...
Updating learning rate to 9.765465315687045e-05
	iters: 100, epoch: 37 | loss: 0.2352945
	speed: 0.1139s/iter; left time: 1927.8326s
	iters: 200, epoch: 37 | loss: 0.1614291
	speed: 0.0489s/iter; left time: 823.5269s
Epoch: 37 cost time: 12.884170293807983
Epoch: 37, Steps: 266 | Train Loss: 0.2167854 Vali Loss: 0.1184355 Test Loss: 0.1645667
Validation loss decreased (0.118500 --> 0.118436).  Saving model ...
Updating learning rate to 9.867681511344941e-05
	iters: 100, epoch: 38 | loss: 0.1702691
	speed: 0.1144s/iter; left time: 1905.2003s
	iters: 200, epoch: 38 | loss: 0.2471304
	speed: 0.0490s/iter; left time: 811.9347s
Epoch: 38 cost time: 12.980049133300781
Epoch: 38, Steps: 266 | Train Loss: 0.2154624 Vali Loss: 0.1184166 Test Loss: 0.1641432
Validation loss decreased (0.118436 --> 0.118417).  Saving model ...
Updating learning rate to 9.941114490980398e-05
	iters: 100, epoch: 39 | loss: 0.3101737
	speed: 0.1145s/iter; left time: 1877.6176s
	iters: 200, epoch: 39 | loss: 0.1869024
	speed: 0.0474s/iter; left time: 771.9859s
Epoch: 39 cost time: 12.673715353012085
Epoch: 39, Steps: 266 | Train Loss: 0.2141297 Vali Loss: 0.1181884 Test Loss: 0.1640290
Validation loss decreased (0.118417 --> 0.118188).  Saving model ...
Updating learning rate to 9.98531143078552e-05
	iters: 100, epoch: 40 | loss: 0.1421887
	speed: 0.1130s/iter; left time: 1823.1165s
	iters: 200, epoch: 40 | loss: 0.3400157
	speed: 0.0472s/iter; left time: 757.1518s
Epoch: 40 cost time: 12.6097412109375
Epoch: 40, Steps: 266 | Train Loss: 0.2137403 Vali Loss: 0.1179880 Test Loss: 0.1638815
Validation loss decreased (0.118188 --> 0.117988).  Saving model ...
Updating learning rate to 9.999999903133806e-05
	iters: 100, epoch: 41 | loss: 0.1955332
	speed: 0.1137s/iter; left time: 1803.6523s
	iters: 200, epoch: 41 | loss: 0.1673060
	speed: 0.0476s/iter; left time: 750.6629s
Epoch: 41 cost time: 12.715841054916382
Epoch: 41, Steps: 266 | Train Loss: 0.2128124 Vali Loss: 0.1179317 Test Loss: 0.1638248
Validation loss decreased (0.117988 --> 0.117932).  Saving model ...
Updating learning rate to 9.993096095176514e-05
	iters: 100, epoch: 42 | loss: 0.2357503
	speed: 0.1128s/iter; left time: 1758.5084s
	iters: 200, epoch: 42 | loss: 0.1835503
	speed: 0.0478s/iter; left time: 741.2225s
Epoch: 42 cost time: 12.686694145202637
Epoch: 42, Steps: 266 | Train Loss: 0.2118945 Vali Loss: 0.1178999 Test Loss: 0.1637606
Validation loss decreased (0.117932 --> 0.117900).  Saving model ...
Updating learning rate to 9.972506612706808e-05
	iters: 100, epoch: 43 | loss: 0.2091518
	speed: 0.1131s/iter; left time: 1733.5325s
	iters: 200, epoch: 43 | loss: 0.1588794
	speed: 0.0475s/iter; left time: 722.8158s
Epoch: 43 cost time: 12.631084442138672
Epoch: 43, Steps: 266 | Train Loss: 0.2104139 Vali Loss: 0.1180245 Test Loss: 0.1635580
EarlyStopping counter: 1 out of 20
Updating learning rate to 9.93828789006498e-05
	iters: 100, epoch: 44 | loss: 0.2268915
	speed: 0.1125s/iter; left time: 1695.1904s
	iters: 200, epoch: 44 | loss: 0.2753449
	speed: 0.0473s/iter; left time: 707.5165s
Epoch: 44 cost time: 12.57664966583252
Epoch: 44, Steps: 266 | Train Loss: 0.2102754 Vali Loss: 0.1181779 Test Loss: 0.1636310
EarlyStopping counter: 2 out of 20
Updating learning rate to 9.890533718391275e-05
	iters: 100, epoch: 45 | loss: 0.2908165
	speed: 0.1123s/iter; left time: 1662.3058s
	iters: 200, epoch: 45 | loss: 0.1858904
	speed: 0.0473s/iter; left time: 695.8706s
Epoch: 45 cost time: 12.639247417449951
Epoch: 45, Steps: 266 | Train Loss: 0.2089863 Vali Loss: 0.1181608 Test Loss: 0.1637062
EarlyStopping counter: 3 out of 20
Updating learning rate to 9.829374988550901e-05
	iters: 100, epoch: 46 | loss: 0.2383940
	speed: 0.1128s/iter; left time: 1639.2232s
	iters: 200, epoch: 46 | loss: 0.1632840
	speed: 0.0476s/iter; left time: 686.4804s
Epoch: 46 cost time: 12.64408254623413
Epoch: 46, Steps: 266 | Train Loss: 0.2080552 Vali Loss: 0.1185044 Test Loss: 0.1636890
EarlyStopping counter: 4 out of 20
Updating learning rate to 9.754979332371259e-05
	iters: 100, epoch: 47 | loss: 0.1858524
	speed: 0.1127s/iter; left time: 1608.1305s
	iters: 200, epoch: 47 | loss: 0.1588237
	speed: 0.0474s/iter; left time: 671.0172s
Epoch: 47 cost time: 12.639257192611694
Epoch: 47, Steps: 266 | Train Loss: 0.2070651 Vali Loss: 0.1187507 Test Loss: 0.1639094
EarlyStopping counter: 5 out of 20
Updating learning rate to 9.667550663174757e-05
	iters: 100, epoch: 48 | loss: 0.1740872
	speed: 0.1125s/iter; left time: 1574.3808s
	iters: 200, epoch: 48 | loss: 0.2589375
	speed: 0.0475s/iter; left time: 660.5269s
Epoch: 48 cost time: 12.658001899719238
Epoch: 48, Steps: 266 | Train Loss: 0.2060530 Vali Loss: 0.1189194 Test Loss: 0.1641155
EarlyStopping counter: 6 out of 20
Updating learning rate to 9.567328616866573e-05
	iters: 100, epoch: 49 | loss: 0.1644411
	speed: 0.1126s/iter; left time: 1546.7783s
	iters: 200, epoch: 49 | loss: 0.1879884
	speed: 0.0475s/iter; left time: 647.1019s
Epoch: 49 cost time: 12.622634172439575
Epoch: 49, Steps: 266 | Train Loss: 0.2053802 Vali Loss: 0.1187900 Test Loss: 0.1642030
EarlyStopping counter: 7 out of 20
Updating learning rate to 9.454587895109285e-05
	iters: 100, epoch: 50 | loss: 0.2090940
	speed: 0.1123s/iter; left time: 1512.0074s
	iters: 200, epoch: 50 | loss: 0.1654584
	speed: 0.0475s/iter; left time: 635.3747s
Epoch: 50 cost time: 12.611873865127563
Epoch: 50, Steps: 266 | Train Loss: 0.2039701 Vali Loss: 0.1193313 Test Loss: 0.1644743
EarlyStopping counter: 8 out of 20
Updating learning rate to 9.329637512384722e-05
	iters: 100, epoch: 51 | loss: 0.2708370
	speed: 0.1124s/iter; left time: 1483.7729s
	iters: 200, epoch: 51 | loss: 0.2223162
	speed: 0.0474s/iter; left time: 620.8725s
Epoch: 51 cost time: 12.602653980255127
Epoch: 51, Steps: 266 | Train Loss: 0.2030432 Vali Loss: 0.1194831 Test Loss: 0.1646406
EarlyStopping counter: 9 out of 20
Updating learning rate to 9.192819949006735e-05
	iters: 100, epoch: 52 | loss: 0.1869206
	speed: 0.1124s/iter; left time: 1453.6208s
	iters: 200, epoch: 52 | loss: 0.2469458
	speed: 0.0476s/iter; left time: 610.6319s
Epoch: 52 cost time: 12.629649639129639
Epoch: 52, Steps: 266 | Train Loss: 0.2024070 Vali Loss: 0.1198219 Test Loss: 0.1649882
EarlyStopping counter: 10 out of 20
Updating learning rate to 9.044510212406473e-05
	iters: 100, epoch: 53 | loss: 0.2488298
	speed: 0.1129s/iter; left time: 1430.2265s
	iters: 200, epoch: 53 | loss: 0.2541938
	speed: 0.0477s/iter; left time: 600.0533s
Epoch: 53 cost time: 12.707054376602173
Epoch: 53, Steps: 266 | Train Loss: 0.2016319 Vali Loss: 0.1196466 Test Loss: 0.1649611
EarlyStopping counter: 11 out of 20
Updating learning rate to 8.885114809263072e-05
	iters: 100, epoch: 54 | loss: 0.2045438
	speed: 0.1122s/iter; left time: 1392.1334s
	iters: 200, epoch: 54 | loss: 0.2114274
	speed: 0.0475s/iter; left time: 584.2861s
Epoch: 54 cost time: 12.601944208145142
Epoch: 54, Steps: 266 | Train Loss: 0.2004798 Vali Loss: 0.1200493 Test Loss: 0.1651069
EarlyStopping counter: 12 out of 20
Updating learning rate to 8.71507063129711e-05
	iters: 100, epoch: 55 | loss: 0.2587126
	speed: 0.1129s/iter; left time: 1370.3152s
	iters: 200, epoch: 55 | loss: 0.2367011
	speed: 0.0475s/iter; left time: 572.3389s
Epoch: 55 cost time: 12.721228122711182
Epoch: 55, Steps: 266 | Train Loss: 0.1999745 Vali Loss: 0.1200979 Test Loss: 0.1653349
EarlyStopping counter: 13 out of 20
Updating learning rate to 8.534843757780764e-05
	iters: 100, epoch: 56 | loss: 0.2076241
	speed: 0.1128s/iter; left time: 1339.5653s
	iters: 200, epoch: 56 | loss: 0.2601694
	speed: 0.0479s/iter; left time: 563.2813s
Epoch: 56 cost time: 12.652021646499634
Epoch: 56, Steps: 266 | Train Loss: 0.1989545 Vali Loss: 0.1203151 Test Loss: 0.1658180
EarlyStopping counter: 14 out of 20
Updating learning rate to 8.34492817804693e-05
	iters: 100, epoch: 57 | loss: 0.1964846
	speed: 0.1121s/iter; left time: 1300.6789s
	iters: 200, epoch: 57 | loss: 0.1916758
	speed: 0.0477s/iter; left time: 548.6115s
Epoch: 57 cost time: 12.619493961334229
Epoch: 57, Steps: 266 | Train Loss: 0.1985387 Vali Loss: 0.1206411 Test Loss: 0.1660360
EarlyStopping counter: 15 out of 20
Updating learning rate to 8.145844437498785e-05
	iters: 100, epoch: 58 | loss: 0.1687166
	speed: 0.1129s/iter; left time: 1279.6285s
	iters: 200, epoch: 58 | loss: 0.2203704
	speed: 0.0472s/iter; left time: 531.0237s
Epoch: 58 cost time: 12.636276721954346
Epoch: 58, Steps: 266 | Train Loss: 0.1981432 Vali Loss: 0.1205298 Test Loss: 0.1661888
EarlyStopping counter: 16 out of 20
Updating learning rate to 7.938138210831032e-05
	iters: 100, epoch: 59 | loss: 0.2612900
	speed: 0.1125s/iter; left time: 1245.8850s
	iters: 200, epoch: 59 | loss: 0.1869294
	speed: 0.0475s/iter; left time: 521.5146s
Epoch: 59 cost time: 12.635379076004028
Epoch: 59, Steps: 266 | Train Loss: 0.1974136 Vali Loss: 0.1207015 Test Loss: 0.1661328
EarlyStopping counter: 17 out of 20
Updating learning rate to 7.722378806373484e-05
	iters: 100, epoch: 60 | loss: 0.2090419
	speed: 0.1126s/iter; left time: 1217.3313s
	iters: 200, epoch: 60 | loss: 0.1491466
	speed: 0.0474s/iter; left time: 507.5839s
Epoch: 60 cost time: 12.643993616104126
Epoch: 60, Steps: 266 | Train Loss: 0.1966762 Vali Loss: 0.1205906 Test Loss: 0.1661319
EarlyStopping counter: 18 out of 20
Updating learning rate to 7.499157605656507e-05
	iters: 100, epoch: 61 | loss: 0.1389953
	speed: 0.1122s/iter; left time: 1182.6444s
	iters: 200, epoch: 61 | loss: 0.2426556
	speed: 0.0472s/iter; left time: 493.2492s
Epoch: 61 cost time: 12.584155797958374
Epoch: 61, Steps: 266 | Train Loss: 0.1961513 Vali Loss: 0.1207120 Test Loss: 0.1661930
EarlyStopping counter: 19 out of 20
Updating learning rate to 7.26908644247535e-05
	iters: 100, epoch: 62 | loss: 0.2728766
	speed: 0.1126s/iter; left time: 1157.1649s
	iters: 200, epoch: 62 | loss: 0.2131811
	speed: 0.0474s/iter; left time: 482.2050s
Epoch: 62 cost time: 12.600974798202515
Epoch: 62, Steps: 266 | Train Loss: 0.1956703 Vali Loss: 0.1207275 Test Loss: 0.1663374
EarlyStopping counter: 20 out of 20
Early stopping
>>>>>>>testing : Flatten_ettm2_336_96_PatchTST_ETTm2_ftM_sl336_ll48_pl96_dm128_nh16_el3_dl1_df256_fc1_ebtimeF_dtTrue_Exp_0<<<<<<<<<<<<<<<<<<<<<<<<<<<<<<<<<
test 11425
mse:0.16314579546451569, mae:0.2511430084705353, rse:0.3272152841091156
Args in experiment:
Namespace(random_seed=2021, is_training=1, model_id='Flatten_ettm2_336_192', model='PatchTST', data='ETTm2', root_path='./dataset/', data_path='ETTm2.csv', features='M', target='OT', freq='h', checkpoints='./checkpoints/', seq_len=336, label_len=48, pred_len=192, head_type='flatten', fc_dropout=0.2, head_dropout=0.0, patch_len=16, stride=8, padding_patch='end', revin=1, affine=0, subtract_last=0, decomposition=0, kernel_size=25, individual=0, embed_type=0, enc_in=7, dec_in=7, c_out=7, d_model=128, n_heads=16, e_layers=3, d_layers=1, d_ff=256, moving_avg=25, factor=1, distil=True, dropout=0.2, embed='timeF', activation='gelu', output_attention=False, do_predict=False, num_workers=0, itr=1, train_epochs=100, batch_size=128, patience=20, learning_rate=0.0001, des='Exp', loss='mse', lradj='TST', pct_start=0.4, use_amp=False, use_gpu=True, gpu=0, use_multi_gpu=False, devices='0,1,2,3', test_flop=False)
Use GPU: cuda:0
>>>>>>>start training : Flatten_ettm2_336_192_PatchTST_ETTm2_ftM_sl336_ll48_pl192_dm128_nh16_el3_dl1_df256_fc1_ebtimeF_dtTrue_Exp_0>>>>>>>>>>>>>>>>>>>>>>>>>>
train 34033
val 11329
test 11329
	iters: 100, epoch: 1 | loss: 0.4163829
	speed: 0.1568s/iter; left time: 4140.9143s
	iters: 200, epoch: 1 | loss: 0.5755876
	speed: 0.0512s/iter; left time: 1346.4766s
Epoch: 1 cost time: 13.99773621559143
Epoch: 1, Steps: 265 | Train Loss: 0.5049553 Vali Loss: 0.2579483 Test Loss: 0.3410399
Validation loss decreased (inf --> 0.257948).  Saving model ...
Updating learning rate to 4.147995888890545e-06
	iters: 100, epoch: 2 | loss: 0.3197735
	speed: 0.1215s/iter; left time: 3176.5865s
	iters: 200, epoch: 2 | loss: 0.3666581
	speed: 0.0512s/iter; left time: 1333.5094s
Epoch: 2 cost time: 13.629815816879272
Epoch: 2, Steps: 265 | Train Loss: 0.5038173 Vali Loss: 0.2573958 Test Loss: 0.3402594
Validation loss decreased (0.257948 --> 0.257396).  Saving model ...
Updating learning rate to 4.591070939598485e-06
	iters: 100, epoch: 3 | loss: 0.6634279
	speed: 0.1226s/iter; left time: 3170.7315s
	iters: 200, epoch: 3 | loss: 0.5963867
	speed: 0.0517s/iter; left time: 1331.0892s
Epoch: 3 cost time: 13.8153817653656
Epoch: 3, Steps: 265 | Train Loss: 0.5020252 Vali Loss: 0.2565195 Test Loss: 0.3388653
Validation loss decreased (0.257396 --> 0.256520).  Saving model ...
Updating learning rate to 5.326492931874866e-06
	iters: 100, epoch: 4 | loss: 0.5629413
	speed: 0.1236s/iter; left time: 3164.1282s
	iters: 200, epoch: 4 | loss: 0.7973310
	speed: 0.0549s/iter; left time: 1400.3517s
Epoch: 4 cost time: 14.378839015960693
Epoch: 4, Steps: 265 | Train Loss: 0.5002506 Vali Loss: 0.2554052 Test Loss: 0.3375075
Validation loss decreased (0.256520 --> 0.255405).  Saving model ...
Updating learning rate to 6.349726889409005e-06
	iters: 100, epoch: 5 | loss: 0.6266304
	speed: 0.1245s/iter; left time: 3156.1776s
	iters: 200, epoch: 5 | loss: 0.4965177
	speed: 0.0516s/iter; left time: 1303.5929s
Epoch: 5 cost time: 13.712372541427612
Epoch: 5, Steps: 265 | Train Loss: 0.4980222 Vali Loss: 0.2542094 Test Loss: 0.3356362
Validation loss decreased (0.255405 --> 0.254209).  Saving model ...
Updating learning rate to 7.654463044738896e-06
	iters: 100, epoch: 6 | loss: 0.4428586
	speed: 0.1218s/iter; left time: 3054.4089s
	iters: 200, epoch: 6 | loss: 0.3456142
	speed: 0.0515s/iter; left time: 1286.8002s
Epoch: 6 cost time: 13.700109481811523
Epoch: 6, Steps: 265 | Train Loss: 0.4953083 Vali Loss: 0.2527635 Test Loss: 0.3338682
Validation loss decreased (0.254209 --> 0.252763).  Saving model ...
Updating learning rate to 9.232655748403029e-06
	iters: 100, epoch: 7 | loss: 0.3719738
	speed: 0.1212s/iter; left time: 3006.8182s
	iters: 200, epoch: 7 | loss: 0.6266044
	speed: 0.0535s/iter; left time: 1323.0838s
Epoch: 7 cost time: 14.200485467910767
Epoch: 7, Steps: 265 | Train Loss: 0.4919670 Vali Loss: 0.2509670 Test Loss: 0.3316703
Validation loss decreased (0.252763 --> 0.250967).  Saving model ...
Updating learning rate to 1.107457308240065e-05
	iters: 100, epoch: 8 | loss: 0.4657697
	speed: 0.1240s/iter; left time: 3044.5751s
	iters: 200, epoch: 8 | loss: 0.7465749
	speed: 0.0518s/iter; left time: 1266.2646s
Epoch: 8 cost time: 13.6877760887146
Epoch: 8, Steps: 265 | Train Loss: 0.4879501 Vali Loss: 0.2491796 Test Loss: 0.3289754
Validation loss decreased (0.250967 --> 0.249180).  Saving model ...
Updating learning rate to 1.3168856872018862e-05
	iters: 100, epoch: 9 | loss: 0.4176476
	speed: 0.1213s/iter; left time: 2944.9305s
	iters: 200, epoch: 9 | loss: 0.3022997
	speed: 0.0530s/iter; left time: 1281.7679s
Epoch: 9 cost time: 13.924922704696655
Epoch: 9, Steps: 265 | Train Loss: 0.4833021 Vali Loss: 0.2470222 Test Loss: 0.3260537
Validation loss decreased (0.249180 --> 0.247022).  Saving model ...
Updating learning rate to 1.550259272596464e-05
	iters: 100, epoch: 10 | loss: 0.3818366
	speed: 0.1219s/iter; left time: 2927.9026s
	iters: 200, epoch: 10 | loss: 0.5129319
	speed: 0.0517s/iter; left time: 1236.9095s
Epoch: 10 cost time: 13.703876733779907
Epoch: 10, Steps: 265 | Train Loss: 0.4790086 Vali Loss: 0.2446335 Test Loss: 0.3227964
Validation loss decreased (0.247022 --> 0.244633).  Saving model ...
Updating learning rate to 1.806138967289881e-05
	iters: 100, epoch: 11 | loss: 0.3868837
	speed: 0.1215s/iter; left time: 2885.4996s
	iters: 200, epoch: 11 | loss: 0.4437639
	speed: 0.0518s/iter; left time: 1225.8274s
Epoch: 11 cost time: 13.812475204467773
Epoch: 11, Steps: 265 | Train Loss: 0.4735610 Vali Loss: 0.2415877 Test Loss: 0.3188162
Validation loss decreased (0.244633 --> 0.241588).  Saving model ...
Updating learning rate to 2.0829468903294163e-05
	iters: 100, epoch: 12 | loss: 0.5327922
	speed: 0.1241s/iter; left time: 2915.6247s
	iters: 200, epoch: 12 | loss: 0.3761602
	speed: 0.0520s/iter; left time: 1216.2748s
Epoch: 12 cost time: 13.779250860214233
Epoch: 12, Steps: 265 | Train Loss: 0.4680826 Vali Loss: 0.2386616 Test Loss: 0.3148580
Validation loss decreased (0.241588 --> 0.238662).  Saving model ...
Updating learning rate to 2.3789761069391508e-05
	iters: 100, epoch: 13 | loss: 0.5317181
	speed: 0.1217s/iter; left time: 2826.2163s
	iters: 200, epoch: 13 | loss: 0.4347225
	speed: 0.0525s/iter; left time: 1214.9997s
Epoch: 13 cost time: 13.810163259506226
Epoch: 13, Steps: 265 | Train Loss: 0.4613125 Vali Loss: 0.2349585 Test Loss: 0.3102885
Validation loss decreased (0.238662 --> 0.234958).  Saving model ...
Updating learning rate to 2.692401154325343e-05
	iters: 100, epoch: 14 | loss: 0.7178690
	speed: 0.1219s/iter; left time: 2799.2211s
	iters: 200, epoch: 14 | loss: 0.4152783
	speed: 0.0519s/iter; left time: 1185.2832s
Epoch: 14 cost time: 13.791878461837769
Epoch: 14, Steps: 265 | Train Loss: 0.4534934 Vali Loss: 0.2310479 Test Loss: 0.3054470
Validation loss decreased (0.234958 --> 0.231048).  Saving model ...
Updating learning rate to 3.0212892983843068e-05
	iters: 100, epoch: 15 | loss: 0.5148029
	speed: 0.1230s/iter; left time: 2792.0889s
	iters: 200, epoch: 15 | loss: 0.3489698
	speed: 0.0519s/iter; left time: 1171.5252s
Epoch: 15 cost time: 13.755096435546875
Epoch: 15, Steps: 265 | Train Loss: 0.4466218 Vali Loss: 0.2270620 Test Loss: 0.3003443
Validation loss decreased (0.231048 --> 0.227062).  Saving model ...
Updating learning rate to 3.3636124518983084e-05
	iters: 100, epoch: 16 | loss: 0.4511838
	speed: 0.1223s/iter; left time: 2743.7360s
	iters: 200, epoch: 16 | loss: 0.3551980
	speed: 0.0521s/iter; left time: 1164.2147s
Epoch: 16 cost time: 13.825037956237793
Epoch: 16, Steps: 265 | Train Loss: 0.4378162 Vali Loss: 0.2225457 Test Loss: 0.2948112
Validation loss decreased (0.227062 --> 0.222546).  Saving model ...
Updating learning rate to 3.717259680726015e-05
	iters: 100, epoch: 17 | loss: 0.5330039
	speed: 0.1265s/iter; left time: 2803.3337s
	iters: 200, epoch: 17 | loss: 0.6079925
	speed: 0.0518s/iter; left time: 1141.7274s
Epoch: 17 cost time: 14.25643539428711
Epoch: 17, Steps: 265 | Train Loss: 0.4288996 Vali Loss: 0.2178243 Test Loss: 0.2890196
Validation loss decreased (0.222546 --> 0.217824).  Saving model ...
Updating learning rate to 4.080050220868085e-05
	iters: 100, epoch: 18 | loss: 0.4070547
	speed: 0.1209s/iter; left time: 2647.9065s
	iters: 200, epoch: 18 | loss: 0.3355308
	speed: 0.0519s/iter; left time: 1130.5634s
Epoch: 18 cost time: 13.85106372833252
Epoch: 18, Steps: 265 | Train Loss: 0.4198602 Vali Loss: 0.2129774 Test Loss: 0.2829225
Validation loss decreased (0.217824 --> 0.212977).  Saving model ...
Updating learning rate to 4.449746926138297e-05
	iters: 100, epoch: 19 | loss: 0.4710861
	speed: 0.1233s/iter; left time: 2667.3388s
	iters: 200, epoch: 19 | loss: 0.6441438
	speed: 0.0522s/iter; left time: 1123.8415s
Epoch: 19 cost time: 13.878344058990479
Epoch: 19, Steps: 265 | Train Loss: 0.4090829 Vali Loss: 0.2074195 Test Loss: 0.2765864
Validation loss decreased (0.212977 --> 0.207420).  Saving model ...
Updating learning rate to 4.824070063515135e-05
	iters: 100, epoch: 20 | loss: 0.4116904
	speed: 0.1209s/iter; left time: 2582.2566s
	iters: 200, epoch: 20 | loss: 0.3236490
	speed: 0.0518s/iter; left time: 1100.7494s
Epoch: 20 cost time: 13.742454051971436
Epoch: 20, Steps: 265 | Train Loss: 0.3997592 Vali Loss: 0.2022184 Test Loss: 0.2702965
Validation loss decreased (0.207420 --> 0.202218).  Saving model ...
Updating learning rate to 5.200711371104918e-05
	iters: 100, epoch: 21 | loss: 0.3073645
	speed: 0.1216s/iter; left time: 2564.8661s
	iters: 200, epoch: 21 | loss: 0.4088584
	speed: 0.0524s/iter; left time: 1099.4797s
Epoch: 21 cost time: 13.828250646591187
Epoch: 21, Steps: 265 | Train Loss: 0.3894389 Vali Loss: 0.1967652 Test Loss: 0.2640236
Validation loss decreased (0.202218 --> 0.196765).  Saving model ...
Updating learning rate to 5.577348292028073e-05
	iters: 100, epoch: 22 | loss: 0.2686044
	speed: 0.1208s/iter; left time: 2516.1578s
	iters: 200, epoch: 22 | loss: 0.3068611
	speed: 0.0518s/iter; left time: 1074.0998s
Epoch: 22 cost time: 13.7247793674469
Epoch: 22, Steps: 265 | Train Loss: 0.3791054 Vali Loss: 0.1916095 Test Loss: 0.2579874
Validation loss decreased (0.196765 --> 0.191610).  Saving model ...
Updating learning rate to 5.9516582964553954e-05
	iters: 100, epoch: 23 | loss: 0.3756659
	speed: 0.1212s/iter; left time: 2493.3051s
	iters: 200, epoch: 23 | loss: 0.3366763
	speed: 0.0519s/iter; left time: 1062.6724s
Epoch: 23 cost time: 13.77798342704773
Epoch: 23, Steps: 265 | Train Loss: 0.3695603 Vali Loss: 0.1867321 Test Loss: 0.2523768
Validation loss decreased (0.191610 --> 0.186732).  Saving model ...
Updating learning rate to 6.321333203477474e-05
	iters: 100, epoch: 24 | loss: 0.3404004
	speed: 0.1226s/iter; left time: 2488.8162s
	iters: 200, epoch: 24 | loss: 0.3624444
	speed: 0.0521s/iter; left time: 1053.2616s
Epoch: 24 cost time: 13.909026384353638
Epoch: 24, Steps: 265 | Train Loss: 0.3601786 Vali Loss: 0.1821126 Test Loss: 0.2472996
Validation loss decreased (0.186732 --> 0.182113).  Saving model ...
Updating learning rate to 6.684093414491588e-05
	iters: 100, epoch: 25 | loss: 0.3707761
	speed: 0.1246s/iter; left time: 2497.0808s
	iters: 200, epoch: 25 | loss: 0.3327847
	speed: 0.0522s/iter; left time: 1040.7646s
Epoch: 25 cost time: 13.813727617263794
Epoch: 25, Steps: 265 | Train Loss: 0.3516296 Vali Loss: 0.1780393 Test Loss: 0.2429148
Validation loss decreased (0.182113 --> 0.178039).  Saving model ...
Updating learning rate to 7.037701970335941e-05
	iters: 100, epoch: 26 | loss: 0.3004599
	speed: 0.1217s/iter; left time: 2406.6015s
	iters: 200, epoch: 26 | loss: 0.3030109
	speed: 0.0519s/iter; left time: 1021.4528s
Epoch: 26 cost time: 13.746948719024658
Epoch: 26, Steps: 265 | Train Loss: 0.3441025 Vali Loss: 0.1748893 Test Loss: 0.2392647
Validation loss decreased (0.178039 --> 0.174889).  Saving model ...
Updating learning rate to 7.379978345487968e-05
	iters: 100, epoch: 27 | loss: 0.2993945
	speed: 0.1218s/iter; left time: 2375.5669s
	iters: 200, epoch: 27 | loss: 0.2696517
	speed: 0.0518s/iter; left time: 1006.4565s
Epoch: 27 cost time: 13.812960147857666
Epoch: 27, Steps: 265 | Train Loss: 0.3380277 Vali Loss: 0.1718008 Test Loss: 0.2360349
Validation loss decreased (0.174889 --> 0.171801).  Saving model ...
Updating learning rate to 7.70881189426489e-05
	iters: 100, epoch: 28 | loss: 0.2924733
	speed: 0.1213s/iter; left time: 2334.0163s
	iters: 200, epoch: 28 | loss: 0.3750924
	speed: 0.0519s/iter; left time: 994.2382s
Epoch: 28 cost time: 13.755020380020142
Epoch: 28, Steps: 265 | Train Loss: 0.3321764 Vali Loss: 0.1696729 Test Loss: 0.2333326
Validation loss decreased (0.171801 --> 0.169673).  Saving model ...
Updating learning rate to 8.022174866110521e-05
	iters: 100, epoch: 29 | loss: 0.2173176
	speed: 0.1210s/iter; left time: 2296.5053s
	iters: 200, epoch: 29 | loss: 0.3743806
	speed: 0.0518s/iter; left time: 977.8192s
Epoch: 29 cost time: 13.747735500335693
Epoch: 29, Steps: 265 | Train Loss: 0.3267730 Vali Loss: 0.1676871 Test Loss: 0.2309424
Validation loss decreased (0.169673 --> 0.167687).  Saving model ...
Updating learning rate to 8.318134909709714e-05
	iters: 100, epoch: 30 | loss: 0.2427945
	speed: 0.1239s/iter; left time: 2318.8669s
	iters: 200, epoch: 30 | loss: 0.3925811
	speed: 0.0544s/iter; left time: 1012.5623s
Epoch: 30 cost time: 14.248692512512207
Epoch: 30, Steps: 265 | Train Loss: 0.3228581 Vali Loss: 0.1658772 Test Loss: 0.2289153
Validation loss decreased (0.167687 --> 0.165877).  Saving model ...
Updating learning rate to 8.594866988823775e-05
	iters: 100, epoch: 31 | loss: 0.6367900
	speed: 0.1218s/iter; left time: 2247.6342s
	iters: 200, epoch: 31 | loss: 0.4764659
	speed: 0.0522s/iter; left time: 958.1140s
Epoch: 31 cost time: 13.831884860992432
Epoch: 31, Steps: 265 | Train Loss: 0.3193926 Vali Loss: 0.1645341 Test Loss: 0.2271526
Validation loss decreased (0.165877 --> 0.164534).  Saving model ...
Updating learning rate to 8.850664636367998e-05
	iters: 100, epoch: 32 | loss: 0.3294460
	speed: 0.1224s/iter; left time: 2225.3898s
	iters: 200, epoch: 32 | loss: 0.3924050
	speed: 0.0520s/iter; left time: 941.1106s
Epoch: 32 cost time: 13.761505365371704
Epoch: 32, Steps: 265 | Train Loss: 0.3156690 Vali Loss: 0.1634863 Test Loss: 0.2257441
Validation loss decreased (0.164534 --> 0.163486).  Saving model ...
Updating learning rate to 9.083950477333033e-05
	iters: 100, epoch: 33 | loss: 0.3984556
	speed: 0.1214s/iter; left time: 2175.2760s
	iters: 200, epoch: 33 | loss: 0.4164827
	speed: 0.0519s/iter; left time: 925.5382s
Epoch: 33 cost time: 13.759998559951782
Epoch: 33, Steps: 265 | Train Loss: 0.3139542 Vali Loss: 0.1623607 Test Loss: 0.2244775
Validation loss decreased (0.163486 --> 0.162361).  Saving model ...
Updating learning rate to 9.293285955660577e-05
	iters: 100, epoch: 34 | loss: 0.2841519
	speed: 0.1213s/iter; left time: 2142.0469s
	iters: 200, epoch: 34 | loss: 0.3175755
	speed: 0.0522s/iter; left time: 916.4659s
Epoch: 34 cost time: 13.799098491668701
Epoch: 34, Steps: 265 | Train Loss: 0.3116564 Vali Loss: 0.1615724 Test Loss: 0.2236200
Validation loss decreased (0.162361 --> 0.161572).  Saving model ...
Updating learning rate to 9.477380205092656e-05
	iters: 100, epoch: 35 | loss: 0.3065852
	speed: 0.1216s/iter; left time: 2115.3109s
	iters: 200, epoch: 35 | loss: 0.1949441
	speed: 0.0520s/iter; left time: 898.5418s
Epoch: 35 cost time: 13.792695760726929
Epoch: 35, Steps: 265 | Train Loss: 0.3097637 Vali Loss: 0.1608585 Test Loss: 0.2228351
Validation loss decreased (0.161572 --> 0.160859).  Saving model ...
Updating learning rate to 9.635098009292423e-05
	iters: 100, epoch: 36 | loss: 0.2837644
	speed: 0.1229s/iter; left time: 2103.9968s
	iters: 200, epoch: 36 | loss: 0.3657402
	speed: 0.0519s/iter; left time: 883.9699s
Epoch: 36 cost time: 13.753288745880127
Epoch: 36, Steps: 265 | Train Loss: 0.3085406 Vali Loss: 0.1603316 Test Loss: 0.2222293
Validation loss decreased (0.160859 --> 0.160332).  Saving model ...
Updating learning rate to 9.765466802150444e-05
	iters: 100, epoch: 37 | loss: 0.3116040
	speed: 0.1213s/iter; left time: 2046.0084s
	iters: 200, epoch: 37 | loss: 0.2995094
	speed: 0.0520s/iter; left time: 870.9737s
Epoch: 37 cost time: 13.759182691574097
Epoch: 37, Steps: 265 | Train Loss: 0.3067896 Vali Loss: 0.1599210 Test Loss: 0.2216695
Validation loss decreased (0.160332 --> 0.159921).  Saving model ...
Updating learning rate to 9.867682665109111e-05
	iters: 100, epoch: 38 | loss: 0.2701745
	speed: 0.1209s/iter; left time: 2006.2081s
	iters: 200, epoch: 38 | loss: 0.2292714
	speed: 0.0522s/iter; left time: 861.1490s
Epoch: 38 cost time: 13.784546136856079
Epoch: 38, Steps: 265 | Train Loss: 0.3057895 Vali Loss: 0.1594170 Test Loss: 0.2214673
Validation loss decreased (0.159921 --> 0.159417).  Saving model ...
Updating learning rate to 9.941115284522702e-05
	iters: 100, epoch: 39 | loss: 0.2890439
	speed: 0.1217s/iter; left time: 1986.7101s
	iters: 200, epoch: 39 | loss: 0.3245074
	speed: 0.0522s/iter; left time: 846.5172s
Epoch: 39 cost time: 13.789169788360596
Epoch: 39, Steps: 265 | Train Loss: 0.3046742 Vali Loss: 0.1592158 Test Loss: 0.2210699
Validation loss decreased (0.159417 --> 0.159216).  Saving model ...
Updating learning rate to 9.985311838483566e-05
	iters: 100, epoch: 40 | loss: 0.2291182
	speed: 0.1211s/iter; left time: 1946.1115s
	iters: 200, epoch: 40 | loss: 0.2570734
	speed: 0.0519s/iter; left time: 829.1673s
Epoch: 40 cost time: 13.766199111938477
Epoch: 40, Steps: 265 | Train Loss: 0.3030922 Vali Loss: 0.1589205 Test Loss: 0.2208021
Validation loss decreased (0.159216 --> 0.158921).  Saving model ...
Updating learning rate to 9.99999990240136e-05
	iters: 100, epoch: 41 | loss: 0.3638748
	speed: 0.1215s/iter; left time: 1920.3197s
	iters: 200, epoch: 41 | loss: 0.2976484
	speed: 0.0518s/iter; left time: 813.6419s
Epoch: 41 cost time: 13.806255578994751
Epoch: 41, Steps: 265 | Train Loss: 0.3027268 Vali Loss: 0.1583962 Test Loss: 0.2206947
Validation loss decreased (0.158921 --> 0.158396).  Saving model ...
Updating learning rate to 9.993095900070463e-05
	iters: 100, epoch: 42 | loss: 0.2285566
	speed: 0.1227s/iter; left time: 1906.8774s
	iters: 200, epoch: 42 | loss: 0.4260025
	speed: 0.0520s/iter; left time: 801.9335s
Epoch: 42 cost time: 13.750327825546265
Epoch: 42, Steps: 265 | Train Loss: 0.3014779 Vali Loss: 0.1583955 Test Loss: 0.2205103
Validation loss decreased (0.158396 --> 0.158396).  Saving model ...
Updating learning rate to 9.972506223761924e-05
	iters: 100, epoch: 43 | loss: 0.2316154
	speed: 0.1213s/iter; left time: 1852.1529s
	iters: 200, epoch: 43 | loss: 0.3710850
	speed: 0.0518s/iter; left time: 786.3854s
Epoch: 43 cost time: 13.772274017333984
Epoch: 43, Steps: 265 | Train Loss: 0.3004115 Vali Loss: 0.1584729 Test Loss: 0.2201652
EarlyStopping counter: 1 out of 20
Updating learning rate to 9.938287308347333e-05
	iters: 100, epoch: 44 | loss: 0.3607729
	speed: 0.1205s/iter; left time: 1808.1677s
	iters: 200, epoch: 44 | loss: 0.2396615
	speed: 0.0523s/iter; left time: 779.7033s
Epoch: 44 cost time: 13.786466836929321
Epoch: 44, Steps: 265 | Train Loss: 0.2993822 Vali Loss: 0.1584272 Test Loss: 0.2199302
EarlyStopping counter: 2 out of 20
Updating learning rate to 9.890532945495314e-05
	iters: 100, epoch: 45 | loss: 0.2865140
	speed: 0.1203s/iter; left time: 1773.6762s
	iters: 200, epoch: 45 | loss: 0.2571623
	speed: 0.0519s/iter; left time: 759.3819s
Epoch: 45 cost time: 13.751211881637573
Epoch: 45, Steps: 265 | Train Loss: 0.2985483 Vali Loss: 0.1583417 Test Loss: 0.2197826
Validation loss decreased (0.158396 --> 0.158342).  Saving model ...
Updating learning rate to 9.829374026595078e-05
	iters: 100, epoch: 46 | loss: 0.2580555
	speed: 0.1254s/iter; left time: 1815.3380s
	iters: 200, epoch: 46 | loss: 0.3295020
	speed: 0.0518s/iter; left time: 744.9335s
Epoch: 46 cost time: 13.753733158111572
Epoch: 46, Steps: 265 | Train Loss: 0.2972144 Vali Loss: 0.1583922 Test Loss: 0.2196578
EarlyStopping counter: 1 out of 20
Updating learning rate to 9.754978183992228e-05
	iters: 100, epoch: 47 | loss: 0.2741256
	speed: 0.1205s/iter; left time: 1711.9821s
	iters: 200, epoch: 47 | loss: 0.2643426
	speed: 0.0519s/iter; left time: 732.9662s
Epoch: 47 cost time: 13.769042491912842
Epoch: 47, Steps: 265 | Train Loss: 0.2962647 Vali Loss: 0.1585848 Test Loss: 0.2197093
EarlyStopping counter: 2 out of 20
Updating learning rate to 9.667549331520148e-05
	iters: 100, epoch: 48 | loss: 0.3202107
	speed: 0.1207s/iter; left time: 1683.4168s
	iters: 200, epoch: 48 | loss: 0.3014613
	speed: 0.0518s/iter; left time: 717.6139s
Epoch: 48 cost time: 13.754916906356812
Epoch: 48, Steps: 265 | Train Loss: 0.2950081 Vali Loss: 0.1588716 Test Loss: 0.2194881
EarlyStopping counter: 3 out of 20
Updating learning rate to 9.567327105586355e-05
	iters: 100, epoch: 49 | loss: 0.3712456
	speed: 0.1202s/iter; left time: 1644.3532s
	iters: 200, epoch: 49 | loss: 0.2037905
	speed: 0.0519s/iter; left time: 705.4450s
Epoch: 49 cost time: 13.746570348739624
Epoch: 49, Steps: 265 | Train Loss: 0.2928400 Vali Loss: 0.1592094 Test Loss: 0.2192834
EarlyStopping counter: 4 out of 20
Updating learning rate to 9.454586208345774e-05
	iters: 100, epoch: 50 | loss: 0.2805763
	speed: 0.1203s/iter; left time: 1613.8872s
	iters: 200, epoch: 50 | loss: 0.1839285
	speed: 0.0523s/iter; left time: 696.1028s
Epoch: 50 cost time: 13.785749435424805
Epoch: 50, Steps: 265 | Train Loss: 0.2919668 Vali Loss: 0.1595929 Test Loss: 0.2195860
EarlyStopping counter: 5 out of 20
Updating learning rate to 9.329635654761219e-05
	iters: 100, epoch: 51 | loss: 0.2357049
	speed: 0.1205s/iter; left time: 1584.6156s
	iters: 200, epoch: 51 | loss: 0.2576248
	speed: 0.0518s/iter; left time: 676.5511s
Epoch: 51 cost time: 13.74748182296753
Epoch: 51, Steps: 265 | Train Loss: 0.2903165 Vali Loss: 0.1598802 Test Loss: 0.2199642
EarlyStopping counter: 6 out of 20
Updating learning rate to 9.192817925614859e-05
	iters: 100, epoch: 52 | loss: 0.3243619
	speed: 0.1237s/iter; left time: 1594.3297s
	iters: 200, epoch: 52 | loss: 0.2556688
	speed: 0.0519s/iter; left time: 663.9438s
Epoch: 52 cost time: 14.107959747314453
Epoch: 52, Steps: 265 | Train Loss: 0.2891624 Vali Loss: 0.1601259 Test Loss: 0.2202944
EarlyStopping counter: 7 out of 20
Updating learning rate to 9.044508028792197e-05
	iters: 100, epoch: 53 | loss: 0.3228720
	speed: 0.1204s/iter; left time: 1519.6095s
	iters: 200, epoch: 53 | loss: 0.2726748
	speed: 0.0523s/iter; left time: 654.7441s
Epoch: 53 cost time: 13.792794466018677
Epoch: 53, Steps: 265 | Train Loss: 0.2872828 Vali Loss: 0.1605097 Test Loss: 0.2206652
EarlyStopping counter: 8 out of 20
Updating learning rate to 8.885112471411532e-05
	iters: 100, epoch: 54 | loss: 0.2496377
	speed: 0.1202s/iter; left time: 1485.7254s
	iters: 200, epoch: 54 | loss: 0.3664852
	speed: 0.0519s/iter; left time: 636.3562s
Epoch: 54 cost time: 13.758331298828125
Epoch: 54, Steps: 265 | Train Loss: 0.2859497 Vali Loss: 0.1608628 Test Loss: 0.2210992
EarlyStopping counter: 9 out of 20
Updating learning rate to 8.715068145616196e-05
	iters: 100, epoch: 55 | loss: 0.2154354
	speed: 0.1206s/iter; left time: 1458.7764s
	iters: 200, epoch: 55 | loss: 0.2830569
	speed: 0.0518s/iter; left time: 621.4258s
Epoch: 55 cost time: 13.741086483001709
Epoch: 55, Steps: 265 | Train Loss: 0.2848647 Vali Loss: 0.1613981 Test Loss: 0.2215068
EarlyStopping counter: 10 out of 20
Updating learning rate to 8.534841131083555e-05
	iters: 100, epoch: 56 | loss: 0.2741892
	speed: 0.1204s/iter; left time: 1423.9963s
	iters: 200, epoch: 56 | loss: 0.2367772
	speed: 0.0520s/iter; left time: 610.1884s
Epoch: 56 cost time: 13.78540301322937
Epoch: 56, Steps: 265 | Train Loss: 0.2831108 Vali Loss: 0.1619898 Test Loss: 0.2220536
EarlyStopping counter: 11 out of 20
Updating learning rate to 8.344925417533019e-05
	iters: 100, epoch: 57 | loss: 0.3775590
	speed: 0.1206s/iter; left time: 1394.6450s
	iters: 200, epoch: 57 | loss: 0.3451956
	speed: 0.0518s/iter; left time: 593.7678s
Epoch: 57 cost time: 13.75048542022705
Epoch: 57, Steps: 265 | Train Loss: 0.2814140 Vali Loss: 0.1622877 Test Loss: 0.2227735
EarlyStopping counter: 12 out of 20
Updating learning rate to 8.14584155073455e-05
	iters: 100, epoch: 58 | loss: 0.3080845
	speed: 0.1205s/iter; left time: 1361.3146s
	iters: 200, epoch: 58 | loss: 0.2668136
	speed: 0.0528s/iter; left time: 591.3747s
Epoch: 58 cost time: 13.854673385620117
Epoch: 58, Steps: 265 | Train Loss: 0.2798355 Vali Loss: 0.1624454 Test Loss: 0.2228600
EarlyStopping counter: 13 out of 20
Updating learning rate to 7.938135205728891e-05
	iters: 100, epoch: 59 | loss: 0.2696694
	speed: 0.1205s/iter; left time: 1329.2432s
	iters: 200, epoch: 59 | loss: 0.3148278
	speed: 0.0518s/iter; left time: 566.1873s
Epoch: 59 cost time: 13.788551568984985
Epoch: 59, Steps: 265 | Train Loss: 0.2793971 Vali Loss: 0.1629326 Test Loss: 0.2237381
EarlyStopping counter: 14 out of 20
Updating learning rate to 7.722375691170215e-05
	iters: 100, epoch: 60 | loss: 0.2076907
	speed: 0.1208s/iter; left time: 1300.5340s
	iters: 200, epoch: 60 | loss: 0.2630535
	speed: 0.0518s/iter; left time: 552.8978s
Epoch: 60 cost time: 13.7491295337677
Epoch: 60, Steps: 265 | Train Loss: 0.2779629 Vali Loss: 0.1633872 Test Loss: 0.2239955
EarlyStopping counter: 15 out of 20
Updating learning rate to 7.499154388890664e-05
	iters: 100, epoch: 61 | loss: 0.3062845
	speed: 0.1206s/iter; left time: 1266.0663s
	iters: 200, epoch: 61 | loss: 0.2933999
	speed: 0.0524s/iter; left time: 544.8282s
Epoch: 61 cost time: 13.855064153671265
Epoch: 61, Steps: 265 | Train Loss: 0.2758380 Vali Loss: 0.1635702 Test Loss: 0.2245527
EarlyStopping counter: 16 out of 20
Updating learning rate to 7.269083132963864e-05
	iters: 100, epoch: 62 | loss: 0.3040724
	speed: 0.1208s/iter; left time: 1236.6079s
	iters: 200, epoch: 62 | loss: 0.3627110
	speed: 0.0519s/iter; left time: 526.2803s
Epoch: 62 cost time: 13.759673118591309
Epoch: 62, Steps: 265 | Train Loss: 0.2748747 Vali Loss: 0.1638307 Test Loss: 0.2251997
EarlyStopping counter: 17 out of 20
Updating learning rate to 7.032792532710257e-05
	iters: 100, epoch: 63 | loss: 0.2381436
	speed: 0.1213s/iter; left time: 1209.6509s
	iters: 200, epoch: 63 | loss: 0.2316206
	speed: 0.0519s/iter; left time: 512.4859s
Epoch: 63 cost time: 13.854972124099731
Epoch: 63, Steps: 265 | Train Loss: 0.2733158 Vali Loss: 0.1637869 Test Loss: 0.2254948
EarlyStopping counter: 18 out of 20
Updating learning rate to 6.790930244240778e-05
	iters: 100, epoch: 64 | loss: 0.2431901
	speed: 0.1206s/iter; left time: 1170.4388s
	iters: 200, epoch: 64 | loss: 0.2632180
	speed: 0.0518s/iter; left time: 497.3871s
Epoch: 64 cost time: 13.731331586837769
Epoch: 64, Steps: 265 | Train Loss: 0.2724368 Vali Loss: 0.1640315 Test Loss: 0.2259088
EarlyStopping counter: 19 out of 20
Updating learning rate to 6.544159195276479e-05
	iters: 100, epoch: 65 | loss: 0.2914071
	speed: 0.1202s/iter; left time: 1135.2408s
	iters: 200, epoch: 65 | loss: 0.3320582
	speed: 0.0520s/iter; left time: 485.9359s
Epoch: 65 cost time: 13.765953063964844
Epoch: 65, Steps: 265 | Train Loss: 0.2712809 Vali Loss: 0.1641132 Test Loss: 0.2259138
EarlyStopping counter: 20 out of 20
Early stopping
>>>>>>>testing : Flatten_ettm2_336_192_PatchTST_ETTm2_ftM_sl336_ll48_pl192_dm128_nh16_el3_dl1_df256_fc1_ebtimeF_dtTrue_Exp_0<<<<<<<<<<<<<<<<<<<<<<<<<<<<<<<<<
test 11329
mse:0.218993678689003, mae:0.2903536260128021, rse:0.3782023787498474
Args in experiment:
Namespace(random_seed=2021, is_training=1, model_id='Flatten_ettm2_336_336', model='PatchTST', data='ETTm2', root_path='./dataset/', data_path='ETTm2.csv', features='M', target='OT', freq='h', checkpoints='./checkpoints/', seq_len=336, label_len=48, pred_len=336, head_type='flatten', fc_dropout=0.2, head_dropout=0.0, patch_len=16, stride=8, padding_patch='end', revin=1, affine=0, subtract_last=0, decomposition=0, kernel_size=25, individual=0, embed_type=0, enc_in=7, dec_in=7, c_out=7, d_model=128, n_heads=16, e_layers=3, d_layers=1, d_ff=256, moving_avg=25, factor=1, distil=True, dropout=0.2, embed='timeF', activation='gelu', output_attention=False, do_predict=False, num_workers=0, itr=1, train_epochs=100, batch_size=128, patience=20, learning_rate=0.0001, des='Exp', loss='mse', lradj='TST', pct_start=0.4, use_amp=False, use_gpu=True, gpu=0, use_multi_gpu=False, devices='0,1,2,3', test_flop=False)
Use GPU: cuda:0
>>>>>>>start training : Flatten_ettm2_336_336_PatchTST_ETTm2_ftM_sl336_ll48_pl336_dm128_nh16_el3_dl1_df256_fc1_ebtimeF_dtTrue_Exp_0>>>>>>>>>>>>>>>>>>>>>>>>>>
train 33889
val 11185
test 11185
	iters: 100, epoch: 1 | loss: 0.4111909
	speed: 0.0923s/iter; left time: 2427.0860s
	iters: 200, epoch: 1 | loss: 0.8521481
	speed: 0.0586s/iter; left time: 1536.3453s
Epoch: 1 cost time: 15.825421333312988
Epoch: 1, Steps: 264 | Train Loss: 0.5624738 Vali Loss: 0.2878956 Test Loss: 0.3768221
Validation loss decreased (inf --> 0.287896).  Saving model ...
Updating learning rate to 4.147995994617984e-06
	iters: 100, epoch: 2 | loss: 0.4943889
	speed: 0.1341s/iter; left time: 3492.2277s
	iters: 200, epoch: 2 | loss: 0.6300122
	speed: 0.0590s/iter; left time: 1529.2964s
Epoch: 2 cost time: 15.518263101577759
Epoch: 2, Steps: 264 | Train Loss: 0.5609304 Vali Loss: 0.2877102 Test Loss: 0.3761868
Validation loss decreased (0.287896 --> 0.287710).  Saving model ...
Updating learning rate to 4.591071361204269e-06
	iters: 100, epoch: 3 | loss: 0.6615589
	speed: 0.1337s/iter; left time: 3445.4579s
	iters: 200, epoch: 3 | loss: 0.6378340
	speed: 0.0587s/iter; left time: 1507.6988s
Epoch: 3 cost time: 15.503483057022095
Epoch: 3, Steps: 264 | Train Loss: 0.5596242 Vali Loss: 0.2870187 Test Loss: 0.3753526
Validation loss decreased (0.287710 --> 0.287019).  Saving model ...
Updating learning rate to 5.3264938756102174e-06
	iters: 100, epoch: 4 | loss: 0.4846663
	speed: 0.1350s/iter; left time: 3444.5206s
	iters: 200, epoch: 4 | loss: 0.5402309
	speed: 0.0590s/iter; left time: 1497.9185s
Epoch: 4 cost time: 15.543892860412598
Epoch: 4, Steps: 264 | Train Loss: 0.5583520 Vali Loss: 0.2864452 Test Loss: 0.3742881
Validation loss decreased (0.287019 --> 0.286445).  Saving model ...
Updating learning rate to 6.349728555065631e-06
	iters: 100, epoch: 5 | loss: 0.4708643
	speed: 0.1358s/iter; left time: 3428.5309s
	iters: 200, epoch: 5 | loss: 0.6044191
	speed: 0.0590s/iter; left time: 1483.2571s
Epoch: 5 cost time: 15.576555252075195
Epoch: 5, Steps: 264 | Train Loss: 0.5571575 Vali Loss: 0.2856204 Test Loss: 0.3730754
Validation loss decreased (0.286445 --> 0.285620).  Saving model ...
Updating learning rate to 7.654465623149092e-06
	iters: 100, epoch: 6 | loss: 0.3624417
	speed: 0.1339s/iter; left time: 3346.1504s
	iters: 200, epoch: 6 | loss: 0.6792734
	speed: 0.0590s/iter; left time: 1468.2929s
Epoch: 6 cost time: 15.585193872451782
Epoch: 6, Steps: 264 | Train Loss: 0.5548421 Vali Loss: 0.2842865 Test Loss: 0.3715172
Validation loss decreased (0.285620 --> 0.284287).  Saving model ...
Updating learning rate to 9.232659419022894e-06
	iters: 100, epoch: 7 | loss: 0.5006446
	speed: 0.1340s/iter; left time: 3311.5016s
	iters: 200, epoch: 7 | loss: 0.4411994
	speed: 0.0590s/iter; left time: 1452.7022s
Epoch: 7 cost time: 15.573517560958862
Epoch: 7, Steps: 264 | Train Loss: 0.5528476 Vali Loss: 0.2830768 Test Loss: 0.3699321
Validation loss decreased (0.284287 --> 0.283077).  Saving model ...
Updating learning rate to 1.1074578010998666e-05
	iters: 100, epoch: 8 | loss: 0.5257207
	speed: 0.1343s/iter; left time: 3284.4393s
	iters: 200, epoch: 8 | loss: 0.8621314
	speed: 0.0590s/iter; left time: 1437.4274s
Epoch: 8 cost time: 15.575711011886597
Epoch: 8, Steps: 264 | Train Loss: 0.5501987 Vali Loss: 0.2818882 Test Loss: 0.3680136
Validation loss decreased (0.283077 --> 0.281888).  Saving model ...
Updating learning rate to 1.3168863208492038e-05
	iters: 100, epoch: 9 | loss: 0.8397744
	speed: 0.1337s/iter; left time: 3234.8579s
	iters: 200, epoch: 9 | loss: 0.5540623
	speed: 0.0590s/iter; left time: 1422.2772s
Epoch: 9 cost time: 15.581368207931519
Epoch: 9, Steps: 264 | Train Loss: 0.5466194 Vali Loss: 0.2801889 Test Loss: 0.3657436
Validation loss decreased (0.281888 --> 0.280189).  Saving model ...
Updating learning rate to 1.5502600602302323e-05
	iters: 100, epoch: 10 | loss: 0.6022313
	speed: 0.1343s/iter; left time: 3212.4913s
	iters: 200, epoch: 10 | loss: 0.5778981
	speed: 0.0590s/iter; left time: 1406.1808s
Epoch: 10 cost time: 15.57536244392395
Epoch: 10, Steps: 264 | Train Loss: 0.5430728 Vali Loss: 0.2782224 Test Loss: 0.3631963
Validation loss decreased (0.280189 --> 0.278222).  Saving model ...
Updating learning rate to 1.8061399201313948e-05
	iters: 100, epoch: 11 | loss: 0.4002363
	speed: 0.1337s/iter; left time: 3163.6444s
	iters: 200, epoch: 11 | loss: 0.6381098
	speed: 0.0590s/iter; left time: 1390.8505s
Epoch: 11 cost time: 15.575886011123657
Epoch: 11, Steps: 264 | Train Loss: 0.5388460 Vali Loss: 0.2763163 Test Loss: 0.3604324
Validation loss decreased (0.278222 --> 0.276316).  Saving model ...
Updating learning rate to 2.08294801745399e-05
	iters: 100, epoch: 12 | loss: 0.8035735
	speed: 0.1346s/iter; left time: 3149.7906s
	iters: 200, epoch: 12 | loss: 0.6572012
	speed: 0.0590s/iter; left time: 1375.5495s
Epoch: 12 cost time: 15.577145338058472
Epoch: 12, Steps: 264 | Train Loss: 0.5346504 Vali Loss: 0.2741238 Test Loss: 0.3573737
Validation loss decreased (0.276316 --> 0.274124).  Saving model ...
Updating learning rate to 2.378977415127951e-05
	iters: 100, epoch: 13 | loss: 0.6191568
	speed: 0.1343s/iter; left time: 3107.4483s
	iters: 200, epoch: 13 | loss: 0.6470199
	speed: 0.0591s/iter; left time: 1360.2202s
Epoch: 13 cost time: 15.586926937103271
Epoch: 13, Steps: 264 | Train Loss: 0.5297415 Vali Loss: 0.2713123 Test Loss: 0.3540281
Validation loss decreased (0.274124 --> 0.271312).  Saving model ...
Updating learning rate to 2.6924026479389104e-05
	iters: 100, epoch: 14 | loss: 0.5909389
	speed: 0.1347s/iter; left time: 3080.4113s
	iters: 200, epoch: 14 | loss: 0.5915490
	speed: 0.0590s/iter; left time: 1343.5667s
Epoch: 14 cost time: 15.591304779052734
Epoch: 14, Steps: 264 | Train Loss: 0.5240725 Vali Loss: 0.2687199 Test Loss: 0.3503339
Validation loss decreased (0.271312 --> 0.268720).  Saving model ...
Updating learning rate to 3.0212909792590238e-05
	iters: 100, epoch: 15 | loss: 0.3586760
	speed: 0.1342s/iter; left time: 3033.6810s
	iters: 200, epoch: 15 | loss: 0.5654926
	speed: 0.0590s/iter; left time: 1328.4393s
Epoch: 15 cost time: 15.574731826782227
Epoch: 15, Steps: 264 | Train Loss: 0.5186037 Vali Loss: 0.2656871 Test Loss: 0.3466115
Validation loss decreased (0.268720 --> 0.265687).  Saving model ...
Updating learning rate to 3.363614319266957e-05
	iters: 100, epoch: 16 | loss: 0.5246788
	speed: 0.1337s/iter; left time: 2986.3691s
	iters: 200, epoch: 16 | loss: 0.4173178
	speed: 0.0590s/iter; left time: 1312.4141s
Epoch: 16 cost time: 15.568472862243652
Epoch: 16, Steps: 264 | Train Loss: 0.5123055 Vali Loss: 0.2626972 Test Loss: 0.3426415
Validation loss decreased (0.265687 --> 0.262697).  Saving model ...
Updating learning rate to 3.7172617311633196e-05
	iters: 100, epoch: 17 | loss: 0.6471866
	speed: 0.1338s/iter; left time: 2954.2216s
	iters: 200, epoch: 17 | loss: 0.4035361
	speed: 0.0590s/iter; left time: 1296.6060s
Epoch: 17 cost time: 15.583537817001343
Epoch: 17, Steps: 264 | Train Loss: 0.5056066 Vali Loss: 0.2590454 Test Loss: 0.3382978
Validation loss decreased (0.262697 --> 0.259045).  Saving model ...
Updating learning rate to 4.0800524482619576e-05
	iters: 100, epoch: 18 | loss: 0.4676243
	speed: 0.1341s/iter; left time: 2925.8171s
	iters: 200, epoch: 18 | loss: 0.6798318
	speed: 0.0590s/iter; left time: 1281.1329s
Epoch: 18 cost time: 15.570413589477539
Epoch: 18, Steps: 264 | Train Loss: 0.4984436 Vali Loss: 0.2551983 Test Loss: 0.3336556
Validation loss decreased (0.259045 --> 0.255198).  Saving model ...
Updating learning rate to 4.449749321687241e-05
	iters: 100, epoch: 19 | loss: 0.2956239
	speed: 0.1337s/iter; left time: 2880.2592s
	iters: 200, epoch: 19 | loss: 0.5661058
	speed: 0.0592s/iter; left time: 1270.2798s
Epoch: 19 cost time: 15.588848352432251
Epoch: 19, Steps: 264 | Train Loss: 0.4913837 Vali Loss: 0.2512019 Test Loss: 0.3290129
Validation loss decreased (0.255198 --> 0.251202).  Saving model ...
Updating learning rate to 4.824072615752094e-05
	iters: 100, epoch: 20 | loss: 0.5375554
	speed: 0.1337s/iter; left time: 2846.8398s
	iters: 200, epoch: 20 | loss: 0.3248419
	speed: 0.0590s/iter; left time: 1250.6038s
Epoch: 20 cost time: 15.585635662078857
Epoch: 20, Steps: 264 | Train Loss: 0.4846008 Vali Loss: 0.2471296 Test Loss: 0.3240694
Validation loss decreased (0.251202 --> 0.247130).  Saving model ...
Updating learning rate to 5.200714065947608e-05
	iters: 100, epoch: 21 | loss: 0.5367556
	speed: 0.1349s/iter; left time: 2834.9729s
	iters: 200, epoch: 21 | loss: 0.5473230
	speed: 0.0590s/iter; left time: 1234.5569s
Epoch: 21 cost time: 15.579675197601318
Epoch: 21, Steps: 264 | Train Loss: 0.4767040 Vali Loss: 0.2428576 Test Loss: 0.3189568
Validation loss decreased (0.247130 --> 0.242858).  Saving model ...
Updating learning rate to 5.577351112855618e-05
	iters: 100, epoch: 22 | loss: 0.5255660
	speed: 0.1338s/iter; left time: 2777.5359s
	iters: 200, epoch: 22 | loss: 0.4140545
	speed: 0.0590s/iter; left time: 1218.8978s
Epoch: 22 cost time: 15.573466062545776
Epoch: 22, Steps: 264 | Train Loss: 0.4684957 Vali Loss: 0.2383806 Test Loss: 0.3138919
Validation loss decreased (0.242858 --> 0.238381).  Saving model ...
Updating learning rate to 5.951661224210828e-05
	iters: 100, epoch: 23 | loss: 0.4408295
	speed: 0.1348s/iter; left time: 2761.9682s
	iters: 200, epoch: 23 | loss: 0.4172227
	speed: 0.0590s/iter; left time: 1203.5863s
Epoch: 23 cost time: 15.622774362564087
Epoch: 23, Steps: 264 | Train Loss: 0.4604552 Vali Loss: 0.2341058 Test Loss: 0.3088724
Validation loss decreased (0.238381 --> 0.234106).  Saving model ...
Updating learning rate to 6.321336216795497e-05
	iters: 100, epoch: 24 | loss: 0.4559447
	speed: 0.1337s/iter; left time: 2703.6338s
	iters: 200, epoch: 24 | loss: 0.3615878
	speed: 0.0590s/iter; left time: 1186.9250s
Epoch: 24 cost time: 15.563754558563232
Epoch: 24, Steps: 264 | Train Loss: 0.4533989 Vali Loss: 0.2298877 Test Loss: 0.3041421
Validation loss decreased (0.234106 --> 0.229888).  Saving model ...
Updating learning rate to 6.684096489850761e-05
	iters: 100, epoch: 25 | loss: 0.4283406
	speed: 0.1337s/iter; left time: 2668.5533s
	iters: 200, epoch: 25 | loss: 0.4386763
	speed: 0.0590s/iter; left time: 1171.7998s
Epoch: 25 cost time: 15.567161798477173
Epoch: 25, Steps: 264 | Train Loss: 0.4456928 Vali Loss: 0.2258041 Test Loss: 0.2997231
Validation loss decreased (0.229888 --> 0.225804).  Saving model ...
Updating learning rate to 7.03770508223417e-05
	iters: 100, epoch: 26 | loss: 0.4643649
	speed: 0.1340s/iter; left time: 2640.2726s
	iters: 200, epoch: 26 | loss: 0.5193511
	speed: 0.0590s/iter; left time: 1156.4250s
Epoch: 26 cost time: 15.563761949539185
Epoch: 26, Steps: 264 | Train Loss: 0.4378582 Vali Loss: 0.2221585 Test Loss: 0.2957709
Validation loss decreased (0.225804 --> 0.222159).  Saving model ...
Updating learning rate to 7.379981466640088e-05
	iters: 100, epoch: 27 | loss: 0.4408134
	speed: 0.1337s/iter; left time: 2598.5384s
	iters: 200, epoch: 27 | loss: 0.5049920
	speed: 0.0590s/iter; left time: 1140.9262s
Epoch: 27 cost time: 15.574029922485352
Epoch: 27, Steps: 264 | Train Loss: 0.4320537 Vali Loss: 0.2189310 Test Loss: 0.2923381
Validation loss decreased (0.222159 --> 0.218931).  Saving model ...
Updating learning rate to 7.708814995820833e-05
	iters: 100, epoch: 28 | loss: 0.4821404
	speed: 0.1338s/iter; left time: 2565.3312s
	iters: 200, epoch: 28 | loss: 0.3773573
	speed: 0.0590s/iter; left time: 1125.0450s
Epoch: 28 cost time: 15.565589904785156
Epoch: 28, Steps: 264 | Train Loss: 0.4267602 Vali Loss: 0.2161117 Test Loss: 0.2894588
Validation loss decreased (0.218931 --> 0.216112).  Saving model ...
Updating learning rate to 8.022177917892456e-05
	iters: 100, epoch: 29 | loss: 0.3546802
	speed: 0.1341s/iter; left time: 2535.7742s
	iters: 200, epoch: 29 | loss: 0.4362401
	speed: 0.0589s/iter; left time: 1108.6778s
Epoch: 29 cost time: 15.55933690071106
Epoch: 29, Steps: 264 | Train Loss: 0.4222675 Vali Loss: 0.2138233 Test Loss: 0.2870403
Validation loss decreased (0.216112 --> 0.213823).  Saving model ...
Updating learning rate to 8.318137880466269e-05
	iters: 100, epoch: 30 | loss: 0.3828311
	speed: 0.1336s/iter; left time: 2491.2407s
	iters: 200, epoch: 30 | loss: 0.4086326
	speed: 0.0590s/iter; left time: 1093.9159s
Epoch: 30 cost time: 15.562502384185791
Epoch: 30, Steps: 264 | Train Loss: 0.4177084 Vali Loss: 0.2120089 Test Loss: 0.2850504
Validation loss decreased (0.213823 --> 0.212009).  Saving model ...
Updating learning rate to 8.594869846499432e-05
	iters: 100, epoch: 31 | loss: 0.3706315
	speed: 0.1343s/iter; left time: 2467.6523s
	iters: 200, epoch: 31 | loss: 0.4526319
	speed: 0.0590s/iter; left time: 1077.7773s
Epoch: 31 cost time: 15.569801807403564
Epoch: 31, Steps: 264 | Train Loss: 0.4147199 Vali Loss: 0.2105808 Test Loss: 0.2834528
Validation loss decreased (0.212009 --> 0.210581).  Saving model ...
Updating learning rate to 8.85066734838546e-05
	iters: 100, epoch: 32 | loss: 0.5510695
	speed: 0.1336s/iter; left time: 2420.6649s
	iters: 200, epoch: 32 | loss: 0.4884070
	speed: 0.0590s/iter; left time: 1062.7249s
Epoch: 32 cost time: 15.561849594116211
Epoch: 32, Steps: 264 | Train Loss: 0.4114745 Vali Loss: 0.2092899 Test Loss: 0.2820472
Validation loss decreased (0.210581 --> 0.209290).  Saving model ...
Updating learning rate to 9.083953010886336e-05
	iters: 100, epoch: 33 | loss: 0.3754410
	speed: 0.1336s/iter; left time: 2384.8984s
	iters: 200, epoch: 33 | loss: 0.4166973
	speed: 0.0590s/iter; left time: 1046.6969s
Epoch: 33 cost time: 15.555819988250732
Epoch: 33, Steps: 264 | Train Loss: 0.4090028 Vali Loss: 0.2082251 Test Loss: 0.2806598
Validation loss decreased (0.209290 --> 0.208225).  Saving model ...
Updating learning rate to 9.29328827801656e-05
	iters: 100, epoch: 34 | loss: 0.4053741
	speed: 0.1355s/iter; left time: 2382.4990s
	iters: 200, epoch: 34 | loss: 0.2816648
	speed: 0.0589s/iter; left time: 1030.6992s
Epoch: 34 cost time: 15.555049180984497
Epoch: 34, Steps: 264 | Train Loss: 0.4071926 Vali Loss: 0.2074421 Test Loss: 0.2796226
Validation loss decreased (0.208225 --> 0.207442).  Saving model ...
Updating learning rate to 9.477382283898318e-05
	iters: 100, epoch: 35 | loss: 0.3786334
	speed: 0.1338s/iter; left time: 2317.8946s
	iters: 200, epoch: 35 | loss: 0.3573406
	speed: 0.0589s/iter; left time: 1015.1804s
Epoch: 35 cost time: 15.569366216659546
Epoch: 35, Steps: 264 | Train Loss: 0.4042575 Vali Loss: 0.2065429 Test Loss: 0.2786952
Validation loss decreased (0.207442 --> 0.206543).  Saving model ...
Updating learning rate to 9.635099812885627e-05
	iters: 100, epoch: 36 | loss: 0.5052861
	speed: 0.1338s/iter; left time: 2282.3128s
	iters: 200, epoch: 36 | loss: 0.4845322
	speed: 0.0589s/iter; left time: 999.7497s
Epoch: 36 cost time: 15.567479372024536
Epoch: 36, Steps: 264 | Train Loss: 0.4032036 Vali Loss: 0.2055460 Test Loss: 0.2780240
Validation loss decreased (0.206543 --> 0.205546).  Saving model ...
Updating learning rate to 9.765468299871352e-05
	iters: 100, epoch: 37 | loss: 0.4318416
	speed: 0.1343s/iter; left time: 2255.1410s
	iters: 200, epoch: 37 | loss: 0.2870542
	speed: 0.0589s/iter; left time: 984.1303s
Epoch: 37 cost time: 15.559062480926514
Epoch: 37, Steps: 264 | Train Loss: 0.4012739 Vali Loss: 0.2051782 Test Loss: 0.2772722
Validation loss decreased (0.205546 --> 0.205178).  Saving model ...
Updating learning rate to 9.86768382760973e-05
	iters: 100, epoch: 38 | loss: 0.4281512
	speed: 0.1363s/iter; left time: 2253.9819s
	iters: 200, epoch: 38 | loss: 0.4260941
	speed: 0.0590s/iter; left time: 968.9678s
Epoch: 38 cost time: 15.568814039230347
Epoch: 38, Steps: 264 | Train Loss: 0.4000514 Vali Loss: 0.2045378 Test Loss: 0.2768143
Validation loss decreased (0.205178 --> 0.204538).  Saving model ...
Updating learning rate to 9.941116084071886e-05
	iters: 100, epoch: 39 | loss: 0.4000048
	speed: 0.1340s/iter; left time: 2180.5536s
	iters: 200, epoch: 39 | loss: 0.4988972
	speed: 0.0590s/iter; left time: 953.1818s
Epoch: 39 cost time: 15.552308320999146
Epoch: 39, Steps: 264 | Train Loss: 0.3988760 Vali Loss: 0.2040512 Test Loss: 0.2763919
Validation loss decreased (0.204538 --> 0.204051).  Saving model ...
Updating learning rate to 9.985312249264813e-05
	iters: 100, epoch: 40 | loss: 0.3249550
	speed: 0.1335s/iter; left time: 2137.3642s
	iters: 200, epoch: 40 | loss: 0.3747025
	speed: 0.0589s/iter; left time: 937.4418s
Epoch: 40 cost time: 15.552445888519287
Epoch: 40, Steps: 264 | Train Loss: 0.3974057 Vali Loss: 0.2035618 Test Loss: 0.2759465
Validation loss decreased (0.204051 --> 0.203562).  Saving model ...
Updating learning rate to 9.999999901660576e-05
	iters: 100, epoch: 41 | loss: 0.3438750
	speed: 0.1348s/iter; left time: 2122.3375s
	iters: 200, epoch: 41 | loss: 0.5749705
	speed: 0.0589s/iter; left time: 921.4966s
Epoch: 41 cost time: 15.548768281936646
Epoch: 41, Steps: 264 | Train Loss: 0.3963421 Vali Loss: 0.2036709 Test Loss: 0.2756051
EarlyStopping counter: 1 out of 20
Updating learning rate to 9.99309570348355e-05
	iters: 100, epoch: 42 | loss: 0.3430193
	speed: 0.1330s/iter; left time: 2057.7600s
	iters: 200, epoch: 42 | loss: 0.3552575
	speed: 0.0589s/iter; left time: 905.9625s
Epoch: 42 cost time: 15.545376539230347
Epoch: 42, Steps: 264 | Train Loss: 0.3951016 Vali Loss: 0.2034227 Test Loss: 0.2754417
Validation loss decreased (0.203562 --> 0.203423).  Saving model ...
Updating learning rate to 9.972505831867712e-05
	iters: 100, epoch: 43 | loss: 0.3007859
	speed: 0.1394s/iter; left time: 2120.1555s
	iters: 200, epoch: 43 | loss: 0.2916690
	speed: 0.0590s/iter; left time: 891.1064s
Epoch: 43 cost time: 15.554510116577148
Epoch: 43, Steps: 264 | Train Loss: 0.3934292 Vali Loss: 0.2034534 Test Loss: 0.2750900
EarlyStopping counter: 1 out of 20
Updating learning rate to 9.938286722219978e-05
	iters: 100, epoch: 44 | loss: 0.3026948
	speed: 0.1325s/iter; left time: 1980.2689s
	iters: 200, epoch: 44 | loss: 0.3461918
	speed: 0.0590s/iter; left time: 875.8089s
Epoch: 44 cost time: 15.556268453598022
Epoch: 44, Steps: 264 | Train Loss: 0.3920968 Vali Loss: 0.2033377 Test Loss: 0.2749626
Validation loss decreased (0.203423 --> 0.203338).  Saving model ...
Updating learning rate to 9.890532166741349e-05
	iters: 100, epoch: 45 | loss: 0.3371314
	speed: 0.1342s/iter; left time: 1971.3096s
	iters: 200, epoch: 45 | loss: 0.3298154
	speed: 0.0589s/iter; left time: 859.2725s
Epoch: 45 cost time: 15.567084074020386
Epoch: 45, Steps: 264 | Train Loss: 0.3911323 Vali Loss: 0.2033660 Test Loss: 0.2748336
EarlyStopping counter: 1 out of 20
Updating learning rate to 9.829373057349015e-05
	iters: 100, epoch: 46 | loss: 0.4447708
	speed: 0.1325s/iter; left time: 1910.8548s
	iters: 200, epoch: 46 | loss: 0.3725328
	speed: 0.0589s/iter; left time: 843.7001s
Epoch: 46 cost time: 15.546201944351196
Epoch: 46, Steps: 264 | Train Loss: 0.3901094 Vali Loss: 0.2034447 Test Loss: 0.2744115
EarlyStopping counter: 2 out of 20
Updating learning rate to 9.754977026910703e-05
	iters: 100, epoch: 47 | loss: 0.4550566
	speed: 0.1331s/iter; left time: 1884.8294s
	iters: 200, epoch: 47 | loss: 0.4295499
	speed: 0.0590s/iter; left time: 828.8862s
Epoch: 47 cost time: 15.57025146484375
Epoch: 47, Steps: 264 | Train Loss: 0.3880513 Vali Loss: 0.2037234 Test Loss: 0.2743991
EarlyStopping counter: 3 out of 20
Updating learning rate to 9.66754798977464e-05
	iters: 100, epoch: 48 | loss: 0.4861634
	speed: 0.1325s/iter; left time: 1840.4598s
	iters: 200, epoch: 48 | loss: 0.3527275
	speed: 0.0590s/iter; left time: 813.3656s
Epoch: 48 cost time: 15.553792238235474
Epoch: 48, Steps: 264 | Train Loss: 0.3862258 Vali Loss: 0.2038977 Test Loss: 0.2742344
EarlyStopping counter: 4 out of 20
Updating learning rate to 9.567325582854496e-05
	iters: 100, epoch: 49 | loss: 0.3085942
	speed: 0.1326s/iter; left time: 1806.8043s
	iters: 200, epoch: 49 | loss: 0.3290686
	speed: 0.0590s/iter; left time: 797.7702s
Epoch: 49 cost time: 15.560030937194824
Epoch: 49, Steps: 264 | Train Loss: 0.3847657 Vali Loss: 0.2044852 Test Loss: 0.2739395
EarlyStopping counter: 5 out of 20
Updating learning rate to 9.454584508801265e-05
	iters: 100, epoch: 50 | loss: 0.3851785
	speed: 0.1331s/iter; left time: 1779.0287s
	iters: 200, epoch: 50 | loss: 0.4171029
	speed: 0.0589s/iter; left time: 781.6772s
Epoch: 50 cost time: 15.553168535232544
Epoch: 50, Steps: 264 | Train Loss: 0.3828681 Vali Loss: 0.2048870 Test Loss: 0.2738223
EarlyStopping counter: 6 out of 20
Updating learning rate to 9.329633783062396e-05
	iters: 100, epoch: 51 | loss: 0.3498755
	speed: 0.1326s/iter; left time: 1737.3868s
	iters: 200, epoch: 51 | loss: 0.5295100
	speed: 0.0589s/iter; left time: 766.2689s
Epoch: 51 cost time: 15.553552389144897
Epoch: 51, Steps: 264 | Train Loss: 0.3807453 Vali Loss: 0.2053396 Test Loss: 0.2734641
EarlyStopping counter: 7 out of 20
Updating learning rate to 9.192815886891915e-05
	iters: 100, epoch: 52 | loss: 0.3273505
	speed: 0.1328s/iter; left time: 1704.4199s
	iters: 200, epoch: 52 | loss: 0.2399307
	speed: 0.0590s/iter; left time: 750.9049s
Epoch: 52 cost time: 15.565227270126343
Epoch: 52, Steps: 264 | Train Loss: 0.3783055 Vali Loss: 0.2063086 Test Loss: 0.2730785
EarlyStopping counter: 8 out of 20
Updating learning rate to 9.044505828633132e-05
	iters: 100, epoch: 53 | loss: 0.3503264
	speed: 0.1331s/iter; left time: 1673.1372s
	iters: 200, epoch: 53 | loss: 0.3138428
	speed: 0.0590s/iter; left time: 735.7234s
Epoch: 53 cost time: 15.556201219558716
Epoch: 53, Steps: 264 | Train Loss: 0.3762979 Vali Loss: 0.2066268 Test Loss: 0.2730885
EarlyStopping counter: 9 out of 20
Updating learning rate to 8.88511011584683e-05
	iters: 100, epoch: 54 | loss: 0.4600499
	speed: 0.1326s/iter; left time: 1631.6061s
	iters: 200, epoch: 54 | loss: 0.3752307
	speed: 0.0590s/iter; left time: 719.8267s
Epoch: 54 cost time: 15.55803656578064
Epoch: 54, Steps: 264 | Train Loss: 0.3740897 Vali Loss: 0.2073196 Test Loss: 0.2729038
EarlyStopping counter: 10 out of 20
Updating learning rate to 8.715065641102294e-05
	iters: 100, epoch: 55 | loss: 0.5792174
	speed: 0.1330s/iter; left time: 1602.1847s
	iters: 200, epoch: 55 | loss: 0.4446873
	speed: 0.0590s/iter; left time: 704.9327s
Epoch: 55 cost time: 15.561014413833618
Epoch: 55, Steps: 264 | Train Loss: 0.3719032 Vali Loss: 0.2082605 Test Loss: 0.2736279
EarlyStopping counter: 11 out of 20
Updating learning rate to 8.534838484485153e-05
	iters: 100, epoch: 56 | loss: 0.2856915
	speed: 0.1327s/iter; left time: 1563.1616s
	iters: 200, epoch: 56 | loss: 0.2995176
	speed: 0.0589s/iter; left time: 688.5448s
Epoch: 56 cost time: 15.551604509353638
Epoch: 56, Steps: 264 | Train Loss: 0.3701568 Vali Loss: 0.2086440 Test Loss: 0.2735755
EarlyStopping counter: 12 out of 20
Updating learning rate to 8.344922636104257e-05
	iters: 100, epoch: 57 | loss: 0.4504540
	speed: 0.1325s/iter; left time: 1526.1008s
	iters: 200, epoch: 57 | loss: 0.3742996
	speed: 0.0590s/iter; left time: 673.0797s
Epoch: 57 cost time: 15.553491353988647
Epoch: 57, Steps: 264 | Train Loss: 0.3681465 Vali Loss: 0.2096220 Test Loss: 0.2738693
EarlyStopping counter: 13 out of 20
Updating learning rate to 8.145838642099132e-05
	iters: 100, epoch: 58 | loss: 0.3277090
	speed: 0.1329s/iter; left time: 1496.0128s
	iters: 200, epoch: 58 | loss: 0.4218698
	speed: 0.0590s/iter; left time: 657.6216s
Epoch: 58 cost time: 15.553120136260986
Epoch: 58, Steps: 264 | Train Loss: 0.3658753 Vali Loss: 0.2103324 Test Loss: 0.2742062
EarlyStopping counter: 14 out of 20
Updating learning rate to 7.938132177859184e-05
	iters: 100, epoch: 59 | loss: 0.2877489
	speed: 0.1327s/iter; left time: 1457.9683s
	iters: 200, epoch: 59 | loss: 0.3857392
	speed: 0.0589s/iter; left time: 641.7790s
Epoch: 59 cost time: 15.554556131362915
Epoch: 59, Steps: 264 | Train Loss: 0.3639132 Vali Loss: 0.2107526 Test Loss: 0.2748508
EarlyStopping counter: 15 out of 20
Updating learning rate to 7.7223725523654e-05
	iters: 100, epoch: 60 | loss: 0.3620194
	speed: 0.1326s/iter; left time: 1422.0001s
	iters: 200, epoch: 60 | loss: 0.3735122
	speed: 0.0589s/iter; left time: 626.2639s
Epoch: 60 cost time: 15.553154230117798
Epoch: 60, Steps: 264 | Train Loss: 0.3614883 Vali Loss: 0.2114095 Test Loss: 0.2745969
EarlyStopping counter: 16 out of 20
Updating learning rate to 7.499151147753989e-05
	iters: 100, epoch: 61 | loss: 0.2635737
	speed: 0.1331s/iter; left time: 1392.3411s
	iters: 200, epoch: 61 | loss: 0.2897111
	speed: 0.0589s/iter; left time: 610.5827s
Epoch: 61 cost time: 15.547895431518555
Epoch: 61, Steps: 264 | Train Loss: 0.3593278 Vali Loss: 0.2116594 Test Loss: 0.2752190
EarlyStopping counter: 17 out of 20
Updating learning rate to 7.269079798379057e-05
	iters: 100, epoch: 62 | loss: 0.3787324
	speed: 0.1325s/iter; left time: 1351.2251s
	iters: 200, epoch: 62 | loss: 0.4359583
	speed: 0.0590s/iter; left time: 595.2806s
Epoch: 62 cost time: 15.555432319641113
Epoch: 62, Steps: 264 | Train Loss: 0.3571922 Vali Loss: 0.2128415 Test Loss: 0.2760515
EarlyStopping counter: 18 out of 20
Updating learning rate to 7.032789113817185e-05
	iters: 100, epoch: 63 | loss: 0.2548484
	speed: 0.1331s/iter; left time: 1321.6362s
	iters: 200, epoch: 63 | loss: 0.4420720
	speed: 0.0590s/iter; left time: 579.7036s
Epoch: 63 cost time: 15.551412343978882
Epoch: 63, Steps: 264 | Train Loss: 0.3553890 Vali Loss: 0.2125707 Test Loss: 0.2765613
EarlyStopping counter: 19 out of 20
Updating learning rate to 6.790926750410386e-05
	iters: 100, epoch: 64 | loss: 0.3347725
	speed: 0.1326s/iter; left time: 1282.3825s
	iters: 200, epoch: 64 | loss: 0.3247057
	speed: 0.0590s/iter; left time: 564.3003s
Epoch: 64 cost time: 15.557615280151367
Epoch: 64, Steps: 264 | Train Loss: 0.3535260 Vali Loss: 0.2124630 Test Loss: 0.2774003
EarlyStopping counter: 20 out of 20
Early stopping
>>>>>>>testing : Flatten_ettm2_336_336_PatchTST_ETTm2_ftM_sl336_ll48_pl336_dm128_nh16_el3_dl1_df256_fc1_ebtimeF_dtTrue_Exp_0<<<<<<<<<<<<<<<<<<<<<<<<<<<<<<<<<
test 11185
mse:0.27391666173934937, mae:0.3268955647945404, rse:0.42225363850593567
Args in experiment:
Namespace(random_seed=2021, is_training=1, model_id='Flatten_ettm2_336_720', model='PatchTST', data='ETTm2', root_path='./dataset/', data_path='ETTm2.csv', features='M', target='OT', freq='h', checkpoints='./checkpoints/', seq_len=336, label_len=48, pred_len=720, head_type='flatten', fc_dropout=0.2, head_dropout=0.0, patch_len=16, stride=8, padding_patch='end', revin=1, affine=0, subtract_last=0, decomposition=0, kernel_size=25, individual=0, embed_type=0, enc_in=7, dec_in=7, c_out=7, d_model=128, n_heads=16, e_layers=3, d_layers=1, d_ff=256, moving_avg=25, factor=1, distil=True, dropout=0.2, embed='timeF', activation='gelu', output_attention=False, do_predict=False, num_workers=0, itr=1, train_epochs=100, batch_size=128, patience=20, learning_rate=0.0001, des='Exp', loss='mse', lradj='TST', pct_start=0.4, use_amp=False, use_gpu=True, gpu=0, use_multi_gpu=False, devices='0,1,2,3', test_flop=False)
Use GPU: cuda:0
>>>>>>>start training : Flatten_ettm2_336_720_PatchTST_ETTm2_ftM_sl336_ll48_pl720_dm128_nh16_el3_dl1_df256_fc1_ebtimeF_dtTrue_Exp_0>>>>>>>>>>>>>>>>>>>>>>>>>>
train 33505
val 10801
test 10801
	iters: 100, epoch: 1 | loss: 0.5855466
	speed: 0.1194s/iter; left time: 3105.1298s
	iters: 200, epoch: 1 | loss: 0.7573408
	speed: 0.0763s/iter; left time: 1976.3909s
Epoch: 1 cost time: 20.262762784957886
Epoch: 1, Steps: 261 | Train Loss: 0.6649237 Vali Loss: 0.3433478 Test Loss: 0.4571215
Validation loss decreased (inf --> 0.343348).  Saving model ...
Updating learning rate to 4.147996316662011e-06
	iters: 100, epoch: 2 | loss: 0.6316785
	speed: 0.1657s/iter; left time: 4265.6796s
	iters: 200, epoch: 2 | loss: 0.5115684
	speed: 0.0766s/iter; left time: 1962.9573s
Epoch: 2 cost time: 19.942384243011475
Epoch: 2, Steps: 261 | Train Loss: 0.6631941 Vali Loss: 0.3430088 Test Loss: 0.4566281
Validation loss decreased (0.343348 --> 0.343009).  Saving model ...
Updating learning rate to 4.591072645408634e-06
	iters: 100, epoch: 3 | loss: 0.6415646
	speed: 0.1652s/iter; left time: 4208.6821s
	iters: 200, epoch: 3 | loss: 0.7488708
	speed: 0.0766s/iter; left time: 1944.0395s
Epoch: 3 cost time: 19.97724461555481
Epoch: 3, Steps: 261 | Train Loss: 0.6634012 Vali Loss: 0.3426260 Test Loss: 0.4558913
Validation loss decreased (0.343009 --> 0.342626).  Saving model ...
Updating learning rate to 5.326496750212602e-06
	iters: 100, epoch: 4 | loss: 0.5918244
	speed: 0.1653s/iter; left time: 4169.4914s
	iters: 200, epoch: 4 | loss: 0.6478562
	speed: 0.0767s/iter; left time: 1925.9432s
Epoch: 4 cost time: 19.99895167350769
Epoch: 4, Steps: 261 | Train Loss: 0.6624549 Vali Loss: 0.3422763 Test Loss: 0.4552675
Validation loss decreased (0.342626 --> 0.342276).  Saving model ...
Updating learning rate to 6.349733628628268e-06
	iters: 100, epoch: 5 | loss: 0.8419750
	speed: 0.1655s/iter; left time: 4130.2882s
	iters: 200, epoch: 5 | loss: 0.6783022
	speed: 0.0768s/iter; left time: 1908.8953s
Epoch: 5 cost time: 20.026810884475708
Epoch: 5, Steps: 261 | Train Loss: 0.6607432 Vali Loss: 0.3416958 Test Loss: 0.4543985
Validation loss decreased (0.342276 --> 0.341696).  Saving model ...
Updating learning rate to 7.654473476944045e-06
	iters: 100, epoch: 6 | loss: 0.6268972
	speed: 0.1658s/iter; left time: 4094.2172s
	iters: 200, epoch: 6 | loss: 0.6964033
	speed: 0.0769s/iter; left time: 1892.0712s
Epoch: 6 cost time: 20.056286334991455
Epoch: 6, Steps: 261 | Train Loss: 0.6590446 Vali Loss: 0.3407403 Test Loss: 0.4533620
Validation loss decreased (0.341696 --> 0.340740).  Saving model ...
Updating learning rate to 9.232670599670218e-06
	iters: 100, epoch: 7 | loss: 0.7244264
	speed: 0.1648s/iter; left time: 4025.8612s
	iters: 200, epoch: 7 | loss: 0.8001662
	speed: 0.0770s/iter; left time: 1873.1431s
Epoch: 7 cost time: 20.079816818237305
Epoch: 7, Steps: 261 | Train Loss: 0.6577182 Vali Loss: 0.3403586 Test Loss: 0.4523777
Validation loss decreased (0.340740 --> 0.340359).  Saving model ...
Updating learning rate to 1.1074593023426382e-05
	iters: 100, epoch: 8 | loss: 0.5218230
	speed: 0.1661s/iter; left time: 4014.4603s
	iters: 200, epoch: 8 | loss: 0.5877517
	speed: 0.0770s/iter; left time: 1853.5660s
Epoch: 8 cost time: 20.07984685897827
Epoch: 8, Steps: 261 | Train Loss: 0.6563632 Vali Loss: 0.3393002 Test Loss: 0.4509262
Validation loss decreased (0.340359 --> 0.339300).  Saving model ...
Updating learning rate to 1.3168882509283648e-05
	iters: 100, epoch: 9 | loss: 0.5465016
	speed: 0.1650s/iter; left time: 3945.2988s
	iters: 200, epoch: 9 | loss: 0.7778834
	speed: 0.0770s/iter; left time: 1833.4772s
Epoch: 9 cost time: 20.07792067527771
Epoch: 9, Steps: 261 | Train Loss: 0.6541340 Vali Loss: 0.3379092 Test Loss: 0.4491270
Validation loss decreased (0.339300 --> 0.337909).  Saving model ...
Updating learning rate to 1.5502624593494887e-05
	iters: 100, epoch: 10 | loss: 0.6047478
	speed: 0.1658s/iter; left time: 3922.2678s
	iters: 200, epoch: 10 | loss: 0.6739635
	speed: 0.0770s/iter; left time: 1813.3239s
Epoch: 10 cost time: 20.075369358062744
Epoch: 10, Steps: 261 | Train Loss: 0.6512216 Vali Loss: 0.3370461 Test Loss: 0.4475007
Validation loss decreased (0.337909 --> 0.337046).  Saving model ...
Updating learning rate to 1.806142822470586e-05
	iters: 100, epoch: 11 | loss: 0.7023077
	speed: 0.1650s/iter; left time: 3860.2651s
	iters: 200, epoch: 11 | loss: 0.7181618
	speed: 0.0770s/iter; left time: 1793.9360s
Epoch: 11 cost time: 20.096272706985474
Epoch: 11, Steps: 261 | Train Loss: 0.6467985 Vali Loss: 0.3353348 Test Loss: 0.4455926
Validation loss decreased (0.337046 --> 0.335335).  Saving model ...
Updating learning rate to 2.0829514506563195e-05
	iters: 100, epoch: 12 | loss: 0.6471491
	speed: 0.1657s/iter; left time: 3833.7247s
	iters: 200, epoch: 12 | loss: 0.8478671
	speed: 0.0771s/iter; left time: 1774.6744s
Epoch: 12 cost time: 20.086331844329834
Epoch: 12, Steps: 261 | Train Loss: 0.6450311 Vali Loss: 0.3338625 Test Loss: 0.4434600
Validation loss decreased (0.335335 --> 0.333863).  Saving model ...
Updating learning rate to 2.3789813998487008e-05
	iters: 100, epoch: 13 | loss: 0.5042033
	speed: 0.1653s/iter; left time: 3780.5340s
	iters: 200, epoch: 13 | loss: 0.7188301
	speed: 0.0770s/iter; left time: 1754.1050s
Epoch: 13 cost time: 20.098344326019287
Epoch: 13, Steps: 261 | Train Loss: 0.6411883 Vali Loss: 0.3322042 Test Loss: 0.4411711
Validation loss decreased (0.333863 --> 0.332204).  Saving model ...
Updating learning rate to 2.6924071974601397e-05
	iters: 100, epoch: 14 | loss: 0.5973277
	speed: 0.1653s/iter; left time: 3736.8885s
	iters: 200, epoch: 14 | loss: 0.9105899
	speed: 0.0771s/iter; left time: 1734.4492s
Epoch: 14 cost time: 20.101398229599
Epoch: 14, Steps: 261 | Train Loss: 0.6377922 Vali Loss: 0.3302166 Test Loss: 0.4385990
Validation loss decreased (0.332204 --> 0.330217).  Saving model ...
Updating learning rate to 3.0212960991742456e-05
	iters: 100, epoch: 15 | loss: 0.7101879
	speed: 0.1657s/iter; left time: 3703.2296s
	iters: 200, epoch: 15 | loss: 0.7557742
	speed: 0.0771s/iter; left time: 1714.3675s
Epoch: 15 cost time: 20.088921308517456
Epoch: 15, Steps: 261 | Train Loss: 0.6338583 Vali Loss: 0.3282827 Test Loss: 0.4358885
Validation loss decreased (0.330217 --> 0.328283).  Saving model ...
Updating learning rate to 3.363620007239161e-05
	iters: 100, epoch: 16 | loss: 0.6736259
	speed: 0.1653s/iter; left time: 3651.8974s
	iters: 200, epoch: 16 | loss: 0.6039194
	speed: 0.0771s/iter; left time: 1694.2060s
Epoch: 16 cost time: 20.102287530899048
Epoch: 16, Steps: 261 | Train Loss: 0.6293520 Vali Loss: 0.3261155 Test Loss: 0.4331101
Validation loss decreased (0.328283 --> 0.326116).  Saving model ...
Updating learning rate to 3.717267976759092e-05
	iters: 100, epoch: 17 | loss: 0.4153602
	speed: 0.1658s/iter; left time: 3617.5109s
	iters: 200, epoch: 17 | loss: 0.6959913
	speed: 0.0771s/iter; left time: 1674.7668s
Epoch: 17 cost time: 20.099345922470093
Epoch: 17, Steps: 261 | Train Loss: 0.6246136 Vali Loss: 0.3237773 Test Loss: 0.4301143
Validation loss decreased (0.326116 --> 0.323777).  Saving model ...
Updating learning rate to 4.0800592328638756e-05
	iters: 100, epoch: 18 | loss: 0.5855868
	speed: 0.1651s/iter; left time: 3559.5218s
	iters: 200, epoch: 18 | loss: 0.6456293
	speed: 0.0771s/iter; left time: 1654.1391s
Epoch: 18 cost time: 20.09574270248413
Epoch: 18, Steps: 261 | Train Loss: 0.6203099 Vali Loss: 0.3211167 Test Loss: 0.4269888
Validation loss decreased (0.323777 --> 0.321117).  Saving model ...
Updating learning rate to 4.449756618485984e-05
	iters: 100, epoch: 19 | loss: 0.6068921
	speed: 0.1662s/iter; left time: 3541.1583s
	iters: 200, epoch: 19 | loss: 0.6205582
	speed: 0.0771s/iter; left time: 1634.7103s
Epoch: 19 cost time: 20.107744455337524
Epoch: 19, Steps: 261 | Train Loss: 0.6139769 Vali Loss: 0.3187088 Test Loss: 0.4236729
Validation loss decreased (0.321117 --> 0.318709).  Saving model ...
Updating learning rate to 4.824080389819096e-05
	iters: 100, epoch: 20 | loss: 0.6491330
	speed: 0.1650s/iter; left time: 3471.6577s
	iters: 200, epoch: 20 | loss: 0.5420365
	speed: 0.0771s/iter; left time: 1615.6115s
Epoch: 20 cost time: 20.106855869293213
Epoch: 20, Steps: 261 | Train Loss: 0.6094921 Vali Loss: 0.3155932 Test Loss: 0.4201982
Validation loss decreased (0.318709 --> 0.315593).  Saving model ...
Updating learning rate to 5.2007222743883666e-05
	iters: 100, epoch: 21 | loss: 0.6602032
	speed: 0.1661s/iter; left time: 3451.5684s
	iters: 200, epoch: 21 | loss: 0.5543650
	speed: 0.0771s/iter; left time: 1594.5690s
Epoch: 21 cost time: 20.103957414627075
Epoch: 21, Steps: 261 | Train Loss: 0.6041473 Vali Loss: 0.3128507 Test Loss: 0.4165474
Validation loss decreased (0.315593 --> 0.312851).  Saving model ...
Updating learning rate to 5.577359705043091e-05
	iters: 100, epoch: 22 | loss: 0.5185658
	speed: 0.1694s/iter; left time: 3476.4223s
	iters: 200, epoch: 22 | loss: 0.6457392
	speed: 0.0773s/iter; left time: 1579.3753s
Epoch: 22 cost time: 20.135602951049805
Epoch: 22, Steps: 261 | Train Loss: 0.5987786 Vali Loss: 0.3096806 Test Loss: 0.4127223
Validation loss decreased (0.312851 --> 0.309681).  Saving model ...
Updating learning rate to 5.951670142097692e-05
	iters: 100, epoch: 23 | loss: 0.6261219
	speed: 0.1661s/iter; left time: 3364.5736s
	iters: 200, epoch: 23 | loss: 0.6951584
	speed: 0.0771s/iter; left time: 1554.1975s
Epoch: 23 cost time: 20.100906133651733
Epoch: 23, Steps: 261 | Train Loss: 0.5930050 Vali Loss: 0.3063597 Test Loss: 0.4088016
Validation loss decreased (0.309681 --> 0.306360).  Saving model ...
Updating learning rate to 6.321345395303321e-05
	iters: 100, epoch: 24 | loss: 0.5957538
	speed: 0.1651s/iter; left time: 3300.7999s
	iters: 200, epoch: 24 | loss: 0.6320911
	speed: 0.0771s/iter; left time: 1534.3911s
Epoch: 24 cost time: 20.104045867919922
Epoch: 24, Steps: 261 | Train Loss: 0.5869028 Vali Loss: 0.3025553 Test Loss: 0.4047674
Validation loss decreased (0.306360 --> 0.302555).  Saving model ...
Updating learning rate to 6.6841058573335e-05
	iters: 100, epoch: 25 | loss: 0.4231701
	speed: 0.1655s/iter; left time: 3266.6292s
	iters: 200, epoch: 25 | loss: 0.5873343
	speed: 0.0771s/iter; left time: 1514.5085s
Epoch: 25 cost time: 20.115116596221924
Epoch: 25, Steps: 261 | Train Loss: 0.5815420 Vali Loss: 0.2990730 Test Loss: 0.4007830
Validation loss decreased (0.302555 --> 0.299073).  Saving model ...
Updating learning rate to 7.037714561012768e-05
	iters: 100, epoch: 26 | loss: 0.5126792
	speed: 0.1686s/iter; left time: 3283.4733s
	iters: 200, epoch: 26 | loss: 0.7588974
	speed: 0.0771s/iter; left time: 1494.5961s
Epoch: 26 cost time: 20.115352153778076
Epoch: 26, Steps: 261 | Train Loss: 0.5745721 Vali Loss: 0.2959407 Test Loss: 0.3967848
Validation loss decreased (0.299073 --> 0.295941).  Saving model ...
Updating learning rate to 7.379990973604285e-05
	iters: 100, epoch: 27 | loss: 0.6461815
	speed: 0.1654s/iter; left time: 3179.0051s
	iters: 200, epoch: 27 | loss: 0.7628691
	speed: 0.0771s/iter; left time: 1473.9025s
Epoch: 27 cost time: 20.103203058242798
Epoch: 27, Steps: 261 | Train Loss: 0.5700012 Vali Loss: 0.2923898 Test Loss: 0.3929271
Validation loss decreased (0.295941 --> 0.292390).  Saving model ...
Updating learning rate to 7.708824443093723e-05
	iters: 100, epoch: 28 | loss: 0.5698042
	speed: 0.1658s/iter; left time: 3142.5491s
	iters: 200, epoch: 28 | loss: 0.5755675
	speed: 0.0772s/iter; left time: 1454.8706s
Epoch: 28 cost time: 20.11539053916931
Epoch: 28, Steps: 261 | Train Loss: 0.5643824 Vali Loss: 0.2896384 Test Loss: 0.3893092
Validation loss decreased (0.292390 --> 0.289638).  Saving model ...
Updating learning rate to 8.022187213552767e-05
	iters: 100, epoch: 29 | loss: 0.5069900
	speed: 0.1651s/iter; left time: 3086.8582s
	iters: 200, epoch: 29 | loss: 0.8621281
	speed: 0.0771s/iter; left time: 1433.9640s
Epoch: 29 cost time: 20.11065912246704
Epoch: 29, Steps: 261 | Train Loss: 0.5588636 Vali Loss: 0.2867331 Test Loss: 0.3859263
Validation loss decreased (0.289638 --> 0.286733).  Saving model ...
Updating learning rate to 8.318146929322795e-05
	iters: 100, epoch: 30 | loss: 0.4070005
	speed: 0.1660s/iter; left time: 3059.1341s
	iters: 200, epoch: 30 | loss: 0.5791729
	speed: 0.0771s/iter; left time: 1413.7706s
Epoch: 30 cost time: 20.10577702522278
Epoch: 30, Steps: 261 | Train Loss: 0.5541577 Vali Loss: 0.2838935 Test Loss: 0.3828754
Validation loss decreased (0.286733 --> 0.283893).  Saving model ...
Updating learning rate to 8.59487855091154e-05
	iters: 100, epoch: 31 | loss: 0.5342379
	speed: 0.1651s/iter; left time: 3000.4811s
	iters: 200, epoch: 31 | loss: 0.6082168
	speed: 0.0771s/iter; left time: 1394.0324s
Epoch: 31 cost time: 20.108388662338257
Epoch: 31, Steps: 261 | Train Loss: 0.5497652 Vali Loss: 0.2817116 Test Loss: 0.3802607
Validation loss decreased (0.283893 --> 0.281712).  Saving model ...
Updating learning rate to 8.850675609123214e-05
	iters: 100, epoch: 32 | loss: 0.8742973
	speed: 0.1661s/iter; left time: 2975.1830s
	iters: 200, epoch: 32 | loss: 0.4647447
	speed: 0.0771s/iter; left time: 1373.1023s
Epoch: 32 cost time: 20.10975217819214
Epoch: 32, Steps: 261 | Train Loss: 0.5464943 Vali Loss: 0.2794358 Test Loss: 0.3779034
Validation loss decreased (0.281712 --> 0.279436).  Saving model ...
Updating learning rate to 9.083960728023302e-05
	iters: 100, epoch: 33 | loss: 0.4464547
	speed: 0.1682s/iter; left time: 2967.9038s
	iters: 200, epoch: 33 | loss: 0.5695289
	speed: 0.0771s/iter; left time: 1352.3358s
Epoch: 33 cost time: 20.111201286315918
Epoch: 33, Steps: 261 | Train Loss: 0.5425652 Vali Loss: 0.2777926 Test Loss: 0.3759523
Validation loss decreased (0.279436 --> 0.277793).  Saving model ...
Updating learning rate to 9.293295351848083e-05
	iters: 100, epoch: 34 | loss: 0.4247964
	speed: 0.1664s/iter; left time: 2893.4387s
	iters: 200, epoch: 34 | loss: 0.4924546
	speed: 0.0771s/iter; left time: 1332.2763s
Epoch: 34 cost time: 20.159719228744507
Epoch: 34, Steps: 261 | Train Loss: 0.5406930 Vali Loss: 0.2764799 Test Loss: 0.3743356
Validation loss decreased (0.277793 --> 0.276480).  Saving model ...
Updating learning rate to 9.47738861587773e-05
	iters: 100, epoch: 35 | loss: 0.6891828
	speed: 0.1708s/iter; left time: 2925.2198s
	iters: 200, epoch: 35 | loss: 0.6311058
	speed: 0.0770s/iter; left time: 1311.7448s
Epoch: 35 cost time: 20.081438541412354
Epoch: 35, Steps: 261 | Train Loss: 0.5380652 Vali Loss: 0.2755370 Test Loss: 0.3730427
Validation loss decreased (0.276480 --> 0.275537).  Saving model ...
Updating learning rate to 9.635105306570629e-05
	iters: 100, epoch: 36 | loss: 0.5270585
	speed: 0.1659s/iter; left time: 2797.9215s
	iters: 200, epoch: 36 | loss: 0.4388200
	speed: 0.0770s/iter; left time: 1291.3317s
Epoch: 36 cost time: 20.07867980003357
Epoch: 36, Steps: 261 | Train Loss: 0.5353398 Vali Loss: 0.2744635 Test Loss: 0.3718840
Validation loss decreased (0.275537 --> 0.274463).  Saving model ...
Updating learning rate to 9.765472861872672e-05
	iters: 100, epoch: 37 | loss: 0.5883622
	speed: 0.1649s/iter; left time: 2738.8092s
	iters: 200, epoch: 37 | loss: 0.6861153
	speed: 0.0770s/iter; left time: 1271.2910s
Epoch: 37 cost time: 20.08078122138977
Epoch: 37, Steps: 261 | Train Loss: 0.5329698 Vali Loss: 0.2734144 Test Loss: 0.3709709
Validation loss decreased (0.274463 --> 0.273414).  Saving model ...
Updating learning rate to 9.867687368533986e-05
	iters: 100, epoch: 38 | loss: 0.4502078
	speed: 0.1652s/iter; left time: 2700.8196s
	iters: 200, epoch: 38 | loss: 0.4563651
	speed: 0.0770s/iter; left time: 1250.5488s
Epoch: 38 cost time: 20.080326795578003
Epoch: 38, Steps: 261 | Train Loss: 0.5315756 Vali Loss: 0.2727681 Test Loss: 0.3701252
Validation loss decreased (0.273414 --> 0.272768).  Saving model ...
Updating learning rate to 9.941118519450599e-05
	iters: 100, epoch: 39 | loss: 0.6330035
	speed: 0.1656s/iter; left time: 2664.0491s
	iters: 200, epoch: 39 | loss: 0.4531096
	speed: 0.0770s/iter; left time: 1230.9633s
Epoch: 39 cost time: 20.077599048614502
Epoch: 39, Steps: 261 | Train Loss: 0.5300503 Vali Loss: 0.2722749 Test Loss: 0.3694167
Validation loss decreased (0.272768 --> 0.272275).  Saving model ...
Updating learning rate to 9.985313500461516e-05
	iters: 100, epoch: 40 | loss: 0.5005953
	speed: 0.1652s/iter; left time: 2614.5296s
	iters: 200, epoch: 40 | loss: 0.4706972
	speed: 0.0770s/iter; left time: 1210.2643s
Epoch: 40 cost time: 20.07885766029358
Epoch: 40, Steps: 261 | Train Loss: 0.5287542 Vali Loss: 0.2716563 Test Loss: 0.3687651
Validation loss decreased (0.272275 --> 0.271656).  Saving model ...
Updating learning rate to 9.999999899386908e-05
	iters: 100, epoch: 41 | loss: 0.4504005
	speed: 0.1656s/iter; left time: 2577.6622s
	iters: 200, epoch: 41 | loss: 0.4303448
	speed: 0.0770s/iter; left time: 1190.5038s
Epoch: 41 cost time: 20.077417135238647
Epoch: 41, Steps: 261 | Train Loss: 0.5270934 Vali Loss: 0.2713917 Test Loss: 0.3680165
Validation loss decreased (0.271656 --> 0.271392).  Saving model ...
Updating learning rate to 9.993095104667097e-05
	iters: 100, epoch: 42 | loss: 0.4599592
	speed: 0.1652s/iter; left time: 2527.3664s
	iters: 200, epoch: 42 | loss: 0.4593324
	speed: 0.0770s/iter; left time: 1169.9959s
Epoch: 42 cost time: 20.06514859199524
Epoch: 42, Steps: 261 | Train Loss: 0.5254056 Vali Loss: 0.2710883 Test Loss: 0.3672308
Validation loss decreased (0.271392 --> 0.271088).  Saving model ...
Updating learning rate to 9.97250463814979e-05
	iters: 100, epoch: 43 | loss: 0.5888832
	speed: 0.1659s/iter; left time: 2495.5480s
	iters: 200, epoch: 43 | loss: 0.6061543
	speed: 0.0770s/iter; left time: 1149.7068s
Epoch: 43 cost time: 20.067149877548218
Epoch: 43, Steps: 261 | Train Loss: 0.5243700 Vali Loss: 0.2706367 Test Loss: 0.3662219
Validation loss decreased (0.271088 --> 0.270637).  Saving model ...
Updating learning rate to 9.938284936872484e-05
	iters: 100, epoch: 44 | loss: 0.5137654
	speed: 0.1653s/iter; left time: 2442.6803s
	iters: 200, epoch: 44 | loss: 0.6602689
	speed: 0.0770s/iter; left time: 1129.7134s
Epoch: 44 cost time: 20.065746068954468
Epoch: 44, Steps: 261 | Train Loss: 0.5236025 Vali Loss: 0.2705798 Test Loss: 0.3655993
Validation loss decreased (0.270637 --> 0.270580).  Saving model ...
Updating learning rate to 9.890529794657798e-05
	iters: 100, epoch: 45 | loss: 0.4327671
	speed: 0.1661s/iter; left time: 2410.7476s
	iters: 200, epoch: 45 | loss: 0.5016885
	speed: 0.0769s/iter; left time: 1109.2962s
Epoch: 45 cost time: 20.06183099746704
Epoch: 45, Steps: 261 | Train Loss: 0.5209957 Vali Loss: 0.2708173 Test Loss: 0.3645725
EarlyStopping counter: 1 out of 20
Updating learning rate to 9.829370105031122e-05
	iters: 100, epoch: 46 | loss: 0.5881407
	speed: 0.1629s/iter; left time: 2322.7900s
	iters: 200, epoch: 46 | loss: 0.5316051
	speed: 0.0770s/iter; left time: 1089.4689s
Epoch: 46 cost time: 20.06090211868286
Epoch: 46, Steps: 261 | Train Loss: 0.5206450 Vali Loss: 0.2706942 Test Loss: 0.3636813
EarlyStopping counter: 2 out of 20
Updating learning rate to 9.754973502450565e-05
	iters: 100, epoch: 47 | loss: 0.5388537
	speed: 0.1633s/iter; left time: 2284.7555s
	iters: 200, epoch: 47 | loss: 0.5812798
	speed: 0.0769s/iter; left time: 1069.0454s
Epoch: 47 cost time: 20.05656123161316
Epoch: 47, Steps: 261 | Train Loss: 0.5190702 Vali Loss: 0.2704513 Test Loss: 0.3628703
Validation loss decreased (0.270580 --> 0.270451).  Saving model ...
Updating learning rate to 9.667543902832558e-05
	iters: 100, epoch: 48 | loss: 0.4392723
	speed: 0.1656s/iter; left time: 2274.2064s
	iters: 200, epoch: 48 | loss: 0.5534587
	speed: 0.0770s/iter; left time: 1049.5500s
Epoch: 48 cost time: 20.07273578643799
Epoch: 48, Steps: 261 | Train Loss: 0.5173667 Vali Loss: 0.2704135 Test Loss: 0.3623645
Validation loss decreased (0.270451 --> 0.270413).  Saving model ...
Updating learning rate to 9.567320944632494e-05
	iters: 100, epoch: 49 | loss: 0.4302942
	speed: 0.1649s/iter; left time: 2221.2447s
	iters: 200, epoch: 49 | loss: 0.4562008
	speed: 0.0770s/iter; left time: 1029.1170s
Epoch: 49 cost time: 20.06887125968933
Epoch: 49, Steps: 261 | Train Loss: 0.5164154 Vali Loss: 0.2710306 Test Loss: 0.3612522
EarlyStopping counter: 1 out of 20
Updating learning rate to 9.45457933201239e-05
	iters: 100, epoch: 50 | loss: 0.5243754
	speed: 0.1639s/iter; left time: 2165.1537s
	iters: 200, epoch: 50 | loss: 0.5686032
	speed: 0.0769s/iter; left time: 1008.5943s
Epoch: 50 cost time: 20.0572988986969
Epoch: 50, Steps: 261 | Train Loss: 0.5144603 Vali Loss: 0.2716196 Test Loss: 0.3603430
EarlyStopping counter: 2 out of 20
Updating learning rate to 9.329628081895862e-05
	iters: 100, epoch: 51 | loss: 0.4753891
	speed: 0.1629s/iter; left time: 2110.3170s
	iters: 200, epoch: 51 | loss: 0.3716199
	speed: 0.0769s/iter; left time: 988.8150s
Epoch: 51 cost time: 20.057653188705444
Epoch: 51, Steps: 261 | Train Loss: 0.5127529 Vali Loss: 0.2715546 Test Loss: 0.3596573
EarlyStopping counter: 3 out of 20
Updating learning rate to 9.192809676974225e-05
	iters: 100, epoch: 52 | loss: 0.6869124
	speed: 0.1635s/iter; left time: 2074.7170s
	iters: 200, epoch: 52 | loss: 0.4679050
	speed: 0.0769s/iter; left time: 968.7366s
Epoch: 52 cost time: 20.05759072303772
Epoch: 52, Steps: 261 | Train Loss: 0.5118584 Vali Loss: 0.2723285 Test Loss: 0.3586387
EarlyStopping counter: 4 out of 20
Updating learning rate to 9.044499126985239e-05
	iters: 100, epoch: 53 | loss: 0.6384178
	speed: 0.1633s/iter; left time: 2029.6424s
	iters: 200, epoch: 53 | loss: 0.3109814
	speed: 0.0770s/iter; left time: 948.7469s
Epoch: 53 cost time: 20.05647110939026
Epoch: 53, Steps: 261 | Train Loss: 0.5101230 Vali Loss: 0.2734748 Test Loss: 0.3579257
EarlyStopping counter: 5 out of 20
Updating learning rate to 8.885102940837483e-05
	iters: 100, epoch: 54 | loss: 0.5037608
	speed: 0.1631s/iter; left time: 1984.6997s
	iters: 200, epoch: 54 | loss: 0.4426203
	speed: 0.0769s/iter; left time: 928.3138s
Epoch: 54 cost time: 20.051173448562622
Epoch: 54, Steps: 261 | Train Loss: 0.5081866 Vali Loss: 0.2738404 Test Loss: 0.3569873
EarlyStopping counter: 6 out of 20
Updating learning rate to 8.715058012397698e-05
	iters: 100, epoch: 55 | loss: 0.4335880
	speed: 0.1636s/iter; left time: 1948.2306s
	iters: 200, epoch: 55 | loss: 0.3523676
	speed: 0.0769s/iter; left time: 908.3007s
Epoch: 55 cost time: 20.055742263793945
Epoch: 55, Steps: 261 | Train Loss: 0.5055448 Vali Loss: 0.2746724 Test Loss: 0.3566465
EarlyStopping counter: 7 out of 20
Updating learning rate to 8.534830422995055e-05
	iters: 100, epoch: 56 | loss: 0.4492738
	speed: 0.1632s/iter; left time: 1900.5484s
	iters: 200, epoch: 56 | loss: 0.7264991
	speed: 0.0769s/iter; left time: 888.0940s
Epoch: 56 cost time: 20.053040266036987
Epoch: 56, Steps: 261 | Train Loss: 0.5048287 Vali Loss: 0.2755643 Test Loss: 0.3560078
EarlyStopping counter: 8 out of 20
Updating learning rate to 8.344914163924644e-05
	iters: 100, epoch: 57 | loss: 0.5643731
	speed: 0.1637s/iter; left time: 1863.5009s
	iters: 200, epoch: 57 | loss: 0.5154382
	speed: 0.0769s/iter; left time: 868.2871s
Epoch: 57 cost time: 20.048823595046997
Epoch: 57, Steps: 261 | Train Loss: 0.5016067 Vali Loss: 0.2765400 Test Loss: 0.3555158
EarlyStopping counter: 9 out of 20
Updating learning rate to 8.145829782451657e-05
	iters: 100, epoch: 58 | loss: 0.5319828
	speed: 0.1628s/iter; left time: 1811.1652s
	iters: 200, epoch: 58 | loss: 0.6192298
	speed: 0.0769s/iter; left time: 847.8037s
Epoch: 58 cost time: 20.04812479019165
Epoch: 58, Steps: 261 | Train Loss: 0.5010402 Vali Loss: 0.2775166 Test Loss: 0.3549544
EarlyStopping counter: 10 out of 20
Updating learning rate to 7.938122955027528e-05
	iters: 100, epoch: 59 | loss: 0.5303887
	speed: 0.1639s/iter; left time: 1780.3298s
	iters: 200, epoch: 59 | loss: 0.5611031
	speed: 0.0769s/iter; left time: 828.0429s
Epoch: 59 cost time: 20.0535409450531
Epoch: 59, Steps: 261 | Train Loss: 0.4984984 Vali Loss: 0.2785589 Test Loss: 0.3544292
EarlyStopping counter: 11 out of 20
Updating learning rate to 7.722362991628698e-05
	iters: 100, epoch: 60 | loss: 0.4549516
	speed: 0.1630s/iter; left time: 1727.6871s
	iters: 200, epoch: 60 | loss: 0.3956991
	speed: 0.0769s/iter; left time: 807.9731s
Epoch: 60 cost time: 20.058551788330078
Epoch: 60, Steps: 261 | Train Loss: 0.4968728 Vali Loss: 0.2792948 Test Loss: 0.3544003
EarlyStopping counter: 12 out of 20
Updating learning rate to 7.499141275317558e-05
	iters: 100, epoch: 61 | loss: 0.5068496
	speed: 0.1638s/iter; left time: 1694.0028s
	iters: 200, epoch: 61 | loss: 0.5957741
	speed: 0.0769s/iter; left time: 787.9060s
Epoch: 61 cost time: 20.04874277114868
Epoch: 61, Steps: 261 | Train Loss: 0.4945773 Vali Loss: 0.2800583 Test Loss: 0.3543320
EarlyStopping counter: 13 out of 20
Updating learning rate to 7.269069641302562e-05
	iters: 100, epoch: 62 | loss: 0.6873686
	speed: 0.1628s/iter; left time: 1640.8249s
	iters: 200, epoch: 62 | loss: 0.4688479
	speed: 0.0769s/iter; left time: 767.6857s
Epoch: 62 cost time: 20.047311544418335
Epoch: 62, Steps: 261 | Train Loss: 0.4931867 Vali Loss: 0.2806582 Test Loss: 0.3542586
EarlyStopping counter: 14 out of 20
Updating learning rate to 7.032778699940462e-05
	iters: 100, epoch: 63 | loss: 0.4879520
	speed: 0.1639s/iter; left time: 1608.8493s
	iters: 200, epoch: 63 | loss: 0.4717971
	speed: 0.0769s/iter; left time: 747.3953s
Epoch: 63 cost time: 20.04428458213806
Epoch: 63, Steps: 261 | Train Loss: 0.4917273 Vali Loss: 0.2813414 Test Loss: 0.3544468
EarlyStopping counter: 15 out of 20
Updating learning rate to 6.79091610827715e-05
	iters: 100, epoch: 64 | loss: 0.5847088
	speed: 0.1628s/iter; left time: 1555.6864s
	iters: 200, epoch: 64 | loss: 0.3620785
	speed: 0.0769s/iter; left time: 727.1726s
Epoch: 64 cost time: 20.039385318756104
Epoch: 64, Steps: 261 | Train Loss: 0.4903471 Vali Loss: 0.2822982 Test Loss: 0.3539160
EarlyStopping counter: 16 out of 20
Updating learning rate to 6.544144794864713e-05
	iters: 100, epoch: 65 | loss: 0.3758521
	speed: 0.1631s/iter; left time: 1515.8968s
	iters: 200, epoch: 65 | loss: 0.4213080
	speed: 0.0769s/iter; left time: 707.1590s
Epoch: 65 cost time: 20.03902840614319
Epoch: 65, Steps: 261 | Train Loss: 0.4888321 Vali Loss: 0.2825383 Test Loss: 0.3542483
EarlyStopping counter: 17 out of 20
Updating learning rate to 6.293141142720349e-05
	iters: 100, epoch: 66 | loss: 0.4991435
	speed: 0.1635s/iter; left time: 1477.2790s
	iters: 200, epoch: 66 | loss: 0.4753982
	speed: 0.0769s/iter; left time: 687.0825s
Epoch: 66 cost time: 20.041336059570312
Epoch: 66, Steps: 261 | Train Loss: 0.4862994 Vali Loss: 0.2830324 Test Loss: 0.3544321
EarlyStopping counter: 18 out of 20
Updating learning rate to 6.038593135407538e-05
	iters: 100, epoch: 67 | loss: 0.3336208
	speed: 0.1632s/iter; left time: 1431.9425s
	iters: 200, epoch: 67 | loss: 0.6041131
	speed: 0.0769s/iter; left time: 667.2160s
Epoch: 67 cost time: 20.050349235534668
Epoch: 67, Steps: 261 | Train Loss: 0.4856824 Vali Loss: 0.2843369 Test Loss: 0.3546703
EarlyStopping counter: 19 out of 20
Updating learning rate to 5.7811984713209085e-05
	iters: 100, epoch: 68 | loss: 0.5412357
	speed: 0.1637s/iter; left time: 1393.5235s
	iters: 200, epoch: 68 | loss: 0.5731803
	speed: 0.0772s/iter; left time: 649.2878s
Epoch: 68 cost time: 20.072917938232422
Epoch: 68, Steps: 261 | Train Loss: 0.4841401 Vali Loss: 0.2843276 Test Loss: 0.3546387
EarlyStopping counter: 20 out of 20
Early stopping
>>>>>>>testing : Flatten_ettm2_336_720_PatchTST_ETTm2_ftM_sl336_ll48_pl720_dm128_nh16_el3_dl1_df256_fc1_ebtimeF_dtTrue_Exp_0<<<<<<<<<<<<<<<<<<<<<<<<<<<<<<<<<
test 10801
mse:0.3621837794780731, mae:0.3829699754714966, rse:0.4831858277320862
