==========================================================
Lanzando Experimento: Flatten_ettm2 | Dataset: ettm2
==========================================================
Args in experiment:
Namespace(random_seed=2021, is_training=1, model_id='Flatten_ettm2_336_96', model='PatchTST', data='ETTm2', root_path='./dataset/', data_path='ETTm2.csv', features='M', target='OT', freq='h', checkpoints='./checkpoints/', seq_len=336, label_len=48, pred_len=96, head_type='flatten', fc_dropout=0.2, head_dropout=0.0, patch_len=16, stride=8, padding_patch='end', revin=1, affine=0, subtract_last=0, decomposition=0, kernel_size=25, individual=0, embed_type=0, enc_in=7, dec_in=7, c_out=7, d_model=128, n_heads=16, e_layers=3, d_layers=1, d_ff=256, moving_avg=25, factor=1, distil=True, dropout=0.2, embed='timeF', activation='gelu', output_attention=False, do_predict=False, num_workers=0, itr=1, train_epochs=100, batch_size=128, patience=20, learning_rate=0.0001, des='Exp', loss='mse', lradj='TST', pct_start=0.4, use_amp=False, use_gpu=True, gpu=0, use_multi_gpu=False, devices='0,1,2,3', test_flop=False)
Use GPU: cuda:0
>>>>>>>start training : Flatten_ettm2_336_96_PatchTST_ETTm2_ftM_sl336_ll48_pl96_dm128_nh16_el3_dl1_df256_fc1_ebtimeF_dtTrue_Exp_0>>>>>>>>>>>>>>>>>>>>>>>>>>
train 34129
val 11425
test 11425
	iters: 100, epoch: 1 | loss: 0.5928912
	speed: 0.0671s/iter; left time: 1777.3711s
	iters: 200, epoch: 1 | loss: 0.5885773
	speed: 0.0488s/iter; left time: 1288.8930s
Epoch: 1 cost time: 13.252614498138428
Epoch: 1, Steps: 266 | Train Loss: 0.4519761 Vali Loss: 0.2333419 Test Loss: 0.3105733
Validation loss decreased (inf --> 0.233342).  Saving model ...
Updating learning rate to 4.147995783958166e-06
	iters: 100, epoch: 2 | loss: 0.3548880
	speed: 0.1175s/iter; left time: 3083.8976s
	iters: 200, epoch: 2 | loss: 0.5324150
	speed: 0.0496s/iter; left time: 1297.5239s
Epoch: 2 cost time: 13.205534219741821
Epoch: 2, Steps: 266 | Train Loss: 0.4498861 Vali Loss: 0.2322652 Test Loss: 0.3092488
Validation loss decreased (0.233342 --> 0.232265).  Saving model ...
Updating learning rate to 4.591070521163098e-06
	iters: 100, epoch: 3 | loss: 0.3843043
	speed: 0.1178s/iter; left time: 3058.5158s
	iters: 200, epoch: 3 | loss: 0.3262099
	speed: 0.0501s/iter; left time: 1295.5833s
Epoch: 3 cost time: 13.315914154052734
Epoch: 3, Steps: 266 | Train Loss: 0.4473825 Vali Loss: 0.2309215 Test Loss: 0.3073052
Validation loss decreased (0.232265 --> 0.230921).  Saving model ...
Updating learning rate to 5.326491995236255e-06
	iters: 100, epoch: 4 | loss: 0.3232614
	speed: 0.1185s/iter; left time: 3045.0129s
	iters: 200, epoch: 4 | loss: 0.4955872
	speed: 0.0502s/iter; left time: 1284.4930s
Epoch: 4 cost time: 13.343865871429443
Epoch: 4, Steps: 266 | Train Loss: 0.4449139 Vali Loss: 0.2295015 Test Loss: 0.3053201
Validation loss decreased (0.230921 --> 0.229502).  Saving model ...
Updating learning rate to 6.349725236277868e-06
	iters: 100, epoch: 5 | loss: 0.3805282
	speed: 0.1184s/iter; left time: 3011.9242s
	iters: 200, epoch: 5 | loss: 0.4750675
	speed: 0.0502s/iter; left time: 1272.8829s
Epoch: 5 cost time: 13.372183084487915
Epoch: 5, Steps: 266 | Train Loss: 0.4412276 Vali Loss: 0.2277635 Test Loss: 0.3030186
Validation loss decreased (0.229502 --> 0.227763).  Saving model ...
Updating learning rate to 7.654460485717921e-06
	iters: 100, epoch: 6 | loss: 0.4804889
	speed: 0.1184s/iter; left time: 2980.3698s
	iters: 200, epoch: 6 | loss: 0.3002339
	speed: 0.0503s/iter; left time: 1261.3476s
Epoch: 6 cost time: 13.373356342315674
Epoch: 6, Steps: 266 | Train Loss: 0.4367629 Vali Loss: 0.2254683 Test Loss: 0.2999250
Validation loss decreased (0.227763 --> 0.225468).  Saving model ...
Updating learning rate to 9.232652105385623e-06
	iters: 100, epoch: 7 | loss: 0.3926447
	speed: 0.1186s/iter; left time: 2952.7139s
	iters: 200, epoch: 7 | loss: 0.5616559
	speed: 0.0504s/iter; left time: 1248.9552s
Epoch: 7 cost time: 13.399417400360107
Epoch: 7, Steps: 266 | Train Loss: 0.4326171 Vali Loss: 0.2230362 Test Loss: 0.2967914
Validation loss decreased (0.225468 --> 0.223036).  Saving model ...
Updating learning rate to 1.1074568190864783e-05
	iters: 100, epoch: 8 | loss: 0.4453252
	speed: 0.1188s/iter; left time: 2926.8132s
	iters: 200, epoch: 8 | loss: 0.3712145
	speed: 0.0504s/iter; left time: 1237.5734s
Epoch: 8 cost time: 13.411264181137085
Epoch: 8, Steps: 266 | Train Loss: 0.4275236 Vali Loss: 0.2202318 Test Loss: 0.2929076
Validation loss decreased (0.223036 --> 0.220232).  Saving model ...
Updating learning rate to 1.316885058319476e-05
	iters: 100, epoch: 9 | loss: 0.3540949
	speed: 0.1188s/iter; left time: 2895.2125s
	iters: 200, epoch: 9 | loss: 0.4799900
	speed: 0.0505s/iter; left time: 1224.5852s
Epoch: 9 cost time: 13.414219379425049
Epoch: 9, Steps: 266 | Train Loss: 0.4210806 Vali Loss: 0.2168189 Test Loss: 0.2885695
Validation loss decreased (0.220232 --> 0.216819).  Saving model ...
Updating learning rate to 1.5502584908855415e-05
	iters: 100, epoch: 10 | loss: 0.3522998
	speed: 0.1189s/iter; left time: 2865.8983s
	iters: 200, epoch: 10 | loss: 0.3390685
	speed: 0.0504s/iter; left time: 1209.9447s
Epoch: 10 cost time: 13.410459518432617
Epoch: 10, Steps: 266 | Train Loss: 0.4139992 Vali Loss: 0.2129502 Test Loss: 0.2835353
Validation loss decreased (0.216819 --> 0.212950).  Saving model ...
Updating learning rate to 1.806138021613527e-05
	iters: 100, epoch: 11 | loss: 0.3621847
	speed: 0.1188s/iter; left time: 2831.3871s
	iters: 200, epoch: 11 | loss: 0.3545963
	speed: 0.0504s/iter; left time: 1197.0334s
Epoch: 11 cost time: 13.401475429534912
Epoch: 11, Steps: 266 | Train Loss: 0.4066246 Vali Loss: 0.2087032 Test Loss: 0.2779742
Validation loss decreased (0.212950 --> 0.208703).  Saving model ...
Updating learning rate to 2.0829457716805565e-05
	iters: 100, epoch: 12 | loss: 0.4202099
	speed: 0.1187s/iter; left time: 2799.0351s
	iters: 200, epoch: 12 | loss: 0.2936207
	speed: 0.0504s/iter; left time: 1182.9627s
Epoch: 12 cost time: 13.401462078094482
Epoch: 12, Steps: 266 | Train Loss: 0.3975911 Vali Loss: 0.2039422 Test Loss: 0.2718081
Validation loss decreased (0.208703 --> 0.203942).  Saving model ...
Updating learning rate to 2.3789748085875986e-05
	iters: 100, epoch: 13 | loss: 0.2867628
	speed: 0.1187s/iter; left time: 2767.5551s
	iters: 200, epoch: 13 | loss: 0.3201316
	speed: 0.0503s/iter; left time: 1168.1040s
Epoch: 13 cost time: 13.391501426696777
Epoch: 13, Steps: 266 | Train Loss: 0.3878189 Vali Loss: 0.1987427 Test Loss: 0.2652578
Validation loss decreased (0.203942 --> 0.198743).  Saving model ...
Updating learning rate to 2.6923996719433387e-05
	iters: 100, epoch: 14 | loss: 0.4527227
	speed: 0.1187s/iter; left time: 2735.4903s
	iters: 200, epoch: 14 | loss: 0.2521337
	speed: 0.0502s/iter; left time: 1152.6851s
Epoch: 14 cost time: 13.370295286178589
Epoch: 14, Steps: 266 | Train Loss: 0.3775549 Vali Loss: 0.1932901 Test Loss: 0.2581910
Validation loss decreased (0.198743 --> 0.193290).  Saving model ...
Updating learning rate to 3.021287630149266e-05
	iters: 100, epoch: 15 | loss: 0.2980108
	speed: 0.1182s/iter; left time: 2693.2153s
	iters: 200, epoch: 15 | loss: 0.3426362
	speed: 0.0502s/iter; left time: 1138.4741s
Epoch: 15 cost time: 13.3494873046875
Epoch: 15, Steps: 266 | Train Loss: 0.3668958 Vali Loss: 0.1872309 Test Loss: 0.2507052
Validation loss decreased (0.193290 --> 0.187231).  Saving model ...
Updating learning rate to 3.363610598571669e-05
	iters: 100, epoch: 16 | loss: 0.4152606
	speed: 0.1183s/iter; left time: 2663.9162s
	iters: 200, epoch: 16 | loss: 0.3352330
	speed: 0.0501s/iter; left time: 1122.2417s
Epoch: 16 cost time: 13.334288835525513
Epoch: 16, Steps: 266 | Train Loss: 0.3550157 Vali Loss: 0.1809158 Test Loss: 0.2428312
Validation loss decreased (0.187231 --> 0.180916).  Saving model ...
Updating learning rate to 3.717257645707274e-05
	iters: 100, epoch: 17 | loss: 0.3357270
	speed: 0.1180s/iter; left time: 2623.9429s
	iters: 200, epoch: 17 | loss: 0.2698607
	speed: 0.0501s/iter; left time: 1108.6301s
Epoch: 17 cost time: 13.32272720336914
Epoch: 17, Steps: 266 | Train Loss: 0.3418101 Vali Loss: 0.1743893 Test Loss: 0.2347427
Validation loss decreased (0.180916 --> 0.174389).  Saving model ...
Updating learning rate to 4.08004801022336e-05
	iters: 100, epoch: 18 | loss: 0.3248483
	speed: 0.1179s/iter; left time: 2590.4176s
	iters: 200, epoch: 18 | loss: 0.2795541
	speed: 0.0500s/iter; left time: 1093.8032s
Epoch: 18 cost time: 13.304476976394653
Epoch: 18, Steps: 266 | Train Loss: 0.3299647 Vali Loss: 0.1676427 Test Loss: 0.2264243
Validation loss decreased (0.174389 --> 0.167643).  Saving model ...
Updating learning rate to 4.4497445486028815e-05
	iters: 100, epoch: 19 | loss: 0.3679543
	speed: 0.1178s/iter; left time: 2557.8552s
	iters: 200, epoch: 19 | loss: 0.2617725
	speed: 0.0500s/iter; left time: 1079.6829s
Epoch: 19 cost time: 13.294135332107544
Epoch: 19, Steps: 266 | Train Loss: 0.3167518 Vali Loss: 0.1608087 Test Loss: 0.2182411
Validation loss decreased (0.167643 --> 0.160809).  Saving model ...
Updating learning rate to 4.8240675304698384e-05
	iters: 100, epoch: 20 | loss: 0.2907841
	speed: 0.1176s/iter; left time: 2522.8967s
	iters: 200, epoch: 20 | loss: 0.2908782
	speed: 0.0499s/iter; left time: 1065.9978s
Epoch: 20 cost time: 13.279083728790283
Epoch: 20, Steps: 266 | Train Loss: 0.3037561 Vali Loss: 0.1540581 Test Loss: 0.2103705
Validation loss decreased (0.160809 --> 0.154058).  Saving model ...
Updating learning rate to 5.2007086965261054e-05
	iters: 100, epoch: 21 | loss: 0.2574436
	speed: 0.1176s/iter; left time: 2490.0862s
	iters: 200, epoch: 21 | loss: 0.2488529
	speed: 0.0499s/iter; left time: 1052.3838s
Epoch: 21 cost time: 13.262170791625977
Epoch: 21, Steps: 266 | Train Loss: 0.2917739 Vali Loss: 0.1479439 Test Loss: 0.2031422
Validation loss decreased (0.154058 --> 0.147944).  Saving model ...
Updating learning rate to 5.5773454924116216e-05
	iters: 100, epoch: 22 | loss: 0.3065578
	speed: 0.1172s/iter; left time: 2450.4310s
	iters: 200, epoch: 22 | loss: 0.2654864
	speed: 0.0496s/iter; left time: 1033.0612s
Epoch: 22 cost time: 13.185835838317871
Epoch: 22, Steps: 266 | Train Loss: 0.2805110 Vali Loss: 0.1423364 Test Loss: 0.1967300
Validation loss decreased (0.147944 --> 0.142336).  Saving model ...
Updating learning rate to 5.95165539071495e-05
	iters: 100, epoch: 23 | loss: 0.2376011
	speed: 0.1172s/iter; left time: 2420.6628s
	iters: 200, epoch: 23 | loss: 0.2554250
	speed: 0.0499s/iter; left time: 1025.7750s
Epoch: 23 cost time: 13.266179323196411
Epoch: 23, Steps: 266 | Train Loss: 0.2705810 Vali Loss: 0.1377252 Test Loss: 0.1913404
Validation loss decreased (0.142336 --> 0.137725).  Saving model ...
Updating learning rate to 6.321330212817643e-05
	iters: 100, epoch: 24 | loss: 0.2687736
	speed: 0.1174s/iter; left time: 2392.0507s
	iters: 200, epoch: 24 | loss: 0.2420184
	speed: 0.0499s/iter; left time: 1011.1143s
Epoch: 24 cost time: 13.2482590675354
Epoch: 24, Steps: 266 | Train Loss: 0.2616446 Vali Loss: 0.1338965 Test Loss: 0.1867462
Validation loss decreased (0.137725 --> 0.133896).  Saving model ...
Updating learning rate to 6.684090362256924e-05
	iters: 100, epoch: 25 | loss: 0.4829403
	speed: 0.1174s/iter; left time: 2360.8167s
	iters: 200, epoch: 25 | loss: 0.2260980
	speed: 0.0498s/iter; left time: 996.6575s
Epoch: 25 cost time: 13.23845362663269
Epoch: 25, Steps: 266 | Train Loss: 0.2543640 Vali Loss: 0.1308032 Test Loss: 0.1827585
Validation loss decreased (0.133896 --> 0.130803).  Saving model ...
Updating learning rate to 7.037698881836747e-05
	iters: 100, epoch: 26 | loss: 0.2326226
	speed: 0.1171s/iter; left time: 2325.1342s
	iters: 200, epoch: 26 | loss: 0.1743267
	speed: 0.0498s/iter; left time: 982.9022s
Epoch: 26 cost time: 13.225385427474976
Epoch: 26, Steps: 266 | Train Loss: 0.2476299 Vali Loss: 0.1283063 Test Loss: 0.1791582
Validation loss decreased (0.130803 --> 0.128306).  Saving model ...
Updating learning rate to 7.379975247804219e-05
	iters: 100, epoch: 27 | loss: 0.1854938
	speed: 0.1171s/iter; left time: 2293.1162s
	iters: 200, epoch: 27 | loss: 0.1856237
	speed: 0.0497s/iter; left time: 969.0546s
Epoch: 27 cost time: 13.21869158744812
Epoch: 27, Steps: 266 | Train Loss: 0.2420506 Vali Loss: 0.1262492 Test Loss: 0.1761820
Validation loss decreased (0.128306 --> 0.126249).  Saving model ...
Updating learning rate to 7.70880881602968e-05
	iters: 100, epoch: 28 | loss: 0.2441222
	speed: 0.1172s/iter; left time: 2264.7283s
	iters: 200, epoch: 28 | loss: 0.2177920
	speed: 0.0497s/iter; left time: 956.0152s
Epoch: 28 cost time: 13.225341320037842
Epoch: 28, Steps: 266 | Train Loss: 0.2370875 Vali Loss: 0.1245499 Test Loss: 0.1735328
Validation loss decreased (0.126249 --> 0.124550).  Saving model ...
Updating learning rate to 8.02217183727475e-05
	iters: 100, epoch: 29 | loss: 0.2213344
	speed: 0.1173s/iter; left time: 2235.6475s
	iters: 200, epoch: 29 | loss: 0.1880961
	speed: 0.0497s/iter; left time: 942.5576s
Epoch: 29 cost time: 13.220125198364258
Epoch: 29, Steps: 266 | Train Loss: 0.2329209 Vali Loss: 0.1229483 Test Loss: 0.1715420
Validation loss decreased (0.124550 --> 0.122948).  Saving model ...
Updating learning rate to 8.318131961289731e-05
	iters: 100, epoch: 30 | loss: 0.2127399
	speed: 0.1171s/iter; left time: 2199.5544s
	iters: 200, epoch: 30 | loss: 0.2507493
	speed: 0.0497s/iter; left time: 928.9318s
Epoch: 30 cost time: 13.212097883224487
Epoch: 30, Steps: 266 | Train Loss: 0.2295926 Vali Loss: 0.1220417 Test Loss: 0.1696610
Validation loss decreased (0.122948 --> 0.122042).  Saving model ...
Updating learning rate to 8.59486415263404e-05
	iters: 100, epoch: 31 | loss: 0.1908629
	speed: 0.1172s/iter; left time: 2170.6110s
	iters: 200, epoch: 31 | loss: 0.1782982
	speed: 0.0497s/iter; left time: 915.5358s
Epoch: 31 cost time: 13.219733715057373
Epoch: 31, Steps: 266 | Train Loss: 0.2268317 Vali Loss: 0.1209163 Test Loss: 0.1682831
Validation loss decreased (0.122042 --> 0.120916).  Saving model ...
Updating learning rate to 8.850661944740828e-05
	iters: 100, epoch: 32 | loss: 0.2931621
	speed: 0.1173s/iter; left time: 2140.9261s
	iters: 200, epoch: 32 | loss: 0.2147028
	speed: 0.0497s/iter; left time: 901.7983s
Epoch: 32 cost time: 13.20994257926941
Epoch: 32, Steps: 266 | Train Loss: 0.2242387 Vali Loss: 0.1201502 Test Loss: 0.1671632
Validation loss decreased (0.120916 --> 0.120150).  Saving model ...
Updating learning rate to 9.083947962827694e-05
	iters: 100, epoch: 33 | loss: 0.2574884
	speed: 0.1171s/iter; left time: 2106.6345s
	iters: 200, epoch: 33 | loss: 0.2421610
	speed: 0.0496s/iter; left time: 887.7835s
Epoch: 33 cost time: 13.197084665298462
Epoch: 33, Steps: 266 | Train Loss: 0.2224304 Vali Loss: 0.1196274 Test Loss: 0.1663056
Validation loss decreased (0.120150 --> 0.119627).  Saving model ...
Updating learning rate to 9.293283650764084e-05
	iters: 100, epoch: 34 | loss: 0.1865107
	speed: 0.1171s/iter; left time: 2075.2345s
	iters: 200, epoch: 34 | loss: 0.1729062
	speed: 0.0496s/iter; left time: 874.8091s
Epoch: 34 cost time: 13.2008638381958
Epoch: 34, Steps: 266 | Train Loss: 0.2205841 Vali Loss: 0.1191616 Test Loss: 0.1656837
Validation loss decreased (0.119627 --> 0.119162).  Saving model ...
Updating learning rate to 9.477378141914727e-05
	iters: 100, epoch: 35 | loss: 0.1759412
	speed: 0.1171s/iter; left time: 2043.8499s
	iters: 200, epoch: 35 | loss: 0.1889853
	speed: 0.0496s/iter; left time: 860.7246s
Epoch: 35 cost time: 13.192179918289185
Epoch: 35, Steps: 266 | Train Loss: 0.2192460 Vali Loss: 0.1188118 Test Loss: 0.1652422
Validation loss decreased (0.119162 --> 0.118812).  Saving model ...
Updating learning rate to 9.635096219257111e-05
	iters: 100, epoch: 36 | loss: 0.2242340
	speed: 0.1170s/iter; left time: 2011.2929s
	iters: 200, epoch: 36 | loss: 0.2117175
	speed: 0.0496s/iter; left time: 847.9092s
Epoch: 36 cost time: 13.19414234161377
Epoch: 36, Steps: 266 | Train Loss: 0.2179012 Vali Loss: 0.1184996 Test Loss: 0.1648600
Validation loss decreased (0.118812 --> 0.118500).  Saving model ...
Updating learning rate to 9.765465315687045e-05
	iters: 100, epoch: 37 | loss: 0.2352945
	speed: 0.1170s/iter; left time: 1979.8142s
	iters: 200, epoch: 37 | loss: 0.1614291
	speed: 0.0495s/iter; left time: 833.2050s
Epoch: 37 cost time: 13.181468486785889
Epoch: 37, Steps: 266 | Train Loss: 0.2167854 Vali Loss: 0.1184355 Test Loss: 0.1645667
Validation loss decreased (0.118500 --> 0.118436).  Saving model ...
Updating learning rate to 9.867681511344941e-05
	iters: 100, epoch: 38 | loss: 0.1702691
	speed: 0.1170s/iter; left time: 1949.3399s
	iters: 200, epoch: 38 | loss: 0.2471304
	speed: 0.0495s/iter; left time: 820.2718s
Epoch: 38 cost time: 13.185235738754272
Epoch: 38, Steps: 266 | Train Loss: 0.2154624 Vali Loss: 0.1184166 Test Loss: 0.1641432
Validation loss decreased (0.118436 --> 0.118417).  Saving model ...
Updating learning rate to 9.941114490980398e-05
	iters: 100, epoch: 39 | loss: 0.3101737
	speed: 0.1170s/iter; left time: 1918.3873s
	iters: 200, epoch: 39 | loss: 0.1869024
	speed: 0.0495s/iter; left time: 806.3718s
Epoch: 39 cost time: 13.171987771987915
Epoch: 39, Steps: 266 | Train Loss: 0.2141297 Vali Loss: 0.1181884 Test Loss: 0.1640290
Validation loss decreased (0.118417 --> 0.118188).  Saving model ...
Updating learning rate to 9.98531143078552e-05
	iters: 100, epoch: 40 | loss: 0.1421887
	speed: 0.1171s/iter; left time: 1887.7767s
	iters: 200, epoch: 40 | loss: 0.3400157
	speed: 0.0495s/iter; left time: 793.9185s
Epoch: 40 cost time: 13.180470705032349
Epoch: 40, Steps: 266 | Train Loss: 0.2137403 Vali Loss: 0.1179880 Test Loss: 0.1638815
Validation loss decreased (0.118188 --> 0.117988).  Saving model ...
Updating learning rate to 9.999999903133806e-05
	iters: 100, epoch: 41 | loss: 0.1955332
	speed: 0.1174s/iter; left time: 1861.3954s
	iters: 200, epoch: 41 | loss: 0.1673060
	speed: 0.0495s/iter; left time: 780.4832s
Epoch: 41 cost time: 13.182850360870361
Epoch: 41, Steps: 266 | Train Loss: 0.2128124 Vali Loss: 0.1179317 Test Loss: 0.1638248
Validation loss decreased (0.117988 --> 0.117932).  Saving model ...
Updating learning rate to 9.993096095176514e-05
	iters: 100, epoch: 42 | loss: 0.2357503
	speed: 0.1171s/iter; left time: 1825.5823s
	iters: 200, epoch: 42 | loss: 0.1835503
	speed: 0.0495s/iter; left time: 767.2972s
Epoch: 42 cost time: 13.173019886016846
Epoch: 42, Steps: 266 | Train Loss: 0.2118945 Vali Loss: 0.1178999 Test Loss: 0.1637606
Validation loss decreased (0.117932 --> 0.117900).  Saving model ...
Updating learning rate to 9.972506612706808e-05
	iters: 100, epoch: 43 | loss: 0.2091518
	speed: 0.1170s/iter; left time: 1793.5590s
	iters: 200, epoch: 43 | loss: 0.1588794
	speed: 0.0495s/iter; left time: 754.3926s
Epoch: 43 cost time: 13.177409648895264
Epoch: 43, Steps: 266 | Train Loss: 0.2104139 Vali Loss: 0.1180245 Test Loss: 0.1635580
EarlyStopping counter: 1 out of 20
Updating learning rate to 9.93828789006498e-05
	iters: 100, epoch: 44 | loss: 0.2268915
	speed: 0.1164s/iter; left time: 1753.7018s
	iters: 200, epoch: 44 | loss: 0.2753449
	speed: 0.0495s/iter; left time: 740.5266s
Epoch: 44 cost time: 13.166973114013672
Epoch: 44, Steps: 266 | Train Loss: 0.2102754 Vali Loss: 0.1181779 Test Loss: 0.1636310
EarlyStopping counter: 2 out of 20
Updating learning rate to 9.890533718391275e-05
	iters: 100, epoch: 45 | loss: 0.2908165
	speed: 0.1164s/iter; left time: 1722.2734s
	iters: 200, epoch: 45 | loss: 0.1858904
	speed: 0.0495s/iter; left time: 727.8007s
Epoch: 45 cost time: 13.173011541366577
Epoch: 45, Steps: 266 | Train Loss: 0.2089863 Vali Loss: 0.1181608 Test Loss: 0.1637062
EarlyStopping counter: 3 out of 20
Updating learning rate to 9.829374988550901e-05
	iters: 100, epoch: 46 | loss: 0.2383940
	speed: 0.1165s/iter; left time: 1692.8636s
	iters: 200, epoch: 46 | loss: 0.1632840
	speed: 0.0495s/iter; left time: 714.5040s
Epoch: 46 cost time: 13.169257402420044
Epoch: 46, Steps: 266 | Train Loss: 0.2080552 Vali Loss: 0.1185044 Test Loss: 0.1636890
EarlyStopping counter: 4 out of 20
Updating learning rate to 9.754979332371259e-05
	iters: 100, epoch: 47 | loss: 0.1858524
	speed: 0.1164s/iter; left time: 1660.0262s
	iters: 200, epoch: 47 | loss: 0.1588237
	speed: 0.0495s/iter; left time: 701.2766s
Epoch: 47 cost time: 13.166525840759277
Epoch: 47, Steps: 266 | Train Loss: 0.2070651 Vali Loss: 0.1187507 Test Loss: 0.1639094
EarlyStopping counter: 5 out of 20
Updating learning rate to 9.667550663174757e-05
	iters: 100, epoch: 48 | loss: 0.1740872
	speed: 0.1164s/iter; left time: 1629.0990s
	iters: 200, epoch: 48 | loss: 0.2589375
	speed: 0.0495s/iter; left time: 687.5608s
Epoch: 48 cost time: 13.166258573532104
Epoch: 48, Steps: 266 | Train Loss: 0.2060530 Vali Loss: 0.1189194 Test Loss: 0.1641155
EarlyStopping counter: 6 out of 20
Updating learning rate to 9.567328616866573e-05
	iters: 100, epoch: 49 | loss: 0.1644411
	speed: 0.1165s/iter; left time: 1599.5731s
	iters: 200, epoch: 49 | loss: 0.1879884
	speed: 0.0495s/iter; left time: 675.0216s
Epoch: 49 cost time: 13.17307996749878
Epoch: 49, Steps: 266 | Train Loss: 0.2053802 Vali Loss: 0.1187900 Test Loss: 0.1642030
EarlyStopping counter: 7 out of 20
Updating learning rate to 9.454587895109285e-05
	iters: 100, epoch: 50 | loss: 0.2090940
	speed: 0.1169s/iter; left time: 1573.6436s
	iters: 200, epoch: 50 | loss: 0.1654584
	speed: 0.0495s/iter; left time: 661.7363s
Epoch: 50 cost time: 13.21664571762085
Epoch: 50, Steps: 266 | Train Loss: 0.2039701 Vali Loss: 0.1193313 Test Loss: 0.1644743
EarlyStopping counter: 8 out of 20
Updating learning rate to 9.329637512384722e-05
	iters: 100, epoch: 51 | loss: 0.2708370
	speed: 0.1164s/iter; left time: 1536.6133s
	iters: 200, epoch: 51 | loss: 0.2223162
	speed: 0.0495s/iter; left time: 649.0797s
Epoch: 51 cost time: 13.17670726776123
Epoch: 51, Steps: 266 | Train Loss: 0.2030432 Vali Loss: 0.1194831 Test Loss: 0.1646406
EarlyStopping counter: 9 out of 20
Updating learning rate to 9.192819949006735e-05
	iters: 100, epoch: 52 | loss: 0.1869206
	speed: 0.1164s/iter; left time: 1506.1590s
	iters: 200, epoch: 52 | loss: 0.2469458
	speed: 0.0495s/iter; left time: 635.7310s
Epoch: 52 cost time: 13.174360513687134
Epoch: 52, Steps: 266 | Train Loss: 0.2024070 Vali Loss: 0.1198219 Test Loss: 0.1649882
EarlyStopping counter: 10 out of 20
Updating learning rate to 9.044510212406473e-05
	iters: 100, epoch: 53 | loss: 0.2488298
	speed: 0.1163s/iter; left time: 1473.8260s
	iters: 200, epoch: 53 | loss: 0.2541938
	speed: 0.0495s/iter; left time: 622.3759s
Epoch: 53 cost time: 13.169557094573975
Epoch: 53, Steps: 266 | Train Loss: 0.2016319 Vali Loss: 0.1196466 Test Loss: 0.1649611
EarlyStopping counter: 11 out of 20
Updating learning rate to 8.885114809263072e-05
	iters: 100, epoch: 54 | loss: 0.2045438
	speed: 0.1163s/iter; left time: 1442.2363s
	iters: 200, epoch: 54 | loss: 0.2114274
	speed: 0.0495s/iter; left time: 609.4143s
Epoch: 54 cost time: 13.167941093444824
Epoch: 54, Steps: 266 | Train Loss: 0.2004798 Vali Loss: 0.1200493 Test Loss: 0.1651069
EarlyStopping counter: 12 out of 20
Updating learning rate to 8.71507063129711e-05
	iters: 100, epoch: 55 | loss: 0.2587126
	speed: 0.1160s/iter; left time: 1407.6059s
	iters: 200, epoch: 55 | loss: 0.2367011
	speed: 0.0492s/iter; left time: 592.8078s
Epoch: 55 cost time: 13.093252658843994
Epoch: 55, Steps: 266 | Train Loss: 0.1999745 Vali Loss: 0.1200979 Test Loss: 0.1653349
EarlyStopping counter: 13 out of 20
Updating learning rate to 8.534843757780764e-05
	iters: 100, epoch: 56 | loss: 0.2076241
	speed: 0.1157s/iter; left time: 1373.9028s
	iters: 200, epoch: 56 | loss: 0.2601694
	speed: 0.0495s/iter; left time: 583.0616s
Epoch: 56 cost time: 13.140130996704102
Epoch: 56, Steps: 266 | Train Loss: 0.1989545 Vali Loss: 0.1203151 Test Loss: 0.1658180
EarlyStopping counter: 14 out of 20
Updating learning rate to 8.34492817804693e-05
	iters: 100, epoch: 57 | loss: 0.1964846
	speed: 0.1161s/iter; left time: 1346.8669s
	iters: 200, epoch: 57 | loss: 0.1916758
	speed: 0.0493s/iter; left time: 566.6742s
Epoch: 57 cost time: 13.097189664840698
Epoch: 57, Steps: 266 | Train Loss: 0.1985387 Vali Loss: 0.1206411 Test Loss: 0.1660360
EarlyStopping counter: 15 out of 20
Updating learning rate to 8.145844437498785e-05
	iters: 100, epoch: 58 | loss: 0.1687166
	speed: 0.1158s/iter; left time: 1313.4900s
	iters: 200, epoch: 58 | loss: 0.2203704
	speed: 0.0493s/iter; left time: 553.8601s
Epoch: 58 cost time: 13.099356412887573
Epoch: 58, Steps: 266 | Train Loss: 0.1981432 Vali Loss: 0.1205298 Test Loss: 0.1661888
EarlyStopping counter: 16 out of 20
Updating learning rate to 7.938138210831032e-05
	iters: 100, epoch: 59 | loss: 0.2612900
	speed: 0.1158s/iter; left time: 1282.3654s
	iters: 200, epoch: 59 | loss: 0.1869294
	speed: 0.0493s/iter; left time: 540.5940s
Epoch: 59 cost time: 13.097282648086548
Epoch: 59, Steps: 266 | Train Loss: 0.1974136 Vali Loss: 0.1207015 Test Loss: 0.1661328
EarlyStopping counter: 17 out of 20
Updating learning rate to 7.722378806373484e-05
	iters: 100, epoch: 60 | loss: 0.2090419
	speed: 0.1159s/iter; left time: 1252.0266s
	iters: 200, epoch: 60 | loss: 0.1491466
	speed: 0.0493s/iter; left time: 527.7140s
Epoch: 60 cost time: 13.102290391921997
Epoch: 60, Steps: 266 | Train Loss: 0.1966762 Vali Loss: 0.1205906 Test Loss: 0.1661319
EarlyStopping counter: 18 out of 20
Updating learning rate to 7.499157605656507e-05
	iters: 100, epoch: 61 | loss: 0.1389953
	speed: 0.1160s/iter; left time: 1222.6099s
	iters: 200, epoch: 61 | loss: 0.2426556
	speed: 0.0493s/iter; left time: 514.5378s
Epoch: 61 cost time: 13.100154399871826
Epoch: 61, Steps: 266 | Train Loss: 0.1961513 Vali Loss: 0.1207120 Test Loss: 0.1661930
EarlyStopping counter: 19 out of 20
Updating learning rate to 7.26908644247535e-05
	iters: 100, epoch: 62 | loss: 0.2728766
	speed: 0.1158s/iter; left time: 1189.8611s
	iters: 200, epoch: 62 | loss: 0.2131811
	speed: 0.0493s/iter; left time: 501.4620s
Epoch: 62 cost time: 13.099515438079834
Epoch: 62, Steps: 266 | Train Loss: 0.1956703 Vali Loss: 0.1207275 Test Loss: 0.1663374
EarlyStopping counter: 20 out of 20
Early stopping
>>>>>>>testing : Flatten_ettm2_336_96_PatchTST_ETTm2_ftM_sl336_ll48_pl96_dm128_nh16_el3_dl1_df256_fc1_ebtimeF_dtTrue_Exp_0<<<<<<<<<<<<<<<<<<<<<<<<<<<<<<<<<
test 11425
mse:0.1821117103099823, mae:0.2657598853111267, rse:0.3457120954990387
Args in experiment:
Namespace(random_seed=2021, is_training=1, model_id='Flatten_ettm2_336_192', model='PatchTST', data='ETTm2', root_path='./dataset/', data_path='ETTm2.csv', features='M', target='OT', freq='h', checkpoints='./checkpoints/', seq_len=336, label_len=48, pred_len=192, head_type='flatten', fc_dropout=0.2, head_dropout=0.0, patch_len=16, stride=8, padding_patch='end', revin=1, affine=0, subtract_last=0, decomposition=0, kernel_size=25, individual=0, embed_type=0, enc_in=7, dec_in=7, c_out=7, d_model=128, n_heads=16, e_layers=3, d_layers=1, d_ff=256, moving_avg=25, factor=1, distil=True, dropout=0.2, embed='timeF', activation='gelu', output_attention=False, do_predict=False, num_workers=0, itr=1, train_epochs=100, batch_size=128, patience=20, learning_rate=0.0001, des='Exp', loss='mse', lradj='TST', pct_start=0.4, use_amp=False, use_gpu=True, gpu=0, use_multi_gpu=False, devices='0,1,2,3', test_flop=False)
Use GPU: cuda:0
>>>>>>>start training : Flatten_ettm2_336_192_PatchTST_ETTm2_ftM_sl336_ll48_pl192_dm128_nh16_el3_dl1_df256_fc1_ebtimeF_dtTrue_Exp_0>>>>>>>>>>>>>>>>>>>>>>>>>>
train 34033
val 11329
test 11329
	iters: 100, epoch: 1 | loss: 0.4163829
	speed: 0.0679s/iter; left time: 1793.6189s
	iters: 200, epoch: 1 | loss: 0.5755876
	speed: 0.0535s/iter; left time: 1408.1453s
Epoch: 1 cost time: 14.447506666183472
Epoch: 1, Steps: 265 | Train Loss: 0.5049553 Vali Loss: 0.2579483 Test Loss: 0.3410399
Validation loss decreased (inf --> 0.257948).  Saving model ...
Updating learning rate to 4.147995888890545e-06
	iters: 100, epoch: 2 | loss: 0.3197735
	speed: 0.1288s/iter; left time: 3366.6778s
	iters: 200, epoch: 2 | loss: 0.3666581
	speed: 0.0541s/iter; left time: 1408.2074s
Epoch: 2 cost time: 14.332771301269531
Epoch: 2, Steps: 265 | Train Loss: 0.5038173 Vali Loss: 0.2573958 Test Loss: 0.3402594
Validation loss decreased (0.257948 --> 0.257396).  Saving model ...
Updating learning rate to 4.591070939598485e-06
	iters: 100, epoch: 3 | loss: 0.6634279
	speed: 0.1379s/iter; left time: 3568.4889s
	iters: 200, epoch: 3 | loss: 0.5963867
	speed: 0.0542s/iter; left time: 1395.9034s
Epoch: 3 cost time: 14.345028400421143
Epoch: 3, Steps: 265 | Train Loss: 0.5020252 Vali Loss: 0.2565195 Test Loss: 0.3388653
Validation loss decreased (0.257396 --> 0.256520).  Saving model ...
Updating learning rate to 5.326492931874866e-06
	iters: 100, epoch: 4 | loss: 0.5629413
	speed: 0.1252s/iter; left time: 3207.1167s
	iters: 200, epoch: 4 | loss: 0.7973310
	speed: 0.0543s/iter; left time: 1385.5695s
Epoch: 4 cost time: 14.39267349243164
Epoch: 4, Steps: 265 | Train Loss: 0.5002506 Vali Loss: 0.2554052 Test Loss: 0.3375075
Validation loss decreased (0.256520 --> 0.255405).  Saving model ...
Updating learning rate to 6.349726889409005e-06
	iters: 100, epoch: 5 | loss: 0.6266304
	speed: 0.1256s/iter; left time: 3183.5457s
	iters: 200, epoch: 5 | loss: 0.4965177
	speed: 0.0544s/iter; left time: 1372.9479s
Epoch: 5 cost time: 14.402178525924683
Epoch: 5, Steps: 265 | Train Loss: 0.4980222 Vali Loss: 0.2542094 Test Loss: 0.3356362
Validation loss decreased (0.255405 --> 0.254209).  Saving model ...
Updating learning rate to 7.654463044738896e-06
	iters: 100, epoch: 6 | loss: 0.4428586
	speed: 0.1257s/iter; left time: 3151.5689s
	iters: 200, epoch: 6 | loss: 0.3456142
	speed: 0.0543s/iter; left time: 1356.9201s
Epoch: 6 cost time: 14.399462699890137
Epoch: 6, Steps: 265 | Train Loss: 0.4953083 Vali Loss: 0.2527635 Test Loss: 0.3338682
Validation loss decreased (0.254209 --> 0.252763).  Saving model ...
Updating learning rate to 9.232655748403029e-06
	iters: 100, epoch: 7 | loss: 0.3719738
	speed: 0.1260s/iter; left time: 3126.7729s
	iters: 200, epoch: 7 | loss: 0.6266044
	speed: 0.0544s/iter; left time: 1343.7505s
Epoch: 7 cost time: 14.414591312408447
Epoch: 7, Steps: 265 | Train Loss: 0.4919670 Vali Loss: 0.2509670 Test Loss: 0.3316703
Validation loss decreased (0.252763 --> 0.250967).  Saving model ...
Updating learning rate to 1.107457308240065e-05
	iters: 100, epoch: 8 | loss: 0.4657697
	speed: 0.1255s/iter; left time: 3081.4080s
	iters: 200, epoch: 8 | loss: 0.7465749
	speed: 0.0545s/iter; left time: 1331.5371s
Epoch: 8 cost time: 14.415334939956665
Epoch: 8, Steps: 265 | Train Loss: 0.4879501 Vali Loss: 0.2491796 Test Loss: 0.3289754
Validation loss decreased (0.250967 --> 0.249180).  Saving model ...
Updating learning rate to 1.3168856872018862e-05
	iters: 100, epoch: 9 | loss: 0.4176476
	speed: 0.1253s/iter; left time: 3043.0832s
	iters: 200, epoch: 9 | loss: 0.3022997
	speed: 0.0544s/iter; left time: 1316.5733s
Epoch: 9 cost time: 14.418352127075195
Epoch: 9, Steps: 265 | Train Loss: 0.4833021 Vali Loss: 0.2470222 Test Loss: 0.3260537
Validation loss decreased (0.249180 --> 0.247022).  Saving model ...
Updating learning rate to 1.550259272596464e-05
	iters: 100, epoch: 10 | loss: 0.3818366
	speed: 0.1255s/iter; left time: 3014.3502s
	iters: 200, epoch: 10 | loss: 0.5129319
	speed: 0.0544s/iter; left time: 1301.6956s
Epoch: 10 cost time: 14.4045889377594
Epoch: 10, Steps: 265 | Train Loss: 0.4790086 Vali Loss: 0.2446335 Test Loss: 0.3227964
Validation loss decreased (0.247022 --> 0.244633).  Saving model ...
Updating learning rate to 1.806138967289881e-05
	iters: 100, epoch: 11 | loss: 0.3868837
	speed: 0.1253s/iter; left time: 2976.7198s
	iters: 200, epoch: 11 | loss: 0.4437639
	speed: 0.0544s/iter; left time: 1285.9636s
Epoch: 11 cost time: 14.406524658203125
Epoch: 11, Steps: 265 | Train Loss: 0.4735610 Vali Loss: 0.2415877 Test Loss: 0.3188162
Validation loss decreased (0.244633 --> 0.241588).  Saving model ...
Updating learning rate to 2.0829468903294163e-05
	iters: 100, epoch: 12 | loss: 0.5327922
	speed: 0.1332s/iter; left time: 3128.2537s
	iters: 200, epoch: 12 | loss: 0.3761602
	speed: 0.0542s/iter; left time: 1268.5354s
Epoch: 12 cost time: 14.372764348983765
Epoch: 12, Steps: 265 | Train Loss: 0.4680826 Vali Loss: 0.2386616 Test Loss: 0.3148580
Validation loss decreased (0.241588 --> 0.238662).  Saving model ...
Updating learning rate to 2.3789761069391508e-05
	iters: 100, epoch: 13 | loss: 0.5317181
	speed: 0.1253s/iter; left time: 2909.6200s
	iters: 200, epoch: 13 | loss: 0.4347225
	speed: 0.0543s/iter; left time: 1256.1330s
Epoch: 13 cost time: 14.395677328109741
Epoch: 13, Steps: 265 | Train Loss: 0.4613125 Vali Loss: 0.2349585 Test Loss: 0.3102885
Validation loss decreased (0.238662 --> 0.234958).  Saving model ...
Updating learning rate to 2.692401154325343e-05
	iters: 100, epoch: 14 | loss: 0.7178690
	speed: 0.1258s/iter; left time: 2888.8895s
	iters: 200, epoch: 14 | loss: 0.4152783
	speed: 0.0543s/iter; left time: 1241.0746s
Epoch: 14 cost time: 14.392647504806519
Epoch: 14, Steps: 265 | Train Loss: 0.4534934 Vali Loss: 0.2310479 Test Loss: 0.3054470
Validation loss decreased (0.234958 --> 0.231048).  Saving model ...
Updating learning rate to 3.0212892983843068e-05
	iters: 100, epoch: 15 | loss: 0.5148029
	speed: 0.1252s/iter; left time: 2840.6065s
	iters: 200, epoch: 15 | loss: 0.3489698
	speed: 0.0541s/iter; left time: 1222.8155s
Epoch: 15 cost time: 14.339110136032104
Epoch: 15, Steps: 265 | Train Loss: 0.4466218 Vali Loss: 0.2270620 Test Loss: 0.3003443
Validation loss decreased (0.231048 --> 0.227062).  Saving model ...
Updating learning rate to 3.3636124518983084e-05
	iters: 100, epoch: 16 | loss: 0.4511838
	speed: 0.1249s/iter; left time: 2799.9810s
	iters: 200, epoch: 16 | loss: 0.3551980
	speed: 0.0542s/iter; left time: 1209.9649s
Epoch: 16 cost time: 14.351893663406372
Epoch: 16, Steps: 265 | Train Loss: 0.4378162 Vali Loss: 0.2225457 Test Loss: 0.2948112
Validation loss decreased (0.227062 --> 0.222546).  Saving model ...
Updating learning rate to 3.717259680726015e-05
	iters: 100, epoch: 17 | loss: 0.5330039
	speed: 0.1251s/iter; left time: 2772.3050s
	iters: 200, epoch: 17 | loss: 0.6079925
	speed: 0.0542s/iter; left time: 1195.6212s
Epoch: 17 cost time: 14.348141431808472
Epoch: 17, Steps: 265 | Train Loss: 0.4288996 Vali Loss: 0.2178243 Test Loss: 0.2890196
Validation loss decreased (0.222546 --> 0.217824).  Saving model ...
Updating learning rate to 4.080050220868085e-05
	iters: 100, epoch: 18 | loss: 0.4070547
	speed: 0.1249s/iter; left time: 2735.2564s
	iters: 200, epoch: 18 | loss: 0.3355308
	speed: 0.0542s/iter; left time: 1180.9181s
Epoch: 18 cost time: 14.345316171646118
Epoch: 18, Steps: 265 | Train Loss: 0.4198602 Vali Loss: 0.2129774 Test Loss: 0.2829225
Validation loss decreased (0.217824 --> 0.212977).  Saving model ...
Updating learning rate to 4.449746926138297e-05
	iters: 100, epoch: 19 | loss: 0.4710861
	speed: 0.1250s/iter; left time: 2704.9121s
	iters: 200, epoch: 19 | loss: 0.6441438
	speed: 0.0543s/iter; left time: 1169.0120s
Epoch: 19 cost time: 14.374828100204468
Epoch: 19, Steps: 265 | Train Loss: 0.4090829 Vali Loss: 0.2074195 Test Loss: 0.2765864
Validation loss decreased (0.212977 --> 0.207420).  Saving model ...
Updating learning rate to 4.824070063515135e-05
	iters: 100, epoch: 20 | loss: 0.4116904
	speed: 0.1259s/iter; left time: 2688.9808s
	iters: 200, epoch: 20 | loss: 0.3236490
	speed: 0.0544s/iter; left time: 1156.2115s
Epoch: 20 cost time: 14.39886999130249
Epoch: 20, Steps: 265 | Train Loss: 0.3997592 Vali Loss: 0.2022184 Test Loss: 0.2702965
Validation loss decreased (0.207420 --> 0.202218).  Saving model ...
Updating learning rate to 5.200711371104918e-05
	iters: 100, epoch: 21 | loss: 0.3073645
	speed: 0.1254s/iter; left time: 2645.7719s
	iters: 200, epoch: 21 | loss: 0.4088584
	speed: 0.0543s/iter; left time: 1139.8071s
Epoch: 21 cost time: 14.380305290222168
Epoch: 21, Steps: 265 | Train Loss: 0.3894389 Vali Loss: 0.1967652 Test Loss: 0.2640236
Validation loss decreased (0.202218 --> 0.196765).  Saving model ...
Updating learning rate to 5.577348292028073e-05
	iters: 100, epoch: 22 | loss: 0.2686044
	speed: 0.1253s/iter; left time: 2610.8012s
	iters: 200, epoch: 22 | loss: 0.3068611
	speed: 0.0542s/iter; left time: 1124.3383s
Epoch: 22 cost time: 14.36928677558899
Epoch: 22, Steps: 265 | Train Loss: 0.3791054 Vali Loss: 0.1916095 Test Loss: 0.2579874
Validation loss decreased (0.196765 --> 0.191610).  Saving model ...
Updating learning rate to 5.9516582964553954e-05
	iters: 100, epoch: 23 | loss: 0.3756659
	speed: 0.1253s/iter; left time: 2578.3660s
	iters: 200, epoch: 23 | loss: 0.3366763
	speed: 0.0543s/iter; left time: 1110.6500s
Epoch: 23 cost time: 14.370601177215576
Epoch: 23, Steps: 265 | Train Loss: 0.3695603 Vali Loss: 0.1867321 Test Loss: 0.2523768
Validation loss decreased (0.191610 --> 0.186732).  Saving model ...
Updating learning rate to 6.321333203477474e-05
	iters: 100, epoch: 24 | loss: 0.3404004
	speed: 0.1252s/iter; left time: 2541.5178s
	iters: 200, epoch: 24 | loss: 0.3624444
	speed: 0.0542s/iter; left time: 1095.9866s
Epoch: 24 cost time: 14.374027967453003
Epoch: 24, Steps: 265 | Train Loss: 0.3601786 Vali Loss: 0.1821126 Test Loss: 0.2472996
Validation loss decreased (0.186732 --> 0.182113).  Saving model ...
Updating learning rate to 6.684093414491588e-05
	iters: 100, epoch: 25 | loss: 0.3707761
	speed: 0.1253s/iter; left time: 2510.6711s
	iters: 200, epoch: 25 | loss: 0.3327847
	speed: 0.0543s/iter; left time: 1081.9353s
Epoch: 25 cost time: 14.370540142059326
Epoch: 25, Steps: 265 | Train Loss: 0.3516296 Vali Loss: 0.1780393 Test Loss: 0.2429148
Validation loss decreased (0.182113 --> 0.178039).  Saving model ...
Updating learning rate to 7.037701970335941e-05
	iters: 100, epoch: 26 | loss: 0.3004599
	speed: 0.1250s/iter; left time: 2472.5150s
	iters: 200, epoch: 26 | loss: 0.3030109
	speed: 0.0543s/iter; left time: 1068.7565s
Epoch: 26 cost time: 14.37597370147705
Epoch: 26, Steps: 265 | Train Loss: 0.3441025 Vali Loss: 0.1748893 Test Loss: 0.2392647
Validation loss decreased (0.178039 --> 0.174889).  Saving model ...
Updating learning rate to 7.379978345487968e-05
	iters: 100, epoch: 27 | loss: 0.2993945
	speed: 0.1253s/iter; left time: 2445.3205s
	iters: 200, epoch: 27 | loss: 0.2696517
	speed: 0.0543s/iter; left time: 1053.3906s
Epoch: 27 cost time: 14.376641511917114
Epoch: 27, Steps: 265 | Train Loss: 0.3380277 Vali Loss: 0.1718008 Test Loss: 0.2360349
Validation loss decreased (0.174889 --> 0.171801).  Saving model ...
Updating learning rate to 7.70881189426489e-05
	iters: 100, epoch: 28 | loss: 0.2924733
	speed: 0.1252s/iter; left time: 2410.0743s
	iters: 200, epoch: 28 | loss: 0.3750924
	speed: 0.0542s/iter; left time: 1038.3208s
Epoch: 28 cost time: 14.372488737106323
Epoch: 28, Steps: 265 | Train Loss: 0.3321764 Vali Loss: 0.1696729 Test Loss: 0.2333326
Validation loss decreased (0.171801 --> 0.169673).  Saving model ...
Updating learning rate to 8.022174866110521e-05
	iters: 100, epoch: 29 | loss: 0.2173176
	speed: 0.1253s/iter; left time: 2377.7897s
	iters: 200, epoch: 29 | loss: 0.3743806
	speed: 0.0542s/iter; left time: 1024.1083s
Epoch: 29 cost time: 14.378814697265625
Epoch: 29, Steps: 265 | Train Loss: 0.3267730 Vali Loss: 0.1676871 Test Loss: 0.2309424
Validation loss decreased (0.169673 --> 0.167687).  Saving model ...
Updating learning rate to 8.318134909709714e-05
	iters: 100, epoch: 30 | loss: 0.2427945
	speed: 0.1252s/iter; left time: 2343.9743s
	iters: 200, epoch: 30 | loss: 0.3925811
	speed: 0.0542s/iter; left time: 1009.6079s
Epoch: 30 cost time: 14.369136333465576
Epoch: 30, Steps: 265 | Train Loss: 0.3228581 Vali Loss: 0.1658772 Test Loss: 0.2289153
Validation loss decreased (0.167687 --> 0.165877).  Saving model ...
Updating learning rate to 8.594866988823775e-05
	iters: 100, epoch: 31 | loss: 0.6367900
	speed: 0.1253s/iter; left time: 2312.2649s
	iters: 200, epoch: 31 | loss: 0.4764659
	speed: 0.0542s/iter; left time: 994.7155s
Epoch: 31 cost time: 14.374665260314941
Epoch: 31, Steps: 265 | Train Loss: 0.3193926 Vali Loss: 0.1645341 Test Loss: 0.2271526
Validation loss decreased (0.165877 --> 0.164534).  Saving model ...
Updating learning rate to 8.850664636367998e-05
	iters: 100, epoch: 32 | loss: 0.3294460
	speed: 0.1254s/iter; left time: 2281.3057s
	iters: 200, epoch: 32 | loss: 0.3924050
	speed: 0.0543s/iter; left time: 982.4334s
Epoch: 32 cost time: 14.384109258651733
Epoch: 32, Steps: 265 | Train Loss: 0.3156690 Vali Loss: 0.1634863 Test Loss: 0.2257441
Validation loss decreased (0.164534 --> 0.163486).  Saving model ...
Updating learning rate to 9.083950477333033e-05
	iters: 100, epoch: 33 | loss: 0.3984556
	speed: 0.1253s/iter; left time: 2245.7212s
	iters: 200, epoch: 33 | loss: 0.4164827
	speed: 0.0543s/iter; left time: 967.8232s
Epoch: 33 cost time: 14.386587142944336
Epoch: 33, Steps: 265 | Train Loss: 0.3139542 Vali Loss: 0.1623607 Test Loss: 0.2244775
Validation loss decreased (0.163486 --> 0.162361).  Saving model ...
Updating learning rate to 9.293285955660577e-05
	iters: 100, epoch: 34 | loss: 0.2841519
	speed: 0.1254s/iter; left time: 2213.8957s
	iters: 200, epoch: 34 | loss: 0.3175755
	speed: 0.0544s/iter; left time: 955.4324s
Epoch: 34 cost time: 14.394871234893799
Epoch: 34, Steps: 265 | Train Loss: 0.3116564 Vali Loss: 0.1615724 Test Loss: 0.2236200
Validation loss decreased (0.162361 --> 0.161572).  Saving model ...
Updating learning rate to 9.477380205092656e-05
	iters: 100, epoch: 35 | loss: 0.3065852
	speed: 0.1252s/iter; left time: 2177.0879s
	iters: 200, epoch: 35 | loss: 0.1949441
	speed: 0.0543s/iter; left time: 939.1054s
Epoch: 35 cost time: 14.371155500411987
Epoch: 35, Steps: 265 | Train Loss: 0.3097637 Vali Loss: 0.1608585 Test Loss: 0.2228351
Validation loss decreased (0.161572 --> 0.160859).  Saving model ...
Updating learning rate to 9.635098009292423e-05
	iters: 100, epoch: 36 | loss: 0.2837644
	speed: 0.1250s/iter; left time: 2140.9037s
	iters: 200, epoch: 36 | loss: 0.3657402
	speed: 0.0543s/iter; left time: 923.8436s
Epoch: 36 cost time: 14.371372699737549
Epoch: 36, Steps: 265 | Train Loss: 0.3085406 Vali Loss: 0.1603316 Test Loss: 0.2222293
Validation loss decreased (0.160859 --> 0.160332).  Saving model ...
Updating learning rate to 9.765466802150444e-05
	iters: 100, epoch: 37 | loss: 0.3116040
	speed: 0.1252s/iter; left time: 2110.9237s
	iters: 200, epoch: 37 | loss: 0.2995094
	speed: 0.0543s/iter; left time: 909.3433s
Epoch: 37 cost time: 14.369199275970459
Epoch: 37, Steps: 265 | Train Loss: 0.3067896 Vali Loss: 0.1599210 Test Loss: 0.2216695
Validation loss decreased (0.160332 --> 0.159921).  Saving model ...
Updating learning rate to 9.867682665109111e-05
	iters: 100, epoch: 38 | loss: 0.2701745
	speed: 0.1250s/iter; left time: 2075.0617s
	iters: 200, epoch: 38 | loss: 0.2292714
	speed: 0.0543s/iter; left time: 895.1256s
Epoch: 38 cost time: 14.371899366378784
Epoch: 38, Steps: 265 | Train Loss: 0.3057895 Vali Loss: 0.1594170 Test Loss: 0.2214673
Validation loss decreased (0.159921 --> 0.159417).  Saving model ...
Updating learning rate to 9.941115284522702e-05
	iters: 100, epoch: 39 | loss: 0.2890439
	speed: 0.1251s/iter; left time: 2043.1274s
	iters: 200, epoch: 39 | loss: 0.3245074
	speed: 0.0542s/iter; left time: 880.3999s
Epoch: 39 cost time: 14.371482610702515
Epoch: 39, Steps: 265 | Train Loss: 0.3046742 Vali Loss: 0.1592158 Test Loss: 0.2210699
Validation loss decreased (0.159417 --> 0.159216).  Saving model ...
Updating learning rate to 9.985311838483566e-05
	iters: 100, epoch: 40 | loss: 0.2291182
	speed: 0.1249s/iter; left time: 2007.3181s
	iters: 200, epoch: 40 | loss: 0.2570734
	speed: 0.0542s/iter; left time: 865.5403s
Epoch: 40 cost time: 14.36278247833252
Epoch: 40, Steps: 265 | Train Loss: 0.3030922 Vali Loss: 0.1589205 Test Loss: 0.2208021
Validation loss decreased (0.159216 --> 0.158921).  Saving model ...
Updating learning rate to 9.99999990240136e-05
	iters: 100, epoch: 41 | loss: 0.3638748
	speed: 0.1255s/iter; left time: 1983.3224s
	iters: 200, epoch: 41 | loss: 0.2976484
	speed: 0.0542s/iter; left time: 851.1858s
Epoch: 41 cost time: 14.371164083480835
Epoch: 41, Steps: 265 | Train Loss: 0.3027268 Vali Loss: 0.1583962 Test Loss: 0.2206947
Validation loss decreased (0.158921 --> 0.158396).  Saving model ...
Updating learning rate to 9.993095900070463e-05
	iters: 100, epoch: 42 | loss: 0.2285566
	speed: 0.1249s/iter; left time: 1941.1500s
	iters: 200, epoch: 42 | loss: 0.4260025
	speed: 0.0542s/iter; left time: 836.7390s
Epoch: 42 cost time: 14.370137214660645
Epoch: 42, Steps: 265 | Train Loss: 0.3014779 Vali Loss: 0.1583955 Test Loss: 0.2205103
Validation loss decreased (0.158396 --> 0.158396).  Saving model ...
Updating learning rate to 9.972506223761924e-05
	iters: 100, epoch: 43 | loss: 0.2316154
	speed: 0.1258s/iter; left time: 1921.6019s
	iters: 200, epoch: 43 | loss: 0.3710850
	speed: 0.0542s/iter; left time: 822.3525s
Epoch: 43 cost time: 14.369978427886963
Epoch: 43, Steps: 265 | Train Loss: 0.3004115 Vali Loss: 0.1584729 Test Loss: 0.2201652
EarlyStopping counter: 1 out of 20
Updating learning rate to 9.938287308347333e-05
	iters: 100, epoch: 44 | loss: 0.3607729
	speed: 0.1245s/iter; left time: 1867.7947s
	iters: 200, epoch: 44 | loss: 0.2396615
	speed: 0.0542s/iter; left time: 807.8572s
Epoch: 44 cost time: 14.364992141723633
Epoch: 44, Steps: 265 | Train Loss: 0.2993822 Vali Loss: 0.1584272 Test Loss: 0.2199302
EarlyStopping counter: 2 out of 20
Updating learning rate to 9.890532945495314e-05
	iters: 100, epoch: 45 | loss: 0.2865140
	speed: 0.1244s/iter; left time: 1833.7616s
	iters: 200, epoch: 45 | loss: 0.2571623
	speed: 0.0542s/iter; left time: 793.7614s
Epoch: 45 cost time: 14.365172147750854
Epoch: 45, Steps: 265 | Train Loss: 0.2985483 Vali Loss: 0.1583417 Test Loss: 0.2197826
Validation loss decreased (0.158396 --> 0.158342).  Saving model ...
Updating learning rate to 9.829374026595078e-05
	iters: 100, epoch: 46 | loss: 0.2580555
	speed: 0.1251s/iter; left time: 1811.5042s
	iters: 200, epoch: 46 | loss: 0.3295020
	speed: 0.0542s/iter; left time: 779.0789s
Epoch: 46 cost time: 14.363194704055786
Epoch: 46, Steps: 265 | Train Loss: 0.2972144 Vali Loss: 0.1583922 Test Loss: 0.2196578
EarlyStopping counter: 1 out of 20
Updating learning rate to 9.754978183992228e-05
	iters: 100, epoch: 47 | loss: 0.2741256
	speed: 0.1244s/iter; left time: 1767.6319s
	iters: 200, epoch: 47 | loss: 0.2643426
	speed: 0.0542s/iter; left time: 764.8644s
Epoch: 47 cost time: 14.365448236465454
Epoch: 47, Steps: 265 | Train Loss: 0.2962647 Vali Loss: 0.1585848 Test Loss: 0.2197093
EarlyStopping counter: 2 out of 20
Updating learning rate to 9.667549331520148e-05
	iters: 100, epoch: 48 | loss: 0.3202107
	speed: 0.1245s/iter; left time: 1735.8265s
	iters: 200, epoch: 48 | loss: 0.3014613
	speed: 0.0542s/iter; left time: 750.4595s
Epoch: 48 cost time: 14.364747524261475
Epoch: 48, Steps: 265 | Train Loss: 0.2950081 Vali Loss: 0.1588716 Test Loss: 0.2194881
EarlyStopping counter: 3 out of 20
Updating learning rate to 9.567327105586355e-05
	iters: 100, epoch: 49 | loss: 0.3712456
	speed: 0.1246s/iter; left time: 1704.2905s
	iters: 200, epoch: 49 | loss: 0.2037905
	speed: 0.0542s/iter; left time: 736.7414s
Epoch: 49 cost time: 14.368251323699951
Epoch: 49, Steps: 265 | Train Loss: 0.2928400 Vali Loss: 0.1592094 Test Loss: 0.2192834
EarlyStopping counter: 4 out of 20
Updating learning rate to 9.454586208345774e-05
	iters: 100, epoch: 50 | loss: 0.2805763
	speed: 0.1246s/iter; left time: 1671.1744s
	iters: 200, epoch: 50 | loss: 0.1839285
	speed: 0.0542s/iter; left time: 722.1742s
Epoch: 50 cost time: 14.371183156967163
Epoch: 50, Steps: 265 | Train Loss: 0.2919668 Vali Loss: 0.1595929 Test Loss: 0.2195860
EarlyStopping counter: 5 out of 20
Updating learning rate to 9.329635654761219e-05
	iters: 100, epoch: 51 | loss: 0.2357049
	speed: 0.1247s/iter; left time: 1640.0855s
	iters: 200, epoch: 51 | loss: 0.2576248
	speed: 0.0542s/iter; left time: 707.7597s
Epoch: 51 cost time: 14.370881080627441
Epoch: 51, Steps: 265 | Train Loss: 0.2903165 Vali Loss: 0.1598802 Test Loss: 0.2199642
EarlyStopping counter: 6 out of 20
Updating learning rate to 9.192817925614859e-05
	iters: 100, epoch: 52 | loss: 0.3243619
	speed: 0.1247s/iter; left time: 1606.5039s
	iters: 200, epoch: 52 | loss: 0.2556688
	speed: 0.0542s/iter; left time: 693.5899s
Epoch: 52 cost time: 14.373549938201904
Epoch: 52, Steps: 265 | Train Loss: 0.2891624 Vali Loss: 0.1601259 Test Loss: 0.2202944
EarlyStopping counter: 7 out of 20
Updating learning rate to 9.044508028792197e-05
	iters: 100, epoch: 53 | loss: 0.3228720
	speed: 0.1248s/iter; left time: 1575.0441s
	iters: 200, epoch: 53 | loss: 0.2726748
	speed: 0.0543s/iter; left time: 679.3958s
Epoch: 53 cost time: 14.374449253082275
Epoch: 53, Steps: 265 | Train Loss: 0.2872828 Vali Loss: 0.1605097 Test Loss: 0.2206652
EarlyStopping counter: 8 out of 20
Updating learning rate to 8.885112471411532e-05
	iters: 100, epoch: 54 | loss: 0.2496377
	speed: 0.1247s/iter; left time: 1541.1440s
	iters: 200, epoch: 54 | loss: 0.3664852
	speed: 0.0542s/iter; left time: 664.8876s
Epoch: 54 cost time: 14.371534585952759
Epoch: 54, Steps: 265 | Train Loss: 0.2859497 Vali Loss: 0.1608628 Test Loss: 0.2210992
EarlyStopping counter: 9 out of 20
Updating learning rate to 8.715068145616196e-05
	iters: 100, epoch: 55 | loss: 0.2154354
	speed: 0.1248s/iter; left time: 1508.3638s
	iters: 200, epoch: 55 | loss: 0.2830569
	speed: 0.0542s/iter; left time: 650.1390s
Epoch: 55 cost time: 14.365241527557373
Epoch: 55, Steps: 265 | Train Loss: 0.2848647 Vali Loss: 0.1613981 Test Loss: 0.2215068
EarlyStopping counter: 10 out of 20
Updating learning rate to 8.534841131083555e-05
	iters: 100, epoch: 56 | loss: 0.2741892
	speed: 0.1248s/iter; left time: 1475.3681s
	iters: 200, epoch: 56 | loss: 0.2367772
	speed: 0.0542s/iter; left time: 635.5611s
Epoch: 56 cost time: 14.364754438400269
Epoch: 56, Steps: 265 | Train Loss: 0.2831108 Vali Loss: 0.1619898 Test Loss: 0.2220536
EarlyStopping counter: 11 out of 20
Updating learning rate to 8.344925417533019e-05
	iters: 100, epoch: 57 | loss: 0.3775590
	speed: 0.1245s/iter; left time: 1439.2738s
	iters: 200, epoch: 57 | loss: 0.3451956
	speed: 0.0542s/iter; left time: 621.5195s
Epoch: 57 cost time: 14.366063117980957
Epoch: 57, Steps: 265 | Train Loss: 0.2814140 Vali Loss: 0.1622877 Test Loss: 0.2227735
EarlyStopping counter: 12 out of 20
Updating learning rate to 8.14584155073455e-05
	iters: 100, epoch: 58 | loss: 0.3080845
	speed: 0.1246s/iter; left time: 1407.0858s
	iters: 200, epoch: 58 | loss: 0.2668136
	speed: 0.0542s/iter; left time: 606.9153s
Epoch: 58 cost time: 14.365399837493896
Epoch: 58, Steps: 265 | Train Loss: 0.2798355 Vali Loss: 0.1624454 Test Loss: 0.2228600
EarlyStopping counter: 13 out of 20
Updating learning rate to 7.938135205728891e-05
	iters: 100, epoch: 59 | loss: 0.2696694
	speed: 0.1246s/iter; left time: 1374.8648s
	iters: 200, epoch: 59 | loss: 0.3148278
	speed: 0.0542s/iter; left time: 592.4927s
Epoch: 59 cost time: 14.368503093719482
Epoch: 59, Steps: 265 | Train Loss: 0.2793971 Vali Loss: 0.1629326 Test Loss: 0.2237381
EarlyStopping counter: 14 out of 20
Updating learning rate to 7.722375691170215e-05
	iters: 100, epoch: 60 | loss: 0.2076907
	speed: 0.1245s/iter; left time: 1340.7056s
	iters: 200, epoch: 60 | loss: 0.2630535
	speed: 0.0542s/iter; left time: 578.3667s
Epoch: 60 cost time: 14.37056851387024
Epoch: 60, Steps: 265 | Train Loss: 0.2779629 Vali Loss: 0.1633872 Test Loss: 0.2239955
EarlyStopping counter: 15 out of 20
Updating learning rate to 7.499154388890664e-05
	iters: 100, epoch: 61 | loss: 0.3062845
	speed: 0.1245s/iter; left time: 1307.6307s
	iters: 200, epoch: 61 | loss: 0.2933999
	speed: 0.0542s/iter; left time: 564.0420s
Epoch: 61 cost time: 14.371764421463013
Epoch: 61, Steps: 265 | Train Loss: 0.2758380 Vali Loss: 0.1635702 Test Loss: 0.2245527
EarlyStopping counter: 16 out of 20
Updating learning rate to 7.269083132963864e-05
	iters: 100, epoch: 62 | loss: 0.3040724
	speed: 0.1245s/iter; left time: 1274.0022s
	iters: 200, epoch: 62 | loss: 0.3627110
	speed: 0.0542s/iter; left time: 549.3753s
Epoch: 62 cost time: 14.37331485748291
Epoch: 62, Steps: 265 | Train Loss: 0.2748747 Vali Loss: 0.1638307 Test Loss: 0.2251997
EarlyStopping counter: 17 out of 20
Updating learning rate to 7.032792532710257e-05
	iters: 100, epoch: 63 | loss: 0.2381436
	speed: 0.1244s/iter; left time: 1240.8523s
	iters: 200, epoch: 63 | loss: 0.2316206
	speed: 0.0542s/iter; left time: 535.1207s
Epoch: 63 cost time: 14.362769842147827
Epoch: 63, Steps: 265 | Train Loss: 0.2733158 Vali Loss: 0.1637869 Test Loss: 0.2254948
EarlyStopping counter: 18 out of 20
Updating learning rate to 6.790930244240778e-05
	iters: 100, epoch: 64 | loss: 0.2431901
	speed: 0.1243s/iter; left time: 1206.7559s
	iters: 200, epoch: 64 | loss: 0.2632180
	speed: 0.0542s/iter; left time: 520.8880s
Epoch: 64 cost time: 14.365236759185791
Epoch: 64, Steps: 265 | Train Loss: 0.2724368 Vali Loss: 0.1640315 Test Loss: 0.2259088
EarlyStopping counter: 19 out of 20
Updating learning rate to 6.544159195276479e-05
	iters: 100, epoch: 65 | loss: 0.2914071
	speed: 0.1245s/iter; left time: 1175.4878s
	iters: 200, epoch: 65 | loss: 0.3320582
	speed: 0.0542s/iter; left time: 506.5196s
Epoch: 65 cost time: 14.363281488418579
Epoch: 65, Steps: 265 | Train Loss: 0.2712809 Vali Loss: 0.1641132 Test Loss: 0.2259138
EarlyStopping counter: 20 out of 20
Early stopping
>>>>>>>testing : Flatten_ettm2_336_192_PatchTST_ETTm2_ftM_sl336_ll48_pl192_dm128_nh16_el3_dl1_df256_fc1_ebtimeF_dtTrue_Exp_0<<<<<<<<<<<<<<<<<<<<<<<<<<<<<<<<<
test 11329
mse:0.238350510597229, mae:0.30300700664520264, rse:0.39456313848495483
Args in experiment:
Namespace(random_seed=2021, is_training=1, model_id='Flatten_ettm2_336_336', model='PatchTST', data='ETTm2', root_path='./dataset/', data_path='ETTm2.csv', features='M', target='OT', freq='h', checkpoints='./checkpoints/', seq_len=336, label_len=48, pred_len=336, head_type='flatten', fc_dropout=0.2, head_dropout=0.0, patch_len=16, stride=8, padding_patch='end', revin=1, affine=0, subtract_last=0, decomposition=0, kernel_size=25, individual=0, embed_type=0, enc_in=7, dec_in=7, c_out=7, d_model=128, n_heads=16, e_layers=3, d_layers=1, d_ff=256, moving_avg=25, factor=1, distil=True, dropout=0.2, embed='timeF', activation='gelu', output_attention=False, do_predict=False, num_workers=0, itr=1, train_epochs=100, batch_size=128, patience=20, learning_rate=0.0001, des='Exp', loss='mse', lradj='TST', pct_start=0.4, use_amp=False, use_gpu=True, gpu=0, use_multi_gpu=False, devices='0,1,2,3', test_flop=False)
Use GPU: cuda:0
>>>>>>>start training : Flatten_ettm2_336_336_PatchTST_ETTm2_ftM_sl336_ll48_pl336_dm128_nh16_el3_dl1_df256_fc1_ebtimeF_dtTrue_Exp_0>>>>>>>>>>>>>>>>>>>>>>>>>>
train 33889
val 11185
test 11185
	iters: 100, epoch: 1 | loss: 0.4111909
	speed: 0.0759s/iter; left time: 1997.2072s
	iters: 200, epoch: 1 | loss: 0.8521481
	speed: 0.0614s/iter; left time: 1608.3208s
Epoch: 1 cost time: 16.464658737182617
Epoch: 1, Steps: 264 | Train Loss: 0.5624738 Vali Loss: 0.2878956 Test Loss: 0.3768221
Validation loss decreased (inf --> 0.287896).  Saving model ...
Updating learning rate to 4.147995994617984e-06
	iters: 100, epoch: 2 | loss: 0.4943889
	speed: 0.1395s/iter; left time: 3631.0152s
	iters: 200, epoch: 2 | loss: 0.6300122
	speed: 0.0620s/iter; left time: 1606.8527s
Epoch: 2 cost time: 16.345197677612305
Epoch: 2, Steps: 264 | Train Loss: 0.5609304 Vali Loss: 0.2877102 Test Loss: 0.3761868
Validation loss decreased (0.287896 --> 0.287710).  Saving model ...
Updating learning rate to 4.591071361204269e-06
	iters: 100, epoch: 3 | loss: 0.6615589
	speed: 0.1400s/iter; left time: 3608.0285s
	iters: 200, epoch: 3 | loss: 0.6378340
	speed: 0.0620s/iter; left time: 1592.4131s
Epoch: 3 cost time: 16.36571455001831
Epoch: 3, Steps: 264 | Train Loss: 0.5596242 Vali Loss: 0.2870187 Test Loss: 0.3753526
Validation loss decreased (0.287710 --> 0.287019).  Saving model ...
Updating learning rate to 5.3264938756102174e-06
	iters: 100, epoch: 4 | loss: 0.4846663
	speed: 0.1394s/iter; left time: 3556.1499s
	iters: 200, epoch: 4 | loss: 0.5402309
	speed: 0.0622s/iter; left time: 1580.4520s
Epoch: 4 cost time: 16.40628957748413
Epoch: 4, Steps: 264 | Train Loss: 0.5583520 Vali Loss: 0.2864452 Test Loss: 0.3742881
Validation loss decreased (0.287019 --> 0.286445).  Saving model ...
Updating learning rate to 6.349728555065631e-06
	iters: 100, epoch: 5 | loss: 0.4708643
	speed: 0.1393s/iter; left time: 3517.6188s
	iters: 200, epoch: 5 | loss: 0.6044191
	speed: 0.0622s/iter; left time: 1564.3710s
Epoch: 5 cost time: 16.405932188034058
Epoch: 5, Steps: 264 | Train Loss: 0.5571575 Vali Loss: 0.2856204 Test Loss: 0.3730754
Validation loss decreased (0.286445 --> 0.285620).  Saving model ...
Updating learning rate to 7.654465623149092e-06
	iters: 100, epoch: 6 | loss: 0.3624417
	speed: 0.1391s/iter; left time: 3475.6951s
	iters: 200, epoch: 6 | loss: 0.6792734
	speed: 0.0622s/iter; left time: 1547.8794s
Epoch: 6 cost time: 16.40855598449707
Epoch: 6, Steps: 264 | Train Loss: 0.5548421 Vali Loss: 0.2842865 Test Loss: 0.3715172
Validation loss decreased (0.285620 --> 0.284287).  Saving model ...
Updating learning rate to 9.232659419022894e-06
	iters: 100, epoch: 7 | loss: 0.5006446
	speed: 0.1396s/iter; left time: 3451.2315s
	iters: 200, epoch: 7 | loss: 0.4411994
	speed: 0.0622s/iter; left time: 1530.8937s
Epoch: 7 cost time: 16.411643505096436
Epoch: 7, Steps: 264 | Train Loss: 0.5528476 Vali Loss: 0.2830768 Test Loss: 0.3699321
Validation loss decreased (0.284287 --> 0.283077).  Saving model ...
Updating learning rate to 1.1074578010998666e-05
	iters: 100, epoch: 8 | loss: 0.5257207
	speed: 0.1397s/iter; left time: 3415.1052s
	iters: 200, epoch: 8 | loss: 0.8621314
	speed: 0.0622s/iter; left time: 1514.5565s
Epoch: 8 cost time: 16.403802156448364
Epoch: 8, Steps: 264 | Train Loss: 0.5501987 Vali Loss: 0.2818882 Test Loss: 0.3680136
Validation loss decreased (0.283077 --> 0.281888).  Saving model ...
Updating learning rate to 1.3168863208492038e-05
	iters: 100, epoch: 9 | loss: 0.8397744
	speed: 0.1397s/iter; left time: 3378.5548s
	iters: 200, epoch: 9 | loss: 0.5540623
	speed: 0.0622s/iter; left time: 1498.0533s
Epoch: 9 cost time: 16.408325672149658
Epoch: 9, Steps: 264 | Train Loss: 0.5466194 Vali Loss: 0.2801889 Test Loss: 0.3657436
Validation loss decreased (0.281888 --> 0.280189).  Saving model ...
Updating learning rate to 1.5502600602302323e-05
	iters: 100, epoch: 10 | loss: 0.6022313
	speed: 0.1393s/iter; left time: 3333.5921s
	iters: 200, epoch: 10 | loss: 0.5778981
	speed: 0.0623s/iter; left time: 1483.4910s
Epoch: 10 cost time: 16.41195774078369
Epoch: 10, Steps: 264 | Train Loss: 0.5430728 Vali Loss: 0.2782224 Test Loss: 0.3631963
Validation loss decreased (0.280189 --> 0.278222).  Saving model ...
Updating learning rate to 1.8061399201313948e-05
	iters: 100, epoch: 11 | loss: 0.4002363
	speed: 0.1394s/iter; left time: 3298.1763s
	iters: 200, epoch: 11 | loss: 0.6381098
	speed: 0.0622s/iter; left time: 1465.8225s
Epoch: 11 cost time: 16.41158628463745
Epoch: 11, Steps: 264 | Train Loss: 0.5388460 Vali Loss: 0.2763163 Test Loss: 0.3604324
Validation loss decreased (0.278222 --> 0.276316).  Saving model ...
Updating learning rate to 2.08294801745399e-05
	iters: 100, epoch: 12 | loss: 0.8035735
	speed: 0.1392s/iter; left time: 3255.9703s
	iters: 200, epoch: 12 | loss: 0.6572012
	speed: 0.0622s/iter; left time: 1448.5958s
Epoch: 12 cost time: 16.405853271484375
Epoch: 12, Steps: 264 | Train Loss: 0.5346504 Vali Loss: 0.2741238 Test Loss: 0.3573737
Validation loss decreased (0.276316 --> 0.274124).  Saving model ...
Updating learning rate to 2.378977415127951e-05
	iters: 100, epoch: 13 | loss: 0.6191568
	speed: 0.1394s/iter; left time: 3225.6121s
	iters: 200, epoch: 13 | loss: 0.6470199
	speed: 0.0622s/iter; left time: 1431.7367s
Epoch: 13 cost time: 16.40412950515747
Epoch: 13, Steps: 264 | Train Loss: 0.5297415 Vali Loss: 0.2713123 Test Loss: 0.3540281
Validation loss decreased (0.274124 --> 0.271312).  Saving model ...
Updating learning rate to 2.6924026479389104e-05
	iters: 100, epoch: 14 | loss: 0.5909389
	speed: 0.1394s/iter; left time: 3187.4631s
	iters: 200, epoch: 14 | loss: 0.5915490
	speed: 0.0622s/iter; left time: 1415.8301s
Epoch: 14 cost time: 16.401049852371216
Epoch: 14, Steps: 264 | Train Loss: 0.5240725 Vali Loss: 0.2687199 Test Loss: 0.3503339
Validation loss decreased (0.271312 --> 0.268720).  Saving model ...
Updating learning rate to 3.0212909792590238e-05
	iters: 100, epoch: 15 | loss: 0.3586760
	speed: 0.1399s/iter; left time: 3161.5870s
	iters: 200, epoch: 15 | loss: 0.5654926
	speed: 0.0622s/iter; left time: 1398.7627s
Epoch: 15 cost time: 16.40386962890625
Epoch: 15, Steps: 264 | Train Loss: 0.5186037 Vali Loss: 0.2656871 Test Loss: 0.3466115
Validation loss decreased (0.268720 --> 0.265687).  Saving model ...
Updating learning rate to 3.363614319266957e-05
	iters: 100, epoch: 16 | loss: 0.5246788
	speed: 0.1392s/iter; left time: 3110.9350s
	iters: 200, epoch: 16 | loss: 0.4173178
	speed: 0.0622s/iter; left time: 1383.1390s
Epoch: 16 cost time: 16.406063079833984
Epoch: 16, Steps: 264 | Train Loss: 0.5123055 Vali Loss: 0.2626972 Test Loss: 0.3426415
Validation loss decreased (0.265687 --> 0.262697).  Saving model ...
Updating learning rate to 3.7172617311633196e-05
	iters: 100, epoch: 17 | loss: 0.6471866
	speed: 0.1391s/iter; left time: 3070.0459s
	iters: 200, epoch: 17 | loss: 0.4035361
	speed: 0.0622s/iter; left time: 1366.3155s
Epoch: 17 cost time: 16.39540386199951
Epoch: 17, Steps: 264 | Train Loss: 0.5056066 Vali Loss: 0.2590454 Test Loss: 0.3382978
Validation loss decreased (0.262697 --> 0.259045).  Saving model ...
Updating learning rate to 4.0800524482619576e-05
	iters: 100, epoch: 18 | loss: 0.4676243
	speed: 0.1393s/iter; left time: 3038.7339s
	iters: 200, epoch: 18 | loss: 0.6798318
	speed: 0.0621s/iter; left time: 1348.0762s
Epoch: 18 cost time: 16.3885498046875
Epoch: 18, Steps: 264 | Train Loss: 0.4984436 Vali Loss: 0.2551983 Test Loss: 0.3336556
Validation loss decreased (0.259045 --> 0.255198).  Saving model ...
Updating learning rate to 4.449749321687241e-05
	iters: 100, epoch: 19 | loss: 0.2956239
	speed: 0.1390s/iter; left time: 2994.4541s
	iters: 200, epoch: 19 | loss: 0.5661058
	speed: 0.0621s/iter; left time: 1331.2871s
Epoch: 19 cost time: 16.38430428504944
Epoch: 19, Steps: 264 | Train Loss: 0.4913837 Vali Loss: 0.2512019 Test Loss: 0.3290129
Validation loss decreased (0.255198 --> 0.251202).  Saving model ...
Updating learning rate to 4.824072615752094e-05
	iters: 100, epoch: 20 | loss: 0.5375554
	speed: 0.1392s/iter; left time: 2963.6257s
	iters: 200, epoch: 20 | loss: 0.3248419
	speed: 0.0621s/iter; left time: 1315.5164s
Epoch: 20 cost time: 16.390609979629517
Epoch: 20, Steps: 264 | Train Loss: 0.4846008 Vali Loss: 0.2471296 Test Loss: 0.3240694
Validation loss decreased (0.251202 --> 0.247130).  Saving model ...
Updating learning rate to 5.200714065947608e-05
	iters: 100, epoch: 21 | loss: 0.5367556
	speed: 0.1392s/iter; left time: 2926.5123s
	iters: 200, epoch: 21 | loss: 0.5473230
	speed: 0.0621s/iter; left time: 1299.0487s
Epoch: 21 cost time: 16.3833749294281
Epoch: 21, Steps: 264 | Train Loss: 0.4767040 Vali Loss: 0.2428576 Test Loss: 0.3189568
Validation loss decreased (0.247130 --> 0.242858).  Saving model ...
Updating learning rate to 5.577351112855618e-05
	iters: 100, epoch: 22 | loss: 0.5255660
	speed: 0.1411s/iter; left time: 2927.8387s
	iters: 200, epoch: 22 | loss: 0.4140545
	speed: 0.0621s/iter; left time: 1282.8888s
Epoch: 22 cost time: 16.372454404830933
Epoch: 22, Steps: 264 | Train Loss: 0.4684957 Vali Loss: 0.2383806 Test Loss: 0.3138919
Validation loss decreased (0.242858 --> 0.238381).  Saving model ...
Updating learning rate to 5.951661224210828e-05
	iters: 100, epoch: 23 | loss: 0.4408295
	speed: 0.1410s/iter; left time: 2888.7939s
	iters: 200, epoch: 23 | loss: 0.4172227
	speed: 0.0621s/iter; left time: 1266.4214s
Epoch: 23 cost time: 16.38177227973938
Epoch: 23, Steps: 264 | Train Loss: 0.4604552 Vali Loss: 0.2341058 Test Loss: 0.3088724
Validation loss decreased (0.238381 --> 0.234106).  Saving model ...
Updating learning rate to 6.321336216795497e-05
	iters: 100, epoch: 24 | loss: 0.4559447
	speed: 0.1391s/iter; left time: 2813.6072s
	iters: 200, epoch: 24 | loss: 0.3615878
	speed: 0.0621s/iter; left time: 1249.4864s
Epoch: 24 cost time: 16.376802444458008
Epoch: 24, Steps: 264 | Train Loss: 0.4533989 Vali Loss: 0.2298877 Test Loss: 0.3041421
Validation loss decreased (0.234106 --> 0.229888).  Saving model ...
Updating learning rate to 6.684096489850761e-05
	iters: 100, epoch: 25 | loss: 0.4283406
	speed: 0.1390s/iter; left time: 2775.2025s
	iters: 200, epoch: 25 | loss: 0.4386763
	speed: 0.0620s/iter; left time: 1232.5371s
Epoch: 25 cost time: 16.383890390396118
Epoch: 25, Steps: 264 | Train Loss: 0.4456928 Vali Loss: 0.2258041 Test Loss: 0.2997231
Validation loss decreased (0.229888 --> 0.225804).  Saving model ...
Updating learning rate to 7.03770508223417e-05
	iters: 100, epoch: 26 | loss: 0.4643649
	speed: 0.1396s/iter; left time: 2749.3293s
	iters: 200, epoch: 26 | loss: 0.5193511
	speed: 0.0621s/iter; left time: 1216.5832s
Epoch: 26 cost time: 16.37626314163208
Epoch: 26, Steps: 264 | Train Loss: 0.4378582 Vali Loss: 0.2221585 Test Loss: 0.2957709
Validation loss decreased (0.225804 --> 0.222159).  Saving model ...
Updating learning rate to 7.379981466640088e-05
	iters: 100, epoch: 27 | loss: 0.4408134
	speed: 0.1390s/iter; left time: 2702.6343s
	iters: 200, epoch: 27 | loss: 0.5049920
	speed: 0.0620s/iter; left time: 1199.8427s
Epoch: 27 cost time: 16.37481164932251
Epoch: 27, Steps: 264 | Train Loss: 0.4320537 Vali Loss: 0.2189310 Test Loss: 0.2923381
Validation loss decreased (0.222159 --> 0.218931).  Saving model ...
Updating learning rate to 7.708814995820833e-05
	iters: 100, epoch: 28 | loss: 0.4821404
	speed: 0.1402s/iter; left time: 2688.5497s
	iters: 200, epoch: 28 | loss: 0.3773573
	speed: 0.0621s/iter; left time: 1184.1458s
Epoch: 28 cost time: 16.373045921325684
Epoch: 28, Steps: 264 | Train Loss: 0.4267602 Vali Loss: 0.2161117 Test Loss: 0.2894588
Validation loss decreased (0.218931 --> 0.216112).  Saving model ...
Updating learning rate to 8.022177917892456e-05
	iters: 100, epoch: 29 | loss: 0.3546802
	speed: 0.1393s/iter; left time: 2633.2531s
	iters: 200, epoch: 29 | loss: 0.4362401
	speed: 0.0621s/iter; left time: 1168.7355s
Epoch: 29 cost time: 16.393687963485718
Epoch: 29, Steps: 264 | Train Loss: 0.4222675 Vali Loss: 0.2138233 Test Loss: 0.2870403
Validation loss decreased (0.216112 --> 0.213823).  Saving model ...
Updating learning rate to 8.318137880466269e-05
	iters: 100, epoch: 30 | loss: 0.3828311
	speed: 0.1390s/iter; left time: 2591.8556s
	iters: 200, epoch: 30 | loss: 0.4086326
	speed: 0.0621s/iter; left time: 1151.6996s
Epoch: 30 cost time: 16.383416652679443
Epoch: 30, Steps: 264 | Train Loss: 0.4177084 Vali Loss: 0.2120089 Test Loss: 0.2850504
Validation loss decreased (0.213823 --> 0.212009).  Saving model ...
Updating learning rate to 8.594869846499432e-05
	iters: 100, epoch: 31 | loss: 0.3706315
	speed: 0.1391s/iter; left time: 2556.3168s
	iters: 200, epoch: 31 | loss: 0.4526319
	speed: 0.0621s/iter; left time: 1134.4934s
Epoch: 31 cost time: 16.387800693511963
Epoch: 31, Steps: 264 | Train Loss: 0.4147199 Vali Loss: 0.2105808 Test Loss: 0.2834528
Validation loss decreased (0.212009 --> 0.210581).  Saving model ...
Updating learning rate to 8.85066734838546e-05
	iters: 100, epoch: 32 | loss: 0.5510695
	speed: 0.1393s/iter; left time: 2523.6316s
	iters: 200, epoch: 32 | loss: 0.4884070
	speed: 0.0621s/iter; left time: 1118.4256s
Epoch: 32 cost time: 16.37977361679077
Epoch: 32, Steps: 264 | Train Loss: 0.4114745 Vali Loss: 0.2092899 Test Loss: 0.2820472
Validation loss decreased (0.210581 --> 0.209290).  Saving model ...
Updating learning rate to 9.083953010886336e-05
	iters: 100, epoch: 33 | loss: 0.3754410
	speed: 0.1393s/iter; left time: 2486.4757s
	iters: 200, epoch: 33 | loss: 0.4166973
	speed: 0.0621s/iter; left time: 1101.9296s
Epoch: 33 cost time: 16.38145399093628
Epoch: 33, Steps: 264 | Train Loss: 0.4090028 Vali Loss: 0.2082251 Test Loss: 0.2806598
Validation loss decreased (0.209290 --> 0.208225).  Saving model ...
Updating learning rate to 9.29328827801656e-05
	iters: 100, epoch: 34 | loss: 0.4053741
	speed: 0.1392s/iter; left time: 2449.0073s
	iters: 200, epoch: 34 | loss: 0.2816648
	speed: 0.0621s/iter; left time: 1085.9043s
Epoch: 34 cost time: 16.38068199157715
Epoch: 34, Steps: 264 | Train Loss: 0.4071926 Vali Loss: 0.2074421 Test Loss: 0.2796226
Validation loss decreased (0.208225 --> 0.207442).  Saving model ...
Updating learning rate to 9.477382283898318e-05
	iters: 100, epoch: 35 | loss: 0.3786334
	speed: 0.1416s/iter; left time: 2453.9862s
	iters: 200, epoch: 35 | loss: 0.3573406
	speed: 0.0621s/iter; left time: 1070.5158s
Epoch: 35 cost time: 16.380244255065918
Epoch: 35, Steps: 264 | Train Loss: 0.4042575 Vali Loss: 0.2065429 Test Loss: 0.2786952
Validation loss decreased (0.207442 --> 0.206543).  Saving model ...
Updating learning rate to 9.635099812885627e-05
	iters: 100, epoch: 36 | loss: 0.5052861
	speed: 0.1390s/iter; left time: 2371.1308s
	iters: 200, epoch: 36 | loss: 0.4845322
	speed: 0.0621s/iter; left time: 1052.7444s
Epoch: 36 cost time: 16.374653339385986
Epoch: 36, Steps: 264 | Train Loss: 0.4032036 Vali Loss: 0.2055460 Test Loss: 0.2780240
Validation loss decreased (0.206543 --> 0.205546).  Saving model ...
Updating learning rate to 9.765468299871352e-05
	iters: 100, epoch: 37 | loss: 0.4318416
	speed: 0.1390s/iter; left time: 2334.1284s
	iters: 200, epoch: 37 | loss: 0.2870542
	speed: 0.0619s/iter; left time: 1033.2788s
Epoch: 37 cost time: 16.33521842956543
Epoch: 37, Steps: 264 | Train Loss: 0.4012739 Vali Loss: 0.2051782 Test Loss: 0.2772722
Validation loss decreased (0.205546 --> 0.205178).  Saving model ...
Updating learning rate to 9.86768382760973e-05
	iters: 100, epoch: 38 | loss: 0.4281512
	speed: 0.1387s/iter; left time: 2292.6682s
	iters: 200, epoch: 38 | loss: 0.4260941
	speed: 0.0619s/iter; left time: 1016.9837s
Epoch: 38 cost time: 16.330416917800903
Epoch: 38, Steps: 264 | Train Loss: 0.4000514 Vali Loss: 0.2045378 Test Loss: 0.2768143
Validation loss decreased (0.205178 --> 0.204538).  Saving model ...
Updating learning rate to 9.941116084071886e-05
	iters: 100, epoch: 39 | loss: 0.4000048
	speed: 0.1391s/iter; left time: 2263.2059s
	iters: 200, epoch: 39 | loss: 0.4988972
	speed: 0.0619s/iter; left time: 1000.6660s
Epoch: 39 cost time: 16.328102111816406
Epoch: 39, Steps: 264 | Train Loss: 0.3988760 Vali Loss: 0.2040512 Test Loss: 0.2763919
Validation loss decreased (0.204538 --> 0.204051).  Saving model ...
Updating learning rate to 9.985312249264813e-05
	iters: 100, epoch: 40 | loss: 0.3249550
	speed: 0.1388s/iter; left time: 2221.0409s
	iters: 200, epoch: 40 | loss: 0.3747025
	speed: 0.0619s/iter; left time: 984.2209s
Epoch: 40 cost time: 16.33704400062561
Epoch: 40, Steps: 264 | Train Loss: 0.3974057 Vali Loss: 0.2035618 Test Loss: 0.2759465
Validation loss decreased (0.204051 --> 0.203562).  Saving model ...
Updating learning rate to 9.999999901660576e-05
	iters: 100, epoch: 41 | loss: 0.3438750
	speed: 0.1388s/iter; left time: 2184.2514s
	iters: 200, epoch: 41 | loss: 0.5749705
	speed: 0.0619s/iter; left time: 968.7812s
Epoch: 41 cost time: 16.34457516670227
Epoch: 41, Steps: 264 | Train Loss: 0.3963421 Vali Loss: 0.2036709 Test Loss: 0.2756051
EarlyStopping counter: 1 out of 20
Updating learning rate to 9.99309570348355e-05
	iters: 100, epoch: 42 | loss: 0.3430193
	speed: 0.1378s/iter; left time: 2132.9631s
	iters: 200, epoch: 42 | loss: 0.3552575
	speed: 0.0621s/iter; left time: 955.0684s
Epoch: 42 cost time: 16.362058401107788
Epoch: 42, Steps: 264 | Train Loss: 0.3951016 Vali Loss: 0.2034227 Test Loss: 0.2754417
Validation loss decreased (0.203562 --> 0.203423).  Saving model ...
Updating learning rate to 9.972505831867712e-05
	iters: 100, epoch: 43 | loss: 0.3007859
	speed: 0.1396s/iter; left time: 2123.7411s
	iters: 200, epoch: 43 | loss: 0.2916690
	speed: 0.0621s/iter; left time: 938.9510s
Epoch: 43 cost time: 16.392398357391357
Epoch: 43, Steps: 264 | Train Loss: 0.3934292 Vali Loss: 0.2034534 Test Loss: 0.2750900
EarlyStopping counter: 1 out of 20
Updating learning rate to 9.938286722219978e-05
	iters: 100, epoch: 44 | loss: 0.3026948
	speed: 0.1381s/iter; left time: 2064.6661s
	iters: 200, epoch: 44 | loss: 0.3461918
	speed: 0.0621s/iter; left time: 921.8754s
Epoch: 44 cost time: 16.38405704498291
Epoch: 44, Steps: 264 | Train Loss: 0.3920968 Vali Loss: 0.2033377 Test Loss: 0.2749626
Validation loss decreased (0.203423 --> 0.203338).  Saving model ...
Updating learning rate to 9.890532166741349e-05
	iters: 100, epoch: 45 | loss: 0.3371314
	speed: 0.1394s/iter; left time: 2047.1311s
	iters: 200, epoch: 45 | loss: 0.3298154
	speed: 0.0621s/iter; left time: 905.7084s
Epoch: 45 cost time: 16.389585256576538
Epoch: 45, Steps: 264 | Train Loss: 0.3911323 Vali Loss: 0.2033660 Test Loss: 0.2748336
EarlyStopping counter: 1 out of 20
Updating learning rate to 9.829373057349015e-05
	iters: 100, epoch: 46 | loss: 0.4447708
	speed: 0.1383s/iter; left time: 1994.3174s
	iters: 200, epoch: 46 | loss: 0.3725328
	speed: 0.0621s/iter; left time: 889.3016s
Epoch: 46 cost time: 16.386069536209106
Epoch: 46, Steps: 264 | Train Loss: 0.3901094 Vali Loss: 0.2034447 Test Loss: 0.2744115
EarlyStopping counter: 2 out of 20
Updating learning rate to 9.754977026910703e-05
	iters: 100, epoch: 47 | loss: 0.4550566
	speed: 0.1383s/iter; left time: 1958.5375s
	iters: 200, epoch: 47 | loss: 0.4295499
	speed: 0.0622s/iter; left time: 873.8438s
Epoch: 47 cost time: 16.390228748321533
Epoch: 47, Steps: 264 | Train Loss: 0.3880513 Vali Loss: 0.2037234 Test Loss: 0.2743991
EarlyStopping counter: 3 out of 20
Updating learning rate to 9.66754798977464e-05
	iters: 100, epoch: 48 | loss: 0.4861634
	speed: 0.1381s/iter; left time: 1918.4925s
	iters: 200, epoch: 48 | loss: 0.3527275
	speed: 0.0622s/iter; left time: 857.2959s
Epoch: 48 cost time: 16.38803458213806
Epoch: 48, Steps: 264 | Train Loss: 0.3862258 Vali Loss: 0.2038977 Test Loss: 0.2742344
EarlyStopping counter: 4 out of 20
Updating learning rate to 9.567325582854496e-05
	iters: 100, epoch: 49 | loss: 0.3085942
	speed: 0.1381s/iter; left time: 1881.5491s
	iters: 200, epoch: 49 | loss: 0.3290686
	speed: 0.0621s/iter; left time: 840.3330s
Epoch: 49 cost time: 16.381438970565796
Epoch: 49, Steps: 264 | Train Loss: 0.3847657 Vali Loss: 0.2044852 Test Loss: 0.2739395
EarlyStopping counter: 5 out of 20
Updating learning rate to 9.454584508801265e-05
	iters: 100, epoch: 50 | loss: 0.3851785
	speed: 0.1383s/iter; left time: 1848.1150s
	iters: 200, epoch: 50 | loss: 0.4171029
	speed: 0.0621s/iter; left time: 823.5349s
Epoch: 50 cost time: 16.38593029975891
Epoch: 50, Steps: 264 | Train Loss: 0.3828681 Vali Loss: 0.2048870 Test Loss: 0.2738223
EarlyStopping counter: 6 out of 20
Updating learning rate to 9.329633783062396e-05
	iters: 100, epoch: 51 | loss: 0.3498755
	speed: 0.1381s/iter; left time: 1809.4624s
	iters: 200, epoch: 51 | loss: 0.5295100
	speed: 0.0621s/iter; left time: 807.4073s
Epoch: 51 cost time: 16.38618540763855
Epoch: 51, Steps: 264 | Train Loss: 0.3807453 Vali Loss: 0.2053396 Test Loss: 0.2734641
EarlyStopping counter: 7 out of 20
Updating learning rate to 9.192815886891915e-05
	iters: 100, epoch: 52 | loss: 0.3273505
	speed: 0.1383s/iter; left time: 1775.4803s
	iters: 200, epoch: 52 | loss: 0.2399307
	speed: 0.0621s/iter; left time: 790.7963s
Epoch: 52 cost time: 16.382992267608643
Epoch: 52, Steps: 264 | Train Loss: 0.3783055 Vali Loss: 0.2063086 Test Loss: 0.2730785
EarlyStopping counter: 8 out of 20
Updating learning rate to 9.044505828633132e-05
	iters: 100, epoch: 53 | loss: 0.3503264
	speed: 0.1384s/iter; left time: 1739.6700s
	iters: 200, epoch: 53 | loss: 0.3138428
	speed: 0.0621s/iter; left time: 774.3139s
Epoch: 53 cost time: 16.37758469581604
Epoch: 53, Steps: 264 | Train Loss: 0.3762979 Vali Loss: 0.2066268 Test Loss: 0.2730885
EarlyStopping counter: 9 out of 20
Updating learning rate to 8.88511011584683e-05
	iters: 100, epoch: 54 | loss: 0.4600499
	speed: 0.1380s/iter; left time: 1698.1320s
	iters: 200, epoch: 54 | loss: 0.3752307
	speed: 0.0622s/iter; left time: 759.3454s
Epoch: 54 cost time: 16.385518312454224
Epoch: 54, Steps: 264 | Train Loss: 0.3740897 Vali Loss: 0.2073196 Test Loss: 0.2729038
EarlyStopping counter: 10 out of 20
Updating learning rate to 8.715065641102294e-05
	iters: 100, epoch: 55 | loss: 0.5792174
	speed: 0.1381s/iter; left time: 1664.0057s
	iters: 200, epoch: 55 | loss: 0.4446873
	speed: 0.0622s/iter; left time: 742.4263s
Epoch: 55 cost time: 16.387240886688232
Epoch: 55, Steps: 264 | Train Loss: 0.3719032 Vali Loss: 0.2082605 Test Loss: 0.2736279
EarlyStopping counter: 11 out of 20
Updating learning rate to 8.534838484485153e-05
	iters: 100, epoch: 56 | loss: 0.2856915
	speed: 0.1380s/iter; left time: 1626.1316s
	iters: 200, epoch: 56 | loss: 0.2995176
	speed: 0.0621s/iter; left time: 725.2624s
Epoch: 56 cost time: 16.383012533187866
Epoch: 56, Steps: 264 | Train Loss: 0.3701568 Vali Loss: 0.2086440 Test Loss: 0.2735755
EarlyStopping counter: 12 out of 20
Updating learning rate to 8.344922636104257e-05
	iters: 100, epoch: 57 | loss: 0.4504540
	speed: 0.1379s/iter; left time: 1587.9512s
	iters: 200, epoch: 57 | loss: 0.3742996
	speed: 0.0621s/iter; left time: 708.5634s
Epoch: 57 cost time: 16.37739896774292
Epoch: 57, Steps: 264 | Train Loss: 0.3681465 Vali Loss: 0.2096220 Test Loss: 0.2738693
EarlyStopping counter: 13 out of 20
Updating learning rate to 8.145838642099132e-05
	iters: 100, epoch: 58 | loss: 0.3277090
	speed: 0.1384s/iter; left time: 1557.0425s
	iters: 200, epoch: 58 | loss: 0.4218698
	speed: 0.0621s/iter; left time: 692.6093s
Epoch: 58 cost time: 16.39072060585022
Epoch: 58, Steps: 264 | Train Loss: 0.3658753 Vali Loss: 0.2103324 Test Loss: 0.2742062
EarlyStopping counter: 14 out of 20
Updating learning rate to 7.938132177859184e-05
	iters: 100, epoch: 59 | loss: 0.2877489
	speed: 0.1381s/iter; left time: 1517.2377s
	iters: 200, epoch: 59 | loss: 0.3857392
	speed: 0.0622s/iter; left time: 677.3750s
Epoch: 59 cost time: 16.401800394058228
Epoch: 59, Steps: 264 | Train Loss: 0.3639132 Vali Loss: 0.2107526 Test Loss: 0.2748508
EarlyStopping counter: 15 out of 20
Updating learning rate to 7.7223725523654e-05
	iters: 100, epoch: 60 | loss: 0.3620194
	speed: 0.1382s/iter; left time: 1481.9321s
	iters: 200, epoch: 60 | loss: 0.3735122
	speed: 0.0621s/iter; left time: 659.8888s
Epoch: 60 cost time: 16.388933658599854
Epoch: 60, Steps: 264 | Train Loss: 0.3614883 Vali Loss: 0.2114095 Test Loss: 0.2745969
EarlyStopping counter: 16 out of 20
Updating learning rate to 7.499151147753989e-05
	iters: 100, epoch: 61 | loss: 0.2635737
	speed: 0.1380s/iter; left time: 1443.8297s
	iters: 200, epoch: 61 | loss: 0.2897111
	speed: 0.0621s/iter; left time: 643.6422s
Epoch: 61 cost time: 16.38619613647461
Epoch: 61, Steps: 264 | Train Loss: 0.3593278 Vali Loss: 0.2116594 Test Loss: 0.2752190
EarlyStopping counter: 17 out of 20
Updating learning rate to 7.269079798379057e-05
	iters: 100, epoch: 62 | loss: 0.3787324
	speed: 0.1380s/iter; left time: 1406.8768s
	iters: 200, epoch: 62 | loss: 0.4359583
	speed: 0.0621s/iter; left time: 627.2927s
Epoch: 62 cost time: 16.385511875152588
Epoch: 62, Steps: 264 | Train Loss: 0.3571922 Vali Loss: 0.2128415 Test Loss: 0.2760515
EarlyStopping counter: 18 out of 20
Updating learning rate to 7.032789113817185e-05
	iters: 100, epoch: 63 | loss: 0.2548484
	speed: 0.1381s/iter; left time: 1371.7210s
	iters: 200, epoch: 63 | loss: 0.4420720
	speed: 0.0622s/iter; left time: 611.1398s
Epoch: 63 cost time: 16.387250423431396
Epoch: 63, Steps: 264 | Train Loss: 0.3553890 Vali Loss: 0.2125707 Test Loss: 0.2765613
EarlyStopping counter: 19 out of 20
Updating learning rate to 6.790926750410386e-05
	iters: 100, epoch: 64 | loss: 0.3347725
	speed: 0.1379s/iter; left time: 1333.5593s
	iters: 200, epoch: 64 | loss: 0.3247057
	speed: 0.0621s/iter; left time: 594.6396s
Epoch: 64 cost time: 16.38485312461853
Epoch: 64, Steps: 264 | Train Loss: 0.3535260 Vali Loss: 0.2124630 Test Loss: 0.2774003
EarlyStopping counter: 20 out of 20
Early stopping
>>>>>>>testing : Flatten_ettm2_336_336_PatchTST_ETTm2_ftM_sl336_ll48_pl336_dm128_nh16_el3_dl1_df256_fc1_ebtimeF_dtTrue_Exp_0<<<<<<<<<<<<<<<<<<<<<<<<<<<<<<<<<
test 11185
mse:0.29422852396965027, mae:0.33854809403419495, rse:0.43762943148612976
Args in experiment:
Namespace(random_seed=2021, is_training=1, model_id='Flatten_ettm2_336_720', model='PatchTST', data='ETTm2', root_path='./dataset/', data_path='ETTm2.csv', features='M', target='OT', freq='h', checkpoints='./checkpoints/', seq_len=336, label_len=48, pred_len=720, head_type='flatten', fc_dropout=0.2, head_dropout=0.0, patch_len=16, stride=8, padding_patch='end', revin=1, affine=0, subtract_last=0, decomposition=0, kernel_size=25, individual=0, embed_type=0, enc_in=7, dec_in=7, c_out=7, d_model=128, n_heads=16, e_layers=3, d_layers=1, d_ff=256, moving_avg=25, factor=1, distil=True, dropout=0.2, embed='timeF', activation='gelu', output_attention=False, do_predict=False, num_workers=0, itr=1, train_epochs=100, batch_size=128, patience=20, learning_rate=0.0001, des='Exp', loss='mse', lradj='TST', pct_start=0.4, use_amp=False, use_gpu=True, gpu=0, use_multi_gpu=False, devices='0,1,2,3', test_flop=False)
Use GPU: cuda:0
>>>>>>>start training : Flatten_ettm2_336_720_PatchTST_ETTm2_ftM_sl336_ll48_pl720_dm128_nh16_el3_dl1_df256_fc1_ebtimeF_dtTrue_Exp_0>>>>>>>>>>>>>>>>>>>>>>>>>>
train 33505
val 10801
test 10801
	iters: 100, epoch: 1 | loss: 0.5855466
	speed: 0.0948s/iter; left time: 2463.9912s
	iters: 200, epoch: 1 | loss: 0.7573408
	speed: 0.0810s/iter; left time: 2098.3165s
Epoch: 1 cost time: 21.34866762161255
Epoch: 1, Steps: 261 | Train Loss: 0.6649237 Vali Loss: 0.3433478 Test Loss: 0.4571215
Validation loss decreased (inf --> 0.343348).  Saving model ...
Updating learning rate to 4.147996316662011e-06
	iters: 100, epoch: 2 | loss: 0.6316785
	speed: 0.1734s/iter; left time: 4462.2662s
	iters: 200, epoch: 2 | loss: 0.5115684
	speed: 0.0817s/iter; left time: 2094.9953s
Epoch: 2 cost time: 21.26597785949707
Epoch: 2, Steps: 261 | Train Loss: 0.6631941 Vali Loss: 0.3430088 Test Loss: 0.4566281
Validation loss decreased (0.343348 --> 0.343009).  Saving model ...
Updating learning rate to 4.591072645408634e-06
	iters: 100, epoch: 3 | loss: 0.6415646
	speed: 0.1736s/iter; left time: 4423.6195s
	iters: 200, epoch: 3 | loss: 0.7488708
	speed: 0.0817s/iter; left time: 2074.5454s
Epoch: 3 cost time: 21.315531492233276
Epoch: 3, Steps: 261 | Train Loss: 0.6634012 Vali Loss: 0.3426260 Test Loss: 0.4558913
Validation loss decreased (0.343009 --> 0.342626).  Saving model ...
Updating learning rate to 5.326496750212602e-06
	iters: 100, epoch: 4 | loss: 0.5918244
	speed: 0.1740s/iter; left time: 4389.1248s
	iters: 200, epoch: 4 | loss: 0.6478562
	speed: 0.0818s/iter; left time: 2053.4040s
Epoch: 4 cost time: 21.313525915145874
Epoch: 4, Steps: 261 | Train Loss: 0.6624549 Vali Loss: 0.3422763 Test Loss: 0.4552675
Validation loss decreased (0.342626 --> 0.342276).  Saving model ...
Updating learning rate to 6.349733628628268e-06
	iters: 100, epoch: 5 | loss: 0.8419750
	speed: 0.1739s/iter; left time: 4340.7156s
	iters: 200, epoch: 5 | loss: 0.6783022
	speed: 0.0819s/iter; left time: 2035.7855s
Epoch: 5 cost time: 21.329049825668335
Epoch: 5, Steps: 261 | Train Loss: 0.6607432 Vali Loss: 0.3416958 Test Loss: 0.4543985
Validation loss decreased (0.342276 --> 0.341696).  Saving model ...
Updating learning rate to 7.654473476944045e-06
	iters: 100, epoch: 6 | loss: 0.6268972
	speed: 0.1737s/iter; left time: 4289.5792s
	iters: 200, epoch: 6 | loss: 0.6964033
	speed: 0.0818s/iter; left time: 2010.9988s
Epoch: 6 cost time: 21.315424919128418
Epoch: 6, Steps: 261 | Train Loss: 0.6590446 Vali Loss: 0.3407403 Test Loss: 0.4533620
Validation loss decreased (0.341696 --> 0.340740).  Saving model ...
Updating learning rate to 9.232670599670218e-06
	iters: 100, epoch: 7 | loss: 0.7244264
	speed: 0.1742s/iter; left time: 4255.8424s
	iters: 200, epoch: 7 | loss: 0.8001662
	speed: 0.0818s/iter; left time: 1990.4967s
Epoch: 7 cost time: 21.327242851257324
Epoch: 7, Steps: 261 | Train Loss: 0.6577182 Vali Loss: 0.3403586 Test Loss: 0.4523777
Validation loss decreased (0.340740 --> 0.340359).  Saving model ...
Updating learning rate to 1.1074593023426382e-05
	iters: 100, epoch: 8 | loss: 0.5218230
	speed: 0.1739s/iter; left time: 4204.0248s
	iters: 200, epoch: 8 | loss: 0.5877517
	speed: 0.0819s/iter; left time: 1970.7182s
Epoch: 8 cost time: 21.321224212646484
Epoch: 8, Steps: 261 | Train Loss: 0.6563632 Vali Loss: 0.3393002 Test Loss: 0.4509262
Validation loss decreased (0.340359 --> 0.339300).  Saving model ...
Updating learning rate to 1.3168882509283648e-05
	iters: 100, epoch: 9 | loss: 0.5465016
	speed: 0.1737s/iter; left time: 4153.4679s
	iters: 200, epoch: 9 | loss: 0.7778834
	speed: 0.0817s/iter; left time: 1946.7023s
Epoch: 9 cost time: 21.3013973236084
Epoch: 9, Steps: 261 | Train Loss: 0.6541340 Vali Loss: 0.3379092 Test Loss: 0.4491270
Validation loss decreased (0.339300 --> 0.337909).  Saving model ...
Updating learning rate to 1.5502624593494887e-05
	iters: 100, epoch: 10 | loss: 0.6047478
	speed: 0.1732s/iter; left time: 4096.4768s
	iters: 200, epoch: 10 | loss: 0.6739635
	speed: 0.0817s/iter; left time: 1925.2450s
Epoch: 10 cost time: 21.307727575302124
Epoch: 10, Steps: 261 | Train Loss: 0.6512216 Vali Loss: 0.3370461 Test Loss: 0.4475007
Validation loss decreased (0.337909 --> 0.337046).  Saving model ...
Updating learning rate to 1.806142822470586e-05
	iters: 100, epoch: 11 | loss: 0.7023077
	speed: 0.1735s/iter; left time: 4059.2001s
	iters: 200, epoch: 11 | loss: 0.7181618
	speed: 0.0817s/iter; left time: 1902.9818s
Epoch: 11 cost time: 21.304022550582886
Epoch: 11, Steps: 261 | Train Loss: 0.6467985 Vali Loss: 0.3353348 Test Loss: 0.4455926
Validation loss decreased (0.337046 --> 0.335335).  Saving model ...
Updating learning rate to 2.0829514506563195e-05
	iters: 100, epoch: 12 | loss: 0.6471491
	speed: 0.1735s/iter; left time: 4012.9653s
	iters: 200, epoch: 12 | loss: 0.8478671
	speed: 0.0818s/iter; left time: 1884.8157s
Epoch: 12 cost time: 21.313985109329224
Epoch: 12, Steps: 261 | Train Loss: 0.6450311 Vali Loss: 0.3338625 Test Loss: 0.4434600
Validation loss decreased (0.335335 --> 0.333863).  Saving model ...
Updating learning rate to 2.3789813998487008e-05
	iters: 100, epoch: 13 | loss: 0.5042033
	speed: 0.1732s/iter; left time: 3960.3079s
	iters: 200, epoch: 13 | loss: 0.7188301
	speed: 0.0817s/iter; left time: 1861.0278s
Epoch: 13 cost time: 21.320021152496338
Epoch: 13, Steps: 261 | Train Loss: 0.6411883 Vali Loss: 0.3322042 Test Loss: 0.4411711
Validation loss decreased (0.333863 --> 0.332204).  Saving model ...
Updating learning rate to 2.6924071974601397e-05
	iters: 100, epoch: 14 | loss: 0.5973277
	speed: 0.1740s/iter; left time: 3932.7971s
	iters: 200, epoch: 14 | loss: 0.9105899
	speed: 0.0818s/iter; left time: 1840.2527s
Epoch: 14 cost time: 21.3188796043396
Epoch: 14, Steps: 261 | Train Loss: 0.6377922 Vali Loss: 0.3302166 Test Loss: 0.4385990
Validation loss decreased (0.332204 --> 0.330217).  Saving model ...
Updating learning rate to 3.0212960991742456e-05
	iters: 100, epoch: 15 | loss: 0.7101879
	speed: 0.1735s/iter; left time: 3878.1018s
	iters: 200, epoch: 15 | loss: 0.7557742
	speed: 0.0818s/iter; left time: 1819.9728s
Epoch: 15 cost time: 21.309630870819092
Epoch: 15, Steps: 261 | Train Loss: 0.6338583 Vali Loss: 0.3282827 Test Loss: 0.4358885
Validation loss decreased (0.330217 --> 0.328283).  Saving model ...
Updating learning rate to 3.363620007239161e-05
	iters: 100, epoch: 16 | loss: 0.6736259
	speed: 0.1737s/iter; left time: 3835.6308s
	iters: 200, epoch: 16 | loss: 0.6039194
	speed: 0.0819s/iter; left time: 1800.6248s
Epoch: 16 cost time: 21.34085488319397
Epoch: 16, Steps: 261 | Train Loss: 0.6293520 Vali Loss: 0.3261155 Test Loss: 0.4331101
Validation loss decreased (0.328283 --> 0.326116).  Saving model ...
Updating learning rate to 3.717267976759092e-05
	iters: 100, epoch: 17 | loss: 0.4153602
	speed: 0.1739s/iter; left time: 3794.6613s
	iters: 200, epoch: 17 | loss: 0.6959913
	speed: 0.0820s/iter; left time: 1781.8256s
Epoch: 17 cost time: 21.378434896469116
Epoch: 17, Steps: 261 | Train Loss: 0.6246136 Vali Loss: 0.3237773 Test Loss: 0.4301143
Validation loss decreased (0.326116 --> 0.323777).  Saving model ...
Updating learning rate to 4.0800592328638756e-05
	iters: 100, epoch: 18 | loss: 0.5855868
	speed: 0.1742s/iter; left time: 3756.1690s
	iters: 200, epoch: 18 | loss: 0.6456293
	speed: 0.0824s/iter; left time: 1768.8139s
Epoch: 18 cost time: 21.427363872528076
Epoch: 18, Steps: 261 | Train Loss: 0.6203099 Vali Loss: 0.3211167 Test Loss: 0.4269888
Validation loss decreased (0.323777 --> 0.321117).  Saving model ...
Updating learning rate to 4.449756618485984e-05
	iters: 100, epoch: 19 | loss: 0.6068921
	speed: 0.1741s/iter; left time: 3708.2735s
	iters: 200, epoch: 19 | loss: 0.6205582
	speed: 0.0826s/iter; left time: 1750.3584s
Epoch: 19 cost time: 21.471474409103394
Epoch: 19, Steps: 261 | Train Loss: 0.6139769 Vali Loss: 0.3187088 Test Loss: 0.4236729
Validation loss decreased (0.321117 --> 0.318709).  Saving model ...
Updating learning rate to 4.824080389819096e-05
	iters: 100, epoch: 20 | loss: 0.6491330
	speed: 0.1745s/iter; left time: 3672.6733s
	iters: 200, epoch: 20 | loss: 0.5420365
	speed: 0.0825s/iter; left time: 1727.8677s
Epoch: 20 cost time: 21.480616331100464
Epoch: 20, Steps: 261 | Train Loss: 0.6094921 Vali Loss: 0.3155932 Test Loss: 0.4201982
Validation loss decreased (0.318709 --> 0.315593).  Saving model ...
Updating learning rate to 5.2007222743883666e-05
	iters: 100, epoch: 21 | loss: 0.6602032
	speed: 0.1750s/iter; left time: 3635.8800s
	iters: 200, epoch: 21 | loss: 0.5543650
	speed: 0.0827s/iter; left time: 1710.1351s
Epoch: 21 cost time: 21.50727343559265
Epoch: 21, Steps: 261 | Train Loss: 0.6041473 Vali Loss: 0.3128507 Test Loss: 0.4165474
Validation loss decreased (0.315593 --> 0.312851).  Saving model ...
Updating learning rate to 5.577359705043091e-05
	iters: 100, epoch: 22 | loss: 0.5185658
	speed: 0.1747s/iter; left time: 3584.8749s
	iters: 200, epoch: 22 | loss: 0.6457392
	speed: 0.0827s/iter; left time: 1688.9950s
Epoch: 22 cost time: 21.517310857772827
Epoch: 22, Steps: 261 | Train Loss: 0.5987786 Vali Loss: 0.3096806 Test Loss: 0.4127223
Validation loss decreased (0.312851 --> 0.309681).  Saving model ...
Updating learning rate to 5.951670142097692e-05
	iters: 100, epoch: 23 | loss: 0.6261219
	speed: 0.1778s/iter; left time: 3602.5064s
	iters: 200, epoch: 23 | loss: 0.6951584
	speed: 0.0826s/iter; left time: 1666.1161s
Epoch: 23 cost time: 21.505921840667725
Epoch: 23, Steps: 261 | Train Loss: 0.5930050 Vali Loss: 0.3063597 Test Loss: 0.4088016
Validation loss decreased (0.309681 --> 0.306360).  Saving model ...
Updating learning rate to 6.321345395303321e-05
	iters: 100, epoch: 24 | loss: 0.5957538
	speed: 0.1752s/iter; left time: 3504.0251s
	iters: 200, epoch: 24 | loss: 0.6320911
	speed: 0.0828s/iter; left time: 1646.6917s
Epoch: 24 cost time: 21.536694049835205
Epoch: 24, Steps: 261 | Train Loss: 0.5869028 Vali Loss: 0.3025553 Test Loss: 0.4047674
Validation loss decreased (0.306360 --> 0.302555).  Saving model ...
Updating learning rate to 6.6841058573335e-05
	iters: 100, epoch: 25 | loss: 0.4231701
	speed: 0.1750s/iter; left time: 3454.3128s
	iters: 200, epoch: 25 | loss: 0.5873343
	speed: 0.0830s/iter; left time: 1630.0652s
Epoch: 25 cost time: 21.58272695541382
Epoch: 25, Steps: 261 | Train Loss: 0.5815420 Vali Loss: 0.2990730 Test Loss: 0.4007830
Validation loss decreased (0.302555 --> 0.299073).  Saving model ...
Updating learning rate to 7.037714561012768e-05
	iters: 100, epoch: 26 | loss: 0.5126792
	speed: 0.1751s/iter; left time: 3410.7223s
	iters: 200, epoch: 26 | loss: 0.7588974
	speed: 0.0830s/iter; left time: 1607.4784s
Epoch: 26 cost time: 21.590826988220215
Epoch: 26, Steps: 261 | Train Loss: 0.5745721 Vali Loss: 0.2959407 Test Loss: 0.3967848
Validation loss decreased (0.299073 --> 0.295941).  Saving model ...
Updating learning rate to 7.379990973604285e-05
	iters: 100, epoch: 27 | loss: 0.6461815
	speed: 0.1764s/iter; left time: 3390.1563s
	iters: 200, epoch: 27 | loss: 0.7628691
	speed: 0.0831s/iter; left time: 1587.5917s
Epoch: 27 cost time: 21.602708339691162
Epoch: 27, Steps: 261 | Train Loss: 0.5700012 Vali Loss: 0.2923898 Test Loss: 0.3929271
Validation loss decreased (0.295941 --> 0.292390).  Saving model ...
Updating learning rate to 7.708824443093723e-05
	iters: 100, epoch: 28 | loss: 0.5698042
	speed: 0.1759s/iter; left time: 3333.0849s
	iters: 200, epoch: 28 | loss: 0.5755675
	speed: 0.0831s/iter; left time: 1565.8538s
Epoch: 28 cost time: 21.597405910491943
Epoch: 28, Steps: 261 | Train Loss: 0.5643824 Vali Loss: 0.2896384 Test Loss: 0.3893092
Validation loss decreased (0.292390 --> 0.289638).  Saving model ...
Updating learning rate to 8.022187213552767e-05
	iters: 100, epoch: 29 | loss: 0.5069900
	speed: 0.1756s/iter; left time: 3281.9448s
	iters: 200, epoch: 29 | loss: 0.8621281
	speed: 0.0830s/iter; left time: 1543.3940s
Epoch: 29 cost time: 21.619245767593384
Epoch: 29, Steps: 261 | Train Loss: 0.5588636 Vali Loss: 0.2867331 Test Loss: 0.3859263
Validation loss decreased (0.289638 --> 0.286733).  Saving model ...
Updating learning rate to 8.318146929322795e-05
	iters: 100, epoch: 30 | loss: 0.4070005
	speed: 0.1760s/iter; left time: 3243.4704s
	iters: 200, epoch: 30 | loss: 0.5791729
	speed: 0.0830s/iter; left time: 1522.3839s
Epoch: 30 cost time: 21.61319661140442
Epoch: 30, Steps: 261 | Train Loss: 0.5541577 Vali Loss: 0.2838935 Test Loss: 0.3828754
Validation loss decreased (0.286733 --> 0.283893).  Saving model ...
Updating learning rate to 8.59487855091154e-05
	iters: 100, epoch: 31 | loss: 0.5342379
	speed: 0.1756s/iter; left time: 3191.1895s
	iters: 200, epoch: 31 | loss: 0.6082168
	speed: 0.0831s/iter; left time: 1501.9844s
Epoch: 31 cost time: 21.6078040599823
Epoch: 31, Steps: 261 | Train Loss: 0.5497652 Vali Loss: 0.2817116 Test Loss: 0.3802607
Validation loss decreased (0.283893 --> 0.281712).  Saving model ...
Updating learning rate to 8.850675609123214e-05
	iters: 100, epoch: 32 | loss: 0.8742973
	speed: 0.1754s/iter; left time: 3141.6001s
	iters: 200, epoch: 32 | loss: 0.4647447
	speed: 0.0830s/iter; left time: 1478.7170s
Epoch: 32 cost time: 21.608150959014893
Epoch: 32, Steps: 261 | Train Loss: 0.5464943 Vali Loss: 0.2794358 Test Loss: 0.3779034
Validation loss decreased (0.281712 --> 0.279436).  Saving model ...
Updating learning rate to 9.083960728023302e-05
	iters: 100, epoch: 33 | loss: 0.4464547
	speed: 0.1756s/iter; left time: 3100.0421s
	iters: 200, epoch: 33 | loss: 0.5695289
	speed: 0.0830s/iter; left time: 1457.3615s
Epoch: 33 cost time: 21.609005212783813
Epoch: 33, Steps: 261 | Train Loss: 0.5425652 Vali Loss: 0.2777926 Test Loss: 0.3759523
Validation loss decreased (0.279436 --> 0.277793).  Saving model ...
Updating learning rate to 9.293295351848083e-05
	iters: 100, epoch: 34 | loss: 0.4247964
	speed: 0.1759s/iter; left time: 3058.2402s
	iters: 200, epoch: 34 | loss: 0.4924546
	speed: 0.0830s/iter; left time: 1435.3952s
Epoch: 34 cost time: 21.59985113143921
Epoch: 34, Steps: 261 | Train Loss: 0.5406930 Vali Loss: 0.2764799 Test Loss: 0.3743356
Validation loss decreased (0.277793 --> 0.276480).  Saving model ...
Updating learning rate to 9.47738861587773e-05
	iters: 100, epoch: 35 | loss: 0.6891828
	speed: 0.1750s/iter; left time: 2997.8899s
	iters: 200, epoch: 35 | loss: 0.6311058
	speed: 0.0827s/iter; left time: 1408.7332s
Epoch: 35 cost time: 21.541462182998657
Epoch: 35, Steps: 261 | Train Loss: 0.5380652 Vali Loss: 0.2755370 Test Loss: 0.3730427
Validation loss decreased (0.276480 --> 0.275537).  Saving model ...
Updating learning rate to 9.635105306570629e-05
	iters: 100, epoch: 36 | loss: 0.5270585
	speed: 0.1754s/iter; left time: 2957.4536s
	iters: 200, epoch: 36 | loss: 0.4388200
	speed: 0.0824s/iter; left time: 1381.3585s
Epoch: 36 cost time: 21.459675073623657
Epoch: 36, Steps: 261 | Train Loss: 0.5353398 Vali Loss: 0.2744635 Test Loss: 0.3718840
Validation loss decreased (0.275537 --> 0.274463).  Saving model ...
Updating learning rate to 9.765472861872672e-05
	iters: 100, epoch: 37 | loss: 0.5883622
	speed: 0.1742s/iter; left time: 2892.8810s
	iters: 200, epoch: 37 | loss: 0.6861153
	speed: 0.0823s/iter; left time: 1358.2563s
Epoch: 37 cost time: 21.41666269302368
Epoch: 37, Steps: 261 | Train Loss: 0.5329698 Vali Loss: 0.2734144 Test Loss: 0.3709709
Validation loss decreased (0.274463 --> 0.273414).  Saving model ...
Updating learning rate to 9.867687368533986e-05
	iters: 100, epoch: 38 | loss: 0.4502078
	speed: 0.1746s/iter; left time: 2853.3299s
	iters: 200, epoch: 38 | loss: 0.4563651
	speed: 0.0821s/iter; left time: 1333.3637s
Epoch: 38 cost time: 21.40195655822754
Epoch: 38, Steps: 261 | Train Loss: 0.5315756 Vali Loss: 0.2727681 Test Loss: 0.3701252
Validation loss decreased (0.273414 --> 0.272768).  Saving model ...
Updating learning rate to 9.941118519450599e-05
	iters: 100, epoch: 39 | loss: 0.6330035
	speed: 0.1746s/iter; left time: 2807.5901s
	iters: 200, epoch: 39 | loss: 0.4531096
	speed: 0.0820s/iter; left time: 1310.6323s
Epoch: 39 cost time: 21.37808108329773
Epoch: 39, Steps: 261 | Train Loss: 0.5300503 Vali Loss: 0.2722749 Test Loss: 0.3694167
Validation loss decreased (0.272768 --> 0.272275).  Saving model ...
Updating learning rate to 9.985313500461516e-05
	iters: 100, epoch: 40 | loss: 0.5005953
	speed: 0.1741s/iter; left time: 2753.9277s
	iters: 200, epoch: 40 | loss: 0.4706972
	speed: 0.0820s/iter; left time: 1289.7603s
Epoch: 40 cost time: 21.356416940689087
Epoch: 40, Steps: 261 | Train Loss: 0.5287542 Vali Loss: 0.2716563 Test Loss: 0.3687651
Validation loss decreased (0.272275 --> 0.271656).  Saving model ...
Updating learning rate to 9.999999899386908e-05
	iters: 100, epoch: 41 | loss: 0.4504005
	speed: 0.1747s/iter; left time: 2718.4967s
	iters: 200, epoch: 41 | loss: 0.4303448
	speed: 0.0819s/iter; left time: 1266.0835s
Epoch: 41 cost time: 21.332601308822632
Epoch: 41, Steps: 261 | Train Loss: 0.5270934 Vali Loss: 0.2713917 Test Loss: 0.3680165
Validation loss decreased (0.271656 --> 0.271392).  Saving model ...
Updating learning rate to 9.993095104667097e-05
	iters: 100, epoch: 42 | loss: 0.4599592
	speed: 0.1755s/iter; left time: 2684.6754s
	iters: 200, epoch: 42 | loss: 0.4593324
	speed: 0.0818s/iter; left time: 1244.0056s
Epoch: 42 cost time: 21.33945369720459
Epoch: 42, Steps: 261 | Train Loss: 0.5254056 Vali Loss: 0.2710883 Test Loss: 0.3672308
Validation loss decreased (0.271392 --> 0.271088).  Saving model ...
Updating learning rate to 9.97250463814979e-05
	iters: 100, epoch: 43 | loss: 0.5888832
	speed: 0.1743s/iter; left time: 2621.8642s
	iters: 200, epoch: 43 | loss: 0.6061543
	speed: 0.0819s/iter; left time: 1223.1686s
Epoch: 43 cost time: 21.33393883705139
Epoch: 43, Steps: 261 | Train Loss: 0.5243700 Vali Loss: 0.2706367 Test Loss: 0.3662219
Validation loss decreased (0.271088 --> 0.270637).  Saving model ...
Updating learning rate to 9.938284936872484e-05
	iters: 100, epoch: 44 | loss: 0.5137654
	speed: 0.1733s/iter; left time: 2561.3899s
	iters: 200, epoch: 44 | loss: 0.6602689
	speed: 0.0819s/iter; left time: 1201.9789s
Epoch: 44 cost time: 21.320300579071045
Epoch: 44, Steps: 261 | Train Loss: 0.5236025 Vali Loss: 0.2705798 Test Loss: 0.3655993
Validation loss decreased (0.270637 --> 0.270580).  Saving model ...
Updating learning rate to 9.890529794657798e-05
	iters: 100, epoch: 45 | loss: 0.4327671
	speed: 0.1734s/iter; left time: 2516.8942s
	iters: 200, epoch: 45 | loss: 0.5016885
	speed: 0.0818s/iter; left time: 1179.2248s
Epoch: 45 cost time: 21.32147455215454
Epoch: 45, Steps: 261 | Train Loss: 0.5209957 Vali Loss: 0.2708173 Test Loss: 0.3645725
EarlyStopping counter: 1 out of 20
Updating learning rate to 9.829370105031122e-05
	iters: 100, epoch: 46 | loss: 0.5881407
	speed: 0.1725s/iter; left time: 2458.5231s
	iters: 200, epoch: 46 | loss: 0.5316051
	speed: 0.0819s/iter; left time: 1158.8311s
Epoch: 46 cost time: 21.33000135421753
Epoch: 46, Steps: 261 | Train Loss: 0.5206450 Vali Loss: 0.2706942 Test Loss: 0.3636813
EarlyStopping counter: 2 out of 20
Updating learning rate to 9.754973502450565e-05
	iters: 100, epoch: 47 | loss: 0.5388537
	speed: 0.1719s/iter; left time: 2405.1686s
	iters: 200, epoch: 47 | loss: 0.5812798
	speed: 0.0819s/iter; left time: 1138.1483s
Epoch: 47 cost time: 21.325096607208252
Epoch: 47, Steps: 261 | Train Loss: 0.5190702 Vali Loss: 0.2704513 Test Loss: 0.3628703
Validation loss decreased (0.270580 --> 0.270451).  Saving model ...
Updating learning rate to 9.667543902832558e-05
	iters: 100, epoch: 48 | loss: 0.4392723
	speed: 0.1735s/iter; left time: 2383.5177s
	iters: 200, epoch: 48 | loss: 0.5534587
	speed: 0.0818s/iter; left time: 1114.9830s
Epoch: 48 cost time: 21.31116533279419
Epoch: 48, Steps: 261 | Train Loss: 0.5173667 Vali Loss: 0.2704135 Test Loss: 0.3623645
Validation loss decreased (0.270451 --> 0.270413).  Saving model ...
Updating learning rate to 9.567320944632494e-05
	iters: 100, epoch: 49 | loss: 0.4302942
	speed: 0.1737s/iter; left time: 2340.4991s
	iters: 200, epoch: 49 | loss: 0.4562008
	speed: 0.0818s/iter; left time: 1093.3677s
Epoch: 49 cost time: 21.308589935302734
Epoch: 49, Steps: 261 | Train Loss: 0.5164154 Vali Loss: 0.2710306 Test Loss: 0.3612522
EarlyStopping counter: 1 out of 20
Updating learning rate to 9.45457933201239e-05
	iters: 100, epoch: 50 | loss: 0.5243754
	speed: 0.1717s/iter; left time: 2268.8763s
	iters: 200, epoch: 50 | loss: 0.5686032
	speed: 0.0818s/iter; left time: 1072.6854s
Epoch: 50 cost time: 21.30620574951172
Epoch: 50, Steps: 261 | Train Loss: 0.5144603 Vali Loss: 0.2716196 Test Loss: 0.3603430
EarlyStopping counter: 2 out of 20
Updating learning rate to 9.329628081895862e-05
	iters: 100, epoch: 51 | loss: 0.4753891
	speed: 0.1715s/iter; left time: 2221.6473s
	iters: 200, epoch: 51 | loss: 0.3716199
	speed: 0.0818s/iter; left time: 1050.5779s
Epoch: 51 cost time: 21.298288345336914
Epoch: 51, Steps: 261 | Train Loss: 0.5127529 Vali Loss: 0.2715546 Test Loss: 0.3596573
EarlyStopping counter: 3 out of 20
Updating learning rate to 9.192809676974225e-05
	iters: 100, epoch: 52 | loss: 0.6869124
	speed: 0.1717s/iter; left time: 2178.7114s
	iters: 200, epoch: 52 | loss: 0.4679050
	speed: 0.0817s/iter; left time: 1028.7656s
Epoch: 52 cost time: 21.310625314712524
Epoch: 52, Steps: 261 | Train Loss: 0.5118584 Vali Loss: 0.2723285 Test Loss: 0.3586387
EarlyStopping counter: 4 out of 20
Updating learning rate to 9.044499126985239e-05
	iters: 100, epoch: 53 | loss: 0.6384178
	speed: 0.1714s/iter; left time: 2130.7395s
	iters: 200, epoch: 53 | loss: 0.3109814
	speed: 0.0818s/iter; left time: 1008.4337s
Epoch: 53 cost time: 21.30278730392456
Epoch: 53, Steps: 261 | Train Loss: 0.5101230 Vali Loss: 0.2734748 Test Loss: 0.3579257
EarlyStopping counter: 5 out of 20
Updating learning rate to 8.885102940837483e-05
	iters: 100, epoch: 54 | loss: 0.5037608
	speed: 0.1718s/iter; left time: 2090.6302s
	iters: 200, epoch: 54 | loss: 0.4426203
	speed: 0.0818s/iter; left time: 987.1123s
Epoch: 54 cost time: 21.304340839385986
Epoch: 54, Steps: 261 | Train Loss: 0.5081866 Vali Loss: 0.2738404 Test Loss: 0.3569873
EarlyStopping counter: 6 out of 20
Updating learning rate to 8.715058012397698e-05
	iters: 100, epoch: 55 | loss: 0.4335880
	speed: 0.1715s/iter; left time: 2042.1419s
	iters: 200, epoch: 55 | loss: 0.3523676
	speed: 0.0818s/iter; left time: 965.3280s
Epoch: 55 cost time: 21.307918787002563
Epoch: 55, Steps: 261 | Train Loss: 0.5055448 Vali Loss: 0.2746724 Test Loss: 0.3566465
EarlyStopping counter: 7 out of 20
Updating learning rate to 8.534830422995055e-05
	iters: 100, epoch: 56 | loss: 0.4492738
	speed: 0.1721s/iter; left time: 2004.1618s
	iters: 200, epoch: 56 | loss: 0.7264991
	speed: 0.0818s/iter; left time: 944.1844s
Epoch: 56 cost time: 21.303823947906494
Epoch: 56, Steps: 261 | Train Loss: 0.5048287 Vali Loss: 0.2755643 Test Loss: 0.3560078
EarlyStopping counter: 8 out of 20
Updating learning rate to 8.344914163924644e-05
	iters: 100, epoch: 57 | loss: 0.5643731
	speed: 0.1719s/iter; left time: 1957.5565s
	iters: 200, epoch: 57 | loss: 0.5154382
	speed: 0.0818s/iter; left time: 923.1298s
Epoch: 57 cost time: 21.300499439239502
Epoch: 57, Steps: 261 | Train Loss: 0.5016067 Vali Loss: 0.2765400 Test Loss: 0.3555158
EarlyStopping counter: 9 out of 20
Updating learning rate to 8.145829782451657e-05
	iters: 100, epoch: 58 | loss: 0.5319828
	speed: 0.1714s/iter; left time: 1906.4152s
	iters: 200, epoch: 58 | loss: 0.6192298
	speed: 0.0817s/iter; left time: 901.0786s
Epoch: 58 cost time: 21.309110641479492
Epoch: 58, Steps: 261 | Train Loss: 0.5010402 Vali Loss: 0.2775166 Test Loss: 0.3549544
EarlyStopping counter: 10 out of 20
Updating learning rate to 7.938122955027528e-05
	iters: 100, epoch: 59 | loss: 0.5303887
	speed: 0.1721s/iter; left time: 1869.3865s
	iters: 200, epoch: 59 | loss: 0.5611031
	speed: 0.0817s/iter; left time: 879.2279s
Epoch: 59 cost time: 21.301151752471924
Epoch: 59, Steps: 261 | Train Loss: 0.4984984 Vali Loss: 0.2785589 Test Loss: 0.3544292
EarlyStopping counter: 11 out of 20
Updating learning rate to 7.722362991628698e-05
	iters: 100, epoch: 60 | loss: 0.4549516
	speed: 0.1717s/iter; left time: 1820.1305s
	iters: 200, epoch: 60 | loss: 0.3956991
	speed: 0.0818s/iter; left time: 858.7081s
Epoch: 60 cost time: 21.29711604118347
Epoch: 60, Steps: 261 | Train Loss: 0.4968728 Vali Loss: 0.2792948 Test Loss: 0.3544003
EarlyStopping counter: 12 out of 20
Updating learning rate to 7.499141275317558e-05
	iters: 100, epoch: 61 | loss: 0.5068496
	speed: 0.1719s/iter; left time: 1777.4776s
	iters: 200, epoch: 61 | loss: 0.5957741
	speed: 0.0818s/iter; left time: 837.2952s
Epoch: 61 cost time: 21.307249784469604
Epoch: 61, Steps: 261 | Train Loss: 0.4945773 Vali Loss: 0.2800583 Test Loss: 0.3543320
EarlyStopping counter: 13 out of 20
Updating learning rate to 7.269069641302562e-05
	iters: 100, epoch: 62 | loss: 0.6873686
	speed: 0.1716s/iter; left time: 1729.6944s
	iters: 200, epoch: 62 | loss: 0.4688479
	speed: 0.0817s/iter; left time: 814.9912s
Epoch: 62 cost time: 21.296699047088623
Epoch: 62, Steps: 261 | Train Loss: 0.4931867 Vali Loss: 0.2806582 Test Loss: 0.3542586
EarlyStopping counter: 14 out of 20
Updating learning rate to 7.032778699940462e-05
	iters: 100, epoch: 63 | loss: 0.4879520
	speed: 0.1716s/iter; left time: 1685.3527s
	iters: 200, epoch: 63 | loss: 0.4717971
	speed: 0.0818s/iter; left time: 795.2796s
Epoch: 63 cost time: 21.31106686592102
Epoch: 63, Steps: 261 | Train Loss: 0.4917273 Vali Loss: 0.2813414 Test Loss: 0.3544468
EarlyStopping counter: 15 out of 20
Updating learning rate to 6.79091610827715e-05
	iters: 100, epoch: 64 | loss: 0.5847088
	speed: 0.1715s/iter; left time: 1639.4942s
	iters: 200, epoch: 64 | loss: 0.3620785
	speed: 0.0818s/iter; left time: 773.5424s
Epoch: 64 cost time: 21.308905839920044
Epoch: 64, Steps: 261 | Train Loss: 0.4903471 Vali Loss: 0.2822982 Test Loss: 0.3539160
EarlyStopping counter: 16 out of 20
Updating learning rate to 6.544144794864713e-05
	iters: 100, epoch: 65 | loss: 0.3758521
	speed: 0.1717s/iter; left time: 1595.9742s
	iters: 200, epoch: 65 | loss: 0.4213080
	speed: 0.0817s/iter; left time: 751.3964s
Epoch: 65 cost time: 21.307108879089355
Epoch: 65, Steps: 261 | Train Loss: 0.4888321 Vali Loss: 0.2825383 Test Loss: 0.3542483
EarlyStopping counter: 17 out of 20
Updating learning rate to 6.293141142720349e-05
	iters: 100, epoch: 66 | loss: 0.4991435
	speed: 0.1719s/iter; left time: 1552.9837s
	iters: 200, epoch: 66 | loss: 0.4753982
	speed: 0.0818s/iter; left time: 730.8965s
Epoch: 66 cost time: 21.3126060962677
Epoch: 66, Steps: 261 | Train Loss: 0.4862994 Vali Loss: 0.2830324 Test Loss: 0.3544321
EarlyStopping counter: 18 out of 20
Updating learning rate to 6.038593135407538e-05
	iters: 100, epoch: 67 | loss: 0.3336208
	speed: 0.1716s/iter; left time: 1505.8151s
	iters: 200, epoch: 67 | loss: 0.6041131
	speed: 0.0818s/iter; left time: 709.9041s
Epoch: 67 cost time: 21.30815815925598
Epoch: 67, Steps: 261 | Train Loss: 0.4856824 Vali Loss: 0.2843369 Test Loss: 0.3546703
EarlyStopping counter: 19 out of 20
Updating learning rate to 5.7811984713209085e-05
	iters: 100, epoch: 68 | loss: 0.5412357
	speed: 0.1714s/iter; left time: 1459.2865s
	iters: 200, epoch: 68 | loss: 0.5731803
	speed: 0.0818s/iter; left time: 688.5612s
Epoch: 68 cost time: 21.323716163635254
Epoch: 68, Steps: 261 | Train Loss: 0.4841401 Vali Loss: 0.2843276 Test Loss: 0.3546387
EarlyStopping counter: 20 out of 20
Early stopping
>>>>>>>testing : Flatten_ettm2_336_720_PatchTST_ETTm2_ftM_sl336_ll48_pl720_dm128_nh16_el3_dl1_df256_fc1_ebtimeF_dtTrue_Exp_0<<<<<<<<<<<<<<<<<<<<<<<<<<<<<<<<<
test 10801
mse:0.3813568949699402, mae:0.3899191915988922, rse:0.49581021070480347
