==========================================================
SÚPER ARRAY TFG - TAREA ID: 100 / 113
Nodo: dionisio
Dataset: weather | Experimento: NL_weather_cms_lr0.0001_5steps
Cabeza: cms | LR: 0.0001 | Política: 5steps
==========================================================
Args in experiment:
Namespace(random_seed=2021, is_training=1, model_id='NL_weather_cms_lr0.0001_5steps_336_96', model='PatchTST', data='custom', root_path='./dataset/', data_path='weather.csv', features='M', target='OT', freq='h', checkpoints='./checkpoints/', seq_len=336, label_len=48, pred_len=96, head_type='cms', cms_lr=0.0001, update_policy='5steps', fc_dropout=0.2, head_dropout=0.0, patch_len=16, stride=8, padding_patch='end', revin=1, affine=0, subtract_last=0, decomposition=0, kernel_size=25, individual=0, embed_type=0, enc_in=21, dec_in=7, c_out=7, d_model=128, n_heads=16, e_layers=3, d_layers=1, d_ff=256, moving_avg=25, factor=1, distil=True, dropout=0.2, embed='timeF', activation='gelu', output_attention=False, do_predict=False, num_workers=0, itr=1, train_epochs=100, batch_size=128, patience=20, learning_rate=0.0001, des='Nested_Learning', loss='mse', lradj='type3', pct_start=0.3, use_amp=False, use_gpu=True, gpu=0, use_multi_gpu=False, devices='0,1,2,3', test_flop=False)
Use GPU: cuda:0
>>>>>>>start training : NL_weather_cms_lr0.0001_5steps_336_96_PatchTST_custom_ftM_sl336_ll48_pl96_dm128_nh16_el3_dl1_df256_fc1_ebtimeF_dtTruelr0.0001_pol5steps_Nested_Learning_0>>>>>>>>>>>>>>>>>>>>>>>>>>
train 36456
val 5175
test 10444
	iters: 100, epoch: 1 | loss: 0.8795122
	speed: 0.1755s/iter; left time: 4966.0978s
	iters: 200, epoch: 1 | loss: 1.1340853
	speed: 0.1266s/iter; left time: 3571.5349s
Epoch: 1 cost time: 37.336172580718994
Epoch: 1, Steps: 284 | Train Loss: 0.7139826 Vali Loss: 0.6494144 Test Loss: 0.2615979
Validation loss decreased (inf --> 0.649414).  Saving model ...
Updating learning rate to 0.0001
	iters: 100, epoch: 2 | loss: 0.6768756
	speed: 0.2929s/iter; left time: 8205.9728s
	iters: 200, epoch: 2 | loss: 0.6507708
	speed: 0.1273s/iter; left time: 3552.8449s
Epoch: 2 cost time: 36.11884164810181
Epoch: 2, Steps: 284 | Train Loss: 0.6952121 Vali Loss: 0.6234767 Test Loss: 0.2539821
Validation loss decreased (0.649414 --> 0.623477).  Saving model ...
Updating learning rate to 0.0001
	iters: 100, epoch: 3 | loss: 0.6064348
	speed: 0.2930s/iter; left time: 8125.6075s
	iters: 200, epoch: 3 | loss: 0.8121944
	speed: 0.1274s/iter; left time: 3520.0942s
Epoch: 3 cost time: 36.146605014801025
Epoch: 3, Steps: 284 | Train Loss: 0.6643475 Vali Loss: 0.6003206 Test Loss: 0.2471382
Validation loss decreased (0.623477 --> 0.600321).  Saving model ...
Updating learning rate to 0.0001
	iters: 100, epoch: 4 | loss: 0.6539865
	speed: 0.2931s/iter; left time: 8045.6330s
	iters: 200, epoch: 4 | loss: 0.6149548
	speed: 0.1274s/iter; left time: 3484.8030s
Epoch: 4 cost time: 36.15930700302124
Epoch: 4, Steps: 284 | Train Loss: 0.6356693 Vali Loss: 0.5760390 Test Loss: 0.2401021
Validation loss decreased (0.600321 --> 0.576039).  Saving model ...
Updating learning rate to 9e-05
	iters: 100, epoch: 5 | loss: 0.7941765
	speed: 0.2931s/iter; left time: 7962.5161s
	iters: 200, epoch: 5 | loss: 0.6159636
	speed: 0.1274s/iter; left time: 3447.5775s
Epoch: 5 cost time: 36.154293060302734
Epoch: 5, Steps: 284 | Train Loss: 0.6092792 Vali Loss: 0.5547292 Test Loss: 0.2335416
Validation loss decreased (0.576039 --> 0.554729).  Saving model ...
Updating learning rate to 8.1e-05
	iters: 100, epoch: 6 | loss: 0.7115458
	speed: 0.2931s/iter; left time: 7877.7894s
	iters: 200, epoch: 6 | loss: 0.6727081
	speed: 0.1273s/iter; left time: 3409.6033s
Epoch: 6 cost time: 36.141456604003906
Epoch: 6, Steps: 284 | Train Loss: 0.5857054 Vali Loss: 0.5355697 Test Loss: 0.2276776
Validation loss decreased (0.554729 --> 0.535570).  Saving model ...
Updating learning rate to 7.290000000000001e-05
	iters: 100, epoch: 7 | loss: 0.6293351
	speed: 0.2931s/iter; left time: 7795.5067s
	iters: 200, epoch: 7 | loss: 0.9657043
	speed: 0.1273s/iter; left time: 3373.1895s
Epoch: 7 cost time: 36.14450216293335
Epoch: 7, Steps: 284 | Train Loss: 0.5669923 Vali Loss: 0.5232662 Test Loss: 0.2224616
Validation loss decreased (0.535570 --> 0.523266).  Saving model ...
Updating learning rate to 6.561e-05
	iters: 100, epoch: 8 | loss: 0.6904352
	speed: 0.2931s/iter; left time: 7712.6707s
	iters: 200, epoch: 8 | loss: 0.4235383
	speed: 0.1272s/iter; left time: 3334.3623s
Epoch: 8 cost time: 36.13807821273804
Epoch: 8, Steps: 284 | Train Loss: 0.5509555 Vali Loss: 0.5126475 Test Loss: 0.2178356
Validation loss decreased (0.523266 --> 0.512648).  Saving model ...
Updating learning rate to 5.904900000000001e-05
	iters: 100, epoch: 9 | loss: 0.4875848
	speed: 0.2931s/iter; left time: 7629.6659s
	iters: 200, epoch: 9 | loss: 0.7053368
	speed: 0.1272s/iter; left time: 3296.9453s
Epoch: 9 cost time: 36.13756513595581
Epoch: 9, Steps: 284 | Train Loss: 0.5376040 Vali Loss: 0.5028275 Test Loss: 0.2137140
Validation loss decreased (0.512648 --> 0.502828).  Saving model ...
Updating learning rate to 5.3144100000000005e-05
	iters: 100, epoch: 10 | loss: 0.4822943
	speed: 0.2930s/iter; left time: 7543.7484s
	iters: 200, epoch: 10 | loss: 0.8455534
	speed: 0.1271s/iter; left time: 3260.6900s
Epoch: 10 cost time: 36.13075518608093
Epoch: 10, Steps: 284 | Train Loss: 0.5268328 Vali Loss: 0.4943694 Test Loss: 0.2100782
Validation loss decreased (0.502828 --> 0.494369).  Saving model ...
Updating learning rate to 4.782969000000001e-05
	iters: 100, epoch: 11 | loss: 0.5175180
	speed: 0.2930s/iter; left time: 7459.9186s
	iters: 200, epoch: 11 | loss: 0.4274307
	speed: 0.1271s/iter; left time: 3224.3224s
Epoch: 11 cost time: 36.12925601005554
Epoch: 11, Steps: 284 | Train Loss: 0.5174558 Vali Loss: 0.4850903 Test Loss: 0.2068385
Validation loss decreased (0.494369 --> 0.485090).  Saving model ...
Updating learning rate to 4.304672100000001e-05
	iters: 100, epoch: 12 | loss: 0.4030546
	speed: 0.2931s/iter; left time: 7379.2642s
	iters: 200, epoch: 12 | loss: 0.4368415
	speed: 0.1272s/iter; left time: 3188.6368s
Epoch: 12 cost time: 36.12013649940491
Epoch: 12, Steps: 284 | Train Loss: 0.5089998 Vali Loss: 0.4767431 Test Loss: 0.2038481
Validation loss decreased (0.485090 --> 0.476743).  Saving model ...
Updating learning rate to 3.874204890000001e-05
	iters: 100, epoch: 13 | loss: 0.9690695
	speed: 0.2931s/iter; left time: 7296.1686s
	iters: 200, epoch: 13 | loss: 0.4259936
	speed: 0.1272s/iter; left time: 3153.5773s
Epoch: 13 cost time: 36.1293511390686
Epoch: 13, Steps: 284 | Train Loss: 0.5029943 Vali Loss: 0.4715870 Test Loss: 0.2012351
Validation loss decreased (0.476743 --> 0.471587).  Saving model ...
Updating learning rate to 3.486784401000001e-05
	iters: 100, epoch: 14 | loss: 0.7452316
	speed: 0.2935s/iter; left time: 7222.0031s
	iters: 200, epoch: 14 | loss: 0.5525131
	speed: 0.1272s/iter; left time: 3116.6476s
Epoch: 14 cost time: 36.121609687805176
Epoch: 14, Steps: 284 | Train Loss: 0.4974868 Vali Loss: 0.4683126 Test Loss: 0.1988847
Validation loss decreased (0.471587 --> 0.468313).  Saving model ...
Updating learning rate to 3.138105960900001e-05
	iters: 100, epoch: 15 | loss: 0.3965946
	speed: 0.2943s/iter; left time: 7159.6086s
	iters: 200, epoch: 15 | loss: 0.3422827
	speed: 0.1271s/iter; left time: 3079.6803s
Epoch: 15 cost time: 36.108710289001465
Epoch: 15, Steps: 284 | Train Loss: 0.4925213 Vali Loss: 0.4628537 Test Loss: 0.1968041
Validation loss decreased (0.468313 --> 0.462854).  Saving model ...
Updating learning rate to 2.824295364810001e-05
	iters: 100, epoch: 16 | loss: 0.6607872
	speed: 0.2939s/iter; left time: 7064.5304s
	iters: 200, epoch: 16 | loss: 0.7826985
	speed: 0.1271s/iter; left time: 3043.1598s
Epoch: 16 cost time: 36.101707220077515
Epoch: 16, Steps: 284 | Train Loss: 0.4883469 Vali Loss: 0.4592041 Test Loss: 0.1949657
Validation loss decreased (0.462854 --> 0.459204).  Saving model ...
Updating learning rate to 2.541865828329001e-05
	iters: 100, epoch: 17 | loss: 0.4163558
	speed: 0.2936s/iter; left time: 6973.8915s
	iters: 200, epoch: 17 | loss: 0.9223975
	speed: 0.1271s/iter; left time: 3006.7454s
Epoch: 17 cost time: 36.100343465805054
Epoch: 17, Steps: 284 | Train Loss: 0.4844132 Vali Loss: 0.4559277 Test Loss: 0.1932850
Validation loss decreased (0.459204 --> 0.455928).  Saving model ...
Updating learning rate to 2.287679245496101e-05
	iters: 100, epoch: 18 | loss: 0.3098554
	speed: 0.2935s/iter; left time: 6889.3480s
	iters: 200, epoch: 18 | loss: 0.5564102
	speed: 0.1271s/iter; left time: 2970.5913s
Epoch: 18 cost time: 36.105597257614136
Epoch: 18, Steps: 284 | Train Loss: 0.4816337 Vali Loss: 0.4526796 Test Loss: 0.1918160
Validation loss decreased (0.455928 --> 0.452680).  Saving model ...
Updating learning rate to 2.0589113209464907e-05
	iters: 100, epoch: 19 | loss: 0.8622241
	speed: 0.2941s/iter; left time: 6820.5997s
	iters: 200, epoch: 19 | loss: 0.5757689
	speed: 0.1270s/iter; left time: 2933.3474s
Epoch: 19 cost time: 36.10614204406738
Epoch: 19, Steps: 284 | Train Loss: 0.4790389 Vali Loss: 0.4506392 Test Loss: 0.1904850
Validation loss decreased (0.452680 --> 0.450639).  Saving model ...
Updating learning rate to 1.8530201888518416e-05
	iters: 100, epoch: 20 | loss: 0.4972667
	speed: 0.2930s/iter; left time: 6711.5903s
	iters: 200, epoch: 20 | loss: 0.4217461
	speed: 0.1271s/iter; left time: 2898.8827s
Epoch: 20 cost time: 36.11792230606079
Epoch: 20, Steps: 284 | Train Loss: 0.4766280 Vali Loss: 0.4474467 Test Loss: 0.1893371
Validation loss decreased (0.450639 --> 0.447447).  Saving model ...
Updating learning rate to 1.6677181699666577e-05
	iters: 100, epoch: 21 | loss: 0.3350156
	speed: 0.2930s/iter; left time: 6628.3723s
	iters: 200, epoch: 21 | loss: 0.3977734
	speed: 0.1271s/iter; left time: 2861.5791s
Epoch: 21 cost time: 36.11356496810913
Epoch: 21, Steps: 284 | Train Loss: 0.4736050 Vali Loss: 0.4438177 Test Loss: 0.1882610
Validation loss decreased (0.447447 --> 0.443818).  Saving model ...
Updating learning rate to 1.5009463529699919e-05
	iters: 100, epoch: 22 | loss: 0.3381528
	speed: 0.2928s/iter; left time: 6540.2891s
	iters: 200, epoch: 22 | loss: 0.4643404
	speed: 0.1271s/iter; left time: 2826.0450s
Epoch: 22 cost time: 36.111170530319214
Epoch: 22, Steps: 284 | Train Loss: 0.4723901 Vali Loss: 0.4438381 Test Loss: 0.1873091
EarlyStopping counter: 1 out of 20
Updating learning rate to 1.3508517176729929e-05
	iters: 100, epoch: 23 | loss: 0.3331021
	speed: 0.2925s/iter; left time: 6450.5709s
	iters: 200, epoch: 23 | loss: 0.4319974
	speed: 0.1269s/iter; left time: 2785.1326s
Epoch: 23 cost time: 36.0619900226593
Epoch: 23, Steps: 284 | Train Loss: 0.4703730 Vali Loss: 0.4413720 Test Loss: 0.1864690
Validation loss decreased (0.443818 --> 0.441372).  Saving model ...
Updating learning rate to 1.2157665459056936e-05
	iters: 100, epoch: 24 | loss: 0.5163978
	speed: 0.2923s/iter; left time: 6362.1956s
	iters: 200, epoch: 24 | loss: 0.4056202
	speed: 0.1268s/iter; left time: 2747.5783s
Epoch: 24 cost time: 36.01910972595215
Epoch: 24, Steps: 284 | Train Loss: 0.4694338 Vali Loss: 0.4411941 Test Loss: 0.1856985
Validation loss decreased (0.441372 --> 0.441194).  Saving model ...
Updating learning rate to 1.0941898913151242e-05
	iters: 100, epoch: 25 | loss: 0.3917590
	speed: 0.2921s/iter; left time: 6276.3827s
	iters: 200, epoch: 25 | loss: 0.5671700
	speed: 0.1268s/iter; left time: 2710.9720s
Epoch: 25 cost time: 36.0109441280365
Epoch: 25, Steps: 284 | Train Loss: 0.4672012 Vali Loss: 0.4391509 Test Loss: 0.1849963
Validation loss decreased (0.441194 --> 0.439151).  Saving model ...
Updating learning rate to 9.847709021836118e-06
	iters: 100, epoch: 26 | loss: 0.3423560
	speed: 0.2922s/iter; left time: 6195.8148s
	iters: 200, epoch: 26 | loss: 0.3688796
	speed: 0.1268s/iter; left time: 2675.9800s
Epoch: 26 cost time: 36.00945830345154
Epoch: 26, Steps: 284 | Train Loss: 0.4675480 Vali Loss: 0.4357657 Test Loss: 0.1843918
Validation loss decreased (0.439151 --> 0.435766).  Saving model ...
Updating learning rate to 8.862938119652508e-06
	iters: 100, epoch: 27 | loss: 0.3985012
	speed: 0.2920s/iter; left time: 6108.3697s
	iters: 200, epoch: 27 | loss: 0.3427353
	speed: 0.1269s/iter; left time: 2641.6092s
Epoch: 27 cost time: 36.01256489753723
Epoch: 27, Steps: 284 | Train Loss: 0.4663338 Vali Loss: 0.4371709 Test Loss: 0.1838611
EarlyStopping counter: 1 out of 20
Updating learning rate to 7.976644307687255e-06
	iters: 100, epoch: 28 | loss: 0.3299627
	speed: 0.2916s/iter; left time: 6016.9698s
	iters: 200, epoch: 28 | loss: 0.4065857
	speed: 0.1269s/iter; left time: 2606.2470s
Epoch: 28 cost time: 36.01329946517944
Epoch: 28, Steps: 284 | Train Loss: 0.4655398 Vali Loss: 0.4355083 Test Loss: 0.1833784
Validation loss decreased (0.435766 --> 0.435508).  Saving model ...
Updating learning rate to 7.178979876918531e-06
	iters: 100, epoch: 29 | loss: 0.3796584
	speed: 0.2920s/iter; left time: 5941.0313s
	iters: 200, epoch: 29 | loss: 0.4307025
	speed: 0.1269s/iter; left time: 2569.6816s
Epoch: 29 cost time: 36.01102638244629
Epoch: 29, Steps: 284 | Train Loss: 0.4639155 Vali Loss: 0.4336246 Test Loss: 0.1829600
Validation loss decreased (0.435508 --> 0.433625).  Saving model ...
Updating learning rate to 6.4610818892266776e-06
	iters: 100, epoch: 30 | loss: 0.4388607
	speed: 0.2920s/iter; left time: 5859.1480s
	iters: 200, epoch: 30 | loss: 0.6794112
	speed: 0.1269s/iter; left time: 2534.4559s
Epoch: 30 cost time: 36.019049406051636
Epoch: 30, Steps: 284 | Train Loss: 0.4638741 Vali Loss: 0.4315298 Test Loss: 0.1825643
Validation loss decreased (0.433625 --> 0.431530).  Saving model ...
Updating learning rate to 5.8149737003040096e-06
	iters: 100, epoch: 31 | loss: 0.3282621
	speed: 0.2921s/iter; left time: 5778.3898s
	iters: 200, epoch: 31 | loss: 0.3493136
	speed: 0.1269s/iter; left time: 2497.5360s
Epoch: 31 cost time: 36.0117073059082
Epoch: 31, Steps: 284 | Train Loss: 0.4634788 Vali Loss: 0.4335492 Test Loss: 0.1822155
EarlyStopping counter: 1 out of 20
Updating learning rate to 5.23347633027361e-06
	iters: 100, epoch: 32 | loss: 0.4969068
	speed: 0.2915s/iter; left time: 5684.1695s
	iters: 200, epoch: 32 | loss: 0.5851378
	speed: 0.1268s/iter; left time: 2460.4594s
Epoch: 32 cost time: 36.00623607635498
Epoch: 32, Steps: 284 | Train Loss: 0.4628776 Vali Loss: 0.4326325 Test Loss: 0.1819285
EarlyStopping counter: 2 out of 20
Updating learning rate to 4.710128697246249e-06
	iters: 100, epoch: 33 | loss: 0.5578185
	speed: 0.2916s/iter; left time: 5602.9927s
	iters: 200, epoch: 33 | loss: 0.3306556
	speed: 0.1268s/iter; left time: 2423.7167s
Epoch: 33 cost time: 36.00967216491699
Epoch: 33, Steps: 284 | Train Loss: 0.4624771 Vali Loss: 0.4319844 Test Loss: 0.1816232
EarlyStopping counter: 3 out of 20
Updating learning rate to 4.239115827521624e-06
	iters: 100, epoch: 34 | loss: 0.4111667
	speed: 0.2916s/iter; left time: 5520.5010s
	iters: 200, epoch: 34 | loss: 0.3153997
	speed: 0.1268s/iter; left time: 2386.7064s
Epoch: 34 cost time: 36.014033794403076
Epoch: 34, Steps: 284 | Train Loss: 0.4622909 Vali Loss: 0.4317534 Test Loss: 0.1813607
EarlyStopping counter: 4 out of 20
Updating learning rate to 3.815204244769462e-06
	iters: 100, epoch: 35 | loss: 0.7522467
	speed: 0.3003s/iter; left time: 5599.5129s
	iters: 200, epoch: 35 | loss: 0.6140480
	speed: 0.1269s/iter; left time: 2352.6270s
Epoch: 35 cost time: 36.76268458366394
Epoch: 35, Steps: 284 | Train Loss: 0.4618009 Vali Loss: 0.4320849 Test Loss: 0.1811665
EarlyStopping counter: 5 out of 20
Updating learning rate to 3.4336838202925152e-06
	iters: 100, epoch: 36 | loss: 0.4236911
	speed: 0.2916s/iter; left time: 5353.9680s
	iters: 200, epoch: 36 | loss: 0.5918340
	speed: 0.1268s/iter; left time: 2314.7003s
Epoch: 36 cost time: 35.990105628967285
Epoch: 36, Steps: 284 | Train Loss: 0.4613064 Vali Loss: 0.4273940 Test Loss: 0.1809520
Validation loss decreased (0.431530 --> 0.427394).  Saving model ...
Updating learning rate to 3.090315438263264e-06
	iters: 100, epoch: 37 | loss: 0.3830486
	speed: 0.2919s/iter; left time: 5276.5726s
	iters: 200, epoch: 37 | loss: 0.3828122
	speed: 0.1267s/iter; left time: 2277.9504s
Epoch: 37 cost time: 35.98041105270386
Epoch: 37, Steps: 284 | Train Loss: 0.4613090 Vali Loss: 0.4311922 Test Loss: 0.1807552
EarlyStopping counter: 1 out of 20
Updating learning rate to 2.7812838944369375e-06
	iters: 100, epoch: 38 | loss: 0.3903782
	speed: 0.2911s/iter; left time: 5179.7283s
	iters: 200, epoch: 38 | loss: 0.4124317
	speed: 0.1267s/iter; left time: 2242.2938s
Epoch: 38 cost time: 35.982182025909424
Epoch: 38, Steps: 284 | Train Loss: 0.4609530 Vali Loss: 0.4294620 Test Loss: 0.1806346
EarlyStopping counter: 2 out of 20
Updating learning rate to 2.503155504993244e-06
	iters: 100, epoch: 39 | loss: 0.6603526
	speed: 0.2912s/iter; left time: 5099.4321s
	iters: 200, epoch: 39 | loss: 0.3612082
	speed: 0.1268s/iter; left time: 2208.2401s
Epoch: 39 cost time: 36.023579597473145
Epoch: 39, Steps: 284 | Train Loss: 0.4606276 Vali Loss: 0.4289051 Test Loss: 0.1804715
EarlyStopping counter: 3 out of 20
Updating learning rate to 2.2528399544939195e-06
	iters: 100, epoch: 40 | loss: 0.6668804
	speed: 0.2918s/iter; left time: 5025.4234s
	iters: 200, epoch: 40 | loss: 0.8516286
	speed: 0.1270s/iter; left time: 2175.3679s
Epoch: 40 cost time: 36.07169961929321
Epoch: 40, Steps: 284 | Train Loss: 0.4594317 Vali Loss: 0.4287480 Test Loss: 0.1803614
EarlyStopping counter: 4 out of 20
Updating learning rate to 2.0275559590445276e-06
	iters: 100, epoch: 41 | loss: 0.5890918
	speed: 0.2918s/iter; left time: 4943.2687s
	iters: 200, epoch: 41 | loss: 0.4275652
	speed: 0.1271s/iter; left time: 2140.0948s
Epoch: 41 cost time: 36.07453536987305
Epoch: 41, Steps: 284 | Train Loss: 0.4603469 Vali Loss: 0.4275596 Test Loss: 0.1802363
EarlyStopping counter: 5 out of 20
Updating learning rate to 1.8248003631400751e-06
	iters: 100, epoch: 42 | loss: 0.7279712
	speed: 0.2918s/iter; left time: 4859.8429s
	iters: 200, epoch: 42 | loss: 0.4962341
	speed: 0.1271s/iter; left time: 2103.9192s
Epoch: 42 cost time: 36.08094811439514
Epoch: 42, Steps: 284 | Train Loss: 0.4601085 Vali Loss: 0.4286183 Test Loss: 0.1801248
EarlyStopping counter: 6 out of 20
Updating learning rate to 1.6423203268260676e-06
	iters: 100, epoch: 43 | loss: 0.3882435
	speed: 0.2919s/iter; left time: 4779.2974s
	iters: 200, epoch: 43 | loss: 0.3657343
	speed: 0.1271s/iter; left time: 2067.5481s
Epoch: 43 cost time: 36.08166742324829
Epoch: 43, Steps: 284 | Train Loss: 0.4599712 Vali Loss: 0.4298387 Test Loss: 0.1800196
EarlyStopping counter: 7 out of 20
Updating learning rate to 1.4780882941434609e-06
	iters: 100, epoch: 44 | loss: 0.4136123
	speed: 0.2918s/iter; left time: 4695.5308s
	iters: 200, epoch: 44 | loss: 0.4688861
	speed: 0.1270s/iter; left time: 2031.3685s
Epoch: 44 cost time: 36.075066566467285
Epoch: 44, Steps: 284 | Train Loss: 0.4587997 Vali Loss: 0.4275982 Test Loss: 0.1799307
EarlyStopping counter: 8 out of 20
Updating learning rate to 1.3302794647291146e-06
	iters: 100, epoch: 45 | loss: 0.3441027
	speed: 0.2918s/iter; left time: 4612.6185s
	iters: 200, epoch: 45 | loss: 0.3851859
	speed: 0.1271s/iter; left time: 1995.4329s
Epoch: 45 cost time: 36.081326484680176
Epoch: 45, Steps: 284 | Train Loss: 0.4596780 Vali Loss: 0.4287741 Test Loss: 0.1798529
EarlyStopping counter: 9 out of 20
Updating learning rate to 1.1972515182562034e-06
	iters: 100, epoch: 46 | loss: 0.4347934
	speed: 0.2918s/iter; left time: 4529.1171s
	iters: 200, epoch: 46 | loss: 0.5675303
	speed: 0.1271s/iter; left time: 1959.4061s
Epoch: 46 cost time: 36.08306312561035
Epoch: 46, Steps: 284 | Train Loss: 0.4594701 Vali Loss: 0.4274287 Test Loss: 0.1797960
EarlyStopping counter: 10 out of 20
Updating learning rate to 1.077526366430583e-06
	iters: 100, epoch: 47 | loss: 0.5367127
	speed: 0.2920s/iter; left time: 4448.9575s
	iters: 200, epoch: 47 | loss: 0.3200125
	speed: 0.1271s/iter; left time: 1923.3864s
Epoch: 47 cost time: 36.0892231464386
Epoch: 47, Steps: 284 | Train Loss: 0.4591849 Vali Loss: 0.4288994 Test Loss: 0.1797486
EarlyStopping counter: 11 out of 20
Updating learning rate to 9.697737297875248e-07
	iters: 100, epoch: 48 | loss: 0.4170287
	speed: 0.2918s/iter; left time: 4363.3714s
	iters: 200, epoch: 48 | loss: 0.4323808
	speed: 0.1270s/iter; left time: 1886.9516s
Epoch: 48 cost time: 36.080525398254395
Epoch: 48, Steps: 284 | Train Loss: 0.4592526 Vali Loss: 0.4282052 Test Loss: 0.1796807
EarlyStopping counter: 12 out of 20
Updating learning rate to 8.727963568087723e-07
	iters: 100, epoch: 49 | loss: 0.4387473
	speed: 0.2919s/iter; left time: 4282.3478s
	iters: 200, epoch: 49 | loss: 0.8606305
	speed: 0.1270s/iter; left time: 1850.7396s
Epoch: 49 cost time: 36.08084774017334
Epoch: 49, Steps: 284 | Train Loss: 0.4589074 Vali Loss: 0.4297145 Test Loss: 0.1796360
EarlyStopping counter: 13 out of 20
Updating learning rate to 7.855167211278951e-07
	iters: 100, epoch: 50 | loss: 0.5370785
	speed: 0.2919s/iter; left time: 4198.3261s
	iters: 200, epoch: 50 | loss: 0.3044509
	speed: 0.1270s/iter; left time: 1814.8613s
Epoch: 50 cost time: 36.08471632003784
Epoch: 50, Steps: 284 | Train Loss: 0.4591741 Vali Loss: 0.4277344 Test Loss: 0.1795958
EarlyStopping counter: 14 out of 20
Updating learning rate to 7.069650490151056e-07
	iters: 100, epoch: 51 | loss: 0.3923686
	speed: 0.2920s/iter; left time: 4117.1626s
	iters: 200, epoch: 51 | loss: 0.6041805
	speed: 0.1271s/iter; left time: 1779.4190s
Epoch: 51 cost time: 36.099536180496216
Epoch: 51, Steps: 284 | Train Loss: 0.4580874 Vali Loss: 0.4276117 Test Loss: 0.1795458
EarlyStopping counter: 15 out of 20
Updating learning rate to 6.36268544113595e-07
	iters: 100, epoch: 52 | loss: 0.3863958
	speed: 0.2920s/iter; left time: 4034.1296s
	iters: 200, epoch: 52 | loss: 0.4992284
	speed: 0.1271s/iter; left time: 1743.5660s
Epoch: 52 cost time: 36.10266447067261
Epoch: 52, Steps: 284 | Train Loss: 0.4582900 Vali Loss: 0.4282660 Test Loss: 0.1795198
EarlyStopping counter: 16 out of 20
Updating learning rate to 5.726416897022355e-07
	iters: 100, epoch: 53 | loss: 0.4147825
	speed: 0.2922s/iter; left time: 3954.1593s
	iters: 200, epoch: 53 | loss: 0.3964478
	speed: 0.1271s/iter; left time: 1707.7318s
Epoch: 53 cost time: 36.11758375167847
Epoch: 53, Steps: 284 | Train Loss: 0.4586355 Vali Loss: 0.4287410 Test Loss: 0.1794735
EarlyStopping counter: 17 out of 20
Updating learning rate to 5.15377520732012e-07
	iters: 100, epoch: 54 | loss: 0.4703161
	speed: 0.2922s/iter; left time: 3871.7929s
	iters: 200, epoch: 54 | loss: 0.4850835
	speed: 0.1272s/iter; left time: 1672.4235s
Epoch: 54 cost time: 36.12766623497009
Epoch: 54, Steps: 284 | Train Loss: 0.4573757 Vali Loss: 0.4274544 Test Loss: 0.1794489
EarlyStopping counter: 18 out of 20
Updating learning rate to 4.6383976865881085e-07
	iters: 100, epoch: 55 | loss: 0.6734722
	speed: 0.2924s/iter; left time: 3791.2041s
	iters: 200, epoch: 55 | loss: 0.4175501
	speed: 0.1272s/iter; left time: 1636.3187s
Epoch: 55 cost time: 36.12995481491089
Epoch: 55, Steps: 284 | Train Loss: 0.4588270 Vali Loss: 0.4272786 Test Loss: 0.1794205
Validation loss decreased (0.427394 --> 0.427279).  Saving model ...
Updating learning rate to 4.174557917929298e-07
	iters: 100, epoch: 56 | loss: 0.6114542
	speed: 0.2930s/iter; left time: 3715.7165s
	iters: 200, epoch: 56 | loss: 0.3575478
	speed: 0.1272s/iter; left time: 1600.5631s
Epoch: 56 cost time: 36.13136172294617
Epoch: 56, Steps: 284 | Train Loss: 0.4579707 Vali Loss: 0.4285241 Test Loss: 0.1794028
EarlyStopping counter: 1 out of 20
Updating learning rate to 3.7571021261363677e-07
	iters: 100, epoch: 57 | loss: 0.4141568
	speed: 0.2926s/iter; left time: 3626.9573s
	iters: 200, epoch: 57 | loss: 0.5444677
	speed: 0.1272s/iter; left time: 1564.6346s
Epoch: 57 cost time: 36.13500499725342
Epoch: 57, Steps: 284 | Train Loss: 0.4588584 Vali Loss: 0.4279856 Test Loss: 0.1793779
EarlyStopping counter: 2 out of 20
Updating learning rate to 3.381391913522731e-07
	iters: 100, epoch: 58 | loss: 0.8481523
	speed: 0.2927s/iter; left time: 3544.9029s
	iters: 200, epoch: 58 | loss: 0.3956369
	speed: 0.1272s/iter; left time: 1528.5262s
Epoch: 58 cost time: 36.13916540145874
Epoch: 58, Steps: 284 | Train Loss: 0.4588470 Vali Loss: 0.4285416 Test Loss: 0.1793795
EarlyStopping counter: 3 out of 20
Updating learning rate to 3.043252722170458e-07
	iters: 100, epoch: 59 | loss: 0.6404077
	speed: 0.2925s/iter; left time: 3460.0557s
	iters: 200, epoch: 59 | loss: 0.4541190
	speed: 0.1273s/iter; left time: 1492.5923s
Epoch: 59 cost time: 36.14650225639343
Epoch: 59, Steps: 284 | Train Loss: 0.4588082 Vali Loss: 0.4263577 Test Loss: 0.1793385
Validation loss decreased (0.427279 --> 0.426358).  Saving model ...
Updating learning rate to 2.7389274499534124e-07
	iters: 100, epoch: 60 | loss: 0.5478584
	speed: 0.2938s/iter; left time: 3391.7079s
	iters: 200, epoch: 60 | loss: 0.5625528
	speed: 0.1273s/iter; left time: 1456.4266s
Epoch: 60 cost time: 36.152371883392334
Epoch: 60, Steps: 284 | Train Loss: 0.4585916 Vali Loss: 0.4262099 Test Loss: 0.1793195
Validation loss decreased (0.426358 --> 0.426210).  Saving model ...
Updating learning rate to 2.465034704958071e-07
	iters: 100, epoch: 61 | loss: 0.3617737
	speed: 0.2931s/iter; left time: 3300.8496s
	iters: 200, epoch: 61 | loss: 0.5990158
	speed: 0.1273s/iter; left time: 1420.5778s
Epoch: 61 cost time: 36.15867519378662
Epoch: 61, Steps: 284 | Train Loss: 0.4579644 Vali Loss: 0.4293559 Test Loss: 0.1793230
EarlyStopping counter: 1 out of 20
Updating learning rate to 2.218531234462264e-07
	iters: 100, epoch: 62 | loss: 0.6662077
	speed: 0.2925s/iter; left time: 3210.7959s
	iters: 200, epoch: 62 | loss: 0.3925961
	speed: 0.1273s/iter; left time: 1384.7817s
Epoch: 62 cost time: 36.165005922317505
Epoch: 62, Steps: 284 | Train Loss: 0.4588498 Vali Loss: 0.4250932 Test Loss: 0.1793056
Validation loss decreased (0.426210 --> 0.425093).  Saving model ...
Updating learning rate to 1.9966781110160376e-07
	iters: 100, epoch: 63 | loss: 0.6118515
	speed: 0.2931s/iter; left time: 3134.1959s
	iters: 200, epoch: 63 | loss: 0.7718121
	speed: 0.1273s/iter; left time: 1348.6487s
Epoch: 63 cost time: 36.15667176246643
Epoch: 63, Steps: 284 | Train Loss: 0.4586256 Vali Loss: 0.4282823 Test Loss: 0.1792969
EarlyStopping counter: 1 out of 20
Updating learning rate to 1.797010299914434e-07
	iters: 100, epoch: 64 | loss: 0.4135823
	speed: 0.2924s/iter; left time: 3043.8468s
	iters: 200, epoch: 64 | loss: 0.6134180
	speed: 0.1273s/iter; left time: 1312.0122s
Epoch: 64 cost time: 36.1544246673584
Epoch: 64, Steps: 284 | Train Loss: 0.4583118 Vali Loss: 0.4277767 Test Loss: 0.1792830
EarlyStopping counter: 2 out of 20
Updating learning rate to 1.6173092699229907e-07
	iters: 100, epoch: 65 | loss: 0.3124897
	speed: 0.2924s/iter; left time: 2960.9005s
	iters: 200, epoch: 65 | loss: 0.4028349
	speed: 0.1273s/iter; left time: 1275.8890s
Epoch: 65 cost time: 36.14947319030762
Epoch: 65, Steps: 284 | Train Loss: 0.4576897 Vali Loss: 0.4275519 Test Loss: 0.1793033
EarlyStopping counter: 3 out of 20
Updating learning rate to 1.4555783429306916e-07
	iters: 100, epoch: 66 | loss: 0.4384994
	speed: 0.2924s/iter; left time: 2877.6922s
	iters: 200, epoch: 66 | loss: 0.3723636
	speed: 0.1272s/iter; left time: 1239.2618s
Epoch: 66 cost time: 36.135228633880615
Epoch: 66, Steps: 284 | Train Loss: 0.4575733 Vali Loss: 0.4261888 Test Loss: 0.1792671
EarlyStopping counter: 4 out of 20
Updating learning rate to 1.3100205086376224e-07
	iters: 100, epoch: 67 | loss: 0.4038475
	speed: 0.2922s/iter; left time: 2792.7018s
	iters: 200, epoch: 67 | loss: 0.3559267
	speed: 0.1272s/iter; left time: 1203.1953s
Epoch: 67 cost time: 36.132044076919556
Epoch: 67, Steps: 284 | Train Loss: 0.4584691 Vali Loss: 0.4283253 Test Loss: 0.1792583
EarlyStopping counter: 5 out of 20
Updating learning rate to 1.1790184577738603e-07
	iters: 100, epoch: 68 | loss: 0.3781273
	speed: 0.2921s/iter; left time: 2708.4807s
	iters: 200, epoch: 68 | loss: 0.4152892
	speed: 0.1271s/iter; left time: 1166.3272s
Epoch: 68 cost time: 36.109368085861206
Epoch: 68, Steps: 284 | Train Loss: 0.4584920 Vali Loss: 0.4283874 Test Loss: 0.1792509
EarlyStopping counter: 6 out of 20
Updating learning rate to 1.0611166119964742e-07
	iters: 100, epoch: 69 | loss: 0.8624681
	speed: 0.2922s/iter; left time: 2626.6462s
	iters: 200, epoch: 69 | loss: 0.3719784
	speed: 0.1271s/iter; left time: 1130.2091s
Epoch: 69 cost time: 36.10936212539673
Epoch: 69, Steps: 284 | Train Loss: 0.4585729 Vali Loss: 0.4290392 Test Loss: 0.1792498
EarlyStopping counter: 7 out of 20
Updating learning rate to 9.550049507968268e-08
	iters: 100, epoch: 70 | loss: 0.4456156
	speed: 0.2920s/iter; left time: 2542.0417s
	iters: 200, epoch: 70 | loss: 0.3792808
	speed: 0.1272s/iter; left time: 1094.5400s
Epoch: 70 cost time: 36.11209225654602
Epoch: 70, Steps: 284 | Train Loss: 0.4583158 Vali Loss: 0.4268613 Test Loss: 0.1792614
EarlyStopping counter: 8 out of 20
Updating learning rate to 8.595044557171442e-08
	iters: 100, epoch: 71 | loss: 0.6113641
	speed: 0.2921s/iter; left time: 2460.1315s
	iters: 200, epoch: 71 | loss: 0.3954841
	speed: 0.1271s/iter; left time: 1057.9642s
Epoch: 71 cost time: 36.10132384300232
Epoch: 71, Steps: 284 | Train Loss: 0.4583544 Vali Loss: 0.4273593 Test Loss: 0.1792520
EarlyStopping counter: 9 out of 20
Updating learning rate to 7.735540101454298e-08
	iters: 100, epoch: 72 | loss: 0.4185601
	speed: 0.2920s/iter; left time: 2375.6817s
	iters: 200, epoch: 72 | loss: 0.4056435
	speed: 0.1271s/iter; left time: 1021.8907s
Epoch: 72 cost time: 36.10334086418152
Epoch: 72, Steps: 284 | Train Loss: 0.4584207 Vali Loss: 0.4275898 Test Loss: 0.1792409
EarlyStopping counter: 10 out of 20
Updating learning rate to 6.961986091308869e-08
	iters: 100, epoch: 73 | loss: 0.3574686
	speed: 0.2921s/iter; left time: 2294.1115s
	iters: 200, epoch: 73 | loss: 0.3991082
	speed: 0.1271s/iter; left time: 985.6507s
Epoch: 73 cost time: 36.101847648620605
Epoch: 73, Steps: 284 | Train Loss: 0.4583703 Vali Loss: 0.4261162 Test Loss: 0.1792227
EarlyStopping counter: 11 out of 20
Updating learning rate to 6.265787482177981e-08
	iters: 100, epoch: 74 | loss: 0.6546997
	speed: 0.2920s/iter; left time: 2210.0241s
	iters: 200, epoch: 74 | loss: 0.8722960
	speed: 0.1272s/iter; left time: 949.7467s
Epoch: 74 cost time: 36.10129117965698
Epoch: 74, Steps: 284 | Train Loss: 0.4584232 Vali Loss: 0.4282680 Test Loss: 0.1792042
EarlyStopping counter: 12 out of 20
Updating learning rate to 5.639208733960184e-08
	iters: 100, epoch: 75 | loss: 0.4417629
	speed: 0.2920s/iter; left time: 2127.3574s
	iters: 200, epoch: 75 | loss: 0.8208559
	speed: 0.1272s/iter; left time: 913.6205s
Epoch: 75 cost time: 36.103020429611206
Epoch: 75, Steps: 284 | Train Loss: 0.4583367 Vali Loss: 0.4280015 Test Loss: 0.1792201
EarlyStopping counter: 13 out of 20
Updating learning rate to 5.075287860564165e-08
	iters: 100, epoch: 76 | loss: 0.8568006
	speed: 0.2920s/iter; left time: 2044.3221s
	iters: 200, epoch: 76 | loss: 0.3900802
	speed: 0.1271s/iter; left time: 877.0768s
Epoch: 76 cost time: 36.09470009803772
Epoch: 76, Steps: 284 | Train Loss: 0.4580163 Vali Loss: 0.4285766 Test Loss: 0.1792324
EarlyStopping counter: 14 out of 20
Updating learning rate to 4.567759074507749e-08
	iters: 100, epoch: 77 | loss: 0.6282422
	speed: 0.2921s/iter; left time: 1961.8483s
	iters: 200, epoch: 77 | loss: 0.3566559
	speed: 0.1271s/iter; left time: 841.0379s
Epoch: 77 cost time: 36.09304332733154
Epoch: 77, Steps: 284 | Train Loss: 0.4584346 Vali Loss: 0.4269987 Test Loss: 0.1792316
EarlyStopping counter: 15 out of 20
Updating learning rate to 4.1109831670569744e-08
	iters: 100, epoch: 78 | loss: 0.4365305
	speed: 0.2919s/iter; left time: 1877.5540s
	iters: 200, epoch: 78 | loss: 0.5335653
	speed: 0.1271s/iter; left time: 805.1240s
Epoch: 78 cost time: 36.094600439071655
Epoch: 78, Steps: 284 | Train Loss: 0.4586331 Vali Loss: 0.4282417 Test Loss: 0.1792066
EarlyStopping counter: 16 out of 20
Updating learning rate to 3.6998848503512764e-08
	iters: 100, epoch: 79 | loss: 0.4301879
	speed: 0.2919s/iter; left time: 1794.9005s
	iters: 200, epoch: 79 | loss: 0.4290060
	speed: 0.1271s/iter; left time: 768.7871s
Epoch: 79 cost time: 36.0850555896759
Epoch: 79, Steps: 284 | Train Loss: 0.4586194 Vali Loss: 0.4268988 Test Loss: 0.1792175
EarlyStopping counter: 17 out of 20
Updating learning rate to 3.3298963653161496e-08
	iters: 100, epoch: 80 | loss: 0.3346730
	speed: 0.2920s/iter; left time: 1712.5897s
	iters: 200, epoch: 80 | loss: 0.3943370
	speed: 0.1271s/iter; left time: 732.8130s
Epoch: 80 cost time: 36.096564531326294
Epoch: 80, Steps: 284 | Train Loss: 0.4586729 Vali Loss: 0.4272614 Test Loss: 0.1792417
EarlyStopping counter: 18 out of 20
Updating learning rate to 2.996906728784534e-08
	iters: 100, epoch: 81 | loss: 0.4058227
	speed: 0.2919s/iter; left time: 1629.0736s
	iters: 200, epoch: 81 | loss: 0.3573840
	speed: 0.1271s/iter; left time: 696.3783s
Epoch: 81 cost time: 36.08763527870178
Epoch: 81, Steps: 284 | Train Loss: 0.4576152 Vali Loss: 0.4263671 Test Loss: 0.1792090
EarlyStopping counter: 19 out of 20
Updating learning rate to 2.697216055906081e-08
	iters: 100, epoch: 82 | loss: 0.4974497
	speed: 0.2919s/iter; left time: 1546.4417s
	iters: 200, epoch: 82 | loss: 0.3394765
	speed: 0.1271s/iter; left time: 660.4795s
Epoch: 82 cost time: 36.094847202301025
Epoch: 82, Steps: 284 | Train Loss: 0.4569001 Vali Loss: 0.4258917 Test Loss: 0.1792241
EarlyStopping counter: 20 out of 20
Early stopping
>>>>>>>testing : NL_weather_cms_lr0.0001_5steps_336_96_PatchTST_custom_ftM_sl336_ll48_pl96_dm128_nh16_el3_dl1_df256_fc1_ebtimeF_dtTruelr0.0001_pol5steps_Nested_Learning_0<<<<<<<<<<<<<<<<<<<<<<<<<<<<<<<<<
test 10444
 Ejecutando Inferencia DINÁMICA (Nested Learning con cms)
  -> Política: 5steps | LR: 0.0001 | Target: head

RESUMEN: El CMS se actualizó 17 veces de 81 posibles.

mse:0.17927612364292145, mae:0.23139891028404236, rse:0.5577906966209412
Args in experiment:
Namespace(random_seed=2021, is_training=1, model_id='NL_weather_cms_lr0.0001_5steps_336_192', model='PatchTST', data='custom', root_path='./dataset/', data_path='weather.csv', features='M', target='OT', freq='h', checkpoints='./checkpoints/', seq_len=336, label_len=48, pred_len=192, head_type='cms', cms_lr=0.0001, update_policy='5steps', fc_dropout=0.2, head_dropout=0.0, patch_len=16, stride=8, padding_patch='end', revin=1, affine=0, subtract_last=0, decomposition=0, kernel_size=25, individual=0, embed_type=0, enc_in=21, dec_in=7, c_out=7, d_model=128, n_heads=16, e_layers=3, d_layers=1, d_ff=256, moving_avg=25, factor=1, distil=True, dropout=0.2, embed='timeF', activation='gelu', output_attention=False, do_predict=False, num_workers=0, itr=1, train_epochs=100, batch_size=128, patience=20, learning_rate=0.0001, des='Nested_Learning', loss='mse', lradj='type3', pct_start=0.3, use_amp=False, use_gpu=True, gpu=0, use_multi_gpu=False, devices='0,1,2,3', test_flop=False)
Use GPU: cuda:0
>>>>>>>start training : NL_weather_cms_lr0.0001_5steps_336_192_PatchTST_custom_ftM_sl336_ll48_pl192_dm128_nh16_el3_dl1_df256_fc1_ebtimeF_dtTruelr0.0001_pol5steps_Nested_Learning_0>>>>>>>>>>>>>>>>>>>>>>>>>>
train 36360
val 5079
test 10348
	iters: 100, epoch: 1 | loss: 1.1537951
	speed: 0.1420s/iter; left time: 4019.5337s
	iters: 200, epoch: 1 | loss: 0.8635261
	speed: 0.1272s/iter; left time: 3587.5771s
Epoch: 1 cost time: 36.40788435935974
Epoch: 1, Steps: 284 | Train Loss: 0.7379149 Vali Loss: 0.6898259 Test Loss: 0.2907935
Validation loss decreased (inf --> 0.689826).  Saving model ...
Updating learning rate to 0.0001
	iters: 100, epoch: 2 | loss: 0.6599317
	speed: 0.2947s/iter; left time: 8257.3929s
	iters: 200, epoch: 2 | loss: 0.7145351
	speed: 0.1275s/iter; left time: 3559.2192s
Epoch: 2 cost time: 36.20859956741333
Epoch: 2, Steps: 284 | Train Loss: 0.7227833 Vali Loss: 0.6733642 Test Loss: 0.2846979
Validation loss decreased (0.689826 --> 0.673364).  Saving model ...
Updating learning rate to 0.0001
	iters: 100, epoch: 3 | loss: 0.7638225
	speed: 0.2943s/iter; left time: 8161.2085s
	iters: 200, epoch: 3 | loss: 0.6418471
	speed: 0.1275s/iter; left time: 3522.5663s
Epoch: 3 cost time: 36.201443910598755
Epoch: 3, Steps: 284 | Train Loss: 0.6990525 Vali Loss: 0.6546797 Test Loss: 0.2798426
Validation loss decreased (0.673364 --> 0.654680).  Saving model ...
Updating learning rate to 0.0001
	iters: 100, epoch: 4 | loss: 0.6386155
	speed: 0.2944s/iter; left time: 8082.1461s
	iters: 200, epoch: 4 | loss: 0.5687319
	speed: 0.1276s/iter; left time: 3488.4975s
Epoch: 4 cost time: 36.2236008644104
Epoch: 4, Steps: 284 | Train Loss: 0.6791177 Vali Loss: 0.6402060 Test Loss: 0.2751996
Validation loss decreased (0.654680 --> 0.640206).  Saving model ...
Updating learning rate to 9e-05
	iters: 100, epoch: 5 | loss: 0.5646478
	speed: 0.2943s/iter; left time: 7994.5350s
	iters: 200, epoch: 5 | loss: 0.7793804
	speed: 0.1275s/iter; left time: 3450.4557s
Epoch: 5 cost time: 36.20779323577881
Epoch: 5, Steps: 284 | Train Loss: 0.6614836 Vali Loss: 0.6243441 Test Loss: 0.2709977
Validation loss decreased (0.640206 --> 0.624344).  Saving model ...
Updating learning rate to 8.1e-05
	iters: 100, epoch: 6 | loss: 0.5485039
	speed: 0.2942s/iter; left time: 7908.9463s
	iters: 200, epoch: 6 | loss: 0.5654926
	speed: 0.1275s/iter; left time: 3415.2422s
Epoch: 6 cost time: 36.210866928100586
Epoch: 6, Steps: 284 | Train Loss: 0.6465085 Vali Loss: 0.6148970 Test Loss: 0.2672601
Validation loss decreased (0.624344 --> 0.614897).  Saving model ...
Updating learning rate to 7.290000000000001e-05
	iters: 100, epoch: 7 | loss: 0.7745852
	speed: 0.2943s/iter; left time: 7826.7940s
	iters: 200, epoch: 7 | loss: 0.6938705
	speed: 0.1275s/iter; left time: 3379.4845s
Epoch: 7 cost time: 36.2091019153595
Epoch: 7, Steps: 284 | Train Loss: 0.6333198 Vali Loss: 0.6051697 Test Loss: 0.2639011
Validation loss decreased (0.614897 --> 0.605170).  Saving model ...
Updating learning rate to 6.561e-05
	iters: 100, epoch: 8 | loss: 0.6136878
	speed: 0.2943s/iter; left time: 7743.0344s
	iters: 200, epoch: 8 | loss: 0.8822095
	speed: 0.1276s/iter; left time: 3344.6449s
Epoch: 8 cost time: 36.21966099739075
Epoch: 8, Steps: 284 | Train Loss: 0.6229857 Vali Loss: 0.5981140 Test Loss: 0.2609039
Validation loss decreased (0.605170 --> 0.598114).  Saving model ...
Updating learning rate to 5.904900000000001e-05
	iters: 100, epoch: 9 | loss: 0.5575641
	speed: 0.2943s/iter; left time: 7659.5144s
	iters: 200, epoch: 9 | loss: 0.6666059
	speed: 0.1276s/iter; left time: 3307.2860s
Epoch: 9 cost time: 36.214059829711914
Epoch: 9, Steps: 284 | Train Loss: 0.6138027 Vali Loss: 0.5908878 Test Loss: 0.2582430
Validation loss decreased (0.598114 --> 0.590888).  Saving model ...
Updating learning rate to 5.3144100000000005e-05
	iters: 100, epoch: 10 | loss: 0.5677416
	speed: 0.2941s/iter; left time: 7571.0299s
	iters: 200, epoch: 10 | loss: 0.7443504
	speed: 0.1276s/iter; left time: 3271.5891s
Epoch: 10 cost time: 36.22201204299927
Epoch: 10, Steps: 284 | Train Loss: 0.6059978 Vali Loss: 0.5845540 Test Loss: 0.2558736
Validation loss decreased (0.590888 --> 0.584554).  Saving model ...
Updating learning rate to 4.782969000000001e-05
	iters: 100, epoch: 11 | loss: 0.5127570
	speed: 0.2942s/iter; left time: 7491.8681s
	iters: 200, epoch: 11 | loss: 0.6169022
	speed: 0.1276s/iter; left time: 3235.6520s
Epoch: 11 cost time: 36.22035193443298
Epoch: 11, Steps: 284 | Train Loss: 0.5991318 Vali Loss: 0.5811357 Test Loss: 0.2537588
Validation loss decreased (0.584554 --> 0.581136).  Saving model ...
Updating learning rate to 4.304672100000001e-05
	iters: 100, epoch: 12 | loss: 0.4781171
	speed: 0.2944s/iter; left time: 7411.5971s
	iters: 200, epoch: 12 | loss: 0.6286411
	speed: 0.1275s/iter; left time: 3198.3631s
Epoch: 12 cost time: 36.221195220947266
Epoch: 12, Steps: 284 | Train Loss: 0.5932290 Vali Loss: 0.5745522 Test Loss: 0.2519077
Validation loss decreased (0.581136 --> 0.574552).  Saving model ...
Updating learning rate to 3.874204890000001e-05
	iters: 100, epoch: 13 | loss: 0.4918184
	speed: 0.2940s/iter; left time: 7318.7619s
	iters: 200, epoch: 13 | loss: 0.5142100
	speed: 0.1276s/iter; left time: 3162.9589s
Epoch: 13 cost time: 36.2198441028595
Epoch: 13, Steps: 284 | Train Loss: 0.5880430 Vali Loss: 0.5681275 Test Loss: 0.2502197
Validation loss decreased (0.574552 --> 0.568127).  Saving model ...
Updating learning rate to 3.486784401000001e-05
	iters: 100, epoch: 14 | loss: 0.5869973
	speed: 0.2944s/iter; left time: 7243.7744s
	iters: 200, epoch: 14 | loss: 0.5295752
	speed: 0.1276s/iter; left time: 3126.7550s
Epoch: 14 cost time: 36.22483682632446
Epoch: 14, Steps: 284 | Train Loss: 0.5834995 Vali Loss: 0.5656658 Test Loss: 0.2487322
Validation loss decreased (0.568127 --> 0.565666).  Saving model ...
Updating learning rate to 3.138105960900001e-05
	iters: 100, epoch: 15 | loss: 0.5336002
	speed: 0.2944s/iter; left time: 7160.4679s
	iters: 200, epoch: 15 | loss: 0.6068735
	speed: 0.1275s/iter; left time: 3089.7453s
Epoch: 15 cost time: 36.21260857582092
Epoch: 15, Steps: 284 | Train Loss: 0.5794377 Vali Loss: 0.5613621 Test Loss: 0.2473853
Validation loss decreased (0.565666 --> 0.561362).  Saving model ...
Updating learning rate to 2.824295364810001e-05
	iters: 100, epoch: 16 | loss: 0.5101416
	speed: 0.2940s/iter; left time: 7068.7935s
	iters: 200, epoch: 16 | loss: 0.4822541
	speed: 0.1276s/iter; left time: 3053.6863s
Epoch: 16 cost time: 36.21929216384888
Epoch: 16, Steps: 284 | Train Loss: 0.5758538 Vali Loss: 0.5573219 Test Loss: 0.2462099
Validation loss decreased (0.561362 --> 0.557322).  Saving model ...
Updating learning rate to 2.541865828329001e-05
	iters: 100, epoch: 17 | loss: 0.4634120
	speed: 0.2942s/iter; left time: 6990.2063s
	iters: 200, epoch: 17 | loss: 0.5627590
	speed: 0.1276s/iter; left time: 3017.9009s
Epoch: 17 cost time: 36.21718955039978
Epoch: 17, Steps: 284 | Train Loss: 0.5726387 Vali Loss: 0.5559655 Test Loss: 0.2451105
Validation loss decreased (0.557322 --> 0.555966).  Saving model ...
Updating learning rate to 2.287679245496101e-05
	iters: 100, epoch: 18 | loss: 0.5136840
	speed: 0.2949s/iter; left time: 6922.9263s
	iters: 200, epoch: 18 | loss: 0.4950870
	speed: 0.1275s/iter; left time: 2980.6419s
Epoch: 18 cost time: 36.22211980819702
Epoch: 18, Steps: 284 | Train Loss: 0.5698163 Vali Loss: 0.5519058 Test Loss: 0.2441450
Validation loss decreased (0.555966 --> 0.551906).  Saving model ...
Updating learning rate to 2.0589113209464907e-05
	iters: 100, epoch: 19 | loss: 0.5437232
	speed: 0.2941s/iter; left time: 6818.7998s
	iters: 200, epoch: 19 | loss: 0.7396288
	speed: 0.1275s/iter; left time: 2943.5642s
Epoch: 19 cost time: 36.20185470581055
Epoch: 19, Steps: 284 | Train Loss: 0.5668175 Vali Loss: 0.5514541 Test Loss: 0.2432449
Validation loss decreased (0.551906 --> 0.551454).  Saving model ...
Updating learning rate to 1.8530201888518416e-05
	iters: 100, epoch: 20 | loss: 0.4897373
	speed: 0.2941s/iter; left time: 6735.4838s
	iters: 200, epoch: 20 | loss: 0.5844694
	speed: 0.1275s/iter; left time: 2907.3057s
Epoch: 20 cost time: 36.20323157310486
Epoch: 20, Steps: 284 | Train Loss: 0.5650370 Vali Loss: 0.5489076 Test Loss: 0.2424678
Validation loss decreased (0.551454 --> 0.548908).  Saving model ...
Updating learning rate to 1.6677181699666577e-05
	iters: 100, epoch: 21 | loss: 0.6036339
	speed: 0.2943s/iter; left time: 6657.8714s
	iters: 200, epoch: 21 | loss: 0.5651570
	speed: 0.1275s/iter; left time: 2871.2140s
Epoch: 21 cost time: 36.21076726913452
Epoch: 21, Steps: 284 | Train Loss: 0.5629901 Vali Loss: 0.5475785 Test Loss: 0.2417494
Validation loss decreased (0.548908 --> 0.547579).  Saving model ...
Updating learning rate to 1.5009463529699919e-05
	iters: 100, epoch: 22 | loss: 0.4648451
	speed: 0.2943s/iter; left time: 6573.9418s
	iters: 200, epoch: 22 | loss: 0.4690712
	speed: 0.1275s/iter; left time: 2834.4432s
Epoch: 22 cost time: 36.21821475028992
Epoch: 22, Steps: 284 | Train Loss: 0.5612163 Vali Loss: 0.5462312 Test Loss: 0.2411062
Validation loss decreased (0.547579 --> 0.546231).  Saving model ...
Updating learning rate to 1.3508517176729929e-05
	iters: 100, epoch: 23 | loss: 0.7267868
	speed: 0.2941s/iter; left time: 6486.2762s
	iters: 200, epoch: 23 | loss: 0.4948929
	speed: 0.1275s/iter; left time: 2798.5576s
Epoch: 23 cost time: 36.210776805877686
Epoch: 23, Steps: 284 | Train Loss: 0.5595909 Vali Loss: 0.5430639 Test Loss: 0.2405304
Validation loss decreased (0.546231 --> 0.543064).  Saving model ...
Updating learning rate to 1.2157665459056936e-05
	iters: 100, epoch: 24 | loss: 0.4584599
	speed: 0.2942s/iter; left time: 6405.3658s
	iters: 200, epoch: 24 | loss: 0.5012758
	speed: 0.1275s/iter; left time: 2762.0160s
Epoch: 24 cost time: 36.21422839164734
Epoch: 24, Steps: 284 | Train Loss: 0.5582288 Vali Loss: 0.5437155 Test Loss: 0.2400169
EarlyStopping counter: 1 out of 20
Updating learning rate to 1.0941898913151242e-05
	iters: 100, epoch: 25 | loss: 0.4727783
	speed: 0.2937s/iter; left time: 6310.6980s
	iters: 200, epoch: 25 | loss: 0.4889067
	speed: 0.1275s/iter; left time: 2725.8776s
Epoch: 25 cost time: 36.21522283554077
Epoch: 25, Steps: 284 | Train Loss: 0.5567735 Vali Loss: 0.5416865 Test Loss: 0.2395475
Validation loss decreased (0.543064 --> 0.541687).  Saving model ...
Updating learning rate to 9.847709021836118e-06
	iters: 100, epoch: 26 | loss: 0.4768012
	speed: 0.2944s/iter; left time: 6240.7271s
	iters: 200, epoch: 26 | loss: 0.5445753
	speed: 0.1275s/iter; left time: 2689.9003s
Epoch: 26 cost time: 36.21445345878601
Epoch: 26, Steps: 284 | Train Loss: 0.5553641 Vali Loss: 0.5403722 Test Loss: 0.2391351
Validation loss decreased (0.541687 --> 0.540372).  Saving model ...
Updating learning rate to 8.862938119652508e-06
	iters: 100, epoch: 27 | loss: 0.5943208
	speed: 0.2944s/iter; left time: 6157.5714s
	iters: 200, epoch: 27 | loss: 0.4441509
	speed: 0.1275s/iter; left time: 2653.6921s
Epoch: 27 cost time: 36.21122908592224
Epoch: 27, Steps: 284 | Train Loss: 0.5547807 Vali Loss: 0.5375923 Test Loss: 0.2387665
Validation loss decreased (0.540372 --> 0.537592).  Saving model ...
Updating learning rate to 7.976644307687255e-06
	iters: 100, epoch: 28 | loss: 0.5015479
	speed: 0.2942s/iter; left time: 6069.3849s
	iters: 200, epoch: 28 | loss: 0.5115452
	speed: 0.1275s/iter; left time: 2617.0111s
Epoch: 28 cost time: 36.213364362716675
Epoch: 28, Steps: 284 | Train Loss: 0.5537676 Vali Loss: 0.5389155 Test Loss: 0.2384220
EarlyStopping counter: 1 out of 20
Updating learning rate to 7.178979876918531e-06
	iters: 100, epoch: 29 | loss: 0.6833125
	speed: 0.2937s/iter; left time: 5976.1651s
	iters: 200, epoch: 29 | loss: 0.6026061
	speed: 0.1275s/iter; left time: 2581.3578s
Epoch: 29 cost time: 36.21643805503845
Epoch: 29, Steps: 284 | Train Loss: 0.5529723 Vali Loss: 0.5344686 Test Loss: 0.2381397
Validation loss decreased (0.537592 --> 0.534469).  Saving model ...
Updating learning rate to 6.4610818892266776e-06
	iters: 100, epoch: 30 | loss: 0.4497566
	speed: 0.2943s/iter; left time: 5905.5102s
	iters: 200, epoch: 30 | loss: 0.5791829
	speed: 0.1275s/iter; left time: 2545.1532s
Epoch: 30 cost time: 36.211045265197754
Epoch: 30, Steps: 284 | Train Loss: 0.5522460 Vali Loss: 0.5380270 Test Loss: 0.2378591
EarlyStopping counter: 1 out of 20
Updating learning rate to 5.8149737003040096e-06
	iters: 100, epoch: 31 | loss: 0.4886404
	speed: 0.2938s/iter; left time: 5811.6648s
	iters: 200, epoch: 31 | loss: 0.4925292
	speed: 0.1275s/iter; left time: 2508.7775s
Epoch: 31 cost time: 36.21294641494751
Epoch: 31, Steps: 284 | Train Loss: 0.5515740 Vali Loss: 0.5364011 Test Loss: 0.2376154
EarlyStopping counter: 2 out of 20
Updating learning rate to 5.23347633027361e-06
	iters: 100, epoch: 32 | loss: 0.4066021
	speed: 0.2937s/iter; left time: 5726.6084s
	iters: 200, epoch: 32 | loss: 0.4591862
	speed: 0.1275s/iter; left time: 2473.3202s
Epoch: 32 cost time: 36.22245144844055
Epoch: 32, Steps: 284 | Train Loss: 0.5510201 Vali Loss: 0.5372007 Test Loss: 0.2373848
EarlyStopping counter: 3 out of 20
Updating learning rate to 4.710128697246249e-06
	iters: 100, epoch: 33 | loss: 0.4486483
	speed: 0.2939s/iter; left time: 5646.9861s
	iters: 200, epoch: 33 | loss: 0.4199053
	speed: 0.1276s/iter; left time: 2438.1959s
Epoch: 33 cost time: 36.229024171829224
Epoch: 33, Steps: 284 | Train Loss: 0.5504968 Vali Loss: 0.5362555 Test Loss: 0.2371761
EarlyStopping counter: 4 out of 20
Updating learning rate to 4.239115827521624e-06
	iters: 100, epoch: 34 | loss: 0.4999165
	speed: 0.2941s/iter; left time: 5567.7235s
	iters: 200, epoch: 34 | loss: 0.4878771
	speed: 0.1276s/iter; left time: 2401.9267s
Epoch: 34 cost time: 36.23472714424133
Epoch: 34, Steps: 284 | Train Loss: 0.5500677 Vali Loss: 0.5366177 Test Loss: 0.2370042
EarlyStopping counter: 5 out of 20
Updating learning rate to 3.815204244769462e-06
	iters: 100, epoch: 35 | loss: 0.5581366
	speed: 0.2940s/iter; left time: 5482.1482s
	iters: 200, epoch: 35 | loss: 0.5311889
	speed: 0.1276s/iter; left time: 2366.0936s
Epoch: 35 cost time: 36.2411527633667
Epoch: 35, Steps: 284 | Train Loss: 0.5495182 Vali Loss: 0.5343819 Test Loss: 0.2368384
Validation loss decreased (0.534469 --> 0.534382).  Saving model ...
Updating learning rate to 3.4336838202925152e-06
	iters: 100, epoch: 36 | loss: 0.4287356
	speed: 0.2947s/iter; left time: 5411.0393s
	iters: 200, epoch: 36 | loss: 0.5774452
	speed: 0.1276s/iter; left time: 2330.3470s
Epoch: 36 cost time: 36.24398970603943
Epoch: 36, Steps: 284 | Train Loss: 0.5492737 Vali Loss: 0.5328591 Test Loss: 0.2366999
Validation loss decreased (0.534382 --> 0.532859).  Saving model ...
Updating learning rate to 3.090315438263264e-06
	iters: 100, epoch: 37 | loss: 0.5672703
	speed: 0.2981s/iter; left time: 5388.0904s
	iters: 200, epoch: 37 | loss: 0.5927269
	speed: 0.1277s/iter; left time: 2295.5209s
Epoch: 37 cost time: 36.27787399291992
Epoch: 37, Steps: 284 | Train Loss: 0.5488951 Vali Loss: 0.5313119 Test Loss: 0.2365698
Validation loss decreased (0.532859 --> 0.531312).  Saving model ...
Updating learning rate to 2.7812838944369375e-06
	iters: 100, epoch: 38 | loss: 0.5835510
	speed: 0.2947s/iter; left time: 5243.7578s
	iters: 200, epoch: 38 | loss: 0.5515906
	speed: 0.1278s/iter; left time: 2260.5870s
Epoch: 38 cost time: 36.28370451927185
Epoch: 38, Steps: 284 | Train Loss: 0.5485884 Vali Loss: 0.5339170 Test Loss: 0.2364581
EarlyStopping counter: 1 out of 20
Updating learning rate to 2.503155504993244e-06
	iters: 100, epoch: 39 | loss: 0.6391242
	speed: 0.2942s/iter; left time: 5151.2573s
	iters: 200, epoch: 39 | loss: 0.5760640
	speed: 0.1277s/iter; left time: 2223.6926s
Epoch: 39 cost time: 36.27125906944275
Epoch: 39, Steps: 284 | Train Loss: 0.5483115 Vali Loss: 0.5320523 Test Loss: 0.2363483
EarlyStopping counter: 2 out of 20
Updating learning rate to 2.2528399544939195e-06
	iters: 100, epoch: 40 | loss: 0.4936373
	speed: 0.2942s/iter; left time: 5068.2905s
	iters: 200, epoch: 40 | loss: 0.4393919
	speed: 0.1278s/iter; left time: 2189.0480s
Epoch: 40 cost time: 36.286264419555664
Epoch: 40, Steps: 284 | Train Loss: 0.5479774 Vali Loss: 0.5317380 Test Loss: 0.2362458
EarlyStopping counter: 3 out of 20
Updating learning rate to 2.0275559590445276e-06
	iters: 100, epoch: 41 | loss: 0.4600308
	speed: 0.2943s/iter; left time: 4985.8904s
	iters: 200, epoch: 41 | loss: 0.7159316
	speed: 0.1278s/iter; left time: 2152.6449s
Epoch: 41 cost time: 36.28484487533569
Epoch: 41, Steps: 284 | Train Loss: 0.5477922 Vali Loss: 0.5348638 Test Loss: 0.2361613
EarlyStopping counter: 4 out of 20
Updating learning rate to 1.8248003631400751e-06
	iters: 100, epoch: 42 | loss: 0.8203567
	speed: 0.2945s/iter; left time: 4905.7969s
	iters: 200, epoch: 42 | loss: 0.5122700
	speed: 0.1280s/iter; left time: 2119.2125s
Epoch: 42 cost time: 36.33785915374756
Epoch: 42, Steps: 284 | Train Loss: 0.5476120 Vali Loss: 0.5318936 Test Loss: 0.2360835
EarlyStopping counter: 5 out of 20
Updating learning rate to 1.6423203268260676e-06
	iters: 100, epoch: 43 | loss: 0.7053675
	speed: 0.2946s/iter; left time: 4823.7247s
	iters: 200, epoch: 43 | loss: 0.4991916
	speed: 0.1280s/iter; left time: 2083.2614s
Epoch: 43 cost time: 36.340099573135376
Epoch: 43, Steps: 284 | Train Loss: 0.5474735 Vali Loss: 0.5329578 Test Loss: 0.2360226
EarlyStopping counter: 6 out of 20
Updating learning rate to 1.4780882941434609e-06
	iters: 100, epoch: 44 | loss: 0.6645530
	speed: 0.2947s/iter; left time: 4741.0241s
	iters: 200, epoch: 44 | loss: 0.4283544
	speed: 0.1280s/iter; left time: 2046.6309s
Epoch: 44 cost time: 36.332664489746094
Epoch: 44, Steps: 284 | Train Loss: 0.5473564 Vali Loss: 0.5317736 Test Loss: 0.2359626
EarlyStopping counter: 7 out of 20
Updating learning rate to 1.3302794647291146e-06
	iters: 100, epoch: 45 | loss: 0.4401187
	speed: 0.2947s/iter; left time: 4658.4382s
	iters: 200, epoch: 45 | loss: 0.8208098
	speed: 0.1280s/iter; left time: 2009.8372s
Epoch: 45 cost time: 36.33386492729187
Epoch: 45, Steps: 284 | Train Loss: 0.5471828 Vali Loss: 0.5336314 Test Loss: 0.2358991
EarlyStopping counter: 8 out of 20
Updating learning rate to 1.1972515182562034e-06
	iters: 100, epoch: 46 | loss: 0.5653747
	speed: 0.2948s/iter; left time: 4575.3321s
	iters: 200, epoch: 46 | loss: 0.5863145
	speed: 0.1279s/iter; left time: 1972.0476s
Epoch: 46 cost time: 36.32327151298523
Epoch: 46, Steps: 284 | Train Loss: 0.5469883 Vali Loss: 0.5327947 Test Loss: 0.2358525
EarlyStopping counter: 9 out of 20
Updating learning rate to 1.077526366430583e-06
	iters: 100, epoch: 47 | loss: 0.6676638
	speed: 0.2946s/iter; left time: 4488.0841s
	iters: 200, epoch: 47 | loss: 0.6850027
	speed: 0.1279s/iter; left time: 1936.4061s
Epoch: 47 cost time: 36.32828092575073
Epoch: 47, Steps: 284 | Train Loss: 0.5468725 Vali Loss: 0.5308703 Test Loss: 0.2358167
Validation loss decreased (0.531312 --> 0.530870).  Saving model ...
Updating learning rate to 9.697737297875248e-07
	iters: 100, epoch: 48 | loss: 0.7040223
	speed: 0.2952s/iter; left time: 4413.9340s
	iters: 200, epoch: 48 | loss: 0.7349619
	speed: 0.1278s/iter; left time: 1898.6883s
Epoch: 48 cost time: 36.31554675102234
Epoch: 48, Steps: 284 | Train Loss: 0.5468046 Vali Loss: 0.5305194 Test Loss: 0.2357626
Validation loss decreased (0.530870 --> 0.530519).  Saving model ...
Updating learning rate to 8.727963568087723e-07
	iters: 100, epoch: 49 | loss: 0.5711025
	speed: 0.2952s/iter; left time: 4330.9353s
	iters: 200, epoch: 49 | loss: 0.6407759
	speed: 0.1278s/iter; left time: 1862.0341s
Epoch: 49 cost time: 36.314778327941895
Epoch: 49, Steps: 284 | Train Loss: 0.5466712 Vali Loss: 0.5311896 Test Loss: 0.2357369
EarlyStopping counter: 1 out of 20
Updating learning rate to 7.855167211278951e-07
	iters: 100, epoch: 50 | loss: 0.8070272
	speed: 0.2947s/iter; left time: 4238.8414s
	iters: 200, epoch: 50 | loss: 0.4508717
	speed: 0.1278s/iter; left time: 1825.7511s
Epoch: 50 cost time: 36.3131365776062
Epoch: 50, Steps: 284 | Train Loss: 0.5462559 Vali Loss: 0.5320760 Test Loss: 0.2357023
EarlyStopping counter: 2 out of 20
Updating learning rate to 7.069650490151056e-07
	iters: 100, epoch: 51 | loss: 0.5323609
	speed: 0.2945s/iter; left time: 4152.3630s
	iters: 200, epoch: 51 | loss: 0.4539715
	speed: 0.1278s/iter; left time: 1789.0677s
Epoch: 51 cost time: 36.29819107055664
Epoch: 51, Steps: 284 | Train Loss: 0.5465085 Vali Loss: 0.5302587 Test Loss: 0.2356735
Validation loss decreased (0.530519 --> 0.530259).  Saving model ...
Updating learning rate to 6.36268544113595e-07
	iters: 100, epoch: 52 | loss: 0.4401470
	speed: 0.2949s/iter; left time: 4074.6751s
	iters: 200, epoch: 52 | loss: 0.4958839
	speed: 0.1278s/iter; left time: 1752.5740s
Epoch: 52 cost time: 36.29320764541626
Epoch: 52, Steps: 284 | Train Loss: 0.5465301 Vali Loss: 0.5322175 Test Loss: 0.2356402
EarlyStopping counter: 1 out of 20
Updating learning rate to 5.726416897022355e-07
	iters: 100, epoch: 53 | loss: 0.5613459
	speed: 0.2945s/iter; left time: 3985.0786s
	iters: 200, epoch: 53 | loss: 0.5545288
	speed: 0.1278s/iter; left time: 1716.1379s
Epoch: 53 cost time: 36.2884464263916
Epoch: 53, Steps: 284 | Train Loss: 0.5464348 Vali Loss: 0.5324842 Test Loss: 0.2356197
EarlyStopping counter: 2 out of 20
Updating learning rate to 5.15377520732012e-07
	iters: 100, epoch: 54 | loss: 0.6021998
	speed: 0.2945s/iter; left time: 3901.3437s
	iters: 200, epoch: 54 | loss: 0.5397642
	speed: 0.1277s/iter; left time: 1679.5916s
Epoch: 54 cost time: 36.28684639930725
Epoch: 54, Steps: 284 | Train Loss: 0.5462995 Vali Loss: 0.5306738 Test Loss: 0.2355965
EarlyStopping counter: 3 out of 20
Updating learning rate to 4.6383976865881085e-07
	iters: 100, epoch: 55 | loss: 0.5085790
	speed: 0.2946s/iter; left time: 3819.8478s
	iters: 200, epoch: 55 | loss: 0.4539655
	speed: 0.1278s/iter; left time: 1643.5912s
Epoch: 55 cost time: 36.29510951042175
Epoch: 55, Steps: 284 | Train Loss: 0.5462882 Vali Loss: 0.5311009 Test Loss: 0.2355833
EarlyStopping counter: 4 out of 20
Updating learning rate to 4.174557917929298e-07
	iters: 100, epoch: 56 | loss: 0.5040349
	speed: 0.2945s/iter; left time: 3734.0788s
	iters: 200, epoch: 56 | loss: 0.4558879
	speed: 0.1278s/iter; left time: 1607.5711s
Epoch: 56 cost time: 36.293238401412964
Epoch: 56, Steps: 284 | Train Loss: 0.5462295 Vali Loss: 0.5287461 Test Loss: 0.2355693
Validation loss decreased (0.530259 --> 0.528746).  Saving model ...
Updating learning rate to 3.7571021261363677e-07
	iters: 100, epoch: 57 | loss: 0.4634724
	speed: 0.2960s/iter; left time: 3669.5162s
	iters: 200, epoch: 57 | loss: 0.5294611
	speed: 0.1275s/iter; left time: 1568.4361s
Epoch: 57 cost time: 36.227346897125244
Epoch: 57, Steps: 284 | Train Loss: 0.5461853 Vali Loss: 0.5300142 Test Loss: 0.2355490
EarlyStopping counter: 1 out of 20
Updating learning rate to 3.381391913522731e-07
	iters: 100, epoch: 58 | loss: 0.5620571
	speed: 0.2943s/iter; left time: 3565.3826s
	iters: 200, epoch: 58 | loss: 0.6868003
	speed: 0.1275s/iter; left time: 1532.0788s
Epoch: 58 cost time: 36.22599148750305
Epoch: 58, Steps: 284 | Train Loss: 0.5462300 Vali Loss: 0.5299265 Test Loss: 0.2355297
EarlyStopping counter: 2 out of 20
Updating learning rate to 3.043252722170458e-07
	iters: 100, epoch: 59 | loss: 0.4489143
	speed: 0.2944s/iter; left time: 3482.9809s
	iters: 200, epoch: 59 | loss: 0.4480975
	speed: 0.1276s/iter; left time: 1496.4295s
Epoch: 59 cost time: 36.227609157562256
Epoch: 59, Steps: 284 | Train Loss: 0.5461508 Vali Loss: 0.5336914 Test Loss: 0.2355086
EarlyStopping counter: 3 out of 20
Updating learning rate to 2.7389274499534124e-07
	iters: 100, epoch: 60 | loss: 0.4529791
	speed: 0.2942s/iter; left time: 3396.1244s
	iters: 200, epoch: 60 | loss: 0.6867939
	speed: 0.1275s/iter; left time: 1459.4829s
Epoch: 60 cost time: 36.22103786468506
Epoch: 60, Steps: 284 | Train Loss: 0.5460891 Vali Loss: 0.5300772 Test Loss: 0.2355112
EarlyStopping counter: 4 out of 20
Updating learning rate to 2.465034704958071e-07
	iters: 100, epoch: 61 | loss: 0.4907494
	speed: 0.2943s/iter; left time: 3313.8282s
	iters: 200, epoch: 61 | loss: 0.6621423
	speed: 0.1275s/iter; left time: 1422.5370s
Epoch: 61 cost time: 36.206034898757935
Epoch: 61, Steps: 284 | Train Loss: 0.5460455 Vali Loss: 0.5319644 Test Loss: 0.2355103
EarlyStopping counter: 5 out of 20
Updating learning rate to 2.218531234462264e-07
	iters: 100, epoch: 62 | loss: 0.4532899
	speed: 0.2943s/iter; left time: 3230.4932s
	iters: 200, epoch: 62 | loss: 0.6722898
	speed: 0.1275s/iter; left time: 1386.6564s
Epoch: 62 cost time: 36.2149133682251
Epoch: 62, Steps: 284 | Train Loss: 0.5461300 Vali Loss: 0.5327992 Test Loss: 0.2354899
EarlyStopping counter: 6 out of 20
Updating learning rate to 1.9966781110160376e-07
	iters: 100, epoch: 63 | loss: 0.5077162
	speed: 0.2940s/iter; left time: 3143.2515s
	iters: 200, epoch: 63 | loss: 0.5666845
	speed: 0.1275s/iter; left time: 1350.6721s
Epoch: 63 cost time: 36.21503520011902
Epoch: 63, Steps: 284 | Train Loss: 0.5459806 Vali Loss: 0.5307032 Test Loss: 0.2354802
EarlyStopping counter: 7 out of 20
Updating learning rate to 1.797010299914434e-07
	iters: 100, epoch: 64 | loss: 0.4884307
	speed: 0.2941s/iter; left time: 3061.1637s
	iters: 200, epoch: 64 | loss: 0.6197031
	speed: 0.1276s/iter; left time: 1315.0683s
Epoch: 64 cost time: 36.23284387588501
Epoch: 64, Steps: 284 | Train Loss: 0.5460328 Vali Loss: 0.5323550 Test Loss: 0.2354721
EarlyStopping counter: 8 out of 20
Updating learning rate to 1.6173092699229907e-07
	iters: 100, epoch: 65 | loss: 0.5445558
	speed: 0.2942s/iter; left time: 2978.9396s
	iters: 200, epoch: 65 | loss: 0.5513679
	speed: 0.1275s/iter; left time: 1278.6628s
Epoch: 65 cost time: 36.23227548599243
Epoch: 65, Steps: 284 | Train Loss: 0.5459934 Vali Loss: 0.5285319 Test Loss: 0.2354696
Validation loss decreased (0.528746 --> 0.528532).  Saving model ...
Updating learning rate to 1.4555783429306916e-07
	iters: 100, epoch: 66 | loss: 0.4552207
	speed: 0.2942s/iter; left time: 2895.6730s
	iters: 200, epoch: 66 | loss: 0.4710066
	speed: 0.1276s/iter; left time: 1242.5287s
Epoch: 66 cost time: 36.23237681388855
Epoch: 66, Steps: 284 | Train Loss: 0.5459716 Vali Loss: 0.5297747 Test Loss: 0.2354639
EarlyStopping counter: 1 out of 20
Updating learning rate to 1.3100205086376224e-07
	iters: 100, epoch: 67 | loss: 0.5466564
	speed: 0.2941s/iter; left time: 2810.6849s
	iters: 200, epoch: 67 | loss: 0.6167881
	speed: 0.1276s/iter; left time: 1206.2965s
Epoch: 67 cost time: 36.239484548568726
Epoch: 67, Steps: 284 | Train Loss: 0.5459534 Vali Loss: 0.5317140 Test Loss: 0.2354649
EarlyStopping counter: 2 out of 20
Updating learning rate to 1.1790184577738603e-07
	iters: 100, epoch: 68 | loss: 0.5874982
	speed: 0.2942s/iter; left time: 2727.6961s
	iters: 200, epoch: 68 | loss: 0.6075368
	speed: 0.1276s/iter; left time: 1170.3112s
Epoch: 68 cost time: 36.24305295944214
Epoch: 68, Steps: 284 | Train Loss: 0.5459783 Vali Loss: 0.5282226 Test Loss: 0.2354545
Validation loss decreased (0.528532 --> 0.528223).  Saving model ...
Updating learning rate to 1.0611166119964742e-07
	iters: 100, epoch: 69 | loss: 0.5768793
	speed: 0.2965s/iter; left time: 2665.0995s
	iters: 200, epoch: 69 | loss: 0.6008216
	speed: 0.1275s/iter; left time: 1133.5173s
Epoch: 69 cost time: 36.22486233711243
Epoch: 69, Steps: 284 | Train Loss: 0.5458899 Vali Loss: 0.5318332 Test Loss: 0.2354489
EarlyStopping counter: 1 out of 20
Updating learning rate to 9.550049507968268e-08
	iters: 100, epoch: 70 | loss: 0.6082133
	speed: 0.2939s/iter; left time: 2558.4848s
	iters: 200, epoch: 70 | loss: 0.4297516
	speed: 0.1276s/iter; left time: 1097.6422s
Epoch: 70 cost time: 36.23863339424133
Epoch: 70, Steps: 284 | Train Loss: 0.5459517 Vali Loss: 0.5283458 Test Loss: 0.2354447
EarlyStopping counter: 2 out of 20
Updating learning rate to 8.595044557171442e-08
	iters: 100, epoch: 71 | loss: 0.6586846
	speed: 0.2940s/iter; left time: 2475.5913s
	iters: 200, epoch: 71 | loss: 0.4147677
	speed: 0.1275s/iter; left time: 1061.0875s
Epoch: 71 cost time: 36.22857713699341
Epoch: 71, Steps: 284 | Train Loss: 0.5458370 Vali Loss: 0.5285935 Test Loss: 0.2354375
EarlyStopping counter: 3 out of 20
Updating learning rate to 7.735540101454298e-08
	iters: 100, epoch: 72 | loss: 0.3913526
	speed: 0.2939s/iter; left time: 2391.8530s
	iters: 200, epoch: 72 | loss: 0.4699973
	speed: 0.1275s/iter; left time: 1024.7390s
Epoch: 72 cost time: 36.21644139289856
Epoch: 72, Steps: 284 | Train Loss: 0.5459417 Vali Loss: 0.5284089 Test Loss: 0.2354354
EarlyStopping counter: 4 out of 20
Updating learning rate to 6.961986091308869e-08
	iters: 100, epoch: 73 | loss: 0.5304852
	speed: 0.2940s/iter; left time: 2308.8295s
	iters: 200, epoch: 73 | loss: 0.5250291
	speed: 0.1276s/iter; left time: 989.2413s
Epoch: 73 cost time: 36.23601174354553
Epoch: 73, Steps: 284 | Train Loss: 0.5458455 Vali Loss: 0.5302389 Test Loss: 0.2354368
EarlyStopping counter: 5 out of 20
Updating learning rate to 6.265787482177981e-08
	iters: 100, epoch: 74 | loss: 0.4835256
	speed: 0.2937s/iter; left time: 2222.8853s
	iters: 200, epoch: 74 | loss: 0.4768670
	speed: 0.1276s/iter; left time: 952.7901s
Epoch: 74 cost time: 36.22614502906799
Epoch: 74, Steps: 284 | Train Loss: 0.5459494 Vali Loss: 0.5282630 Test Loss: 0.2354298
EarlyStopping counter: 6 out of 20
Updating learning rate to 5.639208733960184e-08
	iters: 100, epoch: 75 | loss: 0.5925002
	speed: 0.2938s/iter; left time: 2140.2288s
	iters: 200, epoch: 75 | loss: 0.7066672
	speed: 0.1275s/iter; left time: 916.1864s
Epoch: 75 cost time: 36.21655082702637
Epoch: 75, Steps: 284 | Train Loss: 0.5459598 Vali Loss: 0.5291843 Test Loss: 0.2354387
EarlyStopping counter: 7 out of 20
Updating learning rate to 5.075287860564165e-08
	iters: 100, epoch: 76 | loss: 0.6163394
	speed: 0.2938s/iter; left time: 2057.2034s
	iters: 200, epoch: 76 | loss: 0.4760475
	speed: 0.1276s/iter; left time: 880.3781s
Epoch: 76 cost time: 36.22078275680542
Epoch: 76, Steps: 284 | Train Loss: 0.5459349 Vali Loss: 0.5293993 Test Loss: 0.2354360
EarlyStopping counter: 8 out of 20
Updating learning rate to 4.567759074507749e-08
	iters: 100, epoch: 77 | loss: 0.6825406
	speed: 0.2938s/iter; left time: 1973.3165s
	iters: 200, epoch: 77 | loss: 0.5880679
	speed: 0.1275s/iter; left time: 843.8937s
Epoch: 77 cost time: 36.21370768547058
Epoch: 77, Steps: 284 | Train Loss: 0.5459562 Vali Loss: 0.5299087 Test Loss: 0.2354355
EarlyStopping counter: 9 out of 20
Updating learning rate to 4.1109831670569744e-08
	iters: 100, epoch: 78 | loss: 0.6264197
	speed: 0.2935s/iter; left time: 1888.2849s
	iters: 200, epoch: 78 | loss: 0.5256649
	speed: 0.1276s/iter; left time: 807.9600s
Epoch: 78 cost time: 36.21744155883789
Epoch: 78, Steps: 284 | Train Loss: 0.5458768 Vali Loss: 0.5299210 Test Loss: 0.2354362
EarlyStopping counter: 10 out of 20
Updating learning rate to 3.6998848503512764e-08
	iters: 100, epoch: 79 | loss: 0.4659806
	speed: 0.2937s/iter; left time: 1806.1434s
	iters: 200, epoch: 79 | loss: 0.4884103
	speed: 0.1276s/iter; left time: 771.8261s
Epoch: 79 cost time: 36.22202944755554
Epoch: 79, Steps: 284 | Train Loss: 0.5458656 Vali Loss: 0.5310136 Test Loss: 0.2354345
EarlyStopping counter: 11 out of 20
Updating learning rate to 3.3298963653161496e-08
	iters: 100, epoch: 80 | loss: 0.4877351
	speed: 0.2938s/iter; left time: 1723.2420s
	iters: 200, epoch: 80 | loss: 0.5391998
	speed: 0.1276s/iter; left time: 735.5812s
Epoch: 80 cost time: 36.21981358528137
Epoch: 80, Steps: 284 | Train Loss: 0.5459455 Vali Loss: 0.5276568 Test Loss: 0.2354353
Validation loss decreased (0.528223 --> 0.527657).  Saving model ...
Updating learning rate to 2.996906728784534e-08
	iters: 100, epoch: 81 | loss: 0.4489390
	speed: 0.2944s/iter; left time: 1642.8021s
	iters: 200, epoch: 81 | loss: 0.5277611
	speed: 0.1276s/iter; left time: 699.1655s
Epoch: 81 cost time: 36.21868562698364
Epoch: 81, Steps: 284 | Train Loss: 0.5458871 Vali Loss: 0.5301263 Test Loss: 0.2354324
EarlyStopping counter: 1 out of 20
Updating learning rate to 2.697216055906081e-08
	iters: 100, epoch: 82 | loss: 0.4621906
	speed: 0.2938s/iter; left time: 1556.4432s
	iters: 200, epoch: 82 | loss: 0.4400244
	speed: 0.1276s/iter; left time: 662.9100s
Epoch: 82 cost time: 36.216673612594604
Epoch: 82, Steps: 284 | Train Loss: 0.5459343 Vali Loss: 0.5319000 Test Loss: 0.2354207
EarlyStopping counter: 2 out of 20
Updating learning rate to 2.427494450315473e-08
	iters: 100, epoch: 83 | loss: 0.4252651
	speed: 0.2937s/iter; left time: 1472.2419s
	iters: 200, epoch: 83 | loss: 0.5474616
	speed: 0.1276s/iter; left time: 626.9502s
Epoch: 83 cost time: 36.22506070137024
Epoch: 83, Steps: 284 | Train Loss: 0.5458510 Vali Loss: 0.5300044 Test Loss: 0.2354224
EarlyStopping counter: 3 out of 20
Updating learning rate to 2.1847450052839257e-08
	iters: 100, epoch: 84 | loss: 0.5662798
	speed: 0.2936s/iter; left time: 1388.6471s
	iters: 200, epoch: 84 | loss: 0.5335263
	speed: 0.1276s/iter; left time: 590.5876s
Epoch: 84 cost time: 36.22224140167236
Epoch: 84, Steps: 284 | Train Loss: 0.5459098 Vali Loss: 0.5319440 Test Loss: 0.2354206
EarlyStopping counter: 4 out of 20
Updating learning rate to 1.9662705047555332e-08
	iters: 100, epoch: 85 | loss: 0.6443511
	speed: 0.2938s/iter; left time: 1306.1083s
	iters: 200, epoch: 85 | loss: 0.5097573
	speed: 0.1276s/iter; left time: 554.4357s
Epoch: 85 cost time: 36.22909069061279
Epoch: 85, Steps: 284 | Train Loss: 0.5459253 Vali Loss: 0.5290125 Test Loss: 0.2354294
EarlyStopping counter: 5 out of 20
Updating learning rate to 1.7696434542799797e-08
	iters: 100, epoch: 86 | loss: 0.6359162
	speed: 0.2938s/iter; left time: 1222.4922s
	iters: 200, epoch: 86 | loss: 0.5439474
	speed: 0.1275s/iter; left time: 517.9613s
Epoch: 86 cost time: 36.2165412902832
Epoch: 86, Steps: 284 | Train Loss: 0.5458405 Vali Loss: 0.5322340 Test Loss: 0.2354221
EarlyStopping counter: 6 out of 20
Updating learning rate to 1.5926791088519817e-08
	iters: 100, epoch: 87 | loss: 0.4237602
	speed: 0.2937s/iter; left time: 1138.6263s
	iters: 200, epoch: 87 | loss: 0.6991901
	speed: 0.1276s/iter; left time: 481.8244s
Epoch: 87 cost time: 36.223257541656494
Epoch: 87, Steps: 284 | Train Loss: 0.5459168 Vali Loss: 0.5302325 Test Loss: 0.2354350
EarlyStopping counter: 7 out of 20
Updating learning rate to 1.4334111979667836e-08
	iters: 100, epoch: 88 | loss: 0.4553170
	speed: 0.2937s/iter; left time: 1055.3786s
	iters: 200, epoch: 88 | loss: 0.4591522
	speed: 0.1275s/iter; left time: 445.5151s
Epoch: 88 cost time: 36.22152304649353
Epoch: 88, Steps: 284 | Train Loss: 0.5458966 Vali Loss: 0.5310065 Test Loss: 0.2354259
EarlyStopping counter: 8 out of 20
Updating learning rate to 1.2900700781701054e-08
	iters: 100, epoch: 89 | loss: 0.5025890
	speed: 0.2938s/iter; left time: 972.2993s
	iters: 200, epoch: 89 | loss: 0.4549448
	speed: 0.1275s/iter; left time: 409.2107s
Epoch: 89 cost time: 36.22144651412964
Epoch: 89, Steps: 284 | Train Loss: 0.5458468 Vali Loss: 0.5277588 Test Loss: 0.2354336
EarlyStopping counter: 9 out of 20
Updating learning rate to 1.161063070353095e-08
	iters: 100, epoch: 90 | loss: 0.4415288
	speed: 0.2939s/iter; left time: 889.1742s
	iters: 200, epoch: 90 | loss: 0.5380870
	speed: 0.1275s/iter; left time: 373.0386s
Epoch: 90 cost time: 36.22783946990967
Epoch: 90, Steps: 284 | Train Loss: 0.5459507 Vali Loss: 0.5301123 Test Loss: 0.2354163
EarlyStopping counter: 10 out of 20
Updating learning rate to 1.0449567633177854e-08
	iters: 100, epoch: 91 | loss: 0.5361303
	speed: 0.2940s/iter; left time: 805.7193s
	iters: 200, epoch: 91 | loss: 0.4385761
	speed: 0.1275s/iter; left time: 336.7660s
Epoch: 91 cost time: 36.22782325744629
Epoch: 91, Steps: 284 | Train Loss: 0.5458771 Vali Loss: 0.5300984 Test Loss: 0.2354232
EarlyStopping counter: 11 out of 20
Updating learning rate to 9.404610869860069e-09
	iters: 100, epoch: 92 | loss: 0.6156245
	speed: 0.2938s/iter; left time: 721.9214s
	iters: 200, epoch: 92 | loss: 0.4308326
	speed: 0.1275s/iter; left time: 300.5914s
Epoch: 92 cost time: 36.23222517967224
Epoch: 92, Steps: 284 | Train Loss: 0.5459293 Vali Loss: 0.5299570 Test Loss: 0.2354255
EarlyStopping counter: 12 out of 20
Updating learning rate to 8.464149782874063e-09
	iters: 100, epoch: 93 | loss: 0.4897921
	speed: 0.2938s/iter; left time: 638.5300s
	iters: 200, epoch: 93 | loss: 0.4460497
	speed: 0.1275s/iter; left time: 264.4065s
Epoch: 93 cost time: 36.229530334472656
Epoch: 93, Steps: 284 | Train Loss: 0.5458255 Vali Loss: 0.5306340 Test Loss: 0.2354260
EarlyStopping counter: 13 out of 20
Updating learning rate to 7.617734804586658e-09
	iters: 100, epoch: 94 | loss: 0.4533491
	speed: 0.2940s/iter; left time: 555.4290s
	iters: 200, epoch: 94 | loss: 0.6017368
	speed: 0.1276s/iter; left time: 228.1995s
Epoch: 94 cost time: 36.23402690887451
Epoch: 94, Steps: 284 | Train Loss: 0.5458966 Vali Loss: 0.5296777 Test Loss: 0.2354260
EarlyStopping counter: 14 out of 20
Updating learning rate to 6.855961324127991e-09
	iters: 100, epoch: 95 | loss: 0.4444141
	speed: 0.2940s/iter; left time: 471.8269s
	iters: 200, epoch: 95 | loss: 0.8535975
	speed: 0.1275s/iter; left time: 191.9572s
Epoch: 95 cost time: 36.23123025894165
Epoch: 95, Steps: 284 | Train Loss: 0.5458716 Vali Loss: 0.5295405 Test Loss: 0.2354194
EarlyStopping counter: 15 out of 20
Updating learning rate to 6.170365191715193e-09
	iters: 100, epoch: 96 | loss: 0.4875511
	speed: 0.2939s/iter; left time: 388.1915s
	iters: 200, epoch: 96 | loss: 0.4691989
	speed: 0.1275s/iter; left time: 155.7247s
Epoch: 96 cost time: 36.22986936569214
Epoch: 96, Steps: 284 | Train Loss: 0.5458674 Vali Loss: 0.5301608 Test Loss: 0.2354373
EarlyStopping counter: 16 out of 20
Updating learning rate to 5.5533286725436726e-09
	iters: 100, epoch: 97 | loss: 0.5546998
	speed: 0.2940s/iter; left time: 304.8599s
	iters: 200, epoch: 97 | loss: 0.4368321
	speed: 0.1275s/iter; left time: 119.4952s
Epoch: 97 cost time: 36.2232403755188
Epoch: 97, Steps: 284 | Train Loss: 0.5459144 Vali Loss: 0.5311386 Test Loss: 0.2354272
EarlyStopping counter: 17 out of 20
Updating learning rate to 4.997995805289306e-09
	iters: 100, epoch: 98 | loss: 0.4619548
	speed: 0.2941s/iter; left time: 221.4287s
	iters: 200, epoch: 98 | loss: 0.4343381
	speed: 0.1275s/iter; left time: 83.2779s
Epoch: 98 cost time: 36.22377967834473
Epoch: 98, Steps: 284 | Train Loss: 0.5458646 Vali Loss: 0.5300320 Test Loss: 0.2354293
EarlyStopping counter: 18 out of 20
Updating learning rate to 4.498196224760375e-09
	iters: 100, epoch: 99 | loss: 0.4942138
	speed: 0.2943s/iter; left time: 138.0044s
	iters: 200, epoch: 99 | loss: 0.4720764
	speed: 0.1275s/iter; left time: 47.0578s
Epoch: 99 cost time: 36.22305512428284
Epoch: 99, Steps: 284 | Train Loss: 0.5458470 Vali Loss: 0.5286864 Test Loss: 0.2354307
EarlyStopping counter: 19 out of 20
Updating learning rate to 4.048376602284338e-09
	iters: 100, epoch: 100 | loss: 0.5579063
	speed: 0.2944s/iter; left time: 54.4592s
	iters: 200, epoch: 100 | loss: 0.5281359
	speed: 0.1275s/iter; left time: 10.8411s
Epoch: 100 cost time: 36.226651430130005
Epoch: 100, Steps: 284 | Train Loss: 0.5459075 Vali Loss: 0.5309297 Test Loss: 0.2354243
EarlyStopping counter: 20 out of 20
Early stopping
>>>>>>>testing : NL_weather_cms_lr0.0001_5steps_336_192_PatchTST_custom_ftM_sl336_ll48_pl192_dm128_nh16_el3_dl1_df256_fc1_ebtimeF_dtTruelr0.0001_pol5steps_Nested_Learning_0<<<<<<<<<<<<<<<<<<<<<<<<<<<<<<<<<
test 10348
 Ejecutando Inferencia DINÁMICA (Nested Learning con cms)
  -> Política: 5steps | LR: 0.0001 | Target: head

RESUMEN: El CMS se actualizó 16 veces de 80 posibles.

mse:0.23541952669620514, mae:0.28012025356292725, rse:0.6383176445960999
Args in experiment:
Namespace(random_seed=2021, is_training=1, model_id='NL_weather_cms_lr0.0001_5steps_336_336', model='PatchTST', data='custom', root_path='./dataset/', data_path='weather.csv', features='M', target='OT', freq='h', checkpoints='./checkpoints/', seq_len=336, label_len=48, pred_len=336, head_type='cms', cms_lr=0.0001, update_policy='5steps', fc_dropout=0.2, head_dropout=0.0, patch_len=16, stride=8, padding_patch='end', revin=1, affine=0, subtract_last=0, decomposition=0, kernel_size=25, individual=0, embed_type=0, enc_in=21, dec_in=7, c_out=7, d_model=128, n_heads=16, e_layers=3, d_layers=1, d_ff=256, moving_avg=25, factor=1, distil=True, dropout=0.2, embed='timeF', activation='gelu', output_attention=False, do_predict=False, num_workers=0, itr=1, train_epochs=100, batch_size=128, patience=20, learning_rate=0.0001, des='Nested_Learning', loss='mse', lradj='type3', pct_start=0.3, use_amp=False, use_gpu=True, gpu=0, use_multi_gpu=False, devices='0,1,2,3', test_flop=False)
Use GPU: cuda:0
>>>>>>>start training : NL_weather_cms_lr0.0001_5steps_336_336_PatchTST_custom_ftM_sl336_ll48_pl336_dm128_nh16_el3_dl1_df256_fc1_ebtimeF_dtTruelr0.0001_pol5steps_Nested_Learning_0>>>>>>>>>>>>>>>>>>>>>>>>>>
train 36216
val 4935
test 10204
	iters: 100, epoch: 1 | loss: 0.8740338
	speed: 0.1417s/iter; left time: 3982.5156s
	iters: 200, epoch: 1 | loss: 0.6780472
	speed: 0.1282s/iter; left time: 3589.3415s
Epoch: 1 cost time: 36.3753764629364
Epoch: 1, Steps: 282 | Train Loss: 0.7712859 Vali Loss: 0.7535701 Test Loss: 0.3234365
Validation loss decreased (inf --> 0.753570).  Saving model ...
Updating learning rate to 0.0001
	iters: 100, epoch: 2 | loss: 0.6413537
	speed: 0.2960s/iter; left time: 8234.7094s
	iters: 200, epoch: 2 | loss: 0.6410370
	speed: 0.1282s/iter; left time: 3554.1086s
Epoch: 2 cost time: 36.15290331840515
Epoch: 2, Steps: 282 | Train Loss: 0.7582087 Vali Loss: 0.7372511 Test Loss: 0.3186308
Validation loss decreased (0.753570 --> 0.737251).  Saving model ...
Updating learning rate to 0.0001
	iters: 100, epoch: 3 | loss: 0.9038645
	speed: 0.2953s/iter; left time: 8131.7937s
	iters: 200, epoch: 3 | loss: 0.7278942
	speed: 0.1283s/iter; left time: 3519.0440s
Epoch: 3 cost time: 36.162957191467285
Epoch: 3, Steps: 282 | Train Loss: 0.7386597 Vali Loss: 0.7223105 Test Loss: 0.3150874
Validation loss decreased (0.737251 --> 0.722311).  Saving model ...
Updating learning rate to 0.0001
	iters: 100, epoch: 4 | loss: 0.6715759
	speed: 0.2952s/iter; left time: 8045.7646s
	iters: 200, epoch: 4 | loss: 0.6746550
	speed: 0.1284s/iter; left time: 3485.6858s
Epoch: 4 cost time: 36.187506437301636
Epoch: 4, Steps: 282 | Train Loss: 0.7240812 Vali Loss: 0.7137987 Test Loss: 0.3120842
Validation loss decreased (0.722311 --> 0.713799).  Saving model ...
Updating learning rate to 9e-05
	iters: 100, epoch: 5 | loss: 0.7198508
	speed: 0.2954s/iter; left time: 7968.4303s
	iters: 200, epoch: 5 | loss: 0.6794372
	speed: 0.1283s/iter; left time: 3448.2883s
Epoch: 5 cost time: 36.18746471405029
Epoch: 5, Steps: 282 | Train Loss: 0.7102879 Vali Loss: 0.7035013 Test Loss: 0.3094829
Validation loss decreased (0.713799 --> 0.703501).  Saving model ...
Updating learning rate to 8.1e-05
	iters: 100, epoch: 6 | loss: 0.6550003
	speed: 0.2961s/iter; left time: 7904.3452s
	iters: 200, epoch: 6 | loss: 0.6826877
	speed: 0.1283s/iter; left time: 3410.7127s
Epoch: 6 cost time: 36.1783230304718
Epoch: 6, Steps: 282 | Train Loss: 0.7005946 Vali Loss: 0.6964518 Test Loss: 0.3072267
Validation loss decreased (0.703501 --> 0.696452).  Saving model ...
Updating learning rate to 7.290000000000001e-05
	iters: 100, epoch: 7 | loss: 0.6268625
	speed: 0.2953s/iter; left time: 7799.2625s
	iters: 200, epoch: 7 | loss: 0.6027457
	speed: 0.1283s/iter; left time: 3375.2460s
Epoch: 7 cost time: 36.18772101402283
Epoch: 7, Steps: 282 | Train Loss: 0.6923657 Vali Loss: 0.6913652 Test Loss: 0.3052831
Validation loss decreased (0.696452 --> 0.691365).  Saving model ...
Updating learning rate to 6.561e-05
	iters: 100, epoch: 8 | loss: 0.6622774
	speed: 0.2954s/iter; left time: 7719.0157s
	iters: 200, epoch: 8 | loss: 0.7013002
	speed: 0.1283s/iter; left time: 3340.2412s
Epoch: 8 cost time: 36.20493006706238
Epoch: 8, Steps: 282 | Train Loss: 0.6852088 Vali Loss: 0.6839967 Test Loss: 0.3035779
Validation loss decreased (0.691365 --> 0.683997).  Saving model ...
Updating learning rate to 5.904900000000001e-05
	iters: 100, epoch: 9 | loss: 0.6233189
	speed: 0.2958s/iter; left time: 7644.0504s
	iters: 200, epoch: 9 | loss: 0.7775642
	speed: 0.1285s/iter; left time: 3308.5877s
Epoch: 9 cost time: 36.25926375389099
Epoch: 9, Steps: 282 | Train Loss: 0.6797414 Vali Loss: 0.6810385 Test Loss: 0.3020715
Validation loss decreased (0.683997 --> 0.681038).  Saving model ...
Updating learning rate to 5.3144100000000005e-05
	iters: 100, epoch: 10 | loss: 0.6472657
	speed: 0.2958s/iter; left time: 7560.6236s
	iters: 200, epoch: 10 | loss: 0.5848090
	speed: 0.1286s/iter; left time: 3273.6523s
Epoch: 10 cost time: 36.26150417327881
Epoch: 10, Steps: 282 | Train Loss: 0.6745063 Vali Loss: 0.6767564 Test Loss: 0.3007608
Validation loss decreased (0.681038 --> 0.676756).  Saving model ...
Updating learning rate to 4.782969000000001e-05
	iters: 100, epoch: 11 | loss: 0.6664801
	speed: 0.2960s/iter; left time: 7482.3069s
	iters: 200, epoch: 11 | loss: 0.6625676
	speed: 0.1286s/iter; left time: 3237.6780s
Epoch: 11 cost time: 36.26162528991699
Epoch: 11, Steps: 282 | Train Loss: 0.6701788 Vali Loss: 0.6752383 Test Loss: 0.2996034
Validation loss decreased (0.676756 --> 0.675238).  Saving model ...
Updating learning rate to 4.304672100000001e-05
	iters: 100, epoch: 12 | loss: 0.6479710
	speed: 0.2956s/iter; left time: 7390.5206s
	iters: 200, epoch: 12 | loss: 0.6266950
	speed: 0.1287s/iter; left time: 3203.5187s
Epoch: 12 cost time: 36.27568030357361
Epoch: 12, Steps: 282 | Train Loss: 0.6660407 Vali Loss: 0.6711548 Test Loss: 0.2985478
Validation loss decreased (0.675238 --> 0.671155).  Saving model ...
Updating learning rate to 3.874204890000001e-05
	iters: 100, epoch: 13 | loss: 0.8021377
	speed: 0.2966s/iter; left time: 7332.1159s
	iters: 200, epoch: 13 | loss: 0.7075384
	speed: 0.1286s/iter; left time: 3165.0458s
Epoch: 13 cost time: 36.26865363121033
Epoch: 13, Steps: 282 | Train Loss: 0.6630256 Vali Loss: 0.6663092 Test Loss: 0.2976087
Validation loss decreased (0.671155 --> 0.666309).  Saving model ...
Updating learning rate to 3.486784401000001e-05
	iters: 100, epoch: 14 | loss: 0.6477634
	speed: 0.2969s/iter; left time: 7255.7637s
	iters: 200, epoch: 14 | loss: 0.6575838
	speed: 0.1278s/iter; left time: 3109.9616s
Epoch: 14 cost time: 36.05059266090393
Epoch: 14, Steps: 282 | Train Loss: 0.6601138 Vali Loss: 0.6662605 Test Loss: 0.2967679
Validation loss decreased (0.666309 --> 0.666261).  Saving model ...
Updating learning rate to 3.138105960900001e-05
	iters: 100, epoch: 15 | loss: 0.5494598
	speed: 0.2966s/iter; left time: 7164.1268s
	iters: 200, epoch: 15 | loss: 0.7673786
	speed: 0.1279s/iter; left time: 3076.3396s
Epoch: 15 cost time: 36.1323504447937
Epoch: 15, Steps: 282 | Train Loss: 0.6574617 Vali Loss: 0.6629511 Test Loss: 0.2959838
Validation loss decreased (0.666261 --> 0.662951).  Saving model ...
Updating learning rate to 2.824295364810001e-05
	iters: 100, epoch: 16 | loss: 0.6816151
	speed: 0.2962s/iter; left time: 7069.8679s
	iters: 200, epoch: 16 | loss: 0.7170838
	speed: 0.1286s/iter; left time: 3055.8948s
Epoch: 16 cost time: 36.255715131759644
Epoch: 16, Steps: 282 | Train Loss: 0.6547228 Vali Loss: 0.6620987 Test Loss: 0.2952978
Validation loss decreased (0.662951 --> 0.662099).  Saving model ...
Updating learning rate to 2.541865828329001e-05
	iters: 100, epoch: 17 | loss: 0.8349438
	speed: 0.2965s/iter; left time: 6993.5176s
	iters: 200, epoch: 17 | loss: 0.6968265
	speed: 0.1285s/iter; left time: 3018.7397s
Epoch: 17 cost time: 36.24755930900574
Epoch: 17, Steps: 282 | Train Loss: 0.6526999 Vali Loss: 0.6581060 Test Loss: 0.2946628
Validation loss decreased (0.662099 --> 0.658106).  Saving model ...
Updating learning rate to 2.287679245496101e-05
	iters: 100, epoch: 18 | loss: 0.5908064
	speed: 0.2960s/iter; left time: 6899.5481s
	iters: 200, epoch: 18 | loss: 0.5553580
	speed: 0.1285s/iter; left time: 2982.8992s
Epoch: 18 cost time: 36.25242471694946
Epoch: 18, Steps: 282 | Train Loss: 0.6498763 Vali Loss: 0.6577807 Test Loss: 0.2941082
Validation loss decreased (0.658106 --> 0.657781).  Saving model ...
Updating learning rate to 2.0589113209464907e-05
	iters: 100, epoch: 19 | loss: 0.5611944
	speed: 0.2964s/iter; left time: 6824.6147s
	iters: 200, epoch: 19 | loss: 0.6614047
	speed: 0.1284s/iter; left time: 2944.4677s
Epoch: 19 cost time: 36.22951650619507
Epoch: 19, Steps: 282 | Train Loss: 0.6490818 Vali Loss: 0.6575309 Test Loss: 0.2935899
Validation loss decreased (0.657781 --> 0.657531).  Saving model ...
Updating learning rate to 1.8530201888518416e-05
	iters: 100, epoch: 20 | loss: 0.5798252
	speed: 0.2958s/iter; left time: 6727.6384s
	iters: 200, epoch: 20 | loss: 0.6188320
	speed: 0.1284s/iter; left time: 2907.7268s
Epoch: 20 cost time: 36.22221517562866
Epoch: 20, Steps: 282 | Train Loss: 0.6475249 Vali Loss: 0.6539341 Test Loss: 0.2931243
Validation loss decreased (0.657531 --> 0.653934).  Saving model ...
Updating learning rate to 1.6677181699666577e-05
	iters: 100, epoch: 21 | loss: 0.6177940
	speed: 0.2960s/iter; left time: 6647.9562s
	iters: 200, epoch: 21 | loss: 0.5949728
	speed: 0.1285s/iter; left time: 2872.6731s
Epoch: 21 cost time: 36.230528116226196
Epoch: 21, Steps: 282 | Train Loss: 0.6460365 Vali Loss: 0.6525375 Test Loss: 0.2927043
Validation loss decreased (0.653934 --> 0.652538).  Saving model ...
Updating learning rate to 1.5009463529699919e-05
	iters: 100, epoch: 22 | loss: 0.7088618
	speed: 0.2957s/iter; left time: 6559.2460s
	iters: 200, epoch: 22 | loss: 0.5878767
	speed: 0.1284s/iter; left time: 2835.9139s
Epoch: 22 cost time: 36.234858989715576
Epoch: 22, Steps: 282 | Train Loss: 0.6446553 Vali Loss: 0.6507221 Test Loss: 0.2923438
Validation loss decreased (0.652538 --> 0.650722).  Saving model ...
Updating learning rate to 1.3508517176729929e-05
	iters: 100, epoch: 23 | loss: 0.5748571
	speed: 0.2960s/iter; left time: 6482.3138s
	iters: 200, epoch: 23 | loss: 0.5606191
	speed: 0.1285s/iter; left time: 2800.3297s
Epoch: 23 cost time: 36.235564947128296
Epoch: 23, Steps: 282 | Train Loss: 0.6437746 Vali Loss: 0.6510774 Test Loss: 0.2919872
EarlyStopping counter: 1 out of 20
Updating learning rate to 1.2157665459056936e-05
	iters: 100, epoch: 24 | loss: 0.6511763
	speed: 0.2951s/iter; left time: 6377.5275s
	iters: 200, epoch: 24 | loss: 0.6073760
	speed: 0.1284s/iter; left time: 2763.2718s
Epoch: 24 cost time: 36.23292899131775
Epoch: 24, Steps: 282 | Train Loss: 0.6425243 Vali Loss: 0.6502159 Test Loss: 0.2916580
Validation loss decreased (0.650722 --> 0.650216).  Saving model ...
Updating learning rate to 1.0941898913151242e-05
	iters: 100, epoch: 25 | loss: 0.5999889
	speed: 0.2976s/iter; left time: 6348.4402s
	iters: 200, epoch: 25 | loss: 0.6374312
	speed: 0.1284s/iter; left time: 2727.0681s
Epoch: 25 cost time: 36.23958158493042
Epoch: 25, Steps: 282 | Train Loss: 0.6415019 Vali Loss: 0.6494629 Test Loss: 0.2913805
Validation loss decreased (0.650216 --> 0.649463).  Saving model ...
Updating learning rate to 9.847709021836118e-06
	iters: 100, epoch: 26 | loss: 0.5573357
	speed: 0.2959s/iter; left time: 6228.3098s
	iters: 200, epoch: 26 | loss: 0.7644222
	speed: 0.1284s/iter; left time: 2690.5171s
Epoch: 26 cost time: 36.2262122631073
Epoch: 26, Steps: 282 | Train Loss: 0.6409370 Vali Loss: 0.6470409 Test Loss: 0.2911270
Validation loss decreased (0.649463 --> 0.647041).  Saving model ...
Updating learning rate to 8.862938119652508e-06
	iters: 100, epoch: 27 | loss: 0.6247576
	speed: 0.2954s/iter; left time: 6136.0005s
	iters: 200, epoch: 27 | loss: 0.5359736
	speed: 0.1283s/iter; left time: 2652.7881s
Epoch: 27 cost time: 36.20739388465881
Epoch: 27, Steps: 282 | Train Loss: 0.6399358 Vali Loss: 0.6471451 Test Loss: 0.2909057
EarlyStopping counter: 1 out of 20
Updating learning rate to 7.976644307687255e-06
	iters: 100, epoch: 28 | loss: 0.7369490
	speed: 0.2947s/iter; left time: 6036.8854s
	iters: 200, epoch: 28 | loss: 0.6405725
	speed: 0.1284s/iter; left time: 2617.5148s
Epoch: 28 cost time: 36.210125207901
Epoch: 28, Steps: 282 | Train Loss: 0.6394849 Vali Loss: 0.6491441 Test Loss: 0.2907004
EarlyStopping counter: 2 out of 20
Updating learning rate to 7.178979876918531e-06
	iters: 100, epoch: 29 | loss: 0.5901630
	speed: 0.2950s/iter; left time: 5960.7253s
	iters: 200, epoch: 29 | loss: 0.6621105
	speed: 0.1284s/iter; left time: 2581.5000s
Epoch: 29 cost time: 36.218199729919434
Epoch: 29, Steps: 282 | Train Loss: 0.6383895 Vali Loss: 0.6468166 Test Loss: 0.2905212
Validation loss decreased (0.647041 --> 0.646817).  Saving model ...
Updating learning rate to 6.4610818892266776e-06
	iters: 100, epoch: 30 | loss: 0.6583972
	speed: 0.3005s/iter; left time: 5986.6124s
	iters: 200, epoch: 30 | loss: 0.7200536
	speed: 0.1281s/iter; left time: 2539.3629s
Epoch: 30 cost time: 36.14316654205322
Epoch: 30, Steps: 282 | Train Loss: 0.6380843 Vali Loss: 0.6467772 Test Loss: 0.2903589
Validation loss decreased (0.646817 --> 0.646777).  Saving model ...
Updating learning rate to 5.8149737003040096e-06
	iters: 100, epoch: 31 | loss: 0.6523286
	speed: 0.2950s/iter; left time: 5794.9354s
	iters: 200, epoch: 31 | loss: 0.6426660
	speed: 0.1281s/iter; left time: 2503.3256s
Epoch: 31 cost time: 36.1523916721344
Epoch: 31, Steps: 282 | Train Loss: 0.6378966 Vali Loss: 0.6455303 Test Loss: 0.2902091
Validation loss decreased (0.646777 --> 0.645530).  Saving model ...
Updating learning rate to 5.23347633027361e-06
	iters: 100, epoch: 32 | loss: 0.6064892
	speed: 0.2953s/iter; left time: 5717.4233s
	iters: 200, epoch: 32 | loss: 0.6271086
	speed: 0.1282s/iter; left time: 2468.5248s
Epoch: 32 cost time: 36.15925359725952
Epoch: 32, Steps: 282 | Train Loss: 0.6369979 Vali Loss: 0.6446115 Test Loss: 0.2900731
Validation loss decreased (0.645530 --> 0.644612).  Saving model ...
Updating learning rate to 4.710128697246249e-06
	iters: 100, epoch: 33 | loss: 0.5677989
	speed: 0.2949s/iter; left time: 5626.6639s
	iters: 200, epoch: 33 | loss: 0.7407425
	speed: 0.1282s/iter; left time: 2432.5652s
Epoch: 33 cost time: 36.155516386032104
Epoch: 33, Steps: 282 | Train Loss: 0.6367053 Vali Loss: 0.6457252 Test Loss: 0.2899519
EarlyStopping counter: 1 out of 20
Updating learning rate to 4.239115827521624e-06
	iters: 100, epoch: 34 | loss: 0.6876518
	speed: 0.2947s/iter; left time: 5539.4332s
	iters: 200, epoch: 34 | loss: 0.5729892
	speed: 0.1282s/iter; left time: 2396.3726s
Epoch: 34 cost time: 36.16090273857117
Epoch: 34, Steps: 282 | Train Loss: 0.6356300 Vali Loss: 0.6443775 Test Loss: 0.2898426
Validation loss decreased (0.644612 --> 0.644378).  Saving model ...
Updating learning rate to 3.815204244769462e-06
	iters: 100, epoch: 35 | loss: 0.6419750
	speed: 0.2977s/iter; left time: 5510.8864s
	iters: 200, epoch: 35 | loss: 0.6485985
	speed: 0.1282s/iter; left time: 2360.0937s
Epoch: 35 cost time: 36.15357780456543
Epoch: 35, Steps: 282 | Train Loss: 0.6364329 Vali Loss: 0.6438869 Test Loss: 0.2897455
Validation loss decreased (0.644378 --> 0.643887).  Saving model ...
Updating learning rate to 3.4336838202925152e-06
	iters: 100, epoch: 36 | loss: 0.5982656
	speed: 0.2964s/iter; left time: 5403.3668s
	iters: 200, epoch: 36 | loss: 0.6158340
	speed: 0.1282s/iter; left time: 2323.9883s
Epoch: 36 cost time: 36.14893651008606
Epoch: 36, Steps: 282 | Train Loss: 0.6353622 Vali Loss: 0.6422212 Test Loss: 0.2896569
Validation loss decreased (0.643887 --> 0.642221).  Saving model ...
Updating learning rate to 3.090315438263264e-06
	iters: 100, epoch: 37 | loss: 0.6773385
	speed: 0.2955s/iter; left time: 5303.1099s
	iters: 200, epoch: 37 | loss: 0.6238047
	speed: 0.1282s/iter; left time: 2288.4792s
Epoch: 37 cost time: 36.157814741134644
Epoch: 37, Steps: 282 | Train Loss: 0.6354363 Vali Loss: 0.6441824 Test Loss: 0.2895751
EarlyStopping counter: 1 out of 20
Updating learning rate to 2.7812838944369375e-06
	iters: 100, epoch: 38 | loss: 0.5336254
	speed: 0.2943s/iter; left time: 5199.9568s
	iters: 200, epoch: 38 | loss: 0.6787978
	speed: 0.1282s/iter; left time: 2252.1881s
Epoch: 38 cost time: 36.15115404129028
Epoch: 38, Steps: 282 | Train Loss: 0.6349552 Vali Loss: 0.6428122 Test Loss: 0.2895063
EarlyStopping counter: 2 out of 20
Updating learning rate to 2.503155504993244e-06
	iters: 100, epoch: 39 | loss: 0.6174505
	speed: 0.2947s/iter; left time: 5122.5380s
	iters: 200, epoch: 39 | loss: 0.6695483
	speed: 0.1284s/iter; left time: 2218.6131s
Epoch: 39 cost time: 36.17242479324341
Epoch: 39, Steps: 282 | Train Loss: 0.6348248 Vali Loss: 0.6424320 Test Loss: 0.2894371
EarlyStopping counter: 3 out of 20
Updating learning rate to 2.2528399544939195e-06
	iters: 100, epoch: 40 | loss: 0.6169069
	speed: 0.2952s/iter; left time: 5048.2699s
	iters: 200, epoch: 40 | loss: 0.5258318
	speed: 0.1284s/iter; left time: 2183.1313s
Epoch: 40 cost time: 36.23088765144348
Epoch: 40, Steps: 282 | Train Loss: 0.6352465 Vali Loss: 0.6428944 Test Loss: 0.2893794
EarlyStopping counter: 4 out of 20
Updating learning rate to 2.0275559590445276e-06
	iters: 100, epoch: 41 | loss: 0.6529119
	speed: 0.2949s/iter; left time: 4961.1577s
	iters: 200, epoch: 41 | loss: 0.8454029
	speed: 0.1284s/iter; left time: 2147.2004s
Epoch: 41 cost time: 36.22113490104675
Epoch: 41, Steps: 282 | Train Loss: 0.6347037 Vali Loss: 0.6431929 Test Loss: 0.2893279
EarlyStopping counter: 5 out of 20
Updating learning rate to 1.8248003631400751e-06
	iters: 100, epoch: 42 | loss: 0.6250832
	speed: 0.2952s/iter; left time: 4882.8096s
	iters: 200, epoch: 42 | loss: 0.7361284
	speed: 0.1283s/iter; left time: 2109.8234s
Epoch: 42 cost time: 36.20122241973877
Epoch: 42, Steps: 282 | Train Loss: 0.6347137 Vali Loss: 0.6429346 Test Loss: 0.2892796
EarlyStopping counter: 6 out of 20
Updating learning rate to 1.6423203268260676e-06
	iters: 100, epoch: 43 | loss: 0.7401677
	speed: 0.2949s/iter; left time: 4794.8666s
	iters: 200, epoch: 43 | loss: 0.5402693
	speed: 0.1283s/iter; left time: 2073.2931s
Epoch: 43 cost time: 36.200899600982666
Epoch: 43, Steps: 282 | Train Loss: 0.6343160 Vali Loss: 0.6433919 Test Loss: 0.2892391
EarlyStopping counter: 7 out of 20
Updating learning rate to 1.4780882941434609e-06
	iters: 100, epoch: 44 | loss: 0.7364187
	speed: 0.2956s/iter; left time: 4722.9742s
	iters: 200, epoch: 44 | loss: 0.5897439
	speed: 0.1284s/iter; left time: 2038.0977s
Epoch: 44 cost time: 36.20267176628113
Epoch: 44, Steps: 282 | Train Loss: 0.6345208 Vali Loss: 0.6427709 Test Loss: 0.2891960
EarlyStopping counter: 8 out of 20
Updating learning rate to 1.3302794647291146e-06
	iters: 100, epoch: 45 | loss: 0.5281681
	speed: 0.2951s/iter; left time: 4631.7150s
	iters: 200, epoch: 45 | loss: 0.7427824
	speed: 0.1284s/iter; left time: 2001.9105s
Epoch: 45 cost time: 36.20483326911926
Epoch: 45, Steps: 282 | Train Loss: 0.6340220 Vali Loss: 0.6432362 Test Loss: 0.2891679
EarlyStopping counter: 9 out of 20
Updating learning rate to 1.1972515182562034e-06
	iters: 100, epoch: 46 | loss: 0.7302399
	speed: 0.2955s/iter; left time: 4553.8269s
	iters: 200, epoch: 46 | loss: 0.6639391
	speed: 0.1284s/iter; left time: 1965.2108s
Epoch: 46 cost time: 36.200732946395874
Epoch: 46, Steps: 282 | Train Loss: 0.6342584 Vali Loss: 0.6429834 Test Loss: 0.2891329
EarlyStopping counter: 10 out of 20
Updating learning rate to 1.077526366430583e-06
	iters: 100, epoch: 47 | loss: 0.6122336
	speed: 0.2958s/iter; left time: 4475.3721s
	iters: 200, epoch: 47 | loss: 0.7182388
	speed: 0.1284s/iter; left time: 1929.0061s
Epoch: 47 cost time: 36.19432497024536
Epoch: 47, Steps: 282 | Train Loss: 0.6344187 Vali Loss: 0.6426730 Test Loss: 0.2891083
EarlyStopping counter: 11 out of 20
Updating learning rate to 9.697737297875248e-07
	iters: 100, epoch: 48 | loss: 0.5389640
	speed: 0.2961s/iter; left time: 4395.6994s
	iters: 200, epoch: 48 | loss: 0.7040195
	speed: 0.1284s/iter; left time: 1892.8868s
Epoch: 48 cost time: 36.19864273071289
Epoch: 48, Steps: 282 | Train Loss: 0.6341901 Vali Loss: 0.6418012 Test Loss: 0.2890804
Validation loss decreased (0.642221 --> 0.641801).  Saving model ...
Updating learning rate to 8.727963568087723e-07
	iters: 100, epoch: 49 | loss: 0.7644297
	speed: 0.2958s/iter; left time: 4308.4692s
	iters: 200, epoch: 49 | loss: 0.5401690
	speed: 0.1283s/iter; left time: 1856.0333s
Epoch: 49 cost time: 36.19613027572632
Epoch: 49, Steps: 282 | Train Loss: 0.6337045 Vali Loss: 0.6429909 Test Loss: 0.2890602
EarlyStopping counter: 1 out of 20
Updating learning rate to 7.855167211278951e-07
	iters: 100, epoch: 50 | loss: 0.6542560
	speed: 0.2957s/iter; left time: 4224.0044s
	iters: 200, epoch: 50 | loss: 0.6645715
	speed: 0.1284s/iter; left time: 1820.5219s
Epoch: 50 cost time: 36.20717263221741
Epoch: 50, Steps: 282 | Train Loss: 0.6337653 Vali Loss: 0.6428577 Test Loss: 0.2890376
EarlyStopping counter: 2 out of 20
Updating learning rate to 7.069650490151056e-07
	iters: 100, epoch: 51 | loss: 0.6734098
	speed: 0.2952s/iter; left time: 4133.6836s
	iters: 200, epoch: 51 | loss: 0.5861124
	speed: 0.1283s/iter; left time: 1783.9289s
Epoch: 51 cost time: 36.194151163101196
Epoch: 51, Steps: 282 | Train Loss: 0.6334971 Vali Loss: 0.6428890 Test Loss: 0.2890195
EarlyStopping counter: 3 out of 20
Updating learning rate to 6.36268544113595e-07
	iters: 100, epoch: 52 | loss: 0.6254177
	speed: 0.2954s/iter; left time: 4052.9706s
	iters: 200, epoch: 52 | loss: 0.6285864
	speed: 0.1283s/iter; left time: 1747.5156s
Epoch: 52 cost time: 36.19525074958801
Epoch: 52, Steps: 282 | Train Loss: 0.6330286 Vali Loss: 0.6411950 Test Loss: 0.2889999
Validation loss decreased (0.641801 --> 0.641195).  Saving model ...
Updating learning rate to 5.726416897022355e-07
	iters: 100, epoch: 53 | loss: 0.5259830
	speed: 0.2963s/iter; left time: 3980.9150s
	iters: 200, epoch: 53 | loss: 0.6297258
	speed: 0.1284s/iter; left time: 1712.1079s
Epoch: 53 cost time: 36.20461463928223
Epoch: 53, Steps: 282 | Train Loss: 0.6329904 Vali Loss: 0.6417441 Test Loss: 0.2889848
EarlyStopping counter: 1 out of 20
Updating learning rate to 5.15377520732012e-07
	iters: 100, epoch: 54 | loss: 0.6117463
	speed: 0.2947s/iter; left time: 3877.1516s
	iters: 200, epoch: 54 | loss: 0.6809967
	speed: 0.1283s/iter; left time: 1675.5322s
Epoch: 54 cost time: 36.20876479148865
Epoch: 54, Steps: 282 | Train Loss: 0.6335861 Vali Loss: 0.6433011 Test Loss: 0.2889710
EarlyStopping counter: 2 out of 20
Updating learning rate to 4.6383976865881085e-07
	iters: 100, epoch: 55 | loss: 0.6051004
	speed: 0.2951s/iter; left time: 3799.4064s
	iters: 200, epoch: 55 | loss: 0.6005000
	speed: 0.1284s/iter; left time: 1639.4386s
Epoch: 55 cost time: 36.218432664871216
Epoch: 55, Steps: 282 | Train Loss: 0.6335341 Vali Loss: 0.6423032 Test Loss: 0.2889614
EarlyStopping counter: 3 out of 20
Updating learning rate to 4.174557917929298e-07
	iters: 100, epoch: 56 | loss: 0.6205384
	speed: 0.2951s/iter; left time: 3716.1345s
	iters: 200, epoch: 56 | loss: 0.6104786
	speed: 0.1284s/iter; left time: 1603.5171s
Epoch: 56 cost time: 36.212045431137085
Epoch: 56, Steps: 282 | Train Loss: 0.6333394 Vali Loss: 0.6417951 Test Loss: 0.2889510
EarlyStopping counter: 4 out of 20
Updating learning rate to 3.7571021261363677e-07
	iters: 100, epoch: 57 | loss: 0.6198115
	speed: 0.2948s/iter; left time: 3628.9128s
	iters: 200, epoch: 57 | loss: 0.7312545
	speed: 0.1284s/iter; left time: 1567.0944s
Epoch: 57 cost time: 36.20671582221985
Epoch: 57, Steps: 282 | Train Loss: 0.6332624 Vali Loss: 0.6434054 Test Loss: 0.2889460
EarlyStopping counter: 5 out of 20
Updating learning rate to 3.381391913522731e-07
	iters: 100, epoch: 58 | loss: 0.8126976
	speed: 0.2950s/iter; left time: 3547.4518s
	iters: 200, epoch: 58 | loss: 0.7760555
	speed: 0.1284s/iter; left time: 1531.1032s
Epoch: 58 cost time: 36.21060085296631
Epoch: 58, Steps: 282 | Train Loss: 0.6333245 Vali Loss: 0.6431574 Test Loss: 0.2889321
EarlyStopping counter: 6 out of 20
Updating learning rate to 3.043252722170458e-07
	iters: 100, epoch: 59 | loss: 0.5027623
	speed: 0.2952s/iter; left time: 3467.2026s
	iters: 200, epoch: 59 | loss: 0.5175639
	speed: 0.1283s/iter; left time: 1494.3405s
Epoch: 59 cost time: 36.20594882965088
Epoch: 59, Steps: 282 | Train Loss: 0.6330165 Vali Loss: 0.6424540 Test Loss: 0.2889263
EarlyStopping counter: 7 out of 20
Updating learning rate to 2.7389274499534124e-07
	iters: 100, epoch: 60 | loss: 0.5315386
	speed: 0.2947s/iter; left time: 3378.4706s
	iters: 200, epoch: 60 | loss: 0.5566677
	speed: 0.1284s/iter; left time: 1458.9933s
Epoch: 60 cost time: 36.221381187438965
Epoch: 60, Steps: 282 | Train Loss: 0.6336284 Vali Loss: 0.6421861 Test Loss: 0.2889171
EarlyStopping counter: 8 out of 20
Updating learning rate to 2.465034704958071e-07
	iters: 100, epoch: 61 | loss: 0.6522927
	speed: 0.2952s/iter; left time: 3301.0608s
	iters: 200, epoch: 61 | loss: 0.6491284
	speed: 0.1284s/iter; left time: 1422.6877s
Epoch: 61 cost time: 36.21788549423218
Epoch: 61, Steps: 282 | Train Loss: 0.6333358 Vali Loss: 0.6417267 Test Loss: 0.2889133
EarlyStopping counter: 9 out of 20
Updating learning rate to 2.218531234462264e-07
	iters: 100, epoch: 62 | loss: 0.5307639
	speed: 0.2950s/iter; left time: 3215.4618s
	iters: 200, epoch: 62 | loss: 0.6078799
	speed: 0.1284s/iter; left time: 1386.9379s
Epoch: 62 cost time: 36.23180627822876
Epoch: 62, Steps: 282 | Train Loss: 0.6334013 Vali Loss: 0.6415813 Test Loss: 0.2889081
EarlyStopping counter: 10 out of 20
Updating learning rate to 1.9966781110160376e-07
	iters: 100, epoch: 63 | loss: 0.7728245
	speed: 0.2951s/iter; left time: 3133.4997s
	iters: 200, epoch: 63 | loss: 0.5519969
	speed: 0.1284s/iter; left time: 1350.3193s
Epoch: 63 cost time: 36.21287655830383
Epoch: 63, Steps: 282 | Train Loss: 0.6331446 Vali Loss: 0.6421239 Test Loss: 0.2889040
EarlyStopping counter: 11 out of 20
Updating learning rate to 1.797010299914434e-07
	iters: 100, epoch: 64 | loss: 0.6512018
	speed: 0.2954s/iter; left time: 3052.5537s
	iters: 200, epoch: 64 | loss: 0.6271934
	speed: 0.1284s/iter; left time: 1314.2338s
Epoch: 64 cost time: 36.21497678756714
Epoch: 64, Steps: 282 | Train Loss: 0.6333470 Vali Loss: 0.6408500 Test Loss: 0.2888988
Validation loss decreased (0.641195 --> 0.640850).  Saving model ...
Updating learning rate to 1.6173092699229907e-07
	iters: 100, epoch: 65 | loss: 0.7227126
	speed: 0.2952s/iter; left time: 2967.6242s
	iters: 200, epoch: 65 | loss: 0.5267339
	speed: 0.1284s/iter; left time: 1277.8143s
Epoch: 65 cost time: 36.1993772983551
Epoch: 65, Steps: 282 | Train Loss: 0.6333034 Vali Loss: 0.6414825 Test Loss: 0.2888938
EarlyStopping counter: 1 out of 20
Updating learning rate to 1.4555783429306916e-07
	iters: 100, epoch: 66 | loss: 0.5957723
	speed: 0.2950s/iter; left time: 2882.0511s
	iters: 200, epoch: 66 | loss: 0.5867146
	speed: 0.1284s/iter; left time: 1241.4065s
Epoch: 66 cost time: 36.20118284225464
Epoch: 66, Steps: 282 | Train Loss: 0.6333834 Vali Loss: 0.6388475 Test Loss: 0.2888881
Validation loss decreased (0.640850 --> 0.638848).  Saving model ...
Updating learning rate to 1.3100205086376224e-07
	iters: 100, epoch: 67 | loss: 0.7246032
	speed: 0.2957s/iter; left time: 2805.8670s
	iters: 200, epoch: 67 | loss: 0.6327865
	speed: 0.1285s/iter; left time: 1206.1381s
Epoch: 67 cost time: 36.209256172180176
Epoch: 67, Steps: 282 | Train Loss: 0.6336229 Vali Loss: 0.6409478 Test Loss: 0.2888862
EarlyStopping counter: 1 out of 20
Updating learning rate to 1.1790184577738603e-07
	iters: 100, epoch: 68 | loss: 0.5906249
	speed: 0.2946s/iter; left time: 2712.4145s
	iters: 200, epoch: 68 | loss: 0.6860608
	speed: 0.1285s/iter; left time: 1170.3739s
Epoch: 68 cost time: 36.21984815597534
Epoch: 68, Steps: 282 | Train Loss: 0.6332825 Vali Loss: 0.6420651 Test Loss: 0.2888818
EarlyStopping counter: 2 out of 20
Updating learning rate to 1.0611166119964742e-07
	iters: 100, epoch: 69 | loss: 0.7235301
	speed: 0.2951s/iter; left time: 2633.4844s
	iters: 200, epoch: 69 | loss: 0.5389036
	speed: 0.1284s/iter; left time: 1133.1758s
Epoch: 69 cost time: 36.2004017829895
Epoch: 69, Steps: 282 | Train Loss: 0.6333060 Vali Loss: 0.6411506 Test Loss: 0.2888824
EarlyStopping counter: 3 out of 20
Updating learning rate to 9.550049507968268e-08
	iters: 100, epoch: 70 | loss: 0.7985086
	speed: 0.2950s/iter; left time: 2549.5265s
	iters: 200, epoch: 70 | loss: 0.7636647
	speed: 0.1285s/iter; left time: 1097.4978s
Epoch: 70 cost time: 36.203874349594116
Epoch: 70, Steps: 282 | Train Loss: 0.6325163 Vali Loss: 0.6423521 Test Loss: 0.2888802
EarlyStopping counter: 4 out of 20
Updating learning rate to 8.595044557171442e-08
	iters: 100, epoch: 71 | loss: 0.6590100
	speed: 0.2947s/iter; left time: 2464.0440s
	iters: 200, epoch: 71 | loss: 0.5674737
	speed: 0.1284s/iter; left time: 1061.1194s
Epoch: 71 cost time: 36.20210266113281
Epoch: 71, Steps: 282 | Train Loss: 0.6329919 Vali Loss: 0.6425956 Test Loss: 0.2888800
EarlyStopping counter: 5 out of 20
Updating learning rate to 7.735540101454298e-08
	iters: 100, epoch: 72 | loss: 0.5224455
	speed: 0.2951s/iter; left time: 2383.7998s
	iters: 200, epoch: 72 | loss: 0.6507150
	speed: 0.1284s/iter; left time: 1024.8510s
Epoch: 72 cost time: 36.20127534866333
Epoch: 72, Steps: 282 | Train Loss: 0.6325121 Vali Loss: 0.6438912 Test Loss: 0.2888767
EarlyStopping counter: 6 out of 20
Updating learning rate to 6.961986091308869e-08
	iters: 100, epoch: 73 | loss: 0.5280300
	speed: 0.2948s/iter; left time: 2298.3430s
	iters: 200, epoch: 73 | loss: 0.6328990
	speed: 0.1285s/iter; left time: 988.8121s
Epoch: 73 cost time: 36.21294283866882
Epoch: 73, Steps: 282 | Train Loss: 0.6325510 Vali Loss: 0.6416867 Test Loss: 0.2888783
EarlyStopping counter: 7 out of 20
Updating learning rate to 6.265787482177981e-08
	iters: 100, epoch: 74 | loss: 0.6707076
	speed: 0.2951s/iter; left time: 2218.0101s
	iters: 200, epoch: 74 | loss: 0.5514354
	speed: 0.1285s/iter; left time: 952.7790s
Epoch: 74 cost time: 36.2176456451416
Epoch: 74, Steps: 282 | Train Loss: 0.6332243 Vali Loss: 0.6420798 Test Loss: 0.2888758
EarlyStopping counter: 8 out of 20
Updating learning rate to 5.639208733960184e-08
	iters: 100, epoch: 75 | loss: 0.6340125
	speed: 0.2953s/iter; left time: 2136.1266s
	iters: 200, epoch: 75 | loss: 0.6991920
	speed: 0.1285s/iter; left time: 916.4383s
Epoch: 75 cost time: 36.22216534614563
Epoch: 75, Steps: 282 | Train Loss: 0.6328577 Vali Loss: 0.6420674 Test Loss: 0.2888728
EarlyStopping counter: 9 out of 20
Updating learning rate to 5.075287860564165e-08
	iters: 100, epoch: 76 | loss: 0.5567427
	speed: 0.2950s/iter; left time: 2050.3560s
	iters: 200, epoch: 76 | loss: 0.5905148
	speed: 0.1285s/iter; left time: 880.3619s
Epoch: 76 cost time: 36.22638916969299
Epoch: 76, Steps: 282 | Train Loss: 0.6337172 Vali Loss: 0.6403995 Test Loss: 0.2888742
EarlyStopping counter: 10 out of 20
Updating learning rate to 4.567759074507749e-08
	iters: 100, epoch: 77 | loss: 0.7148243
	speed: 0.2953s/iter; left time: 1969.6110s
	iters: 200, epoch: 77 | loss: 0.5828450
	speed: 0.1285s/iter; left time: 844.3174s
Epoch: 77 cost time: 36.23078393936157
Epoch: 77, Steps: 282 | Train Loss: 0.6326662 Vali Loss: 0.6424174 Test Loss: 0.2888733
EarlyStopping counter: 11 out of 20
Updating learning rate to 4.1109831670569744e-08
	iters: 100, epoch: 78 | loss: 0.5789220
	speed: 0.2953s/iter; left time: 1886.3940s
	iters: 200, epoch: 78 | loss: 0.5856651
	speed: 0.1286s/iter; left time: 808.6000s
Epoch: 78 cost time: 36.26422929763794
Epoch: 78, Steps: 282 | Train Loss: 0.6334004 Vali Loss: 0.6410080 Test Loss: 0.2888737
EarlyStopping counter: 12 out of 20
Updating learning rate to 3.6998848503512764e-08
	iters: 100, epoch: 79 | loss: 0.6387329
	speed: 0.2950s/iter; left time: 1801.1747s
	iters: 200, epoch: 79 | loss: 0.6688262
	speed: 0.1285s/iter; left time: 771.8007s
Epoch: 79 cost time: 36.25039458274841
Epoch: 79, Steps: 282 | Train Loss: 0.6330495 Vali Loss: 0.6407335 Test Loss: 0.2888745
EarlyStopping counter: 13 out of 20
Updating learning rate to 3.3298963653161496e-08
	iters: 100, epoch: 80 | loss: 0.6232070
	speed: 0.2955s/iter; left time: 1720.7243s
	iters: 200, epoch: 80 | loss: 0.6583113
	speed: 0.1285s/iter; left time: 735.6309s
Epoch: 80 cost time: 36.260401010513306
Epoch: 80, Steps: 282 | Train Loss: 0.6331897 Vali Loss: 0.6417310 Test Loss: 0.2888725
EarlyStopping counter: 14 out of 20
Updating learning rate to 2.996906728784534e-08
	iters: 100, epoch: 81 | loss: 0.5982053
	speed: 0.2953s/iter; left time: 1636.1306s
	iters: 200, epoch: 81 | loss: 0.6424406
	speed: 0.1285s/iter; left time: 699.2344s
Epoch: 81 cost time: 36.25729966163635
Epoch: 81, Steps: 282 | Train Loss: 0.6325450 Vali Loss: 0.6431462 Test Loss: 0.2888753
EarlyStopping counter: 15 out of 20
Updating learning rate to 2.697216055906081e-08
	iters: 100, epoch: 82 | loss: 0.6570950
	speed: 0.2956s/iter; left time: 1554.3578s
	iters: 200, epoch: 82 | loss: 0.5682189
	speed: 0.1286s/iter; left time: 663.4466s
Epoch: 82 cost time: 36.27124214172363
Epoch: 82, Steps: 282 | Train Loss: 0.6329921 Vali Loss: 0.6424183 Test Loss: 0.2888751
EarlyStopping counter: 16 out of 20
Updating learning rate to 2.427494450315473e-08
	iters: 100, epoch: 83 | loss: 0.6205354
	speed: 0.2957s/iter; left time: 1471.9315s
	iters: 200, epoch: 83 | loss: 0.6915305
	speed: 0.1286s/iter; left time: 627.1583s
Epoch: 83 cost time: 36.27170538902283
Epoch: 83, Steps: 282 | Train Loss: 0.6335765 Vali Loss: 0.6411481 Test Loss: 0.2888723
EarlyStopping counter: 17 out of 20
Updating learning rate to 2.1847450052839257e-08
	iters: 100, epoch: 84 | loss: 0.5907084
	speed: 0.2954s/iter; left time: 1386.9392s
	iters: 200, epoch: 84 | loss: 0.5750018
	speed: 0.1285s/iter; left time: 590.6174s
Epoch: 84 cost time: 36.26265287399292
Epoch: 84, Steps: 282 | Train Loss: 0.6332939 Vali Loss: 0.6419027 Test Loss: 0.2888697
EarlyStopping counter: 18 out of 20
Updating learning rate to 1.9662705047555332e-08
	iters: 100, epoch: 85 | loss: 0.5492773
	speed: 0.2957s/iter; left time: 1304.8033s
	iters: 200, epoch: 85 | loss: 0.6769436
	speed: 0.1286s/iter; left time: 554.5914s
Epoch: 85 cost time: 36.28054690361023
Epoch: 85, Steps: 282 | Train Loss: 0.6332396 Vali Loss: 0.6416563 Test Loss: 0.2888705
EarlyStopping counter: 19 out of 20
Updating learning rate to 1.7696434542799797e-08
	iters: 100, epoch: 86 | loss: 0.6162147
	speed: 0.2955s/iter; left time: 1220.8609s
	iters: 200, epoch: 86 | loss: 0.8407391
	speed: 0.1286s/iter; left time: 518.3022s
Epoch: 86 cost time: 36.275193214416504
Epoch: 86, Steps: 282 | Train Loss: 0.6332356 Vali Loss: 0.6412947 Test Loss: 0.2888705
EarlyStopping counter: 20 out of 20
Early stopping
>>>>>>>testing : NL_weather_cms_lr0.0001_5steps_336_336_PatchTST_custom_ftM_sl336_ll48_pl336_dm128_nh16_el3_dl1_df256_fc1_ebtimeF_dtTruelr0.0001_pol5steps_Nested_Learning_0<<<<<<<<<<<<<<<<<<<<<<<<<<<<<<<<<
test 10204
 Ejecutando Inferencia DINÁMICA (Nested Learning con cms)
  -> Política: 5steps | LR: 0.0001 | Target: head

RESUMEN: El CMS se actualizó 16 veces de 79 posibles.

mse:0.28888237476348877, mae:0.31940406560897827, rse:0.7060291171073914
Args in experiment:
Namespace(random_seed=2021, is_training=1, model_id='NL_weather_cms_lr0.0001_5steps_336_720', model='PatchTST', data='custom', root_path='./dataset/', data_path='weather.csv', features='M', target='OT', freq='h', checkpoints='./checkpoints/', seq_len=336, label_len=48, pred_len=720, head_type='cms', cms_lr=0.0001, update_policy='5steps', fc_dropout=0.2, head_dropout=0.0, patch_len=16, stride=8, padding_patch='end', revin=1, affine=0, subtract_last=0, decomposition=0, kernel_size=25, individual=0, embed_type=0, enc_in=21, dec_in=7, c_out=7, d_model=128, n_heads=16, e_layers=3, d_layers=1, d_ff=256, moving_avg=25, factor=1, distil=True, dropout=0.2, embed='timeF', activation='gelu', output_attention=False, do_predict=False, num_workers=0, itr=1, train_epochs=100, batch_size=128, patience=20, learning_rate=0.0001, des='Nested_Learning', loss='mse', lradj='type3', pct_start=0.3, use_amp=False, use_gpu=True, gpu=0, use_multi_gpu=False, devices='0,1,2,3', test_flop=False)
Use GPU: cuda:0
>>>>>>>start training : NL_weather_cms_lr0.0001_5steps_336_720_PatchTST_custom_ftM_sl336_ll48_pl720_dm128_nh16_el3_dl1_df256_fc1_ebtimeF_dtTruelr0.0001_pol5steps_Nested_Learning_0>>>>>>>>>>>>>>>>>>>>>>>>>>
train 35832
val 4551
test 9820
	iters: 100, epoch: 1 | loss: 0.8219075
	speed: 0.1454s/iter; left time: 4041.7072s
	iters: 200, epoch: 1 | loss: 0.7852589
	speed: 0.1313s/iter; left time: 3636.4713s
Epoch: 1 cost time: 36.83247661590576
Epoch: 1, Steps: 279 | Train Loss: 0.8205384 Vali Loss: 0.8267306 Test Loss: 0.3719314
Validation loss decreased (inf --> 0.826731).  Saving model ...
Updating learning rate to 0.0001
	iters: 100, epoch: 2 | loss: 0.9464221
	speed: 0.3011s/iter; left time: 8287.2298s
	iters: 200, epoch: 2 | loss: 0.7936048
	speed: 0.1306s/iter; left time: 3581.5533s
Epoch: 2 cost time: 36.397003173828125
Epoch: 2, Steps: 279 | Train Loss: 0.8097755 Vali Loss: 0.8110506 Test Loss: 0.3681251
Validation loss decreased (0.826731 --> 0.811051).  Saving model ...
Updating learning rate to 0.0001
	iters: 100, epoch: 3 | loss: 0.8181406
	speed: 0.3000s/iter; left time: 8172.8752s
	iters: 200, epoch: 3 | loss: 0.7468982
	speed: 0.1305s/iter; left time: 3543.3093s
Epoch: 3 cost time: 36.38892126083374
Epoch: 3, Steps: 279 | Train Loss: 0.7939115 Vali Loss: 0.8024928 Test Loss: 0.3656498
Validation loss decreased (0.811051 --> 0.802493).  Saving model ...
Updating learning rate to 0.0001
	iters: 100, epoch: 4 | loss: 0.7403489
	speed: 0.2997s/iter; left time: 8081.6091s
	iters: 200, epoch: 4 | loss: 0.7678035
	speed: 0.1305s/iter; left time: 3505.1014s
Epoch: 4 cost time: 36.381606101989746
Epoch: 4, Steps: 279 | Train Loss: 0.7826827 Vali Loss: 0.7963278 Test Loss: 0.3639464
Validation loss decreased (0.802493 --> 0.796328).  Saving model ...
Updating learning rate to 9e-05
	iters: 100, epoch: 5 | loss: 0.7134247
	speed: 0.2996s/iter; left time: 7995.3369s
	iters: 200, epoch: 5 | loss: 0.8543808
	speed: 0.1305s/iter; left time: 3470.0433s
Epoch: 5 cost time: 36.376569509506226
Epoch: 5, Steps: 279 | Train Loss: 0.7747313 Vali Loss: 0.7912534 Test Loss: 0.3627419
Validation loss decreased (0.796328 --> 0.791253).  Saving model ...
Updating learning rate to 8.1e-05
	iters: 100, epoch: 6 | loss: 0.7422176
	speed: 0.3006s/iter; left time: 7938.7101s
	iters: 200, epoch: 6 | loss: 0.8020919
	speed: 0.1305s/iter; left time: 3432.6989s
Epoch: 6 cost time: 36.37322211265564
Epoch: 6, Steps: 279 | Train Loss: 0.7690675 Vali Loss: 0.7890465 Test Loss: 0.3618111
Validation loss decreased (0.791253 --> 0.789046).  Saving model ...
Updating learning rate to 7.290000000000001e-05
	iters: 100, epoch: 7 | loss: 0.6929943
	speed: 0.2997s/iter; left time: 7830.8247s
	iters: 200, epoch: 7 | loss: 0.8010648
	speed: 0.1305s/iter; left time: 3395.8889s
Epoch: 7 cost time: 36.37017774581909
Epoch: 7, Steps: 279 | Train Loss: 0.7647615 Vali Loss: 0.7862793 Test Loss: 0.3610837
Validation loss decreased (0.789046 --> 0.786279).  Saving model ...
Updating learning rate to 6.561e-05
	iters: 100, epoch: 8 | loss: 0.7813687
	speed: 0.2994s/iter; left time: 7739.9815s
	iters: 200, epoch: 8 | loss: 0.6834116
	speed: 0.1304s/iter; left time: 3356.9183s
Epoch: 8 cost time: 36.35288214683533
Epoch: 8, Steps: 279 | Train Loss: 0.7615656 Vali Loss: 0.7838634 Test Loss: 0.3604524
Validation loss decreased (0.786279 --> 0.783863).  Saving model ...
Updating learning rate to 5.904900000000001e-05
	iters: 100, epoch: 9 | loss: 0.8039351
	speed: 0.2995s/iter; left time: 7658.5056s
	iters: 200, epoch: 9 | loss: 0.6584473
	speed: 0.1305s/iter; left time: 3322.5433s
Epoch: 9 cost time: 36.36090683937073
Epoch: 9, Steps: 279 | Train Loss: 0.7587128 Vali Loss: 0.7823138 Test Loss: 0.3599084
Validation loss decreased (0.783863 --> 0.782314).  Saving model ...
Updating learning rate to 5.3144100000000005e-05
	iters: 100, epoch: 10 | loss: 0.7110285
	speed: 0.2994s/iter; left time: 7572.5063s
	iters: 200, epoch: 10 | loss: 0.8310870
	speed: 0.1305s/iter; left time: 3287.0925s
Epoch: 10 cost time: 36.36348056793213
Epoch: 10, Steps: 279 | Train Loss: 0.7562126 Vali Loss: 0.7797863 Test Loss: 0.3594406
Validation loss decreased (0.782314 --> 0.779786).  Saving model ...
Updating learning rate to 4.782969000000001e-05
	iters: 100, epoch: 11 | loss: 0.8292353
	speed: 0.3000s/iter; left time: 7503.0686s
	iters: 200, epoch: 11 | loss: 0.7584910
	speed: 0.1304s/iter; left time: 3247.7001s
Epoch: 11 cost time: 36.35498881340027
Epoch: 11, Steps: 279 | Train Loss: 0.7542712 Vali Loss: 0.7771769 Test Loss: 0.3590171
Validation loss decreased (0.779786 --> 0.777177).  Saving model ...
Updating learning rate to 4.304672100000001e-05
	iters: 100, epoch: 12 | loss: 0.6812665
	speed: 0.2991s/iter; left time: 7398.4454s
	iters: 200, epoch: 12 | loss: 0.6926200
	speed: 0.1304s/iter; left time: 3212.5363s
Epoch: 12 cost time: 36.358927726745605
Epoch: 12, Steps: 279 | Train Loss: 0.7522628 Vali Loss: 0.7768842 Test Loss: 0.3586586
Validation loss decreased (0.777177 --> 0.776884).  Saving model ...
Updating learning rate to 3.874204890000001e-05
	iters: 100, epoch: 13 | loss: 0.7278957
	speed: 0.2992s/iter; left time: 7315.5920s
	iters: 200, epoch: 13 | loss: 0.6842533
	speed: 0.1303s/iter; left time: 3174.2415s
Epoch: 13 cost time: 36.32104420661926
Epoch: 13, Steps: 279 | Train Loss: 0.7506543 Vali Loss: 0.7756452 Test Loss: 0.3583531
Validation loss decreased (0.776884 --> 0.775645).  Saving model ...
Updating learning rate to 3.486784401000001e-05
	iters: 100, epoch: 14 | loss: 0.7791761
	speed: 0.2987s/iter; left time: 7220.5019s
	iters: 200, epoch: 14 | loss: 0.7896931
	speed: 0.1299s/iter; left time: 3127.0099s
Epoch: 14 cost time: 36.230019092559814
Epoch: 14, Steps: 279 | Train Loss: 0.7493486 Vali Loss: 0.7745212 Test Loss: 0.3580852
Validation loss decreased (0.775645 --> 0.774521).  Saving model ...
Updating learning rate to 3.138105960900001e-05
	iters: 100, epoch: 15 | loss: 0.7631520
	speed: 0.2981s/iter; left time: 7121.9695s
	iters: 200, epoch: 15 | loss: 0.7800224
	speed: 0.1299s/iter; left time: 3090.8688s
Epoch: 15 cost time: 36.222312688827515
Epoch: 15, Steps: 279 | Train Loss: 0.7475832 Vali Loss: 0.7740985 Test Loss: 0.3578483
Validation loss decreased (0.774521 --> 0.774099).  Saving model ...
Updating learning rate to 2.824295364810001e-05
	iters: 100, epoch: 16 | loss: 0.8360546
	speed: 0.3020s/iter; left time: 7130.9386s
	iters: 200, epoch: 16 | loss: 0.7844514
	speed: 0.1297s/iter; left time: 3050.4609s
Epoch: 16 cost time: 36.183295488357544
Epoch: 16, Steps: 279 | Train Loss: 0.7468603 Vali Loss: 0.7742493 Test Loss: 0.3576109
EarlyStopping counter: 1 out of 20
Updating learning rate to 2.541865828329001e-05
	iters: 100, epoch: 17 | loss: 0.7656749
	speed: 0.2971s/iter; left time: 6933.6928s
	iters: 200, epoch: 17 | loss: 0.7309209
	speed: 0.1305s/iter; left time: 3032.8084s
Epoch: 17 cost time: 36.359532833099365
Epoch: 17, Steps: 279 | Train Loss: 0.7458191 Vali Loss: 0.7723924 Test Loss: 0.3574142
Validation loss decreased (0.774099 --> 0.772392).  Saving model ...
Updating learning rate to 2.287679245496101e-05
	iters: 100, epoch: 18 | loss: 0.7499723
	speed: 0.3019s/iter; left time: 6960.7975s
	iters: 200, epoch: 18 | loss: 0.8404113
	speed: 0.1307s/iter; left time: 3000.0615s
Epoch: 18 cost time: 36.43865180015564
Epoch: 18, Steps: 279 | Train Loss: 0.7446303 Vali Loss: 0.7708706 Test Loss: 0.3572320
Validation loss decreased (0.772392 --> 0.770871).  Saving model ...
Updating learning rate to 2.0589113209464907e-05
	iters: 100, epoch: 19 | loss: 0.7488044
	speed: 0.3007s/iter; left time: 6850.2171s
	iters: 200, epoch: 19 | loss: 0.6671141
	speed: 0.1308s/iter; left time: 2965.4005s
Epoch: 19 cost time: 36.48114466667175
Epoch: 19, Steps: 279 | Train Loss: 0.7437629 Vali Loss: 0.7720307 Test Loss: 0.3570594
EarlyStopping counter: 1 out of 20
Updating learning rate to 1.8530201888518416e-05
	iters: 100, epoch: 20 | loss: 0.7084507
	speed: 0.3011s/iter; left time: 6774.6378s
	iters: 200, epoch: 20 | loss: 0.7334884
	speed: 0.1305s/iter; left time: 2923.9828s
Epoch: 20 cost time: 36.42930579185486
Epoch: 20, Steps: 279 | Train Loss: 0.7431972 Vali Loss: 0.7710668 Test Loss: 0.3569100
EarlyStopping counter: 2 out of 20
Updating learning rate to 1.6677181699666577e-05
	iters: 100, epoch: 21 | loss: 0.7154905
	speed: 0.3002s/iter; left time: 6671.3941s
	iters: 200, epoch: 21 | loss: 0.8025387
	speed: 0.1305s/iter; left time: 2887.3602s
Epoch: 21 cost time: 36.41551327705383
Epoch: 21, Steps: 279 | Train Loss: 0.7427085 Vali Loss: 0.7703565 Test Loss: 0.3567716
Validation loss decreased (0.770871 --> 0.770357).  Saving model ...
Updating learning rate to 1.5009463529699919e-05
	iters: 100, epoch: 22 | loss: 0.6696545
	speed: 0.3014s/iter; left time: 6612.5979s
	iters: 200, epoch: 22 | loss: 0.7255620
	speed: 0.1305s/iter; left time: 2849.4054s
Epoch: 22 cost time: 36.431612491607666
Epoch: 22, Steps: 279 | Train Loss: 0.7419175 Vali Loss: 0.7691584 Test Loss: 0.3566482
Validation loss decreased (0.770357 --> 0.769158).  Saving model ...
Updating learning rate to 1.3508517176729929e-05
	iters: 100, epoch: 23 | loss: 0.7735471
	speed: 0.3007s/iter; left time: 6514.4676s
	iters: 200, epoch: 23 | loss: 0.7563169
	speed: 0.1305s/iter; left time: 2813.8025s
Epoch: 23 cost time: 36.40906500816345
Epoch: 23, Steps: 279 | Train Loss: 0.7415064 Vali Loss: 0.7681068 Test Loss: 0.3565377
Validation loss decreased (0.769158 --> 0.768107).  Saving model ...
Updating learning rate to 1.2157665459056936e-05
	iters: 100, epoch: 24 | loss: 0.7674162
	speed: 0.3015s/iter; left time: 6446.2508s
	iters: 200, epoch: 24 | loss: 0.6819463
	speed: 0.1305s/iter; left time: 2777.2078s
Epoch: 24 cost time: 36.42477226257324
Epoch: 24, Steps: 279 | Train Loss: 0.7405258 Vali Loss: 0.7689117 Test Loss: 0.3564284
EarlyStopping counter: 1 out of 20
Updating learning rate to 1.0941898913151242e-05
	iters: 100, epoch: 25 | loss: 0.7264424
	speed: 0.3000s/iter; left time: 6331.6847s
	iters: 200, epoch: 25 | loss: 0.7766419
	speed: 0.1306s/iter; left time: 2743.0155s
Epoch: 25 cost time: 36.45416212081909
Epoch: 25, Steps: 279 | Train Loss: 0.7403870 Vali Loss: 0.7691305 Test Loss: 0.3563327
EarlyStopping counter: 2 out of 20
Updating learning rate to 9.847709021836118e-06
	iters: 100, epoch: 26 | loss: 0.7380027
	speed: 0.3007s/iter; left time: 6262.3934s
	iters: 200, epoch: 26 | loss: 0.7022711
	speed: 0.1305s/iter; left time: 2704.5318s
Epoch: 26 cost time: 36.44431757926941
Epoch: 26, Steps: 279 | Train Loss: 0.7395963 Vali Loss: 0.7681531 Test Loss: 0.3562456
EarlyStopping counter: 3 out of 20
Updating learning rate to 8.862938119652508e-06
	iters: 100, epoch: 27 | loss: 0.6811593
	speed: 0.3009s/iter; left time: 6182.3233s
	iters: 200, epoch: 27 | loss: 0.7049796
	speed: 0.1305s/iter; left time: 2668.4743s
Epoch: 27 cost time: 36.42486906051636
Epoch: 27, Steps: 279 | Train Loss: 0.7392127 Vali Loss: 0.7681217 Test Loss: 0.3561688
EarlyStopping counter: 4 out of 20
Updating learning rate to 7.976644307687255e-06
	iters: 100, epoch: 28 | loss: 0.6993161
	speed: 0.3001s/iter; left time: 6082.6880s
	iters: 200, epoch: 28 | loss: 0.7131910
	speed: 0.1305s/iter; left time: 2631.9117s
Epoch: 28 cost time: 36.42341184616089
Epoch: 28, Steps: 279 | Train Loss: 0.7389044 Vali Loss: 0.7674074 Test Loss: 0.3561037
Validation loss decreased (0.768107 --> 0.767407).  Saving model ...
Updating learning rate to 7.178979876918531e-06
	iters: 100, epoch: 29 | loss: 0.7526059
	speed: 0.3014s/iter; left time: 6024.9385s
	iters: 200, epoch: 29 | loss: 0.7257698
	speed: 0.1305s/iter; left time: 2594.7617s
Epoch: 29 cost time: 36.450709104537964
Epoch: 29, Steps: 279 | Train Loss: 0.7387451 Vali Loss: 0.7684682 Test Loss: 0.3560399
EarlyStopping counter: 1 out of 20
Updating learning rate to 6.4610818892266776e-06
	iters: 100, epoch: 30 | loss: 0.7320573
	speed: 0.3005s/iter; left time: 5923.2458s
	iters: 200, epoch: 30 | loss: 0.7021886
	speed: 0.1304s/iter; left time: 2557.0132s
Epoch: 30 cost time: 36.42077136039734
Epoch: 30, Steps: 279 | Train Loss: 0.7381311 Vali Loss: 0.7665914 Test Loss: 0.3559788
Validation loss decreased (0.767407 --> 0.766591).  Saving model ...
Updating learning rate to 5.8149737003040096e-06
	iters: 100, epoch: 31 | loss: 0.7630336
	speed: 0.3007s/iter; left time: 5843.3823s
	iters: 200, epoch: 31 | loss: 0.7578024
	speed: 0.1305s/iter; left time: 2521.7365s
Epoch: 31 cost time: 36.42850661277771
Epoch: 31, Steps: 279 | Train Loss: 0.7379109 Vali Loss: 0.7670400 Test Loss: 0.3559287
EarlyStopping counter: 1 out of 20
Updating learning rate to 5.23347633027361e-06
	iters: 100, epoch: 32 | loss: 0.7659268
	speed: 0.3008s/iter; left time: 5759.9701s
	iters: 200, epoch: 32 | loss: 0.6934600
	speed: 0.1296s/iter; left time: 2469.2871s
Epoch: 32 cost time: 36.259769439697266
Epoch: 32, Steps: 279 | Train Loss: 0.7379242 Vali Loss: 0.7653186 Test Loss: 0.3558815
Validation loss decreased (0.766591 --> 0.765319).  Saving model ...
Updating learning rate to 4.710128697246249e-06
	iters: 100, epoch: 33 | loss: 0.7050295
	speed: 0.3009s/iter; left time: 5678.6322s
	iters: 200, epoch: 33 | loss: 0.6953979
	speed: 0.1295s/iter; left time: 2430.7652s
Epoch: 33 cost time: 36.14028453826904
Epoch: 33, Steps: 279 | Train Loss: 0.7377870 Vali Loss: 0.7658913 Test Loss: 0.3558413
EarlyStopping counter: 1 out of 20
Updating learning rate to 4.239115827521624e-06
	iters: 100, epoch: 34 | loss: 0.6940724
	speed: 0.2970s/iter; left time: 5522.2938s
	iters: 200, epoch: 34 | loss: 0.7604086
	speed: 0.1295s/iter; left time: 2395.4444s
Epoch: 34 cost time: 36.151307344436646
Epoch: 34, Steps: 279 | Train Loss: 0.7374323 Vali Loss: 0.7674614 Test Loss: 0.3558043
EarlyStopping counter: 2 out of 20
Updating learning rate to 3.815204244769462e-06
	iters: 100, epoch: 35 | loss: 0.7197312
	speed: 0.2971s/iter; left time: 5442.0805s
	iters: 200, epoch: 35 | loss: 0.6792018
	speed: 0.1295s/iter; left time: 2358.8030s
Epoch: 35 cost time: 36.155986070632935
Epoch: 35, Steps: 279 | Train Loss: 0.7375391 Vali Loss: 0.7663592 Test Loss: 0.3557727
EarlyStopping counter: 3 out of 20
Updating learning rate to 3.4336838202925152e-06
	iters: 100, epoch: 36 | loss: 0.7688407
	speed: 0.2973s/iter; left time: 5362.8909s
	iters: 200, epoch: 36 | loss: 0.6627493
	speed: 0.1295s/iter; left time: 2322.5721s
Epoch: 36 cost time: 36.16945767402649
Epoch: 36, Steps: 279 | Train Loss: 0.7372224 Vali Loss: 0.7664309 Test Loss: 0.3557403
EarlyStopping counter: 4 out of 20
Updating learning rate to 3.090315438263264e-06
	iters: 100, epoch: 37 | loss: 0.7529576
	speed: 0.2972s/iter; left time: 5277.2208s
	iters: 200, epoch: 37 | loss: 0.6470068
	speed: 0.1295s/iter; left time: 2286.6838s
Epoch: 37 cost time: 36.160481452941895
Epoch: 37, Steps: 279 | Train Loss: 0.7370476 Vali Loss: 0.7664836 Test Loss: 0.3557142
EarlyStopping counter: 5 out of 20
Updating learning rate to 2.7812838944369375e-06
	iters: 100, epoch: 38 | loss: 0.7278892
	speed: 0.2970s/iter; left time: 5190.9559s
	iters: 200, epoch: 38 | loss: 0.7350784
	speed: 0.1296s/iter; left time: 2251.3965s
Epoch: 38 cost time: 36.16789746284485
Epoch: 38, Steps: 279 | Train Loss: 0.7372089 Vali Loss: 0.7656341 Test Loss: 0.3556871
EarlyStopping counter: 6 out of 20
Updating learning rate to 2.503155504993244e-06
	iters: 100, epoch: 39 | loss: 0.7021723
	speed: 0.2970s/iter; left time: 5108.5328s
	iters: 200, epoch: 39 | loss: 0.6694991
	speed: 0.1295s/iter; left time: 2213.8282s
Epoch: 39 cost time: 36.156506299972534
Epoch: 39, Steps: 279 | Train Loss: 0.7368738 Vali Loss: 0.7666979 Test Loss: 0.3556633
EarlyStopping counter: 7 out of 20
Updating learning rate to 2.2528399544939195e-06
	iters: 100, epoch: 40 | loss: 0.6723060
	speed: 0.2977s/iter; left time: 5037.2481s
	iters: 200, epoch: 40 | loss: 0.8291563
	speed: 0.1295s/iter; left time: 2178.5138s
Epoch: 40 cost time: 36.15235900878906
Epoch: 40, Steps: 279 | Train Loss: 0.7366937 Vali Loss: 0.7655607 Test Loss: 0.3556424
EarlyStopping counter: 8 out of 20
Updating learning rate to 2.0275559590445276e-06
	iters: 100, epoch: 41 | loss: 0.8269649
	speed: 0.2978s/iter; left time: 4955.2715s
	iters: 200, epoch: 41 | loss: 0.7109914
	speed: 0.1299s/iter; left time: 2149.0226s
Epoch: 41 cost time: 36.246203660964966
Epoch: 41, Steps: 279 | Train Loss: 0.7364777 Vali Loss: 0.7659444 Test Loss: 0.3556251
EarlyStopping counter: 9 out of 20
Updating learning rate to 1.8248003631400751e-06
	iters: 100, epoch: 42 | loss: 0.6286245
	speed: 0.2982s/iter; left time: 4879.5545s
	iters: 200, epoch: 42 | loss: 0.7262446
	speed: 0.1299s/iter; left time: 2112.9773s
Epoch: 42 cost time: 36.26888561248779
Epoch: 42, Steps: 279 | Train Loss: 0.7365051 Vali Loss: 0.7649782 Test Loss: 0.3556089
Validation loss decreased (0.765319 --> 0.764978).  Saving model ...
Updating learning rate to 1.6423203268260676e-06
	iters: 100, epoch: 43 | loss: 0.8094946
	speed: 0.2984s/iter; left time: 4799.7398s
	iters: 200, epoch: 43 | loss: 0.7311928
	speed: 0.1300s/iter; left time: 2077.6441s
Epoch: 43 cost time: 36.26604151725769
Epoch: 43, Steps: 279 | Train Loss: 0.7366468 Vali Loss: 0.7657343 Test Loss: 0.3555938
EarlyStopping counter: 1 out of 20
Updating learning rate to 1.4780882941434609e-06
	iters: 100, epoch: 44 | loss: 0.6755132
	speed: 0.2982s/iter; left time: 4713.0521s
	iters: 200, epoch: 44 | loss: 0.7199634
	speed: 0.1301s/iter; left time: 2043.0216s
Epoch: 44 cost time: 36.25761032104492
Epoch: 44, Steps: 279 | Train Loss: 0.7366256 Vali Loss: 0.7660898 Test Loss: 0.3555810
EarlyStopping counter: 2 out of 20
Updating learning rate to 1.3302794647291146e-06
	iters: 100, epoch: 45 | loss: 0.8337577
	speed: 0.2976s/iter; left time: 4620.2915s
	iters: 200, epoch: 45 | loss: 0.8295317
	speed: 0.1301s/iter; left time: 2007.3128s
Epoch: 45 cost time: 36.26072669029236
Epoch: 45, Steps: 279 | Train Loss: 0.7362756 Vali Loss: 0.7651567 Test Loss: 0.3555702
EarlyStopping counter: 3 out of 20
Updating learning rate to 1.1972515182562034e-06
	iters: 100, epoch: 46 | loss: 0.7831665
	speed: 0.2975s/iter; left time: 4536.1960s
	iters: 200, epoch: 46 | loss: 0.7392926
	speed: 0.1302s/iter; left time: 1971.6951s
Epoch: 46 cost time: 36.25194001197815
Epoch: 46, Steps: 279 | Train Loss: 0.7364503 Vali Loss: 0.7658908 Test Loss: 0.3555585
EarlyStopping counter: 4 out of 20
Updating learning rate to 1.077526366430583e-06
	iters: 100, epoch: 47 | loss: 0.7302338
	speed: 0.2975s/iter; left time: 4453.0515s
	iters: 200, epoch: 47 | loss: 0.6420350
	speed: 0.1303s/iter; left time: 1937.2560s
Epoch: 47 cost time: 36.26877236366272
Epoch: 47, Steps: 279 | Train Loss: 0.7364370 Vali Loss: 0.7648926 Test Loss: 0.3555487
Validation loss decreased (0.764978 --> 0.764893).  Saving model ...
Updating learning rate to 9.697737297875248e-07
	iters: 100, epoch: 48 | loss: 0.7404497
	speed: 0.2981s/iter; left time: 4378.3770s
	iters: 200, epoch: 48 | loss: 0.7832591
	speed: 0.1303s/iter; left time: 1900.4537s
Epoch: 48 cost time: 36.26029300689697
Epoch: 48, Steps: 279 | Train Loss: 0.7361518 Vali Loss: 0.7645426 Test Loss: 0.3555396
Validation loss decreased (0.764893 --> 0.764543).  Saving model ...
Updating learning rate to 8.727963568087723e-07
	iters: 100, epoch: 49 | loss: 0.6243009
	speed: 0.2989s/iter; left time: 4306.6923s
	iters: 200, epoch: 49 | loss: 0.7676584
	speed: 0.1303s/iter; left time: 1864.9435s
Epoch: 49 cost time: 36.27408003807068
Epoch: 49, Steps: 279 | Train Loss: 0.7363150 Vali Loss: 0.7649463 Test Loss: 0.3555323
EarlyStopping counter: 1 out of 20
Updating learning rate to 7.855167211278951e-07
	iters: 100, epoch: 50 | loss: 0.7436953
	speed: 0.2975s/iter; left time: 4203.0295s
	iters: 200, epoch: 50 | loss: 0.7558656
	speed: 0.1302s/iter; left time: 1826.2407s
Epoch: 50 cost time: 36.24957823753357
Epoch: 50, Steps: 279 | Train Loss: 0.7363452 Vali Loss: 0.7654974 Test Loss: 0.3555248
EarlyStopping counter: 2 out of 20
Updating learning rate to 7.069650490151056e-07
	iters: 100, epoch: 51 | loss: 0.7681211
	speed: 0.2975s/iter; left time: 4120.1820s
	iters: 200, epoch: 51 | loss: 0.8212634
	speed: 0.1302s/iter; left time: 1790.0684s
Epoch: 51 cost time: 36.25655460357666
Epoch: 51, Steps: 279 | Train Loss: 0.7363251 Vali Loss: 0.7643991 Test Loss: 0.3555182
Validation loss decreased (0.764543 --> 0.764399).  Saving model ...
Updating learning rate to 6.36268544113595e-07
	iters: 100, epoch: 52 | loss: 0.7079388
	speed: 0.2982s/iter; left time: 4046.7902s
	iters: 200, epoch: 52 | loss: 0.7271627
	speed: 0.1302s/iter; left time: 1754.1282s
Epoch: 52 cost time: 36.260658740997314
Epoch: 52, Steps: 279 | Train Loss: 0.7360274 Vali Loss: 0.7642442 Test Loss: 0.3555129
Validation loss decreased (0.764399 --> 0.764244).  Saving model ...
Updating learning rate to 5.726416897022355e-07
	iters: 100, epoch: 53 | loss: 0.6418076
	speed: 0.2991s/iter; left time: 3976.0893s
	iters: 200, epoch: 53 | loss: 0.7648751
	speed: 0.1301s/iter; left time: 1716.2718s
Epoch: 53 cost time: 36.259586334228516
Epoch: 53, Steps: 279 | Train Loss: 0.7361376 Vali Loss: 0.7658396 Test Loss: 0.3555070
EarlyStopping counter: 1 out of 20
Updating learning rate to 5.15377520732012e-07
	iters: 100, epoch: 54 | loss: 0.8284734
	speed: 0.2979s/iter; left time: 3877.3348s
	iters: 200, epoch: 54 | loss: 0.9167191
	speed: 0.1301s/iter; left time: 1679.8371s
Epoch: 54 cost time: 36.2646541595459
Epoch: 54, Steps: 279 | Train Loss: 0.7361960 Vali Loss: 0.7648613 Test Loss: 0.3555033
EarlyStopping counter: 2 out of 20
Updating learning rate to 4.6383976865881085e-07
	iters: 100, epoch: 55 | loss: 0.7466159
	speed: 0.2977s/iter; left time: 3790.8781s
	iters: 200, epoch: 55 | loss: 0.6452845
	speed: 0.1300s/iter; left time: 1642.9702s
Epoch: 55 cost time: 36.25747513771057
Epoch: 55, Steps: 279 | Train Loss: 0.7362039 Vali Loss: 0.7641633 Test Loss: 0.3554977
Validation loss decreased (0.764244 --> 0.764163).  Saving model ...
Updating learning rate to 4.174557917929298e-07
	iters: 100, epoch: 56 | loss: 0.7828810
	speed: 0.2983s/iter; left time: 3715.3136s
	iters: 200, epoch: 56 | loss: 0.7281950
	speed: 0.1299s/iter; left time: 1604.6238s
Epoch: 56 cost time: 36.259368658065796
Epoch: 56, Steps: 279 | Train Loss: 0.7360054 Vali Loss: 0.7656721 Test Loss: 0.3554940
EarlyStopping counter: 1 out of 20
Updating learning rate to 3.7571021261363677e-07
	iters: 100, epoch: 57 | loss: 0.7106677
	speed: 0.2982s/iter; left time: 3631.6884s
	iters: 200, epoch: 57 | loss: 0.6601925
	speed: 0.1299s/iter; left time: 1568.6160s
Epoch: 57 cost time: 36.26582884788513
Epoch: 57, Steps: 279 | Train Loss: 0.7359595 Vali Loss: 0.7651171 Test Loss: 0.3554915
EarlyStopping counter: 2 out of 20
Updating learning rate to 3.381391913522731e-07
	iters: 100, epoch: 58 | loss: 0.8312681
	speed: 0.2982s/iter; left time: 3548.1853s
	iters: 200, epoch: 58 | loss: 0.7394334
	speed: 0.1298s/iter; left time: 1531.2268s
Epoch: 58 cost time: 36.253886222839355
Epoch: 58, Steps: 279 | Train Loss: 0.7361660 Vali Loss: 0.7651951 Test Loss: 0.3554880
EarlyStopping counter: 3 out of 20
Updating learning rate to 3.043252722170458e-07
	iters: 100, epoch: 59 | loss: 0.7847983
	speed: 0.2978s/iter; left time: 3459.6176s
	iters: 200, epoch: 59 | loss: 0.7483074
	speed: 0.1298s/iter; left time: 1495.4264s
Epoch: 59 cost time: 36.25754761695862
Epoch: 59, Steps: 279 | Train Loss: 0.7359704 Vali Loss: 0.7646347 Test Loss: 0.3554858
EarlyStopping counter: 4 out of 20
Updating learning rate to 2.7389274499534124e-07
	iters: 100, epoch: 60 | loss: 0.6810447
	speed: 0.2982s/iter; left time: 3381.7436s
	iters: 200, epoch: 60 | loss: 0.7367512
	speed: 0.1298s/iter; left time: 1458.7208s
Epoch: 60 cost time: 36.26578426361084
Epoch: 60, Steps: 279 | Train Loss: 0.7360264 Vali Loss: 0.7659755 Test Loss: 0.3554829
EarlyStopping counter: 5 out of 20
Updating learning rate to 2.465034704958071e-07
	iters: 100, epoch: 61 | loss: 0.7805101
	speed: 0.2985s/iter; left time: 3301.3871s
	iters: 200, epoch: 61 | loss: 0.7730888
	speed: 0.1299s/iter; left time: 1423.4882s
Epoch: 61 cost time: 36.277451038360596
Epoch: 61, Steps: 279 | Train Loss: 0.7359173 Vali Loss: 0.7663965 Test Loss: 0.3554816
EarlyStopping counter: 6 out of 20
Updating learning rate to 2.218531234462264e-07
	iters: 100, epoch: 62 | loss: 0.7982760
	speed: 0.2983s/iter; left time: 3216.6678s
	iters: 200, epoch: 62 | loss: 0.8040853
	speed: 0.1299s/iter; left time: 1387.4474s
Epoch: 62 cost time: 36.28224444389343
Epoch: 62, Steps: 279 | Train Loss: 0.7361188 Vali Loss: 0.7632700 Test Loss: 0.3554815
Validation loss decreased (0.764163 --> 0.763270).  Saving model ...
Updating learning rate to 1.9966781110160376e-07
	iters: 100, epoch: 63 | loss: 0.7108096
	speed: 0.2990s/iter; left time: 3140.6303s
	iters: 200, epoch: 63 | loss: 0.7785542
	speed: 0.1299s/iter; left time: 1351.1778s
Epoch: 63 cost time: 36.274113178253174
Epoch: 63, Steps: 279 | Train Loss: 0.7360241 Vali Loss: 0.7643345 Test Loss: 0.3554789
EarlyStopping counter: 1 out of 20
Updating learning rate to 1.797010299914434e-07
	iters: 100, epoch: 64 | loss: 0.8417584
	speed: 0.2989s/iter; left time: 3055.7467s
	iters: 200, epoch: 64 | loss: 0.8009102
	speed: 0.1299s/iter; left time: 1315.3455s
Epoch: 64 cost time: 36.277955293655396
Epoch: 64, Steps: 279 | Train Loss: 0.7358268 Vali Loss: 0.7646000 Test Loss: 0.3554779
EarlyStopping counter: 2 out of 20
Updating learning rate to 1.6173092699229907e-07
	iters: 100, epoch: 65 | loss: 0.7700559
	speed: 0.2990s/iter; left time: 2974.0051s
	iters: 200, epoch: 65 | loss: 0.8109562
	speed: 0.1300s/iter; left time: 1279.7042s
Epoch: 65 cost time: 36.27153277397156
Epoch: 65, Steps: 279 | Train Loss: 0.7358781 Vali Loss: 0.7655674 Test Loss: 0.3554751
EarlyStopping counter: 3 out of 20
Updating learning rate to 1.4555783429306916e-07
	iters: 100, epoch: 66 | loss: 0.6858451
	speed: 0.2999s/iter; left time: 2898.8458s
	iters: 200, epoch: 66 | loss: 0.7955383
	speed: 0.1300s/iter; left time: 1243.3321s
Epoch: 66 cost time: 36.264957666397095
Epoch: 66, Steps: 279 | Train Loss: 0.7360165 Vali Loss: 0.7651551 Test Loss: 0.3554753
EarlyStopping counter: 4 out of 20
Updating learning rate to 1.3100205086376224e-07
	iters: 100, epoch: 67 | loss: 0.7008898
	speed: 0.3000s/iter; left time: 2816.1002s
	iters: 200, epoch: 67 | loss: 0.8068447
	speed: 0.1299s/iter; left time: 1206.7789s
Epoch: 67 cost time: 36.260926246643066
Epoch: 67, Steps: 279 | Train Loss: 0.7359701 Vali Loss: 0.7650586 Test Loss: 0.3554741
EarlyStopping counter: 5 out of 20
Updating learning rate to 1.1790184577738603e-07
	iters: 100, epoch: 68 | loss: 0.7505770
	speed: 0.2994s/iter; left time: 2727.3029s
	iters: 200, epoch: 68 | loss: 0.6929000
	speed: 0.1300s/iter; left time: 1170.7560s
Epoch: 68 cost time: 36.26834726333618
Epoch: 68, Steps: 279 | Train Loss: 0.7360541 Vali Loss: 0.7647887 Test Loss: 0.3554736
EarlyStopping counter: 6 out of 20
Updating learning rate to 1.0611166119964742e-07
	iters: 100, epoch: 69 | loss: 0.7817500
	speed: 0.2992s/iter; left time: 2641.1963s
	iters: 200, epoch: 69 | loss: 0.7768246
	speed: 0.1299s/iter; left time: 1134.2342s
Epoch: 69 cost time: 36.27549481391907
Epoch: 69, Steps: 279 | Train Loss: 0.7360828 Vali Loss: 0.7649474 Test Loss: 0.3554727
EarlyStopping counter: 7 out of 20
Updating learning rate to 9.550049507968268e-08
	iters: 100, epoch: 70 | loss: 0.7701548
	speed: 0.2992s/iter; left time: 2558.5473s
	iters: 200, epoch: 70 | loss: 0.7876763
	speed: 0.1300s/iter; left time: 1098.3589s
Epoch: 70 cost time: 36.28966045379639
Epoch: 70, Steps: 279 | Train Loss: 0.7359102 Vali Loss: 0.7655292 Test Loss: 0.3554715
EarlyStopping counter: 8 out of 20
Updating learning rate to 8.595044557171442e-08
	iters: 100, epoch: 71 | loss: 0.6426688
	speed: 0.2986s/iter; left time: 2469.3458s
	iters: 200, epoch: 71 | loss: 0.6742880
	speed: 0.1300s/iter; left time: 1062.2022s
Epoch: 71 cost time: 36.299813985824585
Epoch: 71, Steps: 279 | Train Loss: 0.7361634 Vali Loss: 0.7664211 Test Loss: 0.3554728
EarlyStopping counter: 9 out of 20
Updating learning rate to 7.735540101454298e-08
	iters: 100, epoch: 72 | loss: 0.7459986
	speed: 0.2983s/iter; left time: 2384.0876s
	iters: 200, epoch: 72 | loss: 0.7431751
	speed: 0.1300s/iter; left time: 1025.7797s
Epoch: 72 cost time: 36.32186198234558
Epoch: 72, Steps: 279 | Train Loss: 0.7359681 Vali Loss: 0.7651730 Test Loss: 0.3554726
EarlyStopping counter: 10 out of 20
Updating learning rate to 6.961986091308869e-08
	iters: 100, epoch: 73 | loss: 0.7394177
	speed: 0.2985s/iter; left time: 2302.3782s
	iters: 200, epoch: 73 | loss: 0.7777658
	speed: 0.1300s/iter; left time: 990.0673s
Epoch: 73 cost time: 36.32620072364807
Epoch: 73, Steps: 279 | Train Loss: 0.7358294 Vali Loss: 0.7656410 Test Loss: 0.3554717
EarlyStopping counter: 11 out of 20
Updating learning rate to 6.265787482177981e-08
	iters: 100, epoch: 74 | loss: 0.7490609
	speed: 0.2988s/iter; left time: 2221.1526s
	iters: 200, epoch: 74 | loss: 0.7628524
	speed: 0.1301s/iter; left time: 953.8652s
Epoch: 74 cost time: 36.32836174964905
Epoch: 74, Steps: 279 | Train Loss: 0.7358518 Vali Loss: 0.7659507 Test Loss: 0.3554705
EarlyStopping counter: 12 out of 20
Updating learning rate to 5.639208733960184e-08
	iters: 100, epoch: 75 | loss: 0.7146256
	speed: 0.2989s/iter; left time: 2138.5774s
	iters: 200, epoch: 75 | loss: 0.6459944
	speed: 0.1300s/iter; left time: 917.3589s
Epoch: 75 cost time: 36.3257372379303
Epoch: 75, Steps: 279 | Train Loss: 0.7362239 Vali Loss: 0.7658955 Test Loss: 0.3554701
EarlyStopping counter: 13 out of 20
Updating learning rate to 5.075287860564165e-08
	iters: 100, epoch: 76 | loss: 0.7389326
	speed: 0.2985s/iter; left time: 2052.4231s
	iters: 200, epoch: 76 | loss: 0.7509903
	speed: 0.1300s/iter; left time: 881.1719s
Epoch: 76 cost time: 36.32852816581726
Epoch: 76, Steps: 279 | Train Loss: 0.7359140 Vali Loss: 0.7651314 Test Loss: 0.3554703
EarlyStopping counter: 14 out of 20
Updating learning rate to 4.567759074507749e-08
	iters: 100, epoch: 77 | loss: 0.6171532
	speed: 0.2984s/iter; left time: 1968.4075s
	iters: 200, epoch: 77 | loss: 0.6671246
	speed: 0.1302s/iter; left time: 845.7200s
Epoch: 77 cost time: 36.337095499038696
Epoch: 77, Steps: 279 | Train Loss: 0.7359507 Vali Loss: 0.7636140 Test Loss: 0.3554696
EarlyStopping counter: 15 out of 20
Updating learning rate to 4.1109831670569744e-08
	iters: 100, epoch: 78 | loss: 0.7697101
	speed: 0.2984s/iter; left time: 1885.5672s
	iters: 200, epoch: 78 | loss: 0.7187101
	speed: 0.1302s/iter; left time: 809.4930s
Epoch: 78 cost time: 36.32280611991882
Epoch: 78, Steps: 279 | Train Loss: 0.7359366 Vali Loss: 0.7651032 Test Loss: 0.3554706
EarlyStopping counter: 16 out of 20
Updating learning rate to 3.6998848503512764e-08
	iters: 100, epoch: 79 | loss: 0.6762819
	speed: 0.2987s/iter; left time: 1804.1376s
	iters: 200, epoch: 79 | loss: 0.7105474
	speed: 0.1303s/iter; left time: 773.6230s
Epoch: 79 cost time: 36.326549768447876
Epoch: 79, Steps: 279 | Train Loss: 0.7361262 Vali Loss: 0.7662543 Test Loss: 0.3554700
EarlyStopping counter: 17 out of 20
Updating learning rate to 3.3298963653161496e-08
	iters: 100, epoch: 80 | loss: 0.7454988
	speed: 0.2980s/iter; left time: 1716.7170s
	iters: 200, epoch: 80 | loss: 0.7303830
	speed: 0.1303s/iter; left time: 737.2584s
Epoch: 80 cost time: 36.30496692657471
Epoch: 80, Steps: 279 | Train Loss: 0.7359548 Vali Loss: 0.7637526 Test Loss: 0.3554700
EarlyStopping counter: 18 out of 20
Updating learning rate to 2.996906728784534e-08
	iters: 100, epoch: 81 | loss: 0.6531674
	speed: 0.2979s/iter; left time: 1632.8465s
	iters: 200, epoch: 81 | loss: 0.7293543
	speed: 0.1304s/iter; left time: 701.5997s
Epoch: 81 cost time: 36.30409860610962
Epoch: 81, Steps: 279 | Train Loss: 0.7358864 Vali Loss: 0.7654915 Test Loss: 0.3554679
EarlyStopping counter: 19 out of 20
Updating learning rate to 2.697216055906081e-08
	iters: 100, epoch: 82 | loss: 0.6707690
	speed: 0.2980s/iter; left time: 1550.0802s
	iters: 200, epoch: 82 | loss: 0.7259706
	speed: 0.1303s/iter; left time: 664.8874s
Epoch: 82 cost time: 36.29993033409119
Epoch: 82, Steps: 279 | Train Loss: 0.7360291 Vali Loss: 0.7644167 Test Loss: 0.3554706
EarlyStopping counter: 20 out of 20
Early stopping
>>>>>>>testing : NL_weather_cms_lr0.0001_5steps_336_720_PatchTST_custom_ftM_sl336_ll48_pl720_dm128_nh16_el3_dl1_df256_fc1_ebtimeF_dtTruelr0.0001_pol5steps_Nested_Learning_0<<<<<<<<<<<<<<<<<<<<<<<<<<<<<<<<<
test 9820
 Ejecutando Inferencia DINÁMICA (Nested Learning con cms)
  -> Política: 5steps | LR: 0.0001 | Target: head

RESUMEN: El CMS se actualizó 16 veces de 76 posibles.

mse:0.3554815948009491, mae:0.3679687976837158, rse:0.7865511178970337
