==========================================================
SÚPER ARRAY TFG - TAREA ID: 91 / 113
Nodo: dionisio
Dataset: weather | Experimento: NL_weather_flatten_lr0.001_5steps
Cabeza: flatten | LR: 0.001 | Política: 5steps
==========================================================
Args in experiment:
Namespace(random_seed=2021, is_training=1, model_id='NL_weather_flatten_lr0.001_5steps_336_96', model='PatchTST', data='custom', root_path='./dataset/', data_path='weather.csv', features='M', target='OT', freq='h', checkpoints='./checkpoints/', seq_len=336, label_len=48, pred_len=96, head_type='flatten', cms_lr=0.001, update_policy='5steps', fc_dropout=0.2, head_dropout=0.0, patch_len=16, stride=8, padding_patch='end', revin=1, affine=0, subtract_last=0, decomposition=0, kernel_size=25, individual=0, embed_type=0, enc_in=21, dec_in=7, c_out=7, d_model=128, n_heads=16, e_layers=3, d_layers=1, d_ff=256, moving_avg=25, factor=1, distil=True, dropout=0.2, embed='timeF', activation='gelu', output_attention=False, do_predict=False, num_workers=0, itr=1, train_epochs=100, batch_size=128, patience=20, learning_rate=0.0001, des='Nested_Learning', loss='mse', lradj='type3', pct_start=0.3, use_amp=False, use_gpu=True, gpu=0, use_multi_gpu=False, devices='0,1,2,3', test_flop=False)
Use GPU: cuda:0
>>>>>>>start training : NL_weather_flatten_lr0.001_5steps_336_96_PatchTST_custom_ftM_sl336_ll48_pl96_dm128_nh16_el3_dl1_df256_fc1_ebtimeF_dtTruelr0.001_pol5steps_Nested_Learning_0>>>>>>>>>>>>>>>>>>>>>>>>>>
train 36456
val 5175
test 10444
	iters: 100, epoch: 1 | loss: 0.8781809
	speed: 0.1523s/iter; left time: 4311.1124s
	iters: 200, epoch: 1 | loss: 0.9479718
	speed: 0.1233s/iter; left time: 3477.2195s
Epoch: 1 cost time: 35.595619440078735
Epoch: 1, Steps: 284 | Train Loss: 0.9427805 Vali Loss: 0.7702799 Test Loss: 0.2973288
Validation loss decreased (inf --> 0.770280).  Saving model ...
Updating learning rate to 0.0001
	iters: 100, epoch: 2 | loss: 0.7521612
	speed: 0.2867s/iter; left time: 8033.7502s
	iters: 200, epoch: 2 | loss: 0.7647045
	speed: 0.1244s/iter; left time: 3472.9834s
Epoch: 2 cost time: 35.310474157333374
Epoch: 2, Steps: 284 | Train Loss: 0.8768997 Vali Loss: 0.6801597 Test Loss: 0.2697046
Validation loss decreased (0.770280 --> 0.680160).  Saving model ...
Updating learning rate to 0.0001
	iters: 100, epoch: 3 | loss: 0.7750536
	speed: 0.2876s/iter; left time: 7975.4903s
	iters: 200, epoch: 3 | loss: 0.7092987
	speed: 0.1246s/iter; left time: 3443.9902s
Epoch: 3 cost time: 35.40085959434509
Epoch: 3, Steps: 284 | Train Loss: 0.7663644 Vali Loss: 0.6073384 Test Loss: 0.2464400
Validation loss decreased (0.680160 --> 0.607338).  Saving model ...
Updating learning rate to 0.0001
	iters: 100, epoch: 4 | loss: 0.5807852
	speed: 0.2881s/iter; left time: 7908.6840s
	iters: 200, epoch: 4 | loss: 0.9122391
	speed: 0.1249s/iter; left time: 3416.7204s
Epoch: 4 cost time: 35.47981381416321
Epoch: 4, Steps: 284 | Train Loss: 0.6776981 Vali Loss: 0.5480233 Test Loss: 0.2278588
Validation loss decreased (0.607338 --> 0.548023).  Saving model ...
Updating learning rate to 9e-05
	iters: 100, epoch: 5 | loss: 0.5193887
	speed: 0.2886s/iter; left time: 7839.7907s
	iters: 200, epoch: 5 | loss: 0.9389215
	speed: 0.1249s/iter; left time: 3381.2146s
Epoch: 5 cost time: 35.493157386779785
Epoch: 5, Steps: 284 | Train Loss: 0.6106716 Vali Loss: 0.5133814 Test Loss: 0.2151176
Validation loss decreased (0.548023 --> 0.513381).  Saving model ...
Updating learning rate to 8.1e-05
	iters: 100, epoch: 6 | loss: 0.4941680
	speed: 0.2884s/iter; left time: 7753.4522s
	iters: 200, epoch: 6 | loss: 0.5617939
	speed: 0.1250s/iter; left time: 3346.4701s
Epoch: 6 cost time: 35.496939182281494
Epoch: 6, Steps: 284 | Train Loss: 0.5671950 Vali Loss: 0.4918071 Test Loss: 0.2065387
Validation loss decreased (0.513381 --> 0.491807).  Saving model ...
Updating learning rate to 7.290000000000001e-05
	iters: 100, epoch: 7 | loss: 0.6603174
	speed: 0.2886s/iter; left time: 7675.6829s
	iters: 200, epoch: 7 | loss: 0.4242506
	speed: 0.1250s/iter; left time: 3311.0122s
Epoch: 7 cost time: 35.496315240859985
Epoch: 7, Steps: 284 | Train Loss: 0.5386688 Vali Loss: 0.4758686 Test Loss: 0.2002764
Validation loss decreased (0.491807 --> 0.475869).  Saving model ...
Updating learning rate to 6.561e-05
	iters: 100, epoch: 8 | loss: 0.4671200
	speed: 0.2886s/iter; left time: 7593.9624s
	iters: 200, epoch: 8 | loss: 0.6370924
	speed: 0.1250s/iter; left time: 3276.8988s
Epoch: 8 cost time: 35.50538420677185
Epoch: 8, Steps: 284 | Train Loss: 0.5202393 Vali Loss: 0.4685844 Test Loss: 0.1954019
Validation loss decreased (0.475869 --> 0.468584).  Saving model ...
Updating learning rate to 5.904900000000001e-05
	iters: 100, epoch: 9 | loss: 0.6871881
	speed: 0.2887s/iter; left time: 7513.9007s
	iters: 200, epoch: 9 | loss: 0.4146628
	speed: 0.1250s/iter; left time: 3241.0058s
Epoch: 9 cost time: 35.50706481933594
Epoch: 9, Steps: 284 | Train Loss: 0.5068370 Vali Loss: 0.4624147 Test Loss: 0.1916110
Validation loss decreased (0.468584 --> 0.462415).  Saving model ...
Updating learning rate to 5.3144100000000005e-05
	iters: 100, epoch: 10 | loss: 0.4735077
	speed: 0.2886s/iter; left time: 7430.4369s
	iters: 200, epoch: 10 | loss: 0.4191480
	speed: 0.1250s/iter; left time: 3204.5792s
Epoch: 10 cost time: 35.50354766845703
Epoch: 10, Steps: 284 | Train Loss: 0.4979835 Vali Loss: 0.4566538 Test Loss: 0.1885438
Validation loss decreased (0.462415 --> 0.456654).  Saving model ...
Updating learning rate to 4.782969000000001e-05
	iters: 100, epoch: 11 | loss: 0.3759069
	speed: 0.2885s/iter; left time: 7346.2543s
	iters: 200, epoch: 11 | loss: 0.5705606
	speed: 0.1250s/iter; left time: 3169.8769s
Epoch: 11 cost time: 35.50245141983032
Epoch: 11, Steps: 284 | Train Loss: 0.4906342 Vali Loss: 0.4502400 Test Loss: 0.1860873
Validation loss decreased (0.456654 --> 0.450240).  Saving model ...
Updating learning rate to 4.304672100000001e-05
	iters: 100, epoch: 12 | loss: 0.7860005
	speed: 0.2890s/iter; left time: 7276.2843s
	iters: 200, epoch: 12 | loss: 0.4992035
	speed: 0.1250s/iter; left time: 3134.0972s
Epoch: 12 cost time: 35.503103733062744
Epoch: 12, Steps: 284 | Train Loss: 0.4852634 Vali Loss: 0.4492535 Test Loss: 0.1841442
Validation loss decreased (0.450240 --> 0.449253).  Saving model ...
Updating learning rate to 3.874204890000001e-05
	iters: 100, epoch: 13 | loss: 0.6666300
	speed: 0.2887s/iter; left time: 7187.6579s
	iters: 200, epoch: 13 | loss: 0.3696921
	speed: 0.1250s/iter; left time: 3099.6547s
Epoch: 13 cost time: 35.51217603683472
Epoch: 13, Steps: 284 | Train Loss: 0.4801412 Vali Loss: 0.4432487 Test Loss: 0.1825530
Validation loss decreased (0.449253 --> 0.443249).  Saving model ...
Updating learning rate to 3.486784401000001e-05
	iters: 100, epoch: 14 | loss: 0.3527645
	speed: 0.2893s/iter; left time: 7119.8343s
	iters: 200, epoch: 14 | loss: 0.3715152
	speed: 0.1250s/iter; left time: 3062.8919s
Epoch: 14 cost time: 35.49758005142212
Epoch: 14, Steps: 284 | Train Loss: 0.4765932 Vali Loss: 0.4425912 Test Loss: 0.1812216
Validation loss decreased (0.443249 --> 0.442591).  Saving model ...
Updating learning rate to 3.138105960900001e-05
	iters: 100, epoch: 15 | loss: 0.5643345
	speed: 0.2887s/iter; left time: 7022.6674s
	iters: 200, epoch: 15 | loss: 0.4813299
	speed: 0.1250s/iter; left time: 3028.0461s
Epoch: 15 cost time: 35.497960567474365
Epoch: 15, Steps: 284 | Train Loss: 0.4742453 Vali Loss: 0.4405007 Test Loss: 0.1800689
Validation loss decreased (0.442591 --> 0.440501).  Saving model ...
Updating learning rate to 2.824295364810001e-05
	iters: 100, epoch: 16 | loss: 0.3829502
	speed: 0.2887s/iter; left time: 6941.1097s
	iters: 200, epoch: 16 | loss: 0.6833324
	speed: 0.1249s/iter; left time: 2990.5596s
Epoch: 16 cost time: 35.4891402721405
Epoch: 16, Steps: 284 | Train Loss: 0.4712865 Vali Loss: 0.4375552 Test Loss: 0.1790935
Validation loss decreased (0.440501 --> 0.437555).  Saving model ...
Updating learning rate to 2.541865828329001e-05
	iters: 100, epoch: 17 | loss: 0.3343450
	speed: 0.2888s/iter; left time: 6860.3238s
	iters: 200, epoch: 17 | loss: 0.6399160
	speed: 0.1249s/iter; left time: 2955.4290s
Epoch: 17 cost time: 35.4839973449707
Epoch: 17, Steps: 284 | Train Loss: 0.4699541 Vali Loss: 0.4369823 Test Loss: 0.1782224
Validation loss decreased (0.437555 --> 0.436982).  Saving model ...
Updating learning rate to 2.287679245496101e-05
	iters: 100, epoch: 18 | loss: 0.3703063
	speed: 0.2887s/iter; left time: 6776.5307s
	iters: 200, epoch: 18 | loss: 0.6905240
	speed: 0.1250s/iter; left time: 2922.2395s
Epoch: 18 cost time: 35.50582933425903
Epoch: 18, Steps: 284 | Train Loss: 0.4670987 Vali Loss: 0.4311092 Test Loss: 0.1773855
Validation loss decreased (0.436982 --> 0.431109).  Saving model ...
Updating learning rate to 2.0589113209464907e-05
	iters: 100, epoch: 19 | loss: 0.5436751
	speed: 0.2888s/iter; left time: 6695.9684s
	iters: 200, epoch: 19 | loss: 0.5758396
	speed: 0.1250s/iter; left time: 2886.0471s
Epoch: 19 cost time: 35.50460410118103
Epoch: 19, Steps: 284 | Train Loss: 0.4660354 Vali Loss: 0.4328001 Test Loss: 0.1767184
EarlyStopping counter: 1 out of 20
Updating learning rate to 1.8530201888518416e-05
	iters: 100, epoch: 20 | loss: 0.3690497
	speed: 0.2882s/iter; left time: 6601.4408s
	iters: 200, epoch: 20 | loss: 0.3433109
	speed: 0.1253s/iter; left time: 2857.8128s
Epoch: 20 cost time: 35.56277370452881
Epoch: 20, Steps: 284 | Train Loss: 0.4644500 Vali Loss: 0.4313626 Test Loss: 0.1761309
EarlyStopping counter: 2 out of 20
Updating learning rate to 1.6677181699666577e-05
	iters: 100, epoch: 21 | loss: 0.8995296
	speed: 0.2888s/iter; left time: 6531.9813s
	iters: 200, epoch: 21 | loss: 0.3543958
	speed: 0.1250s/iter; left time: 2815.7557s
Epoch: 21 cost time: 35.5431854724884
Epoch: 21, Steps: 284 | Train Loss: 0.4641370 Vali Loss: 0.4330458 Test Loss: 0.1755926
EarlyStopping counter: 3 out of 20
Updating learning rate to 1.5009463529699919e-05
	iters: 100, epoch: 22 | loss: 0.3554919
	speed: 0.2882s/iter; left time: 6437.2337s
	iters: 200, epoch: 22 | loss: 0.3518532
	speed: 0.1250s/iter; left time: 2778.8121s
Epoch: 22 cost time: 35.49443340301514
Epoch: 22, Steps: 284 | Train Loss: 0.4623200 Vali Loss: 0.4288673 Test Loss: 0.1751017
Validation loss decreased (0.431109 --> 0.428867).  Saving model ...
Updating learning rate to 1.3508517176729929e-05
	iters: 100, epoch: 23 | loss: 0.4235603
	speed: 0.2885s/iter; left time: 6362.8683s
	iters: 200, epoch: 23 | loss: 0.3700916
	speed: 0.1249s/iter; left time: 2742.8173s
Epoch: 23 cost time: 35.4924521446228
Epoch: 23, Steps: 284 | Train Loss: 0.4623275 Vali Loss: 0.4298995 Test Loss: 0.1746996
EarlyStopping counter: 1 out of 20
Updating learning rate to 1.2157665459056936e-05
	iters: 100, epoch: 24 | loss: 0.6441523
	speed: 0.2879s/iter; left time: 6268.2726s
	iters: 200, epoch: 24 | loss: 0.6089633
	speed: 0.1249s/iter; left time: 2707.1875s
Epoch: 24 cost time: 35.48769664764404
Epoch: 24, Steps: 284 | Train Loss: 0.4610073 Vali Loss: 0.4260674 Test Loss: 0.1743310
Validation loss decreased (0.428867 --> 0.426067).  Saving model ...
Updating learning rate to 1.0941898913151242e-05
	iters: 100, epoch: 25 | loss: 0.4475309
	speed: 0.2885s/iter; left time: 6198.0375s
	iters: 200, epoch: 25 | loss: 0.6009244
	speed: 0.1249s/iter; left time: 2671.3332s
Epoch: 25 cost time: 35.4850127696991
Epoch: 25, Steps: 284 | Train Loss: 0.4607185 Vali Loss: 0.4262219 Test Loss: 0.1739667
EarlyStopping counter: 1 out of 20
Updating learning rate to 9.847709021836118e-06
	iters: 100, epoch: 26 | loss: 0.3189946
	speed: 0.2879s/iter; left time: 6102.8271s
	iters: 200, epoch: 26 | loss: 0.5253515
	speed: 0.1249s/iter; left time: 2635.5888s
Epoch: 26 cost time: 35.48085308074951
Epoch: 26, Steps: 284 | Train Loss: 0.4590782 Vali Loss: 0.4266592 Test Loss: 0.1736609
EarlyStopping counter: 2 out of 20
Updating learning rate to 8.862938119652508e-06
	iters: 100, epoch: 27 | loss: 0.3997289
	speed: 0.2881s/iter; left time: 6025.2128s
	iters: 200, epoch: 27 | loss: 0.5894762
	speed: 0.1249s/iter; left time: 2600.4668s
Epoch: 27 cost time: 35.48520755767822
Epoch: 27, Steps: 284 | Train Loss: 0.4595298 Vali Loss: 0.4244123 Test Loss: 0.1733773
Validation loss decreased (0.426067 --> 0.424412).  Saving model ...
Updating learning rate to 7.976644307687255e-06
	iters: 100, epoch: 28 | loss: 0.5510697
	speed: 0.2890s/iter; left time: 5963.8771s
	iters: 200, epoch: 28 | loss: 0.4495223
	speed: 0.1249s/iter; left time: 2565.4346s
Epoch: 28 cost time: 35.4920973777771
Epoch: 28, Steps: 284 | Train Loss: 0.4582156 Vali Loss: 0.4259143 Test Loss: 0.1730975
EarlyStopping counter: 1 out of 20
Updating learning rate to 7.178979876918531e-06
	iters: 100, epoch: 29 | loss: 0.4127781
	speed: 0.2880s/iter; left time: 5860.1418s
	iters: 200, epoch: 29 | loss: 0.6454417
	speed: 0.1250s/iter; left time: 2531.1923s
Epoch: 29 cost time: 35.49823808670044
Epoch: 29, Steps: 284 | Train Loss: 0.4587414 Vali Loss: 0.4242406 Test Loss: 0.1728983
Validation loss decreased (0.424412 --> 0.424241).  Saving model ...
Updating learning rate to 6.4610818892266776e-06
	iters: 100, epoch: 30 | loss: 0.4335707
	speed: 0.2884s/iter; left time: 5787.1057s
	iters: 200, epoch: 30 | loss: 0.3329645
	speed: 0.1253s/iter; left time: 2501.4059s
Epoch: 30 cost time: 35.55744028091431
Epoch: 30, Steps: 284 | Train Loss: 0.4585132 Vali Loss: 0.4258110 Test Loss: 0.1727136
EarlyStopping counter: 1 out of 20
Updating learning rate to 5.8149737003040096e-06
	iters: 100, epoch: 31 | loss: 0.4060999
	speed: 0.2887s/iter; left time: 5710.2370s
	iters: 200, epoch: 31 | loss: 0.4135740
	speed: 0.1253s/iter; left time: 2466.4413s
Epoch: 31 cost time: 35.58619236946106
Epoch: 31, Steps: 284 | Train Loss: 0.4579128 Vali Loss: 0.4236499 Test Loss: 0.1725345
Validation loss decreased (0.424241 --> 0.423650).  Saving model ...
Updating learning rate to 5.23347633027361e-06
	iters: 100, epoch: 32 | loss: 0.5683030
	speed: 0.2890s/iter; left time: 5634.7347s
	iters: 200, epoch: 32 | loss: 0.4283749
	speed: 0.1253s/iter; left time: 2430.3216s
Epoch: 32 cost time: 35.580912590026855
Epoch: 32, Steps: 284 | Train Loss: 0.4568559 Vali Loss: 0.4237323 Test Loss: 0.1723307
EarlyStopping counter: 1 out of 20
Updating learning rate to 4.710128697246249e-06
	iters: 100, epoch: 33 | loss: 0.5796095
	speed: 0.2884s/iter; left time: 5541.2186s
	iters: 200, epoch: 33 | loss: 0.3593194
	speed: 0.1253s/iter; left time: 2395.7795s
Epoch: 33 cost time: 35.58401131629944
Epoch: 33, Steps: 284 | Train Loss: 0.4565425 Vali Loss: 0.4233742 Test Loss: 0.1721857
Validation loss decreased (0.423650 --> 0.423374).  Saving model ...
Updating learning rate to 4.239115827521624e-06
	iters: 100, epoch: 34 | loss: 0.3279018
	speed: 0.2890s/iter; left time: 5470.8615s
	iters: 200, epoch: 34 | loss: 0.6184037
	speed: 0.1253s/iter; left time: 2360.1518s
Epoch: 34 cost time: 35.582162380218506
Epoch: 34, Steps: 284 | Train Loss: 0.4573743 Vali Loss: 0.4223669 Test Loss: 0.1720504
Validation loss decreased (0.423374 --> 0.422367).  Saving model ...
Updating learning rate to 3.815204244769462e-06
	iters: 100, epoch: 35 | loss: 0.4449079
	speed: 0.2889s/iter; left time: 5386.9202s
	iters: 200, epoch: 35 | loss: 0.3081058
	speed: 0.1253s/iter; left time: 2324.4083s
Epoch: 35 cost time: 35.58801984786987
Epoch: 35, Steps: 284 | Train Loss: 0.4570778 Vali Loss: 0.4218503 Test Loss: 0.1719399
Validation loss decreased (0.422367 --> 0.421850).  Saving model ...
Updating learning rate to 3.4336838202925152e-06
	iters: 100, epoch: 36 | loss: 0.6026031
	speed: 0.2891s/iter; left time: 5307.5731s
	iters: 200, epoch: 36 | loss: 0.4009631
	speed: 0.1253s/iter; left time: 2288.3052s
Epoch: 36 cost time: 35.591434717178345
Epoch: 36, Steps: 284 | Train Loss: 0.4568137 Vali Loss: 0.4230015 Test Loss: 0.1718216
EarlyStopping counter: 1 out of 20
Updating learning rate to 3.090315438263264e-06
	iters: 100, epoch: 37 | loss: 0.5813936
	speed: 0.2885s/iter; left time: 5215.4173s
	iters: 200, epoch: 37 | loss: 1.0359442
	speed: 0.1253s/iter; left time: 2252.6174s
Epoch: 37 cost time: 35.58072876930237
Epoch: 37, Steps: 284 | Train Loss: 0.4566518 Vali Loss: 0.4214167 Test Loss: 0.1717383
Validation loss decreased (0.421850 --> 0.421417).  Saving model ...
Updating learning rate to 2.7812838944369375e-06
	iters: 100, epoch: 38 | loss: 0.6188990
	speed: 0.2889s/iter; left time: 5140.4512s
	iters: 200, epoch: 38 | loss: 0.5681008
	speed: 0.1254s/iter; left time: 2218.0226s
Epoch: 38 cost time: 35.58966875076294
Epoch: 38, Steps: 284 | Train Loss: 0.4564042 Vali Loss: 0.4213625 Test Loss: 0.1716549
Validation loss decreased (0.421417 --> 0.421362).  Saving model ...
Updating learning rate to 2.503155504993244e-06
	iters: 100, epoch: 39 | loss: 0.5833715
	speed: 0.2890s/iter; left time: 5060.3241s
	iters: 200, epoch: 39 | loss: 0.4513319
	speed: 0.1253s/iter; left time: 2181.8627s
Epoch: 39 cost time: 35.578295946121216
Epoch: 39, Steps: 284 | Train Loss: 0.4560823 Vali Loss: 0.4230444 Test Loss: 0.1716041
EarlyStopping counter: 1 out of 20
Updating learning rate to 2.2528399544939195e-06
	iters: 100, epoch: 40 | loss: 0.7054567
	speed: 0.2884s/iter; left time: 4968.1478s
	iters: 200, epoch: 40 | loss: 0.3372217
	speed: 0.1253s/iter; left time: 2145.7108s
Epoch: 40 cost time: 35.58213186264038
Epoch: 40, Steps: 284 | Train Loss: 0.4555179 Vali Loss: 0.4195947 Test Loss: 0.1715200
Validation loss decreased (0.421362 --> 0.419595).  Saving model ...
Updating learning rate to 2.0275559590445276e-06
	iters: 100, epoch: 41 | loss: 0.6157135
	speed: 0.2888s/iter; left time: 4893.0782s
	iters: 200, epoch: 41 | loss: 0.4207030
	speed: 0.1253s/iter; left time: 2110.1163s
Epoch: 41 cost time: 35.57647967338562
Epoch: 41, Steps: 284 | Train Loss: 0.4552157 Vali Loss: 0.4208075 Test Loss: 0.1714429
EarlyStopping counter: 1 out of 20
Updating learning rate to 1.8248003631400751e-06
	iters: 100, epoch: 42 | loss: 0.3967729
	speed: 0.2886s/iter; left time: 4806.8706s
	iters: 200, epoch: 42 | loss: 0.3250507
	speed: 0.1253s/iter; left time: 2074.9589s
Epoch: 42 cost time: 35.585540533065796
Epoch: 42, Steps: 284 | Train Loss: 0.4551083 Vali Loss: 0.4227521 Test Loss: 0.1713995
EarlyStopping counter: 2 out of 20
Updating learning rate to 1.6423203268260676e-06
	iters: 100, epoch: 43 | loss: 0.5716091
	speed: 0.2885s/iter; left time: 4723.3048s
	iters: 200, epoch: 43 | loss: 0.4000280
	speed: 0.1253s/iter; left time: 2039.0782s
Epoch: 43 cost time: 35.58242082595825
Epoch: 43, Steps: 284 | Train Loss: 0.4559143 Vali Loss: 0.4198580 Test Loss: 0.1713465
EarlyStopping counter: 3 out of 20
Updating learning rate to 1.4780882941434609e-06
	iters: 100, epoch: 44 | loss: 0.4514788
	speed: 0.2885s/iter; left time: 4641.4076s
	iters: 200, epoch: 44 | loss: 0.6538985
	speed: 0.1253s/iter; left time: 2003.3921s
Epoch: 44 cost time: 35.588642597198486
Epoch: 44, Steps: 284 | Train Loss: 0.4557107 Vali Loss: 0.4212545 Test Loss: 0.1712977
EarlyStopping counter: 4 out of 20
Updating learning rate to 1.3302794647291146e-06
	iters: 100, epoch: 45 | loss: 0.5738502
	speed: 0.2887s/iter; left time: 4562.2948s
	iters: 200, epoch: 45 | loss: 0.3193996
	speed: 0.1253s/iter; left time: 1967.3890s
Epoch: 45 cost time: 35.5541090965271
Epoch: 45, Steps: 284 | Train Loss: 0.4559637 Vali Loss: 0.4216648 Test Loss: 0.1712665
EarlyStopping counter: 5 out of 20
Updating learning rate to 1.1972515182562034e-06
	iters: 100, epoch: 46 | loss: 0.3253774
	speed: 0.2880s/iter; left time: 4469.2778s
	iters: 200, epoch: 46 | loss: 0.4961544
	speed: 0.1250s/iter; left time: 1927.1551s
Epoch: 46 cost time: 35.499502658843994
Epoch: 46, Steps: 284 | Train Loss: 0.4554398 Vali Loss: 0.4191826 Test Loss: 0.1712480
Validation loss decreased (0.419595 --> 0.419183).  Saving model ...
Updating learning rate to 1.077526366430583e-06
	iters: 100, epoch: 47 | loss: 0.4107953
	speed: 0.2887s/iter; left time: 4398.3257s
	iters: 200, epoch: 47 | loss: 0.4116427
	speed: 0.1250s/iter; left time: 1891.7634s
Epoch: 47 cost time: 35.50298571586609
Epoch: 47, Steps: 284 | Train Loss: 0.4555810 Vali Loss: 0.4191641 Test Loss: 0.1711807
Validation loss decreased (0.419183 --> 0.419164).  Saving model ...
Updating learning rate to 9.697737297875248e-07
	iters: 100, epoch: 48 | loss: 0.3910836
	speed: 0.2884s/iter; left time: 4312.7958s
	iters: 200, epoch: 48 | loss: 0.4709366
	speed: 0.1249s/iter; left time: 1855.8561s
Epoch: 48 cost time: 35.49205946922302
Epoch: 48, Steps: 284 | Train Loss: 0.4544932 Vali Loss: 0.4220871 Test Loss: 0.1711552
EarlyStopping counter: 1 out of 20
Updating learning rate to 8.727963568087723e-07
	iters: 100, epoch: 49 | loss: 0.3154339
	speed: 0.2879s/iter; left time: 4223.0284s
	iters: 200, epoch: 49 | loss: 0.3080190
	speed: 0.1249s/iter; left time: 1820.1462s
Epoch: 49 cost time: 35.48754286766052
Epoch: 49, Steps: 284 | Train Loss: 0.4541708 Vali Loss: 0.4176796 Test Loss: 0.1711259
Validation loss decreased (0.419164 --> 0.417680).  Saving model ...
Updating learning rate to 7.855167211278951e-07
	iters: 100, epoch: 50 | loss: 0.4145482
	speed: 0.2886s/iter; left time: 4150.9883s
	iters: 200, epoch: 50 | loss: 0.4511653
	speed: 0.1249s/iter; left time: 1784.6628s
Epoch: 50 cost time: 35.49273180961609
Epoch: 50, Steps: 284 | Train Loss: 0.4554137 Vali Loss: 0.4212264 Test Loss: 0.1711265
EarlyStopping counter: 1 out of 20
Updating learning rate to 7.069650490151056e-07
	iters: 100, epoch: 51 | loss: 0.5950325
	speed: 0.2881s/iter; left time: 4062.6280s
	iters: 200, epoch: 51 | loss: 0.5480083
	speed: 0.1250s/iter; left time: 1749.5290s
Epoch: 51 cost time: 35.49493169784546
Epoch: 51, Steps: 284 | Train Loss: 0.4555575 Vali Loss: 0.4213293 Test Loss: 0.1710874
EarlyStopping counter: 2 out of 20
Updating learning rate to 6.36268544113595e-07
	iters: 100, epoch: 52 | loss: 0.7898948
	speed: 0.2880s/iter; left time: 3979.3110s
	iters: 200, epoch: 52 | loss: 0.9512401
	speed: 0.1249s/iter; left time: 1713.5953s
Epoch: 52 cost time: 35.48678708076477
Epoch: 52, Steps: 284 | Train Loss: 0.4549534 Vali Loss: 0.4191809 Test Loss: 0.1710835
EarlyStopping counter: 3 out of 20
Updating learning rate to 5.726416897022355e-07
	iters: 100, epoch: 53 | loss: 0.3569053
	speed: 0.2880s/iter; left time: 3897.3410s
	iters: 200, epoch: 53 | loss: 0.3370296
	speed: 0.1250s/iter; left time: 1678.8598s
Epoch: 53 cost time: 35.494664669036865
Epoch: 53, Steps: 284 | Train Loss: 0.4553522 Vali Loss: 0.4192524 Test Loss: 0.1710767
EarlyStopping counter: 4 out of 20
Updating learning rate to 5.15377520732012e-07
	iters: 100, epoch: 54 | loss: 0.3363340
	speed: 0.2881s/iter; left time: 3817.1966s
	iters: 200, epoch: 54 | loss: 0.3974395
	speed: 0.1250s/iter; left time: 1643.5530s
Epoch: 54 cost time: 35.505871057510376
Epoch: 54, Steps: 284 | Train Loss: 0.4552247 Vali Loss: 0.4198452 Test Loss: 0.1710327
EarlyStopping counter: 5 out of 20
Updating learning rate to 4.6383976865881085e-07
	iters: 100, epoch: 55 | loss: 0.5678862
	speed: 0.2885s/iter; left time: 3740.2546s
	iters: 200, epoch: 55 | loss: 0.3236064
	speed: 0.1251s/iter; left time: 1608.9563s
Epoch: 55 cost time: 35.523202419281006
Epoch: 55, Steps: 284 | Train Loss: 0.4537737 Vali Loss: 0.4201536 Test Loss: 0.1710466
EarlyStopping counter: 6 out of 20
Updating learning rate to 4.174557917929298e-07
	iters: 100, epoch: 56 | loss: 0.3570239
	speed: 0.2884s/iter; left time: 3657.3126s
	iters: 200, epoch: 56 | loss: 0.3498413
	speed: 0.1251s/iter; left time: 1573.2929s
Epoch: 56 cost time: 35.516985177993774
Epoch: 56, Steps: 284 | Train Loss: 0.4551605 Vali Loss: 0.4197654 Test Loss: 0.1710278
EarlyStopping counter: 7 out of 20
Updating learning rate to 3.7571021261363677e-07
	iters: 100, epoch: 57 | loss: 0.3762761
	speed: 0.2884s/iter; left time: 3574.9259s
	iters: 200, epoch: 57 | loss: 0.8135976
	speed: 0.1251s/iter; left time: 1538.0012s
Epoch: 57 cost time: 35.52245593070984
Epoch: 57, Steps: 284 | Train Loss: 0.4544285 Vali Loss: 0.4210652 Test Loss: 0.1710081
EarlyStopping counter: 8 out of 20
Updating learning rate to 3.381391913522731e-07
	iters: 100, epoch: 58 | loss: 0.4404200
	speed: 0.2885s/iter; left time: 3494.7672s
	iters: 200, epoch: 58 | loss: 0.4089533
	speed: 0.1251s/iter; left time: 1502.7377s
Epoch: 58 cost time: 35.529019832611084
Epoch: 58, Steps: 284 | Train Loss: 0.4551204 Vali Loss: 0.4186932 Test Loss: 0.1709990
EarlyStopping counter: 9 out of 20
Updating learning rate to 3.043252722170458e-07
	iters: 100, epoch: 59 | loss: 0.5880373
	speed: 0.2885s/iter; left time: 3412.0843s
	iters: 200, epoch: 59 | loss: 0.4488326
	speed: 0.1251s/iter; left time: 1467.6219s
Epoch: 59 cost time: 35.54359531402588
Epoch: 59, Steps: 284 | Train Loss: 0.4543045 Vali Loss: 0.4199461 Test Loss: 0.1710028
EarlyStopping counter: 10 out of 20
Updating learning rate to 2.7389274499534124e-07
	iters: 100, epoch: 60 | loss: 0.6158947
	speed: 0.2885s/iter; left time: 3330.7645s
	iters: 200, epoch: 60 | loss: 0.3583194
	speed: 0.1251s/iter; left time: 1432.2257s
Epoch: 60 cost time: 35.550347328186035
Epoch: 60, Steps: 284 | Train Loss: 0.4548489 Vali Loss: 0.4169990 Test Loss: 0.1709689
Validation loss decreased (0.417680 --> 0.416999).  Saving model ...
Updating learning rate to 2.465034704958071e-07
	iters: 100, epoch: 61 | loss: 0.7999909
	speed: 0.2889s/iter; left time: 3252.9236s
	iters: 200, epoch: 61 | loss: 0.6144299
	speed: 0.1252s/iter; left time: 1397.5120s
Epoch: 61 cost time: 35.562512159347534
Epoch: 61, Steps: 284 | Train Loss: 0.4551762 Vali Loss: 0.4201904 Test Loss: 0.1709669
EarlyStopping counter: 1 out of 20
Updating learning rate to 2.218531234462264e-07
	iters: 100, epoch: 62 | loss: 0.4030080
	speed: 0.2885s/iter; left time: 3166.5480s
	iters: 200, epoch: 62 | loss: 0.3403397
	speed: 0.1252s/iter; left time: 1361.4756s
Epoch: 62 cost time: 35.55810594558716
Epoch: 62, Steps: 284 | Train Loss: 0.4549794 Vali Loss: 0.4200219 Test Loss: 0.1709563
EarlyStopping counter: 2 out of 20
Updating learning rate to 1.9966781110160376e-07
	iters: 100, epoch: 63 | loss: 0.6326413
	speed: 0.2885s/iter; left time: 3085.2641s
	iters: 200, epoch: 63 | loss: 0.3447295
	speed: 0.1252s/iter; left time: 1326.4027s
Epoch: 63 cost time: 35.5712673664093
Epoch: 63, Steps: 284 | Train Loss: 0.4534839 Vali Loss: 0.4197671 Test Loss: 0.1709341
EarlyStopping counter: 3 out of 20
Updating learning rate to 1.797010299914434e-07
	iters: 100, epoch: 64 | loss: 0.3398120
	speed: 0.2886s/iter; left time: 3003.5248s
	iters: 200, epoch: 64 | loss: 0.3856767
	speed: 0.1252s/iter; left time: 1291.0184s
Epoch: 64 cost time: 35.57586193084717
Epoch: 64, Steps: 284 | Train Loss: 0.4551768 Vali Loss: 0.4190332 Test Loss: 0.1709538
EarlyStopping counter: 4 out of 20
Updating learning rate to 1.6173092699229907e-07
	iters: 100, epoch: 65 | loss: 0.4238929
	speed: 0.2885s/iter; left time: 2921.1903s
	iters: 200, epoch: 65 | loss: 0.4080991
	speed: 0.1252s/iter; left time: 1255.6151s
Epoch: 65 cost time: 35.57831001281738
Epoch: 65, Steps: 284 | Train Loss: 0.4552450 Vali Loss: 0.4209944 Test Loss: 0.1709736
EarlyStopping counter: 5 out of 20
Updating learning rate to 1.4555783429306916e-07
	iters: 100, epoch: 66 | loss: 0.3822562
	speed: 0.2886s/iter; left time: 2840.0828s
	iters: 200, epoch: 66 | loss: 0.6041312
	speed: 0.1252s/iter; left time: 1220.0084s
Epoch: 66 cost time: 35.573532819747925
Epoch: 66, Steps: 284 | Train Loss: 0.4542058 Vali Loss: 0.4201943 Test Loss: 0.1709515
EarlyStopping counter: 6 out of 20
Updating learning rate to 1.3100205086376224e-07
	iters: 100, epoch: 67 | loss: 0.3848428
	speed: 0.2886s/iter; left time: 2758.2559s
	iters: 200, epoch: 67 | loss: 0.4996411
	speed: 0.1253s/iter; left time: 1184.7063s
Epoch: 67 cost time: 35.573920011520386
Epoch: 67, Steps: 284 | Train Loss: 0.4544399 Vali Loss: 0.4212953 Test Loss: 0.1709465
EarlyStopping counter: 7 out of 20
Updating learning rate to 1.1790184577738603e-07
	iters: 100, epoch: 68 | loss: 0.4193404
	speed: 0.2885s/iter; left time: 2674.8252s
	iters: 200, epoch: 68 | loss: 0.6487726
	speed: 0.1253s/iter; left time: 1149.6517s
Epoch: 68 cost time: 35.58171987533569
Epoch: 68, Steps: 284 | Train Loss: 0.4552184 Vali Loss: 0.4208759 Test Loss: 0.1709480
EarlyStopping counter: 8 out of 20
Updating learning rate to 1.0611166119964742e-07
	iters: 100, epoch: 69 | loss: 0.4423578
	speed: 0.2885s/iter; left time: 2593.7100s
	iters: 200, epoch: 69 | loss: 0.6511214
	speed: 0.1253s/iter; left time: 1113.8542s
Epoch: 69 cost time: 35.5836501121521
Epoch: 69, Steps: 284 | Train Loss: 0.4549170 Vali Loss: 0.4192653 Test Loss: 0.1709374
EarlyStopping counter: 9 out of 20
Updating learning rate to 9.550049507968268e-08
	iters: 100, epoch: 70 | loss: 0.4292142
	speed: 0.2887s/iter; left time: 2513.1718s
	iters: 200, epoch: 70 | loss: 0.3665570
	speed: 0.1253s/iter; left time: 1078.5971s
Epoch: 70 cost time: 35.58839654922485
Epoch: 70, Steps: 284 | Train Loss: 0.4542385 Vali Loss: 0.4179663 Test Loss: 0.1709261
EarlyStopping counter: 10 out of 20
Updating learning rate to 8.595044557171442e-08
	iters: 100, epoch: 71 | loss: 0.6232158
	speed: 0.2885s/iter; left time: 2429.8512s
	iters: 200, epoch: 71 | loss: 0.6254293
	speed: 0.1253s/iter; left time: 1042.9318s
Epoch: 71 cost time: 35.590375900268555
Epoch: 71, Steps: 284 | Train Loss: 0.4552517 Vali Loss: 0.4181962 Test Loss: 0.1709237
EarlyStopping counter: 11 out of 20
Updating learning rate to 7.735540101454298e-08
	iters: 100, epoch: 72 | loss: 0.3331015
	speed: 0.2885s/iter; left time: 2347.6169s
	iters: 200, epoch: 72 | loss: 0.5967260
	speed: 0.1253s/iter; left time: 1006.9476s
Epoch: 72 cost time: 35.577210664749146
Epoch: 72, Steps: 284 | Train Loss: 0.4551434 Vali Loss: 0.4212285 Test Loss: 0.1709439
EarlyStopping counter: 12 out of 20
Updating learning rate to 6.961986091308869e-08
	iters: 100, epoch: 73 | loss: 0.3664461
	speed: 0.2886s/iter; left time: 2266.0408s
	iters: 200, epoch: 73 | loss: 0.6941542
	speed: 0.1253s/iter; left time: 971.3102s
Epoch: 73 cost time: 35.58357000350952
Epoch: 73, Steps: 284 | Train Loss: 0.4528963 Vali Loss: 0.4202426 Test Loss: 0.1709291
EarlyStopping counter: 13 out of 20
Updating learning rate to 6.265787482177981e-08
	iters: 100, epoch: 74 | loss: 0.3828912
	speed: 0.2889s/iter; left time: 2186.4516s
	iters: 200, epoch: 74 | loss: 0.3310096
	speed: 0.1253s/iter; left time: 935.7665s
Epoch: 74 cost time: 35.58051943778992
Epoch: 74, Steps: 284 | Train Loss: 0.4549191 Vali Loss: 0.4212448 Test Loss: 0.1709311
EarlyStopping counter: 14 out of 20
Updating learning rate to 5.639208733960184e-08
	iters: 100, epoch: 75 | loss: 0.3415477
	speed: 0.2888s/iter; left time: 2104.0723s
	iters: 200, epoch: 75 | loss: 0.3889406
	speed: 0.1252s/iter; left time: 899.3006s
Epoch: 75 cost time: 35.55658507347107
Epoch: 75, Steps: 284 | Train Loss: 0.4552889 Vali Loss: 0.4189768 Test Loss: 0.1709344
EarlyStopping counter: 15 out of 20
Updating learning rate to 5.075287860564165e-08
	iters: 100, epoch: 76 | loss: 0.3581318
	speed: 0.2885s/iter; left time: 2019.9415s
	iters: 200, epoch: 76 | loss: 0.5673223
	speed: 0.1252s/iter; left time: 863.7772s
Epoch: 76 cost time: 35.55513048171997
Epoch: 76, Steps: 284 | Train Loss: 0.4550234 Vali Loss: 0.4188953 Test Loss: 0.1709077
EarlyStopping counter: 16 out of 20
Updating learning rate to 4.567759074507749e-08
	iters: 100, epoch: 77 | loss: 0.3252552
	speed: 0.2884s/iter; left time: 1937.4137s
	iters: 200, epoch: 77 | loss: 0.5354074
	speed: 0.1251s/iter; left time: 828.0069s
Epoch: 77 cost time: 35.54578423500061
Epoch: 77, Steps: 284 | Train Loss: 0.4553152 Vali Loss: 0.4222970 Test Loss: 0.1709381
EarlyStopping counter: 17 out of 20
Updating learning rate to 4.1109831670569744e-08
	iters: 100, epoch: 78 | loss: 0.4735394
	speed: 0.2884s/iter; left time: 1855.4538s
	iters: 200, epoch: 78 | loss: 0.3035022
	speed: 0.1251s/iter; left time: 792.3288s
Epoch: 78 cost time: 35.54527807235718
Epoch: 78, Steps: 284 | Train Loss: 0.4550252 Vali Loss: 0.4196985 Test Loss: 0.1709228
EarlyStopping counter: 18 out of 20
Updating learning rate to 3.6998848503512764e-08
	iters: 100, epoch: 79 | loss: 0.6560087
	speed: 0.2884s/iter; left time: 1773.5863s
	iters: 200, epoch: 79 | loss: 0.5363690
	speed: 0.1252s/iter; left time: 757.1090s
Epoch: 79 cost time: 35.54193735122681
Epoch: 79, Steps: 284 | Train Loss: 0.4549307 Vali Loss: 0.4207463 Test Loss: 0.1709316
EarlyStopping counter: 19 out of 20
Updating learning rate to 3.3298963653161496e-08
	iters: 100, epoch: 80 | loss: 0.3533018
	speed: 0.2883s/iter; left time: 1690.9056s
	iters: 200, epoch: 80 | loss: 0.3169124
	speed: 0.1252s/iter; left time: 721.8103s
Epoch: 80 cost time: 35.54513597488403
Epoch: 80, Steps: 284 | Train Loss: 0.4549857 Vali Loss: 0.4207965 Test Loss: 0.1709325
EarlyStopping counter: 20 out of 20
Early stopping
>>>>>>>testing : NL_weather_flatten_lr0.001_5steps_336_96_PatchTST_custom_ftM_sl336_ll48_pl96_dm128_nh16_el3_dl1_df256_fc1_ebtimeF_dtTruelr0.001_pol5steps_Nested_Learning_0<<<<<<<<<<<<<<<<<<<<<<<<<<<<<<<<<
test 10444
 Ejecutando Inferencia DINÁMICA (Nested Learning con flatten)
  -> Política: 5steps | LR: 0.001 | Target: head

RESUMEN: El CMS se actualizó 17 veces de 81 posibles.

mse:0.17067761719226837, mae:0.2207694798707962, rse:0.5442498326301575
Args in experiment:
Namespace(random_seed=2021, is_training=1, model_id='NL_weather_flatten_lr0.001_5steps_336_192', model='PatchTST', data='custom', root_path='./dataset/', data_path='weather.csv', features='M', target='OT', freq='h', checkpoints='./checkpoints/', seq_len=336, label_len=48, pred_len=192, head_type='flatten', cms_lr=0.001, update_policy='5steps', fc_dropout=0.2, head_dropout=0.0, patch_len=16, stride=8, padding_patch='end', revin=1, affine=0, subtract_last=0, decomposition=0, kernel_size=25, individual=0, embed_type=0, enc_in=21, dec_in=7, c_out=7, d_model=128, n_heads=16, e_layers=3, d_layers=1, d_ff=256, moving_avg=25, factor=1, distil=True, dropout=0.2, embed='timeF', activation='gelu', output_attention=False, do_predict=False, num_workers=0, itr=1, train_epochs=100, batch_size=128, patience=20, learning_rate=0.0001, des='Nested_Learning', loss='mse', lradj='type3', pct_start=0.3, use_amp=False, use_gpu=True, gpu=0, use_multi_gpu=False, devices='0,1,2,3', test_flop=False)
Use GPU: cuda:0
>>>>>>>start training : NL_weather_flatten_lr0.001_5steps_336_192_PatchTST_custom_ftM_sl336_ll48_pl192_dm128_nh16_el3_dl1_df256_fc1_ebtimeF_dtTruelr0.001_pol5steps_Nested_Learning_0>>>>>>>>>>>>>>>>>>>>>>>>>>
train 36360
val 5079
test 10348
	iters: 100, epoch: 1 | loss: 0.9579147
	speed: 0.1444s/iter; left time: 4086.5726s
	iters: 200, epoch: 1 | loss: 1.0008398
	speed: 0.1298s/iter; left time: 3661.5484s
Epoch: 1 cost time: 37.13558077812195
Epoch: 1, Steps: 284 | Train Loss: 0.9642080 Vali Loss: 0.8107034 Test Loss: 0.3256778
Validation loss decreased (inf --> 0.810703).  Saving model ...
Updating learning rate to 0.0001
	iters: 100, epoch: 2 | loss: 0.8456995
	speed: 0.3000s/iter; left time: 8404.1429s
	iters: 200, epoch: 2 | loss: 0.9194043
	speed: 0.1301s/iter; left time: 3633.0899s
Epoch: 2 cost time: 36.96668100357056
Epoch: 2, Steps: 284 | Train Loss: 0.9119595 Vali Loss: 0.7427488 Test Loss: 0.3047884
Validation loss decreased (0.810703 --> 0.742749).  Saving model ...
Updating learning rate to 0.0001
	iters: 100, epoch: 3 | loss: 0.7400568
	speed: 0.2999s/iter; left time: 8318.1804s
	iters: 200, epoch: 3 | loss: 1.0702614
	speed: 0.1302s/iter; left time: 3597.9767s
Epoch: 3 cost time: 36.980268716812134
Epoch: 3, Steps: 284 | Train Loss: 0.8207369 Vali Loss: 0.6809354 Test Loss: 0.2862013
Validation loss decreased (0.742749 --> 0.680935).  Saving model ...
Updating learning rate to 0.0001
	iters: 100, epoch: 4 | loss: 0.8846173
	speed: 0.2999s/iter; left time: 8231.0052s
	iters: 200, epoch: 4 | loss: 0.7467644
	speed: 0.1302s/iter; left time: 3560.8642s
Epoch: 4 cost time: 36.97740125656128
Epoch: 4, Steps: 284 | Train Loss: 0.7443190 Vali Loss: 0.6317568 Test Loss: 0.2703278
Validation loss decreased (0.680935 --> 0.631757).  Saving model ...
Updating learning rate to 9e-05
	iters: 100, epoch: 5 | loss: 0.6043473
	speed: 0.3008s/iter; left time: 8172.1045s
	iters: 200, epoch: 5 | loss: 0.6014383
	speed: 0.1302s/iter; left time: 3523.5083s
Epoch: 5 cost time: 36.98219656944275
Epoch: 5, Steps: 284 | Train Loss: 0.6835268 Vali Loss: 0.5965858 Test Loss: 0.2585307
Validation loss decreased (0.631757 --> 0.596586).  Saving model ...
Updating learning rate to 8.1e-05
	iters: 100, epoch: 6 | loss: 0.7042531
	speed: 0.2999s/iter; left time: 8061.7097s
	iters: 200, epoch: 6 | loss: 0.5101670
	speed: 0.1301s/iter; left time: 3484.5413s
Epoch: 6 cost time: 36.96786093711853
Epoch: 6, Steps: 284 | Train Loss: 0.6389739 Vali Loss: 0.5696458 Test Loss: 0.2499116
Validation loss decreased (0.596586 --> 0.569646).  Saving model ...
Updating learning rate to 7.290000000000001e-05
	iters: 100, epoch: 7 | loss: 0.5551080
	speed: 0.3002s/iter; left time: 7983.3829s
	iters: 200, epoch: 7 | loss: 0.4851938
	speed: 0.1302s/iter; left time: 3449.4263s
Epoch: 7 cost time: 36.96980905532837
Epoch: 7, Steps: 284 | Train Loss: 0.6068182 Vali Loss: 0.5536130 Test Loss: 0.2436794
Validation loss decreased (0.569646 --> 0.553613).  Saving model ...
Updating learning rate to 6.561e-05
	iters: 100, epoch: 8 | loss: 0.4885443
	speed: 0.2997s/iter; left time: 7887.1252s
	iters: 200, epoch: 8 | loss: 0.5404778
	speed: 0.1302s/iter; left time: 3412.0316s
Epoch: 8 cost time: 36.97325086593628
Epoch: 8, Steps: 284 | Train Loss: 0.5839608 Vali Loss: 0.5389557 Test Loss: 0.2392711
Validation loss decreased (0.553613 --> 0.538956).  Saving model ...
Updating learning rate to 5.904900000000001e-05
	iters: 100, epoch: 9 | loss: 0.5060221
	speed: 0.2997s/iter; left time: 7800.6820s
	iters: 200, epoch: 9 | loss: 0.6310863
	speed: 0.1302s/iter; left time: 3375.7604s
Epoch: 9 cost time: 36.96027684211731
Epoch: 9, Steps: 284 | Train Loss: 0.5676153 Vali Loss: 0.5356140 Test Loss: 0.2362170
Validation loss decreased (0.538956 --> 0.535614).  Saving model ...
Updating learning rate to 5.3144100000000005e-05
	iters: 100, epoch: 10 | loss: 0.6244731
	speed: 0.2995s/iter; left time: 7710.0238s
	iters: 200, epoch: 10 | loss: 0.6411941
	speed: 0.1302s/iter; left time: 3340.1365s
Epoch: 10 cost time: 36.973318576812744
Epoch: 10, Steps: 284 | Train Loss: 0.5563851 Vali Loss: 0.5282951 Test Loss: 0.2339904
Validation loss decreased (0.535614 --> 0.528295).  Saving model ...
Updating learning rate to 4.782969000000001e-05
	iters: 100, epoch: 11 | loss: 0.5538150
	speed: 0.2996s/iter; left time: 7628.9286s
	iters: 200, epoch: 11 | loss: 0.4192052
	speed: 0.1302s/iter; left time: 3302.2882s
Epoch: 11 cost time: 36.967013359069824
Epoch: 11, Steps: 284 | Train Loss: 0.5486385 Vali Loss: 0.5223179 Test Loss: 0.2321160
Validation loss decreased (0.528295 --> 0.522318).  Saving model ...
Updating learning rate to 4.304672100000001e-05
	iters: 100, epoch: 12 | loss: 0.5040180
	speed: 0.2997s/iter; left time: 7545.3289s
	iters: 200, epoch: 12 | loss: 0.4649941
	speed: 0.1302s/iter; left time: 3264.5523s
Epoch: 12 cost time: 36.964848279953
Epoch: 12, Steps: 284 | Train Loss: 0.5424236 Vali Loss: 0.5210437 Test Loss: 0.2305669
Validation loss decreased (0.522318 --> 0.521044).  Saving model ...
Updating learning rate to 3.874204890000001e-05
	iters: 100, epoch: 13 | loss: 0.5667717
	speed: 0.2997s/iter; left time: 7460.2403s
	iters: 200, epoch: 13 | loss: 0.5601724
	speed: 0.1302s/iter; left time: 3228.1008s
Epoch: 13 cost time: 36.96368598937988
Epoch: 13, Steps: 284 | Train Loss: 0.5376102 Vali Loss: 0.5173969 Test Loss: 0.2291982
Validation loss decreased (0.521044 --> 0.517397).  Saving model ...
Updating learning rate to 3.486784401000001e-05
	iters: 100, epoch: 14 | loss: 0.8423563
	speed: 0.2997s/iter; left time: 7376.3334s
	iters: 200, epoch: 14 | loss: 0.5477819
	speed: 0.1302s/iter; left time: 3191.4497s
Epoch: 14 cost time: 36.96781849861145
Epoch: 14, Steps: 284 | Train Loss: 0.5339361 Vali Loss: 0.5108491 Test Loss: 0.2280833
Validation loss decreased (0.517397 --> 0.510849).  Saving model ...
Updating learning rate to 3.138105960900001e-05
	iters: 100, epoch: 15 | loss: 0.4224513
	speed: 0.2997s/iter; left time: 7289.1033s
	iters: 200, epoch: 15 | loss: 0.4784531
	speed: 0.1302s/iter; left time: 3153.6542s
Epoch: 15 cost time: 36.955132246017456
Epoch: 15, Steps: 284 | Train Loss: 0.5308719 Vali Loss: 0.5107606 Test Loss: 0.2270669
Validation loss decreased (0.510849 --> 0.510761).  Saving model ...
Updating learning rate to 2.824295364810001e-05
	iters: 100, epoch: 16 | loss: 0.4230111
	speed: 0.2994s/iter; left time: 7197.7239s
	iters: 200, epoch: 16 | loss: 0.4609539
	speed: 0.1302s/iter; left time: 3116.5490s
Epoch: 16 cost time: 36.95158910751343
Epoch: 16, Steps: 284 | Train Loss: 0.5283592 Vali Loss: 0.5066681 Test Loss: 0.2261745
Validation loss decreased (0.510761 --> 0.506668).  Saving model ...
Updating learning rate to 2.541865828329001e-05
	iters: 100, epoch: 17 | loss: 0.4122165
	speed: 0.2995s/iter; left time: 7116.2140s
	iters: 200, epoch: 17 | loss: 0.4313084
	speed: 0.1302s/iter; left time: 3079.2564s
Epoch: 17 cost time: 36.9573495388031
Epoch: 17, Steps: 284 | Train Loss: 0.5263065 Vali Loss: 0.5071045 Test Loss: 0.2253533
EarlyStopping counter: 1 out of 20
Updating learning rate to 2.287679245496101e-05
	iters: 100, epoch: 18 | loss: 0.5853497
	speed: 0.2990s/iter; left time: 7019.1899s
	iters: 200, epoch: 18 | loss: 0.5116652
	speed: 0.1302s/iter; left time: 3042.7900s
Epoch: 18 cost time: 36.96181774139404
Epoch: 18, Steps: 284 | Train Loss: 0.5246018 Vali Loss: 0.5048625 Test Loss: 0.2246590
Validation loss decreased (0.506668 --> 0.504862).  Saving model ...
Updating learning rate to 2.0589113209464907e-05
	iters: 100, epoch: 19 | loss: 0.7282965
	speed: 0.2997s/iter; left time: 6949.5487s
	iters: 200, epoch: 19 | loss: 0.6835421
	speed: 0.1301s/iter; left time: 3004.9393s
Epoch: 19 cost time: 36.95813846588135
Epoch: 19, Steps: 284 | Train Loss: 0.5230000 Vali Loss: 0.5074903 Test Loss: 0.2240056
EarlyStopping counter: 1 out of 20
Updating learning rate to 1.8530201888518416e-05
	iters: 100, epoch: 20 | loss: 0.4096513
	speed: 0.2990s/iter; left time: 6849.1277s
	iters: 200, epoch: 20 | loss: 0.3795648
	speed: 0.1301s/iter; left time: 2967.8829s
Epoch: 20 cost time: 36.96178960800171
Epoch: 20, Steps: 284 | Train Loss: 0.5217457 Vali Loss: 0.5047662 Test Loss: 0.2234648
Validation loss decreased (0.504862 --> 0.504766).  Saving model ...
Updating learning rate to 1.6677181699666577e-05
	iters: 100, epoch: 21 | loss: 0.4469109
	speed: 0.2995s/iter; left time: 6775.1805s
	iters: 200, epoch: 21 | loss: 0.5970515
	speed: 0.1301s/iter; left time: 2929.7252s
Epoch: 21 cost time: 36.94923114776611
Epoch: 21, Steps: 284 | Train Loss: 0.5205172 Vali Loss: 0.5036609 Test Loss: 0.2229829
Validation loss decreased (0.504766 --> 0.503661).  Saving model ...
Updating learning rate to 1.5009463529699919e-05
	iters: 100, epoch: 22 | loss: 0.6056767
	speed: 0.2997s/iter; left time: 6693.3023s
	iters: 200, epoch: 22 | loss: 0.5880497
	speed: 0.1301s/iter; left time: 2892.9829s
Epoch: 22 cost time: 36.95350670814514
Epoch: 22, Steps: 284 | Train Loss: 0.5196551 Vali Loss: 0.5038535 Test Loss: 0.2225448
EarlyStopping counter: 1 out of 20
Updating learning rate to 1.3508517176729929e-05
	iters: 100, epoch: 23 | loss: 0.5097910
	speed: 0.2990s/iter; left time: 6593.4774s
	iters: 200, epoch: 23 | loss: 0.5011428
	speed: 0.1300s/iter; left time: 2854.7083s
Epoch: 23 cost time: 36.944875717163086
Epoch: 23, Steps: 284 | Train Loss: 0.5189343 Vali Loss: 0.5013172 Test Loss: 0.2221735
Validation loss decreased (0.503661 --> 0.501317).  Saving model ...
Updating learning rate to 1.2157665459056936e-05
	iters: 100, epoch: 24 | loss: 0.6353409
	speed: 0.2998s/iter; left time: 6526.3179s
	iters: 200, epoch: 24 | loss: 0.5564358
	speed: 0.1302s/iter; left time: 2820.2826s
Epoch: 24 cost time: 36.9669132232666
Epoch: 24, Steps: 284 | Train Loss: 0.5182088 Vali Loss: 0.5009691 Test Loss: 0.2218383
Validation loss decreased (0.501317 --> 0.500969).  Saving model ...
Updating learning rate to 1.0941898913151242e-05
	iters: 100, epoch: 25 | loss: 0.7392321
	speed: 0.2998s/iter; left time: 6442.0645s
	iters: 200, epoch: 25 | loss: 0.3992725
	speed: 0.1301s/iter; left time: 2782.2061s
Epoch: 25 cost time: 36.95803952217102
Epoch: 25, Steps: 284 | Train Loss: 0.5174710 Vali Loss: 0.5005416 Test Loss: 0.2215260
Validation loss decreased (0.500969 --> 0.500542).  Saving model ...
Updating learning rate to 9.847709021836118e-06
	iters: 100, epoch: 26 | loss: 0.3931055
	speed: 0.2998s/iter; left time: 6355.5234s
	iters: 200, epoch: 26 | loss: 0.5688563
	speed: 0.1301s/iter; left time: 2744.9329s
Epoch: 26 cost time: 36.9530827999115
Epoch: 26, Steps: 284 | Train Loss: 0.5169951 Vali Loss: 0.5015886 Test Loss: 0.2212688
EarlyStopping counter: 1 out of 20
Updating learning rate to 8.862938119652508e-06
	iters: 100, epoch: 27 | loss: 0.4914533
	speed: 0.2988s/iter; left time: 6249.5649s
	iters: 200, epoch: 27 | loss: 0.5242382
	speed: 0.1301s/iter; left time: 2708.0510s
Epoch: 27 cost time: 36.94960403442383
Epoch: 27, Steps: 284 | Train Loss: 0.5159847 Vali Loss: 0.5000032 Test Loss: 0.2209961
Validation loss decreased (0.500542 --> 0.500003).  Saving model ...
Updating learning rate to 7.976644307687255e-06
	iters: 100, epoch: 28 | loss: 0.3967286
	speed: 0.2996s/iter; left time: 6182.2625s
	iters: 200, epoch: 28 | loss: 0.5405580
	speed: 0.1301s/iter; left time: 2670.9735s
Epoch: 28 cost time: 36.945008754730225
Epoch: 28, Steps: 284 | Train Loss: 0.5159906 Vali Loss: 0.4985054 Test Loss: 0.2207899
Validation loss decreased (0.500003 --> 0.498505).  Saving model ...
Updating learning rate to 7.178979876918531e-06
	iters: 100, epoch: 29 | loss: 0.7368606
	speed: 0.2998s/iter; left time: 6099.8415s
	iters: 200, epoch: 29 | loss: 0.7495897
	speed: 0.1300s/iter; left time: 2633.2492s
Epoch: 29 cost time: 36.93887901306152
Epoch: 29, Steps: 284 | Train Loss: 0.5156191 Vali Loss: 0.4991013 Test Loss: 0.2206009
EarlyStopping counter: 1 out of 20
Updating learning rate to 6.4610818892266776e-06
	iters: 100, epoch: 30 | loss: 0.4460068
	speed: 0.2991s/iter; left time: 6001.3193s
	iters: 200, epoch: 30 | loss: 0.6717411
	speed: 0.1301s/iter; left time: 2596.7959s
Epoch: 30 cost time: 36.93887495994568
Epoch: 30, Steps: 284 | Train Loss: 0.5152007 Vali Loss: 0.4993651 Test Loss: 0.2204106
EarlyStopping counter: 2 out of 20
Updating learning rate to 5.8149737003040096e-06
	iters: 100, epoch: 31 | loss: 0.4394556
	speed: 0.2993s/iter; left time: 5919.7567s
	iters: 200, epoch: 31 | loss: 0.5433671
	speed: 0.1301s/iter; left time: 2559.5952s
Epoch: 31 cost time: 36.938472032547
Epoch: 31, Steps: 284 | Train Loss: 0.5149252 Vali Loss: 0.4974061 Test Loss: 0.2202547
Validation loss decreased (0.498505 --> 0.497406).  Saving model ...
Updating learning rate to 5.23347633027361e-06
	iters: 100, epoch: 32 | loss: 0.4148211
	speed: 0.3001s/iter; left time: 5850.3734s
	iters: 200, epoch: 32 | loss: 0.5464855
	speed: 0.1301s/iter; left time: 2523.6911s
Epoch: 32 cost time: 36.94725227355957
Epoch: 32, Steps: 284 | Train Loss: 0.5145780 Vali Loss: 0.4973917 Test Loss: 0.2201055
Validation loss decreased (0.497406 --> 0.497392).  Saving model ...
Updating learning rate to 4.710128697246249e-06
	iters: 100, epoch: 33 | loss: 0.4931229
	speed: 0.2999s/iter; left time: 5762.4029s
	iters: 200, epoch: 33 | loss: 0.6663866
	speed: 0.1301s/iter; left time: 2485.9548s
Epoch: 33 cost time: 36.94433379173279
Epoch: 33, Steps: 284 | Train Loss: 0.5142929 Vali Loss: 0.4967131 Test Loss: 0.2199837
Validation loss decreased (0.497392 --> 0.496713).  Saving model ...
Updating learning rate to 4.239115827521624e-06
	iters: 100, epoch: 34 | loss: 0.5369347
	speed: 0.3000s/iter; left time: 5678.0376s
	iters: 200, epoch: 34 | loss: 0.4026130
	speed: 0.1301s/iter; left time: 2448.8580s
Epoch: 34 cost time: 36.936941385269165
Epoch: 34, Steps: 284 | Train Loss: 0.5137308 Vali Loss: 0.4987911 Test Loss: 0.2198555
EarlyStopping counter: 1 out of 20
Updating learning rate to 3.815204244769462e-06
	iters: 100, epoch: 35 | loss: 0.6880785
	speed: 0.2991s/iter; left time: 5576.8945s
	iters: 200, epoch: 35 | loss: 0.4343376
	speed: 0.1301s/iter; left time: 2411.8395s
Epoch: 35 cost time: 36.93574595451355
Epoch: 35, Steps: 284 | Train Loss: 0.5139749 Vali Loss: 0.4960671 Test Loss: 0.2197492
Validation loss decreased (0.496713 --> 0.496067).  Saving model ...
Updating learning rate to 3.4336838202925152e-06
	iters: 100, epoch: 36 | loss: 0.5534163
	speed: 0.2998s/iter; left time: 5504.7781s
	iters: 200, epoch: 36 | loss: 0.4215652
	speed: 0.1301s/iter; left time: 2375.1221s
Epoch: 36 cost time: 36.94301128387451
Epoch: 36, Steps: 284 | Train Loss: 0.5138305 Vali Loss: 0.4969696 Test Loss: 0.2196538
EarlyStopping counter: 1 out of 20
Updating learning rate to 3.090315438263264e-06
	iters: 100, epoch: 37 | loss: 0.5530765
	speed: 0.2991s/iter; left time: 5406.2467s
	iters: 200, epoch: 37 | loss: 0.4796838
	speed: 0.1301s/iter; left time: 2339.1311s
Epoch: 37 cost time: 36.95140767097473
Epoch: 37, Steps: 284 | Train Loss: 0.5135999 Vali Loss: 0.4956654 Test Loss: 0.2195644
Validation loss decreased (0.496067 --> 0.495665).  Saving model ...
Updating learning rate to 2.7812838944369375e-06
	iters: 100, epoch: 38 | loss: 0.4366492
	speed: 0.2997s/iter; left time: 5331.6757s
	iters: 200, epoch: 38 | loss: 0.4596390
	speed: 0.1301s/iter; left time: 2301.9287s
Epoch: 38 cost time: 36.956799268722534
Epoch: 38, Steps: 284 | Train Loss: 0.5134809 Vali Loss: 0.4945137 Test Loss: 0.2195042
Validation loss decreased (0.495665 --> 0.494514).  Saving model ...
Updating learning rate to 2.503155504993244e-06
	iters: 100, epoch: 39 | loss: 0.5344013
	speed: 0.2997s/iter; left time: 5246.5810s
	iters: 200, epoch: 39 | loss: 0.5741074
	speed: 0.1301s/iter; left time: 2264.9179s
Epoch: 39 cost time: 36.95464491844177
Epoch: 39, Steps: 284 | Train Loss: 0.5132882 Vali Loss: 0.4956319 Test Loss: 0.2194283
EarlyStopping counter: 1 out of 20
Updating learning rate to 2.2528399544939195e-06
	iters: 100, epoch: 40 | loss: 0.6936424
	speed: 0.2989s/iter; left time: 5149.0388s
	iters: 200, epoch: 40 | loss: 0.5823215
	speed: 0.1301s/iter; left time: 2227.1485s
Epoch: 40 cost time: 36.93837881088257
Epoch: 40, Steps: 284 | Train Loss: 0.5132173 Vali Loss: 0.4966174 Test Loss: 0.2193628
EarlyStopping counter: 2 out of 20
Updating learning rate to 2.0275559590445276e-06
	iters: 100, epoch: 41 | loss: 0.4435748
	speed: 0.2988s/iter; left time: 5062.7247s
	iters: 200, epoch: 41 | loss: 0.5748305
	speed: 0.1301s/iter; left time: 2190.2923s
Epoch: 41 cost time: 36.93670153617859
Epoch: 41, Steps: 284 | Train Loss: 0.5130217 Vali Loss: 0.4958699 Test Loss: 0.2193262
EarlyStopping counter: 3 out of 20
Updating learning rate to 1.8248003631400751e-06
	iters: 100, epoch: 42 | loss: 0.4392897
	speed: 0.2987s/iter; left time: 4975.7661s
	iters: 200, epoch: 42 | loss: 0.5115547
	speed: 0.1300s/iter; left time: 2152.4238s
Epoch: 42 cost time: 36.92804527282715
Epoch: 42, Steps: 284 | Train Loss: 0.5129509 Vali Loss: 0.4969577 Test Loss: 0.2192652
EarlyStopping counter: 4 out of 20
Updating learning rate to 1.6423203268260676e-06
	iters: 100, epoch: 43 | loss: 0.5154812
	speed: 0.2987s/iter; left time: 4891.3858s
	iters: 200, epoch: 43 | loss: 0.3863152
	speed: 0.1300s/iter; left time: 2115.3635s
Epoch: 43 cost time: 36.92435121536255
Epoch: 43, Steps: 284 | Train Loss: 0.5129938 Vali Loss: 0.4977874 Test Loss: 0.2192168
EarlyStopping counter: 5 out of 20
Updating learning rate to 1.4780882941434609e-06
	iters: 100, epoch: 44 | loss: 0.4880570
	speed: 0.2988s/iter; left time: 4807.5276s
	iters: 200, epoch: 44 | loss: 0.4640256
	speed: 0.1300s/iter; left time: 2078.8351s
Epoch: 44 cost time: 36.926843881607056
Epoch: 44, Steps: 284 | Train Loss: 0.5129287 Vali Loss: 0.4957745 Test Loss: 0.2191785
EarlyStopping counter: 6 out of 20
Updating learning rate to 1.3302794647291146e-06
	iters: 100, epoch: 45 | loss: 0.5365492
	speed: 0.2986s/iter; left time: 4718.9300s
	iters: 200, epoch: 45 | loss: 0.4418997
	speed: 0.1301s/iter; left time: 2042.6238s
Epoch: 45 cost time: 36.936935901641846
Epoch: 45, Steps: 284 | Train Loss: 0.5126558 Vali Loss: 0.4965760 Test Loss: 0.2191405
EarlyStopping counter: 7 out of 20
Updating learning rate to 1.1972515182562034e-06
	iters: 100, epoch: 46 | loss: 0.6123287
	speed: 0.2989s/iter; left time: 4640.0005s
	iters: 200, epoch: 46 | loss: 0.5440189
	speed: 0.1301s/iter; left time: 2006.4066s
Epoch: 46 cost time: 36.94321131706238
Epoch: 46, Steps: 284 | Train Loss: 0.5126451 Vali Loss: 0.4985244 Test Loss: 0.2191073
EarlyStopping counter: 8 out of 20
Updating learning rate to 1.077526366430583e-06
	iters: 100, epoch: 47 | loss: 0.7159213
	speed: 0.2987s/iter; left time: 4551.1241s
	iters: 200, epoch: 47 | loss: 0.4645266
	speed: 0.1301s/iter; left time: 1969.1036s
Epoch: 47 cost time: 36.93550252914429
Epoch: 47, Steps: 284 | Train Loss: 0.5126101 Vali Loss: 0.4959933 Test Loss: 0.2190857
EarlyStopping counter: 9 out of 20
Updating learning rate to 9.697737297875248e-07
	iters: 100, epoch: 48 | loss: 0.4566863
	speed: 0.2987s/iter; left time: 4466.4868s
	iters: 200, epoch: 48 | loss: 0.4178554
	speed: 0.1301s/iter; left time: 1932.4078s
Epoch: 48 cost time: 36.93615365028381
Epoch: 48, Steps: 284 | Train Loss: 0.5125590 Vali Loss: 0.4958495 Test Loss: 0.2190469
EarlyStopping counter: 10 out of 20
Updating learning rate to 8.727963568087723e-07
	iters: 100, epoch: 49 | loss: 0.3994747
	speed: 0.2988s/iter; left time: 4382.5597s
	iters: 200, epoch: 49 | loss: 0.4503735
	speed: 0.1301s/iter; left time: 1895.4629s
Epoch: 49 cost time: 36.93516826629639
Epoch: 49, Steps: 284 | Train Loss: 0.5126261 Vali Loss: 0.4947839 Test Loss: 0.2190249
EarlyStopping counter: 11 out of 20
Updating learning rate to 7.855167211278951e-07
	iters: 100, epoch: 50 | loss: 0.3771007
	speed: 0.2987s/iter; left time: 4296.4435s
	iters: 200, epoch: 50 | loss: 0.3889498
	speed: 0.1301s/iter; left time: 1858.5495s
Epoch: 50 cost time: 36.9326057434082
Epoch: 50, Steps: 284 | Train Loss: 0.5124037 Vali Loss: 0.4961960 Test Loss: 0.2190012
EarlyStopping counter: 12 out of 20
Updating learning rate to 7.069650490151056e-07
	iters: 100, epoch: 51 | loss: 0.5622609
	speed: 0.2987s/iter; left time: 4212.4521s
	iters: 200, epoch: 51 | loss: 0.5056406
	speed: 0.1301s/iter; left time: 1821.2741s
Epoch: 51 cost time: 36.92670941352844
Epoch: 51, Steps: 284 | Train Loss: 0.5124726 Vali Loss: 0.4944989 Test Loss: 0.2190057
Validation loss decreased (0.494514 --> 0.494499).  Saving model ...
Updating learning rate to 6.36268544113595e-07
	iters: 100, epoch: 52 | loss: 0.4311778
	speed: 0.2994s/iter; left time: 4136.7959s
	iters: 200, epoch: 52 | loss: 0.5396492
	speed: 0.1301s/iter; left time: 1784.3128s
Epoch: 52 cost time: 36.930931091308594
Epoch: 52, Steps: 284 | Train Loss: 0.5124076 Vali Loss: 0.4963969 Test Loss: 0.2189651
EarlyStopping counter: 1 out of 20
Updating learning rate to 5.726416897022355e-07
	iters: 100, epoch: 53 | loss: 0.6136100
	speed: 0.2988s/iter; left time: 4043.8335s
	iters: 200, epoch: 53 | loss: 0.4643919
	speed: 0.1301s/iter; left time: 1747.2185s
Epoch: 53 cost time: 36.92729043960571
Epoch: 53, Steps: 284 | Train Loss: 0.5124986 Vali Loss: 0.4958871 Test Loss: 0.2189597
EarlyStopping counter: 2 out of 20
Updating learning rate to 5.15377520732012e-07
	iters: 100, epoch: 54 | loss: 0.4918053
	speed: 0.2985s/iter; left time: 3955.4443s
	iters: 200, epoch: 54 | loss: 0.5159193
	speed: 0.1301s/iter; left time: 1710.3584s
Epoch: 54 cost time: 36.92628192901611
Epoch: 54, Steps: 284 | Train Loss: 0.5124658 Vali Loss: 0.4959262 Test Loss: 0.2189399
EarlyStopping counter: 3 out of 20
Updating learning rate to 4.6383976865881085e-07
	iters: 100, epoch: 55 | loss: 0.6486122
	speed: 0.2987s/iter; left time: 3872.2091s
	iters: 200, epoch: 55 | loss: 0.5206663
	speed: 0.1302s/iter; left time: 1674.5921s
Epoch: 55 cost time: 36.95615029335022
Epoch: 55, Steps: 284 | Train Loss: 0.5123048 Vali Loss: 0.4952423 Test Loss: 0.2189276
EarlyStopping counter: 4 out of 20
Updating learning rate to 4.174557917929298e-07
	iters: 100, epoch: 56 | loss: 0.4745485
	speed: 0.2991s/iter; left time: 3792.9006s
	iters: 200, epoch: 56 | loss: 0.4825227
	speed: 0.1302s/iter; left time: 1638.2370s
Epoch: 56 cost time: 36.97833490371704
Epoch: 56, Steps: 284 | Train Loss: 0.5123297 Vali Loss: 0.4966283 Test Loss: 0.2189131
EarlyStopping counter: 5 out of 20
Updating learning rate to 3.7571021261363677e-07
	iters: 100, epoch: 57 | loss: 0.3820355
	speed: 0.2989s/iter; left time: 3705.9274s
	iters: 200, epoch: 57 | loss: 0.4508485
	speed: 0.1302s/iter; left time: 1601.1300s
Epoch: 57 cost time: 36.980555057525635
Epoch: 57, Steps: 284 | Train Loss: 0.5123339 Vali Loss: 0.4947675 Test Loss: 0.2189019
EarlyStopping counter: 6 out of 20
Updating learning rate to 3.381391913522731e-07
	iters: 100, epoch: 58 | loss: 0.4785499
	speed: 0.2993s/iter; left time: 3625.2633s
	iters: 200, epoch: 58 | loss: 0.4647319
	speed: 0.1303s/iter; left time: 1564.7472s
Epoch: 58 cost time: 36.993322134017944
Epoch: 58, Steps: 284 | Train Loss: 0.5118474 Vali Loss: 0.4967384 Test Loss: 0.2188990
EarlyStopping counter: 7 out of 20
Updating learning rate to 3.043252722170458e-07
	iters: 100, epoch: 59 | loss: 0.6389710
	speed: 0.2993s/iter; left time: 3540.4495s
	iters: 200, epoch: 59 | loss: 0.5244372
	speed: 0.1303s/iter; left time: 1527.8482s
Epoch: 59 cost time: 36.99808669090271
Epoch: 59, Steps: 284 | Train Loss: 0.5123830 Vali Loss: 0.4963801 Test Loss: 0.2188938
EarlyStopping counter: 8 out of 20
Updating learning rate to 2.7389274499534124e-07
	iters: 100, epoch: 60 | loss: 0.4848958
	speed: 0.2992s/iter; left time: 3454.6584s
	iters: 200, epoch: 60 | loss: 0.3730838
	speed: 0.1303s/iter; left time: 1491.4104s
Epoch: 60 cost time: 37.01251983642578
Epoch: 60, Steps: 284 | Train Loss: 0.5122404 Vali Loss: 0.4970483 Test Loss: 0.2188808
EarlyStopping counter: 9 out of 20
Updating learning rate to 2.465034704958071e-07
	iters: 100, epoch: 61 | loss: 0.3636996
	speed: 0.2991s/iter; left time: 3368.0719s
	iters: 200, epoch: 61 | loss: 0.5850511
	speed: 0.1303s/iter; left time: 1454.2019s
Epoch: 61 cost time: 37.01022481918335
Epoch: 61, Steps: 284 | Train Loss: 0.5122786 Vali Loss: 0.4960517 Test Loss: 0.2188877
EarlyStopping counter: 10 out of 20
Updating learning rate to 2.218531234462264e-07
	iters: 100, epoch: 62 | loss: 0.4248423
	speed: 0.2993s/iter; left time: 3285.9203s
	iters: 200, epoch: 62 | loss: 0.4274498
	speed: 0.1303s/iter; left time: 1417.2795s
Epoch: 62 cost time: 37.01540160179138
Epoch: 62, Steps: 284 | Train Loss: 0.5122403 Vali Loss: 0.4935291 Test Loss: 0.2188716
Validation loss decreased (0.494499 --> 0.493529).  Saving model ...
Updating learning rate to 1.9966781110160376e-07
	iters: 100, epoch: 63 | loss: 0.5253543
	speed: 0.3001s/iter; left time: 3209.3087s
	iters: 200, epoch: 63 | loss: 0.7351285
	speed: 0.1303s/iter; left time: 1380.1729s
Epoch: 63 cost time: 37.01843070983887
Epoch: 63, Steps: 284 | Train Loss: 0.5122748 Vali Loss: 0.4944525 Test Loss: 0.2188710
EarlyStopping counter: 1 out of 20
Updating learning rate to 1.797010299914434e-07
	iters: 100, epoch: 64 | loss: 0.6218923
	speed: 0.2994s/iter; left time: 3116.7338s
	iters: 200, epoch: 64 | loss: 0.5560042
	speed: 0.1303s/iter; left time: 1343.6974s
Epoch: 64 cost time: 37.01737141609192
Epoch: 64, Steps: 284 | Train Loss: 0.5123116 Vali Loss: 0.4958153 Test Loss: 0.2188666
EarlyStopping counter: 2 out of 20
Updating learning rate to 1.6173092699229907e-07
	iters: 100, epoch: 65 | loss: 0.6618211
	speed: 0.2995s/iter; left time: 3032.3303s
	iters: 200, epoch: 65 | loss: 0.5668392
	speed: 0.1303s/iter; left time: 1306.5262s
Epoch: 65 cost time: 37.0227267742157
Epoch: 65, Steps: 284 | Train Loss: 0.5123474 Vali Loss: 0.4940471 Test Loss: 0.2188506
EarlyStopping counter: 3 out of 20
Updating learning rate to 1.4555783429306916e-07
	iters: 100, epoch: 66 | loss: 0.6118679
	speed: 0.2997s/iter; left time: 2949.5579s
	iters: 200, epoch: 66 | loss: 0.7497113
	speed: 0.1303s/iter; left time: 1269.7241s
Epoch: 66 cost time: 37.01605772972107
Epoch: 66, Steps: 284 | Train Loss: 0.5122543 Vali Loss: 0.4952677 Test Loss: 0.2188468
EarlyStopping counter: 4 out of 20
Updating learning rate to 1.3100205086376224e-07
	iters: 100, epoch: 67 | loss: 0.4095421
	speed: 0.2998s/iter; left time: 2865.0299s
	iters: 200, epoch: 67 | loss: 0.4844884
	speed: 0.1303s/iter; left time: 1232.2235s
Epoch: 67 cost time: 37.006479024887085
Epoch: 67, Steps: 284 | Train Loss: 0.5122544 Vali Loss: 0.4976323 Test Loss: 0.2188582
EarlyStopping counter: 5 out of 20
Updating learning rate to 1.1790184577738603e-07
	iters: 100, epoch: 68 | loss: 0.4843112
	speed: 0.2998s/iter; left time: 2780.1427s
	iters: 200, epoch: 68 | loss: 0.4410874
	speed: 0.1303s/iter; left time: 1195.0900s
Epoch: 68 cost time: 36.998748540878296
Epoch: 68, Steps: 284 | Train Loss: 0.5122129 Vali Loss: 0.4940547 Test Loss: 0.2188410
EarlyStopping counter: 6 out of 20
Updating learning rate to 1.0611166119964742e-07
	iters: 100, epoch: 69 | loss: 0.5326594
	speed: 0.2996s/iter; left time: 2693.2583s
	iters: 200, epoch: 69 | loss: 0.3954189
	speed: 0.1303s/iter; left time: 1157.8925s
Epoch: 69 cost time: 36.99948596954346
Epoch: 69, Steps: 284 | Train Loss: 0.5122021 Vali Loss: 0.4959679 Test Loss: 0.2188418
EarlyStopping counter: 7 out of 20
Updating learning rate to 9.550049507968268e-08
	iters: 100, epoch: 70 | loss: 0.4263034
	speed: 0.2994s/iter; left time: 2606.0065s
	iters: 200, epoch: 70 | loss: 0.5114055
	speed: 0.1303s/iter; left time: 1121.0733s
Epoch: 70 cost time: 37.00062823295593
Epoch: 70, Steps: 284 | Train Loss: 0.5123047 Vali Loss: 0.4978990 Test Loss: 0.2188404
EarlyStopping counter: 8 out of 20
Updating learning rate to 8.595044557171442e-08
	iters: 100, epoch: 71 | loss: 0.5599689
	speed: 0.2992s/iter; left time: 2519.9672s
	iters: 200, epoch: 71 | loss: 0.4098826
	speed: 0.1302s/iter; left time: 1083.6100s
Epoch: 71 cost time: 36.99063849449158
Epoch: 71, Steps: 284 | Train Loss: 0.5122277 Vali Loss: 0.4941881 Test Loss: 0.2188576
EarlyStopping counter: 9 out of 20
Updating learning rate to 7.735540101454298e-08
	iters: 100, epoch: 72 | loss: 0.5880481
	speed: 0.2995s/iter; left time: 2436.6531s
	iters: 200, epoch: 72 | loss: 0.5680153
	speed: 0.1302s/iter; left time: 1046.3405s
Epoch: 72 cost time: 36.98582434654236
Epoch: 72, Steps: 284 | Train Loss: 0.5122737 Vali Loss: 0.4930325 Test Loss: 0.2188438
Validation loss decreased (0.493529 --> 0.493033).  Saving model ...
Updating learning rate to 6.961986091308869e-08
	iters: 100, epoch: 73 | loss: 0.4588736
	speed: 0.2999s/iter; left time: 2355.4124s
	iters: 200, epoch: 73 | loss: 0.4496784
	speed: 0.1302s/iter; left time: 1009.4170s
Epoch: 73 cost time: 36.98430848121643
Epoch: 73, Steps: 284 | Train Loss: 0.5121581 Vali Loss: 0.4946494 Test Loss: 0.2188402
EarlyStopping counter: 1 out of 20
Updating learning rate to 6.265787482177981e-08
	iters: 100, epoch: 74 | loss: 0.4427025
	speed: 0.2992s/iter; left time: 2264.5233s
	iters: 200, epoch: 74 | loss: 0.5096298
	speed: 0.1301s/iter; left time: 972.0548s
Epoch: 74 cost time: 36.9699125289917
Epoch: 74, Steps: 284 | Train Loss: 0.5122377 Vali Loss: 0.4933456 Test Loss: 0.2188285
EarlyStopping counter: 2 out of 20
Updating learning rate to 5.639208733960184e-08
	iters: 100, epoch: 75 | loss: 0.5560722
	speed: 0.2991s/iter; left time: 2178.6162s
	iters: 200, epoch: 75 | loss: 0.5858194
	speed: 0.1302s/iter; left time: 935.3431s
Epoch: 75 cost time: 36.9742705821991
Epoch: 75, Steps: 284 | Train Loss: 0.5122560 Vali Loss: 0.4938378 Test Loss: 0.2188430
EarlyStopping counter: 3 out of 20
Updating learning rate to 5.075287860564165e-08
	iters: 100, epoch: 76 | loss: 0.5736315
	speed: 0.2991s/iter; left time: 2094.0394s
	iters: 200, epoch: 76 | loss: 0.4788403
	speed: 0.1302s/iter; left time: 898.3425s
Epoch: 76 cost time: 36.97594237327576
Epoch: 76, Steps: 284 | Train Loss: 0.5122751 Vali Loss: 0.4957833 Test Loss: 0.2188326
EarlyStopping counter: 4 out of 20
Updating learning rate to 4.567759074507749e-08
	iters: 100, epoch: 77 | loss: 0.5112947
	speed: 0.2990s/iter; left time: 2008.5185s
	iters: 200, epoch: 77 | loss: 0.5400502
	speed: 0.1302s/iter; left time: 861.4419s
Epoch: 77 cost time: 36.96985673904419
Epoch: 77, Steps: 284 | Train Loss: 0.5121445 Vali Loss: 0.4945092 Test Loss: 0.2188392
EarlyStopping counter: 5 out of 20
Updating learning rate to 4.1109831670569744e-08
	iters: 100, epoch: 78 | loss: 0.6545041
	speed: 0.2990s/iter; left time: 1923.6581s
	iters: 200, epoch: 78 | loss: 0.5435356
	speed: 0.1302s/iter; left time: 824.2465s
Epoch: 78 cost time: 36.958839654922485
Epoch: 78, Steps: 284 | Train Loss: 0.5121843 Vali Loss: 0.4940452 Test Loss: 0.2188406
EarlyStopping counter: 6 out of 20
Updating learning rate to 3.6998848503512764e-08
	iters: 100, epoch: 79 | loss: 0.8017384
	speed: 0.2987s/iter; left time: 1836.6903s
	iters: 200, epoch: 79 | loss: 0.3764733
	speed: 0.1300s/iter; left time: 786.6104s
Epoch: 79 cost time: 36.93843150138855
Epoch: 79, Steps: 284 | Train Loss: 0.5122440 Vali Loss: 0.4956623 Test Loss: 0.2188404
EarlyStopping counter: 7 out of 20
Updating learning rate to 3.3298963653161496e-08
	iters: 100, epoch: 80 | loss: 0.4738651
	speed: 0.2988s/iter; left time: 1752.6511s
	iters: 200, epoch: 80 | loss: 0.4043295
	speed: 0.1302s/iter; left time: 750.3392s
Epoch: 80 cost time: 36.9568886756897
Epoch: 80, Steps: 284 | Train Loss: 0.5122249 Vali Loss: 0.4961591 Test Loss: 0.2188272
EarlyStopping counter: 8 out of 20
Updating learning rate to 2.996906728784534e-08
	iters: 100, epoch: 81 | loss: 0.3505588
	speed: 0.2991s/iter; left time: 1669.1827s
	iters: 200, epoch: 81 | loss: 0.5392910
	speed: 0.1301s/iter; left time: 713.2027s
Epoch: 81 cost time: 36.962352991104126
Epoch: 81, Steps: 284 | Train Loss: 0.5122473 Vali Loss: 0.4948526 Test Loss: 0.2188281
EarlyStopping counter: 9 out of 20
Updating learning rate to 2.697216055906081e-08
	iters: 100, epoch: 82 | loss: 0.3868848
	speed: 0.2988s/iter; left time: 1582.8602s
	iters: 200, epoch: 82 | loss: 0.3969147
	speed: 0.1302s/iter; left time: 676.7657s
Epoch: 82 cost time: 36.97667360305786
Epoch: 82, Steps: 284 | Train Loss: 0.5122580 Vali Loss: 0.4955898 Test Loss: 0.2188393
EarlyStopping counter: 10 out of 20
Updating learning rate to 2.427494450315473e-08
	iters: 100, epoch: 83 | loss: 0.4423411
	speed: 0.2991s/iter; left time: 1499.6282s
	iters: 200, epoch: 83 | loss: 0.4745149
	speed: 0.1302s/iter; left time: 639.6460s
Epoch: 83 cost time: 36.96709704399109
Epoch: 83, Steps: 284 | Train Loss: 0.5121821 Vali Loss: 0.4968675 Test Loss: 0.2188493
EarlyStopping counter: 11 out of 20
Updating learning rate to 2.1847450052839257e-08
	iters: 100, epoch: 84 | loss: 0.3996691
	speed: 0.2990s/iter; left time: 1414.1823s
	iters: 200, epoch: 84 | loss: 0.4371121
	speed: 0.1303s/iter; left time: 602.9732s
Epoch: 84 cost time: 36.971518993377686
Epoch: 84, Steps: 284 | Train Loss: 0.5121671 Vali Loss: 0.4939835 Test Loss: 0.2188299
EarlyStopping counter: 12 out of 20
Updating learning rate to 1.9662705047555332e-08
	iters: 100, epoch: 85 | loss: 0.6688331
	speed: 0.2989s/iter; left time: 1328.4488s
	iters: 200, epoch: 85 | loss: 0.5332328
	speed: 0.1302s/iter; left time: 565.6741s
Epoch: 85 cost time: 36.96564316749573
Epoch: 85, Steps: 284 | Train Loss: 0.5122429 Vali Loss: 0.4958287 Test Loss: 0.2188137
EarlyStopping counter: 13 out of 20
Updating learning rate to 1.7696434542799797e-08
	iters: 100, epoch: 86 | loss: 0.3963673
	speed: 0.2989s/iter; left time: 1243.7312s
	iters: 200, epoch: 86 | loss: 0.4071746
	speed: 0.1302s/iter; left time: 528.6670s
Epoch: 86 cost time: 36.958473920822144
Epoch: 86, Steps: 284 | Train Loss: 0.5122687 Vali Loss: 0.4956760 Test Loss: 0.2188363
EarlyStopping counter: 14 out of 20
Updating learning rate to 1.5926791088519817e-08
	iters: 100, epoch: 87 | loss: 0.6976164
	speed: 0.2991s/iter; left time: 1159.5331s
	iters: 200, epoch: 87 | loss: 0.4004267
	speed: 0.1302s/iter; left time: 491.9140s
Epoch: 87 cost time: 36.979480266571045
Epoch: 87, Steps: 284 | Train Loss: 0.5121601 Vali Loss: 0.4946381 Test Loss: 0.2188374
EarlyStopping counter: 15 out of 20
Updating learning rate to 1.4334111979667836e-08
	iters: 100, epoch: 88 | loss: 0.7119992
	speed: 0.2990s/iter; left time: 1074.4360s
	iters: 200, epoch: 88 | loss: 0.5587360
	speed: 0.1302s/iter; left time: 454.9554s
Epoch: 88 cost time: 36.98260164260864
Epoch: 88, Steps: 284 | Train Loss: 0.5121573 Vali Loss: 0.4975755 Test Loss: 0.2188338
EarlyStopping counter: 16 out of 20
Updating learning rate to 1.2900700781701054e-08
	iters: 100, epoch: 89 | loss: 0.4679125
	speed: 0.2995s/iter; left time: 991.0018s
	iters: 200, epoch: 89 | loss: 0.4368279
	speed: 0.1303s/iter; left time: 418.0399s
Epoch: 89 cost time: 36.998189210891724
Epoch: 89, Steps: 284 | Train Loss: 0.5121735 Vali Loss: 0.4948939 Test Loss: 0.2188399
EarlyStopping counter: 17 out of 20
Updating learning rate to 1.161063070353095e-08
	iters: 100, epoch: 90 | loss: 0.5343479
	speed: 0.2995s/iter; left time: 905.8969s
	iters: 200, epoch: 90 | loss: 0.6008465
	speed: 0.1301s/iter; left time: 380.6232s
Epoch: 90 cost time: 36.96705460548401
Epoch: 90, Steps: 284 | Train Loss: 0.5121663 Vali Loss: 0.4943335 Test Loss: 0.2188211
EarlyStopping counter: 18 out of 20
Updating learning rate to 1.0449567633177854e-08
	iters: 100, epoch: 91 | loss: 0.4319653
	speed: 0.2992s/iter; left time: 820.0601s
	iters: 200, epoch: 91 | loss: 0.5329646
	speed: 0.1301s/iter; left time: 343.6040s
Epoch: 91 cost time: 36.9591543674469
Epoch: 91, Steps: 284 | Train Loss: 0.5121738 Vali Loss: 0.4949100 Test Loss: 0.2188350
EarlyStopping counter: 19 out of 20
Updating learning rate to 9.404610869860069e-09
	iters: 100, epoch: 92 | loss: 0.6706268
	speed: 0.2991s/iter; left time: 734.8772s
	iters: 200, epoch: 92 | loss: 0.7216591
	speed: 0.1301s/iter; left time: 306.6344s
Epoch: 92 cost time: 36.95124125480652
Epoch: 92, Steps: 284 | Train Loss: 0.5122363 Vali Loss: 0.4964722 Test Loss: 0.2188301
EarlyStopping counter: 20 out of 20
Early stopping
>>>>>>>testing : NL_weather_flatten_lr0.001_5steps_336_192_PatchTST_custom_ftM_sl336_ll48_pl192_dm128_nh16_el3_dl1_df256_fc1_ebtimeF_dtTruelr0.001_pol5steps_Nested_Learning_0<<<<<<<<<<<<<<<<<<<<<<<<<<<<<<<<<
test 10348
 Ejecutando Inferencia DINÁMICA (Nested Learning con flatten)
  -> Política: 5steps | LR: 0.001 | Target: head

RESUMEN: El CMS se actualizó 16 veces de 80 posibles.

mse:0.21874654293060303, mae:0.2620558440685272, rse:0.6152989864349365
Args in experiment:
Namespace(random_seed=2021, is_training=1, model_id='NL_weather_flatten_lr0.001_5steps_336_336', model='PatchTST', data='custom', root_path='./dataset/', data_path='weather.csv', features='M', target='OT', freq='h', checkpoints='./checkpoints/', seq_len=336, label_len=48, pred_len=336, head_type='flatten', cms_lr=0.001, update_policy='5steps', fc_dropout=0.2, head_dropout=0.0, patch_len=16, stride=8, padding_patch='end', revin=1, affine=0, subtract_last=0, decomposition=0, kernel_size=25, individual=0, embed_type=0, enc_in=21, dec_in=7, c_out=7, d_model=128, n_heads=16, e_layers=3, d_layers=1, d_ff=256, moving_avg=25, factor=1, distil=True, dropout=0.2, embed='timeF', activation='gelu', output_attention=False, do_predict=False, num_workers=0, itr=1, train_epochs=100, batch_size=128, patience=20, learning_rate=0.0001, des='Nested_Learning', loss='mse', lradj='type3', pct_start=0.3, use_amp=False, use_gpu=True, gpu=0, use_multi_gpu=False, devices='0,1,2,3', test_flop=False)
Use GPU: cuda:0
>>>>>>>start training : NL_weather_flatten_lr0.001_5steps_336_336_PatchTST_custom_ftM_sl336_ll48_pl336_dm128_nh16_el3_dl1_df256_fc1_ebtimeF_dtTruelr0.001_pol5steps_Nested_Learning_0>>>>>>>>>>>>>>>>>>>>>>>>>>
train 36216
val 4935
test 10204
	iters: 100, epoch: 1 | loss: 0.8799181
	speed: 0.1572s/iter; left time: 4417.1503s
	iters: 200, epoch: 1 | loss: 0.9242689
	speed: 0.1382s/iter; left time: 3869.8504s
Epoch: 1 cost time: 39.19550538063049
Epoch: 1, Steps: 282 | Train Loss: 1.0033152 Vali Loss: 0.8776402 Test Loss: 0.3601589
Validation loss decreased (inf --> 0.877640).  Saving model ...
Updating learning rate to 0.0001
	iters: 100, epoch: 2 | loss: 1.0329810
	speed: 0.3163s/iter; left time: 8799.1770s
	iters: 200, epoch: 2 | loss: 1.0770587
	speed: 0.1386s/iter; left time: 3843.0399s
Epoch: 2 cost time: 39.08500790596008
Epoch: 2, Steps: 282 | Train Loss: 0.9581174 Vali Loss: 0.8203692 Test Loss: 0.3435273
Validation loss decreased (0.877640 --> 0.820369).  Saving model ...
Updating learning rate to 0.0001
	iters: 100, epoch: 3 | loss: 0.8733947
	speed: 0.3169s/iter; left time: 8725.5288s
	iters: 200, epoch: 3 | loss: 0.7705375
	speed: 0.1387s/iter; left time: 3805.3295s
Epoch: 3 cost time: 39.10864543914795
Epoch: 3, Steps: 282 | Train Loss: 0.8786071 Vali Loss: 0.7726205 Test Loss: 0.3288316
Validation loss decreased (0.820369 --> 0.772620).  Saving model ...
Updating learning rate to 0.0001
	iters: 100, epoch: 4 | loss: 1.0139724
	speed: 0.3172s/iter; left time: 8644.1852s
	iters: 200, epoch: 4 | loss: 0.8355486
	speed: 0.1387s/iter; left time: 3766.4751s
Epoch: 4 cost time: 39.11823558807373
Epoch: 4, Steps: 282 | Train Loss: 0.8114052 Vali Loss: 0.7315707 Test Loss: 0.3158628
Validation loss decreased (0.772620 --> 0.731571).  Saving model ...
Updating learning rate to 9e-05
	iters: 100, epoch: 5 | loss: 0.7166247
	speed: 0.3166s/iter; left time: 8540.6516s
	iters: 200, epoch: 5 | loss: 0.8478532
	speed: 0.1387s/iter; left time: 3726.9129s
Epoch: 5 cost time: 39.10508894920349
Epoch: 5, Steps: 282 | Train Loss: 0.7573058 Vali Loss: 0.6975855 Test Loss: 0.3059590
Validation loss decreased (0.731571 --> 0.697586).  Saving model ...
Updating learning rate to 8.1e-05
	iters: 100, epoch: 6 | loss: 0.7101450
	speed: 0.3188s/iter; left time: 8510.0615s
	iters: 200, epoch: 6 | loss: 0.6191001
	speed: 0.1386s/iter; left time: 3686.7494s
Epoch: 6 cost time: 39.09495162963867
Epoch: 6, Steps: 282 | Train Loss: 0.7161800 Vali Loss: 0.6728530 Test Loss: 0.2984945
Validation loss decreased (0.697586 --> 0.672853).  Saving model ...
Updating learning rate to 7.290000000000001e-05
	iters: 100, epoch: 7 | loss: 0.5536150
	speed: 0.3174s/iter; left time: 8381.2976s
	iters: 200, epoch: 7 | loss: 0.5773638
	speed: 0.1387s/iter; left time: 3648.6248s
Epoch: 7 cost time: 39.10535907745361
Epoch: 7, Steps: 282 | Train Loss: 0.6840555 Vali Loss: 0.6530980 Test Loss: 0.2928260
Validation loss decreased (0.672853 --> 0.653098).  Saving model ...
Updating learning rate to 6.561e-05
	iters: 100, epoch: 8 | loss: 0.5956240
	speed: 0.3159s/iter; left time: 8253.8722s
	iters: 200, epoch: 8 | loss: 0.6364954
	speed: 0.1387s/iter; left time: 3609.3989s
Epoch: 8 cost time: 39.10981464385986
Epoch: 8, Steps: 282 | Train Loss: 0.6597368 Vali Loss: 0.6381799 Test Loss: 0.2884025
Validation loss decreased (0.653098 --> 0.638180).  Saving model ...
Updating learning rate to 5.904900000000001e-05
	iters: 100, epoch: 9 | loss: 0.6316012
	speed: 0.3162s/iter; left time: 8171.1023s
	iters: 200, epoch: 9 | loss: 0.5976554
	speed: 0.1386s/iter; left time: 3569.2811s
Epoch: 9 cost time: 39.097736120224
Epoch: 9, Steps: 282 | Train Loss: 0.6416715 Vali Loss: 0.6275758 Test Loss: 0.2850145
Validation loss decreased (0.638180 --> 0.627576).  Saving model ...
Updating learning rate to 5.3144100000000005e-05
	iters: 100, epoch: 10 | loss: 0.5775233
	speed: 0.3150s/iter; left time: 8052.5379s
	iters: 200, epoch: 10 | loss: 0.5592479
	speed: 0.1387s/iter; left time: 3530.7316s
Epoch: 10 cost time: 39.10979104042053
Epoch: 10, Steps: 282 | Train Loss: 0.6263444 Vali Loss: 0.6183788 Test Loss: 0.2823439
Validation loss decreased (0.627576 --> 0.618379).  Saving model ...
Updating learning rate to 4.782969000000001e-05
	iters: 100, epoch: 11 | loss: 0.6138455
	speed: 0.3161s/iter; left time: 7990.8503s
	iters: 200, epoch: 11 | loss: 0.5552319
	speed: 0.1387s/iter; left time: 3492.2903s
Epoch: 11 cost time: 39.11105132102966
Epoch: 11, Steps: 282 | Train Loss: 0.6159208 Vali Loss: 0.6116343 Test Loss: 0.2802382
Validation loss decreased (0.618379 --> 0.611634).  Saving model ...
Updating learning rate to 4.304672100000001e-05
	iters: 100, epoch: 12 | loss: 0.5961595
	speed: 0.3167s/iter; left time: 7916.0715s
	iters: 200, epoch: 12 | loss: 0.5039856
	speed: 0.1387s/iter; left time: 3452.4359s
Epoch: 12 cost time: 39.11181688308716
Epoch: 12, Steps: 282 | Train Loss: 0.6071715 Vali Loss: 0.6055036 Test Loss: 0.2786376
Validation loss decreased (0.611634 --> 0.605504).  Saving model ...
Updating learning rate to 3.874204890000001e-05
	iters: 100, epoch: 13 | loss: 0.6424592
	speed: 0.3163s/iter; left time: 7817.5879s
	iters: 200, epoch: 13 | loss: 0.7499466
	speed: 0.1387s/iter; left time: 3415.0014s
Epoch: 13 cost time: 39.1155002117157
Epoch: 13, Steps: 282 | Train Loss: 0.6007357 Vali Loss: 0.6043963 Test Loss: 0.2773686
Validation loss decreased (0.605504 --> 0.604396).  Saving model ...
Updating learning rate to 3.486784401000001e-05
	iters: 100, epoch: 14 | loss: 0.6142678
	speed: 0.3160s/iter; left time: 7721.3932s
	iters: 200, epoch: 14 | loss: 0.6017566
	speed: 0.1386s/iter; left time: 3373.8027s
Epoch: 14 cost time: 39.10002326965332
Epoch: 14, Steps: 282 | Train Loss: 0.5955190 Vali Loss: 0.5998952 Test Loss: 0.2763804
Validation loss decreased (0.604396 --> 0.599895).  Saving model ...
Updating learning rate to 3.138105960900001e-05
	iters: 100, epoch: 15 | loss: 0.5586634
	speed: 0.3162s/iter; left time: 7637.2601s
	iters: 200, epoch: 15 | loss: 0.6830333
	speed: 0.1387s/iter; left time: 3335.0010s
Epoch: 15 cost time: 39.1080322265625
Epoch: 15, Steps: 282 | Train Loss: 0.5913762 Vali Loss: 0.5975884 Test Loss: 0.2755503
Validation loss decreased (0.599895 --> 0.597588).  Saving model ...
Updating learning rate to 2.824295364810001e-05
	iters: 100, epoch: 16 | loss: 0.5416290
	speed: 0.3156s/iter; left time: 7533.9935s
	iters: 200, epoch: 16 | loss: 0.6597765
	speed: 0.1387s/iter; left time: 3296.4578s
Epoch: 16 cost time: 39.104554653167725
Epoch: 16, Steps: 282 | Train Loss: 0.5882727 Vali Loss: 0.5957818 Test Loss: 0.2748961
Validation loss decreased (0.597588 --> 0.595782).  Saving model ...
Updating learning rate to 2.541865828329001e-05
	iters: 100, epoch: 17 | loss: 0.4893600
	speed: 0.3159s/iter; left time: 7451.3181s
	iters: 200, epoch: 17 | loss: 0.4893882
	speed: 0.1387s/iter; left time: 3258.3710s
Epoch: 17 cost time: 39.10802602767944
Epoch: 17, Steps: 282 | Train Loss: 0.5851119 Vali Loss: 0.5955953 Test Loss: 0.2742961
Validation loss decreased (0.595782 --> 0.595595).  Saving model ...
Updating learning rate to 2.287679245496101e-05
	iters: 100, epoch: 18 | loss: 0.4742132
	speed: 0.3159s/iter; left time: 7362.4937s
	iters: 200, epoch: 18 | loss: 0.6162303
	speed: 0.1388s/iter; left time: 3221.1200s
Epoch: 18 cost time: 39.12150835990906
Epoch: 18, Steps: 282 | Train Loss: 0.5833734 Vali Loss: 0.5917733 Test Loss: 0.2737708
Validation loss decreased (0.595595 --> 0.591773).  Saving model ...
Updating learning rate to 2.0589113209464907e-05
	iters: 100, epoch: 19 | loss: 0.4846781
	speed: 0.3163s/iter; left time: 7283.4445s
	iters: 200, epoch: 19 | loss: 0.5335550
	speed: 0.1388s/iter; left time: 3181.2081s
Epoch: 19 cost time: 39.11778545379639
Epoch: 19, Steps: 282 | Train Loss: 0.5816990 Vali Loss: 0.5930355 Test Loss: 0.2733045
EarlyStopping counter: 1 out of 20
Updating learning rate to 1.8530201888518416e-05
	iters: 100, epoch: 20 | loss: 0.5349357
	speed: 0.3140s/iter; left time: 7140.9723s
	iters: 200, epoch: 20 | loss: 0.7400244
	speed: 0.1388s/iter; left time: 3142.3765s
Epoch: 20 cost time: 39.111940145492554
Epoch: 20, Steps: 282 | Train Loss: 0.5802440 Vali Loss: 0.5907766 Test Loss: 0.2728913
Validation loss decreased (0.591773 --> 0.590777).  Saving model ...
Updating learning rate to 1.6677181699666577e-05
	iters: 100, epoch: 21 | loss: 0.6266539
	speed: 0.3159s/iter; left time: 7095.2626s
	iters: 200, epoch: 21 | loss: 0.5647694
	speed: 0.1388s/iter; left time: 3103.4852s
Epoch: 21 cost time: 39.114591121673584
Epoch: 21, Steps: 282 | Train Loss: 0.5789540 Vali Loss: 0.5900582 Test Loss: 0.2724925
Validation loss decreased (0.590777 --> 0.590058).  Saving model ...
Updating learning rate to 1.5009463529699919e-05
	iters: 100, epoch: 22 | loss: 0.6495695
	speed: 0.3161s/iter; left time: 7011.4764s
	iters: 200, epoch: 22 | loss: 0.7552736
	speed: 0.1388s/iter; left time: 3064.8284s
Epoch: 22 cost time: 39.12217569351196
Epoch: 22, Steps: 282 | Train Loss: 0.5781023 Vali Loss: 0.5883600 Test Loss: 0.2721687
Validation loss decreased (0.590058 --> 0.588360).  Saving model ...
Updating learning rate to 1.3508517176729929e-05
	iters: 100, epoch: 23 | loss: 0.5698761
	speed: 0.3155s/iter; left time: 6907.8202s
	iters: 200, epoch: 23 | loss: 0.5465565
	speed: 0.1388s/iter; left time: 3025.2735s
Epoch: 23 cost time: 39.11960744857788
Epoch: 23, Steps: 282 | Train Loss: 0.5774008 Vali Loss: 0.5893229 Test Loss: 0.2718644
EarlyStopping counter: 1 out of 20
Updating learning rate to 1.2157665459056936e-05
	iters: 100, epoch: 24 | loss: 0.4740197
	speed: 0.3144s/iter; left time: 6794.7786s
	iters: 200, epoch: 24 | loss: 0.5715497
	speed: 0.1388s/iter; left time: 2986.6075s
Epoch: 24 cost time: 39.125757932662964
Epoch: 24, Steps: 282 | Train Loss: 0.5761503 Vali Loss: 0.5869395 Test Loss: 0.2715881
Validation loss decreased (0.588360 --> 0.586940).  Saving model ...
Updating learning rate to 1.0941898913151242e-05
	iters: 100, epoch: 25 | loss: 0.4967657
	speed: 0.3162s/iter; left time: 6746.2615s
	iters: 200, epoch: 25 | loss: 0.5569704
	speed: 0.1389s/iter; left time: 2949.0301s
Epoch: 25 cost time: 39.138906478881836
Epoch: 25, Steps: 282 | Train Loss: 0.5755766 Vali Loss: 0.5884736 Test Loss: 0.2713417
EarlyStopping counter: 1 out of 20
Updating learning rate to 9.847709021836118e-06
	iters: 100, epoch: 26 | loss: 0.5527237
	speed: 0.3151s/iter; left time: 6632.7737s
	iters: 200, epoch: 26 | loss: 0.6153446
	speed: 0.1389s/iter; left time: 2909.2599s
Epoch: 26 cost time: 39.132166624069214
Epoch: 26, Steps: 282 | Train Loss: 0.5750480 Vali Loss: 0.5876176 Test Loss: 0.2711023
EarlyStopping counter: 2 out of 20
Updating learning rate to 8.862938119652508e-06
	iters: 100, epoch: 27 | loss: 0.5089222
	speed: 0.3149s/iter; left time: 6539.8503s
	iters: 200, epoch: 27 | loss: 0.6125627
	speed: 0.1388s/iter; left time: 2869.7541s
Epoch: 27 cost time: 39.12848472595215
Epoch: 27, Steps: 282 | Train Loss: 0.5746693 Vali Loss: 0.5866136 Test Loss: 0.2709064
Validation loss decreased (0.586940 --> 0.586614).  Saving model ...
Updating learning rate to 7.976644307687255e-06
	iters: 100, epoch: 28 | loss: 0.4399864
	speed: 0.3173s/iter; left time: 6501.2198s
	iters: 200, epoch: 28 | loss: 0.6174050
	speed: 0.1388s/iter; left time: 2829.9389s
Epoch: 28 cost time: 39.12555766105652
Epoch: 28, Steps: 282 | Train Loss: 0.5741075 Vali Loss: 0.5868996 Test Loss: 0.2707144
EarlyStopping counter: 1 out of 20
Updating learning rate to 7.178979876918531e-06
	iters: 100, epoch: 29 | loss: 0.5271041
	speed: 0.3142s/iter; left time: 6348.8022s
	iters: 200, epoch: 29 | loss: 0.5213711
	speed: 0.1387s/iter; left time: 2789.5313s
Epoch: 29 cost time: 39.11753177642822
Epoch: 29, Steps: 282 | Train Loss: 0.5733379 Vali Loss: 0.5862454 Test Loss: 0.2705446
Validation loss decreased (0.586614 --> 0.586245).  Saving model ...
Updating learning rate to 6.4610818892266776e-06
	iters: 100, epoch: 30 | loss: 0.5454336
	speed: 0.3165s/iter; left time: 6305.3283s
	iters: 200, epoch: 30 | loss: 0.5243613
	speed: 0.1387s/iter; left time: 2748.6615s
Epoch: 30 cost time: 39.10990905761719
Epoch: 30, Steps: 282 | Train Loss: 0.5733896 Vali Loss: 0.5849916 Test Loss: 0.2704017
Validation loss decreased (0.586245 --> 0.584992).  Saving model ...
Updating learning rate to 5.8149737003040096e-06
	iters: 100, epoch: 31 | loss: 0.5678422
	speed: 0.3153s/iter; left time: 6192.7871s
	iters: 200, epoch: 31 | loss: 0.7647219
	speed: 0.1387s/iter; left time: 2710.6104s
Epoch: 31 cost time: 39.112537145614624
Epoch: 31, Steps: 282 | Train Loss: 0.5730832 Vali Loss: 0.5851724 Test Loss: 0.2702628
EarlyStopping counter: 1 out of 20
Updating learning rate to 5.23347633027361e-06
	iters: 100, epoch: 32 | loss: 0.5791410
	speed: 0.3141s/iter; left time: 6081.3216s
	iters: 200, epoch: 32 | loss: 0.5794440
	speed: 0.1387s/iter; left time: 2671.2949s
Epoch: 32 cost time: 39.11235547065735
Epoch: 32, Steps: 282 | Train Loss: 0.5729986 Vali Loss: 0.5851120 Test Loss: 0.2701535
EarlyStopping counter: 2 out of 20
Updating learning rate to 4.710128697246249e-06
	iters: 100, epoch: 33 | loss: 0.4917532
	speed: 0.3139s/iter; left time: 5988.9949s
	iters: 200, epoch: 33 | loss: 0.4979121
	speed: 0.1387s/iter; left time: 2631.6812s
Epoch: 33 cost time: 39.11193060874939
Epoch: 33, Steps: 282 | Train Loss: 0.5726586 Vali Loss: 0.5857356 Test Loss: 0.2700534
EarlyStopping counter: 3 out of 20
Updating learning rate to 4.239115827521624e-06
	iters: 100, epoch: 34 | loss: 0.5505458
	speed: 0.3145s/iter; left time: 5910.5488s
	iters: 200, epoch: 34 | loss: 0.4742276
	speed: 0.1387s/iter; left time: 2592.7094s
Epoch: 34 cost time: 39.11626744270325
Epoch: 34, Steps: 282 | Train Loss: 0.5720528 Vali Loss: 0.5852038 Test Loss: 0.2699600
EarlyStopping counter: 4 out of 20
Updating learning rate to 3.815204244769462e-06
	iters: 100, epoch: 35 | loss: 0.7251807
	speed: 0.3142s/iter; left time: 5816.4607s
	iters: 200, epoch: 35 | loss: 0.4946448
	speed: 0.1387s/iter; left time: 2554.2200s
Epoch: 35 cost time: 39.119823932647705
Epoch: 35, Steps: 282 | Train Loss: 0.5720378 Vali Loss: 0.5847245 Test Loss: 0.2698699
Validation loss decreased (0.584992 --> 0.584725).  Saving model ...
Updating learning rate to 3.4336838202925152e-06
	iters: 100, epoch: 36 | loss: 0.5318390
	speed: 0.3153s/iter; left time: 5748.8009s
	iters: 200, epoch: 36 | loss: 0.6341345
	speed: 0.1387s/iter; left time: 2514.8145s
Epoch: 36 cost time: 39.12467408180237
Epoch: 36, Steps: 282 | Train Loss: 0.5717995 Vali Loss: 0.5829455 Test Loss: 0.2697901
Validation loss decreased (0.584725 --> 0.582946).  Saving model ...
Updating learning rate to 3.090315438263264e-06
	iters: 100, epoch: 37 | loss: 0.5735288
	speed: 0.3169s/iter; left time: 5687.8499s
	iters: 200, epoch: 37 | loss: 0.5100463
	speed: 0.1388s/iter; left time: 2476.7700s
Epoch: 37 cost time: 39.13053512573242
Epoch: 37, Steps: 282 | Train Loss: 0.5717254 Vali Loss: 0.5846398 Test Loss: 0.2697270
EarlyStopping counter: 1 out of 20
Updating learning rate to 2.7812838944369375e-06
	iters: 100, epoch: 38 | loss: 0.4722098
	speed: 0.3156s/iter; left time: 5575.9459s
	iters: 200, epoch: 38 | loss: 0.5077174
	speed: 0.1388s/iter; left time: 2438.7224s
Epoch: 38 cost time: 39.14227509498596
Epoch: 38, Steps: 282 | Train Loss: 0.5718880 Vali Loss: 0.5842836 Test Loss: 0.2696581
EarlyStopping counter: 2 out of 20
Updating learning rate to 2.503155504993244e-06
	iters: 100, epoch: 39 | loss: 0.6120754
	speed: 0.3150s/iter; left time: 5476.1165s
	iters: 200, epoch: 39 | loss: 0.7160284
	speed: 0.1388s/iter; left time: 2399.6704s
Epoch: 39 cost time: 39.14855456352234
Epoch: 39, Steps: 282 | Train Loss: 0.5716425 Vali Loss: 0.5825947 Test Loss: 0.2696078
Validation loss decreased (0.582946 --> 0.582595).  Saving model ...
Updating learning rate to 2.2528399544939195e-06
	iters: 100, epoch: 40 | loss: 0.4781030
	speed: 0.3178s/iter; left time: 5435.4417s
	iters: 200, epoch: 40 | loss: 0.5720710
	speed: 0.1388s/iter; left time: 2360.7384s
Epoch: 40 cost time: 39.145317792892456
Epoch: 40, Steps: 282 | Train Loss: 0.5711962 Vali Loss: 0.5821204 Test Loss: 0.2695518
Validation loss decreased (0.582595 --> 0.582120).  Saving model ...
Updating learning rate to 2.0275559590445276e-06
	iters: 100, epoch: 41 | loss: 0.6207875
	speed: 0.3169s/iter; left time: 5329.9378s
	iters: 200, epoch: 41 | loss: 0.6212333
	speed: 0.1388s/iter; left time: 2321.0355s
Epoch: 41 cost time: 39.14312481880188
Epoch: 41, Steps: 282 | Train Loss: 0.5715766 Vali Loss: 0.5847079 Test Loss: 0.2695079
EarlyStopping counter: 1 out of 20
Updating learning rate to 1.8248003631400751e-06
	iters: 100, epoch: 42 | loss: 0.4466600
	speed: 0.3159s/iter; left time: 5223.8803s
	iters: 200, epoch: 42 | loss: 0.4687959
	speed: 0.1389s/iter; left time: 2282.6535s
Epoch: 42 cost time: 39.16056299209595
Epoch: 42, Steps: 282 | Train Loss: 0.5713030 Vali Loss: 0.5810649 Test Loss: 0.2694716
Validation loss decreased (0.582120 --> 0.581065).  Saving model ...
Updating learning rate to 1.6423203268260676e-06
	iters: 100, epoch: 43 | loss: 0.5944390
	speed: 0.3161s/iter; left time: 5139.4520s
	iters: 200, epoch: 43 | loss: 0.7375186
	speed: 0.1389s/iter; left time: 2243.7818s
Epoch: 43 cost time: 39.17066478729248
Epoch: 43, Steps: 282 | Train Loss: 0.5714011 Vali Loss: 0.5826713 Test Loss: 0.2694496
EarlyStopping counter: 1 out of 20
Updating learning rate to 1.4780882941434609e-06
	iters: 100, epoch: 44 | loss: 0.6628667
	speed: 0.3157s/iter; left time: 5043.2791s
	iters: 200, epoch: 44 | loss: 0.6351873
	speed: 0.1389s/iter; left time: 2205.3535s
Epoch: 44 cost time: 39.178526878356934
Epoch: 44, Steps: 282 | Train Loss: 0.5713133 Vali Loss: 0.5844629 Test Loss: 0.2694032
EarlyStopping counter: 2 out of 20
Updating learning rate to 1.3302794647291146e-06
	iters: 100, epoch: 45 | loss: 0.5441030
	speed: 0.3155s/iter; left time: 4951.8464s
	iters: 200, epoch: 45 | loss: 0.4914617
	speed: 0.1389s/iter; left time: 2166.2995s
Epoch: 45 cost time: 39.18777108192444
Epoch: 45, Steps: 282 | Train Loss: 0.5707677 Vali Loss: 0.5820677 Test Loss: 0.2693789
EarlyStopping counter: 3 out of 20
Updating learning rate to 1.1972515182562034e-06
	iters: 100, epoch: 46 | loss: 0.6225385
	speed: 0.3159s/iter; left time: 4867.9373s
	iters: 200, epoch: 46 | loss: 0.5819564
	speed: 0.1390s/iter; left time: 2127.9610s
Epoch: 46 cost time: 39.205227851867676
Epoch: 46, Steps: 282 | Train Loss: 0.5711402 Vali Loss: 0.5828271 Test Loss: 0.2693463
EarlyStopping counter: 4 out of 20
Updating learning rate to 1.077526366430583e-06
	iters: 100, epoch: 47 | loss: 0.5902917
	speed: 0.3158s/iter; left time: 4777.1927s
	iters: 200, epoch: 47 | loss: 0.5663217
	speed: 0.1390s/iter; left time: 2088.7546s
Epoch: 47 cost time: 39.19177556037903
Epoch: 47, Steps: 282 | Train Loss: 0.5710379 Vali Loss: 0.5820708 Test Loss: 0.2693247
EarlyStopping counter: 5 out of 20
Updating learning rate to 9.697737297875248e-07
	iters: 100, epoch: 48 | loss: 0.5280471
	speed: 0.3154s/iter; left time: 4682.6855s
	iters: 200, epoch: 48 | loss: 0.6477280
	speed: 0.1390s/iter; left time: 2049.2734s
Epoch: 48 cost time: 39.18906927108765
Epoch: 48, Steps: 282 | Train Loss: 0.5709529 Vali Loss: 0.5835590 Test Loss: 0.2693016
EarlyStopping counter: 6 out of 20
Updating learning rate to 8.727963568087723e-07
	iters: 100, epoch: 49 | loss: 0.5430118
	speed: 0.3155s/iter; left time: 4594.9921s
	iters: 200, epoch: 49 | loss: 0.5271809
	speed: 0.1389s/iter; left time: 2009.5012s
Epoch: 49 cost time: 39.173635959625244
Epoch: 49, Steps: 282 | Train Loss: 0.5711881 Vali Loss: 0.5810196 Test Loss: 0.2692796
Validation loss decreased (0.581065 --> 0.581020).  Saving model ...
Updating learning rate to 7.855167211278951e-07
	iters: 100, epoch: 50 | loss: 0.5697877
	speed: 0.3166s/iter; left time: 4522.2554s
	iters: 200, epoch: 50 | loss: 0.6372999
	speed: 0.1389s/iter; left time: 1970.3624s
Epoch: 50 cost time: 39.17877721786499
Epoch: 50, Steps: 282 | Train Loss: 0.5705415 Vali Loss: 0.5821741 Test Loss: 0.2692696
EarlyStopping counter: 1 out of 20
Updating learning rate to 7.069650490151056e-07
	iters: 100, epoch: 51 | loss: 0.5273986
	speed: 0.3158s/iter; left time: 4421.2365s
	iters: 200, epoch: 51 | loss: 0.5703386
	speed: 0.1389s/iter; left time: 1931.4827s
Epoch: 51 cost time: 39.18208026885986
Epoch: 51, Steps: 282 | Train Loss: 0.5711332 Vali Loss: 0.5828598 Test Loss: 0.2692596
EarlyStopping counter: 2 out of 20
Updating learning rate to 6.36268544113595e-07
	iters: 100, epoch: 52 | loss: 0.5725342
	speed: 0.3153s/iter; left time: 4325.1479s
	iters: 200, epoch: 52 | loss: 0.6511295
	speed: 0.1389s/iter; left time: 1892.2809s
Epoch: 52 cost time: 39.16515612602234
Epoch: 52, Steps: 282 | Train Loss: 0.5707146 Vali Loss: 0.5829632 Test Loss: 0.2692419
EarlyStopping counter: 3 out of 20
Updating learning rate to 5.726416897022355e-07
	iters: 100, epoch: 53 | loss: 0.5923012
	speed: 0.3155s/iter; left time: 4238.8010s
	iters: 200, epoch: 53 | loss: 0.5658708
	speed: 0.1389s/iter; left time: 1852.5013s
Epoch: 53 cost time: 39.158217906951904
Epoch: 53, Steps: 282 | Train Loss: 0.5707089 Vali Loss: 0.5836158 Test Loss: 0.2692292
EarlyStopping counter: 4 out of 20
Updating learning rate to 5.15377520732012e-07
	iters: 100, epoch: 54 | loss: 0.5489247
	speed: 0.3154s/iter; left time: 4149.3818s
	iters: 200, epoch: 54 | loss: 0.5883935
	speed: 0.1390s/iter; left time: 1814.0432s
Epoch: 54 cost time: 39.16321158409119
Epoch: 54, Steps: 282 | Train Loss: 0.5704743 Vali Loss: 0.5795250 Test Loss: 0.2692197
Validation loss decreased (0.581020 --> 0.579525).  Saving model ...
Updating learning rate to 4.6383976865881085e-07
	iters: 100, epoch: 55 | loss: 0.5617297
	speed: 0.3161s/iter; left time: 4069.3440s
	iters: 200, epoch: 55 | loss: 0.6114438
	speed: 0.1389s/iter; left time: 1774.6547s
Epoch: 55 cost time: 39.15411424636841
Epoch: 55, Steps: 282 | Train Loss: 0.5708481 Vali Loss: 0.5820453 Test Loss: 0.2692049
EarlyStopping counter: 1 out of 20
Updating learning rate to 4.174557917929298e-07
	iters: 100, epoch: 56 | loss: 0.5710233
	speed: 0.3154s/iter; left time: 3970.7984s
	iters: 200, epoch: 56 | loss: 0.5066460
	speed: 0.1389s/iter; left time: 1735.3346s
Epoch: 56 cost time: 39.14992070198059
Epoch: 56, Steps: 282 | Train Loss: 0.5709770 Vali Loss: 0.5835959 Test Loss: 0.2691961
EarlyStopping counter: 2 out of 20
Updating learning rate to 3.7571021261363677e-07
	iters: 100, epoch: 57 | loss: 0.5671576
	speed: 0.3149s/iter; left time: 3875.9383s
	iters: 200, epoch: 57 | loss: 0.5217623
	speed: 0.1389s/iter; left time: 1695.7159s
Epoch: 57 cost time: 39.14452505111694
Epoch: 57, Steps: 282 | Train Loss: 0.5707250 Vali Loss: 0.5827948 Test Loss: 0.2691877
EarlyStopping counter: 3 out of 20
Updating learning rate to 3.381391913522731e-07
	iters: 100, epoch: 58 | loss: 0.5333402
	speed: 0.3152s/iter; left time: 3790.8740s
	iters: 200, epoch: 58 | loss: 0.6617993
	speed: 0.1389s/iter; left time: 1656.5416s
Epoch: 58 cost time: 39.13755655288696
Epoch: 58, Steps: 282 | Train Loss: 0.5708408 Vali Loss: 0.5825847 Test Loss: 0.2691828
EarlyStopping counter: 4 out of 20
Updating learning rate to 3.043252722170458e-07
	iters: 100, epoch: 59 | loss: 0.7126936
	speed: 0.3152s/iter; left time: 3701.5486s
	iters: 200, epoch: 59 | loss: 0.6721233
	speed: 0.1389s/iter; left time: 1617.3762s
Epoch: 59 cost time: 39.13758587837219
Epoch: 59, Steps: 282 | Train Loss: 0.5706550 Vali Loss: 0.5845467 Test Loss: 0.2691758
EarlyStopping counter: 5 out of 20
Updating learning rate to 2.7389274499534124e-07
	iters: 100, epoch: 60 | loss: 0.7230550
	speed: 0.3143s/iter; left time: 3602.8437s
	iters: 200, epoch: 60 | loss: 0.7585717
	speed: 0.1389s/iter; left time: 1578.8027s
Epoch: 60 cost time: 39.15574550628662
Epoch: 60, Steps: 282 | Train Loss: 0.5704941 Vali Loss: 0.5815387 Test Loss: 0.2691739
EarlyStopping counter: 6 out of 20
Updating learning rate to 2.465034704958071e-07
	iters: 100, epoch: 61 | loss: 0.4870557
	speed: 0.3153s/iter; left time: 3525.7513s
	iters: 200, epoch: 61 | loss: 0.6177448
	speed: 0.1389s/iter; left time: 1538.8830s
Epoch: 61 cost time: 39.14200758934021
Epoch: 61, Steps: 282 | Train Loss: 0.5703959 Vali Loss: 0.5795104 Test Loss: 0.2691651
Validation loss decreased (0.579525 --> 0.579510).  Saving model ...
Updating learning rate to 2.218531234462264e-07
	iters: 100, epoch: 62 | loss: 0.4664324
	speed: 0.3161s/iter; left time: 3445.3626s
	iters: 200, epoch: 62 | loss: 0.5419646
	speed: 0.1389s/iter; left time: 1499.6693s
Epoch: 62 cost time: 39.15214562416077
Epoch: 62, Steps: 282 | Train Loss: 0.5705551 Vali Loss: 0.5826514 Test Loss: 0.2691556
EarlyStopping counter: 1 out of 20
Updating learning rate to 1.9966781110160376e-07
	iters: 100, epoch: 63 | loss: 0.6270089
	speed: 0.3153s/iter; left time: 3347.5662s
	iters: 200, epoch: 63 | loss: 0.6418195
	speed: 0.1388s/iter; left time: 1459.8192s
Epoch: 63 cost time: 39.138959884643555
Epoch: 63, Steps: 282 | Train Loss: 0.5704840 Vali Loss: 0.5830584 Test Loss: 0.2691531
EarlyStopping counter: 2 out of 20
Updating learning rate to 1.797010299914434e-07
	iters: 100, epoch: 64 | loss: 0.5133651
	speed: 0.3152s/iter; left time: 3257.9875s
	iters: 200, epoch: 64 | loss: 0.4939899
	speed: 0.1388s/iter; left time: 1420.8791s
Epoch: 64 cost time: 39.140113830566406
Epoch: 64, Steps: 282 | Train Loss: 0.5705063 Vali Loss: 0.5814330 Test Loss: 0.2691472
EarlyStopping counter: 3 out of 20
Updating learning rate to 1.6173092699229907e-07
	iters: 100, epoch: 65 | loss: 0.5863690
	speed: 0.3146s/iter; left time: 3162.6668s
	iters: 200, epoch: 65 | loss: 0.4590772
	speed: 0.1388s/iter; left time: 1381.1234s
Epoch: 65 cost time: 39.13767981529236
Epoch: 65, Steps: 282 | Train Loss: 0.5706552 Vali Loss: 0.5824339 Test Loss: 0.2691440
EarlyStopping counter: 4 out of 20
Updating learning rate to 1.4555783429306916e-07
	iters: 100, epoch: 66 | loss: 0.6397171
	speed: 0.3153s/iter; left time: 3080.4285s
	iters: 200, epoch: 66 | loss: 0.5594575
	speed: 0.1387s/iter; left time: 1340.9342s
Epoch: 66 cost time: 39.10771989822388
Epoch: 66, Steps: 282 | Train Loss: 0.5700328 Vali Loss: 0.5811842 Test Loss: 0.2691479
EarlyStopping counter: 5 out of 20
Updating learning rate to 1.3100205086376224e-07
	iters: 100, epoch: 67 | loss: 0.5756669
	speed: 0.3149s/iter; left time: 2988.4172s
	iters: 200, epoch: 67 | loss: 0.7260718
	speed: 0.1387s/iter; left time: 1302.3466s
Epoch: 67 cost time: 39.11900186538696
Epoch: 67, Steps: 282 | Train Loss: 0.5704676 Vali Loss: 0.5820654 Test Loss: 0.2691382
EarlyStopping counter: 6 out of 20
Updating learning rate to 1.1790184577738603e-07
	iters: 100, epoch: 68 | loss: 0.5293984
	speed: 0.3147s/iter; left time: 2897.6816s
	iters: 200, epoch: 68 | loss: 0.6765741
	speed: 0.1388s/iter; left time: 1264.0946s
Epoch: 68 cost time: 39.138076066970825
Epoch: 68, Steps: 282 | Train Loss: 0.5703664 Vali Loss: 0.5806057 Test Loss: 0.2691405
EarlyStopping counter: 7 out of 20
Updating learning rate to 1.0611166119964742e-07
	iters: 100, epoch: 69 | loss: 0.5616587
	speed: 0.3152s/iter; left time: 2813.3536s
	iters: 200, epoch: 69 | loss: 0.4901543
	speed: 0.1388s/iter; left time: 1224.5490s
Epoch: 69 cost time: 39.13468360900879
Epoch: 69, Steps: 282 | Train Loss: 0.5701980 Vali Loss: 0.5811240 Test Loss: 0.2691396
EarlyStopping counter: 8 out of 20
Updating learning rate to 9.550049507968268e-08
	iters: 100, epoch: 70 | loss: 0.5999655
	speed: 0.3156s/iter; left time: 2728.0706s
	iters: 200, epoch: 70 | loss: 0.5131069
	speed: 0.1387s/iter; left time: 1184.9297s
Epoch: 70 cost time: 39.13498139381409
Epoch: 70, Steps: 282 | Train Loss: 0.5705027 Vali Loss: 0.5814939 Test Loss: 0.2691308
EarlyStopping counter: 9 out of 20
Updating learning rate to 8.595044557171442e-08
	iters: 100, epoch: 71 | loss: 0.6863027
	speed: 0.3151s/iter; left time: 2634.5609s
	iters: 200, epoch: 71 | loss: 0.7460059
	speed: 0.1388s/iter; left time: 1146.6700s
Epoch: 71 cost time: 39.135605573654175
Epoch: 71, Steps: 282 | Train Loss: 0.5699647 Vali Loss: 0.5830417 Test Loss: 0.2691281
EarlyStopping counter: 10 out of 20
Updating learning rate to 7.735540101454298e-08
	iters: 100, epoch: 72 | loss: 0.6214849
	speed: 0.3155s/iter; left time: 2549.2400s
	iters: 200, epoch: 72 | loss: 0.6122348
	speed: 0.1388s/iter; left time: 1107.4564s
Epoch: 72 cost time: 39.14105677604675
Epoch: 72, Steps: 282 | Train Loss: 0.5706597 Vali Loss: 0.5816008 Test Loss: 0.2691310
EarlyStopping counter: 11 out of 20
Updating learning rate to 6.961986091308869e-08
	iters: 100, epoch: 73 | loss: 0.4910543
	speed: 0.3155s/iter; left time: 2459.6256s
	iters: 200, epoch: 73 | loss: 0.5851716
	speed: 0.1387s/iter; left time: 1067.8523s
Epoch: 73 cost time: 39.118263959884644
Epoch: 73, Steps: 282 | Train Loss: 0.5705151 Vali Loss: 0.5841864 Test Loss: 0.2691322
EarlyStopping counter: 12 out of 20
Updating learning rate to 6.265787482177981e-08
	iters: 100, epoch: 74 | loss: 0.7521544
	speed: 0.3156s/iter; left time: 2371.8329s
	iters: 200, epoch: 74 | loss: 0.6164237
	speed: 0.1387s/iter; left time: 1028.7570s
Epoch: 74 cost time: 39.118621587753296
Epoch: 74, Steps: 282 | Train Loss: 0.5707299 Vali Loss: 0.5825451 Test Loss: 0.2691295
EarlyStopping counter: 13 out of 20
Updating learning rate to 5.639208733960184e-08
	iters: 100, epoch: 75 | loss: 0.5258602
	speed: 0.3156s/iter; left time: 2282.8723s
	iters: 200, epoch: 75 | loss: 0.5622222
	speed: 0.1387s/iter; left time: 989.6285s
Epoch: 75 cost time: 39.116950273513794
Epoch: 75, Steps: 282 | Train Loss: 0.5705330 Vali Loss: 0.5833064 Test Loss: 0.2691328
EarlyStopping counter: 14 out of 20
Updating learning rate to 5.075287860564165e-08
	iters: 100, epoch: 76 | loss: 0.5415509
	speed: 0.3159s/iter; left time: 2195.7069s
	iters: 200, epoch: 76 | loss: 0.4796942
	speed: 0.1388s/iter; left time: 950.6997s
Epoch: 76 cost time: 39.12202262878418
Epoch: 76, Steps: 282 | Train Loss: 0.5703385 Vali Loss: 0.5837413 Test Loss: 0.2691262
EarlyStopping counter: 15 out of 20
Updating learning rate to 4.567759074507749e-08
	iters: 100, epoch: 77 | loss: 0.5508775
	speed: 0.3162s/iter; left time: 2108.8052s
	iters: 200, epoch: 77 | loss: 0.5528191
	speed: 0.1387s/iter; left time: 911.3402s
Epoch: 77 cost time: 39.124576568603516
Epoch: 77, Steps: 282 | Train Loss: 0.5704062 Vali Loss: 0.5813150 Test Loss: 0.2691330
EarlyStopping counter: 16 out of 20
Updating learning rate to 4.1109831670569744e-08
	iters: 100, epoch: 78 | loss: 0.6172704
	speed: 0.3159s/iter; left time: 2017.8852s
	iters: 200, epoch: 78 | loss: 0.4908384
	speed: 0.1387s/iter; left time: 871.7536s
Epoch: 78 cost time: 39.10796594619751
Epoch: 78, Steps: 282 | Train Loss: 0.5707748 Vali Loss: 0.5831847 Test Loss: 0.2691301
EarlyStopping counter: 17 out of 20
Updating learning rate to 3.6998848503512764e-08
	iters: 100, epoch: 79 | loss: 0.5272334
	speed: 0.3155s/iter; left time: 1926.0140s
	iters: 200, epoch: 79 | loss: 0.4836251
	speed: 0.1387s/iter; left time: 833.1636s
Epoch: 79 cost time: 39.1233446598053
Epoch: 79, Steps: 282 | Train Loss: 0.5704935 Vali Loss: 0.5829043 Test Loss: 0.2691277
EarlyStopping counter: 18 out of 20
Updating learning rate to 3.3298963653161496e-08
	iters: 100, epoch: 80 | loss: 0.5639193
	speed: 0.3159s/iter; left time: 1839.4573s
	iters: 200, epoch: 80 | loss: 0.6896328
	speed: 0.1389s/iter; left time: 794.8806s
Epoch: 80 cost time: 39.172367334365845
Epoch: 80, Steps: 282 | Train Loss: 0.5702239 Vali Loss: 0.5816074 Test Loss: 0.2691261
EarlyStopping counter: 19 out of 20
Updating learning rate to 2.996906728784534e-08
	iters: 100, epoch: 81 | loss: 0.5105357
	speed: 0.3151s/iter; left time: 1746.0729s
	iters: 200, epoch: 81 | loss: 0.5907699
	speed: 0.1389s/iter; left time: 755.8946s
Epoch: 81 cost time: 39.160207986831665
Epoch: 81, Steps: 282 | Train Loss: 0.5701899 Vali Loss: 0.5817447 Test Loss: 0.2691329
EarlyStopping counter: 20 out of 20
Early stopping
>>>>>>>testing : NL_weather_flatten_lr0.001_5steps_336_336_PatchTST_custom_ftM_sl336_ll48_pl336_dm128_nh16_el3_dl1_df256_fc1_ebtimeF_dtTruelr0.001_pol5steps_Nested_Learning_0<<<<<<<<<<<<<<<<<<<<<<<<<<<<<<<<<
test 10204
 Ejecutando Inferencia DINÁMICA (Nested Learning con flatten)
  -> Política: 5steps | LR: 0.001 | Target: head

RESUMEN: El CMS se actualizó 16 veces de 79 posibles.

mse:0.2691554129123688, mae:0.29942673444747925, rse:0.6814965605735779
Args in experiment:
Namespace(random_seed=2021, is_training=1, model_id='NL_weather_flatten_lr0.001_5steps_336_720', model='PatchTST', data='custom', root_path='./dataset/', data_path='weather.csv', features='M', target='OT', freq='h', checkpoints='./checkpoints/', seq_len=336, label_len=48, pred_len=720, head_type='flatten', cms_lr=0.001, update_policy='5steps', fc_dropout=0.2, head_dropout=0.0, patch_len=16, stride=8, padding_patch='end', revin=1, affine=0, subtract_last=0, decomposition=0, kernel_size=25, individual=0, embed_type=0, enc_in=21, dec_in=7, c_out=7, d_model=128, n_heads=16, e_layers=3, d_layers=1, d_ff=256, moving_avg=25, factor=1, distil=True, dropout=0.2, embed='timeF', activation='gelu', output_attention=False, do_predict=False, num_workers=0, itr=1, train_epochs=100, batch_size=128, patience=20, learning_rate=0.0001, des='Nested_Learning', loss='mse', lradj='type3', pct_start=0.3, use_amp=False, use_gpu=True, gpu=0, use_multi_gpu=False, devices='0,1,2,3', test_flop=False)
Use GPU: cuda:0
>>>>>>>start training : NL_weather_flatten_lr0.001_5steps_336_720_PatchTST_custom_ftM_sl336_ll48_pl720_dm128_nh16_el3_dl1_df256_fc1_ebtimeF_dtTruelr0.001_pol5steps_Nested_Learning_0>>>>>>>>>>>>>>>>>>>>>>>>>>
train 35832
val 4551
test 9820
	iters: 100, epoch: 1 | loss: 0.9200700
	speed: 0.1751s/iter; left time: 4868.8914s
	iters: 200, epoch: 1 | loss: 0.9395896
	speed: 0.1592s/iter; left time: 4410.2884s
Epoch: 1 cost time: 44.657509088516235
Epoch: 1, Steps: 279 | Train Loss: 1.0508399 Vali Loss: 0.9474045 Test Loss: 0.4091545
Validation loss decreased (inf --> 0.947405).  Saving model ...
Updating learning rate to 0.0001
	iters: 100, epoch: 2 | loss: 1.1546795
	speed: 0.3575s/iter; left time: 9839.0922s
	iters: 200, epoch: 2 | loss: 1.0182751
	speed: 0.1597s/iter; left time: 4380.2643s
Epoch: 2 cost time: 44.53614115715027
Epoch: 2, Steps: 279 | Train Loss: 1.0143527 Vali Loss: 0.9070968 Test Loss: 0.3975445
Validation loss decreased (0.947405 --> 0.907097).  Saving model ...
Updating learning rate to 0.0001
	iters: 100, epoch: 3 | loss: 0.8383912
	speed: 0.3562s/iter; left time: 9705.0568s
	iters: 200, epoch: 3 | loss: 0.9720100
	speed: 0.1599s/iter; left time: 4341.2119s
Epoch: 3 cost time: 44.56692981719971
Epoch: 3, Steps: 279 | Train Loss: 0.9487051 Vali Loss: 0.8691258 Test Loss: 0.3867742
Validation loss decreased (0.907097 --> 0.869126).  Saving model ...
Updating learning rate to 0.0001
	iters: 100, epoch: 4 | loss: 0.9107522
	speed: 0.3564s/iter; left time: 9608.8438s
	iters: 200, epoch: 4 | loss: 0.9059547
	speed: 0.1599s/iter; left time: 4296.5082s
Epoch: 4 cost time: 44.5773549079895
Epoch: 4, Steps: 279 | Train Loss: 0.8917195 Vali Loss: 0.8351350 Test Loss: 0.3771786
Validation loss decreased (0.869126 --> 0.835135).  Saving model ...
Updating learning rate to 9e-05
	iters: 100, epoch: 5 | loss: 0.9033814
	speed: 0.3565s/iter; left time: 9512.4896s
	iters: 200, epoch: 5 | loss: 0.7087699
	speed: 0.1599s/iter; left time: 4250.6936s
Epoch: 5 cost time: 44.55309438705444
Epoch: 5, Steps: 279 | Train Loss: 0.8454167 Vali Loss: 0.8096049 Test Loss: 0.3697528
Validation loss decreased (0.835135 --> 0.809605).  Saving model ...
Updating learning rate to 8.1e-05
	iters: 100, epoch: 6 | loss: 0.7787727
	speed: 0.3560s/iter; left time: 9399.9573s
	iters: 200, epoch: 6 | loss: 0.7789883
	speed: 0.1598s/iter; left time: 4204.3087s
Epoch: 6 cost time: 44.54049372673035
Epoch: 6, Steps: 279 | Train Loss: 0.8100217 Vali Loss: 0.7893947 Test Loss: 0.3640312
Validation loss decreased (0.809605 --> 0.789395).  Saving model ...
Updating learning rate to 7.290000000000001e-05
	iters: 100, epoch: 7 | loss: 0.7552916
	speed: 0.3567s/iter; left time: 9318.2210s
	iters: 200, epoch: 7 | loss: 0.7323955
	speed: 0.1599s/iter; left time: 4161.1091s
Epoch: 7 cost time: 44.549808979034424
Epoch: 7, Steps: 279 | Train Loss: 0.7819606 Vali Loss: 0.7738919 Test Loss: 0.3596088
Validation loss decreased (0.789395 --> 0.773892).  Saving model ...
Updating learning rate to 6.561e-05
	iters: 100, epoch: 8 | loss: 0.6952079
	speed: 0.3563s/iter; left time: 9208.8465s
	iters: 200, epoch: 8 | loss: 0.7447047
	speed: 0.1599s/iter; left time: 4116.2610s
Epoch: 8 cost time: 44.55405592918396
Epoch: 8, Steps: 279 | Train Loss: 0.7609243 Vali Loss: 0.7604657 Test Loss: 0.3560653
Validation loss decreased (0.773892 --> 0.760466).  Saving model ...
Updating learning rate to 5.904900000000001e-05
	iters: 100, epoch: 9 | loss: 0.7639830
	speed: 0.3564s/iter; left time: 9113.5607s
	iters: 200, epoch: 9 | loss: 0.8259735
	speed: 0.1599s/iter; left time: 4072.6564s
Epoch: 9 cost time: 44.56644797325134
Epoch: 9, Steps: 279 | Train Loss: 0.7435189 Vali Loss: 0.7511389 Test Loss: 0.3531722
Validation loss decreased (0.760466 --> 0.751139).  Saving model ...
Updating learning rate to 5.3144100000000005e-05
	iters: 100, epoch: 10 | loss: 0.7248670
	speed: 0.3561s/iter; left time: 9006.8140s
	iters: 200, epoch: 10 | loss: 0.8631309
	speed: 0.1599s/iter; left time: 4028.2677s
Epoch: 10 cost time: 44.56122422218323
Epoch: 10, Steps: 279 | Train Loss: 0.7297169 Vali Loss: 0.7423619 Test Loss: 0.3508306
Validation loss decreased (0.751139 --> 0.742362).  Saving model ...
Updating learning rate to 4.782969000000001e-05
	iters: 100, epoch: 11 | loss: 0.6953723
	speed: 0.3586s/iter; left time: 8968.5331s
	iters: 200, epoch: 11 | loss: 0.7700539
	speed: 0.1599s/iter; left time: 3983.0119s
Epoch: 11 cost time: 44.566715717315674
Epoch: 11, Steps: 279 | Train Loss: 0.7183262 Vali Loss: 0.7347622 Test Loss: 0.3488639
Validation loss decreased (0.742362 --> 0.734762).  Saving model ...
Updating learning rate to 4.304672100000001e-05
	iters: 100, epoch: 12 | loss: 0.6060415
	speed: 0.3562s/iter; left time: 8810.4729s
	iters: 200, epoch: 12 | loss: 0.7441484
	speed: 0.1599s/iter; left time: 3937.8472s
Epoch: 12 cost time: 44.55297136306763
Epoch: 12, Steps: 279 | Train Loss: 0.7091358 Vali Loss: 0.7290964 Test Loss: 0.3472332
Validation loss decreased (0.734762 --> 0.729096).  Saving model ...
Updating learning rate to 3.874204890000001e-05
	iters: 100, epoch: 13 | loss: 0.7313117
	speed: 0.3567s/iter; left time: 8721.6916s
	iters: 200, epoch: 13 | loss: 0.6796846
	speed: 0.1598s/iter; left time: 3892.1674s
Epoch: 13 cost time: 44.55151557922363
Epoch: 13, Steps: 279 | Train Loss: 0.7011649 Vali Loss: 0.7230733 Test Loss: 0.3458581
Validation loss decreased (0.729096 --> 0.723073).  Saving model ...
Updating learning rate to 3.486784401000001e-05
	iters: 100, epoch: 14 | loss: 0.7876954
	speed: 0.3555s/iter; left time: 8594.9553s
	iters: 200, epoch: 14 | loss: 0.6256162
	speed: 0.1598s/iter; left time: 3845.9555s
Epoch: 14 cost time: 44.546295166015625
Epoch: 14, Steps: 279 | Train Loss: 0.6947254 Vali Loss: 0.7201967 Test Loss: 0.3447087
Validation loss decreased (0.723073 --> 0.720197).  Saving model ...
Updating learning rate to 3.138105960900001e-05
	iters: 100, epoch: 15 | loss: 0.7957166
	speed: 0.3563s/iter; left time: 8514.7260s
	iters: 200, epoch: 15 | loss: 0.6294697
	speed: 0.1598s/iter; left time: 3803.5366s
Epoch: 15 cost time: 44.5702109336853
Epoch: 15, Steps: 279 | Train Loss: 0.6891030 Vali Loss: 0.7139847 Test Loss: 0.3437148
Validation loss decreased (0.720197 --> 0.713985).  Saving model ...
Updating learning rate to 2.824295364810001e-05
	iters: 100, epoch: 16 | loss: 0.6702453
	speed: 0.3559s/iter; left time: 8405.9134s
	iters: 200, epoch: 16 | loss: 0.7119848
	speed: 0.1598s/iter; left time: 3756.7549s
Epoch: 16 cost time: 44.555291175842285
Epoch: 16, Steps: 279 | Train Loss: 0.6842953 Vali Loss: 0.7116283 Test Loss: 0.3428690
Validation loss decreased (0.713985 --> 0.711628).  Saving model ...
Updating learning rate to 2.541865828329001e-05
	iters: 100, epoch: 17 | loss: 0.6772785
	speed: 0.3561s/iter; left time: 8310.7623s
	iters: 200, epoch: 17 | loss: 0.7186441
	speed: 0.1597s/iter; left time: 3711.0095s
Epoch: 17 cost time: 44.555532932281494
Epoch: 17, Steps: 279 | Train Loss: 0.6804415 Vali Loss: 0.7094021 Test Loss: 0.3421299
Validation loss decreased (0.711628 --> 0.709402).  Saving model ...
Updating learning rate to 2.287679245496101e-05
	iters: 100, epoch: 18 | loss: 0.6330180
	speed: 0.3563s/iter; left time: 8216.1856s
	iters: 200, epoch: 18 | loss: 0.7040341
	speed: 0.1596s/iter; left time: 3664.6468s
Epoch: 18 cost time: 44.53481125831604
Epoch: 18, Steps: 279 | Train Loss: 0.6771299 Vali Loss: 0.7065664 Test Loss: 0.3415161
Validation loss decreased (0.709402 --> 0.706566).  Saving model ...
Updating learning rate to 2.0589113209464907e-05
	iters: 100, epoch: 19 | loss: 0.5871002
	speed: 0.3556s/iter; left time: 8099.3936s
	iters: 200, epoch: 19 | loss: 0.6601240
	speed: 0.1595s/iter; left time: 3617.2295s
Epoch: 19 cost time: 44.49698257446289
Epoch: 19, Steps: 279 | Train Loss: 0.6741790 Vali Loss: 0.7043052 Test Loss: 0.3409645
Validation loss decreased (0.706566 --> 0.704305).  Saving model ...
Updating learning rate to 1.8530201888518416e-05
	iters: 100, epoch: 20 | loss: 0.6615398
	speed: 0.3571s/iter; left time: 8033.6281s
	iters: 200, epoch: 20 | loss: 0.7461661
	speed: 0.1596s/iter; left time: 3574.2983s
Epoch: 20 cost time: 44.52180767059326
Epoch: 20, Steps: 279 | Train Loss: 0.6715548 Vali Loss: 0.7025576 Test Loss: 0.3405021
Validation loss decreased (0.704305 --> 0.702558).  Saving model ...
Updating learning rate to 1.6677181699666577e-05
	iters: 100, epoch: 21 | loss: 0.7522673
	speed: 0.3542s/iter; left time: 7871.3794s
	iters: 200, epoch: 21 | loss: 0.6322958
	speed: 0.1595s/iter; left time: 3527.9396s
Epoch: 21 cost time: 44.498948097229004
Epoch: 21, Steps: 279 | Train Loss: 0.6693102 Vali Loss: 0.7019420 Test Loss: 0.3400929
Validation loss decreased (0.702558 --> 0.701942).  Saving model ...
Updating learning rate to 1.5009463529699919e-05
	iters: 100, epoch: 22 | loss: 0.6633677
	speed: 0.3540s/iter; left time: 7766.8905s
	iters: 200, epoch: 22 | loss: 0.6634061
	speed: 0.1594s/iter; left time: 3482.4096s
Epoch: 22 cost time: 44.478798627853394
Epoch: 22, Steps: 279 | Train Loss: 0.6674902 Vali Loss: 0.6999531 Test Loss: 0.3397309
Validation loss decreased (0.701942 --> 0.699953).  Saving model ...
Updating learning rate to 1.3508517176729929e-05
	iters: 100, epoch: 23 | loss: 0.6805569
	speed: 0.3569s/iter; left time: 7732.5958s
	iters: 200, epoch: 23 | loss: 0.6833014
	speed: 0.1596s/iter; left time: 3440.7324s
Epoch: 23 cost time: 44.50231695175171
Epoch: 23, Steps: 279 | Train Loss: 0.6654059 Vali Loss: 0.6992920 Test Loss: 0.3394147
Validation loss decreased (0.699953 --> 0.699292).  Saving model ...
Updating learning rate to 1.2157665459056936e-05
	iters: 100, epoch: 24 | loss: 0.6308004
	speed: 0.3546s/iter; left time: 7582.8744s
	iters: 200, epoch: 24 | loss: 0.6497428
	speed: 0.1595s/iter; left time: 3395.7225s
Epoch: 24 cost time: 44.50533199310303
Epoch: 24, Steps: 279 | Train Loss: 0.6640414 Vali Loss: 0.6986386 Test Loss: 0.3391404
Validation loss decreased (0.699292 --> 0.698639).  Saving model ...
Updating learning rate to 1.0941898913151242e-05
	iters: 100, epoch: 25 | loss: 0.8739925
	speed: 0.3544s/iter; left time: 7480.0593s
	iters: 200, epoch: 25 | loss: 0.6425666
	speed: 0.1595s/iter; left time: 3350.2955s
Epoch: 25 cost time: 44.48307275772095
Epoch: 25, Steps: 279 | Train Loss: 0.6628424 Vali Loss: 0.6979501 Test Loss: 0.3388940
Validation loss decreased (0.698639 --> 0.697950).  Saving model ...
Updating learning rate to 9.847709021836118e-06
	iters: 100, epoch: 26 | loss: 0.6633527
	speed: 0.3561s/iter; left time: 7415.2250s
	iters: 200, epoch: 26 | loss: 0.6940814
	speed: 0.1596s/iter; left time: 3307.0583s
Epoch: 26 cost time: 44.491241693496704
Epoch: 26, Steps: 279 | Train Loss: 0.6618191 Vali Loss: 0.6967046 Test Loss: 0.3386766
Validation loss decreased (0.697950 --> 0.696705).  Saving model ...
Updating learning rate to 8.862938119652508e-06
	iters: 100, epoch: 27 | loss: 0.7214764
	speed: 0.3568s/iter; left time: 7330.2815s
	iters: 200, epoch: 27 | loss: 0.6242986
	speed: 0.1596s/iter; left time: 3262.9990s
Epoch: 27 cost time: 44.513155937194824
Epoch: 27, Steps: 279 | Train Loss: 0.6605056 Vali Loss: 0.6965346 Test Loss: 0.3384846
Validation loss decreased (0.696705 --> 0.696535).  Saving model ...
Updating learning rate to 7.976644307687255e-06
	iters: 100, epoch: 28 | loss: 0.8031468
	speed: 0.3558s/iter; left time: 7210.8107s
	iters: 200, epoch: 28 | loss: 0.6460820
	speed: 0.1595s/iter; left time: 3217.4328s
Epoch: 28 cost time: 44.5001118183136
Epoch: 28, Steps: 279 | Train Loss: 0.6600160 Vali Loss: 0.6942945 Test Loss: 0.3383130
Validation loss decreased (0.696535 --> 0.694294).  Saving model ...
Updating learning rate to 7.178979876918531e-06
	iters: 100, epoch: 29 | loss: 0.6547935
	speed: 0.3553s/iter; left time: 7101.1158s
	iters: 200, epoch: 29 | loss: 0.7252333
	speed: 0.1596s/iter; left time: 3173.8941s
Epoch: 29 cost time: 44.50405430793762
Epoch: 29, Steps: 279 | Train Loss: 0.6588467 Vali Loss: 0.6940967 Test Loss: 0.3381577
Validation loss decreased (0.694294 --> 0.694097).  Saving model ...
Updating learning rate to 6.4610818892266776e-06
	iters: 100, epoch: 30 | loss: 0.6574287
	speed: 0.3556s/iter; left time: 7009.6265s
	iters: 200, epoch: 30 | loss: 0.5874222
	speed: 0.1597s/iter; left time: 3131.3021s
Epoch: 30 cost time: 44.5418701171875
Epoch: 30, Steps: 279 | Train Loss: 0.6581511 Vali Loss: 0.6943650 Test Loss: 0.3380266
EarlyStopping counter: 1 out of 20
Updating learning rate to 5.8149737003040096e-06
	iters: 100, epoch: 31 | loss: 0.6497939
	speed: 0.3526s/iter; left time: 6852.1804s
	iters: 200, epoch: 31 | loss: 0.6114830
	speed: 0.1597s/iter; left time: 3086.6308s
Epoch: 31 cost time: 44.53882813453674
Epoch: 31, Steps: 279 | Train Loss: 0.6576987 Vali Loss: 0.6930843 Test Loss: 0.3379048
Validation loss decreased (0.694097 --> 0.693084).  Saving model ...
Updating learning rate to 5.23347633027361e-06
	iters: 100, epoch: 32 | loss: 0.7018755
	speed: 0.3544s/iter; left time: 6787.7020s
	iters: 200, epoch: 32 | loss: 0.5965528
	speed: 0.1598s/iter; left time: 3044.3060s
Epoch: 32 cost time: 44.5730402469635
Epoch: 32, Steps: 279 | Train Loss: 0.6567972 Vali Loss: 0.6911548 Test Loss: 0.3377973
Validation loss decreased (0.693084 --> 0.691155).  Saving model ...
Updating learning rate to 4.710128697246249e-06
	iters: 100, epoch: 33 | loss: 0.7753931
	speed: 0.3550s/iter; left time: 6700.4406s
	iters: 200, epoch: 33 | loss: 0.6606426
	speed: 0.1598s/iter; left time: 2999.9271s
Epoch: 33 cost time: 44.596357107162476
Epoch: 33, Steps: 279 | Train Loss: 0.6564123 Vali Loss: 0.6922743 Test Loss: 0.3377052
EarlyStopping counter: 1 out of 20
Updating learning rate to 4.239115827521624e-06
	iters: 100, epoch: 34 | loss: 0.6040769
	speed: 0.3546s/iter; left time: 6593.1183s
	iters: 200, epoch: 34 | loss: 0.6187481
	speed: 0.1600s/iter; left time: 2958.8959s
Epoch: 34 cost time: 44.63564443588257
Epoch: 34, Steps: 279 | Train Loss: 0.6560824 Vali Loss: 0.6921893 Test Loss: 0.3376221
EarlyStopping counter: 2 out of 20
Updating learning rate to 3.815204244769462e-06
	iters: 100, epoch: 35 | loss: 0.6397157
	speed: 0.3544s/iter; left time: 6490.5227s
	iters: 200, epoch: 35 | loss: 0.5990675
	speed: 0.1600s/iter; left time: 2914.8563s
Epoch: 35 cost time: 44.64438319206238
Epoch: 35, Steps: 279 | Train Loss: 0.6558508 Vali Loss: 0.6912964 Test Loss: 0.3375462
EarlyStopping counter: 3 out of 20
Updating learning rate to 3.4336838202925152e-06
	iters: 100, epoch: 36 | loss: 0.7052619
	speed: 0.3548s/iter; left time: 6400.0367s
	iters: 200, epoch: 36 | loss: 0.7126260
	speed: 0.1601s/iter; left time: 2871.4812s
Epoch: 36 cost time: 44.669262409210205
Epoch: 36, Steps: 279 | Train Loss: 0.6553986 Vali Loss: 0.6912951 Test Loss: 0.3374789
EarlyStopping counter: 4 out of 20
Updating learning rate to 3.090315438263264e-06
	iters: 100, epoch: 37 | loss: 0.6002009
	speed: 0.3551s/iter; left time: 6306.0810s
	iters: 200, epoch: 37 | loss: 0.7635850
	speed: 0.1601s/iter; left time: 2827.0397s
Epoch: 37 cost time: 44.6649444103241
Epoch: 37, Steps: 279 | Train Loss: 0.6549503 Vali Loss: 0.6912846 Test Loss: 0.3374189
EarlyStopping counter: 5 out of 20
Updating learning rate to 2.7812838944369375e-06
	iters: 100, epoch: 38 | loss: 0.5799810
	speed: 0.3549s/iter; left time: 6202.5485s
	iters: 200, epoch: 38 | loss: 0.5742371
	speed: 0.1602s/iter; left time: 2784.4496s
Epoch: 38 cost time: 44.674023389816284
Epoch: 38, Steps: 279 | Train Loss: 0.6548426 Vali Loss: 0.6917853 Test Loss: 0.3373637
EarlyStopping counter: 6 out of 20
Updating learning rate to 2.503155504993244e-06
	iters: 100, epoch: 39 | loss: 0.6268365
	speed: 0.3547s/iter; left time: 6101.2322s
	iters: 200, epoch: 39 | loss: 0.7058065
	speed: 0.1603s/iter; left time: 2741.1054s
Epoch: 39 cost time: 44.681100845336914
Epoch: 39, Steps: 279 | Train Loss: 0.6544135 Vali Loss: 0.6904877 Test Loss: 0.3373169
Validation loss decreased (0.691155 --> 0.690488).  Saving model ...
Updating learning rate to 2.2528399544939195e-06
	iters: 100, epoch: 40 | loss: 0.7462088
	speed: 0.3571s/iter; left time: 6042.1643s
	iters: 200, epoch: 40 | loss: 0.6486956
	speed: 0.1602s/iter; left time: 2693.8034s
Epoch: 40 cost time: 44.641297340393066
Epoch: 40, Steps: 279 | Train Loss: 0.6545404 Vali Loss: 0.6908065 Test Loss: 0.3372718
EarlyStopping counter: 1 out of 20
Updating learning rate to 2.0275559590445276e-06
	iters: 100, epoch: 41 | loss: 0.6409517
	speed: 0.3543s/iter; left time: 5895.9588s
	iters: 200, epoch: 41 | loss: 0.5937719
	speed: 0.1602s/iter; left time: 2650.3696s
Epoch: 41 cost time: 44.645747661590576
Epoch: 41, Steps: 279 | Train Loss: 0.6541838 Vali Loss: 0.6907004 Test Loss: 0.3372342
EarlyStopping counter: 2 out of 20
Updating learning rate to 1.8248003631400751e-06
	iters: 100, epoch: 42 | loss: 0.6655968
	speed: 0.3543s/iter; left time: 5796.8827s
	iters: 200, epoch: 42 | loss: 0.6546736
	speed: 0.1602s/iter; left time: 2605.8913s
Epoch: 42 cost time: 44.65153479576111
Epoch: 42, Steps: 279 | Train Loss: 0.6535452 Vali Loss: 0.6909204 Test Loss: 0.3371986
EarlyStopping counter: 3 out of 20
Updating learning rate to 1.6423203268260676e-06
	iters: 100, epoch: 43 | loss: 0.6506523
	speed: 0.3542s/iter; left time: 5696.7007s
	iters: 200, epoch: 43 | loss: 0.6861287
	speed: 0.1602s/iter; left time: 2560.9620s
Epoch: 43 cost time: 44.63643455505371
Epoch: 43, Steps: 279 | Train Loss: 0.6536046 Vali Loss: 0.6909921 Test Loss: 0.3371689
EarlyStopping counter: 4 out of 20
Updating learning rate to 1.4780882941434609e-06
	iters: 100, epoch: 44 | loss: 0.6336092
	speed: 0.3544s/iter; left time: 5601.2943s
	iters: 200, epoch: 44 | loss: 0.6937974
	speed: 0.1602s/iter; left time: 2515.6816s
Epoch: 44 cost time: 44.63375759124756
Epoch: 44, Steps: 279 | Train Loss: 0.6534524 Vali Loss: 0.6900318 Test Loss: 0.3371412
Validation loss decreased (0.690488 --> 0.690032).  Saving model ...
Updating learning rate to 1.3302794647291146e-06
	iters: 100, epoch: 45 | loss: 0.5886177
	speed: 0.3563s/iter; left time: 5531.4540s
	iters: 200, epoch: 45 | loss: 0.6990898
	speed: 0.1602s/iter; left time: 2470.6253s
Epoch: 45 cost time: 44.61559724807739
Epoch: 45, Steps: 279 | Train Loss: 0.6533615 Vali Loss: 0.6903867 Test Loss: 0.3371179
EarlyStopping counter: 1 out of 20
Updating learning rate to 1.1972515182562034e-06
	iters: 100, epoch: 46 | loss: 0.6281120
	speed: 0.3540s/iter; left time: 5396.5184s
	iters: 200, epoch: 46 | loss: 0.6543777
	speed: 0.1601s/iter; left time: 2424.6309s
Epoch: 46 cost time: 44.6136691570282
Epoch: 46, Steps: 279 | Train Loss: 0.6533708 Vali Loss: 0.6916043 Test Loss: 0.3370942
EarlyStopping counter: 2 out of 20
Updating learning rate to 1.077526366430583e-06
	iters: 100, epoch: 47 | loss: 0.7047087
	speed: 0.3541s/iter; left time: 5300.2332s
	iters: 200, epoch: 47 | loss: 0.6519440
	speed: 0.1601s/iter; left time: 2380.9409s
Epoch: 47 cost time: 44.623374462127686
Epoch: 47, Steps: 279 | Train Loss: 0.6530387 Vali Loss: 0.6908185 Test Loss: 0.3370733
EarlyStopping counter: 3 out of 20
Updating learning rate to 9.697737297875248e-07
	iters: 100, epoch: 48 | loss: 0.6989512
	speed: 0.3547s/iter; left time: 5209.2546s
	iters: 200, epoch: 48 | loss: 0.7032493
	speed: 0.1601s/iter; left time: 2335.1035s
Epoch: 48 cost time: 44.61001491546631
Epoch: 48, Steps: 279 | Train Loss: 0.6532212 Vali Loss: 0.6904840 Test Loss: 0.3370554
EarlyStopping counter: 4 out of 20
Updating learning rate to 8.727963568087723e-07
	iters: 100, epoch: 49 | loss: 0.6940739
	speed: 0.3542s/iter; left time: 5103.5269s
	iters: 200, epoch: 49 | loss: 0.6554852
	speed: 0.1600s/iter; left time: 2289.7933s
Epoch: 49 cost time: 44.603044509887695
Epoch: 49, Steps: 279 | Train Loss: 0.6533415 Vali Loss: 0.6894544 Test Loss: 0.3370396
Validation loss decreased (0.690032 --> 0.689454).  Saving model ...
Updating learning rate to 7.855167211278951e-07
	iters: 100, epoch: 50 | loss: 0.6063971
	speed: 0.3560s/iter; left time: 5030.0249s
	iters: 200, epoch: 50 | loss: 0.6277401
	speed: 0.1600s/iter; left time: 2244.6083s
Epoch: 50 cost time: 44.600019693374634
Epoch: 50, Steps: 279 | Train Loss: 0.6531219 Vali Loss: 0.6902070 Test Loss: 0.3370247
EarlyStopping counter: 1 out of 20
Updating learning rate to 7.069650490151056e-07
	iters: 100, epoch: 51 | loss: 0.6190633
	speed: 0.3542s/iter; left time: 4906.1563s
	iters: 200, epoch: 51 | loss: 0.6141831
	speed: 0.1600s/iter; left time: 2200.0957s
Epoch: 51 cost time: 44.614243268966675
Epoch: 51, Steps: 279 | Train Loss: 0.6530498 Vali Loss: 0.6898864 Test Loss: 0.3370110
EarlyStopping counter: 2 out of 20
Updating learning rate to 6.36268544113595e-07
	iters: 100, epoch: 52 | loss: 0.7455705
	speed: 0.3545s/iter; left time: 4811.4981s
	iters: 200, epoch: 52 | loss: 0.7240556
	speed: 0.1599s/iter; left time: 2154.3551s
Epoch: 52 cost time: 44.60402750968933
Epoch: 52, Steps: 279 | Train Loss: 0.6530284 Vali Loss: 0.6904587 Test Loss: 0.3369998
EarlyStopping counter: 3 out of 20
Updating learning rate to 5.726416897022355e-07
	iters: 100, epoch: 53 | loss: 0.5567201
	speed: 0.3545s/iter; left time: 4712.4113s
	iters: 200, epoch: 53 | loss: 0.5746856
	speed: 0.1599s/iter; left time: 2109.3506s
Epoch: 53 cost time: 44.598342418670654
Epoch: 53, Steps: 279 | Train Loss: 0.6528545 Vali Loss: 0.6892637 Test Loss: 0.3369894
Validation loss decreased (0.689454 --> 0.689264).  Saving model ...
Updating learning rate to 5.15377520732012e-07
	iters: 100, epoch: 54 | loss: 0.7652653
	speed: 0.3560s/iter; left time: 4632.4536s
	iters: 200, epoch: 54 | loss: 0.6522862
	speed: 0.1598s/iter; left time: 2064.0890s
Epoch: 54 cost time: 44.595277309417725
Epoch: 54, Steps: 279 | Train Loss: 0.6527945 Vali Loss: 0.6906784 Test Loss: 0.3369800
EarlyStopping counter: 1 out of 20
Updating learning rate to 4.6383976865881085e-07
	iters: 100, epoch: 55 | loss: 0.7401978
	speed: 0.3544s/iter; left time: 4513.8345s
	iters: 200, epoch: 55 | loss: 0.6766681
	speed: 0.1599s/iter; left time: 2019.7284s
Epoch: 55 cost time: 44.59307885169983
Epoch: 55, Steps: 279 | Train Loss: 0.6526512 Vali Loss: 0.6874140 Test Loss: 0.3369708
Validation loss decreased (0.689264 --> 0.687414).  Saving model ...
Updating learning rate to 4.174557917929298e-07
	iters: 100, epoch: 56 | loss: 0.6954030
	speed: 0.3562s/iter; left time: 4437.2195s
	iters: 200, epoch: 56 | loss: 0.6826857
	speed: 0.1598s/iter; left time: 1975.0378s
Epoch: 56 cost time: 44.59317946434021
Epoch: 56, Steps: 279 | Train Loss: 0.6529091 Vali Loss: 0.6893667 Test Loss: 0.3369625
EarlyStopping counter: 1 out of 20
Updating learning rate to 3.7571021261363677e-07
	iters: 100, epoch: 57 | loss: 0.7354200
	speed: 0.3542s/iter; left time: 4313.3060s
	iters: 200, epoch: 57 | loss: 0.6916038
	speed: 0.1599s/iter; left time: 1930.8406s
Epoch: 57 cost time: 44.60130262374878
Epoch: 57, Steps: 279 | Train Loss: 0.6529077 Vali Loss: 0.6897919 Test Loss: 0.3369566
EarlyStopping counter: 2 out of 20
Updating learning rate to 3.381391913522731e-07
	iters: 100, epoch: 58 | loss: 0.7013307
	speed: 0.3540s/iter; left time: 4211.9606s
	iters: 200, epoch: 58 | loss: 0.6408263
	speed: 0.1599s/iter; left time: 1885.9230s
Epoch: 58 cost time: 44.58693051338196
Epoch: 58, Steps: 279 | Train Loss: 0.6525284 Vali Loss: 0.6908687 Test Loss: 0.3369497
EarlyStopping counter: 3 out of 20
Updating learning rate to 3.043252722170458e-07
	iters: 100, epoch: 59 | loss: 0.7449370
	speed: 0.3545s/iter; left time: 4119.3354s
	iters: 200, epoch: 59 | loss: 0.5641009
	speed: 0.1598s/iter; left time: 1840.7865s
Epoch: 59 cost time: 44.57962942123413
Epoch: 59, Steps: 279 | Train Loss: 0.6527831 Vali Loss: 0.6903825 Test Loss: 0.3369457
EarlyStopping counter: 4 out of 20
Updating learning rate to 2.7389274499534124e-07
	iters: 100, epoch: 60 | loss: 0.7265343
	speed: 0.3545s/iter; left time: 4020.5763s
	iters: 200, epoch: 60 | loss: 0.6055353
	speed: 0.1598s/iter; left time: 1796.2412s
Epoch: 60 cost time: 44.56885504722595
Epoch: 60, Steps: 279 | Train Loss: 0.6527513 Vali Loss: 0.6888807 Test Loss: 0.3369397
EarlyStopping counter: 5 out of 20
Updating learning rate to 2.465034704958071e-07
	iters: 100, epoch: 61 | loss: 0.6629333
	speed: 0.3549s/iter; left time: 3925.4427s
	iters: 200, epoch: 61 | loss: 0.5973124
	speed: 0.1598s/iter; left time: 1751.8864s
Epoch: 61 cost time: 44.57288599014282
Epoch: 61, Steps: 279 | Train Loss: 0.6528085 Vali Loss: 0.6900456 Test Loss: 0.3369355
EarlyStopping counter: 6 out of 20
Updating learning rate to 2.218531234462264e-07
	iters: 100, epoch: 62 | loss: 0.6849056
	speed: 0.3552s/iter; left time: 3829.3693s
	iters: 200, epoch: 62 | loss: 0.7460316
	speed: 0.1598s/iter; left time: 1707.1699s
Epoch: 62 cost time: 44.56594157218933
Epoch: 62, Steps: 279 | Train Loss: 0.6527813 Vali Loss: 0.6892357 Test Loss: 0.3369316
EarlyStopping counter: 7 out of 20
Updating learning rate to 1.9966781110160376e-07
	iters: 100, epoch: 63 | loss: 0.7270571
	speed: 0.3552s/iter; left time: 3731.1091s
	iters: 200, epoch: 63 | loss: 0.5885972
	speed: 0.1597s/iter; left time: 1661.8584s
Epoch: 63 cost time: 44.55443263053894
Epoch: 63, Steps: 279 | Train Loss: 0.6525856 Vali Loss: 0.6890839 Test Loss: 0.3369295
EarlyStopping counter: 8 out of 20
Updating learning rate to 1.797010299914434e-07
	iters: 100, epoch: 64 | loss: 0.6498278
	speed: 0.3561s/iter; left time: 3641.0869s
	iters: 200, epoch: 64 | loss: 0.6082064
	speed: 0.1598s/iter; left time: 1617.6920s
Epoch: 64 cost time: 44.55612540245056
Epoch: 64, Steps: 279 | Train Loss: 0.6526602 Vali Loss: 0.6890793 Test Loss: 0.3369269
EarlyStopping counter: 9 out of 20
Updating learning rate to 1.6173092699229907e-07
	iters: 100, epoch: 65 | loss: 0.6156722
	speed: 0.3555s/iter; left time: 3534.9708s
	iters: 200, epoch: 65 | loss: 0.5978003
	speed: 0.1598s/iter; left time: 1572.7393s
Epoch: 65 cost time: 44.559916496276855
Epoch: 65, Steps: 279 | Train Loss: 0.6527470 Vali Loss: 0.6897177 Test Loss: 0.3369245
EarlyStopping counter: 10 out of 20
Updating learning rate to 1.4555783429306916e-07
	iters: 100, epoch: 66 | loss: 0.6926091
	speed: 0.3547s/iter; left time: 3428.0884s
	iters: 200, epoch: 66 | loss: 0.7297522
	speed: 0.1597s/iter; left time: 1527.8228s
Epoch: 66 cost time: 44.545679330825806
Epoch: 66, Steps: 279 | Train Loss: 0.6522174 Vali Loss: 0.6896015 Test Loss: 0.3369218
EarlyStopping counter: 11 out of 20
Updating learning rate to 1.3100205086376224e-07
	iters: 100, epoch: 67 | loss: 0.5961186
	speed: 0.3546s/iter; left time: 3328.3218s
	iters: 200, epoch: 67 | loss: 0.7532505
	speed: 0.1597s/iter; left time: 1483.1059s
Epoch: 67 cost time: 44.55271601676941
Epoch: 67, Steps: 279 | Train Loss: 0.6527396 Vali Loss: 0.6909124 Test Loss: 0.3369200
EarlyStopping counter: 12 out of 20
Updating learning rate to 1.1790184577738603e-07
	iters: 100, epoch: 68 | loss: 0.5829760
	speed: 0.3545s/iter; left time: 3228.3530s
	iters: 200, epoch: 68 | loss: 0.6707017
	speed: 0.1598s/iter; left time: 1439.6345s
Epoch: 68 cost time: 44.57442355155945
Epoch: 68, Steps: 279 | Train Loss: 0.6526496 Vali Loss: 0.6891963 Test Loss: 0.3369191
EarlyStopping counter: 13 out of 20
Updating learning rate to 1.0611166119964742e-07
	iters: 100, epoch: 69 | loss: 0.6278418
	speed: 0.3540s/iter; left time: 3125.4610s
	iters: 200, epoch: 69 | loss: 0.7247917
	speed: 0.1598s/iter; left time: 1395.0449s
Epoch: 69 cost time: 44.58027195930481
Epoch: 69, Steps: 279 | Train Loss: 0.6522023 Vali Loss: 0.6881474 Test Loss: 0.3369181
EarlyStopping counter: 14 out of 20
Updating learning rate to 9.550049507968268e-08
	iters: 100, epoch: 70 | loss: 0.7187332
	speed: 0.3545s/iter; left time: 3031.1955s
	iters: 200, epoch: 70 | loss: 0.6841328
	speed: 0.1598s/iter; left time: 1350.1116s
Epoch: 70 cost time: 44.58132195472717
Epoch: 70, Steps: 279 | Train Loss: 0.6525679 Vali Loss: 0.6906238 Test Loss: 0.3369172
EarlyStopping counter: 15 out of 20
Updating learning rate to 8.595044557171442e-08
	iters: 100, epoch: 71 | loss: 0.6884277
	speed: 0.3544s/iter; left time: 2931.0753s
	iters: 200, epoch: 71 | loss: 0.6550112
	speed: 0.1597s/iter; left time: 1304.9355s
Epoch: 71 cost time: 44.56156086921692
Epoch: 71, Steps: 279 | Train Loss: 0.6524112 Vali Loss: 0.6893919 Test Loss: 0.3369156
EarlyStopping counter: 16 out of 20
Updating learning rate to 7.735540101454298e-08
	iters: 100, epoch: 72 | loss: 0.5886362
	speed: 0.3540s/iter; left time: 2828.9650s
	iters: 200, epoch: 72 | loss: 0.5968637
	speed: 0.1597s/iter; left time: 1260.3696s
Epoch: 72 cost time: 44.55618071556091
Epoch: 72, Steps: 279 | Train Loss: 0.6524387 Vali Loss: 0.6885493 Test Loss: 0.3369145
EarlyStopping counter: 17 out of 20
Updating learning rate to 6.961986091308869e-08
	iters: 100, epoch: 73 | loss: 0.7059024
	speed: 0.3542s/iter; left time: 2732.0312s
	iters: 200, epoch: 73 | loss: 0.7390032
	speed: 0.1598s/iter; left time: 1216.2810s
Epoch: 73 cost time: 44.57378602027893
Epoch: 73, Steps: 279 | Train Loss: 0.6527114 Vali Loss: 0.6900606 Test Loss: 0.3369153
EarlyStopping counter: 18 out of 20
Updating learning rate to 6.265787482177981e-08
	iters: 100, epoch: 74 | loss: 0.6300194
	speed: 0.3544s/iter; left time: 2634.2904s
	iters: 200, epoch: 74 | loss: 0.7378644
	speed: 0.1597s/iter; left time: 1171.5644s
Epoch: 74 cost time: 44.56697344779968
Epoch: 74, Steps: 279 | Train Loss: 0.6525090 Vali Loss: 0.6905519 Test Loss: 0.3369132
EarlyStopping counter: 19 out of 20
Updating learning rate to 5.639208733960184e-08
	iters: 100, epoch: 75 | loss: 0.7456082
	speed: 0.3539s/iter; left time: 2532.2453s
	iters: 200, epoch: 75 | loss: 0.6038882
	speed: 0.1597s/iter; left time: 1127.0034s
Epoch: 75 cost time: 44.56219029426575
Epoch: 75, Steps: 279 | Train Loss: 0.6526624 Vali Loss: 0.6884000 Test Loss: 0.3369135
EarlyStopping counter: 20 out of 20
Early stopping
>>>>>>>testing : NL_weather_flatten_lr0.001_5steps_336_720_PatchTST_custom_ftM_sl336_ll48_pl720_dm128_nh16_el3_dl1_df256_fc1_ebtimeF_dtTruelr0.001_pol5steps_Nested_Learning_0<<<<<<<<<<<<<<<<<<<<<<<<<<<<<<<<<
test 9820
 Ejecutando Inferencia DINÁMICA (Nested Learning con flatten)
  -> Política: 5steps | LR: 0.001 | Target: head

RESUMEN: El CMS se actualizó 16 veces de 76 posibles.

mse:0.3370312750339508, mae:0.3496887981891632, rse:0.765867292881012
