==========================================================
SÚPER ARRAY TFG - TAREA ID: 106 / 113
Nodo: dionisio
Dataset: weather | Experimento: NL_weather_cms3_lr0.0001_5steps
Cabeza: cms3 | LR: 0.0001 | Política: 5steps
==========================================================
Args in experiment:
Namespace(random_seed=2021, is_training=1, model_id='NL_weather_cms3_lr0.0001_5steps_336_96', model='PatchTST', data='custom', root_path='./dataset/', data_path='weather.csv', features='M', target='OT', freq='h', checkpoints='./checkpoints/', seq_len=336, label_len=48, pred_len=96, head_type='cms3', cms_lr=0.0001, update_policy='5steps', fc_dropout=0.2, head_dropout=0.0, patch_len=16, stride=8, padding_patch='end', revin=1, affine=0, subtract_last=0, decomposition=0, kernel_size=25, individual=0, embed_type=0, enc_in=21, dec_in=7, c_out=7, d_model=128, n_heads=16, e_layers=3, d_layers=1, d_ff=256, moving_avg=25, factor=1, distil=True, dropout=0.2, embed='timeF', activation='gelu', output_attention=False, do_predict=False, num_workers=0, itr=1, train_epochs=100, batch_size=128, patience=20, learning_rate=0.0001, des='Nested_Learning', loss='mse', lradj='type3', pct_start=0.3, use_amp=False, use_gpu=True, gpu=0, use_multi_gpu=False, devices='0,1,2,3', test_flop=False)
Use GPU: cuda:0
>>>>>>>start training : NL_weather_cms3_lr0.0001_5steps_336_96_PatchTST_custom_ftM_sl336_ll48_pl96_dm128_nh16_el3_dl1_df256_fc1_ebtimeF_dtTruelr0.0001_pol5steps_Nested_Learning_0>>>>>>>>>>>>>>>>>>>>>>>>>>
train 36456
val 5175
test 10444
	iters: 100, epoch: 1 | loss: 0.6678073
	speed: 0.2521s/iter; left time: 7134.0416s
	iters: 200, epoch: 1 | loss: 0.6430213
	speed: 0.1269s/iter; left time: 3579.5080s
Epoch: 1 cost time: 38.549973487854004
Epoch: 1, Steps: 284 | Train Loss: 0.6844670 Vali Loss: 0.6373944 Test Loss: 0.2575753
Validation loss decreased (inf --> 0.637394).  Saving model ...
Updating learning rate to 0.0001
	iters: 100, epoch: 2 | loss: 0.7793105
	speed: 0.2946s/iter; left time: 8255.1141s
	iters: 200, epoch: 2 | loss: 0.5806897
	speed: 0.1276s/iter; left time: 3562.3487s
Epoch: 2 cost time: 36.2046058177948
Epoch: 2, Steps: 284 | Train Loss: 0.6793019 Vali Loss: 0.6276661 Test Loss: 0.2547940
Validation loss decreased (0.637394 --> 0.627666).  Saving model ...
Updating learning rate to 0.0001
	iters: 100, epoch: 3 | loss: 0.7523101
	speed: 0.2958s/iter; left time: 8204.6685s
	iters: 200, epoch: 3 | loss: 0.5951911
	speed: 0.1281s/iter; left time: 3540.9239s
Epoch: 3 cost time: 36.37305545806885
Epoch: 3, Steps: 284 | Train Loss: 0.6693040 Vali Loss: 0.6177180 Test Loss: 0.2517215
Validation loss decreased (0.627666 --> 0.617718).  Saving model ...
Updating learning rate to 0.0001
	iters: 100, epoch: 4 | loss: 0.5006074
	speed: 0.2976s/iter; left time: 8167.9358s
	iters: 200, epoch: 4 | loss: 0.5529363
	speed: 0.1283s/iter; left time: 3509.6882s
Epoch: 4 cost time: 36.37176561355591
Epoch: 4, Steps: 284 | Train Loss: 0.6571419 Vali Loss: 0.6037990 Test Loss: 0.2478540
Validation loss decreased (0.617718 --> 0.603799).  Saving model ...
Updating learning rate to 9e-05
	iters: 100, epoch: 5 | loss: 0.5353905
	speed: 0.2972s/iter; left time: 8072.8802s
	iters: 200, epoch: 5 | loss: 0.5476556
	speed: 0.1274s/iter; left time: 3447.1299s
Epoch: 5 cost time: 36.16095495223999
Epoch: 5, Steps: 284 | Train Loss: 0.6414033 Vali Loss: 0.5919545 Test Loss: 0.2435692
Validation loss decreased (0.603799 --> 0.591954).  Saving model ...
Updating learning rate to 8.1e-05
	iters: 100, epoch: 6 | loss: 0.5672607
	speed: 0.2960s/iter; left time: 7957.8507s
	iters: 200, epoch: 6 | loss: 0.5272889
	speed: 0.1274s/iter; left time: 3413.2086s
Epoch: 6 cost time: 36.18632102012634
Epoch: 6, Steps: 284 | Train Loss: 0.6289633 Vali Loss: 0.5804126 Test Loss: 0.2391510
Validation loss decreased (0.591954 --> 0.580413).  Saving model ...
Updating learning rate to 7.290000000000001e-05
	iters: 100, epoch: 7 | loss: 0.8152319
	speed: 0.2953s/iter; left time: 7855.2137s
	iters: 200, epoch: 7 | loss: 0.7776343
	speed: 0.1274s/iter; left time: 3375.5016s
Epoch: 7 cost time: 36.18105864524841
Epoch: 7, Steps: 284 | Train Loss: 0.6160049 Vali Loss: 0.5693124 Test Loss: 0.2348713
Validation loss decreased (0.580413 --> 0.569312).  Saving model ...
Updating learning rate to 6.561e-05
	iters: 100, epoch: 8 | loss: 0.9350342
	speed: 0.2945s/iter; left time: 7748.8519s
	iters: 200, epoch: 8 | loss: 0.5379720
	speed: 0.1273s/iter; left time: 3336.5224s
Epoch: 8 cost time: 36.16802906990051
Epoch: 8, Steps: 284 | Train Loss: 0.6034767 Vali Loss: 0.5592020 Test Loss: 0.2308495
Validation loss decreased (0.569312 --> 0.559202).  Saving model ...
Updating learning rate to 5.904900000000001e-05
	iters: 100, epoch: 9 | loss: 0.5551818
	speed: 0.2934s/iter; left time: 7636.7500s
	iters: 200, epoch: 9 | loss: 0.5949036
	speed: 0.1273s/iter; left time: 3300.6055s
Epoch: 9 cost time: 36.17718815803528
Epoch: 9, Steps: 284 | Train Loss: 0.5922149 Vali Loss: 0.5493944 Test Loss: 0.2271347
Validation loss decreased (0.559202 --> 0.549394).  Saving model ...
Updating learning rate to 5.3144100000000005e-05
	iters: 100, epoch: 10 | loss: 0.7258945
	speed: 0.2935s/iter; left time: 7555.2506s
	iters: 200, epoch: 10 | loss: 0.7589699
	speed: 0.1273s/iter; left time: 3265.1952s
Epoch: 10 cost time: 36.177491903305054
Epoch: 10, Steps: 284 | Train Loss: 0.5825150 Vali Loss: 0.5416909 Test Loss: 0.2237522
Validation loss decreased (0.549394 --> 0.541691).  Saving model ...
Updating learning rate to 4.782969000000001e-05
	iters: 100, epoch: 11 | loss: 0.4932673
	speed: 0.2947s/iter; left time: 7504.3511s
	iters: 200, epoch: 11 | loss: 0.7502465
	speed: 0.1273s/iter; left time: 3229.0935s
Epoch: 11 cost time: 36.17568850517273
Epoch: 11, Steps: 284 | Train Loss: 0.5735583 Vali Loss: 0.5294566 Test Loss: 0.2206199
Validation loss decreased (0.541691 --> 0.529457).  Saving model ...
Updating learning rate to 4.304672100000001e-05
	iters: 100, epoch: 12 | loss: 0.6481071
	speed: 0.2942s/iter; left time: 7407.2964s
	iters: 200, epoch: 12 | loss: 0.5031216
	speed: 0.1273s/iter; left time: 3191.3555s
Epoch: 12 cost time: 36.15108323097229
Epoch: 12, Steps: 284 | Train Loss: 0.5657064 Vali Loss: 0.5280015 Test Loss: 0.2178275
Validation loss decreased (0.529457 --> 0.528002).  Saving model ...
Updating learning rate to 3.874204890000001e-05
	iters: 100, epoch: 13 | loss: 0.5200111
	speed: 0.2938s/iter; left time: 7312.9519s
	iters: 200, epoch: 13 | loss: 0.4643301
	speed: 0.1272s/iter; left time: 3154.4573s
Epoch: 13 cost time: 36.14158821105957
Epoch: 13, Steps: 284 | Train Loss: 0.5577996 Vali Loss: 0.5210322 Test Loss: 0.2152808
Validation loss decreased (0.528002 --> 0.521032).  Saving model ...
Updating learning rate to 3.486784401000001e-05
	iters: 100, epoch: 14 | loss: 0.4563099
	speed: 0.2946s/iter; left time: 7249.4368s
	iters: 200, epoch: 14 | loss: 0.7465324
	speed: 0.1273s/iter; left time: 3118.9421s
Epoch: 14 cost time: 36.14443492889404
Epoch: 14, Steps: 284 | Train Loss: 0.5520905 Vali Loss: 0.5153052 Test Loss: 0.2129944
Validation loss decreased (0.521032 --> 0.515305).  Saving model ...
Updating learning rate to 3.138105960900001e-05
	iters: 100, epoch: 15 | loss: 0.3923810
	speed: 0.2942s/iter; left time: 7156.8986s
	iters: 200, epoch: 15 | loss: 0.4090060
	speed: 0.1273s/iter; left time: 3083.2606s
Epoch: 15 cost time: 36.15095829963684
Epoch: 15, Steps: 284 | Train Loss: 0.5466131 Vali Loss: 0.5074644 Test Loss: 0.2108934
Validation loss decreased (0.515305 --> 0.507464).  Saving model ...
Updating learning rate to 2.824295364810001e-05
	iters: 100, epoch: 16 | loss: 0.6079499
	speed: 0.2939s/iter; left time: 7064.7720s
	iters: 200, epoch: 16 | loss: 0.4917279
	speed: 0.1273s/iter; left time: 3046.8305s
Epoch: 16 cost time: 36.15372371673584
Epoch: 16, Steps: 284 | Train Loss: 0.5416986 Vali Loss: 0.5075237 Test Loss: 0.2090389
EarlyStopping counter: 1 out of 20
Updating learning rate to 2.541865828329001e-05
	iters: 100, epoch: 17 | loss: 0.4072503
	speed: 0.2932s/iter; left time: 6966.2183s
	iters: 200, epoch: 17 | loss: 0.4250212
	speed: 0.1273s/iter; left time: 3012.2102s
Epoch: 17 cost time: 36.17530679702759
Epoch: 17, Steps: 284 | Train Loss: 0.5374478 Vali Loss: 0.5004005 Test Loss: 0.2073514
Validation loss decreased (0.507464 --> 0.500400).  Saving model ...
Updating learning rate to 2.287679245496101e-05
	iters: 100, epoch: 18 | loss: 0.5257678
	speed: 0.2935s/iter; left time: 6888.6587s
	iters: 200, epoch: 18 | loss: 0.3773946
	speed: 0.1274s/iter; left time: 2976.9053s
Epoch: 18 cost time: 36.18946552276611
Epoch: 18, Steps: 284 | Train Loss: 0.5334778 Vali Loss: 0.4983035 Test Loss: 0.2058286
Validation loss decreased (0.500400 --> 0.498304).  Saving model ...
Updating learning rate to 2.0589113209464907e-05
	iters: 100, epoch: 19 | loss: 0.5431316
	speed: 0.2943s/iter; left time: 6825.1589s
	iters: 200, epoch: 19 | loss: 0.4723484
	speed: 0.1274s/iter; left time: 2940.7869s
Epoch: 19 cost time: 36.19314765930176
Epoch: 19, Steps: 284 | Train Loss: 0.5297557 Vali Loss: 0.4969378 Test Loss: 0.2044851
Validation loss decreased (0.498304 --> 0.496938).  Saving model ...
Updating learning rate to 1.8530201888518416e-05
	iters: 100, epoch: 20 | loss: 0.4426792
	speed: 0.2935s/iter; left time: 6723.5996s
	iters: 200, epoch: 20 | loss: 0.3999304
	speed: 0.1274s/iter; left time: 2904.8097s
Epoch: 20 cost time: 36.199607849121094
Epoch: 20, Steps: 284 | Train Loss: 0.5265217 Vali Loss: 0.4926949 Test Loss: 0.2032527
Validation loss decreased (0.496938 --> 0.492695).  Saving model ...
Updating learning rate to 1.6677181699666577e-05
	iters: 100, epoch: 21 | loss: 0.8017944
	speed: 0.2937s/iter; left time: 6643.5308s
	iters: 200, epoch: 21 | loss: 0.4675570
	speed: 0.1274s/iter; left time: 2869.4390s
Epoch: 21 cost time: 36.203869581222534
Epoch: 21, Steps: 284 | Train Loss: 0.5241153 Vali Loss: 0.4875446 Test Loss: 0.2021357
Validation loss decreased (0.492695 --> 0.487545).  Saving model ...
Updating learning rate to 1.5009463529699919e-05
	iters: 100, epoch: 22 | loss: 0.4290007
	speed: 0.2944s/iter; left time: 6576.8488s
	iters: 200, epoch: 22 | loss: 0.4784907
	speed: 0.1275s/iter; left time: 2836.2810s
Epoch: 22 cost time: 36.216254472732544
Epoch: 22, Steps: 284 | Train Loss: 0.5214724 Vali Loss: 0.4869771 Test Loss: 0.2011586
Validation loss decreased (0.487545 --> 0.486977).  Saving model ...
Updating learning rate to 1.3508517176729929e-05
	iters: 100, epoch: 23 | loss: 0.3763309
	speed: 0.2940s/iter; left time: 6482.8145s
	iters: 200, epoch: 23 | loss: 0.4474133
	speed: 0.1280s/iter; left time: 2809.1158s
Epoch: 23 cost time: 36.31785726547241
Epoch: 23, Steps: 284 | Train Loss: 0.5193999 Vali Loss: 0.4866536 Test Loss: 0.2002817
Validation loss decreased (0.486977 --> 0.486654).  Saving model ...
Updating learning rate to 1.2157665459056936e-05
	iters: 100, epoch: 24 | loss: 0.4236932
	speed: 0.2958s/iter; left time: 6439.7700s
	iters: 200, epoch: 24 | loss: 0.5243475
	speed: 0.1281s/iter; left time: 2775.5266s
Epoch: 24 cost time: 36.32010006904602
Epoch: 24, Steps: 284 | Train Loss: 0.5176243 Vali Loss: 0.4848550 Test Loss: 0.1994815
Validation loss decreased (0.486654 --> 0.484855).  Saving model ...
Updating learning rate to 1.0941898913151242e-05
	iters: 100, epoch: 25 | loss: 0.4305927
	speed: 0.2960s/iter; left time: 6359.3194s
	iters: 200, epoch: 25 | loss: 0.4153610
	speed: 0.1281s/iter; left time: 2740.4064s
Epoch: 25 cost time: 36.33999729156494
Epoch: 25, Steps: 284 | Train Loss: 0.5160386 Vali Loss: 0.4811029 Test Loss: 0.1987600
Validation loss decreased (0.484855 --> 0.481103).  Saving model ...
Updating learning rate to 9.847709021836118e-06
	iters: 100, epoch: 26 | loss: 0.4153844
	speed: 0.2961s/iter; left time: 6277.7255s
	iters: 200, epoch: 26 | loss: 0.4380947
	speed: 0.1281s/iter; left time: 2703.6713s
Epoch: 26 cost time: 36.339370012283325
Epoch: 26, Steps: 284 | Train Loss: 0.5145650 Vali Loss: 0.4799770 Test Loss: 0.1981671
Validation loss decreased (0.481103 --> 0.479977).  Saving model ...
Updating learning rate to 8.862938119652508e-06
	iters: 100, epoch: 27 | loss: 0.5112082
	speed: 0.2961s/iter; left time: 6194.2940s
	iters: 200, epoch: 27 | loss: 0.9092404
	speed: 0.1281s/iter; left time: 2665.9069s
Epoch: 27 cost time: 36.32937932014465
Epoch: 27, Steps: 284 | Train Loss: 0.5122347 Vali Loss: 0.4769875 Test Loss: 0.1975909
Validation loss decreased (0.479977 --> 0.476987).  Saving model ...
Updating learning rate to 7.976644307687255e-06
	iters: 100, epoch: 28 | loss: 0.3558953
	speed: 0.2961s/iter; left time: 6110.0775s
	iters: 200, epoch: 28 | loss: 0.4120027
	speed: 0.1280s/iter; left time: 2629.0433s
Epoch: 28 cost time: 36.3396098613739
Epoch: 28, Steps: 284 | Train Loss: 0.5117053 Vali Loss: 0.4786631 Test Loss: 0.1970847
EarlyStopping counter: 1 out of 20
Updating learning rate to 7.178979876918531e-06
	iters: 100, epoch: 29 | loss: 0.6686478
	speed: 0.2955s/iter; left time: 6012.4983s
	iters: 200, epoch: 29 | loss: 0.4245602
	speed: 0.1279s/iter; left time: 2589.4862s
Epoch: 29 cost time: 36.3291232585907
Epoch: 29, Steps: 284 | Train Loss: 0.5093402 Vali Loss: 0.4771872 Test Loss: 0.1966468
EarlyStopping counter: 2 out of 20
Updating learning rate to 6.4610818892266776e-06
	iters: 100, epoch: 30 | loss: 0.3946820
	speed: 0.2957s/iter; left time: 5933.0562s
	iters: 200, epoch: 30 | loss: 0.4120207
	speed: 0.1279s/iter; left time: 2552.6446s
Epoch: 30 cost time: 36.33946180343628
Epoch: 30, Steps: 284 | Train Loss: 0.5094051 Vali Loss: 0.4753069 Test Loss: 0.1962050
Validation loss decreased (0.476987 --> 0.475307).  Saving model ...
Updating learning rate to 5.8149737003040096e-06
	iters: 100, epoch: 31 | loss: 0.6062567
	speed: 0.2964s/iter; left time: 5863.0173s
	iters: 200, epoch: 31 | loss: 0.4929413
	speed: 0.1278s/iter; left time: 2515.2935s
Epoch: 31 cost time: 36.323065757751465
Epoch: 31, Steps: 284 | Train Loss: 0.5082924 Vali Loss: 0.4735582 Test Loss: 0.1958442
Validation loss decreased (0.475307 --> 0.473558).  Saving model ...
Updating learning rate to 5.23347633027361e-06
	iters: 100, epoch: 32 | loss: 0.4161025
	speed: 0.2967s/iter; left time: 5784.1201s
	iters: 200, epoch: 32 | loss: 0.7635437
	speed: 0.1278s/iter; left time: 2478.3642s
Epoch: 32 cost time: 36.31936430931091
Epoch: 32, Steps: 284 | Train Loss: 0.5077602 Vali Loss: 0.4725255 Test Loss: 0.1955054
Validation loss decreased (0.473558 --> 0.472526).  Saving model ...
Updating learning rate to 4.710128697246249e-06
	iters: 100, epoch: 33 | loss: 1.1345830
	speed: 0.2981s/iter; left time: 5727.1306s
	iters: 200, epoch: 33 | loss: 0.6341957
	speed: 0.1277s/iter; left time: 2440.8742s
Epoch: 33 cost time: 36.30720520019531
Epoch: 33, Steps: 284 | Train Loss: 0.5063418 Vali Loss: 0.4742871 Test Loss: 0.1952131
EarlyStopping counter: 1 out of 20
Updating learning rate to 4.239115827521624e-06
	iters: 100, epoch: 34 | loss: 0.3853430
	speed: 0.2957s/iter; left time: 5597.8137s
	iters: 200, epoch: 34 | loss: 0.3731481
	speed: 0.1277s/iter; left time: 2403.7276s
Epoch: 34 cost time: 36.28604435920715
Epoch: 34, Steps: 284 | Train Loss: 0.5062410 Vali Loss: 0.4730329 Test Loss: 0.1949514
EarlyStopping counter: 2 out of 20
Updating learning rate to 3.815204244769462e-06
	iters: 100, epoch: 35 | loss: 0.4230787
	speed: 0.2959s/iter; left time: 5516.9528s
	iters: 200, epoch: 35 | loss: 0.3780847
	speed: 0.1277s/iter; left time: 2368.7741s
Epoch: 35 cost time: 36.28312277793884
Epoch: 35, Steps: 284 | Train Loss: 0.5057943 Vali Loss: 0.4725301 Test Loss: 0.1947039
EarlyStopping counter: 3 out of 20
Updating learning rate to 3.4336838202925152e-06
	iters: 100, epoch: 36 | loss: 0.3794369
	speed: 0.2961s/iter; left time: 5435.9875s
	iters: 200, epoch: 36 | loss: 0.4115729
	speed: 0.1277s/iter; left time: 2332.6038s
Epoch: 36 cost time: 36.2759485244751
Epoch: 36, Steps: 284 | Train Loss: 0.5053997 Vali Loss: 0.4700633 Test Loss: 0.1945144
Validation loss decreased (0.472526 --> 0.470063).  Saving model ...
Updating learning rate to 3.090315438263264e-06
	iters: 100, epoch: 37 | loss: 0.6641498
	speed: 0.2968s/iter; left time: 5366.0295s
	iters: 200, epoch: 37 | loss: 0.7436283
	speed: 0.1277s/iter; left time: 2295.4506s
Epoch: 37 cost time: 36.26863622665405
Epoch: 37, Steps: 284 | Train Loss: 0.5036150 Vali Loss: 0.4719289 Test Loss: 0.1943101
EarlyStopping counter: 1 out of 20
Updating learning rate to 2.7812838944369375e-06
	iters: 100, epoch: 38 | loss: 0.6980160
	speed: 0.2958s/iter; left time: 5263.0462s
	iters: 200, epoch: 38 | loss: 0.4535879
	speed: 0.1274s/iter; left time: 2253.3508s
Epoch: 38 cost time: 36.21014857292175
Epoch: 38, Steps: 284 | Train Loss: 0.5044420 Vali Loss: 0.4715564 Test Loss: 0.1941199
EarlyStopping counter: 2 out of 20
Updating learning rate to 2.503155504993244e-06
	iters: 100, epoch: 39 | loss: 0.6513481
	speed: 0.2933s/iter; left time: 5135.9821s
	iters: 200, epoch: 39 | loss: 0.6470569
	speed: 0.1274s/iter; left time: 2217.6482s
Epoch: 39 cost time: 36.19067978858948
Epoch: 39, Steps: 284 | Train Loss: 0.5039397 Vali Loss: 0.4697966 Test Loss: 0.1939875
Validation loss decreased (0.470063 --> 0.469797).  Saving model ...
Updating learning rate to 2.2528399544939195e-06
	iters: 100, epoch: 40 | loss: 0.4236123
	speed: 0.2935s/iter; left time: 5055.3581s
	iters: 200, epoch: 40 | loss: 0.8380747
	speed: 0.1274s/iter; left time: 2181.0547s
Epoch: 40 cost time: 36.196239709854126
Epoch: 40, Steps: 284 | Train Loss: 0.5038784 Vali Loss: 0.4707296 Test Loss: 0.1938346
EarlyStopping counter: 1 out of 20
Updating learning rate to 2.0275559590445276e-06
	iters: 100, epoch: 41 | loss: 0.4358179
	speed: 0.2930s/iter; left time: 4964.3647s
	iters: 200, epoch: 41 | loss: 0.5741686
	speed: 0.1273s/iter; left time: 2144.5798s
Epoch: 41 cost time: 36.18677592277527
Epoch: 41, Steps: 284 | Train Loss: 0.5033188 Vali Loss: 0.4692879 Test Loss: 0.1937128
Validation loss decreased (0.469797 --> 0.469288).  Saving model ...
Updating learning rate to 1.8248003631400751e-06
	iters: 100, epoch: 42 | loss: 0.6753310
	speed: 0.2944s/iter; left time: 4903.8306s
	iters: 200, epoch: 42 | loss: 0.3944672
	speed: 0.1273s/iter; left time: 2108.4836s
Epoch: 42 cost time: 36.188103914260864
Epoch: 42, Steps: 284 | Train Loss: 0.5022153 Vali Loss: 0.4698465 Test Loss: 0.1936101
EarlyStopping counter: 1 out of 20
Updating learning rate to 1.6423203268260676e-06
	iters: 100, epoch: 43 | loss: 0.3624225
	speed: 0.2929s/iter; left time: 4794.9274s
	iters: 200, epoch: 43 | loss: 0.3562663
	speed: 0.1273s/iter; left time: 2072.1954s
Epoch: 43 cost time: 36.188040018081665
Epoch: 43, Steps: 284 | Train Loss: 0.5028132 Vali Loss: 0.4709501 Test Loss: 0.1935006
EarlyStopping counter: 2 out of 20
Updating learning rate to 1.4780882941434609e-06
	iters: 100, epoch: 44 | loss: 0.4013883
	speed: 0.2930s/iter; left time: 4713.7796s
	iters: 200, epoch: 44 | loss: 0.7597505
	speed: 0.1274s/iter; left time: 2036.8981s
Epoch: 44 cost time: 36.18711757659912
Epoch: 44, Steps: 284 | Train Loss: 0.5026565 Vali Loss: 0.4702311 Test Loss: 0.1934168
EarlyStopping counter: 3 out of 20
Updating learning rate to 1.3302794647291146e-06
	iters: 100, epoch: 45 | loss: 0.6514021
	speed: 0.2929s/iter; left time: 4629.0946s
	iters: 200, epoch: 45 | loss: 0.4700582
	speed: 0.1274s/iter; left time: 2001.4024s
Epoch: 45 cost time: 36.18830394744873
Epoch: 45, Steps: 284 | Train Loss: 0.5023641 Vali Loss: 0.4675727 Test Loss: 0.1933156
Validation loss decreased (0.469288 --> 0.467573).  Saving model ...
Updating learning rate to 1.1972515182562034e-06
	iters: 100, epoch: 46 | loss: 0.4021249
	speed: 0.2934s/iter; left time: 4554.3868s
	iters: 200, epoch: 46 | loss: 0.7203954
	speed: 0.1275s/iter; left time: 1965.8170s
Epoch: 46 cost time: 36.18338966369629
Epoch: 46, Steps: 284 | Train Loss: 0.5023414 Vali Loss: 0.4677169 Test Loss: 0.1932610
EarlyStopping counter: 1 out of 20
Updating learning rate to 1.077526366430583e-06
	iters: 100, epoch: 47 | loss: 0.4837943
	speed: 0.2928s/iter; left time: 4460.6768s
	iters: 200, epoch: 47 | loss: 0.6022665
	speed: 0.1275s/iter; left time: 1930.5481s
Epoch: 47 cost time: 36.193110942840576
Epoch: 47, Steps: 284 | Train Loss: 0.5020486 Vali Loss: 0.4694996 Test Loss: 0.1931805
EarlyStopping counter: 2 out of 20
Updating learning rate to 9.697737297875248e-07
	iters: 100, epoch: 48 | loss: 0.6943429
	speed: 0.2927s/iter; left time: 4376.5152s
	iters: 200, epoch: 48 | loss: 0.3900083
	speed: 0.1275s/iter; left time: 1894.0250s
Epoch: 48 cost time: 36.18074059486389
Epoch: 48, Steps: 284 | Train Loss: 0.5018859 Vali Loss: 0.4654238 Test Loss: 0.1931203
Validation loss decreased (0.467573 --> 0.465424).  Saving model ...
Updating learning rate to 8.727963568087723e-07
	iters: 100, epoch: 49 | loss: 0.7107897
	speed: 0.2933s/iter; left time: 4302.5506s
	iters: 200, epoch: 49 | loss: 0.6167212
	speed: 0.1275s/iter; left time: 1856.9920s
Epoch: 49 cost time: 36.174391746520996
Epoch: 49, Steps: 284 | Train Loss: 0.5017303 Vali Loss: 0.4692023 Test Loss: 0.1930657
EarlyStopping counter: 1 out of 20
Updating learning rate to 7.855167211278951e-07
	iters: 100, epoch: 50 | loss: 0.4023810
	speed: 0.2927s/iter; left time: 4210.1341s
	iters: 200, epoch: 50 | loss: 0.6726311
	speed: 0.1274s/iter; left time: 1820.5072s
Epoch: 50 cost time: 36.17486643791199
Epoch: 50, Steps: 284 | Train Loss: 0.5010975 Vali Loss: 0.4645685 Test Loss: 0.1930230
Validation loss decreased (0.465424 --> 0.464569).  Saving model ...
Updating learning rate to 7.069650490151056e-07
	iters: 100, epoch: 51 | loss: 0.4500577
	speed: 0.2941s/iter; left time: 4146.8167s
	iters: 200, epoch: 51 | loss: 0.6620937
	speed: 0.1274s/iter; left time: 1784.3552s
Epoch: 51 cost time: 36.180920362472534
Epoch: 51, Steps: 284 | Train Loss: 0.5016516 Vali Loss: 0.4684907 Test Loss: 0.1929700
EarlyStopping counter: 1 out of 20
Updating learning rate to 6.36268544113595e-07
	iters: 100, epoch: 52 | loss: 0.4535465
	speed: 0.2928s/iter; left time: 4045.4454s
	iters: 200, epoch: 52 | loss: 0.3502620
	speed: 0.1274s/iter; left time: 1746.9809s
Epoch: 52 cost time: 36.17674255371094
Epoch: 52, Steps: 284 | Train Loss: 0.5017624 Vali Loss: 0.4690431 Test Loss: 0.1929345
EarlyStopping counter: 2 out of 20
Updating learning rate to 5.726416897022355e-07
	iters: 100, epoch: 53 | loss: 0.4253176
	speed: 0.2927s/iter; left time: 3961.6526s
	iters: 200, epoch: 53 | loss: 0.4949916
	speed: 0.1273s/iter; left time: 1710.5007s
Epoch: 53 cost time: 36.182698011398315
Epoch: 53, Steps: 284 | Train Loss: 0.4995518 Vali Loss: 0.4686124 Test Loss: 0.1929020
EarlyStopping counter: 3 out of 20
Updating learning rate to 5.15377520732012e-07
	iters: 100, epoch: 54 | loss: 0.7009750
	speed: 0.2929s/iter; left time: 3880.8281s
	iters: 200, epoch: 54 | loss: 0.6396861
	speed: 0.1273s/iter; left time: 1674.1167s
Epoch: 54 cost time: 36.17515015602112
Epoch: 54, Steps: 284 | Train Loss: 0.5011475 Vali Loss: 0.4674768 Test Loss: 0.1928756
EarlyStopping counter: 4 out of 20
Updating learning rate to 4.6383976865881085e-07
	iters: 100, epoch: 55 | loss: 0.3640355
	speed: 0.2929s/iter; left time: 3796.9032s
	iters: 200, epoch: 55 | loss: 0.3873524
	speed: 0.1273s/iter; left time: 1637.6778s
Epoch: 55 cost time: 36.17559027671814
Epoch: 55, Steps: 284 | Train Loss: 0.5000050 Vali Loss: 0.4685608 Test Loss: 0.1928503
EarlyStopping counter: 5 out of 20
Updating learning rate to 4.174557917929298e-07
	iters: 100, epoch: 56 | loss: 0.3817957
	speed: 0.2930s/iter; left time: 3715.2260s
	iters: 200, epoch: 56 | loss: 0.3714666
	speed: 0.1273s/iter; left time: 1601.9106s
Epoch: 56 cost time: 36.173845529556274
Epoch: 56, Steps: 284 | Train Loss: 0.5010241 Vali Loss: 0.4674520 Test Loss: 0.1928008
EarlyStopping counter: 6 out of 20
Updating learning rate to 3.7571021261363677e-07
	iters: 100, epoch: 57 | loss: 1.1852808
	speed: 0.2933s/iter; left time: 3635.4631s
	iters: 200, epoch: 57 | loss: 0.4082392
	speed: 0.1273s/iter; left time: 1565.6051s
Epoch: 57 cost time: 36.17048382759094
Epoch: 57, Steps: 284 | Train Loss: 0.5012013 Vali Loss: 0.4686662 Test Loss: 0.1927981
EarlyStopping counter: 7 out of 20
Updating learning rate to 3.381391913522731e-07
	iters: 100, epoch: 58 | loss: 0.5013551
	speed: 0.2937s/iter; left time: 3557.1667s
	iters: 200, epoch: 58 | loss: 0.3522981
	speed: 0.1405s/iter; left time: 1687.4450s
Epoch: 58 cost time: 37.513957500457764
Epoch: 58, Steps: 284 | Train Loss: 0.5011114 Vali Loss: 0.4674178 Test Loss: 0.1927686
EarlyStopping counter: 8 out of 20
Updating learning rate to 3.043252722170458e-07
	iters: 100, epoch: 59 | loss: 0.4522101
	speed: 0.2932s/iter; left time: 3468.1409s
	iters: 200, epoch: 59 | loss: 0.7151189
	speed: 0.1274s/iter; left time: 1494.2121s
Epoch: 59 cost time: 36.19295907020569
Epoch: 59, Steps: 284 | Train Loss: 0.5007712 Vali Loss: 0.4665760 Test Loss: 0.1927547
EarlyStopping counter: 9 out of 20
Updating learning rate to 2.7389274499534124e-07
	iters: 100, epoch: 60 | loss: 0.4560885
	speed: 0.2927s/iter; left time: 3378.7566s
	iters: 200, epoch: 60 | loss: 0.6177315
	speed: 0.1273s/iter; left time: 1456.4966s
Epoch: 60 cost time: 36.152161598205566
Epoch: 60, Steps: 284 | Train Loss: 0.5009936 Vali Loss: 0.4671188 Test Loss: 0.1927344
EarlyStopping counter: 10 out of 20
Updating learning rate to 2.465034704958071e-07
	iters: 100, epoch: 61 | loss: 0.4867251
	speed: 0.2924s/iter; left time: 3292.7986s
	iters: 200, epoch: 61 | loss: 0.3831883
	speed: 0.1272s/iter; left time: 1420.1893s
Epoch: 61 cost time: 36.14310073852539
Epoch: 61, Steps: 284 | Train Loss: 0.5009349 Vali Loss: 0.4660477 Test Loss: 0.1927345
EarlyStopping counter: 11 out of 20
Updating learning rate to 2.218531234462264e-07
	iters: 100, epoch: 62 | loss: 0.4186567
	speed: 0.2925s/iter; left time: 3210.4043s
	iters: 200, epoch: 62 | loss: 0.7366248
	speed: 0.1272s/iter; left time: 1383.9568s
Epoch: 62 cost time: 36.14119911193848
Epoch: 62, Steps: 284 | Train Loss: 0.5008252 Vali Loss: 0.4679743 Test Loss: 0.1927212
EarlyStopping counter: 12 out of 20
Updating learning rate to 1.9966781110160376e-07
	iters: 100, epoch: 63 | loss: 0.4680404
	speed: 0.2926s/iter; left time: 3129.2092s
	iters: 200, epoch: 63 | loss: 0.4772846
	speed: 0.1273s/iter; left time: 1347.9718s
Epoch: 63 cost time: 36.14355397224426
Epoch: 63, Steps: 284 | Train Loss: 0.5007454 Vali Loss: 0.4688094 Test Loss: 0.1927049
EarlyStopping counter: 13 out of 20
Updating learning rate to 1.797010299914434e-07
	iters: 100, epoch: 64 | loss: 0.8350817
	speed: 0.2926s/iter; left time: 3046.1365s
	iters: 200, epoch: 64 | loss: 0.3669109
	speed: 0.1272s/iter; left time: 1311.5908s
Epoch: 64 cost time: 36.13057827949524
Epoch: 64, Steps: 284 | Train Loss: 0.4991878 Vali Loss: 0.4680368 Test Loss: 0.1926779
EarlyStopping counter: 14 out of 20
Updating learning rate to 1.6173092699229907e-07
	iters: 100, epoch: 65 | loss: 0.6077288
	speed: 0.2927s/iter; left time: 2963.3496s
	iters: 200, epoch: 65 | loss: 0.4705185
	speed: 0.1272s/iter; left time: 1275.5530s
Epoch: 65 cost time: 36.13740873336792
Epoch: 65, Steps: 284 | Train Loss: 0.4994330 Vali Loss: 0.4679608 Test Loss: 0.1926712
EarlyStopping counter: 15 out of 20
Updating learning rate to 1.4555783429306916e-07
	iters: 100, epoch: 66 | loss: 0.3981897
	speed: 0.2927s/iter; left time: 2880.3137s
	iters: 200, epoch: 66 | loss: 0.4466301
	speed: 0.1272s/iter; left time: 1239.0791s
Epoch: 66 cost time: 36.13132309913635
Epoch: 66, Steps: 284 | Train Loss: 0.4998040 Vali Loss: 0.4664337 Test Loss: 0.1926689
EarlyStopping counter: 16 out of 20
Updating learning rate to 1.3100205086376224e-07
	iters: 100, epoch: 67 | loss: 0.4129709
	speed: 0.2925s/iter; left time: 2795.5734s
	iters: 200, epoch: 67 | loss: 0.6710466
	speed: 0.1272s/iter; left time: 1202.9565s
Epoch: 67 cost time: 36.1304497718811
Epoch: 67, Steps: 284 | Train Loss: 0.5006679 Vali Loss: 0.4676699 Test Loss: 0.1926606
EarlyStopping counter: 17 out of 20
Updating learning rate to 1.1790184577738603e-07
	iters: 100, epoch: 68 | loss: 0.3966115
	speed: 0.2925s/iter; left time: 2712.7581s
	iters: 200, epoch: 68 | loss: 0.6771905
	speed: 0.1273s/iter; left time: 1167.2776s
Epoch: 68 cost time: 36.13707423210144
Epoch: 68, Steps: 284 | Train Loss: 0.5002554 Vali Loss: 0.4641513 Test Loss: 0.1926514
Validation loss decreased (0.464569 --> 0.464151).  Saving model ...
Updating learning rate to 1.0611166119964742e-07
	iters: 100, epoch: 69 | loss: 0.4153258
	speed: 0.2931s/iter; left time: 2634.2816s
	iters: 200, epoch: 69 | loss: 0.3807134
	speed: 0.1272s/iter; left time: 1130.8162s
Epoch: 69 cost time: 36.13613486289978
Epoch: 69, Steps: 284 | Train Loss: 0.5005191 Vali Loss: 0.4684144 Test Loss: 0.1926533
EarlyStopping counter: 1 out of 20
Updating learning rate to 9.550049507968268e-08
	iters: 100, epoch: 70 | loss: 0.7591088
	speed: 0.2925s/iter; left time: 2546.5127s
	iters: 200, epoch: 70 | loss: 0.4072073
	speed: 0.1273s/iter; left time: 1095.0559s
Epoch: 70 cost time: 36.1493501663208
Epoch: 70, Steps: 284 | Train Loss: 0.5004812 Vali Loss: 0.4638677 Test Loss: 0.1926374
Validation loss decreased (0.464151 --> 0.463868).  Saving model ...
Updating learning rate to 8.595044557171442e-08
	iters: 100, epoch: 71 | loss: 0.4385230
	speed: 0.2930s/iter; left time: 2467.6344s
	iters: 200, epoch: 71 | loss: 0.4075588
	speed: 0.1272s/iter; left time: 1058.7468s
Epoch: 71 cost time: 36.14569592475891
Epoch: 71, Steps: 284 | Train Loss: 0.5006989 Vali Loss: 0.4677293 Test Loss: 0.1926544
EarlyStopping counter: 1 out of 20
Updating learning rate to 7.735540101454298e-08
	iters: 100, epoch: 72 | loss: 0.6919313
	speed: 0.2924s/iter; left time: 2379.1707s
	iters: 200, epoch: 72 | loss: 0.5656117
	speed: 0.1272s/iter; left time: 1022.6935s
Epoch: 72 cost time: 36.143494606018066
Epoch: 72, Steps: 284 | Train Loss: 0.5007121 Vali Loss: 0.4681008 Test Loss: 0.1926360
EarlyStopping counter: 2 out of 20
Updating learning rate to 6.961986091308869e-08
	iters: 100, epoch: 73 | loss: 0.6865844
	speed: 0.2925s/iter; left time: 2296.7920s
	iters: 200, epoch: 73 | loss: 0.3621414
	speed: 0.1273s/iter; left time: 986.5821s
Epoch: 73 cost time: 36.14402103424072
Epoch: 73, Steps: 284 | Train Loss: 0.5005928 Vali Loss: 0.4677686 Test Loss: 0.1926281
EarlyStopping counter: 3 out of 20
Updating learning rate to 6.265787482177981e-08
	iters: 100, epoch: 74 | loss: 0.4782876
	speed: 0.2925s/iter; left time: 2213.6130s
	iters: 200, epoch: 74 | loss: 0.3910420
	speed: 0.1272s/iter; left time: 949.9694s
Epoch: 74 cost time: 36.13812303543091
Epoch: 74, Steps: 284 | Train Loss: 0.5003879 Vali Loss: 0.4663718 Test Loss: 0.1926228
EarlyStopping counter: 4 out of 20
Updating learning rate to 5.639208733960184e-08
	iters: 100, epoch: 75 | loss: 0.3819006
	speed: 0.2925s/iter; left time: 2130.6636s
	iters: 200, epoch: 75 | loss: 0.4210309
	speed: 0.1272s/iter; left time: 914.1024s
Epoch: 75 cost time: 36.14063811302185
Epoch: 75, Steps: 284 | Train Loss: 0.4997595 Vali Loss: 0.4660811 Test Loss: 0.1926331
EarlyStopping counter: 5 out of 20
Updating learning rate to 5.075287860564165e-08
	iters: 100, epoch: 76 | loss: 0.4731452
	speed: 0.2924s/iter; left time: 2047.2380s
	iters: 200, epoch: 76 | loss: 0.6116888
	speed: 0.1272s/iter; left time: 878.1163s
Epoch: 76 cost time: 36.14177584648132
Epoch: 76, Steps: 284 | Train Loss: 0.5005848 Vali Loss: 0.4662025 Test Loss: 0.1926269
EarlyStopping counter: 6 out of 20
Updating learning rate to 4.567759074507749e-08
	iters: 100, epoch: 77 | loss: 0.4733507
	speed: 0.2924s/iter; left time: 1963.9683s
	iters: 200, epoch: 77 | loss: 0.3592339
	speed: 0.1272s/iter; left time: 841.9422s
Epoch: 77 cost time: 36.14471364021301
Epoch: 77, Steps: 284 | Train Loss: 0.4997785 Vali Loss: 0.4672658 Test Loss: 0.1926211
EarlyStopping counter: 7 out of 20
Updating learning rate to 4.1109831670569744e-08
	iters: 100, epoch: 78 | loss: 0.5259565
	speed: 0.2925s/iter; left time: 1881.6263s
	iters: 200, epoch: 78 | loss: 0.6488917
	speed: 0.1272s/iter; left time: 805.8583s
Epoch: 78 cost time: 36.14500880241394
Epoch: 78, Steps: 284 | Train Loss: 0.5006985 Vali Loss: 0.4658233 Test Loss: 0.1926099
EarlyStopping counter: 8 out of 20
Updating learning rate to 3.6998848503512764e-08
	iters: 100, epoch: 79 | loss: 0.5413011
	speed: 0.2926s/iter; left time: 1798.9553s
	iters: 200, epoch: 79 | loss: 0.6584519
	speed: 0.1273s/iter; left time: 770.1274s
Epoch: 79 cost time: 36.1557719707489
Epoch: 79, Steps: 284 | Train Loss: 0.5005225 Vali Loss: 0.4676356 Test Loss: 0.1926138
EarlyStopping counter: 9 out of 20
Updating learning rate to 3.3298963653161496e-08
	iters: 100, epoch: 80 | loss: 0.8805382
	speed: 0.2923s/iter; left time: 1714.4756s
	iters: 200, epoch: 80 | loss: 0.3570242
	speed: 0.1273s/iter; left time: 733.9533s
Epoch: 80 cost time: 36.15164303779602
Epoch: 80, Steps: 284 | Train Loss: 0.4997304 Vali Loss: 0.4669611 Test Loss: 0.1926139
EarlyStopping counter: 10 out of 20
Updating learning rate to 2.996906728784534e-08
	iters: 100, epoch: 81 | loss: 0.6672615
	speed: 0.2925s/iter; left time: 1632.2340s
	iters: 200, epoch: 81 | loss: 0.3522618
	speed: 0.1273s/iter; left time: 697.7111s
Epoch: 81 cost time: 36.14381432533264
Epoch: 81, Steps: 284 | Train Loss: 0.5005356 Vali Loss: 0.4671337 Test Loss: 0.1926311
EarlyStopping counter: 11 out of 20
Updating learning rate to 2.697216055906081e-08
	iters: 100, epoch: 82 | loss: 0.7700764
	speed: 0.2924s/iter; left time: 1548.8512s
	iters: 200, epoch: 82 | loss: 0.3394266
	speed: 0.1273s/iter; left time: 661.6993s
Epoch: 82 cost time: 36.14648365974426
Epoch: 82, Steps: 284 | Train Loss: 0.5002821 Vali Loss: 0.4651362 Test Loss: 0.1926199
EarlyStopping counter: 12 out of 20
Updating learning rate to 2.427494450315473e-08
	iters: 100, epoch: 83 | loss: 0.6724076
	speed: 0.2924s/iter; left time: 1465.7987s
	iters: 200, epoch: 83 | loss: 0.4555505
	speed: 0.1273s/iter; left time: 625.4122s
Epoch: 83 cost time: 36.141382455825806
Epoch: 83, Steps: 284 | Train Loss: 0.5007928 Vali Loss: 0.4661013 Test Loss: 0.1926242
EarlyStopping counter: 13 out of 20
Updating learning rate to 2.1847450052839257e-08
	iters: 100, epoch: 84 | loss: 0.4956169
	speed: 0.2923s/iter; left time: 1382.2952s
	iters: 200, epoch: 84 | loss: 0.4301116
	speed: 0.1273s/iter; left time: 589.2932s
Epoch: 84 cost time: 36.14099740982056
Epoch: 84, Steps: 284 | Train Loss: 0.5006709 Vali Loss: 0.4637395 Test Loss: 0.1926135
Validation loss decreased (0.463868 --> 0.463739).  Saving model ...
Updating learning rate to 1.9662705047555332e-08
	iters: 100, epoch: 85 | loss: 0.3955893
	speed: 0.2929s/iter; left time: 1302.1184s
	iters: 200, epoch: 85 | loss: 0.3659775
	speed: 0.1273s/iter; left time: 553.1333s
Epoch: 85 cost time: 36.147644996643066
Epoch: 85, Steps: 284 | Train Loss: 0.5008257 Vali Loss: 0.4682736 Test Loss: 0.1926151
EarlyStopping counter: 1 out of 20
Updating learning rate to 1.7696434542799797e-08
	iters: 100, epoch: 86 | loss: 0.4241570
	speed: 0.2924s/iter; left time: 1216.7685s
	iters: 200, epoch: 86 | loss: 1.0740628
	speed: 0.1273s/iter; left time: 516.8800s
Epoch: 86 cost time: 36.13874530792236
Epoch: 86, Steps: 284 | Train Loss: 0.5004675 Vali Loss: 0.4658730 Test Loss: 0.1926146
EarlyStopping counter: 2 out of 20
Updating learning rate to 1.5926791088519817e-08
	iters: 100, epoch: 87 | loss: 0.3665189
	speed: 0.2924s/iter; left time: 1133.5962s
	iters: 200, epoch: 87 | loss: 0.4532835
	speed: 0.1272s/iter; left time: 480.6141s
Epoch: 87 cost time: 36.13778328895569
Epoch: 87, Steps: 284 | Train Loss: 0.5006469 Vali Loss: 0.4673432 Test Loss: 0.1926093
EarlyStopping counter: 3 out of 20
Updating learning rate to 1.4334111979667836e-08
	iters: 100, epoch: 88 | loss: 0.4787957
	speed: 0.2922s/iter; left time: 1049.9825s
	iters: 200, epoch: 88 | loss: 0.4991397
	speed: 0.1273s/iter; left time: 444.5092s
Epoch: 88 cost time: 36.14084815979004
Epoch: 88, Steps: 284 | Train Loss: 0.5004731 Vali Loss: 0.4668249 Test Loss: 0.1926165
EarlyStopping counter: 4 out of 20
Updating learning rate to 1.2900700781701054e-08
	iters: 100, epoch: 89 | loss: 0.4184921
	speed: 0.2924s/iter; left time: 967.4493s
	iters: 200, epoch: 89 | loss: 0.3931183
	speed: 0.1273s/iter; left time: 408.4610s
Epoch: 89 cost time: 36.14246082305908
Epoch: 89, Steps: 284 | Train Loss: 0.5002210 Vali Loss: 0.4669184 Test Loss: 0.1926071
EarlyStopping counter: 5 out of 20
Updating learning rate to 1.161063070353095e-08
	iters: 100, epoch: 90 | loss: 0.7027008
	speed: 0.2924s/iter; left time: 884.6563s
	iters: 200, epoch: 90 | loss: 0.4726470
	speed: 0.1273s/iter; left time: 372.3364s
Epoch: 90 cost time: 36.15212917327881
Epoch: 90, Steps: 284 | Train Loss: 0.5008579 Vali Loss: 0.4684830 Test Loss: 0.1926208
EarlyStopping counter: 6 out of 20
Updating learning rate to 1.0449567633177854e-08
	iters: 100, epoch: 91 | loss: 0.5531852
	speed: 0.2925s/iter; left time: 801.7795s
	iters: 200, epoch: 91 | loss: 0.3572068
	speed: 0.1273s/iter; left time: 336.2374s
Epoch: 91 cost time: 36.15664744377136
Epoch: 91, Steps: 284 | Train Loss: 0.4998297 Vali Loss: 0.4639529 Test Loss: 0.1926071
EarlyStopping counter: 7 out of 20
Updating learning rate to 9.404610869860069e-09
	iters: 100, epoch: 92 | loss: 0.6925726
	speed: 0.2924s/iter; left time: 718.3429s
	iters: 200, epoch: 92 | loss: 0.4401673
	speed: 0.1272s/iter; left time: 299.8663s
Epoch: 92 cost time: 36.137837409973145
Epoch: 92, Steps: 284 | Train Loss: 0.5002689 Vali Loss: 0.4672519 Test Loss: 0.1926109
EarlyStopping counter: 8 out of 20
Updating learning rate to 8.464149782874063e-09
	iters: 100, epoch: 93 | loss: 0.3830561
	speed: 0.2924s/iter; left time: 635.3912s
	iters: 200, epoch: 93 | loss: 0.4372094
	speed: 0.1272s/iter; left time: 263.6856s
Epoch: 93 cost time: 36.133657455444336
Epoch: 93, Steps: 284 | Train Loss: 0.5007608 Vali Loss: 0.4686922 Test Loss: 0.1926242
EarlyStopping counter: 9 out of 20
Updating learning rate to 7.617734804586658e-09
	iters: 100, epoch: 94 | loss: 0.4312260
	speed: 0.2924s/iter; left time: 552.3382s
	iters: 200, epoch: 94 | loss: 0.6670372
	speed: 0.1272s/iter; left time: 227.5782s
Epoch: 94 cost time: 36.13949632644653
Epoch: 94, Steps: 284 | Train Loss: 0.4999807 Vali Loss: 0.4667295 Test Loss: 0.1926200
EarlyStopping counter: 10 out of 20
Updating learning rate to 6.855961324127991e-09
	iters: 100, epoch: 95 | loss: 0.6314043
	speed: 0.2924s/iter; left time: 469.2707s
	iters: 200, epoch: 95 | loss: 0.4864943
	speed: 0.1272s/iter; left time: 191.4661s
Epoch: 95 cost time: 36.13815903663635
Epoch: 95, Steps: 284 | Train Loss: 0.5005787 Vali Loss: 0.4681103 Test Loss: 0.1926135
EarlyStopping counter: 11 out of 20
Updating learning rate to 6.170365191715193e-09
	iters: 100, epoch: 96 | loss: 0.3790118
	speed: 0.2924s/iter; left time: 386.2544s
	iters: 200, epoch: 96 | loss: 0.4427624
	speed: 0.1272s/iter; left time: 155.3545s
Epoch: 96 cost time: 36.14264535903931
Epoch: 96, Steps: 284 | Train Loss: 0.5003509 Vali Loss: 0.4678045 Test Loss: 0.1926052
EarlyStopping counter: 12 out of 20
Updating learning rate to 5.5533286725436726e-09
	iters: 100, epoch: 97 | loss: 0.3679935
	speed: 0.2924s/iter; left time: 303.1917s
	iters: 200, epoch: 97 | loss: 0.5537825
	speed: 0.1272s/iter; left time: 119.2045s
Epoch: 97 cost time: 36.14208221435547
Epoch: 97, Steps: 284 | Train Loss: 0.5006056 Vali Loss: 0.4654249 Test Loss: 0.1926107
EarlyStopping counter: 13 out of 20
Updating learning rate to 4.997995805289306e-09
	iters: 100, epoch: 98 | loss: 0.4235226
	speed: 0.2925s/iter; left time: 220.2316s
	iters: 200, epoch: 98 | loss: 0.6290467
	speed: 0.1273s/iter; left time: 83.0992s
Epoch: 98 cost time: 36.14973068237305
Epoch: 98, Steps: 284 | Train Loss: 0.5008043 Vali Loss: 0.4682771 Test Loss: 0.1926203
EarlyStopping counter: 14 out of 20
Updating learning rate to 4.498196224760375e-09
	iters: 100, epoch: 99 | loss: 0.7057890
	speed: 0.2925s/iter; left time: 137.2051s
	iters: 200, epoch: 99 | loss: 0.4317932
	speed: 0.1272s/iter; left time: 46.9536s
Epoch: 99 cost time: 36.14526653289795
Epoch: 99, Steps: 284 | Train Loss: 0.5002309 Vali Loss: 0.4674993 Test Loss: 0.1926095
EarlyStopping counter: 15 out of 20
Updating learning rate to 4.048376602284338e-09
	iters: 100, epoch: 100 | loss: 0.5877833
	speed: 0.2926s/iter; left time: 54.1361s
	iters: 200, epoch: 100 | loss: 0.5071636
	speed: 0.1272s/iter; left time: 10.8159s
Epoch: 100 cost time: 36.13760542869568
Epoch: 100, Steps: 284 | Train Loss: 0.5007320 Vali Loss: 0.4674914 Test Loss: 0.1926093
EarlyStopping counter: 16 out of 20
Updating learning rate to 3.643538942055904e-09
>>>>>>>testing : NL_weather_cms3_lr0.0001_5steps_336_96_PatchTST_custom_ftM_sl336_ll48_pl96_dm128_nh16_el3_dl1_df256_fc1_ebtimeF_dtTruelr0.0001_pol5steps_Nested_Learning_0<<<<<<<<<<<<<<<<<<<<<<<<<<<<<<<<<
test 10444
 Ejecutando Inferencia DINÁMICA (Nested Learning con cms3)
  -> Política: 5steps | LR: 0.0001 | Target: head

RESUMEN: El CMS se actualizó 17 veces de 81 posibles.

mse:0.19259308278560638, mae:0.24658255279064178, rse:0.5781364440917969
Args in experiment:
Namespace(random_seed=2021, is_training=1, model_id='NL_weather_cms3_lr0.0001_5steps_336_192', model='PatchTST', data='custom', root_path='./dataset/', data_path='weather.csv', features='M', target='OT', freq='h', checkpoints='./checkpoints/', seq_len=336, label_len=48, pred_len=192, head_type='cms3', cms_lr=0.0001, update_policy='5steps', fc_dropout=0.2, head_dropout=0.0, patch_len=16, stride=8, padding_patch='end', revin=1, affine=0, subtract_last=0, decomposition=0, kernel_size=25, individual=0, embed_type=0, enc_in=21, dec_in=7, c_out=7, d_model=128, n_heads=16, e_layers=3, d_layers=1, d_ff=256, moving_avg=25, factor=1, distil=True, dropout=0.2, embed='timeF', activation='gelu', output_attention=False, do_predict=False, num_workers=0, itr=1, train_epochs=100, batch_size=128, patience=20, learning_rate=0.0001, des='Nested_Learning', loss='mse', lradj='type3', pct_start=0.3, use_amp=False, use_gpu=True, gpu=0, use_multi_gpu=False, devices='0,1,2,3', test_flop=False)
Use GPU: cuda:0
>>>>>>>start training : NL_weather_cms3_lr0.0001_5steps_336_192_PatchTST_custom_ftM_sl336_ll48_pl192_dm128_nh16_el3_dl1_df256_fc1_ebtimeF_dtTruelr0.0001_pol5steps_Nested_Learning_0>>>>>>>>>>>>>>>>>>>>>>>>>>
train 36360
val 5079
test 10348
	iters: 100, epoch: 1 | loss: 0.5930165
	speed: 0.1483s/iter; left time: 4196.1091s
	iters: 200, epoch: 1 | loss: 0.6505421
	speed: 0.1277s/iter; left time: 3601.1430s
Epoch: 1 cost time: 36.52624988555908
Epoch: 1, Steps: 284 | Train Loss: 0.7078723 Vali Loss: 0.6792483 Test Loss: 0.2858599
Validation loss decreased (inf --> 0.679248).  Saving model ...
Updating learning rate to 0.0001
	iters: 100, epoch: 2 | loss: 0.6114016
	speed: 0.2956s/iter; left time: 8280.6620s
	iters: 200, epoch: 2 | loss: 0.8125961
	speed: 0.1281s/iter; left time: 3577.2165s
Epoch: 2 cost time: 36.36132216453552
Epoch: 2, Steps: 284 | Train Loss: 0.7035355 Vali Loss: 0.6721316 Test Loss: 0.2834572
Validation loss decreased (0.679248 --> 0.672132).  Saving model ...
Updating learning rate to 0.0001
	iters: 100, epoch: 3 | loss: 0.7552540
	speed: 0.2956s/iter; left time: 8199.1266s
	iters: 200, epoch: 3 | loss: 0.8141772
	speed: 0.1282s/iter; left time: 3542.4303s
Epoch: 3 cost time: 36.40388321876526
Epoch: 3, Steps: 284 | Train Loss: 0.6956460 Vali Loss: 0.6655998 Test Loss: 0.2810728
Validation loss decreased (0.672132 --> 0.665600).  Saving model ...
Updating learning rate to 0.0001
	iters: 100, epoch: 4 | loss: 0.8878207
	speed: 0.2956s/iter; left time: 8114.0356s
	iters: 200, epoch: 4 | loss: 0.5953708
	speed: 0.1282s/iter; left time: 3506.5373s
Epoch: 4 cost time: 36.40414547920227
Epoch: 4, Steps: 284 | Train Loss: 0.6870450 Vali Loss: 0.6577249 Test Loss: 0.2783739
Validation loss decreased (0.665600 --> 0.657725).  Saving model ...
Updating learning rate to 9e-05
	iters: 100, epoch: 5 | loss: 0.8809457
	speed: 0.2955s/iter; left time: 8027.8478s
	iters: 200, epoch: 5 | loss: 0.8651015
	speed: 0.1282s/iter; left time: 3469.4449s
Epoch: 5 cost time: 36.398786306381226
Epoch: 5, Steps: 284 | Train Loss: 0.6774100 Vali Loss: 0.6480879 Test Loss: 0.2756805
Validation loss decreased (0.657725 --> 0.648088).  Saving model ...
Updating learning rate to 8.1e-05
	iters: 100, epoch: 6 | loss: 0.5832441
	speed: 0.2965s/iter; left time: 7970.1650s
	iters: 200, epoch: 6 | loss: 0.5982583
	speed: 0.1283s/iter; left time: 3435.5598s
Epoch: 6 cost time: 36.41691327095032
Epoch: 6, Steps: 284 | Train Loss: 0.6689835 Vali Loss: 0.6416333 Test Loss: 0.2731291
Validation loss decreased (0.648088 --> 0.641633).  Saving model ...
Updating learning rate to 7.290000000000001e-05
	iters: 100, epoch: 7 | loss: 0.5240954
	speed: 0.2956s/iter; left time: 7861.1987s
	iters: 200, epoch: 7 | loss: 0.5571292
	speed: 0.1283s/iter; left time: 3399.1699s
Epoch: 7 cost time: 36.41933488845825
Epoch: 7, Steps: 284 | Train Loss: 0.6608342 Vali Loss: 0.6337558 Test Loss: 0.2707709
Validation loss decreased (0.641633 --> 0.633756).  Saving model ...
Updating learning rate to 6.561e-05
	iters: 100, epoch: 8 | loss: 0.6064947
	speed: 0.2957s/iter; left time: 7781.8985s
	iters: 200, epoch: 8 | loss: 0.5267797
	speed: 0.1283s/iter; left time: 3361.8516s
Epoch: 8 cost time: 36.415666580200195
Epoch: 8, Steps: 284 | Train Loss: 0.6536451 Vali Loss: 0.6261529 Test Loss: 0.2686079
Validation loss decreased (0.633756 --> 0.626153).  Saving model ...
Updating learning rate to 5.904900000000001e-05
	iters: 100, epoch: 9 | loss: 0.6207268
	speed: 0.2955s/iter; left time: 7692.4192s
	iters: 200, epoch: 9 | loss: 0.6136804
	speed: 0.1282s/iter; left time: 3325.0240s
Epoch: 9 cost time: 36.41465210914612
Epoch: 9, Steps: 284 | Train Loss: 0.6472154 Vali Loss: 0.6223468 Test Loss: 0.2666611
Validation loss decreased (0.626153 --> 0.622347).  Saving model ...
Updating learning rate to 5.3144100000000005e-05
	iters: 100, epoch: 10 | loss: 0.5235211
	speed: 0.2982s/iter; left time: 7677.0832s
	iters: 200, epoch: 10 | loss: 0.5483874
	speed: 0.1281s/iter; left time: 3286.3911s
Epoch: 10 cost time: 36.39744520187378
Epoch: 10, Steps: 284 | Train Loss: 0.6416072 Vali Loss: 0.6169222 Test Loss: 0.2648840
Validation loss decreased (0.622347 --> 0.616922).  Saving model ...
Updating learning rate to 4.782969000000001e-05
	iters: 100, epoch: 11 | loss: 0.7191145
	speed: 0.2968s/iter; left time: 7555.8956s
	iters: 200, epoch: 11 | loss: 0.5946565
	speed: 0.1282s/iter; left time: 3251.6594s
Epoch: 11 cost time: 36.401695251464844
Epoch: 11, Steps: 284 | Train Loss: 0.6362316 Vali Loss: 0.6149302 Test Loss: 0.2633021
Validation loss decreased (0.616922 --> 0.614930).  Saving model ...
Updating learning rate to 4.304672100000001e-05
	iters: 100, epoch: 12 | loss: 0.6935447
	speed: 0.2957s/iter; left time: 7445.5507s
	iters: 200, epoch: 12 | loss: 0.5621820
	speed: 0.1282s/iter; left time: 3214.3362s
Epoch: 12 cost time: 36.40229058265686
Epoch: 12, Steps: 284 | Train Loss: 0.6322616 Vali Loss: 0.6104777 Test Loss: 0.2618406
Validation loss decreased (0.614930 --> 0.610478).  Saving model ...
Updating learning rate to 3.874204890000001e-05
	iters: 100, epoch: 13 | loss: 0.7395495
	speed: 0.2963s/iter; left time: 7375.4432s
	iters: 200, epoch: 13 | loss: 0.5450454
	speed: 0.1282s/iter; left time: 3179.2337s
Epoch: 13 cost time: 36.412248373031616
Epoch: 13, Steps: 284 | Train Loss: 0.6284320 Vali Loss: 0.6072912 Test Loss: 0.2605695
Validation loss decreased (0.610478 --> 0.607291).  Saving model ...
Updating learning rate to 3.486784401000001e-05
	iters: 100, epoch: 14 | loss: 0.5403265
	speed: 0.2955s/iter; left time: 7272.0697s
	iters: 200, epoch: 14 | loss: 0.7112814
	speed: 0.1282s/iter; left time: 3141.5938s
Epoch: 14 cost time: 36.404136419296265
Epoch: 14, Steps: 284 | Train Loss: 0.6248485 Vali Loss: 0.6041945 Test Loss: 0.2594048
Validation loss decreased (0.607291 --> 0.604195).  Saving model ...
Updating learning rate to 3.138105960900001e-05
	iters: 100, epoch: 15 | loss: 0.6262161
	speed: 0.2972s/iter; left time: 7229.5625s
	iters: 200, epoch: 15 | loss: 0.5341000
	speed: 0.1282s/iter; left time: 3105.5290s
Epoch: 15 cost time: 36.41152024269104
Epoch: 15, Steps: 284 | Train Loss: 0.6217610 Vali Loss: 0.6020708 Test Loss: 0.2583584
Validation loss decreased (0.604195 --> 0.602071).  Saving model ...
Updating learning rate to 2.824295364810001e-05
	iters: 100, epoch: 16 | loss: 0.5777933
	speed: 0.2958s/iter; left time: 7110.6131s
	iters: 200, epoch: 16 | loss: 0.5051966
	speed: 0.1282s/iter; left time: 3069.1096s
Epoch: 16 cost time: 36.41406989097595
Epoch: 16, Steps: 284 | Train Loss: 0.6189085 Vali Loss: 0.5968076 Test Loss: 0.2574078
Validation loss decreased (0.602071 --> 0.596808).  Saving model ...
Updating learning rate to 2.541865828329001e-05
	iters: 100, epoch: 17 | loss: 0.7193677
	speed: 0.2958s/iter; left time: 7027.8838s
	iters: 200, epoch: 17 | loss: 0.5930950
	speed: 0.1282s/iter; left time: 3033.1388s
Epoch: 17 cost time: 36.41737508773804
Epoch: 17, Steps: 284 | Train Loss: 0.6163959 Vali Loss: 0.5971587 Test Loss: 0.2565600
EarlyStopping counter: 1 out of 20
Updating learning rate to 2.287679245496101e-05
	iters: 100, epoch: 18 | loss: 0.7101332
	speed: 0.2951s/iter; left time: 6926.4012s
	iters: 200, epoch: 18 | loss: 0.5076790
	speed: 0.1282s/iter; left time: 2995.6940s
Epoch: 18 cost time: 36.41175651550293
Epoch: 18, Steps: 284 | Train Loss: 0.6140746 Vali Loss: 0.5943857 Test Loss: 0.2558061
Validation loss decreased (0.596808 --> 0.594386).  Saving model ...
Updating learning rate to 2.0589113209464907e-05
	iters: 100, epoch: 19 | loss: 0.5379339
	speed: 0.2958s/iter; left time: 6858.3854s
	iters: 200, epoch: 19 | loss: 0.4809788
	speed: 0.1282s/iter; left time: 2959.5902s
Epoch: 19 cost time: 36.4124219417572
Epoch: 19, Steps: 284 | Train Loss: 0.6118249 Vali Loss: 0.5910081 Test Loss: 0.2551195
Validation loss decreased (0.594386 --> 0.591008).  Saving model ...
Updating learning rate to 1.8530201888518416e-05
	iters: 100, epoch: 20 | loss: 0.6723521
	speed: 0.2957s/iter; left time: 6773.4330s
	iters: 200, epoch: 20 | loss: 0.6731451
	speed: 0.1282s/iter; left time: 2923.2095s
Epoch: 20 cost time: 36.41219639778137
Epoch: 20, Steps: 284 | Train Loss: 0.6102480 Vali Loss: 0.5892500 Test Loss: 0.2544983
Validation loss decreased (0.591008 --> 0.589250).  Saving model ...
Updating learning rate to 1.6677181699666577e-05
	iters: 100, epoch: 21 | loss: 0.6234258
	speed: 0.2957s/iter; left time: 6689.2632s
	iters: 200, epoch: 21 | loss: 0.5443870
	speed: 0.1282s/iter; left time: 2887.2760s
Epoch: 21 cost time: 36.4169180393219
Epoch: 21, Steps: 284 | Train Loss: 0.6086805 Vali Loss: 0.5903514 Test Loss: 0.2539432
EarlyStopping counter: 1 out of 20
Updating learning rate to 1.5009463529699919e-05
	iters: 100, epoch: 22 | loss: 0.5047428
	speed: 0.2952s/iter; left time: 6593.6677s
	iters: 200, epoch: 22 | loss: 0.5979965
	speed: 0.1282s/iter; left time: 2851.6484s
Epoch: 22 cost time: 36.4304940700531
Epoch: 22, Steps: 284 | Train Loss: 0.6071525 Vali Loss: 0.5879110 Test Loss: 0.2534581
Validation loss decreased (0.589250 --> 0.587911).  Saving model ...
Updating learning rate to 1.3508517176729929e-05
	iters: 100, epoch: 23 | loss: 0.5271143
	speed: 0.2958s/iter; left time: 6523.5867s
	iters: 200, epoch: 23 | loss: 0.5226967
	speed: 0.1283s/iter; left time: 2815.6260s
Epoch: 23 cost time: 36.43471622467041
Epoch: 23, Steps: 284 | Train Loss: 0.6058700 Vali Loss: 0.5858908 Test Loss: 0.2530141
Validation loss decreased (0.587911 --> 0.585891).  Saving model ...
Updating learning rate to 1.2157665459056936e-05
	iters: 100, epoch: 24 | loss: 0.8874930
	speed: 0.2960s/iter; left time: 6443.7209s
	iters: 200, epoch: 24 | loss: 0.5508289
	speed: 0.1283s/iter; left time: 2779.3803s
Epoch: 24 cost time: 36.4410355091095
Epoch: 24, Steps: 284 | Train Loss: 0.6047196 Vali Loss: 0.5839398 Test Loss: 0.2526177
Validation loss decreased (0.585891 --> 0.583940).  Saving model ...
Updating learning rate to 1.0941898913151242e-05
	iters: 100, epoch: 25 | loss: 0.6383648
	speed: 0.2960s/iter; left time: 6359.0484s
	iters: 200, epoch: 25 | loss: 0.5388193
	speed: 0.1283s/iter; left time: 2744.4916s
Epoch: 25 cost time: 36.4504714012146
Epoch: 25, Steps: 284 | Train Loss: 0.6037150 Vali Loss: 0.5844033 Test Loss: 0.2522523
EarlyStopping counter: 1 out of 20
Updating learning rate to 9.847709021836118e-06
	iters: 100, epoch: 26 | loss: 0.5373121
	speed: 0.2954s/iter; left time: 6262.9113s
	iters: 200, epoch: 26 | loss: 0.8386320
	speed: 0.1284s/iter; left time: 2708.3243s
Epoch: 26 cost time: 36.4564106464386
Epoch: 26, Steps: 284 | Train Loss: 0.6027104 Vali Loss: 0.5827519 Test Loss: 0.2519284
Validation loss decreased (0.583940 --> 0.582752).  Saving model ...
Updating learning rate to 8.862938119652508e-06
	iters: 100, epoch: 27 | loss: 0.5204607
	speed: 0.2969s/iter; left time: 6210.9055s
	iters: 200, epoch: 27 | loss: 0.4866178
	speed: 0.1283s/iter; left time: 2671.4137s
Epoch: 27 cost time: 36.44483685493469
Epoch: 27, Steps: 284 | Train Loss: 0.6017787 Vali Loss: 0.5818805 Test Loss: 0.2516255
Validation loss decreased (0.582752 --> 0.581880).  Saving model ...
Updating learning rate to 7.976644307687255e-06
	iters: 100, epoch: 28 | loss: 0.4620955
	speed: 0.2977s/iter; left time: 6143.4164s
	iters: 200, epoch: 28 | loss: 0.6406076
	speed: 0.1283s/iter; left time: 2635.0303s
Epoch: 28 cost time: 36.458258628845215
Epoch: 28, Steps: 284 | Train Loss: 0.6010548 Vali Loss: 0.5829148 Test Loss: 0.2513614
EarlyStopping counter: 1 out of 20
Updating learning rate to 7.178979876918531e-06
	iters: 100, epoch: 29 | loss: 0.8547683
	speed: 0.2958s/iter; left time: 6020.1311s
	iters: 200, epoch: 29 | loss: 0.4625751
	speed: 0.1283s/iter; left time: 2598.6166s
Epoch: 29 cost time: 36.452330589294434
Epoch: 29, Steps: 284 | Train Loss: 0.6003756 Vali Loss: 0.5807694 Test Loss: 0.2511235
Validation loss decreased (0.581880 --> 0.580769).  Saving model ...
Updating learning rate to 6.4610818892266776e-06
	iters: 100, epoch: 30 | loss: 0.4901029
	speed: 0.2961s/iter; left time: 5941.3644s
	iters: 200, epoch: 30 | loss: 0.5291284
	speed: 0.1283s/iter; left time: 2562.2826s
Epoch: 30 cost time: 36.448134422302246
Epoch: 30, Steps: 284 | Train Loss: 0.5997246 Vali Loss: 0.5807506 Test Loss: 0.2509060
Validation loss decreased (0.580769 --> 0.580751).  Saving model ...
Updating learning rate to 5.8149737003040096e-06
	iters: 100, epoch: 31 | loss: 0.5418395
	speed: 0.2963s/iter; left time: 5862.0140s
	iters: 200, epoch: 31 | loss: 0.5352719
	speed: 0.1283s/iter; left time: 2526.0193s
Epoch: 31 cost time: 36.4564106464386
Epoch: 31, Steps: 284 | Train Loss: 0.5992380 Vali Loss: 0.5801460 Test Loss: 0.2507179
Validation loss decreased (0.580751 --> 0.580146).  Saving model ...
Updating learning rate to 5.23347633027361e-06
	iters: 100, epoch: 32 | loss: 0.5429692
	speed: 0.2964s/iter; left time: 5779.5948s
	iters: 200, epoch: 32 | loss: 0.6767099
	speed: 0.1284s/iter; left time: 2490.0274s
Epoch: 32 cost time: 36.458656787872314
Epoch: 32, Steps: 284 | Train Loss: 0.5987193 Vali Loss: 0.5807013 Test Loss: 0.2505456
EarlyStopping counter: 1 out of 20
Updating learning rate to 4.710128697246249e-06
	iters: 100, epoch: 33 | loss: 0.4681477
	speed: 0.2955s/iter; left time: 5676.8828s
	iters: 200, epoch: 33 | loss: 0.6709831
	speed: 0.1284s/iter; left time: 2453.3360s
Epoch: 33 cost time: 36.45741105079651
Epoch: 33, Steps: 284 | Train Loss: 0.5982363 Vali Loss: 0.5793333 Test Loss: 0.2503883
Validation loss decreased (0.580146 --> 0.579333).  Saving model ...
Updating learning rate to 4.239115827521624e-06
	iters: 100, epoch: 34 | loss: 0.7304825
	speed: 0.2963s/iter; left time: 5609.0649s
	iters: 200, epoch: 34 | loss: 0.4825670
	speed: 0.1283s/iter; left time: 2416.5568s
Epoch: 34 cost time: 36.462196350097656
Epoch: 34, Steps: 284 | Train Loss: 0.5977721 Vali Loss: 0.5798097 Test Loss: 0.2502438
EarlyStopping counter: 1 out of 20
Updating learning rate to 3.815204244769462e-06
	iters: 100, epoch: 35 | loss: 0.5265275
	speed: 0.2957s/iter; left time: 5513.5147s
	iters: 200, epoch: 35 | loss: 0.5229961
	speed: 0.1284s/iter; left time: 2381.4013s
Epoch: 35 cost time: 36.47184658050537
Epoch: 35, Steps: 284 | Train Loss: 0.5969782 Vali Loss: 0.5786248 Test Loss: 0.2501212
Validation loss decreased (0.579333 --> 0.578625).  Saving model ...
Updating learning rate to 3.4336838202925152e-06
	iters: 100, epoch: 36 | loss: 0.7279276
	speed: 0.2961s/iter; left time: 5436.8533s
	iters: 200, epoch: 36 | loss: 0.6448969
	speed: 0.1284s/iter; left time: 2344.7362s
Epoch: 36 cost time: 36.474668979644775
Epoch: 36, Steps: 284 | Train Loss: 0.5970872 Vali Loss: 0.5762691 Test Loss: 0.2500071
Validation loss decreased (0.578625 --> 0.576269).  Saving model ...
Updating learning rate to 3.090315438263264e-06
	iters: 100, epoch: 37 | loss: 0.4407505
	speed: 0.2970s/iter; left time: 5368.5300s
	iters: 200, epoch: 37 | loss: 0.5118823
	speed: 0.1284s/iter; left time: 2308.2775s
Epoch: 37 cost time: 36.47823429107666
Epoch: 37, Steps: 284 | Train Loss: 0.5967609 Vali Loss: 0.5785818 Test Loss: 0.2499059
EarlyStopping counter: 1 out of 20
Updating learning rate to 2.7812838944369375e-06
	iters: 100, epoch: 38 | loss: 0.5654672
	speed: 0.2957s/iter; left time: 5261.9390s
	iters: 200, epoch: 38 | loss: 0.6539969
	speed: 0.1284s/iter; left time: 2271.2158s
Epoch: 38 cost time: 36.4690797328949
Epoch: 38, Steps: 284 | Train Loss: 0.5964282 Vali Loss: 0.5752958 Test Loss: 0.2498115
Validation loss decreased (0.576269 --> 0.575296).  Saving model ...
Updating learning rate to 2.503155504993244e-06
	iters: 100, epoch: 39 | loss: 0.5059139
	speed: 0.2963s/iter; left time: 5187.4524s
	iters: 200, epoch: 39 | loss: 0.6936529
	speed: 0.1284s/iter; left time: 2235.4521s
Epoch: 39 cost time: 36.477357625961304
Epoch: 39, Steps: 284 | Train Loss: 0.5963114 Vali Loss: 0.5748389 Test Loss: 0.2497303
Validation loss decreased (0.575296 --> 0.574839).  Saving model ...
Updating learning rate to 2.2528399544939195e-06
	iters: 100, epoch: 40 | loss: 0.5873091
	speed: 0.2968s/iter; left time: 5112.6433s
	iters: 200, epoch: 40 | loss: 0.4911507
	speed: 0.1285s/iter; left time: 2199.8285s
Epoch: 40 cost time: 36.48110628128052
Epoch: 40, Steps: 284 | Train Loss: 0.5961091 Vali Loss: 0.5786493 Test Loss: 0.2496548
EarlyStopping counter: 1 out of 20
Updating learning rate to 2.0275559590445276e-06
	iters: 100, epoch: 41 | loss: 0.5344298
	speed: 0.2956s/iter; left time: 5008.1035s
	iters: 200, epoch: 41 | loss: 0.5993175
	speed: 0.1284s/iter; left time: 2162.9313s
Epoch: 41 cost time: 36.4932177066803
Epoch: 41, Steps: 284 | Train Loss: 0.5958627 Vali Loss: 0.5761195 Test Loss: 0.2495902
EarlyStopping counter: 2 out of 20
Updating learning rate to 1.8248003631400751e-06
	iters: 100, epoch: 42 | loss: 0.6558565
	speed: 0.2959s/iter; left time: 4928.5602s
	iters: 200, epoch: 42 | loss: 0.6271694
	speed: 0.1285s/iter; left time: 2126.7921s
Epoch: 42 cost time: 36.495747804641724
Epoch: 42, Steps: 284 | Train Loss: 0.5957349 Vali Loss: 0.5783465 Test Loss: 0.2495285
EarlyStopping counter: 3 out of 20
Updating learning rate to 1.6423203268260676e-06
	iters: 100, epoch: 43 | loss: 0.6479180
	speed: 0.2957s/iter; left time: 4841.9775s
	iters: 200, epoch: 43 | loss: 0.5301144
	speed: 0.1285s/iter; left time: 2090.6220s
Epoch: 43 cost time: 36.48567271232605
Epoch: 43, Steps: 284 | Train Loss: 0.5955169 Vali Loss: 0.5760469 Test Loss: 0.2494749
EarlyStopping counter: 4 out of 20
Updating learning rate to 1.4780882941434609e-06
	iters: 100, epoch: 44 | loss: 0.5366700
	speed: 0.2957s/iter; left time: 4757.9208s
	iters: 200, epoch: 44 | loss: 0.5296106
	speed: 0.1285s/iter; left time: 2054.5266s
Epoch: 44 cost time: 36.492104291915894
Epoch: 44, Steps: 284 | Train Loss: 0.5953004 Vali Loss: 0.5764834 Test Loss: 0.2494281
EarlyStopping counter: 5 out of 20
Updating learning rate to 1.3302794647291146e-06
	iters: 100, epoch: 45 | loss: 0.6312145
	speed: 0.2957s/iter; left time: 4673.4370s
	iters: 200, epoch: 45 | loss: 0.6497324
	speed: 0.1285s/iter; left time: 2017.6741s
Epoch: 45 cost time: 36.487632751464844
Epoch: 45, Steps: 284 | Train Loss: 0.5952910 Vali Loss: 0.5769867 Test Loss: 0.2493841
EarlyStopping counter: 6 out of 20
Updating learning rate to 1.1972515182562034e-06
	iters: 100, epoch: 46 | loss: 0.4904831
	speed: 0.2957s/iter; left time: 4590.2604s
	iters: 200, epoch: 46 | loss: 0.5864547
	speed: 0.1285s/iter; left time: 1982.2341s
Epoch: 46 cost time: 36.49306344985962
Epoch: 46, Steps: 284 | Train Loss: 0.5951919 Vali Loss: 0.5763560 Test Loss: 0.2493400
EarlyStopping counter: 7 out of 20
Updating learning rate to 1.077526366430583e-06
	iters: 100, epoch: 47 | loss: 0.7893643
	speed: 0.2958s/iter; left time: 4506.6445s
	iters: 200, epoch: 47 | loss: 0.5495045
	speed: 0.1285s/iter; left time: 1945.5264s
Epoch: 47 cost time: 36.493812561035156
Epoch: 47, Steps: 284 | Train Loss: 0.5946966 Vali Loss: 0.5759874 Test Loss: 0.2493083
EarlyStopping counter: 8 out of 20
Updating learning rate to 9.697737297875248e-07
	iters: 100, epoch: 48 | loss: 0.4696305
	speed: 0.2958s/iter; left time: 4422.3568s
	iters: 200, epoch: 48 | loss: 0.7983624
	speed: 0.1285s/iter; left time: 1908.2976s
Epoch: 48 cost time: 36.48415493965149
Epoch: 48, Steps: 284 | Train Loss: 0.5950188 Vali Loss: 0.5769181 Test Loss: 0.2492762
EarlyStopping counter: 9 out of 20
Updating learning rate to 8.727963568087723e-07
	iters: 100, epoch: 49 | loss: 0.5732428
	speed: 0.2956s/iter; left time: 4335.7577s
	iters: 200, epoch: 49 | loss: 0.5366555
	speed: 0.1284s/iter; left time: 1871.1047s
Epoch: 49 cost time: 36.466015100479126
Epoch: 49, Steps: 284 | Train Loss: 0.5948753 Vali Loss: 0.5758191 Test Loss: 0.2492449
EarlyStopping counter: 10 out of 20
Updating learning rate to 7.855167211278951e-07
	iters: 100, epoch: 50 | loss: 0.6453044
	speed: 0.2954s/iter; left time: 4249.7167s
	iters: 200, epoch: 50 | loss: 0.5152158
	speed: 0.1284s/iter; left time: 1834.5263s
Epoch: 50 cost time: 36.455960750579834
Epoch: 50, Steps: 284 | Train Loss: 0.5947821 Vali Loss: 0.5764392 Test Loss: 0.2492200
EarlyStopping counter: 11 out of 20
Updating learning rate to 7.069650490151056e-07
	iters: 100, epoch: 51 | loss: 0.5996606
	speed: 0.2955s/iter; left time: 4166.5155s
	iters: 200, epoch: 51 | loss: 0.6699533
	speed: 0.1284s/iter; left time: 1797.5168s
Epoch: 51 cost time: 36.45239520072937
Epoch: 51, Steps: 284 | Train Loss: 0.5946917 Vali Loss: 0.5754620 Test Loss: 0.2491949
EarlyStopping counter: 12 out of 20
Updating learning rate to 6.36268544113595e-07
	iters: 100, epoch: 52 | loss: 0.6675368
	speed: 0.2954s/iter; left time: 4081.5604s
	iters: 200, epoch: 52 | loss: 0.6228302
	speed: 0.1284s/iter; left time: 1761.0054s
Epoch: 52 cost time: 36.45512628555298
Epoch: 52, Steps: 284 | Train Loss: 0.5946221 Vali Loss: 0.5754251 Test Loss: 0.2491746
EarlyStopping counter: 13 out of 20
Updating learning rate to 5.726416897022355e-07
	iters: 100, epoch: 53 | loss: 0.5784365
	speed: 0.2954s/iter; left time: 3997.8157s
	iters: 200, epoch: 53 | loss: 0.4920655
	speed: 0.1283s/iter; left time: 1724.1185s
Epoch: 53 cost time: 36.44591450691223
Epoch: 53, Steps: 284 | Train Loss: 0.5946418 Vali Loss: 0.5761122 Test Loss: 0.2491577
EarlyStopping counter: 14 out of 20
Updating learning rate to 5.15377520732012e-07
	iters: 100, epoch: 54 | loss: 0.5472015
	speed: 0.2954s/iter; left time: 3913.4717s
	iters: 200, epoch: 54 | loss: 0.5724391
	speed: 0.1283s/iter; left time: 1687.6258s
Epoch: 54 cost time: 36.44300293922424
Epoch: 54, Steps: 284 | Train Loss: 0.5945670 Vali Loss: 0.5766734 Test Loss: 0.2491392
EarlyStopping counter: 15 out of 20
Updating learning rate to 4.6383976865881085e-07
	iters: 100, epoch: 55 | loss: 0.6324114
	speed: 0.2954s/iter; left time: 3829.7852s
	iters: 200, epoch: 55 | loss: 0.5282426
	speed: 0.1283s/iter; left time: 1651.0544s
Epoch: 55 cost time: 36.44179081916809
Epoch: 55, Steps: 284 | Train Loss: 0.5944851 Vali Loss: 0.5760747 Test Loss: 0.2491273
EarlyStopping counter: 16 out of 20
Updating learning rate to 4.174557917929298e-07
	iters: 100, epoch: 56 | loss: 0.6150896
	speed: 0.2954s/iter; left time: 3746.3934s
	iters: 200, epoch: 56 | loss: 0.5359175
	speed: 0.1283s/iter; left time: 1614.4095s
Epoch: 56 cost time: 36.43565487861633
Epoch: 56, Steps: 284 | Train Loss: 0.5944840 Vali Loss: 0.5755490 Test Loss: 0.2491118
EarlyStopping counter: 17 out of 20
Updating learning rate to 3.7571021261363677e-07
	iters: 100, epoch: 57 | loss: 0.7383009
	speed: 0.2953s/iter; left time: 3661.3163s
	iters: 200, epoch: 57 | loss: 0.4815417
	speed: 0.1283s/iter; left time: 1577.2909s
Epoch: 57 cost time: 36.42846345901489
Epoch: 57, Steps: 284 | Train Loss: 0.5944727 Vali Loss: 0.5747195 Test Loss: 0.2491010
Validation loss decreased (0.574839 --> 0.574719).  Saving model ...
Updating learning rate to 3.381391913522731e-07
	iters: 100, epoch: 58 | loss: 0.6323999
	speed: 0.2958s/iter; left time: 3583.2911s
	iters: 200, epoch: 58 | loss: 0.7514544
	speed: 0.1283s/iter; left time: 1540.9517s
Epoch: 58 cost time: 36.437270402908325
Epoch: 58, Steps: 284 | Train Loss: 0.5943965 Vali Loss: 0.5772982 Test Loss: 0.2490851
EarlyStopping counter: 1 out of 20
Updating learning rate to 3.043252722170458e-07
	iters: 100, epoch: 59 | loss: 0.5579516
	speed: 0.2952s/iter; left time: 3492.0854s
	iters: 200, epoch: 59 | loss: 0.6335770
	speed: 0.1283s/iter; left time: 1504.3698s
Epoch: 59 cost time: 36.44216871261597
Epoch: 59, Steps: 284 | Train Loss: 0.5944004 Vali Loss: 0.5765631 Test Loss: 0.2490765
EarlyStopping counter: 2 out of 20
Updating learning rate to 2.7389274499534124e-07
	iters: 100, epoch: 60 | loss: 0.5016276
	speed: 0.2953s/iter; left time: 3409.5843s
	iters: 200, epoch: 60 | loss: 0.4858189
	speed: 0.1283s/iter; left time: 1468.0191s
Epoch: 60 cost time: 36.43600106239319
Epoch: 60, Steps: 284 | Train Loss: 0.5942305 Vali Loss: 0.5736265 Test Loss: 0.2490685
Validation loss decreased (0.574719 --> 0.573627).  Saving model ...
Updating learning rate to 2.465034704958071e-07
	iters: 100, epoch: 61 | loss: 0.7035920
	speed: 0.2965s/iter; left time: 3339.0911s
	iters: 200, epoch: 61 | loss: 0.7508586
	speed: 0.1284s/iter; left time: 1432.7455s
Epoch: 61 cost time: 36.46247100830078
Epoch: 61, Steps: 284 | Train Loss: 0.5939145 Vali Loss: 0.5755915 Test Loss: 0.2490630
EarlyStopping counter: 1 out of 20
Updating learning rate to 2.218531234462264e-07
	iters: 100, epoch: 62 | loss: 0.6729760
	speed: 0.2953s/iter; left time: 3241.8780s
	iters: 200, epoch: 62 | loss: 0.4893604
	speed: 0.1283s/iter; left time: 1395.0372s
Epoch: 62 cost time: 36.43798303604126
Epoch: 62, Steps: 284 | Train Loss: 0.5943108 Vali Loss: 0.5743670 Test Loss: 0.2490553
EarlyStopping counter: 2 out of 20
Updating learning rate to 1.9966781110160376e-07
	iters: 100, epoch: 63 | loss: 0.6512596
	speed: 0.2953s/iter; left time: 3157.9338s
	iters: 200, epoch: 63 | loss: 0.5762182
	speed: 0.1283s/iter; left time: 1358.9015s
Epoch: 63 cost time: 36.43594813346863
Epoch: 63, Steps: 284 | Train Loss: 0.5943568 Vali Loss: 0.5758361 Test Loss: 0.2490482
EarlyStopping counter: 3 out of 20
Updating learning rate to 1.797010299914434e-07
	iters: 100, epoch: 64 | loss: 0.4892962
	speed: 0.2954s/iter; left time: 3075.2378s
	iters: 200, epoch: 64 | loss: 0.4816046
	speed: 0.1282s/iter; left time: 1322.0931s
Epoch: 64 cost time: 36.4296772480011
Epoch: 64, Steps: 284 | Train Loss: 0.5942590 Vali Loss: 0.5749248 Test Loss: 0.2490395
EarlyStopping counter: 4 out of 20
Updating learning rate to 1.6173092699229907e-07
	iters: 100, epoch: 65 | loss: 0.6032323
	speed: 0.2954s/iter; left time: 2990.6001s
	iters: 200, epoch: 65 | loss: 0.5498862
	speed: 0.1283s/iter; left time: 1285.7839s
Epoch: 65 cost time: 36.43671917915344
Epoch: 65, Steps: 284 | Train Loss: 0.5943352 Vali Loss: 0.5767728 Test Loss: 0.2490342
EarlyStopping counter: 5 out of 20
Updating learning rate to 1.4555783429306916e-07
	iters: 100, epoch: 66 | loss: 0.7680064
	speed: 0.2954s/iter; left time: 2907.2877s
	iters: 200, epoch: 66 | loss: 0.6510554
	speed: 0.1282s/iter; left time: 1249.0871s
Epoch: 66 cost time: 36.43265748023987
Epoch: 66, Steps: 284 | Train Loss: 0.5941903 Vali Loss: 0.5777887 Test Loss: 0.2490322
EarlyStopping counter: 6 out of 20
Updating learning rate to 1.3100205086376224e-07
	iters: 100, epoch: 67 | loss: 0.9933370
	speed: 0.2953s/iter; left time: 2822.3489s
	iters: 200, epoch: 67 | loss: 0.5555357
	speed: 0.1283s/iter; left time: 1213.4459s
Epoch: 67 cost time: 36.440783977508545
Epoch: 67, Steps: 284 | Train Loss: 0.5942259 Vali Loss: 0.5760549 Test Loss: 0.2490274
EarlyStopping counter: 7 out of 20
Updating learning rate to 1.1790184577738603e-07
	iters: 100, epoch: 68 | loss: 0.4899423
	speed: 0.2955s/iter; left time: 2739.9066s
	iters: 200, epoch: 68 | loss: 0.6179848
	speed: 0.1283s/iter; left time: 1176.5985s
Epoch: 68 cost time: 36.44082951545715
Epoch: 68, Steps: 284 | Train Loss: 0.5942486 Vali Loss: 0.5716714 Test Loss: 0.2490252
Validation loss decreased (0.573627 --> 0.571671).  Saving model ...
Updating learning rate to 1.0611166119964742e-07
	iters: 100, epoch: 69 | loss: 0.5718874
	speed: 0.2958s/iter; left time: 2659.0248s
	iters: 200, epoch: 69 | loss: 0.5982933
	speed: 0.1283s/iter; left time: 1140.2701s
Epoch: 69 cost time: 36.43466353416443
Epoch: 69, Steps: 284 | Train Loss: 0.5942059 Vali Loss: 0.5757238 Test Loss: 0.2490181
EarlyStopping counter: 1 out of 20
Updating learning rate to 9.550049507968268e-08
	iters: 100, epoch: 70 | loss: 0.6041098
	speed: 0.2954s/iter; left time: 2571.6017s
	iters: 200, epoch: 70 | loss: 0.5551765
	speed: 0.1282s/iter; left time: 1103.3228s
Epoch: 70 cost time: 36.418102502822876
Epoch: 70, Steps: 284 | Train Loss: 0.5937467 Vali Loss: 0.5737505 Test Loss: 0.2490208
EarlyStopping counter: 2 out of 20
Updating learning rate to 8.595044557171442e-08
	iters: 100, epoch: 71 | loss: 0.8243724
	speed: 0.2952s/iter; left time: 2485.9033s
	iters: 200, epoch: 71 | loss: 0.5147465
	speed: 0.1283s/iter; left time: 1067.6122s
Epoch: 71 cost time: 36.42413854598999
Epoch: 71, Steps: 284 | Train Loss: 0.5942041 Vali Loss: 0.5745434 Test Loss: 0.2490191
EarlyStopping counter: 3 out of 20
Updating learning rate to 7.735540101454298e-08
	iters: 100, epoch: 72 | loss: 0.4826073
	speed: 0.2953s/iter; left time: 2402.6979s
	iters: 200, epoch: 72 | loss: 0.5405183
	speed: 0.1284s/iter; left time: 1031.8454s
Epoch: 72 cost time: 36.44499588012695
Epoch: 72, Steps: 284 | Train Loss: 0.5942557 Vali Loss: 0.5768297 Test Loss: 0.2490156
EarlyStopping counter: 4 out of 20
Updating learning rate to 6.961986091308869e-08
	iters: 100, epoch: 73 | loss: 0.6640589
	speed: 0.2953s/iter; left time: 2318.7462s
	iters: 200, epoch: 73 | loss: 0.4415339
	speed: 0.1283s/iter; left time: 994.5964s
Epoch: 73 cost time: 36.42647457122803
Epoch: 73, Steps: 284 | Train Loss: 0.5942121 Vali Loss: 0.5759193 Test Loss: 0.2490118
EarlyStopping counter: 5 out of 20
Updating learning rate to 6.265787482177981e-08
	iters: 100, epoch: 74 | loss: 0.5374581
	speed: 0.2953s/iter; left time: 2235.2583s
	iters: 200, epoch: 74 | loss: 0.6621634
	speed: 0.1283s/iter; left time: 958.6038s
Epoch: 74 cost time: 36.4366888999939
Epoch: 74, Steps: 284 | Train Loss: 0.5940806 Vali Loss: 0.5749561 Test Loss: 0.2490140
EarlyStopping counter: 6 out of 20
Updating learning rate to 5.639208733960184e-08
	iters: 100, epoch: 75 | loss: 0.4716090
	speed: 0.2954s/iter; left time: 2151.7830s
	iters: 200, epoch: 75 | loss: 0.7483590
	speed: 0.1284s/iter; left time: 922.4735s
Epoch: 75 cost time: 36.44862484931946
Epoch: 75, Steps: 284 | Train Loss: 0.5941318 Vali Loss: 0.5766532 Test Loss: 0.2490099
EarlyStopping counter: 7 out of 20
Updating learning rate to 5.075287860564165e-08
	iters: 100, epoch: 76 | loss: 0.7477552
	speed: 0.2952s/iter; left time: 2066.5547s
	iters: 200, epoch: 76 | loss: 0.6129176
	speed: 0.1284s/iter; left time: 885.8415s
Epoch: 76 cost time: 36.43938159942627
Epoch: 76, Steps: 284 | Train Loss: 0.5941668 Vali Loss: 0.5758100 Test Loss: 0.2490120
EarlyStopping counter: 8 out of 20
Updating learning rate to 4.567759074507749e-08
	iters: 100, epoch: 77 | loss: 0.5979572
	speed: 0.2954s/iter; left time: 1984.0264s
	iters: 200, epoch: 77 | loss: 0.6420613
	speed: 0.1284s/iter; left time: 849.4205s
Epoch: 77 cost time: 36.44569993019104
Epoch: 77, Steps: 284 | Train Loss: 0.5940843 Vali Loss: 0.5743134 Test Loss: 0.2490130
EarlyStopping counter: 9 out of 20
Updating learning rate to 4.1109831670569744e-08
	iters: 100, epoch: 78 | loss: 0.5069911
	speed: 0.2954s/iter; left time: 1900.5719s
	iters: 200, epoch: 78 | loss: 0.5380813
	speed: 0.1284s/iter; left time: 812.9864s
Epoch: 78 cost time: 36.4369740486145
Epoch: 78, Steps: 284 | Train Loss: 0.5941268 Vali Loss: 0.5752255 Test Loss: 0.2490047
EarlyStopping counter: 10 out of 20
Updating learning rate to 3.6998848503512764e-08
	iters: 100, epoch: 79 | loss: 0.4975302
	speed: 0.2953s/iter; left time: 1815.5416s
	iters: 200, epoch: 79 | loss: 0.5258826
	speed: 0.1283s/iter; left time: 776.3879s
Epoch: 79 cost time: 36.42945122718811
Epoch: 79, Steps: 284 | Train Loss: 0.5941592 Vali Loss: 0.5773715 Test Loss: 0.2490049
EarlyStopping counter: 11 out of 20
Updating learning rate to 3.3298963653161496e-08
	iters: 100, epoch: 80 | loss: 0.6356015
	speed: 0.2952s/iter; left time: 1731.5502s
	iters: 200, epoch: 80 | loss: 0.4898563
	speed: 0.1283s/iter; left time: 739.5306s
Epoch: 80 cost time: 36.42264175415039
Epoch: 80, Steps: 284 | Train Loss: 0.5941096 Vali Loss: 0.5756173 Test Loss: 0.2490073
EarlyStopping counter: 12 out of 20
Updating learning rate to 2.996906728784534e-08
	iters: 100, epoch: 81 | loss: 0.6601597
	speed: 0.2952s/iter; left time: 1647.3205s
	iters: 200, epoch: 81 | loss: 0.6622305
	speed: 0.1283s/iter; left time: 702.9990s
Epoch: 81 cost time: 36.42316508293152
Epoch: 81, Steps: 284 | Train Loss: 0.5941791 Vali Loss: 0.5746452 Test Loss: 0.2490050
EarlyStopping counter: 13 out of 20
Updating learning rate to 2.697216055906081e-08
	iters: 100, epoch: 82 | loss: 0.5817707
	speed: 0.2953s/iter; left time: 1564.0864s
	iters: 200, epoch: 82 | loss: 0.5398181
	speed: 0.1282s/iter; left time: 666.3340s
Epoch: 82 cost time: 36.417707443237305
Epoch: 82, Steps: 284 | Train Loss: 0.5942277 Vali Loss: 0.5746300 Test Loss: 0.2490019
EarlyStopping counter: 14 out of 20
Updating learning rate to 2.427494450315473e-08
	iters: 100, epoch: 83 | loss: 0.5636255
	speed: 0.2952s/iter; left time: 1480.0470s
	iters: 200, epoch: 83 | loss: 0.7304026
	speed: 0.1282s/iter; left time: 629.9880s
Epoch: 83 cost time: 36.425918102264404
Epoch: 83, Steps: 284 | Train Loss: 0.5941343 Vali Loss: 0.5752253 Test Loss: 0.2490058
EarlyStopping counter: 15 out of 20
Updating learning rate to 2.1847450052839257e-08
	iters: 100, epoch: 84 | loss: 0.4818009
	speed: 0.2954s/iter; left time: 1396.9885s
	iters: 200, epoch: 84 | loss: 0.5101637
	speed: 0.1283s/iter; left time: 593.8605s
Epoch: 84 cost time: 36.43428444862366
Epoch: 84, Steps: 284 | Train Loss: 0.5941654 Vali Loss: 0.5748560 Test Loss: 0.2490044
EarlyStopping counter: 16 out of 20
Updating learning rate to 1.9662705047555332e-08
	iters: 100, epoch: 85 | loss: 0.4851709
	speed: 0.2954s/iter; left time: 1312.9221s
	iters: 200, epoch: 85 | loss: 0.5179619
	speed: 0.1282s/iter; left time: 557.2020s
Epoch: 85 cost time: 36.43368577957153
Epoch: 85, Steps: 284 | Train Loss: 0.5941158 Vali Loss: 0.5751289 Test Loss: 0.2490010
EarlyStopping counter: 17 out of 20
Updating learning rate to 1.7696434542799797e-08
	iters: 100, epoch: 86 | loss: 0.5215517
	speed: 0.2953s/iter; left time: 1228.8864s
	iters: 200, epoch: 86 | loss: 0.5109212
	speed: 0.1282s/iter; left time: 520.6882s
Epoch: 86 cost time: 36.427651166915894
Epoch: 86, Steps: 284 | Train Loss: 0.5942268 Vali Loss: 0.5746753 Test Loss: 0.2490051
EarlyStopping counter: 18 out of 20
Updating learning rate to 1.5926791088519817e-08
	iters: 100, epoch: 87 | loss: 0.7057786
	speed: 0.2954s/iter; left time: 1145.1541s
	iters: 200, epoch: 87 | loss: 0.5914837
	speed: 0.1282s/iter; left time: 484.1437s
Epoch: 87 cost time: 36.41769981384277
Epoch: 87, Steps: 284 | Train Loss: 0.5942013 Vali Loss: 0.5749434 Test Loss: 0.2490067
EarlyStopping counter: 19 out of 20
Updating learning rate to 1.4334111979667836e-08
	iters: 100, epoch: 88 | loss: 0.5424460
	speed: 0.2952s/iter; left time: 1060.8144s
	iters: 200, epoch: 88 | loss: 0.5277379
	speed: 0.1282s/iter; left time: 447.7599s
Epoch: 88 cost time: 36.41357707977295
Epoch: 88, Steps: 284 | Train Loss: 0.5941962 Vali Loss: 0.5747898 Test Loss: 0.2490061
EarlyStopping counter: 20 out of 20
Early stopping
>>>>>>>testing : NL_weather_cms3_lr0.0001_5steps_336_192_PatchTST_custom_ftM_sl336_ll48_pl192_dm128_nh16_el3_dl1_df256_fc1_ebtimeF_dtTruelr0.0001_pol5steps_Nested_Learning_0<<<<<<<<<<<<<<<<<<<<<<<<<<<<<<<<<
test 10348
 Ejecutando Inferencia DINÁMICA (Nested Learning con cms3)
  -> Política: 5steps | LR: 0.0001 | Target: head

RESUMEN: El CMS se actualizó 16 veces de 80 posibles.

mse:0.2490159273147583, mae:0.29313525557518005, rse:0.6564915776252747
Args in experiment:
Namespace(random_seed=2021, is_training=1, model_id='NL_weather_cms3_lr0.0001_5steps_336_336', model='PatchTST', data='custom', root_path='./dataset/', data_path='weather.csv', features='M', target='OT', freq='h', checkpoints='./checkpoints/', seq_len=336, label_len=48, pred_len=336, head_type='cms3', cms_lr=0.0001, update_policy='5steps', fc_dropout=0.2, head_dropout=0.0, patch_len=16, stride=8, padding_patch='end', revin=1, affine=0, subtract_last=0, decomposition=0, kernel_size=25, individual=0, embed_type=0, enc_in=21, dec_in=7, c_out=7, d_model=128, n_heads=16, e_layers=3, d_layers=1, d_ff=256, moving_avg=25, factor=1, distil=True, dropout=0.2, embed='timeF', activation='gelu', output_attention=False, do_predict=False, num_workers=0, itr=1, train_epochs=100, batch_size=128, patience=20, learning_rate=0.0001, des='Nested_Learning', loss='mse', lradj='type3', pct_start=0.3, use_amp=False, use_gpu=True, gpu=0, use_multi_gpu=False, devices='0,1,2,3', test_flop=False)
Use GPU: cuda:0
>>>>>>>start training : NL_weather_cms3_lr0.0001_5steps_336_336_PatchTST_custom_ftM_sl336_ll48_pl336_dm128_nh16_el3_dl1_df256_fc1_ebtimeF_dtTruelr0.0001_pol5steps_Nested_Learning_0>>>>>>>>>>>>>>>>>>>>>>>>>>
train 36216
val 4935
test 10204
	iters: 100, epoch: 1 | loss: 0.6768355
	speed: 0.1489s/iter; left time: 4185.1460s
	iters: 200, epoch: 1 | loss: 0.6447061
	speed: 0.1287s/iter; left time: 3603.4477s
Epoch: 1 cost time: 36.631988525390625
Epoch: 1, Steps: 282 | Train Loss: 0.7424306 Vali Loss: 0.7412623 Test Loss: 0.3189403
Validation loss decreased (inf --> 0.741262).  Saving model ...
Updating learning rate to 0.0001
	iters: 100, epoch: 2 | loss: 0.9063494
	speed: 0.2990s/iter; left time: 8318.2936s
	iters: 200, epoch: 2 | loss: 0.6851180
	speed: 0.1287s/iter; left time: 3568.6791s
Epoch: 2 cost time: 36.29866099357605
Epoch: 2, Steps: 282 | Train Loss: 0.7391903 Vali Loss: 0.7355445 Test Loss: 0.3171924
Validation loss decreased (0.741262 --> 0.735545).  Saving model ...
Updating learning rate to 0.0001
	iters: 100, epoch: 3 | loss: 0.7237700
	speed: 0.2965s/iter; left time: 8164.7707s
	iters: 200, epoch: 3 | loss: 0.6835869
	speed: 0.1283s/iter; left time: 3520.8886s
Epoch: 3 cost time: 36.19325256347656
Epoch: 3, Steps: 282 | Train Loss: 0.7331750 Vali Loss: 0.7306563 Test Loss: 0.3156495
Validation loss decreased (0.735545 --> 0.730656).  Saving model ...
Updating learning rate to 0.0001
	iters: 100, epoch: 4 | loss: 0.7422664
	speed: 0.2954s/iter; left time: 8052.4082s
	iters: 200, epoch: 4 | loss: 0.7364653
	speed: 0.1283s/iter; left time: 3485.0371s
Epoch: 4 cost time: 36.19522023200989
Epoch: 4, Steps: 282 | Train Loss: 0.7276324 Vali Loss: 0.7230760 Test Loss: 0.3140602
Validation loss decreased (0.730656 --> 0.723076).  Saving model ...
Updating learning rate to 9e-05
	iters: 100, epoch: 5 | loss: 0.6376375
	speed: 0.2960s/iter; left time: 7983.6638s
	iters: 200, epoch: 5 | loss: 0.7975579
	speed: 0.1284s/iter; left time: 3449.1826s
Epoch: 5 cost time: 36.20067548751831
Epoch: 5, Steps: 282 | Train Loss: 0.7221572 Vali Loss: 0.7173667 Test Loss: 0.3126258
Validation loss decreased (0.723076 --> 0.717367).  Saving model ...
Updating learning rate to 8.1e-05
	iters: 100, epoch: 6 | loss: 0.7331341
	speed: 0.2961s/iter; left time: 7902.5248s
	iters: 200, epoch: 6 | loss: 0.5726731
	speed: 0.1284s/iter; left time: 3412.9735s
Epoch: 6 cost time: 36.18357014656067
Epoch: 6, Steps: 282 | Train Loss: 0.7168191 Vali Loss: 0.7154388 Test Loss: 0.3113518
Validation loss decreased (0.717367 --> 0.715439).  Saving model ...
Updating learning rate to 7.290000000000001e-05
	iters: 100, epoch: 7 | loss: 0.7333812
	speed: 0.2962s/iter; left time: 7823.3137s
	iters: 200, epoch: 7 | loss: 0.8459635
	speed: 0.1284s/iter; left time: 3378.0891s
Epoch: 7 cost time: 36.19704031944275
Epoch: 7, Steps: 282 | Train Loss: 0.7125119 Vali Loss: 0.7113267 Test Loss: 0.3102201
Validation loss decreased (0.715439 --> 0.711327).  Saving model ...
Updating learning rate to 6.561e-05
	iters: 100, epoch: 8 | loss: 0.6664743
	speed: 0.2955s/iter; left time: 7721.6617s
	iters: 200, epoch: 8 | loss: 0.8062645
	speed: 0.1284s/iter; left time: 3342.7867s
Epoch: 8 cost time: 36.20041227340698
Epoch: 8, Steps: 282 | Train Loss: 0.7088303 Vali Loss: 0.7103981 Test Loss: 0.3091784
Validation loss decreased (0.711327 --> 0.710398).  Saving model ...
Updating learning rate to 5.904900000000001e-05
	iters: 100, epoch: 9 | loss: 0.7050574
	speed: 0.2962s/iter; left time: 7655.6174s
	iters: 200, epoch: 9 | loss: 0.6427268
	speed: 0.1285s/iter; left time: 3307.2631s
Epoch: 9 cost time: 36.205116987228394
Epoch: 9, Steps: 282 | Train Loss: 0.7050179 Vali Loss: 0.7075243 Test Loss: 0.3082434
Validation loss decreased (0.710398 --> 0.707524).  Saving model ...
Updating learning rate to 5.3144100000000005e-05
	iters: 100, epoch: 10 | loss: 0.7242578
	speed: 0.2963s/iter; left time: 7574.6518s
	iters: 200, epoch: 10 | loss: 0.7021220
	speed: 0.1284s/iter; left time: 3269.2860s
Epoch: 10 cost time: 36.199121713638306
Epoch: 10, Steps: 282 | Train Loss: 0.7027873 Vali Loss: 0.7022697 Test Loss: 0.3073859
Validation loss decreased (0.707524 --> 0.702270).  Saving model ...
Updating learning rate to 4.782969000000001e-05
	iters: 100, epoch: 11 | loss: 0.7011863
	speed: 0.2968s/iter; left time: 7502.3029s
	iters: 200, epoch: 11 | loss: 0.6644701
	speed: 0.1290s/iter; left time: 3247.8861s
Epoch: 11 cost time: 36.33124566078186
Epoch: 11, Steps: 282 | Train Loss: 0.7000106 Vali Loss: 0.7028271 Test Loss: 0.3066118
EarlyStopping counter: 1 out of 20
Updating learning rate to 4.304672100000001e-05
	iters: 100, epoch: 12 | loss: 0.5922657
	speed: 0.2977s/iter; left time: 7442.5210s
	iters: 200, epoch: 12 | loss: 0.6886515
	speed: 0.1290s/iter; left time: 3211.7399s
Epoch: 12 cost time: 36.33440899848938
Epoch: 12, Steps: 282 | Train Loss: 0.6976549 Vali Loss: 0.6994287 Test Loss: 0.3059015
Validation loss decreased (0.702270 --> 0.699429).  Saving model ...
Updating learning rate to 3.874204890000001e-05
	iters: 100, epoch: 13 | loss: 0.6507708
	speed: 0.2984s/iter; left time: 7374.8966s
	iters: 200, epoch: 13 | loss: 0.7962099
	speed: 0.1289s/iter; left time: 3173.4489s
Epoch: 13 cost time: 36.319175004959106
Epoch: 13, Steps: 282 | Train Loss: 0.6951637 Vali Loss: 0.6972398 Test Loss: 0.3052658
Validation loss decreased (0.699429 --> 0.697240).  Saving model ...
Updating learning rate to 3.486784401000001e-05
	iters: 100, epoch: 14 | loss: 0.6546504
	speed: 0.2993s/iter; left time: 7313.4083s
	iters: 200, epoch: 14 | loss: 0.6779488
	speed: 0.1289s/iter; left time: 3136.7177s
Epoch: 14 cost time: 36.32423543930054
Epoch: 14, Steps: 282 | Train Loss: 0.6937733 Vali Loss: 0.6950024 Test Loss: 0.3046865
Validation loss decreased (0.697240 --> 0.695002).  Saving model ...
Updating learning rate to 3.138105960900001e-05
	iters: 100, epoch: 15 | loss: 0.6003851
	speed: 0.2974s/iter; left time: 7182.3040s
	iters: 200, epoch: 15 | loss: 0.6013061
	speed: 0.1289s/iter; left time: 3100.9477s
Epoch: 15 cost time: 36.322041511535645
Epoch: 15, Steps: 282 | Train Loss: 0.6913542 Vali Loss: 0.6944595 Test Loss: 0.3041910
Validation loss decreased (0.695002 --> 0.694459).  Saving model ...
Updating learning rate to 2.824295364810001e-05
	iters: 100, epoch: 16 | loss: 0.5982299
	speed: 0.2980s/iter; left time: 7112.4246s
	iters: 200, epoch: 16 | loss: 0.8550543
	speed: 0.1290s/iter; left time: 3065.3193s
Epoch: 16 cost time: 36.32318830490112
Epoch: 16, Steps: 282 | Train Loss: 0.6901804 Vali Loss: 0.6935455 Test Loss: 0.3037274
Validation loss decreased (0.694459 --> 0.693546).  Saving model ...
Updating learning rate to 2.541865828329001e-05
	iters: 100, epoch: 17 | loss: 0.6755633
	speed: 0.2983s/iter; left time: 7036.5896s
	iters: 200, epoch: 17 | loss: 0.8880974
	speed: 0.1290s/iter; left time: 3030.6746s
Epoch: 17 cost time: 36.33482789993286
Epoch: 17, Steps: 282 | Train Loss: 0.6887216 Vali Loss: 0.6922032 Test Loss: 0.3033119
Validation loss decreased (0.693546 --> 0.692203).  Saving model ...
Updating learning rate to 2.287679245496101e-05
	iters: 100, epoch: 18 | loss: 0.9451551
	speed: 0.2977s/iter; left time: 6937.8518s
	iters: 200, epoch: 18 | loss: 0.6808010
	speed: 0.1290s/iter; left time: 2993.2317s
Epoch: 18 cost time: 36.31884574890137
Epoch: 18, Steps: 282 | Train Loss: 0.6867971 Vali Loss: 0.6903967 Test Loss: 0.3029456
Validation loss decreased (0.692203 --> 0.690397).  Saving model ...
Updating learning rate to 2.0589113209464907e-05
	iters: 100, epoch: 19 | loss: 0.7304291
	speed: 0.2988s/iter; left time: 6879.7383s
	iters: 200, epoch: 19 | loss: 0.7145466
	speed: 0.1289s/iter; left time: 2955.4042s
Epoch: 19 cost time: 36.324942111968994
Epoch: 19, Steps: 282 | Train Loss: 0.6863070 Vali Loss: 0.6898071 Test Loss: 0.3026152
Validation loss decreased (0.690397 --> 0.689807).  Saving model ...
Updating learning rate to 1.8530201888518416e-05
	iters: 100, epoch: 20 | loss: 0.5974885
	speed: 0.2982s/iter; left time: 6781.8810s
	iters: 200, epoch: 20 | loss: 0.6715930
	speed: 0.1290s/iter; left time: 2920.0717s
Epoch: 20 cost time: 36.33025527000427
Epoch: 20, Steps: 282 | Train Loss: 0.6855246 Vali Loss: 0.6886165 Test Loss: 0.3023038
Validation loss decreased (0.689807 --> 0.688617).  Saving model ...
Updating learning rate to 1.6677181699666577e-05
	iters: 100, epoch: 21 | loss: 0.6263294
	speed: 0.2994s/iter; left time: 6724.6812s
	iters: 200, epoch: 21 | loss: 0.6407202
	speed: 0.1288s/iter; left time: 2881.1408s
Epoch: 21 cost time: 36.321237564086914
Epoch: 21, Steps: 282 | Train Loss: 0.6850205 Vali Loss: 0.6888119 Test Loss: 0.3020391
EarlyStopping counter: 1 out of 20
Updating learning rate to 1.5009463529699919e-05
	iters: 100, epoch: 22 | loss: 0.5911697
	speed: 0.2973s/iter; left time: 6593.8294s
	iters: 200, epoch: 22 | loss: 0.5897449
	speed: 0.1289s/iter; left time: 2845.0982s
Epoch: 22 cost time: 36.320839643478394
Epoch: 22, Steps: 282 | Train Loss: 0.6835588 Vali Loss: 0.6869481 Test Loss: 0.3017965
Validation loss decreased (0.688617 --> 0.686948).  Saving model ...
Updating learning rate to 1.3508517176729929e-05
	iters: 100, epoch: 23 | loss: 0.6211464
	speed: 0.2975s/iter; left time: 6513.5380s
	iters: 200, epoch: 23 | loss: 0.7519022
	speed: 0.1289s/iter; left time: 2809.7915s
Epoch: 23 cost time: 36.330106019973755
Epoch: 23, Steps: 282 | Train Loss: 0.6832718 Vali Loss: 0.6871465 Test Loss: 0.3015744
EarlyStopping counter: 1 out of 20
Updating learning rate to 1.2157665459056936e-05
	iters: 100, epoch: 24 | loss: 0.6634093
	speed: 0.2972s/iter; left time: 6425.0173s
	iters: 200, epoch: 24 | loss: 0.7087367
	speed: 0.1288s/iter; left time: 2771.0254s
Epoch: 24 cost time: 36.32011342048645
Epoch: 24, Steps: 282 | Train Loss: 0.6827051 Vali Loss: 0.6865776 Test Loss: 0.3013774
Validation loss decreased (0.686948 --> 0.686578).  Saving model ...
Updating learning rate to 1.0941898913151242e-05
	iters: 100, epoch: 25 | loss: 0.4827392
	speed: 0.2986s/iter; left time: 6371.0311s
	iters: 200, epoch: 25 | loss: 0.8609603
	speed: 0.1287s/iter; left time: 2733.5693s
Epoch: 25 cost time: 36.31440782546997
Epoch: 25, Steps: 282 | Train Loss: 0.6821123 Vali Loss: 0.6851214 Test Loss: 0.3011972
Validation loss decreased (0.686578 --> 0.685121).  Saving model ...
Updating learning rate to 9.847709021836118e-06
	iters: 100, epoch: 26 | loss: 0.5391412
	speed: 0.2979s/iter; left time: 6271.4672s
	iters: 200, epoch: 26 | loss: 0.7492046
	speed: 0.1288s/iter; left time: 2697.4820s
Epoch: 26 cost time: 36.31818962097168
Epoch: 26, Steps: 282 | Train Loss: 0.6809264 Vali Loss: 0.6854148 Test Loss: 0.3010336
EarlyStopping counter: 1 out of 20
Updating learning rate to 8.862938119652508e-06
	iters: 100, epoch: 27 | loss: 0.6424018
	speed: 0.2977s/iter; left time: 6183.4903s
	iters: 200, epoch: 27 | loss: 0.8687696
	speed: 0.1288s/iter; left time: 2662.0688s
Epoch: 27 cost time: 36.32510805130005
Epoch: 27, Steps: 282 | Train Loss: 0.6807555 Vali Loss: 0.6848304 Test Loss: 0.3008831
Validation loss decreased (0.685121 --> 0.684830).  Saving model ...
Updating learning rate to 7.976644307687255e-06
	iters: 100, epoch: 28 | loss: 0.5869069
	speed: 0.2987s/iter; left time: 6118.9280s
	iters: 200, epoch: 28 | loss: 0.7543946
	speed: 0.1287s/iter; left time: 2624.6844s
Epoch: 28 cost time: 36.32170557975769
Epoch: 28, Steps: 282 | Train Loss: 0.6805433 Vali Loss: 0.6855992 Test Loss: 0.3007531
EarlyStopping counter: 1 out of 20
Updating learning rate to 7.178979876918531e-06
	iters: 100, epoch: 29 | loss: 0.6248316
	speed: 0.2980s/iter; left time: 6020.3540s
	iters: 200, epoch: 29 | loss: 0.7136959
	speed: 0.1288s/iter; left time: 2588.9874s
Epoch: 29 cost time: 36.33225727081299
Epoch: 29, Steps: 282 | Train Loss: 0.6801002 Vali Loss: 0.6840650 Test Loss: 0.3006351
Validation loss decreased (0.684830 --> 0.684065).  Saving model ...
Updating learning rate to 6.4610818892266776e-06
	iters: 100, epoch: 30 | loss: 0.8644902
	speed: 0.2996s/iter; left time: 5969.8786s
	iters: 200, epoch: 30 | loss: 0.5849252
	speed: 0.1288s/iter; left time: 2552.8400s
Epoch: 30 cost time: 36.35301947593689
Epoch: 30, Steps: 282 | Train Loss: 0.6799747 Vali Loss: 0.6825131 Test Loss: 0.3005279
Validation loss decreased (0.684065 --> 0.682513).  Saving model ...
Updating learning rate to 5.8149737003040096e-06
	iters: 100, epoch: 31 | loss: 0.6959818
	speed: 0.2988s/iter; left time: 5868.1738s
	iters: 200, epoch: 31 | loss: 0.6481062
	speed: 0.1288s/iter; left time: 2517.1881s
Epoch: 31 cost time: 36.351118326187134
Epoch: 31, Steps: 282 | Train Loss: 0.6792704 Vali Loss: 0.6834440 Test Loss: 0.3004322
EarlyStopping counter: 1 out of 20
Updating learning rate to 5.23347633027361e-06
	iters: 100, epoch: 32 | loss: 0.6900094
	speed: 0.2974s/iter; left time: 5757.6936s
	iters: 200, epoch: 32 | loss: 0.6791040
	speed: 0.1288s/iter; left time: 2480.1120s
Epoch: 32 cost time: 36.34714484214783
Epoch: 32, Steps: 282 | Train Loss: 0.6789117 Vali Loss: 0.6831552 Test Loss: 0.3003465
EarlyStopping counter: 2 out of 20
Updating learning rate to 4.710128697246249e-06
	iters: 100, epoch: 33 | loss: 0.6353040
	speed: 0.2984s/iter; left time: 5692.3412s
	iters: 200, epoch: 33 | loss: 0.6460413
	speed: 0.1288s/iter; left time: 2444.5243s
Epoch: 33 cost time: 36.3492386341095
Epoch: 33, Steps: 282 | Train Loss: 0.6790411 Vali Loss: 0.6830042 Test Loss: 0.3002680
EarlyStopping counter: 3 out of 20
Updating learning rate to 4.239115827521624e-06
	iters: 100, epoch: 34 | loss: 0.5769795
	speed: 0.2972s/iter; left time: 5585.0891s
	iters: 200, epoch: 34 | loss: 0.7431732
	speed: 0.1289s/iter; left time: 2409.3216s
Epoch: 34 cost time: 36.361523389816284
Epoch: 34, Steps: 282 | Train Loss: 0.6785681 Vali Loss: 0.6830689 Test Loss: 0.3001964
EarlyStopping counter: 4 out of 20
Updating learning rate to 3.815204244769462e-06
	iters: 100, epoch: 35 | loss: 0.6363594
	speed: 0.2982s/iter; left time: 5520.9809s
	iters: 200, epoch: 35 | loss: 0.6242204
	speed: 0.1289s/iter; left time: 2372.6547s
Epoch: 35 cost time: 36.3717622756958
Epoch: 35, Steps: 282 | Train Loss: 0.6783673 Vali Loss: 0.6828609 Test Loss: 0.3001331
EarlyStopping counter: 5 out of 20
Updating learning rate to 3.4336838202925152e-06
	iters: 100, epoch: 36 | loss: 0.6544993
	speed: 0.2975s/iter; left time: 5423.1241s
	iters: 200, epoch: 36 | loss: 0.6969174
	speed: 0.1288s/iter; left time: 2336.0683s
Epoch: 36 cost time: 36.36256980895996
Epoch: 36, Steps: 282 | Train Loss: 0.6778540 Vali Loss: 0.6843753 Test Loss: 0.3000779
EarlyStopping counter: 6 out of 20
Updating learning rate to 3.090315438263264e-06
	iters: 100, epoch: 37 | loss: 0.5918967
	speed: 0.2984s/iter; left time: 5355.1373s
	iters: 200, epoch: 37 | loss: 0.7696192
	speed: 0.1289s/iter; left time: 2300.3865s
Epoch: 37 cost time: 36.37010741233826
Epoch: 37, Steps: 282 | Train Loss: 0.6777157 Vali Loss: 0.6822320 Test Loss: 0.3000260
Validation loss decreased (0.682513 --> 0.682232).  Saving model ...
Updating learning rate to 2.7812838944369375e-06
	iters: 100, epoch: 38 | loss: 0.6291271
	speed: 0.2996s/iter; left time: 5293.4754s
	iters: 200, epoch: 38 | loss: 0.6470734
	speed: 0.1288s/iter; left time: 2263.4069s
Epoch: 38 cost time: 36.352388858795166
Epoch: 38, Steps: 282 | Train Loss: 0.6776781 Vali Loss: 0.6827604 Test Loss: 0.2999817
EarlyStopping counter: 1 out of 20
Updating learning rate to 2.503155504993244e-06
	iters: 100, epoch: 39 | loss: 0.6323122
	speed: 0.2984s/iter; left time: 5187.2541s
	iters: 200, epoch: 39 | loss: 0.6752255
	speed: 0.1289s/iter; left time: 2228.2385s
Epoch: 39 cost time: 36.35733938217163
Epoch: 39, Steps: 282 | Train Loss: 0.6777051 Vali Loss: 0.6823786 Test Loss: 0.2999371
EarlyStopping counter: 2 out of 20
Updating learning rate to 2.2528399544939195e-06
	iters: 100, epoch: 40 | loss: 0.9205695
	speed: 0.2981s/iter; left time: 5098.4491s
	iters: 200, epoch: 40 | loss: 0.7444896
	speed: 0.1289s/iter; left time: 2190.8548s
Epoch: 40 cost time: 36.35374855995178
Epoch: 40, Steps: 282 | Train Loss: 0.6769863 Vali Loss: 0.6817262 Test Loss: 0.2999012
Validation loss decreased (0.682232 --> 0.681726).  Saving model ...
Updating learning rate to 2.0275559590445276e-06
	iters: 100, epoch: 41 | loss: 0.6200176
	speed: 0.3008s/iter; left time: 5059.4150s
	iters: 200, epoch: 41 | loss: 0.6778145
	speed: 0.1288s/iter; left time: 2154.3424s
Epoch: 41 cost time: 36.3371901512146
Epoch: 41, Steps: 282 | Train Loss: 0.6773292 Vali Loss: 0.6819783 Test Loss: 0.2998653
EarlyStopping counter: 1 out of 20
Updating learning rate to 1.8248003631400751e-06
	iters: 100, epoch: 42 | loss: 0.7184680
	speed: 0.2979s/iter; left time: 4926.5468s
	iters: 200, epoch: 42 | loss: 0.6358119
	speed: 0.1289s/iter; left time: 2118.4129s
Epoch: 42 cost time: 36.341262102127075
Epoch: 42, Steps: 282 | Train Loss: 0.6764099 Vali Loss: 0.6813247 Test Loss: 0.2998348
Validation loss decreased (0.681726 --> 0.681325).  Saving model ...
Updating learning rate to 1.6423203268260676e-06
	iters: 100, epoch: 43 | loss: 0.6977773
	speed: 0.3005s/iter; left time: 4884.9650s
	iters: 200, epoch: 43 | loss: 0.6485843
	speed: 0.1289s/iter; left time: 2082.1696s
Epoch: 43 cost time: 36.35659742355347
Epoch: 43, Steps: 282 | Train Loss: 0.6773025 Vali Loss: 0.6811086 Test Loss: 0.2998075
Validation loss decreased (0.681325 --> 0.681109).  Saving model ...
Updating learning rate to 1.4780882941434609e-06
	iters: 100, epoch: 44 | loss: 0.6716691
	speed: 0.2999s/iter; left time: 4791.6433s
	iters: 200, epoch: 44 | loss: 0.6776671
	speed: 0.1289s/iter; left time: 2045.6159s
Epoch: 44 cost time: 36.368075370788574
Epoch: 44, Steps: 282 | Train Loss: 0.6772901 Vali Loss: 0.6825694 Test Loss: 0.2997838
EarlyStopping counter: 1 out of 20
Updating learning rate to 1.3302794647291146e-06
	iters: 100, epoch: 45 | loss: 0.8799141
	speed: 0.2984s/iter; left time: 4682.2133s
	iters: 200, epoch: 45 | loss: 0.7134088
	speed: 0.1289s/iter; left time: 2009.2574s
Epoch: 45 cost time: 36.362306118011475
Epoch: 45, Steps: 282 | Train Loss: 0.6773718 Vali Loss: 0.6794443 Test Loss: 0.2997609
Validation loss decreased (0.681109 --> 0.679444).  Saving model ...
Updating learning rate to 1.1972515182562034e-06
	iters: 100, epoch: 46 | loss: 0.6828474
	speed: 0.2992s/iter; left time: 4610.2126s
	iters: 200, epoch: 46 | loss: 0.6017532
	speed: 0.1289s/iter; left time: 1973.8726s
Epoch: 46 cost time: 36.378533124923706
Epoch: 46, Steps: 282 | Train Loss: 0.6769349 Vali Loss: 0.6821924 Test Loss: 0.2997414
EarlyStopping counter: 1 out of 20
Updating learning rate to 1.077526366430583e-06
	iters: 100, epoch: 47 | loss: 0.6287403
	speed: 0.2983s/iter; left time: 4512.9017s
	iters: 200, epoch: 47 | loss: 0.5594471
	speed: 0.1286s/iter; left time: 1932.2400s
Epoch: 47 cost time: 36.29662466049194
Epoch: 47, Steps: 282 | Train Loss: 0.6770765 Vali Loss: 0.6797373 Test Loss: 0.2997234
EarlyStopping counter: 2 out of 20
Updating learning rate to 9.697737297875248e-07
	iters: 100, epoch: 48 | loss: 0.6830266
	speed: 0.2954s/iter; left time: 4385.1732s
	iters: 200, epoch: 48 | loss: 0.9053721
	speed: 0.1286s/iter; left time: 1896.7814s
Epoch: 48 cost time: 36.27636218070984
Epoch: 48, Steps: 282 | Train Loss: 0.6766612 Vali Loss: 0.6797733 Test Loss: 0.2997065
EarlyStopping counter: 3 out of 20
Updating learning rate to 8.727963568087723e-07
	iters: 100, epoch: 49 | loss: 0.6555742
	speed: 0.2962s/iter; left time: 4313.7349s
	iters: 200, epoch: 49 | loss: 0.6139801
	speed: 0.1286s/iter; left time: 1859.7426s
Epoch: 49 cost time: 36.267943143844604
Epoch: 49, Steps: 282 | Train Loss: 0.6770989 Vali Loss: 0.6823481 Test Loss: 0.2996936
EarlyStopping counter: 4 out of 20
Updating learning rate to 7.855167211278951e-07
	iters: 100, epoch: 50 | loss: 0.6031428
	speed: 0.2952s/iter; left time: 4217.0054s
	iters: 200, epoch: 50 | loss: 0.7269683
	speed: 0.1286s/iter; left time: 1823.5325s
Epoch: 50 cost time: 36.272536754608154
Epoch: 50, Steps: 282 | Train Loss: 0.6771109 Vali Loss: 0.6822113 Test Loss: 0.2996794
EarlyStopping counter: 5 out of 20
Updating learning rate to 7.069650490151056e-07
	iters: 100, epoch: 51 | loss: 0.6390770
	speed: 0.2961s/iter; left time: 4145.1750s
	iters: 200, epoch: 51 | loss: 0.5548202
	speed: 0.1286s/iter; left time: 1788.1229s
Epoch: 51 cost time: 36.27895927429199
Epoch: 51, Steps: 282 | Train Loss: 0.6762656 Vali Loss: 0.6802117 Test Loss: 0.2996683
EarlyStopping counter: 6 out of 20
Updating learning rate to 6.36268544113595e-07
	iters: 100, epoch: 52 | loss: 0.6465540
	speed: 0.2964s/iter; left time: 4065.9948s
	iters: 200, epoch: 52 | loss: 0.5497995
	speed: 0.1286s/iter; left time: 1751.7621s
Epoch: 52 cost time: 36.27975630760193
Epoch: 52, Steps: 282 | Train Loss: 0.6763569 Vali Loss: 0.6810053 Test Loss: 0.2996573
EarlyStopping counter: 7 out of 20
Updating learning rate to 5.726416897022355e-07
	iters: 100, epoch: 53 | loss: 0.6377421
	speed: 0.2961s/iter; left time: 3979.3103s
	iters: 200, epoch: 53 | loss: 0.6542804
	speed: 0.1286s/iter; left time: 1715.7686s
Epoch: 53 cost time: 36.27580809593201
Epoch: 53, Steps: 282 | Train Loss: 0.6767627 Vali Loss: 0.6817391 Test Loss: 0.2996473
EarlyStopping counter: 8 out of 20
Updating learning rate to 5.15377520732012e-07
	iters: 100, epoch: 54 | loss: 0.6720309
	speed: 0.2952s/iter; left time: 3882.9379s
	iters: 200, epoch: 54 | loss: 0.6645259
	speed: 0.1287s/iter; left time: 1679.6045s
Epoch: 54 cost time: 36.27781128883362
Epoch: 54, Steps: 282 | Train Loss: 0.6767102 Vali Loss: 0.6826670 Test Loss: 0.2996393
EarlyStopping counter: 9 out of 20
Updating learning rate to 4.6383976865881085e-07
	iters: 100, epoch: 55 | loss: 0.6683412
	speed: 0.2955s/iter; left time: 3803.4250s
	iters: 200, epoch: 55 | loss: 0.7767999
	speed: 0.1286s/iter; left time: 1642.9980s
Epoch: 55 cost time: 36.269341707229614
Epoch: 55, Steps: 282 | Train Loss: 0.6764010 Vali Loss: 0.6810679 Test Loss: 0.2996323
EarlyStopping counter: 10 out of 20
Updating learning rate to 4.174557917929298e-07
	iters: 100, epoch: 56 | loss: 0.6560839
	speed: 0.2956s/iter; left time: 3722.0263s
	iters: 200, epoch: 56 | loss: 0.6696722
	speed: 0.1286s/iter; left time: 1606.4381s
Epoch: 56 cost time: 36.258052349090576
Epoch: 56, Steps: 282 | Train Loss: 0.6766729 Vali Loss: 0.6804151 Test Loss: 0.2996260
EarlyStopping counter: 11 out of 20
Updating learning rate to 3.7571021261363677e-07
	iters: 100, epoch: 57 | loss: 0.6777546
	speed: 0.2961s/iter; left time: 3644.4172s
	iters: 200, epoch: 57 | loss: 0.6376973
	speed: 0.1286s/iter; left time: 1570.0480s
Epoch: 57 cost time: 36.251999855041504
Epoch: 57, Steps: 282 | Train Loss: 0.6765025 Vali Loss: 0.6796058 Test Loss: 0.2996192
EarlyStopping counter: 12 out of 20
Updating learning rate to 3.381391913522731e-07
	iters: 100, epoch: 58 | loss: 0.6104608
	speed: 0.2957s/iter; left time: 3556.2813s
	iters: 200, epoch: 58 | loss: 0.6846111
	speed: 0.1288s/iter; left time: 1535.8550s
Epoch: 58 cost time: 36.26853013038635
Epoch: 58, Steps: 282 | Train Loss: 0.6764932 Vali Loss: 0.6804487 Test Loss: 0.2996130
EarlyStopping counter: 13 out of 20
Updating learning rate to 3.043252722170458e-07
	iters: 100, epoch: 59 | loss: 0.6091416
	speed: 0.2960s/iter; left time: 3476.4381s
	iters: 200, epoch: 59 | loss: 0.7613683
	speed: 0.1286s/iter; left time: 1497.1951s
Epoch: 59 cost time: 36.2473304271698
Epoch: 59, Steps: 282 | Train Loss: 0.6763681 Vali Loss: 0.6815739 Test Loss: 0.2996075
EarlyStopping counter: 14 out of 20
Updating learning rate to 2.7389274499534124e-07
	iters: 100, epoch: 60 | loss: 0.6709017
	speed: 0.2951s/iter; left time: 3382.6414s
	iters: 200, epoch: 60 | loss: 0.5992298
	speed: 0.1286s/iter; left time: 1460.8811s
Epoch: 60 cost time: 36.239609479904175
Epoch: 60, Steps: 282 | Train Loss: 0.6766565 Vali Loss: 0.6813058 Test Loss: 0.2996032
EarlyStopping counter: 15 out of 20
Updating learning rate to 2.465034704958071e-07
	iters: 100, epoch: 61 | loss: 0.7231175
	speed: 0.2960s/iter; left time: 3309.1828s
	iters: 200, epoch: 61 | loss: 0.6395584
	speed: 0.1285s/iter; left time: 1424.4392s
Epoch: 61 cost time: 36.24253463745117
Epoch: 61, Steps: 282 | Train Loss: 0.6761512 Vali Loss: 0.6802867 Test Loss: 0.2995999
EarlyStopping counter: 16 out of 20
Updating learning rate to 2.218531234462264e-07
	iters: 100, epoch: 62 | loss: 0.7362533
	speed: 0.2955s/iter; left time: 3220.1883s
	iters: 200, epoch: 62 | loss: 0.6344909
	speed: 0.1285s/iter; left time: 1388.1485s
Epoch: 62 cost time: 36.25707769393921
Epoch: 62, Steps: 282 | Train Loss: 0.6760974 Vali Loss: 0.6825147 Test Loss: 0.2995965
EarlyStopping counter: 17 out of 20
Updating learning rate to 1.9966781110160376e-07
	iters: 100, epoch: 63 | loss: 0.6003875
	speed: 0.2958s/iter; left time: 3140.4927s
	iters: 200, epoch: 63 | loss: 0.6236818
	speed: 0.1288s/iter; left time: 1354.5514s
Epoch: 63 cost time: 36.31178617477417
Epoch: 63, Steps: 282 | Train Loss: 0.6766396 Vali Loss: 0.6796845 Test Loss: 0.2995930
EarlyStopping counter: 18 out of 20
Updating learning rate to 1.797010299914434e-07
	iters: 100, epoch: 64 | loss: 0.6264126
	speed: 0.2964s/iter; left time: 3063.6491s
	iters: 200, epoch: 64 | loss: 0.5996357
	speed: 0.1289s/iter; left time: 1319.5056s
Epoch: 64 cost time: 36.33122706413269
Epoch: 64, Steps: 282 | Train Loss: 0.6763895 Vali Loss: 0.6825057 Test Loss: 0.2995901
EarlyStopping counter: 19 out of 20
Updating learning rate to 1.6173092699229907e-07
	iters: 100, epoch: 65 | loss: 0.6382300
	speed: 0.2968s/iter; left time: 2983.5069s
	iters: 200, epoch: 65 | loss: 0.5785193
	speed: 0.1288s/iter; left time: 1281.6422s
Epoch: 65 cost time: 36.295084953308105
Epoch: 65, Steps: 282 | Train Loss: 0.6767550 Vali Loss: 0.6820316 Test Loss: 0.2995886
EarlyStopping counter: 20 out of 20
Early stopping
>>>>>>>testing : NL_weather_cms3_lr0.0001_5steps_336_336_PatchTST_custom_ftM_sl336_ll48_pl336_dm128_nh16_el3_dl1_df256_fc1_ebtimeF_dtTruelr0.0001_pol5steps_Nested_Learning_0<<<<<<<<<<<<<<<<<<<<<<<<<<<<<<<<<
test 10204
 Ejecutando Inferencia DINÁMICA (Nested Learning con cms3)
  -> Política: 5steps | LR: 0.0001 | Target: head

RESUMEN: El CMS se actualizó 16 veces de 79 posibles.

mse:0.29975783824920654, mae:0.32966914772987366, rse:0.7191962003707886
Args in experiment:
Namespace(random_seed=2021, is_training=1, model_id='NL_weather_cms3_lr0.0001_5steps_336_720', model='PatchTST', data='custom', root_path='./dataset/', data_path='weather.csv', features='M', target='OT', freq='h', checkpoints='./checkpoints/', seq_len=336, label_len=48, pred_len=720, head_type='cms3', cms_lr=0.0001, update_policy='5steps', fc_dropout=0.2, head_dropout=0.0, patch_len=16, stride=8, padding_patch='end', revin=1, affine=0, subtract_last=0, decomposition=0, kernel_size=25, individual=0, embed_type=0, enc_in=21, dec_in=7, c_out=7, d_model=128, n_heads=16, e_layers=3, d_layers=1, d_ff=256, moving_avg=25, factor=1, distil=True, dropout=0.2, embed='timeF', activation='gelu', output_attention=False, do_predict=False, num_workers=0, itr=1, train_epochs=100, batch_size=128, patience=20, learning_rate=0.0001, des='Nested_Learning', loss='mse', lradj='type3', pct_start=0.3, use_amp=False, use_gpu=True, gpu=0, use_multi_gpu=False, devices='0,1,2,3', test_flop=False)
Use GPU: cuda:0
>>>>>>>start training : NL_weather_cms3_lr0.0001_5steps_336_720_PatchTST_custom_ftM_sl336_ll48_pl720_dm128_nh16_el3_dl1_df256_fc1_ebtimeF_dtTruelr0.0001_pol5steps_Nested_Learning_0>>>>>>>>>>>>>>>>>>>>>>>>>>
train 35832
val 4551
test 9820
	iters: 100, epoch: 1 | loss: 0.8505261
	speed: 0.1511s/iter; left time: 4200.8252s
	iters: 200, epoch: 1 | loss: 0.7593836
	speed: 0.1316s/iter; left time: 3646.2644s
Epoch: 1 cost time: 36.97845244407654
Epoch: 1, Steps: 279 | Train Loss: 0.7911092 Vali Loss: 0.8128651 Test Loss: 0.3674183
Validation loss decreased (inf --> 0.812865).  Saving model ...
Updating learning rate to 0.0001
	iters: 100, epoch: 2 | loss: 0.8263202
	speed: 0.3033s/iter; left time: 8347.9612s
	iters: 200, epoch: 2 | loss: 0.7878881
	speed: 0.1306s/iter; left time: 3581.1302s
Epoch: 2 cost time: 36.48240065574646
Epoch: 2, Steps: 279 | Train Loss: 0.7885048 Vali Loss: 0.8075140 Test Loss: 0.3661441
Validation loss decreased (0.812865 --> 0.807514).  Saving model ...
Updating learning rate to 0.0001
	iters: 100, epoch: 3 | loss: 0.7481847
	speed: 0.3006s/iter; left time: 8189.6085s
	iters: 200, epoch: 3 | loss: 0.7260932
	speed: 0.1307s/iter; left time: 3546.2750s
Epoch: 3 cost time: 36.49075222015381
Epoch: 3, Steps: 279 | Train Loss: 0.7844243 Vali Loss: 0.8044965 Test Loss: 0.3651358
Validation loss decreased (0.807514 --> 0.804496).  Saving model ...
Updating learning rate to 0.0001
	iters: 100, epoch: 4 | loss: 0.8047042
	speed: 0.3005s/iter; left time: 8103.1270s
	iters: 200, epoch: 4 | loss: 0.7167475
	speed: 0.1307s/iter; left time: 3511.2403s
Epoch: 4 cost time: 36.49693155288696
Epoch: 4, Steps: 279 | Train Loss: 0.7809030 Vali Loss: 0.8000777 Test Loss: 0.3642781
Validation loss decreased (0.804496 --> 0.800078).  Saving model ...
Updating learning rate to 9e-05
	iters: 100, epoch: 5 | loss: 0.7641244
	speed: 0.3018s/iter; left time: 8052.5416s
	iters: 200, epoch: 5 | loss: 0.7677184
	speed: 0.1305s/iter; left time: 3470.1646s
Epoch: 5 cost time: 36.46907091140747
Epoch: 5, Steps: 279 | Train Loss: 0.7776425 Vali Loss: 0.7979074 Test Loss: 0.3636348
Validation loss decreased (0.800078 --> 0.797907).  Saving model ...
Updating learning rate to 8.1e-05
	iters: 100, epoch: 6 | loss: 0.6843787
	speed: 0.3005s/iter; left time: 7934.7225s
	iters: 200, epoch: 6 | loss: 0.7796996
	speed: 0.1306s/iter; left time: 3435.4539s
Epoch: 6 cost time: 36.48545432090759
Epoch: 6, Steps: 279 | Train Loss: 0.7752703 Vali Loss: 0.7958550 Test Loss: 0.3631308
Validation loss decreased (0.797907 --> 0.795855).  Saving model ...
Updating learning rate to 7.290000000000001e-05
	iters: 100, epoch: 7 | loss: 0.8288794
	speed: 0.3006s/iter; left time: 7853.9841s
	iters: 200, epoch: 7 | loss: 0.8277612
	speed: 0.1306s/iter; left time: 3399.9839s
Epoch: 7 cost time: 36.492706060409546
Epoch: 7, Steps: 279 | Train Loss: 0.7728013 Vali Loss: 0.7947078 Test Loss: 0.3627059
Validation loss decreased (0.795855 --> 0.794708).  Saving model ...
Updating learning rate to 6.561e-05
	iters: 100, epoch: 8 | loss: 0.7849323
	speed: 0.3015s/iter; left time: 7793.5796s
	iters: 200, epoch: 8 | loss: 0.7378283
	speed: 0.1306s/iter; left time: 3361.5713s
Epoch: 8 cost time: 36.48240399360657
Epoch: 8, Steps: 279 | Train Loss: 0.7711543 Vali Loss: 0.7931781 Test Loss: 0.3623478
Validation loss decreased (0.794708 --> 0.793178).  Saving model ...
Updating learning rate to 5.904900000000001e-05
	iters: 100, epoch: 9 | loss: 0.9295716
	speed: 0.3001s/iter; left time: 7673.4025s
	iters: 200, epoch: 9 | loss: 0.7332606
	speed: 0.1307s/iter; left time: 3327.6716s
Epoch: 9 cost time: 36.46921491622925
Epoch: 9, Steps: 279 | Train Loss: 0.7695677 Vali Loss: 0.7917528 Test Loss: 0.3620189
Validation loss decreased (0.793178 --> 0.791753).  Saving model ...
Updating learning rate to 5.3144100000000005e-05
	iters: 100, epoch: 10 | loss: 0.6459507
	speed: 0.3002s/iter; left time: 7592.7253s
	iters: 200, epoch: 10 | loss: 0.7128118
	speed: 0.1306s/iter; left time: 3289.1966s
Epoch: 10 cost time: 36.47661089897156
Epoch: 10, Steps: 279 | Train Loss: 0.7686455 Vali Loss: 0.7905189 Test Loss: 0.3617118
Validation loss decreased (0.791753 --> 0.790519).  Saving model ...
Updating learning rate to 4.782969000000001e-05
	iters: 100, epoch: 11 | loss: 0.7277684
	speed: 0.3006s/iter; left time: 7518.9926s
	iters: 200, epoch: 11 | loss: 0.7113328
	speed: 0.1307s/iter; left time: 3255.0728s
Epoch: 11 cost time: 36.48293399810791
Epoch: 11, Steps: 279 | Train Loss: 0.7673492 Vali Loss: 0.7914405 Test Loss: 0.3614448
EarlyStopping counter: 1 out of 20
Updating learning rate to 4.304672100000001e-05
	iters: 100, epoch: 12 | loss: 0.7773477
	speed: 0.2992s/iter; left time: 7398.5951s
	iters: 200, epoch: 12 | loss: 0.7132351
	speed: 0.1307s/iter; left time: 3220.1899s
Epoch: 12 cost time: 36.49122357368469
Epoch: 12, Steps: 279 | Train Loss: 0.7663550 Vali Loss: 0.7887762 Test Loss: 0.3612191
Validation loss decreased (0.790519 --> 0.788776).  Saving model ...
Updating learning rate to 3.874204890000001e-05
	iters: 100, epoch: 13 | loss: 0.6960740
	speed: 0.3000s/iter; left time: 7335.6197s
	iters: 200, epoch: 13 | loss: 0.8408064
	speed: 0.1306s/iter; left time: 3181.0189s
Epoch: 13 cost time: 36.46389102935791
Epoch: 13, Steps: 279 | Train Loss: 0.7655253 Vali Loss: 0.7885010 Test Loss: 0.3610040
Validation loss decreased (0.788776 --> 0.788501).  Saving model ...
Updating learning rate to 3.486784401000001e-05
	iters: 100, epoch: 14 | loss: 0.7338354
	speed: 0.3002s/iter; left time: 7255.8711s
	iters: 200, epoch: 14 | loss: 0.8978776
	speed: 0.1301s/iter; left time: 3132.4906s
Epoch: 14 cost time: 36.33912420272827
Epoch: 14, Steps: 279 | Train Loss: 0.7648821 Vali Loss: 0.7885143 Test Loss: 0.3608176
EarlyStopping counter: 1 out of 20
Updating learning rate to 3.138105960900001e-05
	iters: 100, epoch: 15 | loss: 0.7194318
	speed: 0.2981s/iter; left time: 7122.0005s
	iters: 200, epoch: 15 | loss: 0.7213998
	speed: 0.1301s/iter; left time: 3095.5711s
Epoch: 15 cost time: 36.33232569694519
Epoch: 15, Steps: 279 | Train Loss: 0.7637975 Vali Loss: 0.7885597 Test Loss: 0.3606362
EarlyStopping counter: 2 out of 20
Updating learning rate to 2.824295364810001e-05
	iters: 100, epoch: 16 | loss: 0.7453951
	speed: 0.2986s/iter; left time: 7052.7195s
	iters: 200, epoch: 16 | loss: 0.7605332
	speed: 0.1301s/iter; left time: 3060.1733s
Epoch: 16 cost time: 36.336477279663086
Epoch: 16, Steps: 279 | Train Loss: 0.7632044 Vali Loss: 0.7875338 Test Loss: 0.3604823
Validation loss decreased (0.788501 --> 0.787534).  Saving model ...
Updating learning rate to 2.541865828329001e-05
	iters: 100, epoch: 17 | loss: 0.7839826
	speed: 0.2986s/iter; left time: 6968.0112s
	iters: 200, epoch: 17 | loss: 0.7777339
	speed: 0.1302s/iter; left time: 3025.1668s
Epoch: 17 cost time: 36.33199954032898
Epoch: 17, Steps: 279 | Train Loss: 0.7627145 Vali Loss: 0.7869666 Test Loss: 0.3603404
Validation loss decreased (0.787534 --> 0.786967).  Saving model ...
Updating learning rate to 2.287679245496101e-05
	iters: 100, epoch: 18 | loss: 0.7810236
	speed: 0.2991s/iter; left time: 6895.5122s
	iters: 200, epoch: 18 | loss: 0.7077352
	speed: 0.1302s/iter; left time: 2988.3316s
Epoch: 18 cost time: 36.33287811279297
Epoch: 18, Steps: 279 | Train Loss: 0.7620693 Vali Loss: 0.7861726 Test Loss: 0.3602137
Validation loss decreased (0.786967 --> 0.786173).  Saving model ...
Updating learning rate to 2.0589113209464907e-05
	iters: 100, epoch: 19 | loss: 0.8667045
	speed: 0.2986s/iter; left time: 6801.7601s
	iters: 200, epoch: 19 | loss: 0.8680215
	speed: 0.1303s/iter; left time: 2954.0107s
Epoch: 19 cost time: 36.334075689315796
Epoch: 19, Steps: 279 | Train Loss: 0.7616330 Vali Loss: 0.7867027 Test Loss: 0.3600914
EarlyStopping counter: 1 out of 20
Updating learning rate to 1.8530201888518416e-05
	iters: 100, epoch: 20 | loss: 0.7043710
	speed: 0.2986s/iter; left time: 6719.4664s
	iters: 200, epoch: 20 | loss: 0.8503618
	speed: 0.1303s/iter; left time: 2918.3181s
Epoch: 20 cost time: 36.33423924446106
Epoch: 20, Steps: 279 | Train Loss: 0.7610717 Vali Loss: 0.7862518 Test Loss: 0.3599809
EarlyStopping counter: 2 out of 20
Updating learning rate to 1.6677181699666577e-05
	iters: 100, epoch: 21 | loss: 0.8381084
	speed: 0.2978s/iter; left time: 6618.4920s
	iters: 200, epoch: 21 | loss: 0.7181650
	speed: 0.1302s/iter; left time: 2880.8039s
Epoch: 21 cost time: 36.33769202232361
Epoch: 21, Steps: 279 | Train Loss: 0.7608442 Vali Loss: 0.7840560 Test Loss: 0.3598876
Validation loss decreased (0.786173 --> 0.784056).  Saving model ...
Updating learning rate to 1.5009463529699919e-05
	iters: 100, epoch: 22 | loss: 0.7264807
	speed: 0.2997s/iter; left time: 6575.4714s
	iters: 200, epoch: 22 | loss: 0.7477667
	speed: 0.1304s/iter; left time: 2847.8147s
Epoch: 22 cost time: 36.34529113769531
Epoch: 22, Steps: 279 | Train Loss: 0.7602595 Vali Loss: 0.7835642 Test Loss: 0.3598004
Validation loss decreased (0.784056 --> 0.783564).  Saving model ...
Updating learning rate to 1.3508517176729929e-05
	iters: 100, epoch: 23 | loss: 0.7521713
	speed: 0.2984s/iter; left time: 6463.1688s
	iters: 200, epoch: 23 | loss: 0.7377690
	speed: 0.1303s/iter; left time: 2810.7276s
Epoch: 23 cost time: 36.33079433441162
Epoch: 23, Steps: 279 | Train Loss: 0.7601063 Vali Loss: 0.7851987 Test Loss: 0.3597252
EarlyStopping counter: 1 out of 20
Updating learning rate to 1.2157665459056936e-05
	iters: 100, epoch: 24 | loss: 0.7593184
	speed: 0.2981s/iter; left time: 6375.0238s
	iters: 200, epoch: 24 | loss: 0.7514922
	speed: 0.1305s/iter; left time: 2776.7855s
Epoch: 24 cost time: 36.333417654037476
Epoch: 24, Steps: 279 | Train Loss: 0.7599432 Vali Loss: 0.7847261 Test Loss: 0.3596542
EarlyStopping counter: 2 out of 20
Updating learning rate to 1.0941898913151242e-05
	iters: 100, epoch: 25 | loss: 0.7834812
	speed: 0.2980s/iter; left time: 6289.0721s
	iters: 200, epoch: 25 | loss: 0.7013270
	speed: 0.1304s/iter; left time: 2739.9142s
Epoch: 25 cost time: 36.32422661781311
Epoch: 25, Steps: 279 | Train Loss: 0.7593610 Vali Loss: 0.7842035 Test Loss: 0.3595918
EarlyStopping counter: 3 out of 20
Updating learning rate to 9.847709021836118e-06
	iters: 100, epoch: 26 | loss: 0.7007016
	speed: 0.2976s/iter; left time: 6197.3861s
	iters: 200, epoch: 26 | loss: 0.7653805
	speed: 0.1304s/iter; left time: 2702.9567s
Epoch: 26 cost time: 36.3214910030365
Epoch: 26, Steps: 279 | Train Loss: 0.7590786 Vali Loss: 0.7840986 Test Loss: 0.3595365
EarlyStopping counter: 4 out of 20
Updating learning rate to 8.862938119652508e-06
	iters: 100, epoch: 27 | loss: 0.7296938
	speed: 0.2983s/iter; left time: 6129.0029s
	iters: 200, epoch: 27 | loss: 0.7499309
	speed: 0.1304s/iter; left time: 2666.7829s
Epoch: 27 cost time: 36.333651304244995
Epoch: 27, Steps: 279 | Train Loss: 0.7588702 Vali Loss: 0.7848200 Test Loss: 0.3594818
EarlyStopping counter: 5 out of 20
Updating learning rate to 7.976644307687255e-06
	iters: 100, epoch: 28 | loss: 0.8434077
	speed: 0.2977s/iter; left time: 6034.3254s
	iters: 200, epoch: 28 | loss: 0.8006138
	speed: 0.1303s/iter; left time: 2627.9944s
Epoch: 28 cost time: 36.32020664215088
Epoch: 28, Steps: 279 | Train Loss: 0.7589961 Vali Loss: 0.7842824 Test Loss: 0.3594391
EarlyStopping counter: 6 out of 20
Updating learning rate to 7.178979876918531e-06
	iters: 100, epoch: 29 | loss: 0.7374977
	speed: 0.2978s/iter; left time: 5953.4145s
	iters: 200, epoch: 29 | loss: 0.7563522
	speed: 0.1304s/iter; left time: 2593.2831s
Epoch: 29 cost time: 36.334349632263184
Epoch: 29, Steps: 279 | Train Loss: 0.7586880 Vali Loss: 0.7826800 Test Loss: 0.3593965
Validation loss decreased (0.783564 --> 0.782680).  Saving model ...
Updating learning rate to 6.4610818892266776e-06
	iters: 100, epoch: 30 | loss: 0.7159023
	speed: 0.2996s/iter; left time: 5905.4146s
	iters: 200, epoch: 30 | loss: 0.8047961
	speed: 0.1304s/iter; left time: 2557.3521s
Epoch: 30 cost time: 36.33356857299805
Epoch: 30, Steps: 279 | Train Loss: 0.7584409 Vali Loss: 0.7809287 Test Loss: 0.3593597
Validation loss decreased (0.782680 --> 0.780929).  Saving model ...
Updating learning rate to 5.8149737003040096e-06
	iters: 100, epoch: 31 | loss: 0.7527871
	speed: 0.2990s/iter; left time: 5810.4080s
	iters: 200, epoch: 31 | loss: 0.7003163
	speed: 0.1304s/iter; left time: 2521.2450s
Epoch: 31 cost time: 36.32727003097534
Epoch: 31, Steps: 279 | Train Loss: 0.7584320 Vali Loss: 0.7848070 Test Loss: 0.3593246
EarlyStopping counter: 1 out of 20
Updating learning rate to 5.23347633027361e-06
	iters: 100, epoch: 32 | loss: 0.7056218
	speed: 0.2976s/iter; left time: 5699.7664s
	iters: 200, epoch: 32 | loss: 0.7721049
	speed: 0.1305s/iter; left time: 2485.9129s
Epoch: 32 cost time: 36.33212757110596
Epoch: 32, Steps: 279 | Train Loss: 0.7586041 Vali Loss: 0.7819248 Test Loss: 0.3592951
EarlyStopping counter: 2 out of 20
Updating learning rate to 4.710128697246249e-06
	iters: 100, epoch: 33 | loss: 0.8299264
	speed: 0.2975s/iter; left time: 5615.5215s
	iters: 200, epoch: 33 | loss: 0.8169762
	speed: 0.1303s/iter; left time: 2446.9767s
Epoch: 33 cost time: 36.30506896972656
Epoch: 33, Steps: 279 | Train Loss: 0.7584594 Vali Loss: 0.7827488 Test Loss: 0.3592684
EarlyStopping counter: 3 out of 20
Updating learning rate to 4.239115827521624e-06
	iters: 100, epoch: 34 | loss: 0.7801515
	speed: 0.2982s/iter; left time: 5545.2954s
	iters: 200, epoch: 34 | loss: 0.7196548
	speed: 0.1303s/iter; left time: 2410.0310s
Epoch: 34 cost time: 36.31658101081848
Epoch: 34, Steps: 279 | Train Loss: 0.7579611 Vali Loss: 0.7838882 Test Loss: 0.3592447
EarlyStopping counter: 4 out of 20
Updating learning rate to 3.815204244769462e-06
	iters: 100, epoch: 35 | loss: 0.7661357
	speed: 0.2977s/iter; left time: 5453.1544s
	iters: 200, epoch: 35 | loss: 0.7535478
	speed: 0.1304s/iter; left time: 2374.4008s
Epoch: 35 cost time: 36.322548389434814
Epoch: 35, Steps: 279 | Train Loss: 0.7578461 Vali Loss: 0.7829891 Test Loss: 0.3592229
EarlyStopping counter: 5 out of 20
Updating learning rate to 3.4336838202925152e-06
	iters: 100, epoch: 36 | loss: 0.7488945
	speed: 0.2978s/iter; left time: 5371.1801s
	iters: 200, epoch: 36 | loss: 0.7020087
	speed: 0.1303s/iter; left time: 2337.5890s
Epoch: 36 cost time: 36.31182336807251
Epoch: 36, Steps: 279 | Train Loss: 0.7577208 Vali Loss: 0.7817426 Test Loss: 0.3592022
EarlyStopping counter: 6 out of 20
Updating learning rate to 3.090315438263264e-06
	iters: 100, epoch: 37 | loss: 0.7678361
	speed: 0.2979s/iter; left time: 5290.2265s
	iters: 200, epoch: 37 | loss: 0.7633110
	speed: 0.1303s/iter; left time: 2300.5307s
Epoch: 37 cost time: 36.321906328201294
Epoch: 37, Steps: 279 | Train Loss: 0.7579101 Vali Loss: 0.7836311 Test Loss: 0.3591851
EarlyStopping counter: 7 out of 20
Updating learning rate to 2.7812838944369375e-06
	iters: 100, epoch: 38 | loss: 0.7272702
	speed: 0.2980s/iter; left time: 5208.9554s
	iters: 200, epoch: 38 | loss: 0.6859985
	speed: 0.1303s/iter; left time: 2264.4760s
Epoch: 38 cost time: 36.31174635887146
Epoch: 38, Steps: 279 | Train Loss: 0.7574518 Vali Loss: 0.7817406 Test Loss: 0.3591696
EarlyStopping counter: 8 out of 20
Updating learning rate to 2.503155504993244e-06
	iters: 100, epoch: 39 | loss: 0.7588237
	speed: 0.2977s/iter; left time: 5119.4597s
	iters: 200, epoch: 39 | loss: 0.7119107
	speed: 0.1304s/iter; left time: 2229.6719s
Epoch: 39 cost time: 36.33950901031494
Epoch: 39, Steps: 279 | Train Loss: 0.7576323 Vali Loss: 0.7839007 Test Loss: 0.3591552
EarlyStopping counter: 9 out of 20
Updating learning rate to 2.2528399544939195e-06
	iters: 100, epoch: 40 | loss: 0.7188380
	speed: 0.2980s/iter; left time: 5041.6014s
	iters: 200, epoch: 40 | loss: 0.7171431
	speed: 0.1302s/iter; left time: 2190.5855s
Epoch: 40 cost time: 36.336071729660034
Epoch: 40, Steps: 279 | Train Loss: 0.7575766 Vali Loss: 0.7819860 Test Loss: 0.3591423
EarlyStopping counter: 10 out of 20
Updating learning rate to 2.0275559590445276e-06
	iters: 100, epoch: 41 | loss: 0.7038354
	speed: 0.2984s/iter; left time: 4966.4036s
	iters: 200, epoch: 41 | loss: 0.6911197
	speed: 0.1303s/iter; left time: 2154.9950s
Epoch: 41 cost time: 36.3341920375824
Epoch: 41, Steps: 279 | Train Loss: 0.7575076 Vali Loss: 0.7801833 Test Loss: 0.3591300
Validation loss decreased (0.780929 --> 0.780183).  Saving model ...
Updating learning rate to 1.8248003631400751e-06
	iters: 100, epoch: 42 | loss: 0.7450006
	speed: 0.2990s/iter; left time: 4891.4451s
	iters: 200, epoch: 42 | loss: 0.8323602
	speed: 0.1301s/iter; left time: 2115.9799s
Epoch: 42 cost time: 36.32562327384949
Epoch: 42, Steps: 279 | Train Loss: 0.7572296 Vali Loss: 0.7824795 Test Loss: 0.3591188
EarlyStopping counter: 1 out of 20
Updating learning rate to 1.6423203268260676e-06
	iters: 100, epoch: 43 | loss: 0.6570280
	speed: 0.2979s/iter; left time: 4790.8289s
	iters: 200, epoch: 43 | loss: 0.7612302
	speed: 0.1302s/iter; left time: 2081.7597s
Epoch: 43 cost time: 36.33820366859436
Epoch: 43, Steps: 279 | Train Loss: 0.7575614 Vali Loss: 0.7827159 Test Loss: 0.3591100
EarlyStopping counter: 2 out of 20
Updating learning rate to 1.4780882941434609e-06
	iters: 100, epoch: 44 | loss: 0.6735907
	speed: 0.2982s/iter; left time: 4713.1274s
	iters: 200, epoch: 44 | loss: 0.7113634
	speed: 0.1301s/iter; left time: 2042.4128s
Epoch: 44 cost time: 36.327796459198
Epoch: 44, Steps: 279 | Train Loss: 0.7572631 Vali Loss: 0.7834216 Test Loss: 0.3591004
EarlyStopping counter: 3 out of 20
Updating learning rate to 1.3302794647291146e-06
	iters: 100, epoch: 45 | loss: 0.8382052
	speed: 0.2986s/iter; left time: 4635.1658s
	iters: 200, epoch: 45 | loss: 0.8084229
	speed: 0.1300s/iter; left time: 2005.7131s
Epoch: 45 cost time: 36.32274603843689
Epoch: 45, Steps: 279 | Train Loss: 0.7573618 Vali Loss: 0.7824543 Test Loss: 0.3590928
EarlyStopping counter: 4 out of 20
Updating learning rate to 1.1972515182562034e-06
	iters: 100, epoch: 46 | loss: 0.7598951
	speed: 0.2981s/iter; left time: 4544.4388s
	iters: 200, epoch: 46 | loss: 0.7031051
	speed: 0.1301s/iter; left time: 1969.8501s
Epoch: 46 cost time: 36.3265745639801
Epoch: 46, Steps: 279 | Train Loss: 0.7573345 Vali Loss: 0.7824126 Test Loss: 0.3590863
EarlyStopping counter: 5 out of 20
Updating learning rate to 1.077526366430583e-06
	iters: 100, epoch: 47 | loss: 0.7524132
	speed: 0.2980s/iter; left time: 4460.8519s
	iters: 200, epoch: 47 | loss: 0.6585188
	speed: 0.1300s/iter; left time: 1932.6379s
Epoch: 47 cost time: 36.31354999542236
Epoch: 47, Steps: 279 | Train Loss: 0.7576368 Vali Loss: 0.7833490 Test Loss: 0.3590795
EarlyStopping counter: 6 out of 20
Updating learning rate to 9.697737297875248e-07
	iters: 100, epoch: 48 | loss: 0.7848674
	speed: 0.2982s/iter; left time: 4379.8913s
	iters: 200, epoch: 48 | loss: 0.7101727
	speed: 0.1301s/iter; left time: 1897.6445s
Epoch: 48 cost time: 36.32317614555359
Epoch: 48, Steps: 279 | Train Loss: 0.7573081 Vali Loss: 0.7800860 Test Loss: 0.3590747
Validation loss decreased (0.780183 --> 0.780086).  Saving model ...
Updating learning rate to 8.727963568087723e-07
	iters: 100, epoch: 49 | loss: 0.7557780
	speed: 0.2989s/iter; left time: 4306.9760s
	iters: 200, epoch: 49 | loss: 0.6707903
	speed: 0.1301s/iter; left time: 1860.9215s
Epoch: 49 cost time: 36.325763463974
Epoch: 49, Steps: 279 | Train Loss: 0.7572071 Vali Loss: 0.7832652 Test Loss: 0.3590695
EarlyStopping counter: 1 out of 20
Updating learning rate to 7.855167211278951e-07
	iters: 100, epoch: 50 | loss: 0.7230978
	speed: 0.2980s/iter; left time: 4211.4251s
	iters: 200, epoch: 50 | loss: 0.7434562
	speed: 0.1300s/iter; left time: 1824.3784s
Epoch: 50 cost time: 36.318932056427
Epoch: 50, Steps: 279 | Train Loss: 0.7573066 Vali Loss: 0.7827160 Test Loss: 0.3590634
EarlyStopping counter: 2 out of 20
Updating learning rate to 7.069650490151056e-07
	iters: 100, epoch: 51 | loss: 0.6724168
	speed: 0.2979s/iter; left time: 4126.4749s
	iters: 200, epoch: 51 | loss: 0.7626520
	speed: 0.1301s/iter; left time: 1788.5038s
Epoch: 51 cost time: 36.30861043930054
Epoch: 51, Steps: 279 | Train Loss: 0.7574438 Vali Loss: 0.7811849 Test Loss: 0.3590608
EarlyStopping counter: 3 out of 20
Updating learning rate to 6.36268544113595e-07
	iters: 100, epoch: 52 | loss: 0.7362641
	speed: 0.2983s/iter; left time: 4048.3079s
	iters: 200, epoch: 52 | loss: 0.7604629
	speed: 0.1301s/iter; left time: 1752.3599s
Epoch: 52 cost time: 36.32519030570984
Epoch: 52, Steps: 279 | Train Loss: 0.7573296 Vali Loss: 0.7826834 Test Loss: 0.3590559
EarlyStopping counter: 4 out of 20
Updating learning rate to 5.726416897022355e-07
	iters: 100, epoch: 53 | loss: 0.7488129
	speed: 0.2983s/iter; left time: 3964.9212s
	iters: 200, epoch: 53 | loss: 0.8195555
	speed: 0.1300s/iter; left time: 1714.8089s
Epoch: 53 cost time: 36.31001663208008
Epoch: 53, Steps: 279 | Train Loss: 0.7573274 Vali Loss: 0.7824443 Test Loss: 0.3590524
EarlyStopping counter: 5 out of 20
Updating learning rate to 5.15377520732012e-07
	iters: 100, epoch: 54 | loss: 0.7929993
	speed: 0.2982s/iter; left time: 3880.6086s
	iters: 200, epoch: 54 | loss: 0.7518250
	speed: 0.1300s/iter; left time: 1678.7578s
Epoch: 54 cost time: 36.29743766784668
Epoch: 54, Steps: 279 | Train Loss: 0.7574103 Vali Loss: 0.7825282 Test Loss: 0.3590498
EarlyStopping counter: 6 out of 20
Updating learning rate to 4.6383976865881085e-07
	iters: 100, epoch: 55 | loss: 0.8528852
	speed: 0.2981s/iter; left time: 3796.7820s
	iters: 200, epoch: 55 | loss: 0.7457374
	speed: 0.1301s/iter; left time: 1643.2294s
Epoch: 55 cost time: 36.303993463516235
Epoch: 55, Steps: 279 | Train Loss: 0.7571383 Vali Loss: 0.7834877 Test Loss: 0.3590473
EarlyStopping counter: 7 out of 20
Updating learning rate to 4.174557917929298e-07
	iters: 100, epoch: 56 | loss: 0.6819586
	speed: 0.2987s/iter; left time: 3720.9693s
	iters: 200, epoch: 56 | loss: 0.7655594
	speed: 0.1301s/iter; left time: 1607.6692s
Epoch: 56 cost time: 36.314587116241455
Epoch: 56, Steps: 279 | Train Loss: 0.7571689 Vali Loss: 0.7829547 Test Loss: 0.3590452
EarlyStopping counter: 8 out of 20
Updating learning rate to 3.7571021261363677e-07
	iters: 100, epoch: 57 | loss: 0.7787428
	speed: 0.2983s/iter; left time: 3632.3933s
	iters: 200, epoch: 57 | loss: 0.8117878
	speed: 0.1300s/iter; left time: 1570.0869s
Epoch: 57 cost time: 36.28913640975952
Epoch: 57, Steps: 279 | Train Loss: 0.7568667 Vali Loss: 0.7831919 Test Loss: 0.3590430
EarlyStopping counter: 9 out of 20
Updating learning rate to 3.381391913522731e-07
	iters: 100, epoch: 58 | loss: 0.7436973
	speed: 0.2982s/iter; left time: 3548.3562s
	iters: 200, epoch: 58 | loss: 0.6961920
	speed: 0.1300s/iter; left time: 1533.3906s
Epoch: 58 cost time: 36.30294847488403
Epoch: 58, Steps: 279 | Train Loss: 0.7570938 Vali Loss: 0.7816682 Test Loss: 0.3590406
EarlyStopping counter: 10 out of 20
Updating learning rate to 3.043252722170458e-07
	iters: 100, epoch: 59 | loss: 0.7679011
	speed: 0.2985s/iter; left time: 3467.9546s
	iters: 200, epoch: 59 | loss: 0.7346049
	speed: 0.1301s/iter; left time: 1498.4124s
Epoch: 59 cost time: 36.297297954559326
Epoch: 59, Steps: 279 | Train Loss: 0.7573242 Vali Loss: 0.7816377 Test Loss: 0.3590397
EarlyStopping counter: 11 out of 20
Updating learning rate to 2.7389274499534124e-07
	iters: 100, epoch: 60 | loss: 0.7421305
	speed: 0.2989s/iter; left time: 3389.0850s
	iters: 200, epoch: 60 | loss: 0.8109869
	speed: 0.1301s/iter; left time: 1462.6421s
Epoch: 60 cost time: 36.309847354888916
Epoch: 60, Steps: 279 | Train Loss: 0.7569905 Vali Loss: 0.7819890 Test Loss: 0.3590379
EarlyStopping counter: 12 out of 20
Updating learning rate to 2.465034704958071e-07
	iters: 100, epoch: 61 | loss: 0.7505022
	speed: 0.2991s/iter; left time: 3308.0415s
	iters: 200, epoch: 61 | loss: 0.7515435
	speed: 0.1302s/iter; left time: 1427.0765s
Epoch: 61 cost time: 36.31853628158569
Epoch: 61, Steps: 279 | Train Loss: 0.7573699 Vali Loss: 0.7821885 Test Loss: 0.3590362
EarlyStopping counter: 13 out of 20
Updating learning rate to 2.218531234462264e-07
	iters: 100, epoch: 62 | loss: 0.8334911
	speed: 0.2987s/iter; left time: 3220.8153s
	iters: 200, epoch: 62 | loss: 0.7981413
	speed: 0.1302s/iter; left time: 1390.4987s
Epoch: 62 cost time: 36.31649923324585
Epoch: 62, Steps: 279 | Train Loss: 0.7569091 Vali Loss: 0.7824564 Test Loss: 0.3590351
EarlyStopping counter: 14 out of 20
Updating learning rate to 1.9966781110160376e-07
	iters: 100, epoch: 63 | loss: 0.8508307
	speed: 0.2988s/iter; left time: 3138.5148s
	iters: 200, epoch: 63 | loss: 0.7422600
	speed: 0.1301s/iter; left time: 1353.7276s
Epoch: 63 cost time: 36.331692934036255
Epoch: 63, Steps: 279 | Train Loss: 0.7565864 Vali Loss: 0.7814150 Test Loss: 0.3590342
EarlyStopping counter: 15 out of 20
Updating learning rate to 1.797010299914434e-07
	iters: 100, epoch: 64 | loss: 0.7112191
	speed: 0.2995s/iter; left time: 3062.4339s
	iters: 200, epoch: 64 | loss: 0.7443552
	speed: 0.1304s/iter; left time: 1319.9568s
Epoch: 64 cost time: 36.41643261909485
Epoch: 64, Steps: 279 | Train Loss: 0.7569181 Vali Loss: 0.7825174 Test Loss: 0.3590331
EarlyStopping counter: 16 out of 20
Updating learning rate to 1.6173092699229907e-07
	iters: 100, epoch: 65 | loss: 0.8023672
	speed: 0.2988s/iter; left time: 2971.4462s
	iters: 200, epoch: 65 | loss: 0.7578452
	speed: 0.1310s/iter; left time: 1289.2701s
Epoch: 65 cost time: 36.43042349815369
Epoch: 65, Steps: 279 | Train Loss: 0.7571580 Vali Loss: 0.7824775 Test Loss: 0.3590323
EarlyStopping counter: 17 out of 20
Updating learning rate to 1.4555783429306916e-07
	iters: 100, epoch: 66 | loss: 0.7692857
	speed: 0.2982s/iter; left time: 2882.2657s
	iters: 200, epoch: 66 | loss: 0.7468029
	speed: 0.1309s/iter; left time: 1251.9595s
Epoch: 66 cost time: 36.409308671951294
Epoch: 66, Steps: 279 | Train Loss: 0.7572320 Vali Loss: 0.7835049 Test Loss: 0.3590317
EarlyStopping counter: 18 out of 20
Updating learning rate to 1.3100205086376224e-07
	iters: 100, epoch: 67 | loss: 0.8284560
	speed: 0.2981s/iter; left time: 2798.4118s
	iters: 200, epoch: 67 | loss: 0.7409821
	speed: 0.1308s/iter; left time: 1214.6017s
Epoch: 67 cost time: 36.41307258605957
Epoch: 67, Steps: 279 | Train Loss: 0.7571731 Vali Loss: 0.7824830 Test Loss: 0.3590311
EarlyStopping counter: 19 out of 20
Updating learning rate to 1.1790184577738603e-07
	iters: 100, epoch: 68 | loss: 0.6797065
	speed: 0.2985s/iter; left time: 2719.0125s
	iters: 200, epoch: 68 | loss: 0.7883356
	speed: 0.1306s/iter; left time: 1176.5770s
Epoch: 68 cost time: 36.42148542404175
Epoch: 68, Steps: 279 | Train Loss: 0.7568928 Vali Loss: 0.7820287 Test Loss: 0.3590315
EarlyStopping counter: 20 out of 20
Early stopping
>>>>>>>testing : NL_weather_cms3_lr0.0001_5steps_336_720_PatchTST_custom_ftM_sl336_ll48_pl720_dm128_nh16_el3_dl1_df256_fc1_ebtimeF_dtTruelr0.0001_pol5steps_Nested_Learning_0<<<<<<<<<<<<<<<<<<<<<<<<<<<<<<<<<
test 9820
 Ejecutando Inferencia DINÁMICA (Nested Learning con cms3)
  -> Política: 5steps | LR: 0.0001 | Target: head

RESUMEN: El CMS se actualizó 16 veces de 76 posibles.

mse:0.3590744435787201, mae:0.3718685209751129, rse:0.7905160188674927
