==========================================================
SÚPER ARRAY TFG - TAREA ID: 97 / 113
Nodo: dionisio
Dataset: weather | Experimento: NL_weather_cms_lr0.001_5steps
Cabeza: cms | LR: 0.001 | Política: 5steps
==========================================================
Args in experiment:
Namespace(random_seed=2021, is_training=1, model_id='NL_weather_cms_lr0.001_5steps_336_96', model='PatchTST', data='custom', root_path='./dataset/', data_path='weather.csv', features='M', target='OT', freq='h', checkpoints='./checkpoints/', seq_len=336, label_len=48, pred_len=96, head_type='cms', cms_lr=0.001, update_policy='5steps', fc_dropout=0.2, head_dropout=0.0, patch_len=16, stride=8, padding_patch='end', revin=1, affine=0, subtract_last=0, decomposition=0, kernel_size=25, individual=0, embed_type=0, enc_in=21, dec_in=7, c_out=7, d_model=128, n_heads=16, e_layers=3, d_layers=1, d_ff=256, moving_avg=25, factor=1, distil=True, dropout=0.2, embed='timeF', activation='gelu', output_attention=False, do_predict=False, num_workers=0, itr=1, train_epochs=100, batch_size=128, patience=20, learning_rate=0.0001, des='Nested_Learning', loss='mse', lradj='type3', pct_start=0.3, use_amp=False, use_gpu=True, gpu=0, use_multi_gpu=False, devices='0,1,2,3', test_flop=False)
Use GPU: cuda:0
>>>>>>>start training : NL_weather_cms_lr0.001_5steps_336_96_PatchTST_custom_ftM_sl336_ll48_pl96_dm128_nh16_el3_dl1_df256_fc1_ebtimeF_dtTruelr0.001_pol5steps_Nested_Learning_0>>>>>>>>>>>>>>>>>>>>>>>>>>
train 36456
val 5175
test 10444
	iters: 100, epoch: 1 | loss: 0.8795122
	speed: 0.1439s/iter; left time: 4072.2002s
	iters: 200, epoch: 1 | loss: 1.1340853
	speed: 0.1295s/iter; left time: 3651.5665s
Epoch: 1 cost time: 36.941723585128784
Epoch: 1, Steps: 284 | Train Loss: 0.7139826 Vali Loss: 0.6494144 Test Loss: 0.2615979
Validation loss decreased (inf --> 0.649414).  Saving model ...
Updating learning rate to 0.0001
	iters: 100, epoch: 2 | loss: 0.6768756
	speed: 0.3025s/iter; left time: 8476.1499s
	iters: 200, epoch: 2 | loss: 0.6507708
	speed: 0.1322s/iter; left time: 3691.3272s
Epoch: 2 cost time: 37.544655084609985
Epoch: 2, Steps: 284 | Train Loss: 0.6952121 Vali Loss: 0.6234767 Test Loss: 0.2539821
Validation loss decreased (0.649414 --> 0.623477).  Saving model ...
Updating learning rate to 0.0001
	iters: 100, epoch: 3 | loss: 0.6064348
	speed: 0.3067s/iter; left time: 8506.5017s
	iters: 200, epoch: 3 | loss: 0.8121944
	speed: 0.1328s/iter; left time: 3669.8299s
Epoch: 3 cost time: 37.68895196914673
Epoch: 3, Steps: 284 | Train Loss: 0.6643475 Vali Loss: 0.6003206 Test Loss: 0.2471382
Validation loss decreased (0.623477 --> 0.600321).  Saving model ...
Updating learning rate to 0.0001
	iters: 100, epoch: 4 | loss: 0.6539865
	speed: 0.3062s/iter; left time: 8404.4290s
	iters: 200, epoch: 4 | loss: 0.6149548
	speed: 0.1330s/iter; left time: 3638.2124s
Epoch: 4 cost time: 37.763206481933594
Epoch: 4, Steps: 284 | Train Loss: 0.6356693 Vali Loss: 0.5760390 Test Loss: 0.2401021
Validation loss decreased (0.600321 --> 0.576039).  Saving model ...
Updating learning rate to 9e-05
	iters: 100, epoch: 5 | loss: 0.7941765
	speed: 0.3071s/iter; left time: 8342.0812s
	iters: 200, epoch: 5 | loss: 0.6159636
	speed: 0.1329s/iter; left time: 3596.1936s
Epoch: 5 cost time: 37.729737997055054
Epoch: 5, Steps: 284 | Train Loss: 0.6092792 Vali Loss: 0.5547292 Test Loss: 0.2335416
Validation loss decreased (0.576039 --> 0.554729).  Saving model ...
Updating learning rate to 8.1e-05
	iters: 100, epoch: 6 | loss: 0.7115458
	speed: 0.3059s/iter; left time: 8221.9482s
	iters: 200, epoch: 6 | loss: 0.6727081
	speed: 0.1328s/iter; left time: 3556.3899s
Epoch: 6 cost time: 37.715752601623535
Epoch: 6, Steps: 284 | Train Loss: 0.5857054 Vali Loss: 0.5355697 Test Loss: 0.2276776
Validation loss decreased (0.554729 --> 0.535570).  Saving model ...
Updating learning rate to 7.290000000000001e-05
	iters: 100, epoch: 7 | loss: 0.6293351
	speed: 0.3054s/iter; left time: 8123.9223s
	iters: 200, epoch: 7 | loss: 0.9657043
	speed: 0.1327s/iter; left time: 3516.0634s
Epoch: 7 cost time: 37.66244292259216
Epoch: 7, Steps: 284 | Train Loss: 0.5669923 Vali Loss: 0.5232662 Test Loss: 0.2224616
Validation loss decreased (0.535570 --> 0.523266).  Saving model ...
Updating learning rate to 6.561e-05
	iters: 100, epoch: 8 | loss: 0.6904352
	speed: 0.3050s/iter; left time: 8024.8423s
	iters: 200, epoch: 8 | loss: 0.4235383
	speed: 0.1321s/iter; left time: 3463.7234s
Epoch: 8 cost time: 37.50682592391968
Epoch: 8, Steps: 284 | Train Loss: 0.5509555 Vali Loss: 0.5126475 Test Loss: 0.2178356
Validation loss decreased (0.523266 --> 0.512648).  Saving model ...
Updating learning rate to 5.904900000000001e-05
	iters: 100, epoch: 9 | loss: 0.4875848
	speed: 0.3041s/iter; left time: 7914.6898s
	iters: 200, epoch: 9 | loss: 0.7053368
	speed: 0.1317s/iter; left time: 3413.7544s
Epoch: 9 cost time: 37.374534130096436
Epoch: 9, Steps: 284 | Train Loss: 0.5376040 Vali Loss: 0.5028275 Test Loss: 0.2137140
Validation loss decreased (0.512648 --> 0.502828).  Saving model ...
Updating learning rate to 5.3144100000000005e-05
	iters: 100, epoch: 10 | loss: 0.4822943
	speed: 0.3032s/iter; left time: 7806.6296s
	iters: 200, epoch: 10 | loss: 0.8455534
	speed: 0.1314s/iter; left time: 3369.7179s
Epoch: 10 cost time: 37.29359531402588
Epoch: 10, Steps: 284 | Train Loss: 0.5268328 Vali Loss: 0.4943694 Test Loss: 0.2100782
Validation loss decreased (0.502828 --> 0.494369).  Saving model ...
Updating learning rate to 4.782969000000001e-05
	iters: 100, epoch: 11 | loss: 0.5175180
	speed: 0.3027s/iter; left time: 7705.9461s
	iters: 200, epoch: 11 | loss: 0.4274307
	speed: 0.1311s/iter; left time: 3325.6995s
Epoch: 11 cost time: 37.23622131347656
Epoch: 11, Steps: 284 | Train Loss: 0.5174558 Vali Loss: 0.4850903 Test Loss: 0.2068385
Validation loss decreased (0.494369 --> 0.485090).  Saving model ...
Updating learning rate to 4.304672100000001e-05
	iters: 100, epoch: 12 | loss: 0.4030546
	speed: 0.3016s/iter; left time: 7593.7244s
	iters: 200, epoch: 12 | loss: 0.4368415
	speed: 0.1310s/iter; left time: 3285.3148s
Epoch: 12 cost time: 37.188063859939575
Epoch: 12, Steps: 284 | Train Loss: 0.5089998 Vali Loss: 0.4767431 Test Loss: 0.2038481
Validation loss decreased (0.485090 --> 0.476743).  Saving model ...
Updating learning rate to 3.874204890000001e-05
	iters: 100, epoch: 13 | loss: 0.9690695
	speed: 0.3011s/iter; left time: 7495.6339s
	iters: 200, epoch: 13 | loss: 0.4259936
	speed: 0.1308s/iter; left time: 3243.4684s
Epoch: 13 cost time: 37.144991636276245
Epoch: 13, Steps: 284 | Train Loss: 0.5029943 Vali Loss: 0.4715870 Test Loss: 0.2012351
Validation loss decreased (0.476743 --> 0.471587).  Saving model ...
Updating learning rate to 3.486784401000001e-05
	iters: 100, epoch: 14 | loss: 0.7452316
	speed: 0.3008s/iter; left time: 7402.2942s
	iters: 200, epoch: 14 | loss: 0.5525131
	speed: 0.1307s/iter; left time: 3203.4424s
Epoch: 14 cost time: 37.10361957550049
Epoch: 14, Steps: 284 | Train Loss: 0.4974868 Vali Loss: 0.4683126 Test Loss: 0.1988847
Validation loss decreased (0.471587 --> 0.468313).  Saving model ...
Updating learning rate to 3.138105960900001e-05
	iters: 100, epoch: 15 | loss: 0.3965946
	speed: 0.3015s/iter; left time: 7334.7590s
	iters: 200, epoch: 15 | loss: 0.3422827
	speed: 0.1306s/iter; left time: 3163.8094s
Epoch: 15 cost time: 37.079893350601196
Epoch: 15, Steps: 284 | Train Loss: 0.4925213 Vali Loss: 0.4628537 Test Loss: 0.1968041
Validation loss decreased (0.468313 --> 0.462854).  Saving model ...
Updating learning rate to 2.824295364810001e-05
	iters: 100, epoch: 16 | loss: 0.6607872
	speed: 0.3006s/iter; left time: 7225.7118s
	iters: 200, epoch: 16 | loss: 0.7826985
	speed: 0.1305s/iter; left time: 3124.0342s
Epoch: 16 cost time: 37.056341886520386
Epoch: 16, Steps: 284 | Train Loss: 0.4883469 Vali Loss: 0.4592041 Test Loss: 0.1949657
Validation loss decreased (0.462854 --> 0.459204).  Saving model ...
Updating learning rate to 2.541865828329001e-05
	iters: 100, epoch: 17 | loss: 0.4163558
	speed: 0.3009s/iter; left time: 7148.3233s
	iters: 200, epoch: 17 | loss: 0.9223975
	speed: 0.1305s/iter; left time: 3087.0889s
Epoch: 17 cost time: 37.04859018325806
Epoch: 17, Steps: 284 | Train Loss: 0.4844132 Vali Loss: 0.4559277 Test Loss: 0.1932850
Validation loss decreased (0.459204 --> 0.455928).  Saving model ...
Updating learning rate to 2.287679245496101e-05
	iters: 100, epoch: 18 | loss: 0.3098554
	speed: 0.3015s/iter; left time: 7076.2042s
	iters: 200, epoch: 18 | loss: 0.5564102
	speed: 0.1304s/iter; left time: 3048.7409s
Epoch: 18 cost time: 37.041786193847656
Epoch: 18, Steps: 284 | Train Loss: 0.4816337 Vali Loss: 0.4526796 Test Loss: 0.1918160
Validation loss decreased (0.455928 --> 0.452680).  Saving model ...
Updating learning rate to 2.0589113209464907e-05
	iters: 100, epoch: 19 | loss: 0.8622241
	speed: 0.3009s/iter; left time: 6978.3700s
	iters: 200, epoch: 19 | loss: 0.5757689
	speed: 0.1304s/iter; left time: 3011.5616s
Epoch: 19 cost time: 37.042500495910645
Epoch: 19, Steps: 284 | Train Loss: 0.4790389 Vali Loss: 0.4506392 Test Loss: 0.1904850
Validation loss decreased (0.452680 --> 0.450639).  Saving model ...
Updating learning rate to 1.8530201888518416e-05
	iters: 100, epoch: 20 | loss: 0.4972667
	speed: 0.3004s/iter; left time: 6881.4797s
	iters: 200, epoch: 20 | loss: 0.4217461
	speed: 0.1303s/iter; left time: 2972.4847s
Epoch: 20 cost time: 37.01905679702759
Epoch: 20, Steps: 284 | Train Loss: 0.4766280 Vali Loss: 0.4474467 Test Loss: 0.1893371
Validation loss decreased (0.450639 --> 0.447447).  Saving model ...
Updating learning rate to 1.6677181699666577e-05
	iters: 100, epoch: 21 | loss: 0.3350156
	speed: 0.3027s/iter; left time: 6847.6153s
	iters: 200, epoch: 21 | loss: 0.3977734
	speed: 0.1303s/iter; left time: 2934.7274s
Epoch: 21 cost time: 37.00396275520325
Epoch: 21, Steps: 284 | Train Loss: 0.4736050 Vali Loss: 0.4438177 Test Loss: 0.1882610
Validation loss decreased (0.447447 --> 0.443818).  Saving model ...
Updating learning rate to 1.5009463529699919e-05
	iters: 100, epoch: 22 | loss: 0.3381528
	speed: 0.3003s/iter; left time: 6707.3024s
	iters: 200, epoch: 22 | loss: 0.4643404
	speed: 0.1303s/iter; left time: 2898.1854s
Epoch: 22 cost time: 37.015159368515015
Epoch: 22, Steps: 284 | Train Loss: 0.4723901 Vali Loss: 0.4438381 Test Loss: 0.1873091
EarlyStopping counter: 1 out of 20
Updating learning rate to 1.3508517176729929e-05
	iters: 100, epoch: 23 | loss: 0.3331021
	speed: 0.2995s/iter; left time: 6604.6360s
	iters: 200, epoch: 23 | loss: 0.4319974
	speed: 0.1303s/iter; left time: 2860.5797s
Epoch: 23 cost time: 37.00937294960022
Epoch: 23, Steps: 284 | Train Loss: 0.4703730 Vali Loss: 0.4413720 Test Loss: 0.1864690
Validation loss decreased (0.443818 --> 0.441372).  Saving model ...
Updating learning rate to 1.2157665459056936e-05
	iters: 100, epoch: 24 | loss: 0.5163978
	speed: 0.3005s/iter; left time: 6540.8619s
	iters: 200, epoch: 24 | loss: 0.4056202
	speed: 0.1303s/iter; left time: 2823.8886s
Epoch: 24 cost time: 37.01751160621643
Epoch: 24, Steps: 284 | Train Loss: 0.4694338 Vali Loss: 0.4411941 Test Loss: 0.1856985
Validation loss decreased (0.441372 --> 0.441194).  Saving model ...
Updating learning rate to 1.0941898913151242e-05
	iters: 100, epoch: 25 | loss: 0.3917590
	speed: 0.3000s/iter; left time: 6446.0738s
	iters: 200, epoch: 25 | loss: 0.5671700
	speed: 0.1304s/iter; left time: 2787.5953s
Epoch: 25 cost time: 37.01983451843262
Epoch: 25, Steps: 284 | Train Loss: 0.4672012 Vali Loss: 0.4391509 Test Loss: 0.1849963
Validation loss decreased (0.441194 --> 0.439151).  Saving model ...
Updating learning rate to 9.847709021836118e-06
	iters: 100, epoch: 26 | loss: 0.3423560
	speed: 0.3006s/iter; left time: 6373.8805s
	iters: 200, epoch: 26 | loss: 0.3688796
	speed: 0.1303s/iter; left time: 2750.4159s
Epoch: 26 cost time: 37.01406955718994
Epoch: 26, Steps: 284 | Train Loss: 0.4675480 Vali Loss: 0.4357657 Test Loss: 0.1843918
Validation loss decreased (0.439151 --> 0.435766).  Saving model ...
Updating learning rate to 8.862938119652508e-06
	iters: 100, epoch: 27 | loss: 0.3985012
	speed: 0.3007s/iter; left time: 6289.3803s
	iters: 200, epoch: 27 | loss: 0.3427353
	speed: 0.1303s/iter; left time: 2712.2458s
Epoch: 27 cost time: 37.008705615997314
Epoch: 27, Steps: 284 | Train Loss: 0.4663338 Vali Loss: 0.4371709 Test Loss: 0.1838611
EarlyStopping counter: 1 out of 20
Updating learning rate to 7.976644307687255e-06
	iters: 100, epoch: 28 | loss: 0.3299627
	speed: 0.2995s/iter; left time: 6180.0752s
	iters: 200, epoch: 28 | loss: 0.4065857
	speed: 0.1304s/iter; left time: 2676.5844s
Epoch: 28 cost time: 37.01750159263611
Epoch: 28, Steps: 284 | Train Loss: 0.4655398 Vali Loss: 0.4355083 Test Loss: 0.1833784
Validation loss decreased (0.435766 --> 0.435508).  Saving model ...
Updating learning rate to 7.178979876918531e-06
	iters: 100, epoch: 29 | loss: 0.3796584
	speed: 0.3001s/iter; left time: 6106.5328s
	iters: 200, epoch: 29 | loss: 0.4307025
	speed: 0.1303s/iter; left time: 2637.7579s
Epoch: 29 cost time: 36.99635863304138
Epoch: 29, Steps: 284 | Train Loss: 0.4639155 Vali Loss: 0.4336246 Test Loss: 0.1829600
Validation loss decreased (0.435508 --> 0.433625).  Saving model ...
Updating learning rate to 6.4610818892266776e-06
	iters: 100, epoch: 30 | loss: 0.4388607
	speed: 0.3022s/iter; left time: 6063.3750s
	iters: 200, epoch: 30 | loss: 0.6794112
	speed: 0.1303s/iter; left time: 2601.7444s
Epoch: 30 cost time: 37.00146222114563
Epoch: 30, Steps: 284 | Train Loss: 0.4638741 Vali Loss: 0.4315298 Test Loss: 0.1825643
Validation loss decreased (0.433625 --> 0.431530).  Saving model ...
Updating learning rate to 5.8149737003040096e-06
	iters: 100, epoch: 31 | loss: 0.3282621
	speed: 0.3001s/iter; left time: 5936.0412s
	iters: 200, epoch: 31 | loss: 0.3493136
	speed: 0.1303s/iter; left time: 2564.3193s
Epoch: 31 cost time: 37.00412130355835
Epoch: 31, Steps: 284 | Train Loss: 0.4634788 Vali Loss: 0.4335492 Test Loss: 0.1822155
EarlyStopping counter: 1 out of 20
Updating learning rate to 5.23347633027361e-06
	iters: 100, epoch: 32 | loss: 0.4969068
	speed: 0.2994s/iter; left time: 5837.4901s
	iters: 200, epoch: 32 | loss: 0.5851378
	speed: 0.1303s/iter; left time: 2527.4002s
Epoch: 32 cost time: 37.00911283493042
Epoch: 32, Steps: 284 | Train Loss: 0.4628776 Vali Loss: 0.4326325 Test Loss: 0.1819285
EarlyStopping counter: 2 out of 20
Updating learning rate to 4.710128697246249e-06
	iters: 100, epoch: 33 | loss: 0.5578185
	speed: 0.2995s/iter; left time: 5754.4633s
	iters: 200, epoch: 33 | loss: 0.3306556
	speed: 0.1303s/iter; left time: 2489.8482s
Epoch: 33 cost time: 37.00403809547424
Epoch: 33, Steps: 284 | Train Loss: 0.4624771 Vali Loss: 0.4319844 Test Loss: 0.1816232
EarlyStopping counter: 3 out of 20
Updating learning rate to 4.239115827521624e-06
	iters: 100, epoch: 34 | loss: 0.4111667
	speed: 0.2993s/iter; left time: 5665.9327s
	iters: 200, epoch: 34 | loss: 0.3153997
	speed: 0.1302s/iter; left time: 2452.1842s
Epoch: 34 cost time: 36.99427080154419
Epoch: 34, Steps: 284 | Train Loss: 0.4622909 Vali Loss: 0.4317534 Test Loss: 0.1813607
EarlyStopping counter: 4 out of 20
Updating learning rate to 3.815204244769462e-06
	iters: 100, epoch: 35 | loss: 0.7522467
	speed: 0.2993s/iter; left time: 5581.2574s
	iters: 200, epoch: 35 | loss: 0.6140480
	speed: 0.1303s/iter; left time: 2416.0722s
Epoch: 35 cost time: 37.001161098480225
Epoch: 35, Steps: 284 | Train Loss: 0.4618009 Vali Loss: 0.4320849 Test Loss: 0.1811665
EarlyStopping counter: 5 out of 20
Updating learning rate to 3.4336838202925152e-06
	iters: 100, epoch: 36 | loss: 0.4236911
	speed: 0.2993s/iter; left time: 5494.8224s
	iters: 200, epoch: 36 | loss: 0.5918340
	speed: 0.1303s/iter; left time: 2378.8795s
Epoch: 36 cost time: 36.999998807907104
Epoch: 36, Steps: 284 | Train Loss: 0.4613064 Vali Loss: 0.4273940 Test Loss: 0.1809520
Validation loss decreased (0.431530 --> 0.427394).  Saving model ...
Updating learning rate to 3.090315438263264e-06
	iters: 100, epoch: 37 | loss: 0.3830486
	speed: 0.3008s/iter; left time: 5438.2844s
	iters: 200, epoch: 37 | loss: 0.3828122
	speed: 0.1303s/iter; left time: 2341.7715s
Epoch: 37 cost time: 36.99210023880005
Epoch: 37, Steps: 284 | Train Loss: 0.4613090 Vali Loss: 0.4311922 Test Loss: 0.1807552
EarlyStopping counter: 1 out of 20
Updating learning rate to 2.7812838944369375e-06
	iters: 100, epoch: 38 | loss: 0.3903782
	speed: 0.2994s/iter; left time: 5326.9481s
	iters: 200, epoch: 38 | loss: 0.4124317
	speed: 0.1303s/iter; left time: 2304.9639s
Epoch: 38 cost time: 37.001668214797974
Epoch: 38, Steps: 284 | Train Loss: 0.4609530 Vali Loss: 0.4294620 Test Loss: 0.1806346
EarlyStopping counter: 2 out of 20
Updating learning rate to 2.503155504993244e-06
	iters: 100, epoch: 39 | loss: 0.6603526
	speed: 0.2993s/iter; left time: 5240.8999s
	iters: 200, epoch: 39 | loss: 0.3612082
	speed: 0.1303s/iter; left time: 2268.0423s
Epoch: 39 cost time: 37.0049147605896
Epoch: 39, Steps: 284 | Train Loss: 0.4606276 Vali Loss: 0.4289051 Test Loss: 0.1804715
EarlyStopping counter: 3 out of 20
Updating learning rate to 2.2528399544939195e-06
	iters: 100, epoch: 40 | loss: 0.6668804
	speed: 0.2994s/iter; left time: 5156.3191s
	iters: 200, epoch: 40 | loss: 0.8516286
	speed: 0.1302s/iter; left time: 2230.2777s
Epoch: 40 cost time: 36.998717069625854
Epoch: 40, Steps: 284 | Train Loss: 0.4594317 Vali Loss: 0.4287480 Test Loss: 0.1803614
EarlyStopping counter: 4 out of 20
Updating learning rate to 2.0275559590445276e-06
	iters: 100, epoch: 41 | loss: 0.5890918
	speed: 0.2993s/iter; left time: 5070.4103s
	iters: 200, epoch: 41 | loss: 0.4275652
	speed: 0.1302s/iter; left time: 2192.9671s
Epoch: 41 cost time: 36.99234175682068
Epoch: 41, Steps: 284 | Train Loss: 0.4603469 Vali Loss: 0.4275596 Test Loss: 0.1802363
EarlyStopping counter: 5 out of 20
Updating learning rate to 1.8248003631400751e-06
	iters: 100, epoch: 42 | loss: 0.7279712
	speed: 0.2992s/iter; left time: 4983.9764s
	iters: 200, epoch: 42 | loss: 0.4962341
	speed: 0.1303s/iter; left time: 2157.3317s
Epoch: 42 cost time: 36.99542951583862
Epoch: 42, Steps: 284 | Train Loss: 0.4601085 Vali Loss: 0.4286183 Test Loss: 0.1801248
EarlyStopping counter: 6 out of 20
Updating learning rate to 1.6423203268260676e-06
	iters: 100, epoch: 43 | loss: 0.3882435
	speed: 0.2990s/iter; left time: 4895.1253s
	iters: 200, epoch: 43 | loss: 0.3657343
	speed: 0.1303s/iter; left time: 2120.6185s
Epoch: 43 cost time: 37.00339889526367
Epoch: 43, Steps: 284 | Train Loss: 0.4599712 Vali Loss: 0.4298387 Test Loss: 0.1800196
EarlyStopping counter: 7 out of 20
Updating learning rate to 1.4780882941434609e-06
	iters: 100, epoch: 44 | loss: 0.4136123
	speed: 0.2991s/iter; left time: 4811.8991s
	iters: 200, epoch: 44 | loss: 0.4688861
	speed: 0.1303s/iter; left time: 2082.6724s
Epoch: 44 cost time: 36.981884241104126
Epoch: 44, Steps: 284 | Train Loss: 0.4587997 Vali Loss: 0.4275982 Test Loss: 0.1799307
EarlyStopping counter: 8 out of 20
Updating learning rate to 1.3302794647291146e-06
	iters: 100, epoch: 45 | loss: 0.3441027
	speed: 0.2993s/iter; left time: 4730.3079s
	iters: 200, epoch: 45 | loss: 0.3851859
	speed: 0.1303s/iter; left time: 2045.7489s
Epoch: 45 cost time: 36.97989010810852
Epoch: 45, Steps: 284 | Train Loss: 0.4596780 Vali Loss: 0.4287741 Test Loss: 0.1798529
EarlyStopping counter: 9 out of 20
Updating learning rate to 1.1972515182562034e-06
	iters: 100, epoch: 46 | loss: 0.4347934
	speed: 0.2989s/iter; left time: 4639.0071s
	iters: 200, epoch: 46 | loss: 0.5675303
	speed: 0.1303s/iter; left time: 2008.9366s
Epoch: 46 cost time: 36.98331904411316
Epoch: 46, Steps: 284 | Train Loss: 0.4594701 Vali Loss: 0.4274287 Test Loss: 0.1797960
EarlyStopping counter: 10 out of 20
Updating learning rate to 1.077526366430583e-06
	iters: 100, epoch: 47 | loss: 0.5367127
	speed: 0.2991s/iter; left time: 4557.7470s
	iters: 200, epoch: 47 | loss: 0.3200125
	speed: 0.1303s/iter; left time: 1972.2654s
Epoch: 47 cost time: 36.991039991378784
Epoch: 47, Steps: 284 | Train Loss: 0.4591849 Vali Loss: 0.4288994 Test Loss: 0.1797486
EarlyStopping counter: 11 out of 20
Updating learning rate to 9.697737297875248e-07
	iters: 100, epoch: 48 | loss: 0.4170287
	speed: 0.2991s/iter; left time: 4472.9138s
	iters: 200, epoch: 48 | loss: 0.4323808
	speed: 0.1303s/iter; left time: 1934.8876s
Epoch: 48 cost time: 36.986016035079956
Epoch: 48, Steps: 284 | Train Loss: 0.4592526 Vali Loss: 0.4282052 Test Loss: 0.1796807
EarlyStopping counter: 12 out of 20
Updating learning rate to 8.727963568087723e-07
	iters: 100, epoch: 49 | loss: 0.4387473
	speed: 0.2992s/iter; left time: 4388.9392s
	iters: 200, epoch: 49 | loss: 0.8606305
	speed: 0.1303s/iter; left time: 1897.8700s
Epoch: 49 cost time: 36.98699164390564
Epoch: 49, Steps: 284 | Train Loss: 0.4589074 Vali Loss: 0.4297145 Test Loss: 0.1796360
EarlyStopping counter: 13 out of 20
Updating learning rate to 7.855167211278951e-07
	iters: 100, epoch: 50 | loss: 0.5370785
	speed: 0.2992s/iter; left time: 4303.7748s
	iters: 200, epoch: 50 | loss: 0.3044509
	speed: 0.1302s/iter; left time: 1860.3764s
Epoch: 50 cost time: 36.98521947860718
Epoch: 50, Steps: 284 | Train Loss: 0.4591741 Vali Loss: 0.4277344 Test Loss: 0.1795958
EarlyStopping counter: 14 out of 20
Updating learning rate to 7.069650490151056e-07
	iters: 100, epoch: 51 | loss: 0.3923686
	speed: 0.2989s/iter; left time: 4215.4640s
	iters: 200, epoch: 51 | loss: 0.6041805
	speed: 0.1303s/iter; left time: 1823.8469s
Epoch: 51 cost time: 36.98643684387207
Epoch: 51, Steps: 284 | Train Loss: 0.4580874 Vali Loss: 0.4276117 Test Loss: 0.1795458
EarlyStopping counter: 15 out of 20
Updating learning rate to 6.36268544113595e-07
	iters: 100, epoch: 52 | loss: 0.3863958
	speed: 0.2994s/iter; left time: 4136.8315s
	iters: 200, epoch: 52 | loss: 0.4992284
	speed: 0.1302s/iter; left time: 1786.4100s
Epoch: 52 cost time: 36.989986181259155
Epoch: 52, Steps: 284 | Train Loss: 0.4582900 Vali Loss: 0.4282660 Test Loss: 0.1795198
EarlyStopping counter: 16 out of 20
Updating learning rate to 5.726416897022355e-07
	iters: 100, epoch: 53 | loss: 0.4147825
	speed: 0.2992s/iter; left time: 4048.6016s
	iters: 200, epoch: 53 | loss: 0.3964478
	speed: 0.1303s/iter; left time: 1750.3970s
Epoch: 53 cost time: 37.005186319351196
Epoch: 53, Steps: 284 | Train Loss: 0.4586355 Vali Loss: 0.4287410 Test Loss: 0.1794735
EarlyStopping counter: 17 out of 20
Updating learning rate to 5.15377520732012e-07
	iters: 100, epoch: 54 | loss: 0.4703161
	speed: 0.2994s/iter; left time: 3966.9871s
	iters: 200, epoch: 54 | loss: 0.4850835
	speed: 0.1302s/iter; left time: 1712.6048s
Epoch: 54 cost time: 36.99439024925232
Epoch: 54, Steps: 284 | Train Loss: 0.4573757 Vali Loss: 0.4274544 Test Loss: 0.1794489
EarlyStopping counter: 18 out of 20
Updating learning rate to 4.6383976865881085e-07
	iters: 100, epoch: 55 | loss: 0.6734722
	speed: 0.2994s/iter; left time: 3881.1934s
	iters: 200, epoch: 55 | loss: 0.4175501
	speed: 0.1303s/iter; left time: 1676.0095s
Epoch: 55 cost time: 36.99707102775574
Epoch: 55, Steps: 284 | Train Loss: 0.4588270 Vali Loss: 0.4272786 Test Loss: 0.1794205
Validation loss decreased (0.427394 --> 0.427279).  Saving model ...
Updating learning rate to 4.174557917929298e-07
	iters: 100, epoch: 56 | loss: 0.6114542
	speed: 0.3003s/iter; left time: 3808.1623s
	iters: 200, epoch: 56 | loss: 0.3575478
	speed: 0.1302s/iter; left time: 1638.1109s
Epoch: 56 cost time: 36.98372530937195
Epoch: 56, Steps: 284 | Train Loss: 0.4579707 Vali Loss: 0.4285241 Test Loss: 0.1794028
EarlyStopping counter: 1 out of 20
Updating learning rate to 3.7571021261363677e-07
	iters: 100, epoch: 57 | loss: 0.4141568
	speed: 0.2991s/iter; left time: 3707.9819s
	iters: 200, epoch: 57 | loss: 0.5444677
	speed: 0.1302s/iter; left time: 1600.9244s
Epoch: 57 cost time: 36.98205327987671
Epoch: 57, Steps: 284 | Train Loss: 0.4588584 Vali Loss: 0.4279856 Test Loss: 0.1793779
EarlyStopping counter: 2 out of 20
Updating learning rate to 3.381391913522731e-07
	iters: 100, epoch: 58 | loss: 0.8481523
	speed: 0.2992s/iter; left time: 3624.0275s
	iters: 200, epoch: 58 | loss: 0.3956369
	speed: 0.1302s/iter; left time: 1564.3927s
Epoch: 58 cost time: 36.99224328994751
Epoch: 58, Steps: 284 | Train Loss: 0.4588470 Vali Loss: 0.4285416 Test Loss: 0.1793795
EarlyStopping counter: 3 out of 20
Updating learning rate to 3.043252722170458e-07
	iters: 100, epoch: 59 | loss: 0.6404077
	speed: 0.2992s/iter; left time: 3539.0435s
	iters: 200, epoch: 59 | loss: 0.4541190
	speed: 0.1302s/iter; left time: 1527.1818s
Epoch: 59 cost time: 36.9854302406311
Epoch: 59, Steps: 284 | Train Loss: 0.4588082 Vali Loss: 0.4263577 Test Loss: 0.1793385
Validation loss decreased (0.427279 --> 0.426358).  Saving model ...
Updating learning rate to 2.7389274499534124e-07
	iters: 100, epoch: 60 | loss: 0.5478584
	speed: 0.3005s/iter; left time: 3468.9009s
	iters: 200, epoch: 60 | loss: 0.5625528
	speed: 0.1302s/iter; left time: 1490.1127s
Epoch: 60 cost time: 36.975868225097656
Epoch: 60, Steps: 284 | Train Loss: 0.4585916 Vali Loss: 0.4262099 Test Loss: 0.1793195
Validation loss decreased (0.426358 --> 0.426210).  Saving model ...
Updating learning rate to 2.465034704958071e-07
	iters: 100, epoch: 61 | loss: 0.3617737
	speed: 0.2995s/iter; left time: 3373.1513s
	iters: 200, epoch: 61 | loss: 0.5990158
	speed: 0.1302s/iter; left time: 1452.9198s
Epoch: 61 cost time: 36.9772047996521
Epoch: 61, Steps: 284 | Train Loss: 0.4579644 Vali Loss: 0.4293559 Test Loss: 0.1793230
EarlyStopping counter: 1 out of 20
Updating learning rate to 2.218531234462264e-07
	iters: 100, epoch: 62 | loss: 0.6662077
	speed: 0.2991s/iter; left time: 3283.4667s
	iters: 200, epoch: 62 | loss: 0.3925961
	speed: 0.1302s/iter; left time: 1416.0213s
Epoch: 62 cost time: 36.98071646690369
Epoch: 62, Steps: 284 | Train Loss: 0.4588498 Vali Loss: 0.4250932 Test Loss: 0.1793056
Validation loss decreased (0.426210 --> 0.425093).  Saving model ...
Updating learning rate to 1.9966781110160376e-07
	iters: 100, epoch: 63 | loss: 0.6118515
	speed: 0.3003s/iter; left time: 3211.4351s
	iters: 200, epoch: 63 | loss: 0.7718121
	speed: 0.1302s/iter; left time: 1379.3021s
Epoch: 63 cost time: 36.98664426803589
Epoch: 63, Steps: 284 | Train Loss: 0.4586256 Vali Loss: 0.4282823 Test Loss: 0.1792969
EarlyStopping counter: 1 out of 20
Updating learning rate to 1.797010299914434e-07
	iters: 100, epoch: 64 | loss: 0.4135823
	speed: 0.2992s/iter; left time: 3113.9078s
	iters: 200, epoch: 64 | loss: 0.6134180
	speed: 0.1303s/iter; left time: 1343.7348s
Epoch: 64 cost time: 37.01712965965271
Epoch: 64, Steps: 284 | Train Loss: 0.4583118 Vali Loss: 0.4277767 Test Loss: 0.1792830
EarlyStopping counter: 2 out of 20
Updating learning rate to 1.6173092699229907e-07
	iters: 100, epoch: 65 | loss: 0.3124897
	speed: 0.2992s/iter; left time: 3029.7013s
	iters: 200, epoch: 65 | loss: 0.4028349
	speed: 0.1302s/iter; left time: 1305.3077s
Epoch: 65 cost time: 36.98200964927673
Epoch: 65, Steps: 284 | Train Loss: 0.4576897 Vali Loss: 0.4275519 Test Loss: 0.1793033
EarlyStopping counter: 3 out of 20
Updating learning rate to 1.4555783429306916e-07
	iters: 100, epoch: 66 | loss: 0.4384994
	speed: 0.2988s/iter; left time: 2940.9466s
	iters: 200, epoch: 66 | loss: 0.3723636
	speed: 0.1302s/iter; left time: 1267.8321s
Epoch: 66 cost time: 36.96406054496765
Epoch: 66, Steps: 284 | Train Loss: 0.4575733 Vali Loss: 0.4261888 Test Loss: 0.1792671
EarlyStopping counter: 4 out of 20
Updating learning rate to 1.3100205086376224e-07
	iters: 100, epoch: 67 | loss: 0.4038475
	speed: 0.2990s/iter; left time: 2857.9666s
	iters: 200, epoch: 67 | loss: 0.3559267
	speed: 0.1302s/iter; left time: 1231.0068s
Epoch: 67 cost time: 36.97460746765137
Epoch: 67, Steps: 284 | Train Loss: 0.4584691 Vali Loss: 0.4283253 Test Loss: 0.1792583
EarlyStopping counter: 5 out of 20
Updating learning rate to 1.1790184577738603e-07
	iters: 100, epoch: 68 | loss: 0.3781273
	speed: 0.2991s/iter; left time: 2773.8157s
	iters: 200, epoch: 68 | loss: 0.4152892
	speed: 0.1302s/iter; left time: 1194.5507s
Epoch: 68 cost time: 36.992122173309326
Epoch: 68, Steps: 284 | Train Loss: 0.4584920 Vali Loss: 0.4283874 Test Loss: 0.1792509
EarlyStopping counter: 6 out of 20
Updating learning rate to 1.0611166119964742e-07
	iters: 100, epoch: 69 | loss: 0.8624681
	speed: 0.2995s/iter; left time: 2692.0914s
	iters: 200, epoch: 69 | loss: 0.3719784
	speed: 0.1305s/iter; left time: 1160.1650s
Epoch: 69 cost time: 37.074690103530884
Epoch: 69, Steps: 284 | Train Loss: 0.4585729 Vali Loss: 0.4290392 Test Loss: 0.1792498
EarlyStopping counter: 7 out of 20
Updating learning rate to 9.550049507968268e-08
	iters: 100, epoch: 70 | loss: 0.4456156
	speed: 0.3005s/iter; left time: 2615.4589s
	iters: 200, epoch: 70 | loss: 0.3792808
	speed: 0.1308s/iter; left time: 1125.2820s
Epoch: 70 cost time: 37.13954281806946
Epoch: 70, Steps: 284 | Train Loss: 0.4583158 Vali Loss: 0.4268613 Test Loss: 0.1792614
EarlyStopping counter: 8 out of 20
Updating learning rate to 8.595044557171442e-08
	iters: 100, epoch: 71 | loss: 0.6113641
	speed: 0.3003s/iter; left time: 2529.1056s
	iters: 200, epoch: 71 | loss: 0.3954841
	speed: 0.1310s/iter; left time: 1089.7662s
Epoch: 71 cost time: 37.18636965751648
Epoch: 71, Steps: 284 | Train Loss: 0.4583544 Vali Loss: 0.4273593 Test Loss: 0.1792520
EarlyStopping counter: 9 out of 20
Updating learning rate to 7.735540101454298e-08
	iters: 100, epoch: 72 | loss: 0.4185601
	speed: 0.3010s/iter; left time: 2449.4495s
	iters: 200, epoch: 72 | loss: 0.4056435
	speed: 0.1311s/iter; left time: 1053.7252s
Epoch: 72 cost time: 37.24365568161011
Epoch: 72, Steps: 284 | Train Loss: 0.4584207 Vali Loss: 0.4275898 Test Loss: 0.1792409
EarlyStopping counter: 10 out of 20
Updating learning rate to 6.961986091308869e-08
	iters: 100, epoch: 73 | loss: 0.3574686
	speed: 0.3012s/iter; left time: 2365.0504s
	iters: 200, epoch: 73 | loss: 0.3991082
	speed: 0.1312s/iter; left time: 1016.9023s
Epoch: 73 cost time: 37.25977182388306
Epoch: 73, Steps: 284 | Train Loss: 0.4583703 Vali Loss: 0.4261162 Test Loss: 0.1792227
EarlyStopping counter: 11 out of 20
Updating learning rate to 6.265787482177981e-08
	iters: 100, epoch: 74 | loss: 0.6546997
	speed: 0.3016s/iter; left time: 2282.6877s
	iters: 200, epoch: 74 | loss: 0.8722960
	speed: 0.1315s/iter; left time: 982.0916s
Epoch: 74 cost time: 37.32602143287659
Epoch: 74, Steps: 284 | Train Loss: 0.4584232 Vali Loss: 0.4282680 Test Loss: 0.1792042
EarlyStopping counter: 12 out of 20
Updating learning rate to 5.639208733960184e-08
	iters: 100, epoch: 75 | loss: 0.4417629
	speed: 0.3019s/iter; left time: 2199.3880s
	iters: 200, epoch: 75 | loss: 0.8208559
	speed: 0.1316s/iter; left time: 945.3013s
Epoch: 75 cost time: 37.36419725418091
Epoch: 75, Steps: 284 | Train Loss: 0.4583367 Vali Loss: 0.4280015 Test Loss: 0.1792201
EarlyStopping counter: 13 out of 20
Updating learning rate to 5.075287860564165e-08
	iters: 100, epoch: 76 | loss: 0.8568006
	speed: 0.3022s/iter; left time: 2116.0260s
	iters: 200, epoch: 76 | loss: 0.3900802
	speed: 0.1317s/iter; left time: 909.0879s
Epoch: 76 cost time: 37.40067410469055
Epoch: 76, Steps: 284 | Train Loss: 0.4580163 Vali Loss: 0.4285766 Test Loss: 0.1792324
EarlyStopping counter: 14 out of 20
Updating learning rate to 4.567759074507749e-08
	iters: 100, epoch: 77 | loss: 0.6282422
	speed: 0.3024s/iter; left time: 2031.3655s
	iters: 200, epoch: 77 | loss: 0.3566559
	speed: 0.1318s/iter; left time: 871.9165s
Epoch: 77 cost time: 37.410160064697266
Epoch: 77, Steps: 284 | Train Loss: 0.4584346 Vali Loss: 0.4269987 Test Loss: 0.1792316
EarlyStopping counter: 15 out of 20
Updating learning rate to 4.1109831670569744e-08
	iters: 100, epoch: 78 | loss: 0.4365305
	speed: 0.3023s/iter; left time: 1944.6840s
	iters: 200, epoch: 78 | loss: 0.5335653
	speed: 0.1318s/iter; left time: 834.9928s
Epoch: 78 cost time: 37.421359062194824
Epoch: 78, Steps: 284 | Train Loss: 0.4586331 Vali Loss: 0.4282417 Test Loss: 0.1792066
EarlyStopping counter: 16 out of 20
Updating learning rate to 3.6998848503512764e-08
	iters: 100, epoch: 79 | loss: 0.4301879
	speed: 0.3025s/iter; left time: 1860.0287s
	iters: 200, epoch: 79 | loss: 0.4290060
	speed: 0.1318s/iter; left time: 797.4359s
Epoch: 79 cost time: 37.433858156204224
Epoch: 79, Steps: 284 | Train Loss: 0.4586194 Vali Loss: 0.4268988 Test Loss: 0.1792175
EarlyStopping counter: 17 out of 20
Updating learning rate to 3.3298963653161496e-08
	iters: 100, epoch: 80 | loss: 0.3346730
	speed: 0.3026s/iter; left time: 1774.7566s
	iters: 200, epoch: 80 | loss: 0.3943370
	speed: 0.1320s/iter; left time: 760.8648s
Epoch: 80 cost time: 37.46395301818848
Epoch: 80, Steps: 284 | Train Loss: 0.4586729 Vali Loss: 0.4272614 Test Loss: 0.1792417
EarlyStopping counter: 18 out of 20
Updating learning rate to 2.996906728784534e-08
	iters: 100, epoch: 81 | loss: 0.4058227
	speed: 0.3028s/iter; left time: 1689.9923s
	iters: 200, epoch: 81 | loss: 0.3573840
	speed: 0.1320s/iter; left time: 723.4754s
Epoch: 81 cost time: 37.48728704452515
Epoch: 81, Steps: 284 | Train Loss: 0.4576152 Vali Loss: 0.4263671 Test Loss: 0.1792090
EarlyStopping counter: 19 out of 20
Updating learning rate to 2.697216055906081e-08
	iters: 100, epoch: 82 | loss: 0.4974497
	speed: 0.3029s/iter; left time: 1604.5033s
	iters: 200, epoch: 82 | loss: 0.3394765
	speed: 0.1321s/iter; left time: 686.2660s
Epoch: 82 cost time: 37.484949350357056
Epoch: 82, Steps: 284 | Train Loss: 0.4569001 Vali Loss: 0.4258917 Test Loss: 0.1792241
EarlyStopping counter: 20 out of 20
Early stopping
>>>>>>>testing : NL_weather_cms_lr0.001_5steps_336_96_PatchTST_custom_ftM_sl336_ll48_pl96_dm128_nh16_el3_dl1_df256_fc1_ebtimeF_dtTruelr0.001_pol5steps_Nested_Learning_0<<<<<<<<<<<<<<<<<<<<<<<<<<<<<<<<<
test 10444
 Ejecutando Inferencia DINÁMICA (Nested Learning con cms)
  -> Política: 5steps | LR: 0.001 | Target: head

RESUMEN: El CMS se actualizó 17 veces de 81 posibles.

mse:0.1790170520544052, mae:0.23127001523971558, rse:0.5573875308036804
Args in experiment:
Namespace(random_seed=2021, is_training=1, model_id='NL_weather_cms_lr0.001_5steps_336_192', model='PatchTST', data='custom', root_path='./dataset/', data_path='weather.csv', features='M', target='OT', freq='h', checkpoints='./checkpoints/', seq_len=336, label_len=48, pred_len=192, head_type='cms', cms_lr=0.001, update_policy='5steps', fc_dropout=0.2, head_dropout=0.0, patch_len=16, stride=8, padding_patch='end', revin=1, affine=0, subtract_last=0, decomposition=0, kernel_size=25, individual=0, embed_type=0, enc_in=21, dec_in=7, c_out=7, d_model=128, n_heads=16, e_layers=3, d_layers=1, d_ff=256, moving_avg=25, factor=1, distil=True, dropout=0.2, embed='timeF', activation='gelu', output_attention=False, do_predict=False, num_workers=0, itr=1, train_epochs=100, batch_size=128, patience=20, learning_rate=0.0001, des='Nested_Learning', loss='mse', lradj='type3', pct_start=0.3, use_amp=False, use_gpu=True, gpu=0, use_multi_gpu=False, devices='0,1,2,3', test_flop=False)
Use GPU: cuda:0
>>>>>>>start training : NL_weather_cms_lr0.001_5steps_336_192_PatchTST_custom_ftM_sl336_ll48_pl192_dm128_nh16_el3_dl1_df256_fc1_ebtimeF_dtTruelr0.001_pol5steps_Nested_Learning_0>>>>>>>>>>>>>>>>>>>>>>>>>>
train 36360
val 5079
test 10348
	iters: 100, epoch: 1 | loss: 1.1537951
	speed: 0.1588s/iter; left time: 4494.1221s
	iters: 200, epoch: 1 | loss: 0.8635261
	speed: 0.1313s/iter; left time: 3701.5151s
Epoch: 1 cost time: 37.4267303943634
Epoch: 1, Steps: 284 | Train Loss: 0.7379149 Vali Loss: 0.6898259 Test Loss: 0.2907935
Validation loss decreased (inf --> 0.689826).  Saving model ...
Updating learning rate to 0.0001
	iters: 100, epoch: 2 | loss: 0.6599317
	speed: 0.3073s/iter; left time: 8609.6522s
	iters: 200, epoch: 2 | loss: 0.7145351
	speed: 0.1334s/iter; left time: 3723.1512s
Epoch: 2 cost time: 37.87070178985596
Epoch: 2, Steps: 284 | Train Loss: 0.7227833 Vali Loss: 0.6733642 Test Loss: 0.2846979
Validation loss decreased (0.689826 --> 0.673364).  Saving model ...
Updating learning rate to 0.0001
	iters: 100, epoch: 3 | loss: 0.7638225
	speed: 0.3073s/iter; left time: 8523.0833s
	iters: 200, epoch: 3 | loss: 0.6418471
	speed: 0.1332s/iter; left time: 3680.2977s
Epoch: 3 cost time: 37.83301520347595
Epoch: 3, Steps: 284 | Train Loss: 0.6990525 Vali Loss: 0.6546797 Test Loss: 0.2798426
Validation loss decreased (0.673364 --> 0.654680).  Saving model ...
Updating learning rate to 0.0001
	iters: 100, epoch: 4 | loss: 0.6386155
	speed: 0.3063s/iter; left time: 8408.2490s
	iters: 200, epoch: 4 | loss: 0.5687319
	speed: 0.1327s/iter; left time: 3628.7507s
Epoch: 4 cost time: 37.68385934829712
Epoch: 4, Steps: 284 | Train Loss: 0.6791177 Vali Loss: 0.6402060 Test Loss: 0.2751996
Validation loss decreased (0.654680 --> 0.640206).  Saving model ...
Updating learning rate to 9e-05
	iters: 100, epoch: 5 | loss: 0.5646478
	speed: 0.3059s/iter; left time: 8310.0763s
	iters: 200, epoch: 5 | loss: 0.7793804
	speed: 0.1323s/iter; left time: 3579.5074s
Epoch: 5 cost time: 37.55558705329895
Epoch: 5, Steps: 284 | Train Loss: 0.6614836 Vali Loss: 0.6243441 Test Loss: 0.2709977
Validation loss decreased (0.640206 --> 0.624344).  Saving model ...
Updating learning rate to 8.1e-05
	iters: 100, epoch: 6 | loss: 0.5485039
	speed: 0.3050s/iter; left time: 8197.5149s
	iters: 200, epoch: 6 | loss: 0.5654926
	speed: 0.1319s/iter; left time: 3532.5464s
Epoch: 6 cost time: 37.4515266418457
Epoch: 6, Steps: 284 | Train Loss: 0.6465085 Vali Loss: 0.6148970 Test Loss: 0.2672601
Validation loss decreased (0.624344 --> 0.614897).  Saving model ...
Updating learning rate to 7.290000000000001e-05
	iters: 100, epoch: 7 | loss: 0.7745852
	speed: 0.3041s/iter; left time: 8088.9529s
	iters: 200, epoch: 7 | loss: 0.6938705
	speed: 0.1316s/iter; left time: 3487.9374s
Epoch: 7 cost time: 37.375946044921875
Epoch: 7, Steps: 284 | Train Loss: 0.6333198 Vali Loss: 0.6051697 Test Loss: 0.2639011
Validation loss decreased (0.614897 --> 0.605170).  Saving model ...
Updating learning rate to 6.561e-05
	iters: 100, epoch: 8 | loss: 0.6136878
	speed: 0.3040s/iter; left time: 7999.3951s
	iters: 200, epoch: 8 | loss: 0.8822095
	speed: 0.1314s/iter; left time: 3444.0894s
Epoch: 8 cost time: 37.319730043411255
Epoch: 8, Steps: 284 | Train Loss: 0.6229857 Vali Loss: 0.5981140 Test Loss: 0.2609039
Validation loss decreased (0.605170 --> 0.598114).  Saving model ...
Updating learning rate to 5.904900000000001e-05
	iters: 100, epoch: 9 | loss: 0.5575641
	speed: 0.3036s/iter; left time: 7903.6524s
	iters: 200, epoch: 9 | loss: 0.6666059
	speed: 0.1312s/iter; left time: 3402.2549s
Epoch: 9 cost time: 37.2559597492218
Epoch: 9, Steps: 284 | Train Loss: 0.6138027 Vali Loss: 0.5908878 Test Loss: 0.2582430
Validation loss decreased (0.598114 --> 0.590888).  Saving model ...
Updating learning rate to 5.3144100000000005e-05
	iters: 100, epoch: 10 | loss: 0.5677416
	speed: 0.3031s/iter; left time: 7803.9293s
	iters: 200, epoch: 10 | loss: 0.7443504
	speed: 0.1311s/iter; left time: 3362.0037s
Epoch: 10 cost time: 37.24226713180542
Epoch: 10, Steps: 284 | Train Loss: 0.6059978 Vali Loss: 0.5845540 Test Loss: 0.2558736
Validation loss decreased (0.590888 --> 0.584554).  Saving model ...
Updating learning rate to 4.782969000000001e-05
	iters: 100, epoch: 11 | loss: 0.5127570
	speed: 0.3065s/iter; left time: 7804.1612s
	iters: 200, epoch: 11 | loss: 0.6169022
	speed: 0.1310s/iter; left time: 3322.4557s
Epoch: 11 cost time: 37.20343995094299
Epoch: 11, Steps: 284 | Train Loss: 0.5991318 Vali Loss: 0.5811357 Test Loss: 0.2537588
Validation loss decreased (0.584554 --> 0.581136).  Saving model ...
Updating learning rate to 4.304672100000001e-05
	iters: 100, epoch: 12 | loss: 0.4781171
	speed: 0.3022s/iter; left time: 7609.6162s
	iters: 200, epoch: 12 | loss: 0.6286411
	speed: 0.1311s/iter; left time: 3288.2224s
Epoch: 12 cost time: 37.21387982368469
Epoch: 12, Steps: 284 | Train Loss: 0.5932290 Vali Loss: 0.5745522 Test Loss: 0.2519077
Validation loss decreased (0.581136 --> 0.574552).  Saving model ...
Updating learning rate to 3.874204890000001e-05
	iters: 100, epoch: 13 | loss: 0.4918184
	speed: 0.3026s/iter; left time: 7533.2814s
	iters: 200, epoch: 13 | loss: 0.5142100
	speed: 0.1310s/iter; left time: 3247.7196s
Epoch: 13 cost time: 37.17600917816162
Epoch: 13, Steps: 284 | Train Loss: 0.5880430 Vali Loss: 0.5681275 Test Loss: 0.2502197
Validation loss decreased (0.574552 --> 0.568127).  Saving model ...
Updating learning rate to 3.486784401000001e-05
	iters: 100, epoch: 14 | loss: 0.5869973
	speed: 0.3030s/iter; left time: 7456.0334s
	iters: 200, epoch: 14 | loss: 0.5295752
	speed: 0.1310s/iter; left time: 3211.4282s
Epoch: 14 cost time: 37.188352823257446
Epoch: 14, Steps: 284 | Train Loss: 0.5834995 Vali Loss: 0.5656658 Test Loss: 0.2487322
Validation loss decreased (0.568127 --> 0.565666).  Saving model ...
Updating learning rate to 3.138105960900001e-05
	iters: 100, epoch: 15 | loss: 0.5336002
	speed: 0.3024s/iter; left time: 7355.1185s
	iters: 200, epoch: 15 | loss: 0.6068735
	speed: 0.1310s/iter; left time: 3173.4293s
Epoch: 15 cost time: 37.18305158615112
Epoch: 15, Steps: 284 | Train Loss: 0.5794377 Vali Loss: 0.5613621 Test Loss: 0.2473853
Validation loss decreased (0.565666 --> 0.561362).  Saving model ...
Updating learning rate to 2.824295364810001e-05
	iters: 100, epoch: 16 | loss: 0.5101416
	speed: 0.3027s/iter; left time: 7276.1840s
	iters: 200, epoch: 16 | loss: 0.4822541
	speed: 0.1309s/iter; left time: 3133.9236s
Epoch: 16 cost time: 37.16329741477966
Epoch: 16, Steps: 284 | Train Loss: 0.5758538 Vali Loss: 0.5573219 Test Loss: 0.2462099
Validation loss decreased (0.561362 --> 0.557322).  Saving model ...
Updating learning rate to 2.541865828329001e-05
	iters: 100, epoch: 17 | loss: 0.4634120
	speed: 0.3023s/iter; left time: 7181.8075s
	iters: 200, epoch: 17 | loss: 0.5627590
	speed: 0.1309s/iter; left time: 3095.6731s
Epoch: 17 cost time: 37.14485168457031
Epoch: 17, Steps: 284 | Train Loss: 0.5726387 Vali Loss: 0.5559655 Test Loss: 0.2451105
Validation loss decreased (0.557322 --> 0.555966).  Saving model ...
Updating learning rate to 2.287679245496101e-05
	iters: 100, epoch: 18 | loss: 0.5136840
	speed: 0.3021s/iter; left time: 7090.5981s
	iters: 200, epoch: 18 | loss: 0.4950870
	speed: 0.1308s/iter; left time: 3056.7458s
Epoch: 18 cost time: 37.140218019485474
Epoch: 18, Steps: 284 | Train Loss: 0.5698163 Vali Loss: 0.5519058 Test Loss: 0.2441450
Validation loss decreased (0.555966 --> 0.551906).  Saving model ...
Updating learning rate to 2.0589113209464907e-05
	iters: 100, epoch: 19 | loss: 0.5437232
	speed: 0.3016s/iter; left time: 6992.9784s
	iters: 200, epoch: 19 | loss: 0.7396288
	speed: 0.1308s/iter; left time: 3020.0322s
Epoch: 19 cost time: 37.14256954193115
Epoch: 19, Steps: 284 | Train Loss: 0.5668175 Vali Loss: 0.5514541 Test Loss: 0.2432449
Validation loss decreased (0.551906 --> 0.551454).  Saving model ...
Updating learning rate to 1.8530201888518416e-05
	iters: 100, epoch: 20 | loss: 0.4897373
	speed: 0.3016s/iter; left time: 6907.7611s
	iters: 200, epoch: 20 | loss: 0.5844694
	speed: 0.1308s/iter; left time: 2982.7166s
Epoch: 20 cost time: 37.13214135169983
Epoch: 20, Steps: 284 | Train Loss: 0.5650370 Vali Loss: 0.5489076 Test Loss: 0.2424678
Validation loss decreased (0.551454 --> 0.548908).  Saving model ...
Updating learning rate to 1.6677181699666577e-05
	iters: 100, epoch: 21 | loss: 0.6036339
	speed: 0.3015s/iter; left time: 6819.3408s
	iters: 200, epoch: 21 | loss: 0.5651570
	speed: 0.1308s/iter; left time: 2946.1373s
Epoch: 21 cost time: 37.13503623008728
Epoch: 21, Steps: 284 | Train Loss: 0.5629901 Vali Loss: 0.5475785 Test Loss: 0.2417494
Validation loss decreased (0.548908 --> 0.547579).  Saving model ...
Updating learning rate to 1.5009463529699919e-05
	iters: 100, epoch: 22 | loss: 0.4648451
	speed: 0.3028s/iter; left time: 6764.1236s
	iters: 200, epoch: 22 | loss: 0.4690712
	speed: 0.1308s/iter; left time: 2907.8320s
Epoch: 22 cost time: 37.125550746917725
Epoch: 22, Steps: 284 | Train Loss: 0.5612163 Vali Loss: 0.5462312 Test Loss: 0.2411062
Validation loss decreased (0.547579 --> 0.546231).  Saving model ...
Updating learning rate to 1.3508517176729929e-05
	iters: 100, epoch: 23 | loss: 0.7267868
	speed: 0.3049s/iter; left time: 6724.9535s
	iters: 200, epoch: 23 | loss: 0.4948929
	speed: 0.1308s/iter; left time: 2870.9155s
Epoch: 23 cost time: 37.128793239593506
Epoch: 23, Steps: 284 | Train Loss: 0.5595909 Vali Loss: 0.5430639 Test Loss: 0.2405304
Validation loss decreased (0.546231 --> 0.543064).  Saving model ...
Updating learning rate to 1.2157665459056936e-05
	iters: 100, epoch: 24 | loss: 0.4584599
	speed: 0.3069s/iter; left time: 6681.1718s
	iters: 200, epoch: 24 | loss: 0.5012758
	speed: 0.1307s/iter; left time: 2831.5850s
Epoch: 24 cost time: 37.11031699180603
Epoch: 24, Steps: 284 | Train Loss: 0.5582288 Vali Loss: 0.5437155 Test Loss: 0.2400169
EarlyStopping counter: 1 out of 20
Updating learning rate to 1.0941898913151242e-05
	iters: 100, epoch: 25 | loss: 0.4727783
	speed: 0.3011s/iter; left time: 6468.9228s
	iters: 200, epoch: 25 | loss: 0.4889067
	speed: 0.1307s/iter; left time: 2795.6637s
Epoch: 25 cost time: 37.129634618759155
Epoch: 25, Steps: 284 | Train Loss: 0.5567735 Vali Loss: 0.5416865 Test Loss: 0.2395475
Validation loss decreased (0.543064 --> 0.541687).  Saving model ...
Updating learning rate to 9.847709021836118e-06
	iters: 100, epoch: 26 | loss: 0.4768012
	speed: 0.3031s/iter; left time: 6425.9594s
	iters: 200, epoch: 26 | loss: 0.5445753
	speed: 0.1307s/iter; left time: 2757.5458s
Epoch: 26 cost time: 37.11597967147827
Epoch: 26, Steps: 284 | Train Loss: 0.5553641 Vali Loss: 0.5403722 Test Loss: 0.2391351
Validation loss decreased (0.541687 --> 0.540372).  Saving model ...
Updating learning rate to 8.862938119652508e-06
	iters: 100, epoch: 27 | loss: 0.5943208
	speed: 0.3040s/iter; left time: 6359.1108s
	iters: 200, epoch: 27 | loss: 0.4441509
	speed: 0.1307s/iter; left time: 2720.1001s
Epoch: 27 cost time: 37.11240363121033
Epoch: 27, Steps: 284 | Train Loss: 0.5547807 Vali Loss: 0.5375923 Test Loss: 0.2387665
Validation loss decreased (0.540372 --> 0.537592).  Saving model ...
Updating learning rate to 7.976644307687255e-06
	iters: 100, epoch: 28 | loss: 0.5015479
	speed: 0.3018s/iter; left time: 6227.3253s
	iters: 200, epoch: 28 | loss: 0.5115452
	speed: 0.1307s/iter; left time: 2683.1779s
Epoch: 28 cost time: 37.11493539810181
Epoch: 28, Steps: 284 | Train Loss: 0.5537676 Vali Loss: 0.5389155 Test Loss: 0.2384220
EarlyStopping counter: 1 out of 20
Updating learning rate to 7.178979876918531e-06
	iters: 100, epoch: 29 | loss: 0.6833125
	speed: 0.3009s/iter; left time: 6123.8035s
	iters: 200, epoch: 29 | loss: 0.6026061
	speed: 0.1307s/iter; left time: 2645.8311s
Epoch: 29 cost time: 37.112462282180786
Epoch: 29, Steps: 284 | Train Loss: 0.5529723 Vali Loss: 0.5344686 Test Loss: 0.2381397
Validation loss decreased (0.537592 --> 0.534469).  Saving model ...
Updating learning rate to 6.4610818892266776e-06
	iters: 100, epoch: 30 | loss: 0.4497566
	speed: 0.3027s/iter; left time: 6072.7924s
	iters: 200, epoch: 30 | loss: 0.5791829
	speed: 0.1306s/iter; left time: 2607.7075s
Epoch: 30 cost time: 37.1028106212616
Epoch: 30, Steps: 284 | Train Loss: 0.5522460 Vali Loss: 0.5380270 Test Loss: 0.2378591
EarlyStopping counter: 1 out of 20
Updating learning rate to 5.8149737003040096e-06
	iters: 100, epoch: 31 | loss: 0.4886404
	speed: 0.3010s/iter; left time: 5953.8741s
	iters: 200, epoch: 31 | loss: 0.4925292
	speed: 0.1306s/iter; left time: 2571.1619s
Epoch: 31 cost time: 37.11391806602478
Epoch: 31, Steps: 284 | Train Loss: 0.5515740 Vali Loss: 0.5364011 Test Loss: 0.2376154
EarlyStopping counter: 2 out of 20
Updating learning rate to 5.23347633027361e-06
	iters: 100, epoch: 32 | loss: 0.4066021
	speed: 0.3009s/iter; left time: 5865.7664s
	iters: 200, epoch: 32 | loss: 0.4591862
	speed: 0.1306s/iter; left time: 2533.7570s
Epoch: 32 cost time: 37.107938051223755
Epoch: 32, Steps: 284 | Train Loss: 0.5510201 Vali Loss: 0.5372007 Test Loss: 0.2373848
EarlyStopping counter: 3 out of 20
Updating learning rate to 4.710128697246249e-06
	iters: 100, epoch: 33 | loss: 0.4486483
	speed: 0.3008s/iter; left time: 5778.3716s
	iters: 200, epoch: 33 | loss: 0.4199053
	speed: 0.1307s/iter; left time: 2497.3886s
Epoch: 33 cost time: 37.11436462402344
Epoch: 33, Steps: 284 | Train Loss: 0.5504968 Vali Loss: 0.5362555 Test Loss: 0.2371761
EarlyStopping counter: 4 out of 20
Updating learning rate to 4.239115827521624e-06
	iters: 100, epoch: 34 | loss: 0.4999165
	speed: 0.3007s/iter; left time: 5692.5369s
	iters: 200, epoch: 34 | loss: 0.4878771
	speed: 0.1307s/iter; left time: 2460.0209s
Epoch: 34 cost time: 37.11382222175598
Epoch: 34, Steps: 284 | Train Loss: 0.5500677 Vali Loss: 0.5366177 Test Loss: 0.2370042
EarlyStopping counter: 5 out of 20
Updating learning rate to 3.815204244769462e-06
	iters: 100, epoch: 35 | loss: 0.5581366
	speed: 0.3011s/iter; left time: 5613.1415s
	iters: 200, epoch: 35 | loss: 0.5311889
	speed: 0.1306s/iter; left time: 2422.6819s
Epoch: 35 cost time: 37.11161184310913
Epoch: 35, Steps: 284 | Train Loss: 0.5495182 Vali Loss: 0.5343819 Test Loss: 0.2368384
Validation loss decreased (0.534469 --> 0.534382).  Saving model ...
Updating learning rate to 3.4336838202925152e-06
	iters: 100, epoch: 36 | loss: 0.4287356
	speed: 0.3027s/iter; left time: 5557.3320s
	iters: 200, epoch: 36 | loss: 0.5774452
	speed: 0.1306s/iter; left time: 2384.6647s
Epoch: 36 cost time: 37.09540629386902
Epoch: 36, Steps: 284 | Train Loss: 0.5492737 Vali Loss: 0.5328591 Test Loss: 0.2366999
Validation loss decreased (0.534382 --> 0.532859).  Saving model ...
Updating learning rate to 3.090315438263264e-06
	iters: 100, epoch: 37 | loss: 0.5672703
	speed: 0.3048s/iter; left time: 5509.9511s
	iters: 200, epoch: 37 | loss: 0.5927269
	speed: 0.1306s/iter; left time: 2348.4289s
Epoch: 37 cost time: 37.09388279914856
Epoch: 37, Steps: 284 | Train Loss: 0.5488951 Vali Loss: 0.5313119 Test Loss: 0.2365698
Validation loss decreased (0.532859 --> 0.531312).  Saving model ...
Updating learning rate to 2.7812838944369375e-06
	iters: 100, epoch: 38 | loss: 0.5835510
	speed: 0.3021s/iter; left time: 5374.7552s
	iters: 200, epoch: 38 | loss: 0.5515906
	speed: 0.1306s/iter; left time: 2310.9277s
Epoch: 38 cost time: 37.099897623062134
Epoch: 38, Steps: 284 | Train Loss: 0.5485884 Vali Loss: 0.5339170 Test Loss: 0.2364581
EarlyStopping counter: 1 out of 20
Updating learning rate to 2.503155504993244e-06
	iters: 100, epoch: 39 | loss: 0.6391242
	speed: 0.3010s/iter; left time: 5270.6654s
	iters: 200, epoch: 39 | loss: 0.5760640
	speed: 0.1306s/iter; left time: 2273.0370s
Epoch: 39 cost time: 37.091219425201416
Epoch: 39, Steps: 284 | Train Loss: 0.5483115 Vali Loss: 0.5320523 Test Loss: 0.2363483
EarlyStopping counter: 2 out of 20
Updating learning rate to 2.2528399544939195e-06
	iters: 100, epoch: 40 | loss: 0.4936373
	speed: 0.3010s/iter; left time: 5184.6272s
	iters: 200, epoch: 40 | loss: 0.4393919
	speed: 0.1306s/iter; left time: 2237.3191s
Epoch: 40 cost time: 37.09809136390686
Epoch: 40, Steps: 284 | Train Loss: 0.5479774 Vali Loss: 0.5317380 Test Loss: 0.2362458
EarlyStopping counter: 3 out of 20
Updating learning rate to 2.0275559590445276e-06
	iters: 100, epoch: 41 | loss: 0.4600308
	speed: 0.3011s/iter; left time: 5101.4865s
	iters: 200, epoch: 41 | loss: 0.7159316
	speed: 0.1306s/iter; left time: 2199.1943s
Epoch: 41 cost time: 37.09145522117615
Epoch: 41, Steps: 284 | Train Loss: 0.5477922 Vali Loss: 0.5348638 Test Loss: 0.2361613
EarlyStopping counter: 4 out of 20
Updating learning rate to 1.8248003631400751e-06
	iters: 100, epoch: 42 | loss: 0.8203567
	speed: 0.3011s/iter; left time: 5015.9275s
	iters: 200, epoch: 42 | loss: 0.5122700
	speed: 0.1306s/iter; left time: 2162.6631s
Epoch: 42 cost time: 37.09436821937561
Epoch: 42, Steps: 284 | Train Loss: 0.5476120 Vali Loss: 0.5318936 Test Loss: 0.2360835
EarlyStopping counter: 5 out of 20
Updating learning rate to 1.6423203268260676e-06
	iters: 100, epoch: 43 | loss: 0.7053675
	speed: 0.3011s/iter; left time: 4929.5591s
	iters: 200, epoch: 43 | loss: 0.4991916
	speed: 0.1306s/iter; left time: 2125.3267s
Epoch: 43 cost time: 37.09829902648926
Epoch: 43, Steps: 284 | Train Loss: 0.5474735 Vali Loss: 0.5329578 Test Loss: 0.2360226
EarlyStopping counter: 6 out of 20
Updating learning rate to 1.4780882941434609e-06
	iters: 100, epoch: 44 | loss: 0.6645530
	speed: 0.3010s/iter; left time: 4842.7801s
	iters: 200, epoch: 44 | loss: 0.4283544
	speed: 0.1306s/iter; left time: 2088.6903s
Epoch: 44 cost time: 37.10383367538452
Epoch: 44, Steps: 284 | Train Loss: 0.5473564 Vali Loss: 0.5317736 Test Loss: 0.2359626
EarlyStopping counter: 7 out of 20
Updating learning rate to 1.3302794647291146e-06
	iters: 100, epoch: 45 | loss: 0.4401187
	speed: 0.3008s/iter; left time: 4754.4113s
	iters: 200, epoch: 45 | loss: 0.8208098
	speed: 0.1306s/iter; left time: 2051.4349s
Epoch: 45 cost time: 37.10241913795471
Epoch: 45, Steps: 284 | Train Loss: 0.5471828 Vali Loss: 0.5336314 Test Loss: 0.2358991
EarlyStopping counter: 8 out of 20
Updating learning rate to 1.1972515182562034e-06
	iters: 100, epoch: 46 | loss: 0.5653747
	speed: 0.3010s/iter; left time: 4672.2175s
	iters: 200, epoch: 46 | loss: 0.5863145
	speed: 0.1306s/iter; left time: 2014.7158s
Epoch: 46 cost time: 37.11886715888977
Epoch: 46, Steps: 284 | Train Loss: 0.5469883 Vali Loss: 0.5327947 Test Loss: 0.2358525
EarlyStopping counter: 9 out of 20
Updating learning rate to 1.077526366430583e-06
	iters: 100, epoch: 47 | loss: 0.6676638
	speed: 0.3009s/iter; left time: 4585.2239s
	iters: 200, epoch: 47 | loss: 0.6850027
	speed: 0.1306s/iter; left time: 1977.3224s
Epoch: 47 cost time: 37.10689902305603
Epoch: 47, Steps: 284 | Train Loss: 0.5468725 Vali Loss: 0.5308703 Test Loss: 0.2358167
Validation loss decreased (0.531312 --> 0.530870).  Saving model ...
Updating learning rate to 9.697737297875248e-07
	iters: 100, epoch: 48 | loss: 0.7040223
	speed: 0.3022s/iter; left time: 4518.1723s
	iters: 200, epoch: 48 | loss: 0.7349619
	speed: 0.1306s/iter; left time: 1940.0703s
Epoch: 48 cost time: 37.104867935180664
Epoch: 48, Steps: 284 | Train Loss: 0.5468046 Vali Loss: 0.5305194 Test Loss: 0.2357626
Validation loss decreased (0.530870 --> 0.530519).  Saving model ...
Updating learning rate to 8.727963568087723e-07
	iters: 100, epoch: 49 | loss: 0.5711025
	speed: 0.3033s/iter; left time: 4448.7810s
	iters: 200, epoch: 49 | loss: 0.6407759
	speed: 0.1305s/iter; left time: 1901.6444s
Epoch: 49 cost time: 37.08601093292236
Epoch: 49, Steps: 284 | Train Loss: 0.5466712 Vali Loss: 0.5311896 Test Loss: 0.2357369
EarlyStopping counter: 1 out of 20
Updating learning rate to 7.855167211278951e-07
	iters: 100, epoch: 50 | loss: 0.8070272
	speed: 0.3008s/iter; left time: 4327.6073s
	iters: 200, epoch: 50 | loss: 0.4508717
	speed: 0.1306s/iter; left time: 1865.7104s
Epoch: 50 cost time: 37.103198289871216
Epoch: 50, Steps: 284 | Train Loss: 0.5462559 Vali Loss: 0.5320760 Test Loss: 0.2357023
EarlyStopping counter: 2 out of 20
Updating learning rate to 7.069650490151056e-07
	iters: 100, epoch: 51 | loss: 0.5323609
	speed: 0.3009s/iter; left time: 4243.2797s
	iters: 200, epoch: 51 | loss: 0.4539715
	speed: 0.1307s/iter; left time: 1829.3043s
Epoch: 51 cost time: 37.11275339126587
Epoch: 51, Steps: 284 | Train Loss: 0.5465085 Vali Loss: 0.5302587 Test Loss: 0.2356735
Validation loss decreased (0.530519 --> 0.530259).  Saving model ...
Updating learning rate to 6.36268544113595e-07
	iters: 100, epoch: 52 | loss: 0.4401470
	speed: 0.3022s/iter; left time: 4174.9633s
	iters: 200, epoch: 52 | loss: 0.4958839
	speed: 0.1306s/iter; left time: 1791.6860s
Epoch: 52 cost time: 37.097970724105835
Epoch: 52, Steps: 284 | Train Loss: 0.5465301 Vali Loss: 0.5322175 Test Loss: 0.2356402
EarlyStopping counter: 1 out of 20
Updating learning rate to 5.726416897022355e-07
	iters: 100, epoch: 53 | loss: 0.5613459
	speed: 0.3010s/iter; left time: 4073.1185s
	iters: 200, epoch: 53 | loss: 0.5545288
	speed: 0.1307s/iter; left time: 1755.1504s
Epoch: 53 cost time: 37.1055166721344
Epoch: 53, Steps: 284 | Train Loss: 0.5464348 Vali Loss: 0.5324842 Test Loss: 0.2356197
EarlyStopping counter: 2 out of 20
Updating learning rate to 5.15377520732012e-07
	iters: 100, epoch: 54 | loss: 0.6021998
	speed: 0.3009s/iter; left time: 3986.7305s
	iters: 200, epoch: 54 | loss: 0.5397642
	speed: 0.1307s/iter; left time: 1718.5566s
Epoch: 54 cost time: 37.10843348503113
Epoch: 54, Steps: 284 | Train Loss: 0.5462995 Vali Loss: 0.5306738 Test Loss: 0.2355965
EarlyStopping counter: 3 out of 20
Updating learning rate to 4.6383976865881085e-07
	iters: 100, epoch: 55 | loss: 0.5085790
	speed: 0.3006s/iter; left time: 3897.6115s
	iters: 200, epoch: 55 | loss: 0.4539655
	speed: 0.1306s/iter; left time: 1680.2552s
Epoch: 55 cost time: 37.08532691001892
Epoch: 55, Steps: 284 | Train Loss: 0.5462882 Vali Loss: 0.5311009 Test Loss: 0.2355833
EarlyStopping counter: 4 out of 20
Updating learning rate to 4.174557917929298e-07
	iters: 100, epoch: 56 | loss: 0.5040349
	speed: 0.3007s/iter; left time: 3812.9954s
	iters: 200, epoch: 56 | loss: 0.4558879
	speed: 0.1307s/iter; left time: 1643.9326s
Epoch: 56 cost time: 37.10163879394531
Epoch: 56, Steps: 284 | Train Loss: 0.5462295 Vali Loss: 0.5287461 Test Loss: 0.2355693
Validation loss decreased (0.530259 --> 0.528746).  Saving model ...
Updating learning rate to 3.7571021261363677e-07
	iters: 100, epoch: 57 | loss: 0.4634724
	speed: 0.3038s/iter; left time: 3766.7437s
	iters: 200, epoch: 57 | loss: 0.5294611
	speed: 0.1306s/iter; left time: 1606.4529s
Epoch: 57 cost time: 37.08835434913635
Epoch: 57, Steps: 284 | Train Loss: 0.5461853 Vali Loss: 0.5300142 Test Loss: 0.2355490
EarlyStopping counter: 1 out of 20
Updating learning rate to 3.381391913522731e-07
	iters: 100, epoch: 58 | loss: 0.5620571
	speed: 0.3007s/iter; left time: 3642.4096s
	iters: 200, epoch: 58 | loss: 0.6868003
	speed: 0.1306s/iter; left time: 1568.8132s
Epoch: 58 cost time: 37.08054566383362
Epoch: 58, Steps: 284 | Train Loss: 0.5462300 Vali Loss: 0.5299265 Test Loss: 0.2355297
EarlyStopping counter: 2 out of 20
Updating learning rate to 3.043252722170458e-07
	iters: 100, epoch: 59 | loss: 0.4489143
	speed: 0.3007s/iter; left time: 3556.8367s
	iters: 200, epoch: 59 | loss: 0.4480975
	speed: 0.1307s/iter; left time: 1532.6059s
Epoch: 59 cost time: 37.09538292884827
Epoch: 59, Steps: 284 | Train Loss: 0.5461508 Vali Loss: 0.5336914 Test Loss: 0.2355086
EarlyStopping counter: 3 out of 20
Updating learning rate to 2.7389274499534124e-07
	iters: 100, epoch: 60 | loss: 0.4529791
	speed: 0.3006s/iter; left time: 3470.4008s
	iters: 200, epoch: 60 | loss: 0.6867939
	speed: 0.1307s/iter; left time: 1495.3795s
Epoch: 60 cost time: 37.093263387680054
Epoch: 60, Steps: 284 | Train Loss: 0.5460891 Vali Loss: 0.5300772 Test Loss: 0.2355112
EarlyStopping counter: 4 out of 20
Updating learning rate to 2.465034704958071e-07
	iters: 100, epoch: 61 | loss: 0.4907494
	speed: 0.3007s/iter; left time: 3385.9237s
	iters: 200, epoch: 61 | loss: 0.6621423
	speed: 0.1307s/iter; left time: 1458.3557s
Epoch: 61 cost time: 37.09260582923889
Epoch: 61, Steps: 284 | Train Loss: 0.5460455 Vali Loss: 0.5319644 Test Loss: 0.2355103
EarlyStopping counter: 5 out of 20
Updating learning rate to 2.218531234462264e-07
	iters: 100, epoch: 62 | loss: 0.4532899
	speed: 0.3007s/iter; left time: 3300.2977s
	iters: 200, epoch: 62 | loss: 0.6722898
	speed: 0.1306s/iter; left time: 1420.8591s
Epoch: 62 cost time: 37.08603620529175
Epoch: 62, Steps: 284 | Train Loss: 0.5461300 Vali Loss: 0.5327992 Test Loss: 0.2354899
EarlyStopping counter: 6 out of 20
Updating learning rate to 1.9966781110160376e-07
	iters: 100, epoch: 63 | loss: 0.5077162
	speed: 0.3004s/iter; left time: 3212.4969s
	iters: 200, epoch: 63 | loss: 0.5666845
	speed: 0.1306s/iter; left time: 1383.8781s
Epoch: 63 cost time: 37.090766191482544
Epoch: 63, Steps: 284 | Train Loss: 0.5459806 Vali Loss: 0.5307032 Test Loss: 0.2354802
EarlyStopping counter: 7 out of 20
Updating learning rate to 1.797010299914434e-07
	iters: 100, epoch: 64 | loss: 0.4884307
	speed: 0.3007s/iter; left time: 3130.2160s
	iters: 200, epoch: 64 | loss: 0.6197031
	speed: 0.1306s/iter; left time: 1346.4073s
Epoch: 64 cost time: 37.09480810165405
Epoch: 64, Steps: 284 | Train Loss: 0.5460328 Vali Loss: 0.5323550 Test Loss: 0.2354721
EarlyStopping counter: 8 out of 20
Updating learning rate to 1.6173092699229907e-07
	iters: 100, epoch: 65 | loss: 0.5445558
	speed: 0.3010s/iter; left time: 3047.2088s
	iters: 200, epoch: 65 | loss: 0.5513679
	speed: 0.1308s/iter; left time: 1311.3805s
Epoch: 65 cost time: 37.14317035675049
Epoch: 65, Steps: 284 | Train Loss: 0.5459934 Vali Loss: 0.5285319 Test Loss: 0.2354696
Validation loss decreased (0.528746 --> 0.528532).  Saving model ...
Updating learning rate to 1.4555783429306916e-07
	iters: 100, epoch: 66 | loss: 0.4552207
	speed: 0.3032s/iter; left time: 2983.5412s
	iters: 200, epoch: 66 | loss: 0.4710066
	speed: 0.1311s/iter; left time: 1276.7580s
Epoch: 66 cost time: 37.21077489852905
Epoch: 66, Steps: 284 | Train Loss: 0.5459716 Vali Loss: 0.5297747 Test Loss: 0.2354639
EarlyStopping counter: 1 out of 20
Updating learning rate to 1.3100205086376224e-07
	iters: 100, epoch: 67 | loss: 0.5466564
	speed: 0.3020s/iter; left time: 2886.4401s
	iters: 200, epoch: 67 | loss: 0.6167881
	speed: 0.1313s/iter; left time: 1241.8031s
Epoch: 67 cost time: 37.29764461517334
Epoch: 67, Steps: 284 | Train Loss: 0.5459534 Vali Loss: 0.5317140 Test Loss: 0.2354649
EarlyStopping counter: 2 out of 20
Updating learning rate to 1.1790184577738603e-07
	iters: 100, epoch: 68 | loss: 0.5874982
	speed: 0.3024s/iter; left time: 2804.3061s
	iters: 200, epoch: 68 | loss: 0.6075368
	speed: 0.1315s/iter; left time: 1205.9334s
Epoch: 68 cost time: 37.34289073944092
Epoch: 68, Steps: 284 | Train Loss: 0.5459783 Vali Loss: 0.5282226 Test Loss: 0.2354545
Validation loss decreased (0.528532 --> 0.528223).  Saving model ...
Updating learning rate to 1.0611166119964742e-07
	iters: 100, epoch: 69 | loss: 0.5768793
	speed: 0.3039s/iter; left time: 2731.6619s
	iters: 200, epoch: 69 | loss: 0.6008216
	speed: 0.1316s/iter; left time: 1169.6738s
Epoch: 69 cost time: 37.37772178649902
Epoch: 69, Steps: 284 | Train Loss: 0.5458899 Vali Loss: 0.5318332 Test Loss: 0.2354489
EarlyStopping counter: 1 out of 20
Updating learning rate to 9.550049507968268e-08
	iters: 100, epoch: 70 | loss: 0.6082133
	speed: 0.3030s/iter; left time: 2637.4153s
	iters: 200, epoch: 70 | loss: 0.4297516
	speed: 0.1318s/iter; left time: 1133.7514s
Epoch: 70 cost time: 37.424294233322144
Epoch: 70, Steps: 284 | Train Loss: 0.5459517 Vali Loss: 0.5283458 Test Loss: 0.2354447
EarlyStopping counter: 2 out of 20
Updating learning rate to 8.595044557171442e-08
	iters: 100, epoch: 71 | loss: 0.6586846
	speed: 0.3034s/iter; left time: 2554.7141s
	iters: 200, epoch: 71 | loss: 0.4147677
	speed: 0.1319s/iter; left time: 1097.6218s
Epoch: 71 cost time: 37.461973428726196
Epoch: 71, Steps: 284 | Train Loss: 0.5458370 Vali Loss: 0.5285935 Test Loss: 0.2354375
EarlyStopping counter: 3 out of 20
Updating learning rate to 7.735540101454298e-08
	iters: 100, epoch: 72 | loss: 0.3913526
	speed: 0.3036s/iter; left time: 2470.0071s
	iters: 200, epoch: 72 | loss: 0.4699973
	speed: 0.1320s/iter; left time: 1061.2565s
Epoch: 72 cost time: 37.49482750892639
Epoch: 72, Steps: 284 | Train Loss: 0.5459417 Vali Loss: 0.5284089 Test Loss: 0.2354354
EarlyStopping counter: 4 out of 20
Updating learning rate to 6.961986091308869e-08
	iters: 100, epoch: 73 | loss: 0.5304852
	speed: 0.3038s/iter; left time: 2385.9882s
	iters: 200, epoch: 73 | loss: 0.5250291
	speed: 0.1322s/iter; left time: 1024.7509s
Epoch: 73 cost time: 37.54199242591858
Epoch: 73, Steps: 284 | Train Loss: 0.5458455 Vali Loss: 0.5302389 Test Loss: 0.2354368
EarlyStopping counter: 5 out of 20
Updating learning rate to 6.265787482177981e-08
	iters: 100, epoch: 74 | loss: 0.4835256
	speed: 0.3043s/iter; left time: 2303.3692s
	iters: 200, epoch: 74 | loss: 0.4768670
	speed: 0.1323s/iter; left time: 988.0532s
Epoch: 74 cost time: 37.56693506240845
Epoch: 74, Steps: 284 | Train Loss: 0.5459494 Vali Loss: 0.5282630 Test Loss: 0.2354298
EarlyStopping counter: 6 out of 20
Updating learning rate to 5.639208733960184e-08
	iters: 100, epoch: 75 | loss: 0.5925002
	speed: 0.3043s/iter; left time: 2217.1021s
	iters: 200, epoch: 75 | loss: 0.7066672
	speed: 0.1323s/iter; left time: 950.4343s
Epoch: 75 cost time: 37.56722283363342
Epoch: 75, Steps: 284 | Train Loss: 0.5459598 Vali Loss: 0.5291843 Test Loss: 0.2354387
EarlyStopping counter: 7 out of 20
Updating learning rate to 5.075287860564165e-08
	iters: 100, epoch: 76 | loss: 0.6163394
	speed: 0.3043s/iter; left time: 2130.4317s
	iters: 200, epoch: 76 | loss: 0.4760475
	speed: 0.1322s/iter; left time: 912.5178s
Epoch: 76 cost time: 37.54321312904358
Epoch: 76, Steps: 284 | Train Loss: 0.5459349 Vali Loss: 0.5293993 Test Loss: 0.2354360
EarlyStopping counter: 8 out of 20
Updating learning rate to 4.567759074507749e-08
	iters: 100, epoch: 77 | loss: 0.6825406
	speed: 0.3046s/iter; left time: 2045.9345s
	iters: 200, epoch: 77 | loss: 0.5880679
	speed: 0.1323s/iter; left time: 875.4662s
Epoch: 77 cost time: 37.570502042770386
Epoch: 77, Steps: 284 | Train Loss: 0.5459562 Vali Loss: 0.5299087 Test Loss: 0.2354355
EarlyStopping counter: 9 out of 20
Updating learning rate to 4.1109831670569744e-08
	iters: 100, epoch: 78 | loss: 0.6264197
	speed: 0.3047s/iter; left time: 1960.0376s
	iters: 200, epoch: 78 | loss: 0.5256649
	speed: 0.1322s/iter; left time: 837.2208s
Epoch: 78 cost time: 37.55434060096741
Epoch: 78, Steps: 284 | Train Loss: 0.5458768 Vali Loss: 0.5299210 Test Loss: 0.2354362
EarlyStopping counter: 10 out of 20
Updating learning rate to 3.6998848503512764e-08
	iters: 100, epoch: 79 | loss: 0.4659806
	speed: 0.3040s/iter; left time: 1869.3335s
	iters: 200, epoch: 79 | loss: 0.4884103
	speed: 0.1320s/iter; left time: 798.5320s
Epoch: 79 cost time: 37.489609241485596
Epoch: 79, Steps: 284 | Train Loss: 0.5458656 Vali Loss: 0.5310136 Test Loss: 0.2354345
EarlyStopping counter: 11 out of 20
Updating learning rate to 3.3298963653161496e-08
	iters: 100, epoch: 80 | loss: 0.4877351
	speed: 0.3035s/iter; left time: 1780.1418s
	iters: 200, epoch: 80 | loss: 0.5391998
	speed: 0.1318s/iter; left time: 759.9131s
Epoch: 80 cost time: 37.42581534385681
Epoch: 80, Steps: 284 | Train Loss: 0.5459455 Vali Loss: 0.5276568 Test Loss: 0.2354353
Validation loss decreased (0.528223 --> 0.527657).  Saving model ...
Updating learning rate to 2.996906728784534e-08
	iters: 100, epoch: 81 | loss: 0.4489390
	speed: 0.3043s/iter; left time: 1698.4126s
	iters: 200, epoch: 81 | loss: 0.5277611
	speed: 0.1315s/iter; left time: 720.8679s
Epoch: 81 cost time: 37.325886487960815
Epoch: 81, Steps: 284 | Train Loss: 0.5458871 Vali Loss: 0.5301263 Test Loss: 0.2354324
EarlyStopping counter: 1 out of 20
Updating learning rate to 2.697216055906081e-08
	iters: 100, epoch: 82 | loss: 0.4621906
	speed: 0.3022s/iter; left time: 1600.8296s
	iters: 200, epoch: 82 | loss: 0.4400244
	speed: 0.1312s/iter; left time: 681.9169s
Epoch: 82 cost time: 37.253214836120605
Epoch: 82, Steps: 284 | Train Loss: 0.5459343 Vali Loss: 0.5319000 Test Loss: 0.2354207
EarlyStopping counter: 2 out of 20
Updating learning rate to 2.427494450315473e-08
	iters: 100, epoch: 83 | loss: 0.4252651
	speed: 0.3020s/iter; left time: 1513.9330s
	iters: 200, epoch: 83 | loss: 0.5474616
	speed: 0.1311s/iter; left time: 644.3098s
Epoch: 83 cost time: 37.24170422554016
Epoch: 83, Steps: 284 | Train Loss: 0.5458510 Vali Loss: 0.5300044 Test Loss: 0.2354224
EarlyStopping counter: 3 out of 20
Updating learning rate to 2.1847450052839257e-08
	iters: 100, epoch: 84 | loss: 0.5662798
	speed: 0.3016s/iter; left time: 1426.2731s
	iters: 200, epoch: 84 | loss: 0.5335263
	speed: 0.1310s/iter; left time: 606.5587s
Epoch: 84 cost time: 37.19482493400574
Epoch: 84, Steps: 284 | Train Loss: 0.5459098 Vali Loss: 0.5319440 Test Loss: 0.2354206
EarlyStopping counter: 4 out of 20
Updating learning rate to 1.9662705047555332e-08
	iters: 100, epoch: 85 | loss: 0.6443511
	speed: 0.3017s/iter; left time: 1341.1399s
	iters: 200, epoch: 85 | loss: 0.5097573
	speed: 0.1310s/iter; left time: 569.2507s
Epoch: 85 cost time: 37.19563817977905
Epoch: 85, Steps: 284 | Train Loss: 0.5459253 Vali Loss: 0.5290125 Test Loss: 0.2354294
EarlyStopping counter: 5 out of 20
Updating learning rate to 1.7696434542799797e-08
	iters: 100, epoch: 86 | loss: 0.6359162
	speed: 0.3015s/iter; left time: 1254.4252s
	iters: 200, epoch: 86 | loss: 0.5439474
	speed: 0.1310s/iter; left time: 531.9924s
Epoch: 86 cost time: 37.17485451698303
Epoch: 86, Steps: 284 | Train Loss: 0.5458405 Vali Loss: 0.5322340 Test Loss: 0.2354221
EarlyStopping counter: 6 out of 20
Updating learning rate to 1.5926791088519817e-08
	iters: 100, epoch: 87 | loss: 0.4237602
	speed: 0.3013s/iter; left time: 1168.2932s
	iters: 200, epoch: 87 | loss: 0.6991901
	speed: 0.1309s/iter; left time: 494.4609s
Epoch: 87 cost time: 37.15946364402771
Epoch: 87, Steps: 284 | Train Loss: 0.5459168 Vali Loss: 0.5302325 Test Loss: 0.2354350
EarlyStopping counter: 7 out of 20
Updating learning rate to 1.4334111979667836e-08
	iters: 100, epoch: 88 | loss: 0.4553170
	speed: 0.3012s/iter; left time: 1082.0630s
	iters: 200, epoch: 88 | loss: 0.4591522
	speed: 0.1308s/iter; left time: 457.0351s
Epoch: 88 cost time: 37.14544463157654
Epoch: 88, Steps: 284 | Train Loss: 0.5458966 Vali Loss: 0.5310065 Test Loss: 0.2354259
EarlyStopping counter: 8 out of 20
Updating learning rate to 1.2900700781701054e-08
	iters: 100, epoch: 89 | loss: 0.5025890
	speed: 0.3011s/iter; left time: 996.2571s
	iters: 200, epoch: 89 | loss: 0.4549448
	speed: 0.1309s/iter; left time: 419.9046s
Epoch: 89 cost time: 37.14252519607544
Epoch: 89, Steps: 284 | Train Loss: 0.5458468 Vali Loss: 0.5277588 Test Loss: 0.2354336
EarlyStopping counter: 9 out of 20
Updating learning rate to 1.161063070353095e-08
	iters: 100, epoch: 90 | loss: 0.4415288
	speed: 0.3011s/iter; left time: 910.8816s
	iters: 200, epoch: 90 | loss: 0.5380870
	speed: 0.1308s/iter; left time: 382.6702s
Epoch: 90 cost time: 37.143118381500244
Epoch: 90, Steps: 284 | Train Loss: 0.5459507 Vali Loss: 0.5301123 Test Loss: 0.2354163
EarlyStopping counter: 10 out of 20
Updating learning rate to 1.0449567633177854e-08
	iters: 100, epoch: 91 | loss: 0.5361303
	speed: 0.3011s/iter; left time: 825.2737s
	iters: 200, epoch: 91 | loss: 0.4385761
	speed: 0.1308s/iter; left time: 345.4504s
Epoch: 91 cost time: 37.12704062461853
Epoch: 91, Steps: 284 | Train Loss: 0.5458771 Vali Loss: 0.5300984 Test Loss: 0.2354232
EarlyStopping counter: 11 out of 20
Updating learning rate to 9.404610869860069e-09
	iters: 100, epoch: 92 | loss: 0.6156245
	speed: 0.3007s/iter; left time: 738.7069s
	iters: 200, epoch: 92 | loss: 0.4308326
	speed: 0.1308s/iter; left time: 308.2931s
Epoch: 92 cost time: 37.13402462005615
Epoch: 92, Steps: 284 | Train Loss: 0.5459293 Vali Loss: 0.5299570 Test Loss: 0.2354255
EarlyStopping counter: 12 out of 20
Updating learning rate to 8.464149782874063e-09
	iters: 100, epoch: 93 | loss: 0.4897921
	speed: 0.3011s/iter; left time: 654.2052s
	iters: 200, epoch: 93 | loss: 0.4460497
	speed: 0.1308s/iter; left time: 271.1303s
Epoch: 93 cost time: 37.1334867477417
Epoch: 93, Steps: 284 | Train Loss: 0.5458255 Vali Loss: 0.5306340 Test Loss: 0.2354260
EarlyStopping counter: 13 out of 20
Updating learning rate to 7.617734804586658e-09
	iters: 100, epoch: 94 | loss: 0.4533491
	speed: 0.3011s/iter; left time: 568.6929s
	iters: 200, epoch: 94 | loss: 0.6017368
	speed: 0.1308s/iter; left time: 234.0059s
Epoch: 94 cost time: 37.13615822792053
Epoch: 94, Steps: 284 | Train Loss: 0.5458966 Vali Loss: 0.5296777 Test Loss: 0.2354260
EarlyStopping counter: 14 out of 20
Updating learning rate to 6.855961324127991e-09
	iters: 100, epoch: 95 | loss: 0.4444141
	speed: 0.3011s/iter; left time: 483.2708s
	iters: 200, epoch: 95 | loss: 0.8535975
	speed: 0.1308s/iter; left time: 196.8171s
Epoch: 95 cost time: 37.126322984695435
Epoch: 95, Steps: 284 | Train Loss: 0.5458716 Vali Loss: 0.5295405 Test Loss: 0.2354194
EarlyStopping counter: 15 out of 20
Updating learning rate to 6.170365191715193e-09
	iters: 100, epoch: 96 | loss: 0.4875511
	speed: 0.3010s/iter; left time: 397.6709s
	iters: 200, epoch: 96 | loss: 0.4691989
	speed: 0.1308s/iter; left time: 159.7588s
Epoch: 96 cost time: 37.145047187805176
Epoch: 96, Steps: 284 | Train Loss: 0.5458674 Vali Loss: 0.5301608 Test Loss: 0.2354373
EarlyStopping counter: 16 out of 20
Updating learning rate to 5.5533286725436726e-09
	iters: 100, epoch: 97 | loss: 0.5546998
	speed: 0.3013s/iter; left time: 312.4781s
	iters: 200, epoch: 97 | loss: 0.4368321
	speed: 0.1308s/iter; left time: 122.5656s
Epoch: 97 cost time: 37.138649702072144
Epoch: 97, Steps: 284 | Train Loss: 0.5459144 Vali Loss: 0.5311386 Test Loss: 0.2354272
EarlyStopping counter: 17 out of 20
Updating learning rate to 4.997995805289306e-09
	iters: 100, epoch: 98 | loss: 0.4619548
	speed: 0.3011s/iter; left time: 226.7654s
	iters: 200, epoch: 98 | loss: 0.4343381
	speed: 0.1308s/iter; left time: 85.3894s
Epoch: 98 cost time: 37.13117003440857
Epoch: 98, Steps: 284 | Train Loss: 0.5458646 Vali Loss: 0.5300320 Test Loss: 0.2354293
EarlyStopping counter: 18 out of 20
Updating learning rate to 4.498196224760375e-09
	iters: 100, epoch: 99 | loss: 0.4942138
	speed: 0.3011s/iter; left time: 141.2250s
	iters: 200, epoch: 99 | loss: 0.4720764
	speed: 0.1307s/iter; left time: 48.2443s
Epoch: 99 cost time: 37.13129925727844
Epoch: 99, Steps: 284 | Train Loss: 0.5458470 Vali Loss: 0.5286864 Test Loss: 0.2354307
EarlyStopping counter: 19 out of 20
Updating learning rate to 4.048376602284338e-09
	iters: 100, epoch: 100 | loss: 0.5579063
	speed: 0.3011s/iter; left time: 55.6973s
	iters: 200, epoch: 100 | loss: 0.5281359
	speed: 0.1307s/iter; left time: 11.1117s
Epoch: 100 cost time: 37.12790322303772
Epoch: 100, Steps: 284 | Train Loss: 0.5459075 Vali Loss: 0.5309297 Test Loss: 0.2354243
EarlyStopping counter: 20 out of 20
Early stopping
>>>>>>>testing : NL_weather_cms_lr0.001_5steps_336_192_PatchTST_custom_ftM_sl336_ll48_pl192_dm128_nh16_el3_dl1_df256_fc1_ebtimeF_dtTruelr0.001_pol5steps_Nested_Learning_0<<<<<<<<<<<<<<<<<<<<<<<<<<<<<<<<<
test 10348
 Ejecutando Inferencia DINÁMICA (Nested Learning con cms)
  -> Política: 5steps | LR: 0.001 | Target: head

RESUMEN: El CMS se actualizó 16 veces de 80 posibles.

mse:0.2352813482284546, mae:0.28006210923194885, rse:0.638130247592926
Args in experiment:
Namespace(random_seed=2021, is_training=1, model_id='NL_weather_cms_lr0.001_5steps_336_336', model='PatchTST', data='custom', root_path='./dataset/', data_path='weather.csv', features='M', target='OT', freq='h', checkpoints='./checkpoints/', seq_len=336, label_len=48, pred_len=336, head_type='cms', cms_lr=0.001, update_policy='5steps', fc_dropout=0.2, head_dropout=0.0, patch_len=16, stride=8, padding_patch='end', revin=1, affine=0, subtract_last=0, decomposition=0, kernel_size=25, individual=0, embed_type=0, enc_in=21, dec_in=7, c_out=7, d_model=128, n_heads=16, e_layers=3, d_layers=1, d_ff=256, moving_avg=25, factor=1, distil=True, dropout=0.2, embed='timeF', activation='gelu', output_attention=False, do_predict=False, num_workers=0, itr=1, train_epochs=100, batch_size=128, patience=20, learning_rate=0.0001, des='Nested_Learning', loss='mse', lradj='type3', pct_start=0.3, use_amp=False, use_gpu=True, gpu=0, use_multi_gpu=False, devices='0,1,2,3', test_flop=False)
Use GPU: cuda:0
>>>>>>>start training : NL_weather_cms_lr0.001_5steps_336_336_PatchTST_custom_ftM_sl336_ll48_pl336_dm128_nh16_el3_dl1_df256_fc1_ebtimeF_dtTruelr0.001_pol5steps_Nested_Learning_0>>>>>>>>>>>>>>>>>>>>>>>>>>
train 36216
val 4935
test 10204
	iters: 100, epoch: 1 | loss: 0.8740338
	speed: 0.1444s/iter; left time: 4058.8843s
	iters: 200, epoch: 1 | loss: 0.6780472
	speed: 0.1310s/iter; left time: 3667.2259s
Epoch: 1 cost time: 37.176414251327515
Epoch: 1, Steps: 282 | Train Loss: 0.7712859 Vali Loss: 0.7535701 Test Loss: 0.3234365
Validation loss decreased (inf --> 0.753570).  Saving model ...
Updating learning rate to 0.0001
	iters: 100, epoch: 2 | loss: 0.6413537
	speed: 0.3042s/iter; left time: 8461.4429s
	iters: 200, epoch: 2 | loss: 0.6410370
	speed: 0.1315s/iter; left time: 3644.7754s
Epoch: 2 cost time: 37.07445502281189
Epoch: 2, Steps: 282 | Train Loss: 0.7582087 Vali Loss: 0.7372511 Test Loss: 0.3186308
Validation loss decreased (0.753570 --> 0.737251).  Saving model ...
Updating learning rate to 0.0001
	iters: 100, epoch: 3 | loss: 0.9038645
	speed: 0.3031s/iter; left time: 8347.6033s
	iters: 200, epoch: 3 | loss: 0.7278942
	speed: 0.1317s/iter; left time: 3613.8898s
Epoch: 3 cost time: 37.14255332946777
Epoch: 3, Steps: 282 | Train Loss: 0.7386597 Vali Loss: 0.7223105 Test Loss: 0.3150874
Validation loss decreased (0.737251 --> 0.722311).  Saving model ...
Updating learning rate to 0.0001
	iters: 100, epoch: 4 | loss: 0.6715759
	speed: 0.3041s/iter; left time: 8287.8582s
	iters: 200, epoch: 4 | loss: 0.6746550
	speed: 0.1317s/iter; left time: 3575.2452s
Epoch: 4 cost time: 37.13552904129028
Epoch: 4, Steps: 282 | Train Loss: 0.7240812 Vali Loss: 0.7137987 Test Loss: 0.3120842
Validation loss decreased (0.722311 --> 0.713799).  Saving model ...
Updating learning rate to 9e-05
	iters: 100, epoch: 5 | loss: 0.7198508
	speed: 0.3043s/iter; left time: 8207.3943s
	iters: 200, epoch: 5 | loss: 0.6794372
	speed: 0.1317s/iter; left time: 3538.6245s
Epoch: 5 cost time: 37.12486267089844
Epoch: 5, Steps: 282 | Train Loss: 0.7102879 Vali Loss: 0.7035013 Test Loss: 0.3094829
Validation loss decreased (0.713799 --> 0.703501).  Saving model ...
Updating learning rate to 8.1e-05
	iters: 100, epoch: 6 | loss: 0.6550003
	speed: 0.3042s/iter; left time: 8119.8135s
	iters: 200, epoch: 6 | loss: 0.6826877
	speed: 0.1317s/iter; left time: 3502.1191s
Epoch: 6 cost time: 37.125646114349365
Epoch: 6, Steps: 282 | Train Loss: 0.7005946 Vali Loss: 0.6964518 Test Loss: 0.3072267
Validation loss decreased (0.703501 --> 0.696452).  Saving model ...
Updating learning rate to 7.290000000000001e-05
	iters: 100, epoch: 7 | loss: 0.6268625
	speed: 0.3032s/iter; left time: 8007.9618s
	iters: 200, epoch: 7 | loss: 0.6027457
	speed: 0.1317s/iter; left time: 3464.2858s
Epoch: 7 cost time: 37.11301898956299
Epoch: 7, Steps: 282 | Train Loss: 0.6923657 Vali Loss: 0.6913652 Test Loss: 0.3052831
Validation loss decreased (0.696452 --> 0.691365).  Saving model ...
Updating learning rate to 6.561e-05
	iters: 100, epoch: 8 | loss: 0.6622774
	speed: 0.3045s/iter; left time: 7955.4308s
	iters: 200, epoch: 8 | loss: 0.7013002
	speed: 0.1316s/iter; left time: 3424.6453s
Epoch: 8 cost time: 37.07784962654114
Epoch: 8, Steps: 282 | Train Loss: 0.6852088 Vali Loss: 0.6839967 Test Loss: 0.3035779
Validation loss decreased (0.691365 --> 0.683997).  Saving model ...
Updating learning rate to 5.904900000000001e-05
	iters: 100, epoch: 9 | loss: 0.6233189
	speed: 0.3035s/iter; left time: 7843.1700s
	iters: 200, epoch: 9 | loss: 0.7775642
	speed: 0.1315s/iter; left time: 3385.6671s
Epoch: 9 cost time: 37.06471252441406
Epoch: 9, Steps: 282 | Train Loss: 0.6797414 Vali Loss: 0.6810385 Test Loss: 0.3020715
Validation loss decreased (0.683997 --> 0.681038).  Saving model ...
Updating learning rate to 5.3144100000000005e-05
	iters: 100, epoch: 10 | loss: 0.6472657
	speed: 0.3028s/iter; left time: 7739.7391s
	iters: 200, epoch: 10 | loss: 0.5848090
	speed: 0.1315s/iter; left time: 3347.7298s
Epoch: 10 cost time: 37.06367516517639
Epoch: 10, Steps: 282 | Train Loss: 0.6745063 Vali Loss: 0.6767564 Test Loss: 0.3007608
Validation loss decreased (0.681038 --> 0.676756).  Saving model ...
Updating learning rate to 4.782969000000001e-05
	iters: 100, epoch: 11 | loss: 0.6664801
	speed: 0.3029s/iter; left time: 7658.3806s
	iters: 200, epoch: 11 | loss: 0.6625676
	speed: 0.1315s/iter; left time: 3311.0682s
Epoch: 11 cost time: 37.04491972923279
Epoch: 11, Steps: 282 | Train Loss: 0.6701788 Vali Loss: 0.6752383 Test Loss: 0.2996034
Validation loss decreased (0.676756 --> 0.675238).  Saving model ...
Updating learning rate to 4.304672100000001e-05
	iters: 100, epoch: 12 | loss: 0.6479710
	speed: 0.3035s/iter; left time: 7587.3392s
	iters: 200, epoch: 12 | loss: 0.6266950
	speed: 0.1315s/iter; left time: 3273.5959s
Epoch: 12 cost time: 37.043540477752686
Epoch: 12, Steps: 282 | Train Loss: 0.6660407 Vali Loss: 0.6711548 Test Loss: 0.2985478
Validation loss decreased (0.675238 --> 0.671155).  Saving model ...
Updating learning rate to 3.874204890000001e-05
	iters: 100, epoch: 13 | loss: 0.8021377
	speed: 0.3027s/iter; left time: 7480.6504s
	iters: 200, epoch: 13 | loss: 0.7075384
	speed: 0.1314s/iter; left time: 3234.7981s
Epoch: 13 cost time: 37.035725593566895
Epoch: 13, Steps: 282 | Train Loss: 0.6630256 Vali Loss: 0.6663092 Test Loss: 0.2976087
Validation loss decreased (0.671155 --> 0.666309).  Saving model ...
Updating learning rate to 3.486784401000001e-05
	iters: 100, epoch: 14 | loss: 0.6477634
	speed: 0.3025s/iter; left time: 7392.0573s
	iters: 200, epoch: 14 | loss: 0.6575838
	speed: 0.1314s/iter; left time: 3198.0917s
Epoch: 14 cost time: 37.03916573524475
Epoch: 14, Steps: 282 | Train Loss: 0.6601138 Vali Loss: 0.6662605 Test Loss: 0.2967679
Validation loss decreased (0.666309 --> 0.666261).  Saving model ...
Updating learning rate to 3.138105960900001e-05
	iters: 100, epoch: 15 | loss: 0.5494598
	speed: 0.3028s/iter; left time: 7314.0701s
	iters: 200, epoch: 15 | loss: 0.7673786
	speed: 0.1314s/iter; left time: 3161.4592s
Epoch: 15 cost time: 37.04234004020691
Epoch: 15, Steps: 282 | Train Loss: 0.6574617 Vali Loss: 0.6629511 Test Loss: 0.2959838
Validation loss decreased (0.666261 --> 0.662951).  Saving model ...
Updating learning rate to 2.824295364810001e-05
	iters: 100, epoch: 16 | loss: 0.6816151
	speed: 0.3036s/iter; left time: 7248.0754s
	iters: 200, epoch: 16 | loss: 0.7170838
	speed: 0.1313s/iter; left time: 3121.1544s
Epoch: 16 cost time: 37.01619791984558
Epoch: 16, Steps: 282 | Train Loss: 0.6547228 Vali Loss: 0.6620987 Test Loss: 0.2952978
Validation loss decreased (0.662951 --> 0.662099).  Saving model ...
Updating learning rate to 2.541865828329001e-05
	iters: 100, epoch: 17 | loss: 0.8349438
	speed: 0.3033s/iter; left time: 7153.4361s
	iters: 200, epoch: 17 | loss: 0.6968265
	speed: 0.1313s/iter; left time: 3083.4608s
Epoch: 17 cost time: 37.007585525512695
Epoch: 17, Steps: 282 | Train Loss: 0.6526999 Vali Loss: 0.6581060 Test Loss: 0.2946628
Validation loss decreased (0.662099 --> 0.658106).  Saving model ...
Updating learning rate to 2.287679245496101e-05
	iters: 100, epoch: 18 | loss: 0.5908064
	speed: 0.3035s/iter; left time: 7073.0569s
	iters: 200, epoch: 18 | loss: 0.5553580
	speed: 0.1313s/iter; left time: 3047.7001s
Epoch: 18 cost time: 37.008283376693726
Epoch: 18, Steps: 282 | Train Loss: 0.6498763 Vali Loss: 0.6577807 Test Loss: 0.2941082
Validation loss decreased (0.658106 --> 0.657781).  Saving model ...
Updating learning rate to 2.0589113209464907e-05
	iters: 100, epoch: 19 | loss: 0.5611944
	speed: 0.3029s/iter; left time: 6975.3369s
	iters: 200, epoch: 19 | loss: 0.6614047
	speed: 0.1313s/iter; left time: 3009.1782s
Epoch: 19 cost time: 37.01512622833252
Epoch: 19, Steps: 282 | Train Loss: 0.6490818 Vali Loss: 0.6575309 Test Loss: 0.2935899
Validation loss decreased (0.657781 --> 0.657531).  Saving model ...
Updating learning rate to 1.8530201888518416e-05
	iters: 100, epoch: 20 | loss: 0.5798252
	speed: 0.3029s/iter; left time: 6888.3364s
	iters: 200, epoch: 20 | loss: 0.6188320
	speed: 0.1313s/iter; left time: 2972.6667s
Epoch: 20 cost time: 37.02662134170532
Epoch: 20, Steps: 282 | Train Loss: 0.6475249 Vali Loss: 0.6539341 Test Loss: 0.2931243
Validation loss decreased (0.657531 --> 0.653934).  Saving model ...
Updating learning rate to 1.6677181699666577e-05
	iters: 100, epoch: 21 | loss: 0.6177940
	speed: 0.3029s/iter; left time: 6803.2930s
	iters: 200, epoch: 21 | loss: 0.5949728
	speed: 0.1313s/iter; left time: 2936.3376s
Epoch: 21 cost time: 37.03363394737244
Epoch: 21, Steps: 282 | Train Loss: 0.6460365 Vali Loss: 0.6525375 Test Loss: 0.2927043
Validation loss decreased (0.653934 --> 0.652538).  Saving model ...
Updating learning rate to 1.5009463529699919e-05
	iters: 100, epoch: 22 | loss: 0.7088618
	speed: 0.3027s/iter; left time: 6713.0000s
	iters: 200, epoch: 22 | loss: 0.5878767
	speed: 0.1313s/iter; left time: 2899.5235s
Epoch: 22 cost time: 37.03436779975891
Epoch: 22, Steps: 282 | Train Loss: 0.6446553 Vali Loss: 0.6507221 Test Loss: 0.2923438
Validation loss decreased (0.652538 --> 0.650722).  Saving model ...
Updating learning rate to 1.3508517176729929e-05
	iters: 100, epoch: 23 | loss: 0.5748571
	speed: 0.3037s/iter; left time: 6650.4041s
	iters: 200, epoch: 23 | loss: 0.5606191
	speed: 0.1312s/iter; left time: 2860.7235s
Epoch: 23 cost time: 37.02670454978943
Epoch: 23, Steps: 282 | Train Loss: 0.6437746 Vali Loss: 0.6510774 Test Loss: 0.2919872
EarlyStopping counter: 1 out of 20
Updating learning rate to 1.2157665459056936e-05
	iters: 100, epoch: 24 | loss: 0.6511763
	speed: 0.3022s/iter; left time: 6531.7419s
	iters: 200, epoch: 24 | loss: 0.6073760
	speed: 0.1312s/iter; left time: 2822.3982s
Epoch: 24 cost time: 37.014880895614624
Epoch: 24, Steps: 282 | Train Loss: 0.6425243 Vali Loss: 0.6502159 Test Loss: 0.2916580
Validation loss decreased (0.650722 --> 0.650216).  Saving model ...
Updating learning rate to 1.0941898913151242e-05
	iters: 100, epoch: 25 | loss: 0.5999889
	speed: 0.3034s/iter; left time: 6472.2028s
	iters: 200, epoch: 25 | loss: 0.6374312
	speed: 0.1311s/iter; left time: 2784.2612s
Epoch: 25 cost time: 37.002615213394165
Epoch: 25, Steps: 282 | Train Loss: 0.6415019 Vali Loss: 0.6494629 Test Loss: 0.2913805
Validation loss decreased (0.650216 --> 0.649463).  Saving model ...
Updating learning rate to 9.847709021836118e-06
	iters: 100, epoch: 26 | loss: 0.5573357
	speed: 0.3048s/iter; left time: 6417.2478s
	iters: 200, epoch: 26 | loss: 0.7644222
	speed: 0.1312s/iter; left time: 2749.1879s
Epoch: 26 cost time: 37.01454043388367
Epoch: 26, Steps: 282 | Train Loss: 0.6409370 Vali Loss: 0.6470409 Test Loss: 0.2911270
Validation loss decreased (0.649463 --> 0.647041).  Saving model ...
Updating learning rate to 8.862938119652508e-06
	iters: 100, epoch: 27 | loss: 0.6247576
	speed: 0.3028s/iter; left time: 6289.6279s
	iters: 200, epoch: 27 | loss: 0.5359736
	speed: 0.1312s/iter; left time: 2712.2468s
Epoch: 27 cost time: 37.00354623794556
Epoch: 27, Steps: 282 | Train Loss: 0.6399358 Vali Loss: 0.6471451 Test Loss: 0.2909057
EarlyStopping counter: 1 out of 20
Updating learning rate to 7.976644307687255e-06
	iters: 100, epoch: 28 | loss: 0.7369490
	speed: 0.3025s/iter; left time: 6197.4550s
	iters: 200, epoch: 28 | loss: 0.6405725
	speed: 0.1313s/iter; left time: 2676.5172s
Epoch: 28 cost time: 37.02133655548096
Epoch: 28, Steps: 282 | Train Loss: 0.6394849 Vali Loss: 0.6491441 Test Loss: 0.2907004
EarlyStopping counter: 2 out of 20
Updating learning rate to 7.178979876918531e-06
	iters: 100, epoch: 29 | loss: 0.5901630
	speed: 0.3022s/iter; left time: 6106.3087s
	iters: 200, epoch: 29 | loss: 0.6621105
	speed: 0.1311s/iter; left time: 2635.8984s
Epoch: 29 cost time: 36.99242186546326
Epoch: 29, Steps: 282 | Train Loss: 0.6383895 Vali Loss: 0.6468166 Test Loss: 0.2905212
Validation loss decreased (0.647041 --> 0.646817).  Saving model ...
Updating learning rate to 6.4610818892266776e-06
	iters: 100, epoch: 30 | loss: 0.6583972
	speed: 0.3037s/iter; left time: 6051.0217s
	iters: 200, epoch: 30 | loss: 0.7200536
	speed: 0.1311s/iter; left time: 2599.4075s
Epoch: 30 cost time: 36.9900598526001
Epoch: 30, Steps: 282 | Train Loss: 0.6380843 Vali Loss: 0.6467772 Test Loss: 0.2903589
Validation loss decreased (0.646817 --> 0.646777).  Saving model ...
Updating learning rate to 5.8149737003040096e-06
	iters: 100, epoch: 31 | loss: 0.6523286
	speed: 0.3050s/iter; left time: 5991.3546s
	iters: 200, epoch: 31 | loss: 0.6426660
	speed: 0.1313s/iter; left time: 2565.0379s
Epoch: 31 cost time: 37.00778651237488
Epoch: 31, Steps: 282 | Train Loss: 0.6378966 Vali Loss: 0.6455303 Test Loss: 0.2902091
Validation loss decreased (0.646777 --> 0.645530).  Saving model ...
Updating learning rate to 5.23347633027361e-06
	iters: 100, epoch: 32 | loss: 0.6064892
	speed: 0.3032s/iter; left time: 5868.9577s
	iters: 200, epoch: 32 | loss: 0.6271086
	speed: 0.1312s/iter; left time: 2525.9632s
Epoch: 32 cost time: 36.99980449676514
Epoch: 32, Steps: 282 | Train Loss: 0.6369979 Vali Loss: 0.6446115 Test Loss: 0.2900731
Validation loss decreased (0.645530 --> 0.644612).  Saving model ...
Updating learning rate to 4.710128697246249e-06
	iters: 100, epoch: 33 | loss: 0.5677989
	speed: 0.3027s/iter; left time: 5775.2483s
	iters: 200, epoch: 33 | loss: 0.7407425
	speed: 0.1314s/iter; left time: 2492.9114s
Epoch: 33 cost time: 37.05400633811951
Epoch: 33, Steps: 282 | Train Loss: 0.6367053 Vali Loss: 0.6457252 Test Loss: 0.2899519
EarlyStopping counter: 1 out of 20
Updating learning rate to 4.239115827521624e-06
	iters: 100, epoch: 34 | loss: 0.6876518
	speed: 0.3030s/iter; left time: 5695.6508s
	iters: 200, epoch: 34 | loss: 0.5729892
	speed: 0.1316s/iter; left time: 2460.3911s
Epoch: 34 cost time: 37.11847448348999
Epoch: 34, Steps: 282 | Train Loss: 0.6356300 Vali Loss: 0.6443775 Test Loss: 0.2898426
Validation loss decreased (0.644612 --> 0.644378).  Saving model ...
Updating learning rate to 3.815204244769462e-06
	iters: 100, epoch: 35 | loss: 0.6419750
	speed: 0.3044s/iter; left time: 5634.7843s
	iters: 200, epoch: 35 | loss: 0.6485985
	speed: 0.1319s/iter; left time: 2428.6427s
Epoch: 35 cost time: 37.204055070877075
Epoch: 35, Steps: 282 | Train Loss: 0.6364329 Vali Loss: 0.6438869 Test Loss: 0.2897455
Validation loss decreased (0.644378 --> 0.643887).  Saving model ...
Updating learning rate to 3.4336838202925152e-06
	iters: 100, epoch: 36 | loss: 0.5982656
	speed: 0.3044s/iter; left time: 5549.6585s
	iters: 200, epoch: 36 | loss: 0.6158340
	speed: 0.1321s/iter; left time: 2394.8709s
Epoch: 36 cost time: 37.24916958808899
Epoch: 36, Steps: 282 | Train Loss: 0.6353622 Vali Loss: 0.6422212 Test Loss: 0.2896569
Validation loss decreased (0.643887 --> 0.642221).  Saving model ...
Updating learning rate to 3.090315438263264e-06
	iters: 100, epoch: 37 | loss: 0.6773385
	speed: 0.3044s/iter; left time: 5463.4674s
	iters: 200, epoch: 37 | loss: 0.6238047
	speed: 0.1323s/iter; left time: 2361.5569s
Epoch: 37 cost time: 37.29766893386841
Epoch: 37, Steps: 282 | Train Loss: 0.6354363 Vali Loss: 0.6441824 Test Loss: 0.2895751
EarlyStopping counter: 1 out of 20
Updating learning rate to 2.7812838944369375e-06
	iters: 100, epoch: 38 | loss: 0.5336254
	speed: 0.3043s/iter; left time: 5375.9542s
	iters: 200, epoch: 38 | loss: 0.6787978
	speed: 0.1323s/iter; left time: 2323.5299s
Epoch: 38 cost time: 37.308916330337524
Epoch: 38, Steps: 282 | Train Loss: 0.6349552 Vali Loss: 0.6428122 Test Loss: 0.2895063
EarlyStopping counter: 2 out of 20
Updating learning rate to 2.503155504993244e-06
	iters: 100, epoch: 39 | loss: 0.6174505
	speed: 0.3042s/iter; left time: 5289.3018s
	iters: 200, epoch: 39 | loss: 0.6695483
	speed: 0.1324s/iter; left time: 2289.1884s
Epoch: 39 cost time: 37.36232042312622
Epoch: 39, Steps: 282 | Train Loss: 0.6348248 Vali Loss: 0.6424320 Test Loss: 0.2894371
EarlyStopping counter: 3 out of 20
Updating learning rate to 2.2528399544939195e-06
	iters: 100, epoch: 40 | loss: 0.6169069
	speed: 0.3045s/iter; left time: 5208.3344s
	iters: 200, epoch: 40 | loss: 0.5258318
	speed: 0.1326s/iter; left time: 2255.1749s
Epoch: 40 cost time: 37.40014171600342
Epoch: 40, Steps: 282 | Train Loss: 0.6352465 Vali Loss: 0.6428944 Test Loss: 0.2893794
EarlyStopping counter: 4 out of 20
Updating learning rate to 2.0275559590445276e-06
	iters: 100, epoch: 41 | loss: 0.6529119
	speed: 0.3051s/iter; left time: 5131.6863s
	iters: 200, epoch: 41 | loss: 0.8454029
	speed: 0.1327s/iter; left time: 2218.8702s
Epoch: 41 cost time: 37.4201123714447
Epoch: 41, Steps: 282 | Train Loss: 0.6347037 Vali Loss: 0.6431929 Test Loss: 0.2893279
EarlyStopping counter: 5 out of 20
Updating learning rate to 1.8248003631400751e-06
	iters: 100, epoch: 42 | loss: 0.6250832
	speed: 0.3052s/iter; left time: 5047.5718s
	iters: 200, epoch: 42 | loss: 0.7361284
	speed: 0.1329s/iter; left time: 2184.0766s
Epoch: 42 cost time: 37.428890228271484
Epoch: 42, Steps: 282 | Train Loss: 0.6347137 Vali Loss: 0.6429346 Test Loss: 0.2892796
EarlyStopping counter: 6 out of 20
Updating learning rate to 1.6423203268260676e-06
	iters: 100, epoch: 43 | loss: 0.7401677
	speed: 0.3048s/iter; left time: 4955.4086s
	iters: 200, epoch: 43 | loss: 0.5402693
	speed: 0.1329s/iter; left time: 2147.6128s
Epoch: 43 cost time: 37.46184992790222
Epoch: 43, Steps: 282 | Train Loss: 0.6343160 Vali Loss: 0.6433919 Test Loss: 0.2892391
EarlyStopping counter: 7 out of 20
Updating learning rate to 1.4780882941434609e-06
	iters: 100, epoch: 44 | loss: 0.7364187
	speed: 0.3052s/iter; left time: 4875.4407s
	iters: 200, epoch: 44 | loss: 0.5897439
	speed: 0.1331s/iter; left time: 2112.3735s
Epoch: 44 cost time: 37.48106336593628
Epoch: 44, Steps: 282 | Train Loss: 0.6345208 Vali Loss: 0.6427709 Test Loss: 0.2891960
EarlyStopping counter: 8 out of 20
Updating learning rate to 1.3302794647291146e-06
	iters: 100, epoch: 45 | loss: 0.5281681
	speed: 0.3054s/iter; left time: 4792.7292s
	iters: 200, epoch: 45 | loss: 0.7427824
	speed: 0.1331s/iter; left time: 2075.4600s
Epoch: 45 cost time: 37.505859375
Epoch: 45, Steps: 282 | Train Loss: 0.6340220 Vali Loss: 0.6432362 Test Loss: 0.2891679
EarlyStopping counter: 9 out of 20
Updating learning rate to 1.1972515182562034e-06
	iters: 100, epoch: 46 | loss: 0.7302399
	speed: 0.3055s/iter; left time: 4708.7248s
	iters: 200, epoch: 46 | loss: 0.6639391
	speed: 0.1330s/iter; left time: 2036.3751s
Epoch: 46 cost time: 37.48168182373047
Epoch: 46, Steps: 282 | Train Loss: 0.6342584 Vali Loss: 0.6429834 Test Loss: 0.2891329
EarlyStopping counter: 10 out of 20
Updating learning rate to 1.077526366430583e-06
	iters: 100, epoch: 47 | loss: 0.6122336
	speed: 0.3049s/iter; left time: 4613.3872s
	iters: 200, epoch: 47 | loss: 0.7182388
	speed: 0.1325s/iter; left time: 1991.6575s
Epoch: 47 cost time: 37.35958433151245
Epoch: 47, Steps: 282 | Train Loss: 0.6344187 Vali Loss: 0.6426730 Test Loss: 0.2891083
EarlyStopping counter: 11 out of 20
Updating learning rate to 9.697737297875248e-07
	iters: 100, epoch: 48 | loss: 0.5389640
	speed: 0.3033s/iter; left time: 4502.8976s
	iters: 200, epoch: 48 | loss: 0.7040195
	speed: 0.1323s/iter; left time: 1951.3136s
Epoch: 48 cost time: 37.28121256828308
Epoch: 48, Steps: 282 | Train Loss: 0.6341901 Vali Loss: 0.6418012 Test Loss: 0.2890804
Validation loss decreased (0.642221 --> 0.641801).  Saving model ...
Updating learning rate to 8.727963568087723e-07
	iters: 100, epoch: 49 | loss: 0.7644297
	speed: 0.3048s/iter; left time: 4438.9926s
	iters: 200, epoch: 49 | loss: 0.5401690
	speed: 0.1320s/iter; left time: 1909.3706s
Epoch: 49 cost time: 37.20425868034363
Epoch: 49, Steps: 282 | Train Loss: 0.6337045 Vali Loss: 0.6429909 Test Loss: 0.2890602
EarlyStopping counter: 1 out of 20
Updating learning rate to 7.855167211278951e-07
	iters: 100, epoch: 50 | loss: 0.6542560
	speed: 0.3032s/iter; left time: 4330.3415s
	iters: 200, epoch: 50 | loss: 0.6645715
	speed: 0.1318s/iter; left time: 1869.7727s
Epoch: 50 cost time: 37.18390107154846
Epoch: 50, Steps: 282 | Train Loss: 0.6337653 Vali Loss: 0.6428577 Test Loss: 0.2890376
EarlyStopping counter: 2 out of 20
Updating learning rate to 7.069650490151056e-07
	iters: 100, epoch: 51 | loss: 0.6734098
	speed: 0.3023s/iter; left time: 4232.5302s
	iters: 200, epoch: 51 | loss: 0.5861124
	speed: 0.1316s/iter; left time: 1830.0099s
Epoch: 51 cost time: 37.120134115219116
Epoch: 51, Steps: 282 | Train Loss: 0.6334971 Vali Loss: 0.6428890 Test Loss: 0.2890195
EarlyStopping counter: 3 out of 20
Updating learning rate to 6.36268544113595e-07
	iters: 100, epoch: 52 | loss: 0.6254177
	speed: 0.3027s/iter; left time: 4153.3270s
	iters: 200, epoch: 52 | loss: 0.6285864
	speed: 0.1316s/iter; left time: 1792.2531s
Epoch: 52 cost time: 37.119409799575806
Epoch: 52, Steps: 282 | Train Loss: 0.6330286 Vali Loss: 0.6411950 Test Loss: 0.2889999
Validation loss decreased (0.641801 --> 0.641195).  Saving model ...
Updating learning rate to 5.726416897022355e-07
	iters: 100, epoch: 53 | loss: 0.5259830
	speed: 0.3033s/iter; left time: 4075.8622s
	iters: 200, epoch: 53 | loss: 0.6297258
	speed: 0.1315s/iter; left time: 1754.0903s
Epoch: 53 cost time: 37.0967230796814
Epoch: 53, Steps: 282 | Train Loss: 0.6329904 Vali Loss: 0.6417441 Test Loss: 0.2889848
EarlyStopping counter: 1 out of 20
Updating learning rate to 5.15377520732012e-07
	iters: 100, epoch: 54 | loss: 0.6117463
	speed: 0.3026s/iter; left time: 3980.0956s
	iters: 200, epoch: 54 | loss: 0.6809967
	speed: 0.1314s/iter; left time: 1715.3905s
Epoch: 54 cost time: 37.06758379936218
Epoch: 54, Steps: 282 | Train Loss: 0.6335861 Vali Loss: 0.6433011 Test Loss: 0.2889710
EarlyStopping counter: 2 out of 20
Updating learning rate to 4.6383976865881085e-07
	iters: 100, epoch: 55 | loss: 0.6051004
	speed: 0.3027s/iter; left time: 3896.3772s
	iters: 200, epoch: 55 | loss: 0.6005000
	speed: 0.1314s/iter; left time: 1678.8545s
Epoch: 55 cost time: 37.07369351387024
Epoch: 55, Steps: 282 | Train Loss: 0.6335341 Vali Loss: 0.6423032 Test Loss: 0.2889614
EarlyStopping counter: 3 out of 20
Updating learning rate to 4.174557917929298e-07
	iters: 100, epoch: 56 | loss: 0.6205384
	speed: 0.3024s/iter; left time: 3807.9427s
	iters: 200, epoch: 56 | loss: 0.6104786
	speed: 0.1314s/iter; left time: 1641.9251s
Epoch: 56 cost time: 37.06571960449219
Epoch: 56, Steps: 282 | Train Loss: 0.6333394 Vali Loss: 0.6417951 Test Loss: 0.2889510
EarlyStopping counter: 4 out of 20
Updating learning rate to 3.7571021261363677e-07
	iters: 100, epoch: 57 | loss: 0.6198115
	speed: 0.3021s/iter; left time: 3719.0017s
	iters: 200, epoch: 57 | loss: 0.7312545
	speed: 0.1314s/iter; left time: 1604.4610s
Epoch: 57 cost time: 37.06150007247925
Epoch: 57, Steps: 282 | Train Loss: 0.6332624 Vali Loss: 0.6434054 Test Loss: 0.2889460
EarlyStopping counter: 5 out of 20
Updating learning rate to 3.381391913522731e-07
	iters: 100, epoch: 58 | loss: 0.8126976
	speed: 0.3027s/iter; left time: 3641.1463s
	iters: 200, epoch: 58 | loss: 0.7760555
	speed: 0.1314s/iter; left time: 1567.1543s
Epoch: 58 cost time: 37.0622124671936
Epoch: 58, Steps: 282 | Train Loss: 0.6333245 Vali Loss: 0.6431574 Test Loss: 0.2889321
EarlyStopping counter: 6 out of 20
Updating learning rate to 3.043252722170458e-07
	iters: 100, epoch: 59 | loss: 0.5027623
	speed: 0.3022s/iter; left time: 3549.7772s
	iters: 200, epoch: 59 | loss: 0.5175639
	speed: 0.1313s/iter; left time: 1529.4921s
Epoch: 59 cost time: 37.06406259536743
Epoch: 59, Steps: 282 | Train Loss: 0.6330165 Vali Loss: 0.6424540 Test Loss: 0.2889263
EarlyStopping counter: 7 out of 20
Updating learning rate to 2.7389274499534124e-07
	iters: 100, epoch: 60 | loss: 0.5315386
	speed: 0.3028s/iter; left time: 3471.2771s
	iters: 200, epoch: 60 | loss: 0.5566677
	speed: 0.1313s/iter; left time: 1492.3618s
Epoch: 60 cost time: 37.05989170074463
Epoch: 60, Steps: 282 | Train Loss: 0.6336284 Vali Loss: 0.6421861 Test Loss: 0.2889171
EarlyStopping counter: 8 out of 20
Updating learning rate to 2.465034704958071e-07
	iters: 100, epoch: 61 | loss: 0.6522927
	speed: 0.3027s/iter; left time: 3384.2096s
	iters: 200, epoch: 61 | loss: 0.6491284
	speed: 0.1313s/iter; left time: 1455.0024s
Epoch: 61 cost time: 37.03557085990906
Epoch: 61, Steps: 282 | Train Loss: 0.6333358 Vali Loss: 0.6417267 Test Loss: 0.2889133
EarlyStopping counter: 9 out of 20
Updating learning rate to 2.218531234462264e-07
	iters: 100, epoch: 62 | loss: 0.5307639
	speed: 0.3025s/iter; left time: 3296.9209s
	iters: 200, epoch: 62 | loss: 0.6078799
	speed: 0.1314s/iter; left time: 1418.8635s
Epoch: 62 cost time: 37.04973769187927
Epoch: 62, Steps: 282 | Train Loss: 0.6334013 Vali Loss: 0.6415813 Test Loss: 0.2889081
EarlyStopping counter: 10 out of 20
Updating learning rate to 1.9966781110160376e-07
	iters: 100, epoch: 63 | loss: 0.7728245
	speed: 0.3030s/iter; left time: 3216.7763s
	iters: 200, epoch: 63 | loss: 0.5519969
	speed: 0.1315s/iter; left time: 1382.6646s
Epoch: 63 cost time: 37.08825492858887
Epoch: 63, Steps: 282 | Train Loss: 0.6331446 Vali Loss: 0.6421239 Test Loss: 0.2889040
EarlyStopping counter: 11 out of 20
Updating learning rate to 1.797010299914434e-07
	iters: 100, epoch: 64 | loss: 0.6512018
	speed: 0.3030s/iter; left time: 3131.6709s
	iters: 200, epoch: 64 | loss: 0.6271934
	speed: 0.1315s/iter; left time: 1346.3050s
Epoch: 64 cost time: 37.109973192214966
Epoch: 64, Steps: 282 | Train Loss: 0.6333470 Vali Loss: 0.6408500 Test Loss: 0.2888988
Validation loss decreased (0.641195 --> 0.640850).  Saving model ...
Updating learning rate to 1.6173092699229907e-07
	iters: 100, epoch: 65 | loss: 0.7227126
	speed: 0.3090s/iter; left time: 3106.2541s
	iters: 200, epoch: 65 | loss: 0.5267339
	speed: 0.1315s/iter; left time: 1308.5927s
Epoch: 65 cost time: 37.07137751579285
Epoch: 65, Steps: 282 | Train Loss: 0.6333034 Vali Loss: 0.6414825 Test Loss: 0.2888938
EarlyStopping counter: 1 out of 20
Updating learning rate to 1.4555783429306916e-07
	iters: 100, epoch: 66 | loss: 0.5957723
	speed: 0.3027s/iter; left time: 2957.8278s
	iters: 200, epoch: 66 | loss: 0.5867146
	speed: 0.1315s/iter; left time: 1271.3077s
Epoch: 66 cost time: 37.06731414794922
Epoch: 66, Steps: 282 | Train Loss: 0.6333834 Vali Loss: 0.6388475 Test Loss: 0.2888881
Validation loss decreased (0.640850 --> 0.638848).  Saving model ...
Updating learning rate to 1.3100205086376224e-07
	iters: 100, epoch: 67 | loss: 0.7246032
	speed: 0.3029s/iter; left time: 2874.5533s
	iters: 200, epoch: 67 | loss: 0.6327865
	speed: 0.1314s/iter; left time: 1234.1830s
Epoch: 67 cost time: 37.061057567596436
Epoch: 67, Steps: 282 | Train Loss: 0.6336229 Vali Loss: 0.6409478 Test Loss: 0.2888862
EarlyStopping counter: 1 out of 20
Updating learning rate to 1.1790184577738603e-07
	iters: 100, epoch: 68 | loss: 0.5906249
	speed: 0.3027s/iter; left time: 2787.4102s
	iters: 200, epoch: 68 | loss: 0.6860608
	speed: 0.1314s/iter; left time: 1196.9298s
Epoch: 68 cost time: 37.05825662612915
Epoch: 68, Steps: 282 | Train Loss: 0.6332825 Vali Loss: 0.6420651 Test Loss: 0.2888818
EarlyStopping counter: 2 out of 20
Updating learning rate to 1.0611166119964742e-07
	iters: 100, epoch: 69 | loss: 0.7235301
	speed: 0.3025s/iter; left time: 2699.5330s
	iters: 200, epoch: 69 | loss: 0.5389036
	speed: 0.1315s/iter; left time: 1160.4290s
Epoch: 69 cost time: 37.07453632354736
Epoch: 69, Steps: 282 | Train Loss: 0.6333060 Vali Loss: 0.6411506 Test Loss: 0.2888824
EarlyStopping counter: 3 out of 20
Updating learning rate to 9.550049507968268e-08
	iters: 100, epoch: 70 | loss: 0.7985086
	speed: 0.3028s/iter; left time: 2616.7522s
	iters: 200, epoch: 70 | loss: 0.7636647
	speed: 0.1314s/iter; left time: 1122.7985s
Epoch: 70 cost time: 37.050941705703735
Epoch: 70, Steps: 282 | Train Loss: 0.6325163 Vali Loss: 0.6423521 Test Loss: 0.2888802
EarlyStopping counter: 4 out of 20
Updating learning rate to 8.595044557171442e-08
	iters: 100, epoch: 71 | loss: 0.6590100
	speed: 0.3011s/iter; left time: 2517.6475s
	iters: 200, epoch: 71 | loss: 0.5674737
	speed: 0.1313s/iter; left time: 1084.7397s
Epoch: 71 cost time: 37.03261065483093
Epoch: 71, Steps: 282 | Train Loss: 0.6329919 Vali Loss: 0.6425956 Test Loss: 0.2888800
EarlyStopping counter: 5 out of 20
Updating learning rate to 7.735540101454298e-08
	iters: 100, epoch: 72 | loss: 0.5224455
	speed: 0.3022s/iter; left time: 2441.8065s
	iters: 200, epoch: 72 | loss: 0.6507150
	speed: 0.1315s/iter; left time: 1049.1627s
Epoch: 72 cost time: 37.06255102157593
Epoch: 72, Steps: 282 | Train Loss: 0.6325121 Vali Loss: 0.6438912 Test Loss: 0.2888767
EarlyStopping counter: 6 out of 20
Updating learning rate to 6.961986091308869e-08
	iters: 100, epoch: 73 | loss: 0.5280300
	speed: 0.3022s/iter; left time: 2356.3734s
	iters: 200, epoch: 73 | loss: 0.6328990
	speed: 0.1315s/iter; left time: 1011.7810s
Epoch: 73 cost time: 37.03443360328674
Epoch: 73, Steps: 282 | Train Loss: 0.6325510 Vali Loss: 0.6416867 Test Loss: 0.2888783
EarlyStopping counter: 7 out of 20
Updating learning rate to 6.265787482177981e-08
	iters: 100, epoch: 74 | loss: 0.6707076
	speed: 0.3022s/iter; left time: 2270.7103s
	iters: 200, epoch: 74 | loss: 0.5514354
	speed: 0.1314s/iter; left time: 974.3856s
Epoch: 74 cost time: 37.04365110397339
Epoch: 74, Steps: 282 | Train Loss: 0.6332243 Vali Loss: 0.6420798 Test Loss: 0.2888758
EarlyStopping counter: 8 out of 20
Updating learning rate to 5.639208733960184e-08
	iters: 100, epoch: 75 | loss: 0.6340125
	speed: 0.3019s/iter; left time: 2183.3653s
	iters: 200, epoch: 75 | loss: 0.6991920
	speed: 0.1315s/iter; left time: 937.9952s
Epoch: 75 cost time: 37.05945348739624
Epoch: 75, Steps: 282 | Train Loss: 0.6328577 Vali Loss: 0.6420674 Test Loss: 0.2888728
EarlyStopping counter: 9 out of 20
Updating learning rate to 5.075287860564165e-08
	iters: 100, epoch: 76 | loss: 0.5567427
	speed: 0.3023s/iter; left time: 2101.2452s
	iters: 200, epoch: 76 | loss: 0.5905148
	speed: 0.1315s/iter; left time: 900.8815s
Epoch: 76 cost time: 37.04697370529175
Epoch: 76, Steps: 282 | Train Loss: 0.6337172 Vali Loss: 0.6403995 Test Loss: 0.2888742
EarlyStopping counter: 10 out of 20
Updating learning rate to 4.567759074507749e-08
	iters: 100, epoch: 77 | loss: 0.7148243
	speed: 0.3021s/iter; left time: 2014.8631s
	iters: 200, epoch: 77 | loss: 0.5828450
	speed: 0.1315s/iter; left time: 863.9336s
Epoch: 77 cost time: 37.0577347278595
Epoch: 77, Steps: 282 | Train Loss: 0.6326662 Vali Loss: 0.6424174 Test Loss: 0.2888733
EarlyStopping counter: 11 out of 20
Updating learning rate to 4.1109831670569744e-08
	iters: 100, epoch: 78 | loss: 0.5789220
	speed: 0.3023s/iter; left time: 1930.9401s
	iters: 200, epoch: 78 | loss: 0.5856651
	speed: 0.1316s/iter; left time: 827.0843s
Epoch: 78 cost time: 37.047507524490356
Epoch: 78, Steps: 282 | Train Loss: 0.6334004 Vali Loss: 0.6410080 Test Loss: 0.2888737
EarlyStopping counter: 12 out of 20
Updating learning rate to 3.6998848503512764e-08
	iters: 100, epoch: 79 | loss: 0.6387329
	speed: 0.3020s/iter; left time: 1843.4453s
	iters: 200, epoch: 79 | loss: 0.6688262
	speed: 0.1315s/iter; left time: 789.3808s
Epoch: 79 cost time: 37.0422625541687
Epoch: 79, Steps: 282 | Train Loss: 0.6330495 Vali Loss: 0.6407335 Test Loss: 0.2888745
EarlyStopping counter: 13 out of 20
Updating learning rate to 3.3298963653161496e-08
	iters: 100, epoch: 80 | loss: 0.6232070
	speed: 0.3020s/iter; left time: 1758.5760s
	iters: 200, epoch: 80 | loss: 0.6583113
	speed: 0.1314s/iter; left time: 752.2091s
Epoch: 80 cost time: 37.04062843322754
Epoch: 80, Steps: 282 | Train Loss: 0.6331897 Vali Loss: 0.6417310 Test Loss: 0.2888725
EarlyStopping counter: 14 out of 20
Updating learning rate to 2.996906728784534e-08
	iters: 100, epoch: 81 | loss: 0.5982053
	speed: 0.3021s/iter; left time: 1674.1833s
	iters: 200, epoch: 81 | loss: 0.6424406
	speed: 0.1315s/iter; left time: 715.5540s
Epoch: 81 cost time: 37.05129861831665
Epoch: 81, Steps: 282 | Train Loss: 0.6325450 Vali Loss: 0.6431462 Test Loss: 0.2888753
EarlyStopping counter: 15 out of 20
Updating learning rate to 2.697216055906081e-08
	iters: 100, epoch: 82 | loss: 0.6570950
	speed: 0.3024s/iter; left time: 1590.2967s
	iters: 200, epoch: 82 | loss: 0.5682189
	speed: 0.1316s/iter; left time: 678.9301s
Epoch: 82 cost time: 37.05963444709778
Epoch: 82, Steps: 282 | Train Loss: 0.6329921 Vali Loss: 0.6424183 Test Loss: 0.2888751
EarlyStopping counter: 16 out of 20
Updating learning rate to 2.427494450315473e-08
	iters: 100, epoch: 83 | loss: 0.6205354
	speed: 0.3021s/iter; left time: 1503.4974s
	iters: 200, epoch: 83 | loss: 0.6915305
	speed: 0.1316s/iter; left time: 641.5857s
Epoch: 83 cost time: 37.04573702812195
Epoch: 83, Steps: 282 | Train Loss: 0.6335765 Vali Loss: 0.6411481 Test Loss: 0.2888723
EarlyStopping counter: 17 out of 20
Updating learning rate to 2.1847450052839257e-08
	iters: 100, epoch: 84 | loss: 0.5907084
	speed: 0.3022s/iter; left time: 1418.8987s
	iters: 200, epoch: 84 | loss: 0.5750018
	speed: 0.1315s/iter; left time: 604.4075s
Epoch: 84 cost time: 37.039939165115356
Epoch: 84, Steps: 282 | Train Loss: 0.6332939 Vali Loss: 0.6419027 Test Loss: 0.2888697
EarlyStopping counter: 18 out of 20
Updating learning rate to 1.9662705047555332e-08
	iters: 100, epoch: 85 | loss: 0.5492773
	speed: 0.3020s/iter; left time: 1332.8984s
	iters: 200, epoch: 85 | loss: 0.6769436
	speed: 0.1314s/iter; left time: 566.9301s
Epoch: 85 cost time: 37.03401732444763
Epoch: 85, Steps: 282 | Train Loss: 0.6332396 Vali Loss: 0.6416563 Test Loss: 0.2888705
EarlyStopping counter: 19 out of 20
Updating learning rate to 1.7696434542799797e-08
	iters: 100, epoch: 86 | loss: 0.6162147
	speed: 0.3021s/iter; left time: 1247.8232s
	iters: 200, epoch: 86 | loss: 0.8407391
	speed: 0.1316s/iter; left time: 530.2833s
Epoch: 86 cost time: 37.061676025390625
Epoch: 86, Steps: 282 | Train Loss: 0.6332356 Vali Loss: 0.6412947 Test Loss: 0.2888705
EarlyStopping counter: 20 out of 20
Early stopping
>>>>>>>testing : NL_weather_cms_lr0.001_5steps_336_336_PatchTST_custom_ftM_sl336_ll48_pl336_dm128_nh16_el3_dl1_df256_fc1_ebtimeF_dtTruelr0.001_pol5steps_Nested_Learning_0<<<<<<<<<<<<<<<<<<<<<<<<<<<<<<<<<
test 10204
 Ejecutando Inferencia DINÁMICA (Nested Learning con cms)
  -> Política: 5steps | LR: 0.001 | Target: head

RESUMEN: El CMS se actualizó 16 veces de 79 posibles.

mse:0.2888333797454834, mae:0.3193822205066681, rse:0.7059692740440369
Args in experiment:
Namespace(random_seed=2021, is_training=1, model_id='NL_weather_cms_lr0.001_5steps_336_720', model='PatchTST', data='custom', root_path='./dataset/', data_path='weather.csv', features='M', target='OT', freq='h', checkpoints='./checkpoints/', seq_len=336, label_len=48, pred_len=720, head_type='cms', cms_lr=0.001, update_policy='5steps', fc_dropout=0.2, head_dropout=0.0, patch_len=16, stride=8, padding_patch='end', revin=1, affine=0, subtract_last=0, decomposition=0, kernel_size=25, individual=0, embed_type=0, enc_in=21, dec_in=7, c_out=7, d_model=128, n_heads=16, e_layers=3, d_layers=1, d_ff=256, moving_avg=25, factor=1, distil=True, dropout=0.2, embed='timeF', activation='gelu', output_attention=False, do_predict=False, num_workers=0, itr=1, train_epochs=100, batch_size=128, patience=20, learning_rate=0.0001, des='Nested_Learning', loss='mse', lradj='type3', pct_start=0.3, use_amp=False, use_gpu=True, gpu=0, use_multi_gpu=False, devices='0,1,2,3', test_flop=False)
Use GPU: cuda:0
>>>>>>>start training : NL_weather_cms_lr0.001_5steps_336_720_PatchTST_custom_ftM_sl336_ll48_pl720_dm128_nh16_el3_dl1_df256_fc1_ebtimeF_dtTruelr0.001_pol5steps_Nested_Learning_0>>>>>>>>>>>>>>>>>>>>>>>>>>
train 35832
val 4551
test 9820
	iters: 100, epoch: 1 | loss: 0.8219075
	speed: 0.1594s/iter; left time: 4432.0661s
	iters: 200, epoch: 1 | loss: 0.7852589
	speed: 0.1327s/iter; left time: 3675.5176s
Epoch: 1 cost time: 37.258585691452026
Epoch: 1, Steps: 279 | Train Loss: 0.8205384 Vali Loss: 0.8267306 Test Loss: 0.3719314
Validation loss decreased (inf --> 0.826731).  Saving model ...
Updating learning rate to 0.0001
	iters: 100, epoch: 2 | loss: 0.9464221
	speed: 0.3084s/iter; left time: 8487.4694s
	iters: 200, epoch: 2 | loss: 0.7936048
	speed: 0.1328s/iter; left time: 3642.3963s
Epoch: 2 cost time: 37.11118197441101
Epoch: 2, Steps: 279 | Train Loss: 0.8097755 Vali Loss: 0.8110506 Test Loss: 0.3681251
Validation loss decreased (0.826731 --> 0.811051).  Saving model ...
Updating learning rate to 0.0001
	iters: 100, epoch: 3 | loss: 0.8181406
	speed: 0.3055s/iter; left time: 8323.4302s
	iters: 200, epoch: 3 | loss: 0.7468982
	speed: 0.1333s/iter; left time: 3617.1620s
Epoch: 3 cost time: 37.173070430755615
Epoch: 3, Steps: 279 | Train Loss: 0.7939115 Vali Loss: 0.8024928 Test Loss: 0.3656498
Validation loss decreased (0.811051 --> 0.802493).  Saving model ...
Updating learning rate to 0.0001
	iters: 100, epoch: 4 | loss: 0.7403489
	speed: 0.3064s/iter; left time: 8262.2070s
	iters: 200, epoch: 4 | loss: 0.7678035
	speed: 0.1332s/iter; left time: 3577.9111s
Epoch: 4 cost time: 37.182101011276245
Epoch: 4, Steps: 279 | Train Loss: 0.7826827 Vali Loss: 0.7963278 Test Loss: 0.3639464
Validation loss decreased (0.802493 --> 0.796328).  Saving model ...
Updating learning rate to 9e-05
	iters: 100, epoch: 5 | loss: 0.7134247
	speed: 0.3058s/iter; left time: 8161.1077s
	iters: 200, epoch: 5 | loss: 0.8543808
	speed: 0.1331s/iter; left time: 3539.7313s
Epoch: 5 cost time: 37.17416596412659
Epoch: 5, Steps: 279 | Train Loss: 0.7747313 Vali Loss: 0.7912534 Test Loss: 0.3627419
Validation loss decreased (0.796328 --> 0.791253).  Saving model ...
Updating learning rate to 8.1e-05
	iters: 100, epoch: 6 | loss: 0.7422176
	speed: 0.3063s/iter; left time: 8087.6724s
	iters: 200, epoch: 6 | loss: 0.8020919
	speed: 0.1332s/iter; left time: 3502.8659s
Epoch: 6 cost time: 37.18823742866516
Epoch: 6, Steps: 279 | Train Loss: 0.7690675 Vali Loss: 0.7890465 Test Loss: 0.3618111
Validation loss decreased (0.791253 --> 0.789046).  Saving model ...
Updating learning rate to 7.290000000000001e-05
	iters: 100, epoch: 7 | loss: 0.6929943
	speed: 0.3060s/iter; left time: 7993.6644s
	iters: 200, epoch: 7 | loss: 0.8010648
	speed: 0.1330s/iter; left time: 3462.6718s
Epoch: 7 cost time: 37.16036629676819
Epoch: 7, Steps: 279 | Train Loss: 0.7647615 Vali Loss: 0.7862793 Test Loss: 0.3610837
Validation loss decreased (0.789046 --> 0.786279).  Saving model ...
Updating learning rate to 6.561e-05
	iters: 100, epoch: 8 | loss: 0.7813687
	speed: 0.3056s/iter; left time: 7898.5333s
	iters: 200, epoch: 8 | loss: 0.6834116
	speed: 0.1330s/iter; left time: 3425.3562s
Epoch: 8 cost time: 37.14724516868591
Epoch: 8, Steps: 279 | Train Loss: 0.7615656 Vali Loss: 0.7838634 Test Loss: 0.3604524
Validation loss decreased (0.786279 --> 0.783863).  Saving model ...
Updating learning rate to 5.904900000000001e-05
	iters: 100, epoch: 9 | loss: 0.8039351
	speed: 0.3056s/iter; left time: 7813.0968s
	iters: 200, epoch: 9 | loss: 0.6584473
	speed: 0.1332s/iter; left time: 3392.6132s
Epoch: 9 cost time: 37.1652352809906
Epoch: 9, Steps: 279 | Train Loss: 0.7587128 Vali Loss: 0.7823138 Test Loss: 0.3599084
Validation loss decreased (0.783863 --> 0.782314).  Saving model ...
Updating learning rate to 5.3144100000000005e-05
	iters: 100, epoch: 10 | loss: 0.7110285
	speed: 0.3056s/iter; left time: 7728.3121s
	iters: 200, epoch: 10 | loss: 0.8310870
	speed: 0.1333s/iter; left time: 3356.6820s
Epoch: 10 cost time: 37.175175189971924
Epoch: 10, Steps: 279 | Train Loss: 0.7562126 Vali Loss: 0.7797863 Test Loss: 0.3594406
Validation loss decreased (0.782314 --> 0.779786).  Saving model ...
Updating learning rate to 4.782969000000001e-05
	iters: 100, epoch: 11 | loss: 0.8292353
	speed: 0.3050s/iter; left time: 7628.9671s
	iters: 200, epoch: 11 | loss: 0.7584910
	speed: 0.1332s/iter; left time: 3318.6365s
Epoch: 11 cost time: 37.152409076690674
Epoch: 11, Steps: 279 | Train Loss: 0.7542712 Vali Loss: 0.7771769 Test Loss: 0.3590171
Validation loss decreased (0.779786 --> 0.777177).  Saving model ...
Updating learning rate to 4.304672100000001e-05
	iters: 100, epoch: 12 | loss: 0.6812665
	speed: 0.3052s/iter; left time: 7547.2315s
	iters: 200, epoch: 12 | loss: 0.6926200
	speed: 0.1333s/iter; left time: 3282.9608s
Epoch: 12 cost time: 37.16238713264465
Epoch: 12, Steps: 279 | Train Loss: 0.7522628 Vali Loss: 0.7768842 Test Loss: 0.3586586
Validation loss decreased (0.777177 --> 0.776884).  Saving model ...
Updating learning rate to 3.874204890000001e-05
	iters: 100, epoch: 13 | loss: 0.7278957
	speed: 0.3053s/iter; left time: 7465.1657s
	iters: 200, epoch: 13 | loss: 0.6842533
	speed: 0.1332s/iter; left time: 3244.1598s
Epoch: 13 cost time: 37.14368391036987
Epoch: 13, Steps: 279 | Train Loss: 0.7506543 Vali Loss: 0.7756452 Test Loss: 0.3583531
Validation loss decreased (0.776884 --> 0.775645).  Saving model ...
Updating learning rate to 3.486784401000001e-05
	iters: 100, epoch: 14 | loss: 0.7791761
	speed: 0.3048s/iter; left time: 7368.7954s
	iters: 200, epoch: 14 | loss: 0.7896931
	speed: 0.1332s/iter; left time: 3207.5614s
Epoch: 14 cost time: 37.14509606361389
Epoch: 14, Steps: 279 | Train Loss: 0.7493486 Vali Loss: 0.7745212 Test Loss: 0.3580852
Validation loss decreased (0.775645 --> 0.774521).  Saving model ...
Updating learning rate to 3.138105960900001e-05
	iters: 100, epoch: 15 | loss: 0.7631520
	speed: 0.3055s/iter; left time: 7299.2163s
	iters: 200, epoch: 15 | loss: 0.7800224
	speed: 0.1334s/iter; left time: 3173.9158s
Epoch: 15 cost time: 37.15115308761597
Epoch: 15, Steps: 279 | Train Loss: 0.7475832 Vali Loss: 0.7740985 Test Loss: 0.3578483
Validation loss decreased (0.774521 --> 0.774099).  Saving model ...
Updating learning rate to 2.824295364810001e-05
	iters: 100, epoch: 16 | loss: 0.8360546
	speed: 0.3048s/iter; left time: 7197.2259s
	iters: 200, epoch: 16 | loss: 0.7844514
	speed: 0.1334s/iter; left time: 3136.4228s
Epoch: 16 cost time: 37.14050221443176
Epoch: 16, Steps: 279 | Train Loss: 0.7468603 Vali Loss: 0.7742493 Test Loss: 0.3576109
EarlyStopping counter: 1 out of 20
Updating learning rate to 2.541865828329001e-05
	iters: 100, epoch: 17 | loss: 0.7656749
	speed: 0.3045s/iter; left time: 7106.2298s
	iters: 200, epoch: 17 | loss: 0.7309209
	speed: 0.1336s/iter; left time: 3103.8756s
Epoch: 17 cost time: 37.211130142211914
Epoch: 17, Steps: 279 | Train Loss: 0.7458191 Vali Loss: 0.7723924 Test Loss: 0.3574142
Validation loss decreased (0.774099 --> 0.772392).  Saving model ...
Updating learning rate to 2.287679245496101e-05
	iters: 100, epoch: 18 | loss: 0.7499723
	speed: 0.3055s/iter; left time: 7044.2635s
	iters: 200, epoch: 18 | loss: 0.8404113
	speed: 0.1339s/iter; left time: 3075.1543s
Epoch: 18 cost time: 37.28865909576416
Epoch: 18, Steps: 279 | Train Loss: 0.7446303 Vali Loss: 0.7708706 Test Loss: 0.3572320
Validation loss decreased (0.772392 --> 0.770871).  Saving model ...
Updating learning rate to 2.0589113209464907e-05
	iters: 100, epoch: 19 | loss: 0.7488044
	speed: 0.3059s/iter; left time: 6967.5683s
	iters: 200, epoch: 19 | loss: 0.6671141
	speed: 0.1342s/iter; left time: 3044.0002s
Epoch: 19 cost time: 37.35907196998596
Epoch: 19, Steps: 279 | Train Loss: 0.7437629 Vali Loss: 0.7720307 Test Loss: 0.3570594
EarlyStopping counter: 1 out of 20
Updating learning rate to 1.8530201888518416e-05
	iters: 100, epoch: 20 | loss: 0.7084507
	speed: 0.3055s/iter; left time: 6874.3866s
	iters: 200, epoch: 20 | loss: 0.7334884
	speed: 0.1342s/iter; left time: 3006.7928s
Epoch: 20 cost time: 37.38939070701599
Epoch: 20, Steps: 279 | Train Loss: 0.7431972 Vali Loss: 0.7710668 Test Loss: 0.3569100
EarlyStopping counter: 2 out of 20
Updating learning rate to 1.6677181699666577e-05
	iters: 100, epoch: 21 | loss: 0.7154905
	speed: 0.3063s/iter; left time: 6807.1717s
	iters: 200, epoch: 21 | loss: 0.8025387
	speed: 0.1344s/iter; left time: 2973.4138s
Epoch: 21 cost time: 37.43326663970947
Epoch: 21, Steps: 279 | Train Loss: 0.7427085 Vali Loss: 0.7703565 Test Loss: 0.3567716
Validation loss decreased (0.770871 --> 0.770357).  Saving model ...
Updating learning rate to 1.5009463529699919e-05
	iters: 100, epoch: 22 | loss: 0.6696545
	speed: 0.3064s/iter; left time: 6722.3385s
	iters: 200, epoch: 22 | loss: 0.7255620
	speed: 0.1346s/iter; left time: 2939.2566s
Epoch: 22 cost time: 37.45646071434021
Epoch: 22, Steps: 279 | Train Loss: 0.7419175 Vali Loss: 0.7691584 Test Loss: 0.3566482
Validation loss decreased (0.770357 --> 0.769158).  Saving model ...
Updating learning rate to 1.3508517176729929e-05
	iters: 100, epoch: 23 | loss: 0.7735471
	speed: 0.3073s/iter; left time: 6656.1645s
	iters: 200, epoch: 23 | loss: 0.7563169
	speed: 0.1345s/iter; left time: 2899.2622s
Epoch: 23 cost time: 37.46327185630798
Epoch: 23, Steps: 279 | Train Loss: 0.7415064 Vali Loss: 0.7681068 Test Loss: 0.3565377
Validation loss decreased (0.769158 --> 0.768107).  Saving model ...
Updating learning rate to 1.2157665459056936e-05
	iters: 100, epoch: 24 | loss: 0.7674162
	speed: 0.3079s/iter; left time: 6584.6248s
	iters: 200, epoch: 24 | loss: 0.6819463
	speed: 0.1345s/iter; left time: 2863.0208s
Epoch: 24 cost time: 37.491127729415894
Epoch: 24, Steps: 279 | Train Loss: 0.7405258 Vali Loss: 0.7689117 Test Loss: 0.3564284
EarlyStopping counter: 1 out of 20
Updating learning rate to 1.0941898913151242e-05
	iters: 100, epoch: 25 | loss: 0.7264424
	speed: 0.3066s/iter; left time: 6469.9847s
	iters: 200, epoch: 25 | loss: 0.7766419
	speed: 0.1345s/iter; left time: 2825.5446s
Epoch: 25 cost time: 37.51365327835083
Epoch: 25, Steps: 279 | Train Loss: 0.7403870 Vali Loss: 0.7691305 Test Loss: 0.3563327
EarlyStopping counter: 2 out of 20
Updating learning rate to 9.847709021836118e-06
	iters: 100, epoch: 26 | loss: 0.7380027
	speed: 0.3066s/iter; left time: 6384.9988s
	iters: 200, epoch: 26 | loss: 0.7022711
	speed: 0.1345s/iter; left time: 2787.3777s
Epoch: 26 cost time: 37.52692675590515
Epoch: 26, Steps: 279 | Train Loss: 0.7395963 Vali Loss: 0.7681531 Test Loss: 0.3562456
EarlyStopping counter: 3 out of 20
Updating learning rate to 8.862938119652508e-06
	iters: 100, epoch: 27 | loss: 0.6811593
	speed: 0.3077s/iter; left time: 6322.0856s
	iters: 200, epoch: 27 | loss: 0.7049796
	speed: 0.1345s/iter; left time: 2749.8303s
Epoch: 27 cost time: 37.536916732788086
Epoch: 27, Steps: 279 | Train Loss: 0.7392127 Vali Loss: 0.7681217 Test Loss: 0.3561688
EarlyStopping counter: 4 out of 20
Updating learning rate to 7.976644307687255e-06
	iters: 100, epoch: 28 | loss: 0.6993161
	speed: 0.3070s/iter; left time: 6222.4216s
	iters: 200, epoch: 28 | loss: 0.7131910
	speed: 0.1345s/iter; left time: 2713.1985s
Epoch: 28 cost time: 37.55462908744812
Epoch: 28, Steps: 279 | Train Loss: 0.7389044 Vali Loss: 0.7674074 Test Loss: 0.3561037
Validation loss decreased (0.768107 --> 0.767407).  Saving model ...
Updating learning rate to 7.178979876918531e-06
	iters: 100, epoch: 29 | loss: 0.7526059
	speed: 0.3075s/iter; left time: 6147.4567s
	iters: 200, epoch: 29 | loss: 0.7257698
	speed: 0.1346s/iter; left time: 2676.3002s
Epoch: 29 cost time: 37.557852029800415
Epoch: 29, Steps: 279 | Train Loss: 0.7387451 Vali Loss: 0.7684682 Test Loss: 0.3560399
EarlyStopping counter: 1 out of 20
Updating learning rate to 6.4610818892266776e-06
	iters: 100, epoch: 30 | loss: 0.7320573
	speed: 0.3074s/iter; left time: 6058.2057s
	iters: 200, epoch: 30 | loss: 0.7021886
	speed: 0.1345s/iter; left time: 2637.7177s
Epoch: 30 cost time: 37.566303968429565
Epoch: 30, Steps: 279 | Train Loss: 0.7381311 Vali Loss: 0.7665914 Test Loss: 0.3559788
Validation loss decreased (0.767407 --> 0.766591).  Saving model ...
Updating learning rate to 5.8149737003040096e-06
	iters: 100, epoch: 31 | loss: 0.7630336
	speed: 0.3090s/iter; left time: 6004.5045s
	iters: 200, epoch: 31 | loss: 0.7578024
	speed: 0.1347s/iter; left time: 2603.6041s
Epoch: 31 cost time: 37.58137035369873
Epoch: 31, Steps: 279 | Train Loss: 0.7379109 Vali Loss: 0.7670400 Test Loss: 0.3559287
EarlyStopping counter: 1 out of 20
Updating learning rate to 5.23347633027361e-06
	iters: 100, epoch: 32 | loss: 0.7659268
	speed: 0.3074s/iter; left time: 5886.8136s
	iters: 200, epoch: 32 | loss: 0.6934600
	speed: 0.1347s/iter; left time: 2565.7614s
Epoch: 32 cost time: 37.60361099243164
Epoch: 32, Steps: 279 | Train Loss: 0.7379242 Vali Loss: 0.7653186 Test Loss: 0.3558815
Validation loss decreased (0.766591 --> 0.765319).  Saving model ...
Updating learning rate to 4.710128697246249e-06
	iters: 100, epoch: 33 | loss: 0.7050295
	speed: 0.3089s/iter; left time: 5830.4474s
	iters: 200, epoch: 33 | loss: 0.6953979
	speed: 0.1347s/iter; left time: 2527.8213s
Epoch: 33 cost time: 37.60060214996338
Epoch: 33, Steps: 279 | Train Loss: 0.7377870 Vali Loss: 0.7658913 Test Loss: 0.3558413
EarlyStopping counter: 1 out of 20
Updating learning rate to 4.239115827521624e-06
	iters: 100, epoch: 34 | loss: 0.6940724
	speed: 0.3080s/iter; left time: 5726.4434s
	iters: 200, epoch: 34 | loss: 0.7604086
	speed: 0.1347s/iter; left time: 2491.5949s
Epoch: 34 cost time: 37.61855697631836
Epoch: 34, Steps: 279 | Train Loss: 0.7374323 Vali Loss: 0.7674614 Test Loss: 0.3558043
EarlyStopping counter: 2 out of 20
Updating learning rate to 3.815204244769462e-06
	iters: 100, epoch: 35 | loss: 0.7197312
	speed: 0.3079s/iter; left time: 5638.9125s
	iters: 200, epoch: 35 | loss: 0.6792018
	speed: 0.1348s/iter; left time: 2455.5550s
Epoch: 35 cost time: 37.609790563583374
Epoch: 35, Steps: 279 | Train Loss: 0.7375391 Vali Loss: 0.7663592 Test Loss: 0.3557727
EarlyStopping counter: 3 out of 20
Updating learning rate to 3.4336838202925152e-06
	iters: 100, epoch: 36 | loss: 0.7688407
	speed: 0.3081s/iter; left time: 5557.7718s
	iters: 200, epoch: 36 | loss: 0.6627493
	speed: 0.1349s/iter; left time: 2419.0756s
Epoch: 36 cost time: 37.621450662612915
Epoch: 36, Steps: 279 | Train Loss: 0.7372224 Vali Loss: 0.7664309 Test Loss: 0.3557403
EarlyStopping counter: 4 out of 20
Updating learning rate to 3.090315438263264e-06
	iters: 100, epoch: 37 | loss: 0.7529576
	speed: 0.3089s/iter; left time: 5485.4791s
	iters: 200, epoch: 37 | loss: 0.6470068
	speed: 0.1348s/iter; left time: 2380.0814s
Epoch: 37 cost time: 37.61494326591492
Epoch: 37, Steps: 279 | Train Loss: 0.7370476 Vali Loss: 0.7664836 Test Loss: 0.3557142
EarlyStopping counter: 5 out of 20
Updating learning rate to 2.7812838944369375e-06
	iters: 100, epoch: 38 | loss: 0.7278892
	speed: 0.3093s/iter; left time: 5406.5837s
	iters: 200, epoch: 38 | loss: 0.7350784
	speed: 0.1349s/iter; left time: 2344.0683s
Epoch: 38 cost time: 37.62132120132446
Epoch: 38, Steps: 279 | Train Loss: 0.7372089 Vali Loss: 0.7656341 Test Loss: 0.3556871
EarlyStopping counter: 6 out of 20
Updating learning rate to 2.503155504993244e-06
	iters: 100, epoch: 39 | loss: 0.7021723
	speed: 0.3086s/iter; left time: 5306.7791s
	iters: 200, epoch: 39 | loss: 0.6694991
	speed: 0.1349s/iter; left time: 2307.5083s
Epoch: 39 cost time: 37.64995718002319
Epoch: 39, Steps: 279 | Train Loss: 0.7368738 Vali Loss: 0.7666979 Test Loss: 0.3556633
EarlyStopping counter: 7 out of 20
Updating learning rate to 2.2528399544939195e-06
	iters: 100, epoch: 40 | loss: 0.6723060
	speed: 0.3089s/iter; left time: 5226.8983s
	iters: 200, epoch: 40 | loss: 0.8291563
	speed: 0.1350s/iter; left time: 2269.9778s
Epoch: 40 cost time: 37.661298990249634
Epoch: 40, Steps: 279 | Train Loss: 0.7366937 Vali Loss: 0.7655607 Test Loss: 0.3556424
EarlyStopping counter: 8 out of 20
Updating learning rate to 2.0275559590445276e-06
	iters: 100, epoch: 41 | loss: 0.8269649
	speed: 0.3095s/iter; left time: 5150.2171s
	iters: 200, epoch: 41 | loss: 0.7109914
	speed: 0.1350s/iter; left time: 2233.1890s
Epoch: 41 cost time: 37.68335580825806
Epoch: 41, Steps: 279 | Train Loss: 0.7364777 Vali Loss: 0.7659444 Test Loss: 0.3556251
EarlyStopping counter: 9 out of 20
Updating learning rate to 1.8248003631400751e-06
	iters: 100, epoch: 42 | loss: 0.6286245
	speed: 0.3088s/iter; left time: 5052.1672s
	iters: 200, epoch: 42 | loss: 0.7262446
	speed: 0.1351s/iter; left time: 2196.5064s
Epoch: 42 cost time: 37.69715738296509
Epoch: 42, Steps: 279 | Train Loss: 0.7365051 Vali Loss: 0.7649782 Test Loss: 0.3556089
Validation loss decreased (0.765319 --> 0.764978).  Saving model ...
Updating learning rate to 1.6423203268260676e-06
	iters: 100, epoch: 43 | loss: 0.8094946
	speed: 0.3092s/iter; left time: 4972.4078s
	iters: 200, epoch: 43 | loss: 0.7311928
	speed: 0.1350s/iter; left time: 2157.4122s
Epoch: 43 cost time: 37.684202909469604
Epoch: 43, Steps: 279 | Train Loss: 0.7366468 Vali Loss: 0.7657343 Test Loss: 0.3555938
EarlyStopping counter: 1 out of 20
Updating learning rate to 1.4780882941434609e-06
	iters: 100, epoch: 44 | loss: 0.6755132
	speed: 0.3094s/iter; left time: 4889.4896s
	iters: 200, epoch: 44 | loss: 0.7199634
	speed: 0.1350s/iter; left time: 2120.2300s
Epoch: 44 cost time: 37.68774914741516
Epoch: 44, Steps: 279 | Train Loss: 0.7366256 Vali Loss: 0.7660898 Test Loss: 0.3555810
EarlyStopping counter: 2 out of 20
Updating learning rate to 1.3302794647291146e-06
	iters: 100, epoch: 45 | loss: 0.8337577
	speed: 0.3085s/iter; left time: 4789.6223s
	iters: 200, epoch: 45 | loss: 0.8295317
	speed: 0.1351s/iter; left time: 2083.8918s
Epoch: 45 cost time: 37.709333181381226
Epoch: 45, Steps: 279 | Train Loss: 0.7362756 Vali Loss: 0.7651567 Test Loss: 0.3555702
EarlyStopping counter: 3 out of 20
Updating learning rate to 1.1972515182562034e-06
	iters: 100, epoch: 46 | loss: 0.7831665
	speed: 0.3092s/iter; left time: 4713.4072s
	iters: 200, epoch: 46 | loss: 0.7392926
	speed: 0.1353s/iter; left time: 2048.8205s
Epoch: 46 cost time: 37.7358672618866
Epoch: 46, Steps: 279 | Train Loss: 0.7364503 Vali Loss: 0.7658908 Test Loss: 0.3555585
EarlyStopping counter: 4 out of 20
Updating learning rate to 1.077526366430583e-06
	iters: 100, epoch: 47 | loss: 0.7302338
	speed: 0.3091s/iter; left time: 4625.6677s
	iters: 200, epoch: 47 | loss: 0.6420350
	speed: 0.1353s/iter; left time: 2012.0769s
Epoch: 47 cost time: 37.73249387741089
Epoch: 47, Steps: 279 | Train Loss: 0.7364370 Vali Loss: 0.7648926 Test Loss: 0.3555487
Validation loss decreased (0.764978 --> 0.764893).  Saving model ...
Updating learning rate to 9.697737297875248e-07
	iters: 100, epoch: 48 | loss: 0.7404497
	speed: 0.3098s/iter; left time: 4549.7179s
	iters: 200, epoch: 48 | loss: 0.7832591
	speed: 0.1352s/iter; left time: 1972.8704s
Epoch: 48 cost time: 37.688148736953735
Epoch: 48, Steps: 279 | Train Loss: 0.7361518 Vali Loss: 0.7645426 Test Loss: 0.3555396
Validation loss decreased (0.764893 --> 0.764543).  Saving model ...
Updating learning rate to 8.727963568087723e-07
	iters: 100, epoch: 49 | loss: 0.6243009
	speed: 0.3084s/iter; left time: 4444.3783s
	iters: 200, epoch: 49 | loss: 0.7676584
	speed: 0.1349s/iter; left time: 1930.1932s
Epoch: 49 cost time: 37.56606483459473
Epoch: 49, Steps: 279 | Train Loss: 0.7363150 Vali Loss: 0.7649463 Test Loss: 0.3555323
EarlyStopping counter: 1 out of 20
Updating learning rate to 7.855167211278951e-07
	iters: 100, epoch: 50 | loss: 0.7436953
	speed: 0.3073s/iter; left time: 4342.1491s
	iters: 200, epoch: 50 | loss: 0.7558656
	speed: 0.1343s/iter; left time: 1884.9138s
Epoch: 50 cost time: 37.44742941856384
Epoch: 50, Steps: 279 | Train Loss: 0.7363452 Vali Loss: 0.7654974 Test Loss: 0.3555248
EarlyStopping counter: 2 out of 20
Updating learning rate to 7.069650490151056e-07
	iters: 100, epoch: 51 | loss: 0.7681211
	speed: 0.3067s/iter; left time: 4248.6044s
	iters: 200, epoch: 51 | loss: 0.8212634
	speed: 0.1343s/iter; left time: 1846.9613s
Epoch: 51 cost time: 37.39061737060547
Epoch: 51, Steps: 279 | Train Loss: 0.7363251 Vali Loss: 0.7643991 Test Loss: 0.3555182
Validation loss decreased (0.764543 --> 0.764399).  Saving model ...
Updating learning rate to 6.36268544113595e-07
	iters: 100, epoch: 52 | loss: 0.7079388
	speed: 0.3068s/iter; left time: 4164.0568s
	iters: 200, epoch: 52 | loss: 0.7271627
	speed: 0.1342s/iter; left time: 1808.2117s
Epoch: 52 cost time: 37.35941743850708
Epoch: 52, Steps: 279 | Train Loss: 0.7360274 Vali Loss: 0.7642442 Test Loss: 0.3555129
Validation loss decreased (0.764399 --> 0.764244).  Saving model ...
Updating learning rate to 5.726416897022355e-07
	iters: 100, epoch: 53 | loss: 0.6418076
	speed: 0.3065s/iter; left time: 4073.7502s
	iters: 200, epoch: 53 | loss: 0.7648751
	speed: 0.1341s/iter; left time: 1769.4611s
Epoch: 53 cost time: 37.33263301849365
Epoch: 53, Steps: 279 | Train Loss: 0.7361376 Vali Loss: 0.7658396 Test Loss: 0.3555070
EarlyStopping counter: 1 out of 20
Updating learning rate to 5.15377520732012e-07
	iters: 100, epoch: 54 | loss: 0.8284734
	speed: 0.3055s/iter; left time: 3976.3678s
	iters: 200, epoch: 54 | loss: 0.9167191
	speed: 0.1339s/iter; left time: 1728.9278s
Epoch: 54 cost time: 37.29846978187561
Epoch: 54, Steps: 279 | Train Loss: 0.7361960 Vali Loss: 0.7648613 Test Loss: 0.3555033
EarlyStopping counter: 2 out of 20
Updating learning rate to 4.6383976865881085e-07
	iters: 100, epoch: 55 | loss: 0.7466159
	speed: 0.3062s/iter; left time: 3899.1543s
	iters: 200, epoch: 55 | loss: 0.6452845
	speed: 0.1338s/iter; left time: 1691.1900s
Epoch: 55 cost time: 37.265554666519165
Epoch: 55, Steps: 279 | Train Loss: 0.7362039 Vali Loss: 0.7641633 Test Loss: 0.3554977
Validation loss decreased (0.764244 --> 0.764163).  Saving model ...
Updating learning rate to 4.174557917929298e-07
	iters: 100, epoch: 56 | loss: 0.7828810
	speed: 0.3060s/iter; left time: 3811.9700s
	iters: 200, epoch: 56 | loss: 0.7281950
	speed: 0.1338s/iter; left time: 1653.6979s
Epoch: 56 cost time: 37.27054286003113
Epoch: 56, Steps: 279 | Train Loss: 0.7360054 Vali Loss: 0.7656721 Test Loss: 0.3554940
EarlyStopping counter: 1 out of 20
Updating learning rate to 3.7571021261363677e-07
	iters: 100, epoch: 57 | loss: 0.7106677
	speed: 0.3056s/iter; left time: 3721.2372s
	iters: 200, epoch: 57 | loss: 0.6601925
	speed: 0.1339s/iter; left time: 1616.9978s
Epoch: 57 cost time: 37.29491686820984
Epoch: 57, Steps: 279 | Train Loss: 0.7359595 Vali Loss: 0.7651171 Test Loss: 0.3554915
EarlyStopping counter: 2 out of 20
Updating learning rate to 3.381391913522731e-07
	iters: 100, epoch: 58 | loss: 0.8312681
	speed: 0.3285s/iter; left time: 3907.9882s
	iters: 200, epoch: 58 | loss: 0.7394334
	speed: 0.1340s/iter; left time: 1581.3824s
Epoch: 58 cost time: 37.45490598678589
Epoch: 58, Steps: 279 | Train Loss: 0.7361660 Vali Loss: 0.7651951 Test Loss: 0.3554880
EarlyStopping counter: 3 out of 20
Updating learning rate to 3.043252722170458e-07
	iters: 100, epoch: 59 | loss: 0.7847983
	speed: 0.3073s/iter; left time: 3570.0298s
	iters: 200, epoch: 59 | loss: 0.7483074
	speed: 0.1343s/iter; left time: 1547.2563s
Epoch: 59 cost time: 37.4479660987854
Epoch: 59, Steps: 279 | Train Loss: 0.7359704 Vali Loss: 0.7646347 Test Loss: 0.3554858
EarlyStopping counter: 4 out of 20
Updating learning rate to 2.7389274499534124e-07
	iters: 100, epoch: 60 | loss: 0.6810447
	speed: 0.3062s/iter; left time: 3472.0828s
	iters: 200, epoch: 60 | loss: 0.7367512
	speed: 0.1339s/iter; left time: 1504.9675s
Epoch: 60 cost time: 37.34085941314697
Epoch: 60, Steps: 279 | Train Loss: 0.7360264 Vali Loss: 0.7659755 Test Loss: 0.3554829
EarlyStopping counter: 5 out of 20
Updating learning rate to 2.465034704958071e-07
	iters: 100, epoch: 61 | loss: 0.7805101
	speed: 0.3056s/iter; left time: 3380.6057s
	iters: 200, epoch: 61 | loss: 0.7730888
	speed: 0.1337s/iter; left time: 1465.8285s
Epoch: 61 cost time: 37.27694821357727
Epoch: 61, Steps: 279 | Train Loss: 0.7359173 Vali Loss: 0.7663965 Test Loss: 0.3554816
EarlyStopping counter: 6 out of 20
Updating learning rate to 2.218531234462264e-07
	iters: 100, epoch: 62 | loss: 0.7982760
	speed: 0.3055s/iter; left time: 3293.6461s
	iters: 200, epoch: 62 | loss: 0.8040853
	speed: 0.1335s/iter; left time: 1425.5759s
Epoch: 62 cost time: 37.21628665924072
Epoch: 62, Steps: 279 | Train Loss: 0.7361188 Vali Loss: 0.7632700 Test Loss: 0.3554815
Validation loss decreased (0.764163 --> 0.763270).  Saving model ...
Updating learning rate to 1.9966781110160376e-07
	iters: 100, epoch: 63 | loss: 0.7108096
	speed: 0.3061s/iter; left time: 3215.1630s
	iters: 200, epoch: 63 | loss: 0.7785542
	speed: 0.1332s/iter; left time: 1385.6450s
Epoch: 63 cost time: 37.176480770111084
Epoch: 63, Steps: 279 | Train Loss: 0.7360241 Vali Loss: 0.7643345 Test Loss: 0.3554789
EarlyStopping counter: 1 out of 20
Updating learning rate to 1.797010299914434e-07
	iters: 100, epoch: 64 | loss: 0.8417584
	speed: 0.3050s/iter; left time: 3117.9105s
	iters: 200, epoch: 64 | loss: 0.8009102
	speed: 0.1334s/iter; left time: 1350.6149s
Epoch: 64 cost time: 37.19316363334656
Epoch: 64, Steps: 279 | Train Loss: 0.7358268 Vali Loss: 0.7646000 Test Loss: 0.3554779
EarlyStopping counter: 2 out of 20
Updating learning rate to 1.6173092699229907e-07
	iters: 100, epoch: 65 | loss: 0.7700559
	speed: 0.3049s/iter; left time: 3032.3606s
	iters: 200, epoch: 65 | loss: 0.8109562
	speed: 0.1332s/iter; left time: 1311.4808s
Epoch: 65 cost time: 37.16568732261658
Epoch: 65, Steps: 279 | Train Loss: 0.7358781 Vali Loss: 0.7655674 Test Loss: 0.3554751
EarlyStopping counter: 3 out of 20
Updating learning rate to 1.4555783429306916e-07
	iters: 100, epoch: 66 | loss: 0.6858451
	speed: 0.3047s/iter; left time: 2945.3553s
	iters: 200, epoch: 66 | loss: 0.7955383
	speed: 0.1331s/iter; left time: 1273.6516s
Epoch: 66 cost time: 37.156795501708984
Epoch: 66, Steps: 279 | Train Loss: 0.7360165 Vali Loss: 0.7651551 Test Loss: 0.3554753
EarlyStopping counter: 4 out of 20
Updating learning rate to 1.3100205086376224e-07
	iters: 100, epoch: 67 | loss: 0.7008898
	speed: 0.3049s/iter; left time: 2862.0425s
	iters: 200, epoch: 67 | loss: 0.8068447
	speed: 0.1331s/iter; left time: 1236.3434s
Epoch: 67 cost time: 37.14222168922424
Epoch: 67, Steps: 279 | Train Loss: 0.7359701 Vali Loss: 0.7650586 Test Loss: 0.3554741
EarlyStopping counter: 5 out of 20
Updating learning rate to 1.1790184577738603e-07
	iters: 100, epoch: 68 | loss: 0.7505770
	speed: 0.3053s/iter; left time: 2780.7293s
	iters: 200, epoch: 68 | loss: 0.6929000
	speed: 0.1331s/iter; left time: 1198.6377s
Epoch: 68 cost time: 37.13418626785278
Epoch: 68, Steps: 279 | Train Loss: 0.7360541 Vali Loss: 0.7647887 Test Loss: 0.3554736
EarlyStopping counter: 6 out of 20
Updating learning rate to 1.0611166119964742e-07
	iters: 100, epoch: 69 | loss: 0.7817500
	speed: 0.3047s/iter; left time: 2690.5458s
	iters: 200, epoch: 69 | loss: 0.7768246
	speed: 0.1332s/iter; left time: 1162.7632s
Epoch: 69 cost time: 37.14548110961914
Epoch: 69, Steps: 279 | Train Loss: 0.7360828 Vali Loss: 0.7649474 Test Loss: 0.3554727
EarlyStopping counter: 7 out of 20
Updating learning rate to 9.550049507968268e-08
	iters: 100, epoch: 70 | loss: 0.7701548
	speed: 0.3049s/iter; left time: 2606.9503s
	iters: 200, epoch: 70 | loss: 0.7876763
	speed: 0.1331s/iter; left time: 1124.8594s
Epoch: 70 cost time: 37.15126442909241
Epoch: 70, Steps: 279 | Train Loss: 0.7359102 Vali Loss: 0.7655292 Test Loss: 0.3554715
EarlyStopping counter: 8 out of 20
Updating learning rate to 8.595044557171442e-08
	iters: 100, epoch: 71 | loss: 0.6426688
	speed: 0.3049s/iter; left time: 2521.6534s
	iters: 200, epoch: 71 | loss: 0.6742880
	speed: 0.1331s/iter; left time: 1087.4175s
Epoch: 71 cost time: 37.132895708084106
Epoch: 71, Steps: 279 | Train Loss: 0.7361634 Vali Loss: 0.7664211 Test Loss: 0.3554728
EarlyStopping counter: 9 out of 20
Updating learning rate to 7.735540101454298e-08
	iters: 100, epoch: 72 | loss: 0.7459986
	speed: 0.3054s/iter; left time: 2440.6713s
	iters: 200, epoch: 72 | loss: 0.7431751
	speed: 0.1331s/iter; left time: 1050.2920s
Epoch: 72 cost time: 37.14782762527466
Epoch: 72, Steps: 279 | Train Loss: 0.7359681 Vali Loss: 0.7651730 Test Loss: 0.3554726
EarlyStopping counter: 10 out of 20
Updating learning rate to 6.961986091308869e-08
	iters: 100, epoch: 73 | loss: 0.7394177
	speed: 0.3051s/iter; left time: 2353.1374s
	iters: 200, epoch: 73 | loss: 0.7777658
	speed: 0.1332s/iter; left time: 1013.9999s
Epoch: 73 cost time: 37.16067552566528
Epoch: 73, Steps: 279 | Train Loss: 0.7358294 Vali Loss: 0.7656410 Test Loss: 0.3554717
EarlyStopping counter: 11 out of 20
Updating learning rate to 6.265787482177981e-08
	iters: 100, epoch: 74 | loss: 0.7490609
	speed: 0.3048s/iter; left time: 2265.6023s
	iters: 200, epoch: 74 | loss: 0.7628524
	speed: 0.1331s/iter; left time: 976.1186s
Epoch: 74 cost time: 37.140990257263184
Epoch: 74, Steps: 279 | Train Loss: 0.7358518 Vali Loss: 0.7659507 Test Loss: 0.3554705
EarlyStopping counter: 12 out of 20
Updating learning rate to 5.639208733960184e-08
	iters: 100, epoch: 75 | loss: 0.7146256
	speed: 0.3047s/iter; left time: 2179.9910s
	iters: 200, epoch: 75 | loss: 0.6459944
	speed: 0.1331s/iter; left time: 939.1265s
Epoch: 75 cost time: 37.1475088596344
Epoch: 75, Steps: 279 | Train Loss: 0.7362239 Vali Loss: 0.7658955 Test Loss: 0.3554701
EarlyStopping counter: 13 out of 20
Updating learning rate to 5.075287860564165e-08
	iters: 100, epoch: 76 | loss: 0.7389326
	speed: 0.3048s/iter; left time: 2095.8656s
	iters: 200, epoch: 76 | loss: 0.7509903
	speed: 0.1331s/iter; left time: 901.7968s
Epoch: 76 cost time: 37.13427948951721
Epoch: 76, Steps: 279 | Train Loss: 0.7359140 Vali Loss: 0.7651314 Test Loss: 0.3554703
EarlyStopping counter: 14 out of 20
Updating learning rate to 4.567759074507749e-08
	iters: 100, epoch: 77 | loss: 0.6171532
	speed: 0.3050s/iter; left time: 2011.8127s
	iters: 200, epoch: 77 | loss: 0.6671246
	speed: 0.1331s/iter; left time: 864.9294s
Epoch: 77 cost time: 37.136253118515015
Epoch: 77, Steps: 279 | Train Loss: 0.7359507 Vali Loss: 0.7636140 Test Loss: 0.3554696
EarlyStopping counter: 15 out of 20
Updating learning rate to 4.1109831670569744e-08
	iters: 100, epoch: 78 | loss: 0.7697101
	speed: 0.3046s/iter; left time: 1924.4555s
	iters: 200, epoch: 78 | loss: 0.7187101
	speed: 0.1331s/iter; left time: 827.3757s
Epoch: 78 cost time: 37.136916399002075
Epoch: 78, Steps: 279 | Train Loss: 0.7359366 Vali Loss: 0.7651032 Test Loss: 0.3554706
EarlyStopping counter: 16 out of 20
Updating learning rate to 3.6998848503512764e-08
	iters: 100, epoch: 79 | loss: 0.6762819
	speed: 0.3045s/iter; left time: 1838.5976s
	iters: 200, epoch: 79 | loss: 0.7105474
	speed: 0.1331s/iter; left time: 790.6922s
Epoch: 79 cost time: 37.13471460342407
Epoch: 79, Steps: 279 | Train Loss: 0.7361262 Vali Loss: 0.7662543 Test Loss: 0.3554700
EarlyStopping counter: 17 out of 20
Updating learning rate to 3.3298963653161496e-08
	iters: 100, epoch: 80 | loss: 0.7454988
	speed: 0.3047s/iter; left time: 1755.0365s
	iters: 200, epoch: 80 | loss: 0.7303830
	speed: 0.1331s/iter; left time: 753.4291s
Epoch: 80 cost time: 37.13838791847229
Epoch: 80, Steps: 279 | Train Loss: 0.7359548 Vali Loss: 0.7637526 Test Loss: 0.3554700
EarlyStopping counter: 18 out of 20
Updating learning rate to 2.996906728784534e-08
	iters: 100, epoch: 81 | loss: 0.6531674
	speed: 0.3047s/iter; left time: 1670.1534s
	iters: 200, epoch: 81 | loss: 0.7293543
	speed: 0.1332s/iter; left time: 716.6452s
Epoch: 81 cost time: 37.140254497528076
Epoch: 81, Steps: 279 | Train Loss: 0.7358864 Vali Loss: 0.7654915 Test Loss: 0.3554679
EarlyStopping counter: 19 out of 20
Updating learning rate to 2.697216055906081e-08
	iters: 100, epoch: 82 | loss: 0.6707690
	speed: 0.3048s/iter; left time: 1585.4067s
	iters: 200, epoch: 82 | loss: 0.7259706
	speed: 0.1331s/iter; left time: 679.1093s
Epoch: 82 cost time: 37.12991404533386
Epoch: 82, Steps: 279 | Train Loss: 0.7360291 Vali Loss: 0.7644167 Test Loss: 0.3554706
EarlyStopping counter: 20 out of 20
Early stopping
>>>>>>>testing : NL_weather_cms_lr0.001_5steps_336_720_PatchTST_custom_ftM_sl336_ll48_pl720_dm128_nh16_el3_dl1_df256_fc1_ebtimeF_dtTruelr0.001_pol5steps_Nested_Learning_0<<<<<<<<<<<<<<<<<<<<<<<<<<<<<<<<<
test 9820
 Ejecutando Inferencia DINÁMICA (Nested Learning con cms)
  -> Política: 5steps | LR: 0.001 | Target: head

RESUMEN: El CMS se actualizó 16 veces de 76 posibles.

mse:0.35548344254493713, mae:0.3679720163345337, rse:0.7865532040596008
