==========================================================
SÚPER ARRAY TFG - TAREA ID: 105 / 113
Nodo: dionisio
Dataset: weather | Experimento: NL_weather_cms3_lr0.0001_always
Cabeza: cms3 | LR: 0.0001 | Política: always
==========================================================
Args in experiment:
Namespace(random_seed=2021, is_training=1, model_id='NL_weather_cms3_lr0.0001_always_336_96', model='PatchTST', data='custom', root_path='./dataset/', data_path='weather.csv', features='M', target='OT', freq='h', checkpoints='./checkpoints/', seq_len=336, label_len=48, pred_len=96, head_type='cms3', cms_lr=0.0001, update_policy='always', fc_dropout=0.2, head_dropout=0.0, patch_len=16, stride=8, padding_patch='end', revin=1, affine=0, subtract_last=0, decomposition=0, kernel_size=25, individual=0, embed_type=0, enc_in=21, dec_in=7, c_out=7, d_model=128, n_heads=16, e_layers=3, d_layers=1, d_ff=256, moving_avg=25, factor=1, distil=True, dropout=0.2, embed='timeF', activation='gelu', output_attention=False, do_predict=False, num_workers=0, itr=1, train_epochs=100, batch_size=128, patience=20, learning_rate=0.0001, des='Nested_Learning', loss='mse', lradj='type3', pct_start=0.3, use_amp=False, use_gpu=True, gpu=0, use_multi_gpu=False, devices='0,1,2,3', test_flop=False)
Use GPU: cuda:0
>>>>>>>start training : NL_weather_cms3_lr0.0001_always_336_96_PatchTST_custom_ftM_sl336_ll48_pl96_dm128_nh16_el3_dl1_df256_fc1_ebtimeF_dtTruelr0.0001_polalways_Nested_Learning_0>>>>>>>>>>>>>>>>>>>>>>>>>>
train 36456
val 5175
test 10444
	iters: 100, epoch: 1 | loss: 0.6678073
	speed: 0.1508s/iter; left time: 4268.5990s
	iters: 200, epoch: 1 | loss: 0.6430213
	speed: 0.1295s/iter; left time: 3652.0602s
Epoch: 1 cost time: 36.97634315490723
Epoch: 1, Steps: 284 | Train Loss: 0.6844670 Vali Loss: 0.6373944 Test Loss: 0.2575753
Validation loss decreased (inf --> 0.637394).  Saving model ...
Updating learning rate to 0.0001
	iters: 100, epoch: 2 | loss: 0.7793105
	speed: 0.3002s/iter; left time: 8409.4946s
	iters: 200, epoch: 2 | loss: 0.5806897
	speed: 0.1307s/iter; left time: 3647.4203s
Epoch: 2 cost time: 37.11419892311096
Epoch: 2, Steps: 284 | Train Loss: 0.6793019 Vali Loss: 0.6276661 Test Loss: 0.2547940
Validation loss decreased (0.637394 --> 0.627666).  Saving model ...
Updating learning rate to 0.0001
	iters: 100, epoch: 3 | loss: 0.7523101
	speed: 0.3010s/iter; left time: 8347.4708s
	iters: 200, epoch: 3 | loss: 0.5951911
	speed: 0.1309s/iter; left time: 3616.8889s
Epoch: 3 cost time: 37.17236280441284
Epoch: 3, Steps: 284 | Train Loss: 0.6693040 Vali Loss: 0.6177180 Test Loss: 0.2517215
Validation loss decreased (0.627666 --> 0.617718).  Saving model ...
Updating learning rate to 0.0001
	iters: 100, epoch: 4 | loss: 0.5006074
	speed: 0.3010s/iter; left time: 8262.8103s
	iters: 200, epoch: 4 | loss: 0.5529363
	speed: 0.1310s/iter; left time: 3581.7684s
Epoch: 4 cost time: 37.19315481185913
Epoch: 4, Steps: 284 | Train Loss: 0.6571419 Vali Loss: 0.6037990 Test Loss: 0.2478540
Validation loss decreased (0.617718 --> 0.603799).  Saving model ...
Updating learning rate to 9e-05
	iters: 100, epoch: 5 | loss: 0.5353905
	speed: 0.3019s/iter; left time: 8200.7178s
	iters: 200, epoch: 5 | loss: 0.5476556
	speed: 0.1310s/iter; left time: 3546.2678s
Epoch: 5 cost time: 37.210373640060425
Epoch: 5, Steps: 284 | Train Loss: 0.6414033 Vali Loss: 0.5919545 Test Loss: 0.2435692
Validation loss decreased (0.603799 --> 0.591954).  Saving model ...
Updating learning rate to 8.1e-05
	iters: 100, epoch: 6 | loss: 0.5672607
	speed: 0.3011s/iter; left time: 8094.2722s
	iters: 200, epoch: 6 | loss: 0.5272889
	speed: 0.1310s/iter; left time: 3508.0294s
Epoch: 6 cost time: 37.184399127960205
Epoch: 6, Steps: 284 | Train Loss: 0.6289633 Vali Loss: 0.5804126 Test Loss: 0.2391510
Validation loss decreased (0.591954 --> 0.580413).  Saving model ...
Updating learning rate to 7.290000000000001e-05
	iters: 100, epoch: 7 | loss: 0.8152319
	speed: 0.3011s/iter; left time: 8007.1061s
	iters: 200, epoch: 7 | loss: 0.7776343
	speed: 0.1308s/iter; left time: 3466.6062s
Epoch: 7 cost time: 37.172760248184204
Epoch: 7, Steps: 284 | Train Loss: 0.6160049 Vali Loss: 0.5693124 Test Loss: 0.2348713
Validation loss decreased (0.580413 --> 0.569312).  Saving model ...
Updating learning rate to 6.561e-05
	iters: 100, epoch: 8 | loss: 0.9350342
	speed: 0.3009s/iter; left time: 7917.9175s
	iters: 200, epoch: 8 | loss: 0.5379720
	speed: 0.1308s/iter; left time: 3428.3021s
Epoch: 8 cost time: 37.145987033843994
Epoch: 8, Steps: 284 | Train Loss: 0.6034767 Vali Loss: 0.5592020 Test Loss: 0.2308495
Validation loss decreased (0.569312 --> 0.559202).  Saving model ...
Updating learning rate to 5.904900000000001e-05
	iters: 100, epoch: 9 | loss: 0.5551818
	speed: 0.3006s/iter; left time: 7823.7052s
	iters: 200, epoch: 9 | loss: 0.5949036
	speed: 0.1308s/iter; left time: 3390.2179s
Epoch: 9 cost time: 37.12768602371216
Epoch: 9, Steps: 284 | Train Loss: 0.5922149 Vali Loss: 0.5493944 Test Loss: 0.2271347
Validation loss decreased (0.559202 --> 0.549394).  Saving model ...
Updating learning rate to 5.3144100000000005e-05
	iters: 100, epoch: 10 | loss: 0.7258945
	speed: 0.3013s/iter; left time: 7756.4656s
	iters: 200, epoch: 10 | loss: 0.7589699
	speed: 0.1307s/iter; left time: 3352.1768s
Epoch: 10 cost time: 37.12231230735779
Epoch: 10, Steps: 284 | Train Loss: 0.5825150 Vali Loss: 0.5416909 Test Loss: 0.2237522
Validation loss decreased (0.549394 --> 0.541691).  Saving model ...
Updating learning rate to 4.782969000000001e-05
	iters: 100, epoch: 11 | loss: 0.4932673
	speed: 0.3012s/iter; left time: 7669.2419s
	iters: 200, epoch: 11 | loss: 0.7502465
	speed: 0.1308s/iter; left time: 3316.8860s
Epoch: 11 cost time: 37.1278862953186
Epoch: 11, Steps: 284 | Train Loss: 0.5735583 Vali Loss: 0.5294566 Test Loss: 0.2206199
Validation loss decreased (0.541691 --> 0.529457).  Saving model ...
Updating learning rate to 4.304672100000001e-05
	iters: 100, epoch: 12 | loss: 0.6481071
	speed: 0.3008s/iter; left time: 7572.0530s
	iters: 200, epoch: 12 | loss: 0.5031216
	speed: 0.1308s/iter; left time: 3279.6461s
Epoch: 12 cost time: 37.129167795181274
Epoch: 12, Steps: 284 | Train Loss: 0.5657064 Vali Loss: 0.5280015 Test Loss: 0.2178275
Validation loss decreased (0.529457 --> 0.528002).  Saving model ...
Updating learning rate to 3.874204890000001e-05
	iters: 100, epoch: 13 | loss: 0.5200111
	speed: 0.3005s/iter; left time: 7479.9545s
	iters: 200, epoch: 13 | loss: 0.4643301
	speed: 0.1307s/iter; left time: 3241.6596s
Epoch: 13 cost time: 37.1215934753418
Epoch: 13, Steps: 284 | Train Loss: 0.5577996 Vali Loss: 0.5210322 Test Loss: 0.2152808
Validation loss decreased (0.528002 --> 0.521032).  Saving model ...
Updating learning rate to 3.486784401000001e-05
	iters: 100, epoch: 14 | loss: 0.4563099
	speed: 0.3004s/iter; left time: 7392.4585s
	iters: 200, epoch: 14 | loss: 0.7465324
	speed: 0.1308s/iter; left time: 3204.7372s
Epoch: 14 cost time: 37.12283444404602
Epoch: 14, Steps: 284 | Train Loss: 0.5520905 Vali Loss: 0.5153052 Test Loss: 0.2129944
Validation loss decreased (0.521032 --> 0.515305).  Saving model ...
Updating learning rate to 3.138105960900001e-05
	iters: 100, epoch: 15 | loss: 0.3923810
	speed: 0.3016s/iter; left time: 7337.2784s
	iters: 200, epoch: 15 | loss: 0.4090060
	speed: 0.1308s/iter; left time: 3168.0378s
Epoch: 15 cost time: 37.131091833114624
Epoch: 15, Steps: 284 | Train Loss: 0.5466131 Vali Loss: 0.5074644 Test Loss: 0.2108934
Validation loss decreased (0.515305 --> 0.507464).  Saving model ...
Updating learning rate to 2.824295364810001e-05
	iters: 100, epoch: 16 | loss: 0.6079499
	speed: 0.3020s/iter; left time: 7259.2096s
	iters: 200, epoch: 16 | loss: 0.4917279
	speed: 0.1310s/iter; left time: 3136.6284s
Epoch: 16 cost time: 37.20021867752075
Epoch: 16, Steps: 284 | Train Loss: 0.5416986 Vali Loss: 0.5075237 Test Loss: 0.2090389
EarlyStopping counter: 1 out of 20
Updating learning rate to 2.541865828329001e-05
	iters: 100, epoch: 17 | loss: 0.4072503
	speed: 0.3008s/iter; left time: 7145.0167s
	iters: 200, epoch: 17 | loss: 0.4250212
	speed: 0.1313s/iter; left time: 3107.0049s
Epoch: 17 cost time: 37.28189992904663
Epoch: 17, Steps: 284 | Train Loss: 0.5374478 Vali Loss: 0.5004005 Test Loss: 0.2073514
Validation loss decreased (0.507464 --> 0.500400).  Saving model ...
Updating learning rate to 2.287679245496101e-05
	iters: 100, epoch: 18 | loss: 0.5257678
	speed: 0.3029s/iter; left time: 7110.1164s
	iters: 200, epoch: 18 | loss: 0.3773946
	speed: 0.1316s/iter; left time: 3075.2173s
Epoch: 18 cost time: 37.34567093849182
Epoch: 18, Steps: 284 | Train Loss: 0.5334778 Vali Loss: 0.4983035 Test Loss: 0.2058286
Validation loss decreased (0.500400 --> 0.498304).  Saving model ...
Updating learning rate to 2.0589113209464907e-05
	iters: 100, epoch: 19 | loss: 0.5431316
	speed: 0.3024s/iter; left time: 7012.9254s
	iters: 200, epoch: 19 | loss: 0.4723484
	speed: 0.1317s/iter; left time: 3039.7995s
Epoch: 19 cost time: 37.383275270462036
Epoch: 19, Steps: 284 | Train Loss: 0.5297557 Vali Loss: 0.4969378 Test Loss: 0.2044851
Validation loss decreased (0.498304 --> 0.496938).  Saving model ...
Updating learning rate to 1.8530201888518416e-05
	iters: 100, epoch: 20 | loss: 0.4426792
	speed: 0.3034s/iter; left time: 6949.5989s
	iters: 200, epoch: 20 | loss: 0.3999304
	speed: 0.1319s/iter; left time: 3008.5707s
Epoch: 20 cost time: 37.44822120666504
Epoch: 20, Steps: 284 | Train Loss: 0.5265217 Vali Loss: 0.4926949 Test Loss: 0.2032527
Validation loss decreased (0.496938 --> 0.492695).  Saving model ...
Updating learning rate to 1.6677181699666577e-05
	iters: 100, epoch: 21 | loss: 0.8017944
	speed: 0.3033s/iter; left time: 6859.8451s
	iters: 200, epoch: 21 | loss: 0.4675570
	speed: 0.1320s/iter; left time: 2971.9198s
Epoch: 21 cost time: 37.476041078567505
Epoch: 21, Steps: 284 | Train Loss: 0.5241153 Vali Loss: 0.4875446 Test Loss: 0.2021357
Validation loss decreased (0.492695 --> 0.487545).  Saving model ...
Updating learning rate to 1.5009463529699919e-05
	iters: 100, epoch: 22 | loss: 0.4290007
	speed: 0.3033s/iter; left time: 6774.8059s
	iters: 200, epoch: 22 | loss: 0.4784907
	speed: 0.1321s/iter; left time: 2937.3958s
Epoch: 22 cost time: 37.506683111190796
Epoch: 22, Steps: 284 | Train Loss: 0.5214724 Vali Loss: 0.4869771 Test Loss: 0.2011586
Validation loss decreased (0.487545 --> 0.486977).  Saving model ...
Updating learning rate to 1.3508517176729929e-05
	iters: 100, epoch: 23 | loss: 0.3763309
	speed: 0.3037s/iter; left time: 6696.4947s
	iters: 200, epoch: 23 | loss: 0.4474133
	speed: 0.1322s/iter; left time: 2902.0720s
Epoch: 23 cost time: 37.529475927352905
Epoch: 23, Steps: 284 | Train Loss: 0.5193999 Vali Loss: 0.4866536 Test Loss: 0.2002817
Validation loss decreased (0.486977 --> 0.486654).  Saving model ...
Updating learning rate to 1.2157665459056936e-05
	iters: 100, epoch: 24 | loss: 0.4236932
	speed: 0.3038s/iter; left time: 6612.7667s
	iters: 200, epoch: 24 | loss: 0.5243475
	speed: 0.1323s/iter; left time: 2865.8497s
Epoch: 24 cost time: 37.552892446517944
Epoch: 24, Steps: 284 | Train Loss: 0.5176243 Vali Loss: 0.4848550 Test Loss: 0.1994815
Validation loss decreased (0.486654 --> 0.484855).  Saving model ...
Updating learning rate to 1.0941898913151242e-05
	iters: 100, epoch: 25 | loss: 0.4305927
	speed: 0.3050s/iter; left time: 6552.2771s
	iters: 200, epoch: 25 | loss: 0.4153610
	speed: 0.1323s/iter; left time: 2829.0917s
Epoch: 25 cost time: 37.57464599609375
Epoch: 25, Steps: 284 | Train Loss: 0.5160386 Vali Loss: 0.4811029 Test Loss: 0.1987600
Validation loss decreased (0.484855 --> 0.481103).  Saving model ...
Updating learning rate to 9.847709021836118e-06
	iters: 100, epoch: 26 | loss: 0.4153844
	speed: 0.3049s/iter; left time: 6464.7039s
	iters: 200, epoch: 26 | loss: 0.4380947
	speed: 0.1323s/iter; left time: 2792.6606s
Epoch: 26 cost time: 37.56919765472412
Epoch: 26, Steps: 284 | Train Loss: 0.5145650 Vali Loss: 0.4799770 Test Loss: 0.1981671
Validation loss decreased (0.481103 --> 0.479977).  Saving model ...
Updating learning rate to 8.862938119652508e-06
	iters: 100, epoch: 27 | loss: 0.5112082
	speed: 0.3041s/iter; left time: 6361.7445s
	iters: 200, epoch: 27 | loss: 0.9092404
	speed: 0.1321s/iter; left time: 2749.2776s
Epoch: 27 cost time: 37.50401735305786
Epoch: 27, Steps: 284 | Train Loss: 0.5122347 Vali Loss: 0.4769875 Test Loss: 0.1975909
Validation loss decreased (0.479977 --> 0.476987).  Saving model ...
Updating learning rate to 7.976644307687255e-06
	iters: 100, epoch: 28 | loss: 0.3558953
	speed: 0.3039s/iter; left time: 6269.4638s
	iters: 200, epoch: 28 | loss: 0.4120027
	speed: 0.1317s/iter; left time: 2703.2324s
Epoch: 28 cost time: 37.392699003219604
Epoch: 28, Steps: 284 | Train Loss: 0.5117053 Vali Loss: 0.4786631 Test Loss: 0.1970847
EarlyStopping counter: 1 out of 20
Updating learning rate to 7.178979876918531e-06
	iters: 100, epoch: 29 | loss: 0.6686478
	speed: 0.3019s/iter; left time: 6142.5884s
	iters: 200, epoch: 29 | loss: 0.4245602
	speed: 0.1314s/iter; left time: 2660.5013s
Epoch: 29 cost time: 37.32410526275635
Epoch: 29, Steps: 284 | Train Loss: 0.5093402 Vali Loss: 0.4771872 Test Loss: 0.1966468
EarlyStopping counter: 2 out of 20
Updating learning rate to 6.4610818892266776e-06
	iters: 100, epoch: 30 | loss: 0.3946820
	speed: 0.3014s/iter; left time: 6048.5228s
	iters: 200, epoch: 30 | loss: 0.4120207
	speed: 0.1313s/iter; left time: 2621.1267s
Epoch: 30 cost time: 37.28763794898987
Epoch: 30, Steps: 284 | Train Loss: 0.5094051 Vali Loss: 0.4753069 Test Loss: 0.1962050
Validation loss decreased (0.476987 --> 0.475307).  Saving model ...
Updating learning rate to 5.8149737003040096e-06
	iters: 100, epoch: 31 | loss: 0.6062567
	speed: 0.3028s/iter; left time: 5989.5767s
	iters: 200, epoch: 31 | loss: 0.4929413
	speed: 0.1311s/iter; left time: 2579.5033s
Epoch: 31 cost time: 37.22886538505554
Epoch: 31, Steps: 284 | Train Loss: 0.5082924 Vali Loss: 0.4735582 Test Loss: 0.1958442
Validation loss decreased (0.475307 --> 0.473558).  Saving model ...
Updating learning rate to 5.23347633027361e-06
	iters: 100, epoch: 32 | loss: 0.4161025
	speed: 0.3023s/iter; left time: 5894.2222s
	iters: 200, epoch: 32 | loss: 0.7635437
	speed: 0.1311s/iter; left time: 2543.4330s
Epoch: 32 cost time: 37.238529205322266
Epoch: 32, Steps: 284 | Train Loss: 0.5077602 Vali Loss: 0.4725255 Test Loss: 0.1955054
Validation loss decreased (0.473558 --> 0.472526).  Saving model ...
Updating learning rate to 4.710128697246249e-06
	iters: 100, epoch: 33 | loss: 1.1345830
	speed: 0.3024s/iter; left time: 5810.3169s
	iters: 200, epoch: 33 | loss: 0.6341957
	speed: 0.1310s/iter; left time: 2504.7391s
Epoch: 33 cost time: 37.210713386535645
Epoch: 33, Steps: 284 | Train Loss: 0.5063418 Vali Loss: 0.4742871 Test Loss: 0.1952131
EarlyStopping counter: 1 out of 20
Updating learning rate to 4.239115827521624e-06
	iters: 100, epoch: 34 | loss: 0.3853430
	speed: 0.3008s/iter; left time: 5693.3300s
	iters: 200, epoch: 34 | loss: 0.3731481
	speed: 0.1310s/iter; left time: 2466.0514s
Epoch: 34 cost time: 37.18342733383179
Epoch: 34, Steps: 284 | Train Loss: 0.5062410 Vali Loss: 0.4730329 Test Loss: 0.1949514
EarlyStopping counter: 2 out of 20
Updating learning rate to 3.815204244769462e-06
	iters: 100, epoch: 35 | loss: 0.4230787
	speed: 0.3005s/iter; left time: 5602.9044s
	iters: 200, epoch: 35 | loss: 0.3780847
	speed: 0.1309s/iter; left time: 2427.5056s
Epoch: 35 cost time: 37.18185758590698
Epoch: 35, Steps: 284 | Train Loss: 0.5057943 Vali Loss: 0.4725301 Test Loss: 0.1947039
EarlyStopping counter: 3 out of 20
Updating learning rate to 3.4336838202925152e-06
	iters: 100, epoch: 36 | loss: 0.3794369
	speed: 0.3005s/iter; left time: 5517.8545s
	iters: 200, epoch: 36 | loss: 0.4115729
	speed: 0.1308s/iter; left time: 2389.1514s
Epoch: 36 cost time: 37.16063189506531
Epoch: 36, Steps: 284 | Train Loss: 0.5053997 Vali Loss: 0.4700633 Test Loss: 0.1945144
Validation loss decreased (0.472526 --> 0.470063).  Saving model ...
Updating learning rate to 3.090315438263264e-06
	iters: 100, epoch: 37 | loss: 0.6641498
	speed: 0.3017s/iter; left time: 5454.5305s
	iters: 200, epoch: 37 | loss: 0.7436283
	speed: 0.1308s/iter; left time: 2351.9947s
Epoch: 37 cost time: 37.15868949890137
Epoch: 37, Steps: 284 | Train Loss: 0.5036150 Vali Loss: 0.4719289 Test Loss: 0.1943101
EarlyStopping counter: 1 out of 20
Updating learning rate to 2.7812838944369375e-06
	iters: 100, epoch: 38 | loss: 0.6980160
	speed: 0.3003s/iter; left time: 5343.1791s
	iters: 200, epoch: 38 | loss: 0.4535879
	speed: 0.1308s/iter; left time: 2314.2577s
Epoch: 38 cost time: 37.15134787559509
Epoch: 38, Steps: 284 | Train Loss: 0.5044420 Vali Loss: 0.4715564 Test Loss: 0.1941199
EarlyStopping counter: 2 out of 20
Updating learning rate to 2.503155504993244e-06
	iters: 100, epoch: 39 | loss: 0.6513481
	speed: 0.3002s/iter; left time: 5257.0105s
	iters: 200, epoch: 39 | loss: 0.6470569
	speed: 0.1308s/iter; left time: 2277.3985s
Epoch: 39 cost time: 37.15332007408142
Epoch: 39, Steps: 284 | Train Loss: 0.5039397 Vali Loss: 0.4697966 Test Loss: 0.1939875
Validation loss decreased (0.470063 --> 0.469797).  Saving model ...
Updating learning rate to 2.2528399544939195e-06
	iters: 100, epoch: 40 | loss: 0.4236123
	speed: 0.3022s/iter; left time: 5204.5422s
	iters: 200, epoch: 40 | loss: 0.8380747
	speed: 0.1308s/iter; left time: 2239.7767s
Epoch: 40 cost time: 37.14834666252136
Epoch: 40, Steps: 284 | Train Loss: 0.5038784 Vali Loss: 0.4707296 Test Loss: 0.1938346
EarlyStopping counter: 1 out of 20
Updating learning rate to 2.0275559590445276e-06
	iters: 100, epoch: 41 | loss: 0.4358179
	speed: 0.3003s/iter; left time: 5087.0306s
	iters: 200, epoch: 41 | loss: 0.5741686
	speed: 0.1308s/iter; left time: 2202.2523s
Epoch: 41 cost time: 37.141053199768066
Epoch: 41, Steps: 284 | Train Loss: 0.5033188 Vali Loss: 0.4692879 Test Loss: 0.1937128
Validation loss decreased (0.469797 --> 0.469288).  Saving model ...
Updating learning rate to 1.8248003631400751e-06
	iters: 100, epoch: 42 | loss: 0.6753310
	speed: 0.3015s/iter; left time: 5022.2763s
	iters: 200, epoch: 42 | loss: 0.3944672
	speed: 0.1308s/iter; left time: 2165.0316s
Epoch: 42 cost time: 37.14037728309631
Epoch: 42, Steps: 284 | Train Loss: 0.5022153 Vali Loss: 0.4698465 Test Loss: 0.1936101
EarlyStopping counter: 1 out of 20
Updating learning rate to 1.6423203268260676e-06
	iters: 100, epoch: 43 | loss: 0.3624225
	speed: 0.3002s/iter; left time: 4914.5838s
	iters: 200, epoch: 43 | loss: 0.3562663
	speed: 0.1308s/iter; left time: 2127.7315s
Epoch: 43 cost time: 37.13969016075134
Epoch: 43, Steps: 284 | Train Loss: 0.5028132 Vali Loss: 0.4709501 Test Loss: 0.1935006
EarlyStopping counter: 2 out of 20
Updating learning rate to 1.4780882941434609e-06
	iters: 100, epoch: 44 | loss: 0.4013883
	speed: 0.3001s/iter; left time: 4828.6130s
	iters: 200, epoch: 44 | loss: 0.7597505
	speed: 0.1307s/iter; left time: 2090.3088s
Epoch: 44 cost time: 37.13821768760681
Epoch: 44, Steps: 284 | Train Loss: 0.5026565 Vali Loss: 0.4702311 Test Loss: 0.1934168
EarlyStopping counter: 3 out of 20
Updating learning rate to 1.3302794647291146e-06
	iters: 100, epoch: 45 | loss: 0.6514021
	speed: 0.3004s/iter; left time: 4747.6106s
	iters: 200, epoch: 45 | loss: 0.4700582
	speed: 0.1308s/iter; left time: 2053.5055s
Epoch: 45 cost time: 37.13349723815918
Epoch: 45, Steps: 284 | Train Loss: 0.5023641 Vali Loss: 0.4675727 Test Loss: 0.1933156
Validation loss decreased (0.469288 --> 0.467573).  Saving model ...
Updating learning rate to 1.1972515182562034e-06
	iters: 100, epoch: 46 | loss: 0.4021249
	speed: 0.3014s/iter; left time: 4678.2027s
	iters: 200, epoch: 46 | loss: 0.7203954
	speed: 0.1308s/iter; left time: 2017.0303s
Epoch: 46 cost time: 37.144402265548706
Epoch: 46, Steps: 284 | Train Loss: 0.5023414 Vali Loss: 0.4677169 Test Loss: 0.1932610
EarlyStopping counter: 1 out of 20
Updating learning rate to 1.077526366430583e-06
	iters: 100, epoch: 47 | loss: 0.4837943
	speed: 0.3002s/iter; left time: 4574.3959s
	iters: 200, epoch: 47 | loss: 0.6022665
	speed: 0.1308s/iter; left time: 1980.4340s
Epoch: 47 cost time: 37.151127576828
Epoch: 47, Steps: 284 | Train Loss: 0.5020486 Vali Loss: 0.4694996 Test Loss: 0.1931805
EarlyStopping counter: 2 out of 20
Updating learning rate to 9.697737297875248e-07
	iters: 100, epoch: 48 | loss: 0.6943429
	speed: 0.3002s/iter; left time: 4489.4851s
	iters: 200, epoch: 48 | loss: 0.3900083
	speed: 0.1308s/iter; left time: 1942.7925s
Epoch: 48 cost time: 37.149096965789795
Epoch: 48, Steps: 284 | Train Loss: 0.5018859 Vali Loss: 0.4654238 Test Loss: 0.1931203
Validation loss decreased (0.467573 --> 0.465424).  Saving model ...
Updating learning rate to 8.727963568087723e-07
	iters: 100, epoch: 49 | loss: 0.7107897
	speed: 0.3009s/iter; left time: 4414.5951s
	iters: 200, epoch: 49 | loss: 0.6167212
	speed: 0.1309s/iter; left time: 1907.7112s
Epoch: 49 cost time: 37.18314337730408
Epoch: 49, Steps: 284 | Train Loss: 0.5017303 Vali Loss: 0.4692023 Test Loss: 0.1930657
EarlyStopping counter: 1 out of 20
Updating learning rate to 7.855167211278951e-07
	iters: 100, epoch: 50 | loss: 0.4023810
	speed: 0.3008s/iter; left time: 4326.5867s
	iters: 200, epoch: 50 | loss: 0.6726311
	speed: 0.1310s/iter; left time: 1871.5890s
Epoch: 50 cost time: 37.20267295837402
Epoch: 50, Steps: 284 | Train Loss: 0.5010975 Vali Loss: 0.4645685 Test Loss: 0.1930230
Validation loss decreased (0.465424 --> 0.464569).  Saving model ...
Updating learning rate to 7.069650490151056e-07
	iters: 100, epoch: 51 | loss: 0.4500577
	speed: 0.3016s/iter; left time: 4252.7151s
	iters: 200, epoch: 51 | loss: 0.6620937
	speed: 0.1308s/iter; left time: 1831.4702s
Epoch: 51 cost time: 37.15415573120117
Epoch: 51, Steps: 284 | Train Loss: 0.5016516 Vali Loss: 0.4684907 Test Loss: 0.1929700
EarlyStopping counter: 1 out of 20
Updating learning rate to 6.36268544113595e-07
	iters: 100, epoch: 52 | loss: 0.4535465
	speed: 0.3003s/iter; left time: 4149.3640s
	iters: 200, epoch: 52 | loss: 0.3502620
	speed: 0.1308s/iter; left time: 1794.3695s
Epoch: 52 cost time: 37.14774942398071
Epoch: 52, Steps: 284 | Train Loss: 0.5017624 Vali Loss: 0.4690431 Test Loss: 0.1929345
EarlyStopping counter: 2 out of 20
Updating learning rate to 5.726416897022355e-07
	iters: 100, epoch: 53 | loss: 0.4253176
	speed: 0.3006s/iter; left time: 4067.5601s
	iters: 200, epoch: 53 | loss: 0.4949916
	speed: 0.1308s/iter; left time: 1757.4936s
Epoch: 53 cost time: 37.173924684524536
Epoch: 53, Steps: 284 | Train Loss: 0.4995518 Vali Loss: 0.4686124 Test Loss: 0.1929020
EarlyStopping counter: 3 out of 20
Updating learning rate to 5.15377520732012e-07
	iters: 100, epoch: 54 | loss: 0.7009750
	speed: 0.3003s/iter; left time: 3978.4281s
	iters: 200, epoch: 54 | loss: 0.6396861
	speed: 0.1308s/iter; left time: 1719.9913s
Epoch: 54 cost time: 37.14320659637451
Epoch: 54, Steps: 284 | Train Loss: 0.5011475 Vali Loss: 0.4674768 Test Loss: 0.1928756
EarlyStopping counter: 4 out of 20
Updating learning rate to 4.6383976865881085e-07
	iters: 100, epoch: 55 | loss: 0.3640355
	speed: 0.3001s/iter; left time: 3890.9880s
	iters: 200, epoch: 55 | loss: 0.3873524
	speed: 0.1308s/iter; left time: 1682.7637s
Epoch: 55 cost time: 37.13738012313843
Epoch: 55, Steps: 284 | Train Loss: 0.5000050 Vali Loss: 0.4685608 Test Loss: 0.1928503
EarlyStopping counter: 5 out of 20
Updating learning rate to 4.174557917929298e-07
	iters: 100, epoch: 56 | loss: 0.3817957
	speed: 0.3003s/iter; left time: 3807.7366s
	iters: 200, epoch: 56 | loss: 0.3714666
	speed: 0.1308s/iter; left time: 1645.7836s
Epoch: 56 cost time: 37.141599893569946
Epoch: 56, Steps: 284 | Train Loss: 0.5010241 Vali Loss: 0.4674520 Test Loss: 0.1928008
EarlyStopping counter: 6 out of 20
Updating learning rate to 3.7571021261363677e-07
	iters: 100, epoch: 57 | loss: 1.1852808
	speed: 0.3000s/iter; left time: 3719.4854s
	iters: 200, epoch: 57 | loss: 0.4082392
	speed: 0.1308s/iter; left time: 1608.2258s
Epoch: 57 cost time: 37.13203024864197
Epoch: 57, Steps: 284 | Train Loss: 0.5012013 Vali Loss: 0.4686662 Test Loss: 0.1927981
EarlyStopping counter: 7 out of 20
Updating learning rate to 3.381391913522731e-07
	iters: 100, epoch: 58 | loss: 0.5013551
	speed: 0.3001s/iter; left time: 3635.3958s
	iters: 200, epoch: 58 | loss: 0.3522981
	speed: 0.1308s/iter; left time: 1571.7084s
Epoch: 58 cost time: 37.13696551322937
Epoch: 58, Steps: 284 | Train Loss: 0.5011114 Vali Loss: 0.4674178 Test Loss: 0.1927686
EarlyStopping counter: 8 out of 20
Updating learning rate to 3.043252722170458e-07
	iters: 100, epoch: 59 | loss: 0.4522101
	speed: 0.3000s/iter; left time: 3548.7935s
	iters: 200, epoch: 59 | loss: 0.7151189
	speed: 0.1308s/iter; left time: 1533.8241s
Epoch: 59 cost time: 37.13641858100891
Epoch: 59, Steps: 284 | Train Loss: 0.5007712 Vali Loss: 0.4665760 Test Loss: 0.1927547
EarlyStopping counter: 9 out of 20
Updating learning rate to 2.7389274499534124e-07
	iters: 100, epoch: 60 | loss: 0.4560885
	speed: 0.3000s/iter; left time: 3463.6321s
	iters: 200, epoch: 60 | loss: 0.6177315
	speed: 0.1307s/iter; left time: 1496.0785s
Epoch: 60 cost time: 37.120880126953125
Epoch: 60, Steps: 284 | Train Loss: 0.5009936 Vali Loss: 0.4671188 Test Loss: 0.1927344
EarlyStopping counter: 10 out of 20
Updating learning rate to 2.465034704958071e-07
	iters: 100, epoch: 61 | loss: 0.4867251
	speed: 0.3001s/iter; left time: 3379.6715s
	iters: 200, epoch: 61 | loss: 0.3831883
	speed: 0.1308s/iter; left time: 1459.8441s
Epoch: 61 cost time: 37.14024639129639
Epoch: 61, Steps: 284 | Train Loss: 0.5009349 Vali Loss: 0.4660477 Test Loss: 0.1927345
EarlyStopping counter: 11 out of 20
Updating learning rate to 2.218531234462264e-07
	iters: 100, epoch: 62 | loss: 0.4186567
	speed: 0.3001s/iter; left time: 3294.6725s
	iters: 200, epoch: 62 | loss: 0.7366248
	speed: 0.1308s/iter; left time: 1422.6184s
Epoch: 62 cost time: 37.134504318237305
Epoch: 62, Steps: 284 | Train Loss: 0.5008252 Vali Loss: 0.4679743 Test Loss: 0.1927212
EarlyStopping counter: 12 out of 20
Updating learning rate to 1.9966781110160376e-07
	iters: 100, epoch: 63 | loss: 0.4680404
	speed: 0.3000s/iter; left time: 3207.6848s
	iters: 200, epoch: 63 | loss: 0.4772846
	speed: 0.1308s/iter; left time: 1385.8576s
Epoch: 63 cost time: 37.141051054000854
Epoch: 63, Steps: 284 | Train Loss: 0.5007454 Vali Loss: 0.4688094 Test Loss: 0.1927049
EarlyStopping counter: 13 out of 20
Updating learning rate to 1.797010299914434e-07
	iters: 100, epoch: 64 | loss: 0.8350817
	speed: 0.3001s/iter; left time: 3123.8226s
	iters: 200, epoch: 64 | loss: 0.3669109
	speed: 0.1308s/iter; left time: 1348.1494s
Epoch: 64 cost time: 37.13043260574341
Epoch: 64, Steps: 284 | Train Loss: 0.4991878 Vali Loss: 0.4680368 Test Loss: 0.1926779
EarlyStopping counter: 14 out of 20
Updating learning rate to 1.6173092699229907e-07
	iters: 100, epoch: 65 | loss: 0.6077288
	speed: 0.3001s/iter; left time: 3038.3144s
	iters: 200, epoch: 65 | loss: 0.4705185
	speed: 0.1308s/iter; left time: 1311.2817s
Epoch: 65 cost time: 37.13673114776611
Epoch: 65, Steps: 284 | Train Loss: 0.4994330 Vali Loss: 0.4679608 Test Loss: 0.1926712
EarlyStopping counter: 15 out of 20
Updating learning rate to 1.4555783429306916e-07
	iters: 100, epoch: 66 | loss: 0.3981897
	speed: 0.3002s/iter; left time: 2954.0865s
	iters: 200, epoch: 66 | loss: 0.4466301
	speed: 0.1307s/iter; left time: 1273.5800s
Epoch: 66 cost time: 37.127140283584595
Epoch: 66, Steps: 284 | Train Loss: 0.4998040 Vali Loss: 0.4664337 Test Loss: 0.1926689
EarlyStopping counter: 16 out of 20
Updating learning rate to 1.3100205086376224e-07
	iters: 100, epoch: 67 | loss: 0.4129709
	speed: 0.3000s/iter; left time: 2866.6858s
	iters: 200, epoch: 67 | loss: 0.6710466
	speed: 0.1308s/iter; left time: 1236.7307s
Epoch: 67 cost time: 37.12868094444275
Epoch: 67, Steps: 284 | Train Loss: 0.5006679 Vali Loss: 0.4676699 Test Loss: 0.1926606
EarlyStopping counter: 17 out of 20
Updating learning rate to 1.1790184577738603e-07
	iters: 100, epoch: 68 | loss: 0.3966115
	speed: 0.3000s/iter; left time: 2782.3121s
	iters: 200, epoch: 68 | loss: 0.6771905
	speed: 0.1308s/iter; left time: 1199.3806s
Epoch: 68 cost time: 37.126046895980835
Epoch: 68, Steps: 284 | Train Loss: 0.5002554 Vali Loss: 0.4641513 Test Loss: 0.1926514
Validation loss decreased (0.464569 --> 0.464151).  Saving model ...
Updating learning rate to 1.0611166119964742e-07
	iters: 100, epoch: 69 | loss: 0.4153258
	speed: 0.3008s/iter; left time: 2703.6861s
	iters: 200, epoch: 69 | loss: 0.3807134
	speed: 0.1308s/iter; left time: 1162.5426s
Epoch: 69 cost time: 37.131333112716675
Epoch: 69, Steps: 284 | Train Loss: 0.5005191 Vali Loss: 0.4684144 Test Loss: 0.1926533
EarlyStopping counter: 1 out of 20
Updating learning rate to 9.550049507968268e-08
	iters: 100, epoch: 70 | loss: 0.7591088
	speed: 0.3000s/iter; left time: 2611.7262s
	iters: 200, epoch: 70 | loss: 0.4072073
	speed: 0.1307s/iter; left time: 1124.9782s
Epoch: 70 cost time: 37.1215500831604
Epoch: 70, Steps: 284 | Train Loss: 0.5004812 Vali Loss: 0.4638677 Test Loss: 0.1926374
Validation loss decreased (0.464151 --> 0.463868).  Saving model ...
Updating learning rate to 8.595044557171442e-08
	iters: 100, epoch: 71 | loss: 0.4385230
	speed: 0.3007s/iter; left time: 2532.4474s
	iters: 200, epoch: 71 | loss: 0.4075588
	speed: 0.1308s/iter; left time: 1087.9792s
Epoch: 71 cost time: 37.127089738845825
Epoch: 71, Steps: 284 | Train Loss: 0.5006989 Vali Loss: 0.4677293 Test Loss: 0.1926544
EarlyStopping counter: 1 out of 20
Updating learning rate to 7.735540101454298e-08
	iters: 100, epoch: 72 | loss: 0.6919313
	speed: 0.3002s/iter; left time: 2442.7421s
	iters: 200, epoch: 72 | loss: 0.5656117
	speed: 0.1308s/iter; left time: 1051.2907s
Epoch: 72 cost time: 37.132885456085205
Epoch: 72, Steps: 284 | Train Loss: 0.5007121 Vali Loss: 0.4681008 Test Loss: 0.1926360
EarlyStopping counter: 2 out of 20
Updating learning rate to 6.961986091308869e-08
	iters: 100, epoch: 73 | loss: 0.6865844
	speed: 0.3002s/iter; left time: 2357.3384s
	iters: 200, epoch: 73 | loss: 0.3621414
	speed: 0.1308s/iter; left time: 1013.9225s
Epoch: 73 cost time: 37.13600540161133
Epoch: 73, Steps: 284 | Train Loss: 0.5005928 Vali Loss: 0.4677686 Test Loss: 0.1926281
EarlyStopping counter: 3 out of 20
Updating learning rate to 6.265787482177981e-08
	iters: 100, epoch: 74 | loss: 0.4782876
	speed: 0.2999s/iter; left time: 2270.2705s
	iters: 200, epoch: 74 | loss: 0.3910420
	speed: 0.1307s/iter; left time: 976.2988s
Epoch: 74 cost time: 37.11995816230774
Epoch: 74, Steps: 284 | Train Loss: 0.5003879 Vali Loss: 0.4663718 Test Loss: 0.1926228
EarlyStopping counter: 4 out of 20
Updating learning rate to 5.639208733960184e-08
	iters: 100, epoch: 75 | loss: 0.3819006
	speed: 0.3002s/iter; left time: 2186.9790s
	iters: 200, epoch: 75 | loss: 0.4210309
	speed: 0.1308s/iter; left time: 939.7978s
Epoch: 75 cost time: 37.14819073677063
Epoch: 75, Steps: 284 | Train Loss: 0.4997595 Vali Loss: 0.4660811 Test Loss: 0.1926331
EarlyStopping counter: 5 out of 20
Updating learning rate to 5.075287860564165e-08
	iters: 100, epoch: 76 | loss: 0.4731452
	speed: 0.3001s/iter; left time: 2101.3212s
	iters: 200, epoch: 76 | loss: 0.6116888
	speed: 0.1308s/iter; left time: 902.6174s
Epoch: 76 cost time: 37.14159679412842
Epoch: 76, Steps: 284 | Train Loss: 0.5005848 Vali Loss: 0.4662025 Test Loss: 0.1926269
EarlyStopping counter: 6 out of 20
Updating learning rate to 4.567759074507749e-08
	iters: 100, epoch: 77 | loss: 0.4733507
	speed: 0.3003s/iter; left time: 2016.9028s
	iters: 200, epoch: 77 | loss: 0.3592339
	speed: 0.1307s/iter; left time: 865.1218s
Epoch: 77 cost time: 37.135459899902344
Epoch: 77, Steps: 284 | Train Loss: 0.4997785 Vali Loss: 0.4672658 Test Loss: 0.1926211
EarlyStopping counter: 7 out of 20
Updating learning rate to 4.1109831670569744e-08
	iters: 100, epoch: 78 | loss: 0.5259565
	speed: 0.3003s/iter; left time: 1931.7074s
	iters: 200, epoch: 78 | loss: 0.6488917
	speed: 0.1308s/iter; left time: 828.1580s
Epoch: 78 cost time: 37.141456842422485
Epoch: 78, Steps: 284 | Train Loss: 0.5006985 Vali Loss: 0.4658233 Test Loss: 0.1926099
EarlyStopping counter: 8 out of 20
Updating learning rate to 3.6998848503512764e-08
	iters: 100, epoch: 79 | loss: 0.5413011
	speed: 0.3003s/iter; left time: 1846.2544s
	iters: 200, epoch: 79 | loss: 0.6584519
	speed: 0.1307s/iter; left time: 790.7667s
Epoch: 79 cost time: 37.13262128829956
Epoch: 79, Steps: 284 | Train Loss: 0.5005225 Vali Loss: 0.4676356 Test Loss: 0.1926138
EarlyStopping counter: 9 out of 20
Updating learning rate to 3.3298963653161496e-08
	iters: 100, epoch: 80 | loss: 0.8805382
	speed: 0.3003s/iter; left time: 1761.2588s
	iters: 200, epoch: 80 | loss: 0.3570242
	speed: 0.1307s/iter; left time: 753.7563s
Epoch: 80 cost time: 37.13427948951721
Epoch: 80, Steps: 284 | Train Loss: 0.4997304 Vali Loss: 0.4669611 Test Loss: 0.1926139
EarlyStopping counter: 10 out of 20
Updating learning rate to 2.996906728784534e-08
	iters: 100, epoch: 81 | loss: 0.6672615
	speed: 0.3002s/iter; left time: 1675.4168s
	iters: 200, epoch: 81 | loss: 0.3522618
	speed: 0.1307s/iter; left time: 716.2384s
Epoch: 81 cost time: 37.12466740608215
Epoch: 81, Steps: 284 | Train Loss: 0.5005356 Vali Loss: 0.4671337 Test Loss: 0.1926311
EarlyStopping counter: 11 out of 20
Updating learning rate to 2.697216055906081e-08
	iters: 100, epoch: 82 | loss: 0.7700764
	speed: 0.3001s/iter; left time: 1589.7233s
	iters: 200, epoch: 82 | loss: 0.3394266
	speed: 0.1307s/iter; left time: 679.2541s
Epoch: 82 cost time: 37.12226390838623
Epoch: 82, Steps: 284 | Train Loss: 0.5002821 Vali Loss: 0.4651362 Test Loss: 0.1926199
EarlyStopping counter: 12 out of 20
Updating learning rate to 2.427494450315473e-08
	iters: 100, epoch: 83 | loss: 0.6724076
	speed: 0.3000s/iter; left time: 1503.6672s
	iters: 200, epoch: 83 | loss: 0.4555505
	speed: 0.1307s/iter; left time: 641.9014s
Epoch: 83 cost time: 37.121355056762695
Epoch: 83, Steps: 284 | Train Loss: 0.5007928 Vali Loss: 0.4661013 Test Loss: 0.1926242
EarlyStopping counter: 13 out of 20
Updating learning rate to 2.1847450052839257e-08
	iters: 100, epoch: 84 | loss: 0.4956169
	speed: 0.3001s/iter; left time: 1418.9935s
	iters: 200, epoch: 84 | loss: 0.4301116
	speed: 0.1307s/iter; left time: 604.9695s
Epoch: 84 cost time: 37.12314748764038
Epoch: 84, Steps: 284 | Train Loss: 0.5006709 Vali Loss: 0.4637395 Test Loss: 0.1926135
Validation loss decreased (0.463868 --> 0.463739).  Saving model ...
Updating learning rate to 1.9662705047555332e-08
	iters: 100, epoch: 85 | loss: 0.3955893
	speed: 0.3006s/iter; left time: 1336.2429s
	iters: 200, epoch: 85 | loss: 0.3659775
	speed: 0.1307s/iter; left time: 567.9222s
Epoch: 85 cost time: 37.123430013656616
Epoch: 85, Steps: 284 | Train Loss: 0.5008257 Vali Loss: 0.4682736 Test Loss: 0.1926151
EarlyStopping counter: 1 out of 20
Updating learning rate to 1.7696434542799797e-08
	iters: 100, epoch: 86 | loss: 0.4241570
	speed: 0.3001s/iter; left time: 1248.6183s
	iters: 200, epoch: 86 | loss: 1.0740628
	speed: 0.1307s/iter; left time: 530.5983s
Epoch: 86 cost time: 37.11604046821594
Epoch: 86, Steps: 284 | Train Loss: 0.5004675 Vali Loss: 0.4658730 Test Loss: 0.1926146
EarlyStopping counter: 2 out of 20
Updating learning rate to 1.5926791088519817e-08
	iters: 100, epoch: 87 | loss: 0.3665189
	speed: 0.3001s/iter; left time: 1163.5986s
	iters: 200, epoch: 87 | loss: 0.4532835
	speed: 0.1307s/iter; left time: 493.7265s
Epoch: 87 cost time: 37.12814807891846
Epoch: 87, Steps: 284 | Train Loss: 0.5006469 Vali Loss: 0.4673432 Test Loss: 0.1926093
EarlyStopping counter: 3 out of 20
Updating learning rate to 1.4334111979667836e-08
	iters: 100, epoch: 88 | loss: 0.4787957
	speed: 0.3001s/iter; left time: 1078.3993s
	iters: 200, epoch: 88 | loss: 0.4991397
	speed: 0.1307s/iter; left time: 456.4678s
Epoch: 88 cost time: 37.119507789611816
Epoch: 88, Steps: 284 | Train Loss: 0.5004731 Vali Loss: 0.4668249 Test Loss: 0.1926165
EarlyStopping counter: 4 out of 20
Updating learning rate to 1.2900700781701054e-08
	iters: 100, epoch: 89 | loss: 0.4184921
	speed: 0.3001s/iter; left time: 993.1533s
	iters: 200, epoch: 89 | loss: 0.3931183
	speed: 0.1307s/iter; left time: 419.4639s
Epoch: 89 cost time: 37.12163996696472
Epoch: 89, Steps: 284 | Train Loss: 0.5002210 Vali Loss: 0.4669184 Test Loss: 0.1926071
EarlyStopping counter: 5 out of 20
Updating learning rate to 1.161063070353095e-08
	iters: 100, epoch: 90 | loss: 0.7027008
	speed: 0.3002s/iter; left time: 907.9794s
	iters: 200, epoch: 90 | loss: 0.4726470
	speed: 0.1307s/iter; left time: 382.2602s
Epoch: 90 cost time: 37.10975003242493
Epoch: 90, Steps: 284 | Train Loss: 0.5008579 Vali Loss: 0.4684830 Test Loss: 0.1926208
EarlyStopping counter: 6 out of 20
Updating learning rate to 1.0449567633177854e-08
	iters: 100, epoch: 91 | loss: 0.5531852
	speed: 0.3003s/iter; left time: 823.1473s
	iters: 200, epoch: 91 | loss: 0.3572068
	speed: 0.1307s/iter; left time: 345.1208s
Epoch: 91 cost time: 37.121135234832764
Epoch: 91, Steps: 284 | Train Loss: 0.4998297 Vali Loss: 0.4639529 Test Loss: 0.1926071
EarlyStopping counter: 7 out of 20
Updating learning rate to 9.404610869860069e-09
	iters: 100, epoch: 92 | loss: 0.6925726
	speed: 0.3003s/iter; left time: 737.8850s
	iters: 200, epoch: 92 | loss: 0.4401673
	speed: 0.1307s/iter; left time: 307.9924s
Epoch: 92 cost time: 37.11892557144165
Epoch: 92, Steps: 284 | Train Loss: 0.5002689 Vali Loss: 0.4672519 Test Loss: 0.1926109
EarlyStopping counter: 8 out of 20
Updating learning rate to 8.464149782874063e-09
	iters: 100, epoch: 93 | loss: 0.3830561
	speed: 0.3004s/iter; left time: 652.6915s
	iters: 200, epoch: 93 | loss: 0.4372094
	speed: 0.1307s/iter; left time: 270.9275s
Epoch: 93 cost time: 37.11673355102539
Epoch: 93, Steps: 284 | Train Loss: 0.5007608 Vali Loss: 0.4686922 Test Loss: 0.1926242
EarlyStopping counter: 9 out of 20
Updating learning rate to 7.617734804586658e-09
	iters: 100, epoch: 94 | loss: 0.4312260
	speed: 0.3004s/iter; left time: 567.4260s
	iters: 200, epoch: 94 | loss: 0.6670372
	speed: 0.1307s/iter; left time: 233.7684s
Epoch: 94 cost time: 37.11235690116882
Epoch: 94, Steps: 284 | Train Loss: 0.4999807 Vali Loss: 0.4667295 Test Loss: 0.1926200
EarlyStopping counter: 10 out of 20
Updating learning rate to 6.855961324127991e-09
	iters: 100, epoch: 95 | loss: 0.6314043
	speed: 0.3003s/iter; left time: 481.9646s
	iters: 200, epoch: 95 | loss: 0.4864943
	speed: 0.1307s/iter; left time: 196.7312s
Epoch: 95 cost time: 37.134233713150024
Epoch: 95, Steps: 284 | Train Loss: 0.5005787 Vali Loss: 0.4681103 Test Loss: 0.1926135
EarlyStopping counter: 11 out of 20
Updating learning rate to 6.170365191715193e-09
	iters: 100, epoch: 96 | loss: 0.3790118
	speed: 0.3003s/iter; left time: 396.6652s
	iters: 200, epoch: 96 | loss: 0.4427624
	speed: 0.1308s/iter; left time: 159.6662s
Epoch: 96 cost time: 37.13622212409973
Epoch: 96, Steps: 284 | Train Loss: 0.5003509 Vali Loss: 0.4678045 Test Loss: 0.1926052
EarlyStopping counter: 12 out of 20
Updating learning rate to 5.5533286725436726e-09
	iters: 100, epoch: 97 | loss: 0.3679935
	speed: 0.3002s/iter; left time: 311.3409s
	iters: 200, epoch: 97 | loss: 0.5537825
	speed: 0.1308s/iter; left time: 122.5589s
Epoch: 97 cost time: 37.14235758781433
Epoch: 97, Steps: 284 | Train Loss: 0.5006056 Vali Loss: 0.4654249 Test Loss: 0.1926107
EarlyStopping counter: 13 out of 20
Updating learning rate to 4.997995805289306e-09
	iters: 100, epoch: 98 | loss: 0.4235226
	speed: 0.3004s/iter; left time: 226.1721s
	iters: 200, epoch: 98 | loss: 0.6290467
	speed: 0.1307s/iter; left time: 85.3600s
Epoch: 98 cost time: 37.133811950683594
Epoch: 98, Steps: 284 | Train Loss: 0.5008043 Vali Loss: 0.4682771 Test Loss: 0.1926203
EarlyStopping counter: 14 out of 20
Updating learning rate to 4.498196224760375e-09
	iters: 100, epoch: 99 | loss: 0.7057890
	speed: 0.3003s/iter; left time: 140.8285s
	iters: 200, epoch: 99 | loss: 0.4317932
	speed: 0.1307s/iter; left time: 48.2368s
Epoch: 99 cost time: 37.13309073448181
Epoch: 99, Steps: 284 | Train Loss: 0.5002309 Vali Loss: 0.4674993 Test Loss: 0.1926095
EarlyStopping counter: 15 out of 20
Updating learning rate to 4.048376602284338e-09
	iters: 100, epoch: 100 | loss: 0.5877833
	speed: 0.3001s/iter; left time: 55.5201s
	iters: 200, epoch: 100 | loss: 0.5071636
	speed: 0.1307s/iter; left time: 11.1112s
Epoch: 100 cost time: 37.13176369667053
Epoch: 100, Steps: 284 | Train Loss: 0.5007320 Vali Loss: 0.4674914 Test Loss: 0.1926093
EarlyStopping counter: 16 out of 20
Updating learning rate to 3.643538942055904e-09
>>>>>>>testing : NL_weather_cms3_lr0.0001_always_336_96_PatchTST_custom_ftM_sl336_ll48_pl96_dm128_nh16_el3_dl1_df256_fc1_ebtimeF_dtTruelr0.0001_polalways_Nested_Learning_0<<<<<<<<<<<<<<<<<<<<<<<<<<<<<<<<<
test 10444
 Ejecutando Inferencia DINÁMICA (Nested Learning con cms3)
  -> Política: always | LR: 0.0001 | Target: head

RESUMEN: El CMS se actualizó 81 veces de 81 posibles.

mse:0.1923607587814331, mae:0.24636133015155792, rse:0.5777876377105713
Args in experiment:
Namespace(random_seed=2021, is_training=1, model_id='NL_weather_cms3_lr0.0001_always_336_192', model='PatchTST', data='custom', root_path='./dataset/', data_path='weather.csv', features='M', target='OT', freq='h', checkpoints='./checkpoints/', seq_len=336, label_len=48, pred_len=192, head_type='cms3', cms_lr=0.0001, update_policy='always', fc_dropout=0.2, head_dropout=0.0, patch_len=16, stride=8, padding_patch='end', revin=1, affine=0, subtract_last=0, decomposition=0, kernel_size=25, individual=0, embed_type=0, enc_in=21, dec_in=7, c_out=7, d_model=128, n_heads=16, e_layers=3, d_layers=1, d_ff=256, moving_avg=25, factor=1, distil=True, dropout=0.2, embed='timeF', activation='gelu', output_attention=False, do_predict=False, num_workers=0, itr=1, train_epochs=100, batch_size=128, patience=20, learning_rate=0.0001, des='Nested_Learning', loss='mse', lradj='type3', pct_start=0.3, use_amp=False, use_gpu=True, gpu=0, use_multi_gpu=False, devices='0,1,2,3', test_flop=False)
Use GPU: cuda:0
>>>>>>>start training : NL_weather_cms3_lr0.0001_always_336_192_PatchTST_custom_ftM_sl336_ll48_pl192_dm128_nh16_el3_dl1_df256_fc1_ebtimeF_dtTruelr0.0001_polalways_Nested_Learning_0>>>>>>>>>>>>>>>>>>>>>>>>>>
train 36360
val 5079
test 10348
	iters: 100, epoch: 1 | loss: 0.5930165
	speed: 0.1510s/iter; left time: 4272.3638s
	iters: 200, epoch: 1 | loss: 0.6505421
	speed: 0.1305s/iter; left time: 3680.6660s
Epoch: 1 cost time: 37.21610498428345
Epoch: 1, Steps: 284 | Train Loss: 0.7078723 Vali Loss: 0.6792483 Test Loss: 0.2858599
Validation loss decreased (inf --> 0.679248).  Saving model ...
Updating learning rate to 0.0001
	iters: 100, epoch: 2 | loss: 0.6114016
	speed: 0.3030s/iter; left time: 8487.8250s
	iters: 200, epoch: 2 | loss: 0.8125961
	speed: 0.1311s/iter; left time: 3661.2381s
Epoch: 2 cost time: 37.240315198898315
Epoch: 2, Steps: 284 | Train Loss: 0.7035355 Vali Loss: 0.6721316 Test Loss: 0.2834572
Validation loss decreased (0.679248 --> 0.672132).  Saving model ...
Updating learning rate to 0.0001
	iters: 100, epoch: 3 | loss: 0.7552540
	speed: 0.3034s/iter; left time: 8413.6067s
	iters: 200, epoch: 3 | loss: 0.8141772
	speed: 0.1313s/iter; left time: 3627.8130s
Epoch: 3 cost time: 37.26386737823486
Epoch: 3, Steps: 284 | Train Loss: 0.6956460 Vali Loss: 0.6655998 Test Loss: 0.2810728
Validation loss decreased (0.672132 --> 0.665600).  Saving model ...
Updating learning rate to 0.0001
	iters: 100, epoch: 4 | loss: 0.8878207
	speed: 0.3024s/iter; left time: 8301.2722s
	iters: 200, epoch: 4 | loss: 0.5953708
	speed: 0.1313s/iter; left time: 3590.5690s
Epoch: 4 cost time: 37.29536008834839
Epoch: 4, Steps: 284 | Train Loss: 0.6870450 Vali Loss: 0.6577249 Test Loss: 0.2783739
Validation loss decreased (0.665600 --> 0.657725).  Saving model ...
Updating learning rate to 9e-05
	iters: 100, epoch: 5 | loss: 0.8809457
	speed: 0.3034s/iter; left time: 8241.1638s
	iters: 200, epoch: 5 | loss: 0.8651015
	speed: 0.1313s/iter; left time: 3553.2723s
Epoch: 5 cost time: 37.277419567108154
Epoch: 5, Steps: 284 | Train Loss: 0.6774100 Vali Loss: 0.6480879 Test Loss: 0.2756805
Validation loss decreased (0.657725 --> 0.648088).  Saving model ...
Updating learning rate to 8.1e-05
	iters: 100, epoch: 6 | loss: 0.5832441
	speed: 0.3031s/iter; left time: 8147.4726s
	iters: 200, epoch: 6 | loss: 0.5982583
	speed: 0.1312s/iter; left time: 3513.7647s
Epoch: 6 cost time: 37.26959776878357
Epoch: 6, Steps: 284 | Train Loss: 0.6689835 Vali Loss: 0.6416333 Test Loss: 0.2731291
Validation loss decreased (0.648088 --> 0.641633).  Saving model ...
Updating learning rate to 7.290000000000001e-05
	iters: 100, epoch: 7 | loss: 0.5240954
	speed: 0.3031s/iter; left time: 8060.6208s
	iters: 200, epoch: 7 | loss: 0.5571292
	speed: 0.1313s/iter; left time: 3477.7597s
Epoch: 7 cost time: 37.256330728530884
Epoch: 7, Steps: 284 | Train Loss: 0.6608342 Vali Loss: 0.6337558 Test Loss: 0.2707709
Validation loss decreased (0.641633 --> 0.633756).  Saving model ...
Updating learning rate to 6.561e-05
	iters: 100, epoch: 8 | loss: 0.6064947
	speed: 0.3025s/iter; left time: 7960.7439s
	iters: 200, epoch: 8 | loss: 0.5267797
	speed: 0.1311s/iter; left time: 3437.7443s
Epoch: 8 cost time: 37.252711057662964
Epoch: 8, Steps: 284 | Train Loss: 0.6536451 Vali Loss: 0.6261529 Test Loss: 0.2686079
Validation loss decreased (0.633756 --> 0.626153).  Saving model ...
Updating learning rate to 5.904900000000001e-05
	iters: 100, epoch: 9 | loss: 0.6207268
	speed: 0.3034s/iter; left time: 7898.0239s
	iters: 200, epoch: 9 | loss: 0.6136804
	speed: 0.1311s/iter; left time: 3400.1396s
Epoch: 9 cost time: 37.24113988876343
Epoch: 9, Steps: 284 | Train Loss: 0.6472154 Vali Loss: 0.6223468 Test Loss: 0.2666611
Validation loss decreased (0.626153 --> 0.622347).  Saving model ...
Updating learning rate to 5.3144100000000005e-05
	iters: 100, epoch: 10 | loss: 0.5235211
	speed: 0.3045s/iter; left time: 7840.2508s
	iters: 200, epoch: 10 | loss: 0.5483874
	speed: 0.1310s/iter; left time: 3360.4742s
Epoch: 10 cost time: 37.22661519050598
Epoch: 10, Steps: 284 | Train Loss: 0.6416072 Vali Loss: 0.6169222 Test Loss: 0.2648840
Validation loss decreased (0.622347 --> 0.616922).  Saving model ...
Updating learning rate to 4.782969000000001e-05
	iters: 100, epoch: 11 | loss: 0.7191145
	speed: 0.3024s/iter; left time: 7698.6179s
	iters: 200, epoch: 11 | loss: 0.5946565
	speed: 0.1311s/iter; left time: 3325.3228s
Epoch: 11 cost time: 37.23414587974548
Epoch: 11, Steps: 284 | Train Loss: 0.6362316 Vali Loss: 0.6149302 Test Loss: 0.2633021
Validation loss decreased (0.616922 --> 0.614930).  Saving model ...
Updating learning rate to 4.304672100000001e-05
	iters: 100, epoch: 12 | loss: 0.6935447
	speed: 0.3033s/iter; left time: 7637.3849s
	iters: 200, epoch: 12 | loss: 0.5621820
	speed: 0.1310s/iter; left time: 3286.1123s
Epoch: 12 cost time: 37.23287057876587
Epoch: 12, Steps: 284 | Train Loss: 0.6322616 Vali Loss: 0.6104777 Test Loss: 0.2618406
Validation loss decreased (0.614930 --> 0.610478).  Saving model ...
Updating learning rate to 3.874204890000001e-05
	iters: 100, epoch: 13 | loss: 0.7395495
	speed: 0.3034s/iter; left time: 7553.5681s
	iters: 200, epoch: 13 | loss: 0.5450454
	speed: 0.1311s/iter; left time: 3250.0627s
Epoch: 13 cost time: 37.228166818618774
Epoch: 13, Steps: 284 | Train Loss: 0.6284320 Vali Loss: 0.6072912 Test Loss: 0.2605695
Validation loss decreased (0.610478 --> 0.607291).  Saving model ...
Updating learning rate to 3.486784401000001e-05
	iters: 100, epoch: 14 | loss: 0.5403265
	speed: 0.3023s/iter; left time: 7439.8173s
	iters: 200, epoch: 14 | loss: 0.7112814
	speed: 0.1311s/iter; left time: 3212.9092s
Epoch: 14 cost time: 37.22636127471924
Epoch: 14, Steps: 284 | Train Loss: 0.6248485 Vali Loss: 0.6041945 Test Loss: 0.2594048
Validation loss decreased (0.607291 --> 0.604195).  Saving model ...
Updating learning rate to 3.138105960900001e-05
	iters: 100, epoch: 15 | loss: 0.6262161
	speed: 0.3037s/iter; left time: 7386.7800s
	iters: 200, epoch: 15 | loss: 0.5341000
	speed: 0.1310s/iter; left time: 3174.1481s
Epoch: 15 cost time: 37.230934381484985
Epoch: 15, Steps: 284 | Train Loss: 0.6217610 Vali Loss: 0.6020708 Test Loss: 0.2583584
Validation loss decreased (0.604195 --> 0.602071).  Saving model ...
Updating learning rate to 2.824295364810001e-05
	iters: 100, epoch: 16 | loss: 0.5777933
	speed: 0.3025s/iter; left time: 7273.5014s
	iters: 200, epoch: 16 | loss: 0.5051966
	speed: 0.1311s/iter; left time: 3137.8251s
Epoch: 16 cost time: 37.23083424568176
Epoch: 16, Steps: 284 | Train Loss: 0.6189085 Vali Loss: 0.5968076 Test Loss: 0.2574078
Validation loss decreased (0.602071 --> 0.596808).  Saving model ...
Updating learning rate to 2.541865828329001e-05
	iters: 100, epoch: 17 | loss: 0.7193677
	speed: 0.3026s/iter; left time: 7188.8131s
	iters: 200, epoch: 17 | loss: 0.5930950
	speed: 0.1310s/iter; left time: 3099.7971s
Epoch: 17 cost time: 37.22432327270508
Epoch: 17, Steps: 284 | Train Loss: 0.6163959 Vali Loss: 0.5971587 Test Loss: 0.2565600
EarlyStopping counter: 1 out of 20
Updating learning rate to 2.287679245496101e-05
	iters: 100, epoch: 18 | loss: 0.7101332
	speed: 0.3019s/iter; left time: 7085.8532s
	iters: 200, epoch: 18 | loss: 0.5076790
	speed: 0.1311s/iter; left time: 3063.3799s
Epoch: 18 cost time: 37.223469734191895
Epoch: 18, Steps: 284 | Train Loss: 0.6140746 Vali Loss: 0.5943857 Test Loss: 0.2558061
Validation loss decreased (0.596808 --> 0.594386).  Saving model ...
Updating learning rate to 2.0589113209464907e-05
	iters: 100, epoch: 19 | loss: 0.5379339
	speed: 0.3025s/iter; left time: 7014.6112s
	iters: 200, epoch: 19 | loss: 0.4809788
	speed: 0.1311s/iter; left time: 3025.9971s
Epoch: 19 cost time: 37.22108006477356
Epoch: 19, Steps: 284 | Train Loss: 0.6118249 Vali Loss: 0.5910081 Test Loss: 0.2551195
Validation loss decreased (0.594386 --> 0.591008).  Saving model ...
Updating learning rate to 1.8530201888518416e-05
	iters: 100, epoch: 20 | loss: 0.6723521
	speed: 0.3026s/iter; left time: 6930.3427s
	iters: 200, epoch: 20 | loss: 0.6731451
	speed: 0.1311s/iter; left time: 2989.5883s
Epoch: 20 cost time: 37.22946834564209
Epoch: 20, Steps: 284 | Train Loss: 0.6102480 Vali Loss: 0.5892500 Test Loss: 0.2544983
Validation loss decreased (0.591008 --> 0.589250).  Saving model ...
Updating learning rate to 1.6677181699666577e-05
	iters: 100, epoch: 21 | loss: 0.6234258
	speed: 0.3025s/iter; left time: 6843.1628s
	iters: 200, epoch: 21 | loss: 0.5443870
	speed: 0.1311s/iter; left time: 2952.0044s
Epoch: 21 cost time: 37.23712134361267
Epoch: 21, Steps: 284 | Train Loss: 0.6086805 Vali Loss: 0.5903514 Test Loss: 0.2539432
EarlyStopping counter: 1 out of 20
Updating learning rate to 1.5009463529699919e-05
	iters: 100, epoch: 22 | loss: 0.5047428
	speed: 0.3021s/iter; left time: 6748.7201s
	iters: 200, epoch: 22 | loss: 0.5979965
	speed: 0.1311s/iter; left time: 2914.7035s
Epoch: 22 cost time: 37.232805013656616
Epoch: 22, Steps: 284 | Train Loss: 0.6071525 Vali Loss: 0.5879110 Test Loss: 0.2534581
Validation loss decreased (0.589250 --> 0.587911).  Saving model ...
Updating learning rate to 1.3508517176729929e-05
	iters: 100, epoch: 23 | loss: 0.5271143
	speed: 0.3023s/iter; left time: 6666.2583s
	iters: 200, epoch: 23 | loss: 0.5226967
	speed: 0.1310s/iter; left time: 2876.7609s
Epoch: 23 cost time: 37.22914004325867
Epoch: 23, Steps: 284 | Train Loss: 0.6058700 Vali Loss: 0.5858908 Test Loss: 0.2530141
Validation loss decreased (0.587911 --> 0.585891).  Saving model ...
Updating learning rate to 1.2157665459056936e-05
	iters: 100, epoch: 24 | loss: 0.8874930
	speed: 0.3030s/iter; left time: 6595.4448s
	iters: 200, epoch: 24 | loss: 0.5508289
	speed: 0.1311s/iter; left time: 2840.4401s
Epoch: 24 cost time: 37.22991609573364
Epoch: 24, Steps: 284 | Train Loss: 0.6047196 Vali Loss: 0.5839398 Test Loss: 0.2526177
Validation loss decreased (0.585891 --> 0.583940).  Saving model ...
Updating learning rate to 1.0941898913151242e-05
	iters: 100, epoch: 25 | loss: 0.6383648
	speed: 0.3026s/iter; left time: 6500.5260s
	iters: 200, epoch: 25 | loss: 0.5388193
	speed: 0.1311s/iter; left time: 2803.5588s
Epoch: 25 cost time: 37.23074531555176
Epoch: 25, Steps: 284 | Train Loss: 0.6037150 Vali Loss: 0.5844033 Test Loss: 0.2522523
EarlyStopping counter: 1 out of 20
Updating learning rate to 9.847709021836118e-06
	iters: 100, epoch: 26 | loss: 0.5373121
	speed: 0.3016s/iter; left time: 6395.2449s
	iters: 200, epoch: 26 | loss: 0.8386320
	speed: 0.1311s/iter; left time: 2765.7348s
Epoch: 26 cost time: 37.22553324699402
Epoch: 26, Steps: 284 | Train Loss: 0.6027104 Vali Loss: 0.5827519 Test Loss: 0.2519284
Validation loss decreased (0.583940 --> 0.582752).  Saving model ...
Updating learning rate to 8.862938119652508e-06
	iters: 100, epoch: 27 | loss: 0.5204607
	speed: 0.3021s/iter; left time: 6319.8420s
	iters: 200, epoch: 27 | loss: 0.4866178
	speed: 0.1310s/iter; left time: 2726.8236s
Epoch: 27 cost time: 37.20903420448303
Epoch: 27, Steps: 284 | Train Loss: 0.6017787 Vali Loss: 0.5818805 Test Loss: 0.2516255
Validation loss decreased (0.582752 --> 0.581880).  Saving model ...
Updating learning rate to 7.976644307687255e-06
	iters: 100, epoch: 28 | loss: 0.4620955
	speed: 0.3024s/iter; left time: 6239.7581s
	iters: 200, epoch: 28 | loss: 0.6406076
	speed: 0.1311s/iter; left time: 2691.2026s
Epoch: 28 cost time: 37.221264123916626
Epoch: 28, Steps: 284 | Train Loss: 0.6010548 Vali Loss: 0.5829148 Test Loss: 0.2513614
EarlyStopping counter: 1 out of 20
Updating learning rate to 7.178979876918531e-06
	iters: 100, epoch: 29 | loss: 0.8547683
	speed: 0.3017s/iter; left time: 6140.2276s
	iters: 200, epoch: 29 | loss: 0.4625751
	speed: 0.1311s/iter; left time: 2653.8218s
Epoch: 29 cost time: 37.22981786727905
Epoch: 29, Steps: 284 | Train Loss: 0.6003756 Vali Loss: 0.5807694 Test Loss: 0.2511235
Validation loss decreased (0.581880 --> 0.580769).  Saving model ...
Updating learning rate to 6.4610818892266776e-06
	iters: 100, epoch: 30 | loss: 0.4901029
	speed: 0.3021s/iter; left time: 6061.6964s
	iters: 200, epoch: 30 | loss: 0.5291284
	speed: 0.1311s/iter; left time: 2616.5397s
Epoch: 30 cost time: 37.229530811309814
Epoch: 30, Steps: 284 | Train Loss: 0.5997246 Vali Loss: 0.5807506 Test Loss: 0.2509060
Validation loss decreased (0.580769 --> 0.580751).  Saving model ...
Updating learning rate to 5.8149737003040096e-06
	iters: 100, epoch: 31 | loss: 0.5418395
	speed: 0.3036s/iter; left time: 6004.8636s
	iters: 200, epoch: 31 | loss: 0.5352719
	speed: 0.1311s/iter; left time: 2579.8079s
Epoch: 31 cost time: 37.228245973587036
Epoch: 31, Steps: 284 | Train Loss: 0.5992380 Vali Loss: 0.5801460 Test Loss: 0.2507179
Validation loss decreased (0.580751 --> 0.580146).  Saving model ...
Updating learning rate to 5.23347633027361e-06
	iters: 100, epoch: 32 | loss: 0.5429692
	speed: 0.3029s/iter; left time: 5904.7071s
	iters: 200, epoch: 32 | loss: 0.6767099
	speed: 0.1311s/iter; left time: 2542.2945s
Epoch: 32 cost time: 37.2297260761261
Epoch: 32, Steps: 284 | Train Loss: 0.5987193 Vali Loss: 0.5807013 Test Loss: 0.2505456
EarlyStopping counter: 1 out of 20
Updating learning rate to 4.710128697246249e-06
	iters: 100, epoch: 33 | loss: 0.4681477
	speed: 0.3016s/iter; left time: 5794.4082s
	iters: 200, epoch: 33 | loss: 0.6709831
	speed: 0.1311s/iter; left time: 2506.1944s
Epoch: 33 cost time: 37.22863221168518
Epoch: 33, Steps: 284 | Train Loss: 0.5982363 Vali Loss: 0.5793333 Test Loss: 0.2503883
Validation loss decreased (0.580146 --> 0.579333).  Saving model ...
Updating learning rate to 4.239115827521624e-06
	iters: 100, epoch: 34 | loss: 0.7304825
	speed: 0.3022s/iter; left time: 5720.6838s
	iters: 200, epoch: 34 | loss: 0.4825670
	speed: 0.1311s/iter; left time: 2468.6737s
Epoch: 34 cost time: 37.23202323913574
Epoch: 34, Steps: 284 | Train Loss: 0.5977721 Vali Loss: 0.5798097 Test Loss: 0.2502438
EarlyStopping counter: 1 out of 20
Updating learning rate to 3.815204244769462e-06
	iters: 100, epoch: 35 | loss: 0.5265275
	speed: 0.3018s/iter; left time: 5626.1767s
	iters: 200, epoch: 35 | loss: 0.5229961
	speed: 0.1311s/iter; left time: 2431.5496s
Epoch: 35 cost time: 37.25785446166992
Epoch: 35, Steps: 284 | Train Loss: 0.5969782 Vali Loss: 0.5786248 Test Loss: 0.2501212
Validation loss decreased (0.579333 --> 0.578625).  Saving model ...
Updating learning rate to 3.4336838202925152e-06
	iters: 100, epoch: 36 | loss: 0.7279276
	speed: 0.3028s/iter; left time: 5558.9732s
	iters: 200, epoch: 36 | loss: 0.6448969
	speed: 0.1311s/iter; left time: 2393.8166s
Epoch: 36 cost time: 37.23571825027466
Epoch: 36, Steps: 284 | Train Loss: 0.5970872 Vali Loss: 0.5762691 Test Loss: 0.2500071
Validation loss decreased (0.578625 --> 0.576269).  Saving model ...
Updating learning rate to 3.090315438263264e-06
	iters: 100, epoch: 37 | loss: 0.4407505
	speed: 0.3028s/iter; left time: 5473.4434s
	iters: 200, epoch: 37 | loss: 0.5118823
	speed: 0.1312s/iter; left time: 2358.8625s
Epoch: 37 cost time: 37.27664637565613
Epoch: 37, Steps: 284 | Train Loss: 0.5967609 Vali Loss: 0.5785818 Test Loss: 0.2499059
EarlyStopping counter: 1 out of 20
Updating learning rate to 2.7812838944369375e-06
	iters: 100, epoch: 38 | loss: 0.5654672
	speed: 0.3028s/iter; left time: 5387.1129s
	iters: 200, epoch: 38 | loss: 0.6539969
	speed: 0.1315s/iter; left time: 2326.5355s
Epoch: 38 cost time: 37.3440637588501
Epoch: 38, Steps: 284 | Train Loss: 0.5964282 Vali Loss: 0.5752958 Test Loss: 0.2498115
Validation loss decreased (0.576269 --> 0.575296).  Saving model ...
Updating learning rate to 2.503155504993244e-06
	iters: 100, epoch: 39 | loss: 0.5059139
	speed: 0.3036s/iter; left time: 5316.2833s
	iters: 200, epoch: 39 | loss: 0.6936529
	speed: 0.1317s/iter; left time: 2292.8556s
Epoch: 39 cost time: 37.399795055389404
Epoch: 39, Steps: 284 | Train Loss: 0.5963114 Vali Loss: 0.5748389 Test Loss: 0.2497303
Validation loss decreased (0.575296 --> 0.574839).  Saving model ...
Updating learning rate to 2.2528399544939195e-06
	iters: 100, epoch: 40 | loss: 0.5873091
	speed: 0.3040s/iter; left time: 5237.1821s
	iters: 200, epoch: 40 | loss: 0.4911507
	speed: 0.1317s/iter; left time: 2255.8454s
Epoch: 40 cost time: 37.421324729919434
Epoch: 40, Steps: 284 | Train Loss: 0.5961091 Vali Loss: 0.5786493 Test Loss: 0.2496548
EarlyStopping counter: 1 out of 20
Updating learning rate to 2.0275559590445276e-06
	iters: 100, epoch: 41 | loss: 0.5344298
	speed: 0.3041s/iter; left time: 5152.4472s
	iters: 200, epoch: 41 | loss: 0.5993175
	speed: 0.1320s/iter; left time: 2223.7936s
Epoch: 41 cost time: 37.49164819717407
Epoch: 41, Steps: 284 | Train Loss: 0.5958627 Vali Loss: 0.5761195 Test Loss: 0.2495902
EarlyStopping counter: 2 out of 20
Updating learning rate to 1.8248003631400751e-06
	iters: 100, epoch: 42 | loss: 0.6558565
	speed: 0.3045s/iter; left time: 5071.7330s
	iters: 200, epoch: 42 | loss: 0.6271694
	speed: 0.1323s/iter; left time: 2189.7380s
Epoch: 42 cost time: 37.55326056480408
Epoch: 42, Steps: 284 | Train Loss: 0.5957349 Vali Loss: 0.5783465 Test Loss: 0.2495285
EarlyStopping counter: 3 out of 20
Updating learning rate to 1.6423203268260676e-06
	iters: 100, epoch: 43 | loss: 0.6479180
	speed: 0.3044s/iter; left time: 4983.9811s
	iters: 200, epoch: 43 | loss: 0.5301144
	speed: 0.1323s/iter; left time: 2152.7031s
Epoch: 43 cost time: 37.57177996635437
Epoch: 43, Steps: 284 | Train Loss: 0.5955169 Vali Loss: 0.5760469 Test Loss: 0.2494749
EarlyStopping counter: 4 out of 20
Updating learning rate to 1.4780882941434609e-06
	iters: 100, epoch: 44 | loss: 0.5366700
	speed: 0.3048s/iter; left time: 4904.6935s
	iters: 200, epoch: 44 | loss: 0.5296106
	speed: 0.1325s/iter; left time: 2117.9822s
Epoch: 44 cost time: 37.61409139633179
Epoch: 44, Steps: 284 | Train Loss: 0.5953004 Vali Loss: 0.5764834 Test Loss: 0.2494281
EarlyStopping counter: 5 out of 20
Updating learning rate to 1.3302794647291146e-06
	iters: 100, epoch: 45 | loss: 0.6312145
	speed: 0.3049s/iter; left time: 4819.2345s
	iters: 200, epoch: 45 | loss: 0.6497324
	speed: 0.1326s/iter; left time: 2081.8968s
Epoch: 45 cost time: 37.652891397476196
Epoch: 45, Steps: 284 | Train Loss: 0.5952910 Vali Loss: 0.5769867 Test Loss: 0.2493841
EarlyStopping counter: 6 out of 20
Updating learning rate to 1.1972515182562034e-06
	iters: 100, epoch: 46 | loss: 0.4904831
	speed: 0.3050s/iter; left time: 4733.4608s
	iters: 200, epoch: 46 | loss: 0.5864547
	speed: 0.1326s/iter; left time: 2044.0563s
Epoch: 46 cost time: 37.664586544036865
Epoch: 46, Steps: 284 | Train Loss: 0.5951919 Vali Loss: 0.5763560 Test Loss: 0.2493400
EarlyStopping counter: 7 out of 20
Updating learning rate to 1.077526366430583e-06
	iters: 100, epoch: 47 | loss: 0.7893643
	speed: 0.3053s/iter; left time: 4651.7725s
	iters: 200, epoch: 47 | loss: 0.5495045
	speed: 0.1327s/iter; left time: 2008.8332s
Epoch: 47 cost time: 37.68462300300598
Epoch: 47, Steps: 284 | Train Loss: 0.5946966 Vali Loss: 0.5759874 Test Loss: 0.2493083
EarlyStopping counter: 8 out of 20
Updating learning rate to 9.697737297875248e-07
	iters: 100, epoch: 48 | loss: 0.4696305
	speed: 0.3047s/iter; left time: 4556.3150s
	iters: 200, epoch: 48 | loss: 0.7983624
	speed: 0.1323s/iter; left time: 1964.4278s
Epoch: 48 cost time: 37.57951903343201
Epoch: 48, Steps: 284 | Train Loss: 0.5950188 Vali Loss: 0.5769181 Test Loss: 0.2492762
EarlyStopping counter: 9 out of 20
Updating learning rate to 8.727963568087723e-07
	iters: 100, epoch: 49 | loss: 0.5732428
	speed: 0.3041s/iter; left time: 4460.8614s
	iters: 200, epoch: 49 | loss: 0.5366555
	speed: 0.1321s/iter; left time: 1923.9120s
Epoch: 49 cost time: 37.506781578063965
Epoch: 49, Steps: 284 | Train Loss: 0.5948753 Vali Loss: 0.5758191 Test Loss: 0.2492449
EarlyStopping counter: 10 out of 20
Updating learning rate to 7.855167211278951e-07
	iters: 100, epoch: 50 | loss: 0.6453044
	speed: 0.3035s/iter; left time: 4365.6569s
	iters: 200, epoch: 50 | loss: 0.5152158
	speed: 0.1318s/iter; left time: 1882.3006s
Epoch: 50 cost time: 37.43283486366272
Epoch: 50, Steps: 284 | Train Loss: 0.5947821 Vali Loss: 0.5764392 Test Loss: 0.2492200
EarlyStopping counter: 11 out of 20
Updating learning rate to 7.069650490151056e-07
	iters: 100, epoch: 51 | loss: 0.5996606
	speed: 0.3032s/iter; left time: 4275.5785s
	iters: 200, epoch: 51 | loss: 0.6699533
	speed: 0.1316s/iter; left time: 1842.3086s
Epoch: 51 cost time: 37.37974190711975
Epoch: 51, Steps: 284 | Train Loss: 0.5946917 Vali Loss: 0.5754620 Test Loss: 0.2491949
EarlyStopping counter: 12 out of 20
Updating learning rate to 6.36268544113595e-07
	iters: 100, epoch: 52 | loss: 0.6675368
	speed: 0.3028s/iter; left time: 4183.3852s
	iters: 200, epoch: 52 | loss: 0.6228302
	speed: 0.1314s/iter; left time: 1803.0746s
Epoch: 52 cost time: 37.31637978553772
Epoch: 52, Steps: 284 | Train Loss: 0.5946221 Vali Loss: 0.5754251 Test Loss: 0.2491746
EarlyStopping counter: 13 out of 20
Updating learning rate to 5.726416897022355e-07
	iters: 100, epoch: 53 | loss: 0.5784365
	speed: 0.3023s/iter; left time: 4091.1486s
	iters: 200, epoch: 53 | loss: 0.4920655
	speed: 0.1314s/iter; left time: 1764.8399s
Epoch: 53 cost time: 37.31135535240173
Epoch: 53, Steps: 284 | Train Loss: 0.5946418 Vali Loss: 0.5761122 Test Loss: 0.2491577
EarlyStopping counter: 14 out of 20
Updating learning rate to 5.15377520732012e-07
	iters: 100, epoch: 54 | loss: 0.5472015
	speed: 0.3023s/iter; left time: 4005.2840s
	iters: 200, epoch: 54 | loss: 0.5724391
	speed: 0.1313s/iter; left time: 1726.0534s
Epoch: 54 cost time: 37.290584325790405
Epoch: 54, Steps: 284 | Train Loss: 0.5945670 Vali Loss: 0.5766734 Test Loss: 0.2491392
EarlyStopping counter: 15 out of 20
Updating learning rate to 4.6383976865881085e-07
	iters: 100, epoch: 55 | loss: 0.6324114
	speed: 0.3023s/iter; left time: 3919.1294s
	iters: 200, epoch: 55 | loss: 0.5282426
	speed: 0.1313s/iter; left time: 1689.4136s
Epoch: 55 cost time: 37.28491520881653
Epoch: 55, Steps: 284 | Train Loss: 0.5944851 Vali Loss: 0.5760747 Test Loss: 0.2491273
EarlyStopping counter: 16 out of 20
Updating learning rate to 4.174557917929298e-07
	iters: 100, epoch: 56 | loss: 0.6150896
	speed: 0.3020s/iter; left time: 3830.0820s
	iters: 200, epoch: 56 | loss: 0.5359175
	speed: 0.1312s/iter; left time: 1650.4165s
Epoch: 56 cost time: 37.25463891029358
Epoch: 56, Steps: 284 | Train Loss: 0.5944840 Vali Loss: 0.5755490 Test Loss: 0.2491118
EarlyStopping counter: 17 out of 20
Updating learning rate to 3.7571021261363677e-07
	iters: 100, epoch: 57 | loss: 0.7383009
	speed: 0.3021s/iter; left time: 3745.1180s
	iters: 200, epoch: 57 | loss: 0.4815417
	speed: 0.1313s/iter; left time: 1614.8437s
Epoch: 57 cost time: 37.271191120147705
Epoch: 57, Steps: 284 | Train Loss: 0.5944727 Vali Loss: 0.5747195 Test Loss: 0.2491010
Validation loss decreased (0.574839 --> 0.574719).  Saving model ...
Updating learning rate to 3.381391913522731e-07
	iters: 100, epoch: 58 | loss: 0.6323999
	speed: 0.3039s/iter; left time: 3681.6632s
	iters: 200, epoch: 58 | loss: 0.7514544
	speed: 0.1312s/iter; left time: 1575.6342s
Epoch: 58 cost time: 37.25279521942139
Epoch: 58, Steps: 284 | Train Loss: 0.5943965 Vali Loss: 0.5772982 Test Loss: 0.2490851
EarlyStopping counter: 1 out of 20
Updating learning rate to 3.043252722170458e-07
	iters: 100, epoch: 59 | loss: 0.5579516
	speed: 0.3021s/iter; left time: 3573.8853s
	iters: 200, epoch: 59 | loss: 0.6335770
	speed: 0.1312s/iter; left time: 1539.2395s
Epoch: 59 cost time: 37.25893235206604
Epoch: 59, Steps: 284 | Train Loss: 0.5944004 Vali Loss: 0.5765631 Test Loss: 0.2490765
EarlyStopping counter: 2 out of 20
Updating learning rate to 2.7389274499534124e-07
	iters: 100, epoch: 60 | loss: 0.5016276
	speed: 0.3018s/iter; left time: 3484.6960s
	iters: 200, epoch: 60 | loss: 0.4858189
	speed: 0.1312s/iter; left time: 1501.5546s
Epoch: 60 cost time: 37.254225969314575
Epoch: 60, Steps: 284 | Train Loss: 0.5942305 Vali Loss: 0.5736265 Test Loss: 0.2490685
Validation loss decreased (0.574719 --> 0.573627).  Saving model ...
Updating learning rate to 2.465034704958071e-07
	iters: 100, epoch: 61 | loss: 0.7035920
	speed: 0.3026s/iter; left time: 3407.0478s
	iters: 200, epoch: 61 | loss: 0.7508586
	speed: 0.1312s/iter; left time: 1463.7848s
Epoch: 61 cost time: 37.24458432197571
Epoch: 61, Steps: 284 | Train Loss: 0.5939145 Vali Loss: 0.5755915 Test Loss: 0.2490630
EarlyStopping counter: 1 out of 20
Updating learning rate to 2.218531234462264e-07
	iters: 100, epoch: 62 | loss: 0.6729760
	speed: 0.3019s/iter; left time: 3313.7706s
	iters: 200, epoch: 62 | loss: 0.4893604
	speed: 0.1312s/iter; left time: 1426.5608s
Epoch: 62 cost time: 37.240668296813965
Epoch: 62, Steps: 284 | Train Loss: 0.5943108 Vali Loss: 0.5743670 Test Loss: 0.2490553
EarlyStopping counter: 2 out of 20
Updating learning rate to 1.9966781110160376e-07
	iters: 100, epoch: 63 | loss: 0.6512596
	speed: 0.3017s/iter; left time: 3226.1811s
	iters: 200, epoch: 63 | loss: 0.5762182
	speed: 0.1312s/iter; left time: 1389.9775s
Epoch: 63 cost time: 37.24437880516052
Epoch: 63, Steps: 284 | Train Loss: 0.5943568 Vali Loss: 0.5758361 Test Loss: 0.2490482
EarlyStopping counter: 3 out of 20
Updating learning rate to 1.797010299914434e-07
	iters: 100, epoch: 64 | loss: 0.4892962
	speed: 0.3019s/iter; left time: 3142.7663s
	iters: 200, epoch: 64 | loss: 0.4816046
	speed: 0.1312s/iter; left time: 1352.3784s
Epoch: 64 cost time: 37.25086832046509
Epoch: 64, Steps: 284 | Train Loss: 0.5942590 Vali Loss: 0.5749248 Test Loss: 0.2490395
EarlyStopping counter: 4 out of 20
Updating learning rate to 1.6173092699229907e-07
	iters: 100, epoch: 65 | loss: 0.6032323
	speed: 0.3020s/iter; left time: 3057.7564s
	iters: 200, epoch: 65 | loss: 0.5498862
	speed: 0.1311s/iter; left time: 1314.1968s
Epoch: 65 cost time: 37.233314990997314
Epoch: 65, Steps: 284 | Train Loss: 0.5943352 Vali Loss: 0.5767728 Test Loss: 0.2490342
EarlyStopping counter: 5 out of 20
Updating learning rate to 1.4555783429306916e-07
	iters: 100, epoch: 66 | loss: 0.7680064
	speed: 0.3018s/iter; left time: 2969.9532s
	iters: 200, epoch: 66 | loss: 0.6510554
	speed: 0.1311s/iter; left time: 1277.2531s
Epoch: 66 cost time: 37.23831391334534
Epoch: 66, Steps: 284 | Train Loss: 0.5941903 Vali Loss: 0.5777887 Test Loss: 0.2490322
EarlyStopping counter: 6 out of 20
Updating learning rate to 1.3100205086376224e-07
	iters: 100, epoch: 67 | loss: 0.9933370
	speed: 0.3018s/iter; left time: 2884.3705s
	iters: 200, epoch: 67 | loss: 0.5555357
	speed: 0.1311s/iter; left time: 1239.9703s
Epoch: 67 cost time: 37.23217248916626
Epoch: 67, Steps: 284 | Train Loss: 0.5942259 Vali Loss: 0.5760549 Test Loss: 0.2490274
EarlyStopping counter: 7 out of 20
Updating learning rate to 1.1790184577738603e-07
	iters: 100, epoch: 68 | loss: 0.4899423
	speed: 0.3016s/iter; left time: 2796.5895s
	iters: 200, epoch: 68 | loss: 0.6179848
	speed: 0.1312s/iter; left time: 1203.3651s
Epoch: 68 cost time: 37.23326230049133
Epoch: 68, Steps: 284 | Train Loss: 0.5942486 Vali Loss: 0.5716714 Test Loss: 0.2490252
Validation loss decreased (0.573627 --> 0.571671).  Saving model ...
Updating learning rate to 1.0611166119964742e-07
	iters: 100, epoch: 69 | loss: 0.5718874
	speed: 0.3031s/iter; left time: 2724.8846s
	iters: 200, epoch: 69 | loss: 0.5982933
	speed: 0.1311s/iter; left time: 1165.6984s
Epoch: 69 cost time: 37.23581290245056
Epoch: 69, Steps: 284 | Train Loss: 0.5942059 Vali Loss: 0.5757238 Test Loss: 0.2490181
EarlyStopping counter: 1 out of 20
Updating learning rate to 9.550049507968268e-08
	iters: 100, epoch: 70 | loss: 0.6041098
	speed: 0.3017s/iter; left time: 2626.6047s
	iters: 200, epoch: 70 | loss: 0.5551765
	speed: 0.1312s/iter; left time: 1128.7771s
Epoch: 70 cost time: 37.247671365737915
Epoch: 70, Steps: 284 | Train Loss: 0.5937467 Vali Loss: 0.5737505 Test Loss: 0.2490208
EarlyStopping counter: 2 out of 20
Updating learning rate to 8.595044557171442e-08
	iters: 100, epoch: 71 | loss: 0.8243724
	speed: 0.3017s/iter; left time: 2540.8117s
	iters: 200, epoch: 71 | loss: 0.5147465
	speed: 0.1311s/iter; left time: 1090.7292s
Epoch: 71 cost time: 37.23684310913086
Epoch: 71, Steps: 284 | Train Loss: 0.5942041 Vali Loss: 0.5745434 Test Loss: 0.2490191
EarlyStopping counter: 3 out of 20
Updating learning rate to 7.735540101454298e-08
	iters: 100, epoch: 72 | loss: 0.4826073
	speed: 0.3019s/iter; left time: 2456.6625s
	iters: 200, epoch: 72 | loss: 0.5405183
	speed: 0.1312s/iter; left time: 1054.1158s
Epoch: 72 cost time: 37.24011993408203
Epoch: 72, Steps: 284 | Train Loss: 0.5942557 Vali Loss: 0.5768297 Test Loss: 0.2490156
EarlyStopping counter: 4 out of 20
Updating learning rate to 6.961986091308869e-08
	iters: 100, epoch: 73 | loss: 0.6640589
	speed: 0.3020s/iter; left time: 2371.2234s
	iters: 200, epoch: 73 | loss: 0.4415339
	speed: 0.1311s/iter; left time: 1016.3106s
Epoch: 73 cost time: 37.23521137237549
Epoch: 73, Steps: 284 | Train Loss: 0.5942121 Vali Loss: 0.5759193 Test Loss: 0.2490118
EarlyStopping counter: 5 out of 20
Updating learning rate to 6.265787482177981e-08
	iters: 100, epoch: 74 | loss: 0.5374581
	speed: 0.3018s/iter; left time: 2284.3497s
	iters: 200, epoch: 74 | loss: 0.6621634
	speed: 0.1311s/iter; left time: 979.0944s
Epoch: 74 cost time: 37.22796821594238
Epoch: 74, Steps: 284 | Train Loss: 0.5940806 Vali Loss: 0.5749561 Test Loss: 0.2490140
EarlyStopping counter: 6 out of 20
Updating learning rate to 5.639208733960184e-08
	iters: 100, epoch: 75 | loss: 0.4716090
	speed: 0.3017s/iter; left time: 2198.1471s
	iters: 200, epoch: 75 | loss: 0.7483590
	speed: 0.1310s/iter; left time: 941.5118s
Epoch: 75 cost time: 37.22667121887207
Epoch: 75, Steps: 284 | Train Loss: 0.5941318 Vali Loss: 0.5766532 Test Loss: 0.2490099
EarlyStopping counter: 7 out of 20
Updating learning rate to 5.075287860564165e-08
	iters: 100, epoch: 76 | loss: 0.7477552
	speed: 0.3017s/iter; left time: 2112.4529s
	iters: 200, epoch: 76 | loss: 0.6129176
	speed: 0.1311s/iter; left time: 904.5332s
Epoch: 76 cost time: 37.2305543422699
Epoch: 76, Steps: 284 | Train Loss: 0.5941668 Vali Loss: 0.5758100 Test Loss: 0.2490120
EarlyStopping counter: 8 out of 20
Updating learning rate to 4.567759074507749e-08
	iters: 100, epoch: 77 | loss: 0.5979572
	speed: 0.3020s/iter; left time: 2028.3002s
	iters: 200, epoch: 77 | loss: 0.6420613
	speed: 0.1311s/iter; left time: 867.4051s
Epoch: 77 cost time: 37.24234437942505
Epoch: 77, Steps: 284 | Train Loss: 0.5940843 Vali Loss: 0.5743134 Test Loss: 0.2490130
EarlyStopping counter: 9 out of 20
Updating learning rate to 4.1109831670569744e-08
	iters: 100, epoch: 78 | loss: 0.5069911
	speed: 0.3019s/iter; left time: 1942.1011s
	iters: 200, epoch: 78 | loss: 0.5380813
	speed: 0.1311s/iter; left time: 830.0854s
Epoch: 78 cost time: 37.233049392700195
Epoch: 78, Steps: 284 | Train Loss: 0.5941268 Vali Loss: 0.5752255 Test Loss: 0.2490047
EarlyStopping counter: 10 out of 20
Updating learning rate to 3.6998848503512764e-08
	iters: 100, epoch: 79 | loss: 0.4975302
	speed: 0.3019s/iter; left time: 1856.2465s
	iters: 200, epoch: 79 | loss: 0.5258826
	speed: 0.1311s/iter; left time: 792.7544s
Epoch: 79 cost time: 37.22990703582764
Epoch: 79, Steps: 284 | Train Loss: 0.5941592 Vali Loss: 0.5773715 Test Loss: 0.2490049
EarlyStopping counter: 11 out of 20
Updating learning rate to 3.3298963653161496e-08
	iters: 100, epoch: 80 | loss: 0.6356015
	speed: 0.3020s/iter; left time: 1771.2536s
	iters: 200, epoch: 80 | loss: 0.4898563
	speed: 0.1311s/iter; left time: 755.7836s
Epoch: 80 cost time: 37.236096143722534
Epoch: 80, Steps: 284 | Train Loss: 0.5941096 Vali Loss: 0.5756173 Test Loss: 0.2490073
EarlyStopping counter: 12 out of 20
Updating learning rate to 2.996906728784534e-08
	iters: 100, epoch: 81 | loss: 0.6601597
	speed: 0.3018s/iter; left time: 1684.4235s
	iters: 200, epoch: 81 | loss: 0.6622305
	speed: 0.1311s/iter; left time: 718.4287s
Epoch: 81 cost time: 37.234912633895874
Epoch: 81, Steps: 284 | Train Loss: 0.5941791 Vali Loss: 0.5746452 Test Loss: 0.2490050
EarlyStopping counter: 13 out of 20
Updating learning rate to 2.697216055906081e-08
	iters: 100, epoch: 82 | loss: 0.5817707
	speed: 0.3017s/iter; left time: 1598.1756s
	iters: 200, epoch: 82 | loss: 0.5398181
	speed: 0.1311s/iter; left time: 681.2649s
Epoch: 82 cost time: 37.23652005195618
Epoch: 82, Steps: 284 | Train Loss: 0.5942277 Vali Loss: 0.5746300 Test Loss: 0.2490019
EarlyStopping counter: 14 out of 20
Updating learning rate to 2.427494450315473e-08
	iters: 100, epoch: 83 | loss: 0.5636255
	speed: 0.3019s/iter; left time: 1513.5284s
	iters: 200, epoch: 83 | loss: 0.7304026
	speed: 0.1311s/iter; left time: 644.0039s
Epoch: 83 cost time: 37.23347067832947
Epoch: 83, Steps: 284 | Train Loss: 0.5941343 Vali Loss: 0.5752253 Test Loss: 0.2490058
EarlyStopping counter: 15 out of 20
Updating learning rate to 2.1847450052839257e-08
	iters: 100, epoch: 84 | loss: 0.4818009
	speed: 0.3020s/iter; left time: 1428.1299s
	iters: 200, epoch: 84 | loss: 0.5101637
	speed: 0.1311s/iter; left time: 606.9885s
Epoch: 84 cost time: 37.23773431777954
Epoch: 84, Steps: 284 | Train Loss: 0.5941654 Vali Loss: 0.5748560 Test Loss: 0.2490044
EarlyStopping counter: 16 out of 20
Updating learning rate to 1.9662705047555332e-08
	iters: 100, epoch: 85 | loss: 0.4851709
	speed: 0.3021s/iter; left time: 1342.6275s
	iters: 200, epoch: 85 | loss: 0.5179619
	speed: 0.1311s/iter; left time: 569.7591s
Epoch: 85 cost time: 37.23830699920654
Epoch: 85, Steps: 284 | Train Loss: 0.5941158 Vali Loss: 0.5751289 Test Loss: 0.2490010
EarlyStopping counter: 17 out of 20
Updating learning rate to 1.7696434542799797e-08
	iters: 100, epoch: 86 | loss: 0.5215517
	speed: 0.3022s/iter; left time: 1257.4595s
	iters: 200, epoch: 86 | loss: 0.5109212
	speed: 0.1311s/iter; left time: 532.3655s
Epoch: 86 cost time: 37.240957498550415
Epoch: 86, Steps: 284 | Train Loss: 0.5942268 Vali Loss: 0.5746753 Test Loss: 0.2490051
EarlyStopping counter: 18 out of 20
Updating learning rate to 1.5926791088519817e-08
	iters: 100, epoch: 87 | loss: 0.7057786
	speed: 0.3022s/iter; left time: 1171.6749s
	iters: 200, epoch: 87 | loss: 0.5914837
	speed: 0.1311s/iter; left time: 495.1597s
Epoch: 87 cost time: 37.23625588417053
Epoch: 87, Steps: 284 | Train Loss: 0.5942013 Vali Loss: 0.5749434 Test Loss: 0.2490067
EarlyStopping counter: 19 out of 20
Updating learning rate to 1.4334111979667836e-08
	iters: 100, epoch: 88 | loss: 0.5424460
	speed: 0.3022s/iter; left time: 1085.7521s
	iters: 200, epoch: 88 | loss: 0.5277379
	speed: 0.1311s/iter; left time: 457.9888s
Epoch: 88 cost time: 37.236958503723145
Epoch: 88, Steps: 284 | Train Loss: 0.5941962 Vali Loss: 0.5747898 Test Loss: 0.2490061
EarlyStopping counter: 20 out of 20
Early stopping
>>>>>>>testing : NL_weather_cms3_lr0.0001_always_336_192_PatchTST_custom_ftM_sl336_ll48_pl192_dm128_nh16_el3_dl1_df256_fc1_ebtimeF_dtTruelr0.0001_polalways_Nested_Learning_0<<<<<<<<<<<<<<<<<<<<<<<<<<<<<<<<<
test 10348
 Ejecutando Inferencia DINÁMICA (Nested Learning con cms3)
  -> Política: always | LR: 0.0001 | Target: head

RESUMEN: El CMS se actualizó 80 veces de 80 posibles.

mse:0.24895159900188446, mae:0.29307320713996887, rse:0.6564067602157593
Args in experiment:
Namespace(random_seed=2021, is_training=1, model_id='NL_weather_cms3_lr0.0001_always_336_336', model='PatchTST', data='custom', root_path='./dataset/', data_path='weather.csv', features='M', target='OT', freq='h', checkpoints='./checkpoints/', seq_len=336, label_len=48, pred_len=336, head_type='cms3', cms_lr=0.0001, update_policy='always', fc_dropout=0.2, head_dropout=0.0, patch_len=16, stride=8, padding_patch='end', revin=1, affine=0, subtract_last=0, decomposition=0, kernel_size=25, individual=0, embed_type=0, enc_in=21, dec_in=7, c_out=7, d_model=128, n_heads=16, e_layers=3, d_layers=1, d_ff=256, moving_avg=25, factor=1, distil=True, dropout=0.2, embed='timeF', activation='gelu', output_attention=False, do_predict=False, num_workers=0, itr=1, train_epochs=100, batch_size=128, patience=20, learning_rate=0.0001, des='Nested_Learning', loss='mse', lradj='type3', pct_start=0.3, use_amp=False, use_gpu=True, gpu=0, use_multi_gpu=False, devices='0,1,2,3', test_flop=False)
Use GPU: cuda:0
>>>>>>>start training : NL_weather_cms3_lr0.0001_always_336_336_PatchTST_custom_ftM_sl336_ll48_pl336_dm128_nh16_el3_dl1_df256_fc1_ebtimeF_dtTruelr0.0001_polalways_Nested_Learning_0>>>>>>>>>>>>>>>>>>>>>>>>>>
train 36216
val 4935
test 10204
	iters: 100, epoch: 1 | loss: 0.6768355
	speed: 0.1976s/iter; left time: 5553.1206s
	iters: 200, epoch: 1 | loss: 0.6447061
	speed: 0.1316s/iter; left time: 3684.4702s
Epoch: 1 cost time: 37.254838943481445
Epoch: 1, Steps: 282 | Train Loss: 0.7424306 Vali Loss: 0.7412623 Test Loss: 0.3189403
Validation loss decreased (inf --> 0.741262).  Saving model ...
Updating learning rate to 0.0001
	iters: 100, epoch: 2 | loss: 0.9063494
	speed: 0.3041s/iter; left time: 8459.4020s
	iters: 200, epoch: 2 | loss: 0.6851180
	speed: 0.1321s/iter; left time: 3661.8613s
Epoch: 2 cost time: 37.22473907470703
Epoch: 2, Steps: 282 | Train Loss: 0.7391903 Vali Loss: 0.7355445 Test Loss: 0.3171924
Validation loss decreased (0.741262 --> 0.735545).  Saving model ...
Updating learning rate to 0.0001
	iters: 100, epoch: 3 | loss: 0.7237700
	speed: 0.3035s/iter; left time: 8356.3430s
	iters: 200, epoch: 3 | loss: 0.6835869
	speed: 0.1321s/iter; left time: 3624.4503s
Epoch: 3 cost time: 37.23770761489868
Epoch: 3, Steps: 282 | Train Loss: 0.7331750 Vali Loss: 0.7306563 Test Loss: 0.3156495
Validation loss decreased (0.735545 --> 0.730656).  Saving model ...
Updating learning rate to 0.0001
	iters: 100, epoch: 4 | loss: 0.7422664
	speed: 0.3039s/iter; left time: 8283.0515s
	iters: 200, epoch: 4 | loss: 0.7364653
	speed: 0.1322s/iter; left time: 3590.9360s
Epoch: 4 cost time: 37.29127788543701
Epoch: 4, Steps: 282 | Train Loss: 0.7276324 Vali Loss: 0.7230760 Test Loss: 0.3140602
Validation loss decreased (0.730656 --> 0.723076).  Saving model ...
Updating learning rate to 9e-05
	iters: 100, epoch: 5 | loss: 0.6376375
	speed: 0.3040s/iter; left time: 8200.5266s
	iters: 200, epoch: 5 | loss: 0.7975579
	speed: 0.1323s/iter; left time: 3555.8561s
Epoch: 5 cost time: 37.30651664733887
Epoch: 5, Steps: 282 | Train Loss: 0.7221572 Vali Loss: 0.7173667 Test Loss: 0.3126258
Validation loss decreased (0.723076 --> 0.717367).  Saving model ...
Updating learning rate to 8.1e-05
	iters: 100, epoch: 6 | loss: 0.7331341
	speed: 0.3041s/iter; left time: 8115.8540s
	iters: 200, epoch: 6 | loss: 0.5726731
	speed: 0.1322s/iter; left time: 3516.0484s
Epoch: 6 cost time: 37.28395056724548
Epoch: 6, Steps: 282 | Train Loss: 0.7168191 Vali Loss: 0.7154388 Test Loss: 0.3113518
Validation loss decreased (0.717367 --> 0.715439).  Saving model ...
Updating learning rate to 7.290000000000001e-05
	iters: 100, epoch: 7 | loss: 0.7333812
	speed: 0.3039s/iter; left time: 8026.1816s
	iters: 200, epoch: 7 | loss: 0.8459635
	speed: 0.1322s/iter; left time: 3478.2585s
Epoch: 7 cost time: 37.29068040847778
Epoch: 7, Steps: 282 | Train Loss: 0.7125119 Vali Loss: 0.7113267 Test Loss: 0.3102201
Validation loss decreased (0.715439 --> 0.711327).  Saving model ...
Updating learning rate to 6.561e-05
	iters: 100, epoch: 8 | loss: 0.6664743
	speed: 0.3050s/iter; left time: 7969.2106s
	iters: 200, epoch: 8 | loss: 0.8062645
	speed: 0.1320s/iter; left time: 3435.2652s
Epoch: 8 cost time: 37.233675718307495
Epoch: 8, Steps: 282 | Train Loss: 0.7088303 Vali Loss: 0.7103981 Test Loss: 0.3091784
Validation loss decreased (0.711327 --> 0.710398).  Saving model ...
Updating learning rate to 5.904900000000001e-05
	iters: 100, epoch: 9 | loss: 0.7050574
	speed: 0.3038s/iter; left time: 7850.7774s
	iters: 200, epoch: 9 | loss: 0.6427268
	speed: 0.1319s/iter; left time: 3395.7092s
Epoch: 9 cost time: 37.219876527786255
Epoch: 9, Steps: 282 | Train Loss: 0.7050179 Vali Loss: 0.7075243 Test Loss: 0.3082434
Validation loss decreased (0.710398 --> 0.707524).  Saving model ...
Updating learning rate to 5.3144100000000005e-05
	iters: 100, epoch: 10 | loss: 0.7242578
	speed: 0.3033s/iter; left time: 7753.2504s
	iters: 200, epoch: 10 | loss: 0.7021220
	speed: 0.1318s/iter; left time: 3356.0663s
Epoch: 10 cost time: 37.186941385269165
Epoch: 10, Steps: 282 | Train Loss: 0.7027873 Vali Loss: 0.7022697 Test Loss: 0.3073859
Validation loss decreased (0.707524 --> 0.702270).  Saving model ...
Updating learning rate to 4.782969000000001e-05
	iters: 100, epoch: 11 | loss: 0.7011863
	speed: 0.3028s/iter; left time: 7655.3578s
	iters: 200, epoch: 11 | loss: 0.6644701
	speed: 0.1319s/iter; left time: 3321.8732s
Epoch: 11 cost time: 37.207396268844604
Epoch: 11, Steps: 282 | Train Loss: 0.7000106 Vali Loss: 0.7028271 Test Loss: 0.3066118
EarlyStopping counter: 1 out of 20
Updating learning rate to 4.304672100000001e-05
	iters: 100, epoch: 12 | loss: 0.5922657
	speed: 0.3029s/iter; left time: 7572.6910s
	iters: 200, epoch: 12 | loss: 0.6886515
	speed: 0.1319s/iter; left time: 3284.2554s
Epoch: 12 cost time: 37.24518275260925
Epoch: 12, Steps: 282 | Train Loss: 0.6976549 Vali Loss: 0.6994287 Test Loss: 0.3059015
Validation loss decreased (0.702270 --> 0.699429).  Saving model ...
Updating learning rate to 3.874204890000001e-05
	iters: 100, epoch: 13 | loss: 0.6507708
	speed: 0.3038s/iter; left time: 7508.9731s
	iters: 200, epoch: 13 | loss: 0.7962099
	speed: 0.1319s/iter; left time: 3246.1221s
Epoch: 13 cost time: 37.194666624069214
Epoch: 13, Steps: 282 | Train Loss: 0.6951637 Vali Loss: 0.6972398 Test Loss: 0.3052658
Validation loss decreased (0.699429 --> 0.697240).  Saving model ...
Updating learning rate to 3.486784401000001e-05
	iters: 100, epoch: 14 | loss: 0.6546504
	speed: 0.3030s/iter; left time: 7403.2297s
	iters: 200, epoch: 14 | loss: 0.6779488
	speed: 0.1318s/iter; left time: 3207.6182s
Epoch: 14 cost time: 37.19452667236328
Epoch: 14, Steps: 282 | Train Loss: 0.6937733 Vali Loss: 0.6950024 Test Loss: 0.3046865
Validation loss decreased (0.697240 --> 0.695002).  Saving model ...
Updating learning rate to 3.138105960900001e-05
	iters: 100, epoch: 15 | loss: 0.6003851
	speed: 0.3033s/iter; left time: 7325.5289s
	iters: 200, epoch: 15 | loss: 0.6013061
	speed: 0.1317s/iter; left time: 3168.8791s
Epoch: 15 cost time: 37.17854428291321
Epoch: 15, Steps: 282 | Train Loss: 0.6913542 Vali Loss: 0.6944595 Test Loss: 0.3041910
Validation loss decreased (0.695002 --> 0.694459).  Saving model ...
Updating learning rate to 2.824295364810001e-05
	iters: 100, epoch: 16 | loss: 0.5982299
	speed: 0.3032s/iter; left time: 7238.7536s
	iters: 200, epoch: 16 | loss: 0.8550543
	speed: 0.1318s/iter; left time: 3133.2522s
Epoch: 16 cost time: 37.20036578178406
Epoch: 16, Steps: 282 | Train Loss: 0.6901804 Vali Loss: 0.6935455 Test Loss: 0.3037274
Validation loss decreased (0.694459 --> 0.693546).  Saving model ...
Updating learning rate to 2.541865828329001e-05
	iters: 100, epoch: 17 | loss: 0.6755633
	speed: 0.3037s/iter; left time: 7163.1979s
	iters: 200, epoch: 17 | loss: 0.8880974
	speed: 0.1318s/iter; left time: 3095.9627s
Epoch: 17 cost time: 37.18405270576477
Epoch: 17, Steps: 282 | Train Loss: 0.6887216 Vali Loss: 0.6922032 Test Loss: 0.3033119
Validation loss decreased (0.693546 --> 0.692203).  Saving model ...
Updating learning rate to 2.287679245496101e-05
	iters: 100, epoch: 18 | loss: 0.9451551
	speed: 0.3032s/iter; left time: 7065.9891s
	iters: 200, epoch: 18 | loss: 0.6808010
	speed: 0.1318s/iter; left time: 3059.1436s
Epoch: 18 cost time: 37.194353342056274
Epoch: 18, Steps: 282 | Train Loss: 0.6867971 Vali Loss: 0.6903967 Test Loss: 0.3029456
Validation loss decreased (0.692203 --> 0.690397).  Saving model ...
Updating learning rate to 2.0589113209464907e-05
	iters: 100, epoch: 19 | loss: 0.7304291
	speed: 0.3032s/iter; left time: 6982.0034s
	iters: 200, epoch: 19 | loss: 0.7145466
	speed: 0.1318s/iter; left time: 3020.9526s
Epoch: 19 cost time: 37.18627119064331
Epoch: 19, Steps: 282 | Train Loss: 0.6863070 Vali Loss: 0.6898071 Test Loss: 0.3026152
Validation loss decreased (0.690397 --> 0.689807).  Saving model ...
Updating learning rate to 1.8530201888518416e-05
	iters: 100, epoch: 20 | loss: 0.5974885
	speed: 0.3032s/iter; left time: 6896.2999s
	iters: 200, epoch: 20 | loss: 0.6715930
	speed: 0.1318s/iter; left time: 2984.1988s
Epoch: 20 cost time: 37.193933963775635
Epoch: 20, Steps: 282 | Train Loss: 0.6855246 Vali Loss: 0.6886165 Test Loss: 0.3023038
Validation loss decreased (0.689807 --> 0.688617).  Saving model ...
Updating learning rate to 1.6677181699666577e-05
	iters: 100, epoch: 21 | loss: 0.6263294
	speed: 0.3034s/iter; left time: 6814.5419s
	iters: 200, epoch: 21 | loss: 0.6407202
	speed: 0.1318s/iter; left time: 2947.8689s
Epoch: 21 cost time: 37.19674491882324
Epoch: 21, Steps: 282 | Train Loss: 0.6850205 Vali Loss: 0.6888119 Test Loss: 0.3020391
EarlyStopping counter: 1 out of 20
Updating learning rate to 1.5009463529699919e-05
	iters: 100, epoch: 22 | loss: 0.5911697
	speed: 0.3031s/iter; left time: 6723.0883s
	iters: 200, epoch: 22 | loss: 0.5897449
	speed: 0.1318s/iter; left time: 2910.8977s
Epoch: 22 cost time: 37.200265884399414
Epoch: 22, Steps: 282 | Train Loss: 0.6835588 Vali Loss: 0.6869481 Test Loss: 0.3017965
Validation loss decreased (0.688617 --> 0.686948).  Saving model ...
Updating learning rate to 1.3508517176729929e-05
	iters: 100, epoch: 23 | loss: 0.6211464
	speed: 0.3033s/iter; left time: 6641.2146s
	iters: 200, epoch: 23 | loss: 0.7519022
	speed: 0.1319s/iter; left time: 2875.2958s
Epoch: 23 cost time: 37.204341173172
Epoch: 23, Steps: 282 | Train Loss: 0.6832718 Vali Loss: 0.6871465 Test Loss: 0.3015744
EarlyStopping counter: 1 out of 20
Updating learning rate to 1.2157665459056936e-05
	iters: 100, epoch: 24 | loss: 0.6634093
	speed: 0.3025s/iter; left time: 6538.7547s
	iters: 200, epoch: 24 | loss: 0.7087367
	speed: 0.1318s/iter; left time: 2835.3680s
Epoch: 24 cost time: 37.18673777580261
Epoch: 24, Steps: 282 | Train Loss: 0.6827051 Vali Loss: 0.6865776 Test Loss: 0.3013774
Validation loss decreased (0.686948 --> 0.686578).  Saving model ...
Updating learning rate to 1.0941898913151242e-05
	iters: 100, epoch: 25 | loss: 0.4827392
	speed: 0.3033s/iter; left time: 6471.2459s
	iters: 200, epoch: 25 | loss: 0.8609603
	speed: 0.1319s/iter; left time: 2799.8418s
Epoch: 25 cost time: 37.19799017906189
Epoch: 25, Steps: 282 | Train Loss: 0.6821123 Vali Loss: 0.6851214 Test Loss: 0.3011972
Validation loss decreased (0.686578 --> 0.685121).  Saving model ...
Updating learning rate to 9.847709021836118e-06
	iters: 100, epoch: 26 | loss: 0.5391412
	speed: 0.3034s/iter; left time: 6386.3448s
	iters: 200, epoch: 26 | loss: 0.7492046
	speed: 0.1318s/iter; left time: 2762.2717s
Epoch: 26 cost time: 37.195618867874146
Epoch: 26, Steps: 282 | Train Loss: 0.6809264 Vali Loss: 0.6854148 Test Loss: 0.3010336
EarlyStopping counter: 1 out of 20
Updating learning rate to 8.862938119652508e-06
	iters: 100, epoch: 27 | loss: 0.6424018
	speed: 0.3026s/iter; left time: 6283.7090s
	iters: 200, epoch: 27 | loss: 0.8687696
	speed: 0.1319s/iter; left time: 2726.2236s
Epoch: 27 cost time: 37.20656442642212
Epoch: 27, Steps: 282 | Train Loss: 0.6807555 Vali Loss: 0.6848304 Test Loss: 0.3008831
Validation loss decreased (0.685121 --> 0.684830).  Saving model ...
Updating learning rate to 7.976644307687255e-06
	iters: 100, epoch: 28 | loss: 0.5869069
	speed: 0.3034s/iter; left time: 6214.7868s
	iters: 200, epoch: 28 | loss: 0.7543946
	speed: 0.1319s/iter; left time: 2688.9470s
Epoch: 28 cost time: 37.20225644111633
Epoch: 28, Steps: 282 | Train Loss: 0.6805433 Vali Loss: 0.6855992 Test Loss: 0.3007531
EarlyStopping counter: 1 out of 20
Updating learning rate to 7.178979876918531e-06
	iters: 100, epoch: 29 | loss: 0.6248316
	speed: 0.3028s/iter; left time: 6118.7166s
	iters: 200, epoch: 29 | loss: 0.7136959
	speed: 0.1319s/iter; left time: 2652.4732s
Epoch: 29 cost time: 37.214558124542236
Epoch: 29, Steps: 282 | Train Loss: 0.6801002 Vali Loss: 0.6840650 Test Loss: 0.3006351
Validation loss decreased (0.684830 --> 0.684065).  Saving model ...
Updating learning rate to 6.4610818892266776e-06
	iters: 100, epoch: 30 | loss: 0.8644902
	speed: 0.3035s/iter; left time: 6047.0152s
	iters: 200, epoch: 30 | loss: 0.5849252
	speed: 0.1320s/iter; left time: 2616.2340s
Epoch: 30 cost time: 37.2128484249115
Epoch: 30, Steps: 282 | Train Loss: 0.6799747 Vali Loss: 0.6825131 Test Loss: 0.3005279
Validation loss decreased (0.684065 --> 0.682513).  Saving model ...
Updating learning rate to 5.8149737003040096e-06
	iters: 100, epoch: 31 | loss: 0.6959818
	speed: 0.3028s/iter; left time: 5947.7437s
	iters: 200, epoch: 31 | loss: 0.6481062
	speed: 0.1320s/iter; left time: 2578.9440s
Epoch: 31 cost time: 37.20532035827637
Epoch: 31, Steps: 282 | Train Loss: 0.6792704 Vali Loss: 0.6834440 Test Loss: 0.3004322
EarlyStopping counter: 1 out of 20
Updating learning rate to 5.23347633027361e-06
	iters: 100, epoch: 32 | loss: 0.6900094
	speed: 0.3027s/iter; left time: 5859.6497s
	iters: 200, epoch: 32 | loss: 0.6791040
	speed: 0.1320s/iter; left time: 2541.5704s
Epoch: 32 cost time: 37.1961350440979
Epoch: 32, Steps: 282 | Train Loss: 0.6789117 Vali Loss: 0.6831552 Test Loss: 0.3003465
EarlyStopping counter: 2 out of 20
Updating learning rate to 4.710128697246249e-06
	iters: 100, epoch: 33 | loss: 0.6353040
	speed: 0.3027s/iter; left time: 5774.2560s
	iters: 200, epoch: 33 | loss: 0.6460413
	speed: 0.1319s/iter; left time: 2503.9289s
Epoch: 33 cost time: 37.18753361701965
Epoch: 33, Steps: 282 | Train Loss: 0.6790411 Vali Loss: 0.6830042 Test Loss: 0.3002680
EarlyStopping counter: 3 out of 20
Updating learning rate to 4.239115827521624e-06
	iters: 100, epoch: 34 | loss: 0.5769795
	speed: 0.3027s/iter; left time: 5688.3075s
	iters: 200, epoch: 34 | loss: 0.7431732
	speed: 0.1319s/iter; left time: 2466.4053s
Epoch: 34 cost time: 37.19908785820007
Epoch: 34, Steps: 282 | Train Loss: 0.6785681 Vali Loss: 0.6830689 Test Loss: 0.3001964
EarlyStopping counter: 4 out of 20
Updating learning rate to 3.815204244769462e-06
	iters: 100, epoch: 35 | loss: 0.6363594
	speed: 0.3025s/iter; left time: 5601.0252s
	iters: 200, epoch: 35 | loss: 0.6242204
	speed: 0.1320s/iter; left time: 2430.2162s
Epoch: 35 cost time: 37.20547389984131
Epoch: 35, Steps: 282 | Train Loss: 0.6783673 Vali Loss: 0.6828609 Test Loss: 0.3001331
EarlyStopping counter: 5 out of 20
Updating learning rate to 3.4336838202925152e-06
	iters: 100, epoch: 36 | loss: 0.6544993
	speed: 0.3028s/iter; left time: 5520.2208s
	iters: 200, epoch: 36 | loss: 0.6969174
	speed: 0.1320s/iter; left time: 2393.8694s
Epoch: 36 cost time: 37.20537877082825
Epoch: 36, Steps: 282 | Train Loss: 0.6778540 Vali Loss: 0.6843753 Test Loss: 0.3000779
EarlyStopping counter: 6 out of 20
Updating learning rate to 3.090315438263264e-06
	iters: 100, epoch: 37 | loss: 0.5918967
	speed: 0.3025s/iter; left time: 5430.2682s
	iters: 200, epoch: 37 | loss: 0.7696192
	speed: 0.1320s/iter; left time: 2356.2899s
Epoch: 37 cost time: 37.194539308547974
Epoch: 37, Steps: 282 | Train Loss: 0.6777157 Vali Loss: 0.6822320 Test Loss: 0.3000260
Validation loss decreased (0.682513 --> 0.682232).  Saving model ...
Updating learning rate to 2.7812838944369375e-06
	iters: 100, epoch: 38 | loss: 0.6291271
	speed: 0.3031s/iter; left time: 5354.0763s
	iters: 200, epoch: 38 | loss: 0.6470734
	speed: 0.1320s/iter; left time: 2319.2955s
Epoch: 38 cost time: 37.19936537742615
Epoch: 38, Steps: 282 | Train Loss: 0.6776781 Vali Loss: 0.6827604 Test Loss: 0.2999817
EarlyStopping counter: 1 out of 20
Updating learning rate to 2.503155504993244e-06
	iters: 100, epoch: 39 | loss: 0.6323122
	speed: 0.3023s/iter; left time: 5255.9666s
	iters: 200, epoch: 39 | loss: 0.6752255
	speed: 0.1320s/iter; left time: 2281.4858s
Epoch: 39 cost time: 37.198155641555786
Epoch: 39, Steps: 282 | Train Loss: 0.6777051 Vali Loss: 0.6823786 Test Loss: 0.2999371
EarlyStopping counter: 2 out of 20
Updating learning rate to 2.2528399544939195e-06
	iters: 100, epoch: 40 | loss: 0.9205695
	speed: 0.3027s/iter; left time: 5176.6934s
	iters: 200, epoch: 40 | loss: 0.7444896
	speed: 0.1320s/iter; left time: 2245.1560s
Epoch: 40 cost time: 37.19737100601196
Epoch: 40, Steps: 282 | Train Loss: 0.6769863 Vali Loss: 0.6817262 Test Loss: 0.2999012
Validation loss decreased (0.682232 --> 0.681726).  Saving model ...
Updating learning rate to 2.0275559590445276e-06
	iters: 100, epoch: 41 | loss: 0.6200176
	speed: 0.3032s/iter; left time: 5100.9009s
	iters: 200, epoch: 41 | loss: 0.6778145
	speed: 0.1320s/iter; left time: 2207.6894s
Epoch: 41 cost time: 37.21159839630127
Epoch: 41, Steps: 282 | Train Loss: 0.6773292 Vali Loss: 0.6819783 Test Loss: 0.2998653
EarlyStopping counter: 1 out of 20
Updating learning rate to 1.8248003631400751e-06
	iters: 100, epoch: 42 | loss: 0.7184680
	speed: 0.3026s/iter; left time: 5005.1747s
	iters: 200, epoch: 42 | loss: 0.6358119
	speed: 0.1320s/iter; left time: 2170.5313s
Epoch: 42 cost time: 37.19012188911438
Epoch: 42, Steps: 282 | Train Loss: 0.6764099 Vali Loss: 0.6813247 Test Loss: 0.2998348
Validation loss decreased (0.681726 --> 0.681325).  Saving model ...
Updating learning rate to 1.6423203268260676e-06
	iters: 100, epoch: 43 | loss: 0.6977773
	speed: 0.3031s/iter; left time: 4927.1449s
	iters: 200, epoch: 43 | loss: 0.6485843
	speed: 0.1320s/iter; left time: 2132.5848s
Epoch: 43 cost time: 37.186219930648804
Epoch: 43, Steps: 282 | Train Loss: 0.6773025 Vali Loss: 0.6811086 Test Loss: 0.2998075
Validation loss decreased (0.681325 --> 0.681109).  Saving model ...
Updating learning rate to 1.4780882941434609e-06
	iters: 100, epoch: 44 | loss: 0.6716691
	speed: 0.3027s/iter; left time: 4836.3411s
	iters: 200, epoch: 44 | loss: 0.6776671
	speed: 0.1320s/iter; left time: 2096.0082s
Epoch: 44 cost time: 37.19949674606323
Epoch: 44, Steps: 282 | Train Loss: 0.6772901 Vali Loss: 0.6825694 Test Loss: 0.2997838
EarlyStopping counter: 1 out of 20
Updating learning rate to 1.3302794647291146e-06
	iters: 100, epoch: 45 | loss: 0.8799141
	speed: 0.3025s/iter; left time: 4747.7069s
	iters: 200, epoch: 45 | loss: 0.7134088
	speed: 0.1320s/iter; left time: 2058.7360s
Epoch: 45 cost time: 37.19991326332092
Epoch: 45, Steps: 282 | Train Loss: 0.6773718 Vali Loss: 0.6794443 Test Loss: 0.2997609
Validation loss decreased (0.681109 --> 0.679444).  Saving model ...
Updating learning rate to 1.1972515182562034e-06
	iters: 100, epoch: 46 | loss: 0.6828474
	speed: 0.3034s/iter; left time: 4676.1341s
	iters: 200, epoch: 46 | loss: 0.6017532
	speed: 0.1321s/iter; left time: 2022.5934s
Epoch: 46 cost time: 37.20119261741638
Epoch: 46, Steps: 282 | Train Loss: 0.6769349 Vali Loss: 0.6821924 Test Loss: 0.2997414
EarlyStopping counter: 1 out of 20
Updating learning rate to 1.077526366430583e-06
	iters: 100, epoch: 47 | loss: 0.6287403
	speed: 0.3023s/iter; left time: 4573.7228s
	iters: 200, epoch: 47 | loss: 0.5594471
	speed: 0.1321s/iter; left time: 1984.8722s
Epoch: 47 cost time: 37.19998860359192
Epoch: 47, Steps: 282 | Train Loss: 0.6770765 Vali Loss: 0.6797373 Test Loss: 0.2997234
EarlyStopping counter: 2 out of 20
Updating learning rate to 9.697737297875248e-07
	iters: 100, epoch: 48 | loss: 0.6830266
	speed: 0.3024s/iter; left time: 4490.3696s
	iters: 200, epoch: 48 | loss: 0.9053721
	speed: 0.1319s/iter; left time: 1945.7920s
Epoch: 48 cost time: 37.189287185668945
Epoch: 48, Steps: 282 | Train Loss: 0.6766612 Vali Loss: 0.6797733 Test Loss: 0.2997065
EarlyStopping counter: 3 out of 20
Updating learning rate to 8.727963568087723e-07
	iters: 100, epoch: 49 | loss: 0.6555742
	speed: 0.3028s/iter; left time: 4409.8240s
	iters: 200, epoch: 49 | loss: 0.6139801
	speed: 0.1320s/iter; left time: 1909.5922s
Epoch: 49 cost time: 37.196552991867065
Epoch: 49, Steps: 282 | Train Loss: 0.6770989 Vali Loss: 0.6823481 Test Loss: 0.2996936
EarlyStopping counter: 4 out of 20
Updating learning rate to 7.855167211278951e-07
	iters: 100, epoch: 50 | loss: 0.6031428
	speed: 0.3026s/iter; left time: 4322.0633s
	iters: 200, epoch: 50 | loss: 0.7269683
	speed: 0.1320s/iter; left time: 1872.4567s
Epoch: 50 cost time: 37.20270323753357
Epoch: 50, Steps: 282 | Train Loss: 0.6771109 Vali Loss: 0.6822113 Test Loss: 0.2996794
EarlyStopping counter: 5 out of 20
Updating learning rate to 7.069650490151056e-07
	iters: 100, epoch: 51 | loss: 0.6390770
	speed: 0.3027s/iter; left time: 4238.7141s
	iters: 200, epoch: 51 | loss: 0.5548202
	speed: 0.1320s/iter; left time: 1834.6134s
Epoch: 51 cost time: 37.197712659835815
Epoch: 51, Steps: 282 | Train Loss: 0.6762656 Vali Loss: 0.6802117 Test Loss: 0.2996683
EarlyStopping counter: 6 out of 20
Updating learning rate to 6.36268544113595e-07
	iters: 100, epoch: 52 | loss: 0.6465540
	speed: 0.3022s/iter; left time: 4146.2706s
	iters: 200, epoch: 52 | loss: 0.5497995
	speed: 0.1320s/iter; left time: 1797.2624s
Epoch: 52 cost time: 37.196107387542725
Epoch: 52, Steps: 282 | Train Loss: 0.6763569 Vali Loss: 0.6810053 Test Loss: 0.2996573
EarlyStopping counter: 7 out of 20
Updating learning rate to 5.726416897022355e-07
	iters: 100, epoch: 53 | loss: 0.6377421
	speed: 0.3026s/iter; left time: 4066.6172s
	iters: 200, epoch: 53 | loss: 0.6542804
	speed: 0.1320s/iter; left time: 1760.5432s
Epoch: 53 cost time: 37.2037353515625
Epoch: 53, Steps: 282 | Train Loss: 0.6767627 Vali Loss: 0.6817391 Test Loss: 0.2996473
EarlyStopping counter: 8 out of 20
Updating learning rate to 5.15377520732012e-07
	iters: 100, epoch: 54 | loss: 0.6720309
	speed: 0.3027s/iter; left time: 3982.4323s
	iters: 200, epoch: 54 | loss: 0.6645259
	speed: 0.1320s/iter; left time: 1722.6346s
Epoch: 54 cost time: 37.200032472610474
Epoch: 54, Steps: 282 | Train Loss: 0.6767102 Vali Loss: 0.6826670 Test Loss: 0.2996393
EarlyStopping counter: 9 out of 20
Updating learning rate to 4.6383976865881085e-07
	iters: 100, epoch: 55 | loss: 0.6683412
	speed: 0.3027s/iter; left time: 3896.0291s
	iters: 200, epoch: 55 | loss: 0.7767999
	speed: 0.1320s/iter; left time: 1685.7320s
Epoch: 55 cost time: 37.20406985282898
Epoch: 55, Steps: 282 | Train Loss: 0.6764010 Vali Loss: 0.6810679 Test Loss: 0.2996323
EarlyStopping counter: 10 out of 20
Updating learning rate to 4.174557917929298e-07
	iters: 100, epoch: 56 | loss: 0.6560839
	speed: 0.3023s/iter; left time: 3806.4920s
	iters: 200, epoch: 56 | loss: 0.6696722
	speed: 0.1319s/iter; left time: 1647.1945s
Epoch: 56 cost time: 37.20259881019592
Epoch: 56, Steps: 282 | Train Loss: 0.6766729 Vali Loss: 0.6804151 Test Loss: 0.2996260
EarlyStopping counter: 11 out of 20
Updating learning rate to 3.7571021261363677e-07
	iters: 100, epoch: 57 | loss: 0.6777546
	speed: 0.3028s/iter; left time: 3727.2466s
	iters: 200, epoch: 57 | loss: 0.6376973
	speed: 0.1319s/iter; left time: 1610.0572s
Epoch: 57 cost time: 37.1938202381134
Epoch: 57, Steps: 282 | Train Loss: 0.6765025 Vali Loss: 0.6796058 Test Loss: 0.2996192
EarlyStopping counter: 12 out of 20
Updating learning rate to 3.381391913522731e-07
	iters: 100, epoch: 58 | loss: 0.6104608
	speed: 0.3026s/iter; left time: 3639.7786s
	iters: 200, epoch: 58 | loss: 0.6846111
	speed: 0.1318s/iter; left time: 1572.3573s
Epoch: 58 cost time: 37.19367980957031
Epoch: 58, Steps: 282 | Train Loss: 0.6764932 Vali Loss: 0.6804487 Test Loss: 0.2996130
EarlyStopping counter: 13 out of 20
Updating learning rate to 3.043252722170458e-07
	iters: 100, epoch: 59 | loss: 0.6091416
	speed: 0.3026s/iter; left time: 3553.9457s
	iters: 200, epoch: 59 | loss: 0.7613683
	speed: 0.1318s/iter; left time: 1535.0737s
Epoch: 59 cost time: 37.202343463897705
Epoch: 59, Steps: 282 | Train Loss: 0.6763681 Vali Loss: 0.6815739 Test Loss: 0.2996075
EarlyStopping counter: 14 out of 20
Updating learning rate to 2.7389274499534124e-07
	iters: 100, epoch: 60 | loss: 0.6709017
	speed: 0.3027s/iter; left time: 3469.5152s
	iters: 200, epoch: 60 | loss: 0.5992298
	speed: 0.1319s/iter; left time: 1498.4482s
Epoch: 60 cost time: 37.20476841926575
Epoch: 60, Steps: 282 | Train Loss: 0.6766565 Vali Loss: 0.6813058 Test Loss: 0.2996032
EarlyStopping counter: 15 out of 20
Updating learning rate to 2.465034704958071e-07
	iters: 100, epoch: 61 | loss: 0.7231175
	speed: 0.3027s/iter; left time: 3385.0198s
	iters: 200, epoch: 61 | loss: 0.6395584
	speed: 0.1318s/iter; left time: 1460.3926s
Epoch: 61 cost time: 37.18630623817444
Epoch: 61, Steps: 282 | Train Loss: 0.6761512 Vali Loss: 0.6802867 Test Loss: 0.2995999
EarlyStopping counter: 16 out of 20
Updating learning rate to 2.218531234462264e-07
	iters: 100, epoch: 62 | loss: 0.7362533
	speed: 0.3029s/iter; left time: 3301.0526s
	iters: 200, epoch: 62 | loss: 0.6344909
	speed: 0.1318s/iter; left time: 1423.5729s
Epoch: 62 cost time: 37.191123962402344
Epoch: 62, Steps: 282 | Train Loss: 0.6760974 Vali Loss: 0.6825147 Test Loss: 0.2995965
EarlyStopping counter: 17 out of 20
Updating learning rate to 1.9966781110160376e-07
	iters: 100, epoch: 63 | loss: 0.6003875
	speed: 0.3024s/iter; left time: 3210.5498s
	iters: 200, epoch: 63 | loss: 0.6236818
	speed: 0.1318s/iter; left time: 1386.5458s
Epoch: 63 cost time: 37.19605469703674
Epoch: 63, Steps: 282 | Train Loss: 0.6766396 Vali Loss: 0.6796845 Test Loss: 0.2995930
EarlyStopping counter: 18 out of 20
Updating learning rate to 1.797010299914434e-07
	iters: 100, epoch: 64 | loss: 0.6264126
	speed: 0.3026s/iter; left time: 3127.0008s
	iters: 200, epoch: 64 | loss: 0.5996357
	speed: 0.1318s/iter; left time: 1349.2271s
Epoch: 64 cost time: 37.188902378082275
Epoch: 64, Steps: 282 | Train Loss: 0.6763895 Vali Loss: 0.6825057 Test Loss: 0.2995901
EarlyStopping counter: 19 out of 20
Updating learning rate to 1.6173092699229907e-07
	iters: 100, epoch: 65 | loss: 0.6382300
	speed: 0.3028s/iter; left time: 3043.7863s
	iters: 200, epoch: 65 | loss: 0.5785193
	speed: 0.1318s/iter; left time: 1311.7881s
Epoch: 65 cost time: 37.19094491004944
Epoch: 65, Steps: 282 | Train Loss: 0.6767550 Vali Loss: 0.6820316 Test Loss: 0.2995886
EarlyStopping counter: 20 out of 20
Early stopping
>>>>>>>testing : NL_weather_cms3_lr0.0001_always_336_336_PatchTST_custom_ftM_sl336_ll48_pl336_dm128_nh16_el3_dl1_df256_fc1_ebtimeF_dtTruelr0.0001_polalways_Nested_Learning_0<<<<<<<<<<<<<<<<<<<<<<<<<<<<<<<<<
test 10204
 Ejecutando Inferencia DINÁMICA (Nested Learning con cms3)
  -> Política: always | LR: 0.0001 | Target: head

RESUMEN: El CMS se actualizó 79 veces de 79 posibles.

mse:0.29974374175071716, mae:0.3296506702899933, rse:0.7191793322563171
Args in experiment:
Namespace(random_seed=2021, is_training=1, model_id='NL_weather_cms3_lr0.0001_always_336_720', model='PatchTST', data='custom', root_path='./dataset/', data_path='weather.csv', features='M', target='OT', freq='h', checkpoints='./checkpoints/', seq_len=336, label_len=48, pred_len=720, head_type='cms3', cms_lr=0.0001, update_policy='always', fc_dropout=0.2, head_dropout=0.0, patch_len=16, stride=8, padding_patch='end', revin=1, affine=0, subtract_last=0, decomposition=0, kernel_size=25, individual=0, embed_type=0, enc_in=21, dec_in=7, c_out=7, d_model=128, n_heads=16, e_layers=3, d_layers=1, d_ff=256, moving_avg=25, factor=1, distil=True, dropout=0.2, embed='timeF', activation='gelu', output_attention=False, do_predict=False, num_workers=0, itr=1, train_epochs=100, batch_size=128, patience=20, learning_rate=0.0001, des='Nested_Learning', loss='mse', lradj='type3', pct_start=0.3, use_amp=False, use_gpu=True, gpu=0, use_multi_gpu=False, devices='0,1,2,3', test_flop=False)
Use GPU: cuda:0
>>>>>>>start training : NL_weather_cms3_lr0.0001_always_336_720_PatchTST_custom_ftM_sl336_ll48_pl720_dm128_nh16_el3_dl1_df256_fc1_ebtimeF_dtTruelr0.0001_polalways_Nested_Learning_0>>>>>>>>>>>>>>>>>>>>>>>>>>
train 35832
val 4551
test 9820
	iters: 100, epoch: 1 | loss: 0.8505261
	speed: 0.1523s/iter; left time: 4234.3007s
	iters: 200, epoch: 1 | loss: 0.7593836
	speed: 0.1338s/iter; left time: 3705.9295s
Epoch: 1 cost time: 37.50899052619934
Epoch: 1, Steps: 279 | Train Loss: 0.7911092 Vali Loss: 0.8128651 Test Loss: 0.3674183
Validation loss decreased (inf --> 0.812865).  Saving model ...
Updating learning rate to 0.0001
	iters: 100, epoch: 2 | loss: 0.8263202
	speed: 0.3088s/iter; left time: 8498.8780s
	iters: 200, epoch: 2 | loss: 0.7878881
	speed: 0.1338s/iter; left time: 3669.7461s
Epoch: 2 cost time: 37.353328704833984
Epoch: 2, Steps: 279 | Train Loss: 0.7885048 Vali Loss: 0.8075140 Test Loss: 0.3661441
Validation loss decreased (0.812865 --> 0.807514).  Saving model ...
Updating learning rate to 0.0001
	iters: 100, epoch: 3 | loss: 0.7481847
	speed: 0.3101s/iter; left time: 8448.3798s
	iters: 200, epoch: 3 | loss: 0.7260932
	speed: 0.1341s/iter; left time: 3638.5861s
Epoch: 3 cost time: 37.36345934867859
Epoch: 3, Steps: 279 | Train Loss: 0.7844243 Vali Loss: 0.8044965 Test Loss: 0.3651358
Validation loss decreased (0.807514 --> 0.804496).  Saving model ...
Updating learning rate to 0.0001
	iters: 100, epoch: 4 | loss: 0.8047042
	speed: 0.3089s/iter; left time: 8328.8608s
	iters: 200, epoch: 4 | loss: 0.7167475
	speed: 0.1340s/iter; left time: 3600.0079s
Epoch: 4 cost time: 37.351860761642456
Epoch: 4, Steps: 279 | Train Loss: 0.7809030 Vali Loss: 0.8000777 Test Loss: 0.3642781
Validation loss decreased (0.804496 --> 0.800078).  Saving model ...
Updating learning rate to 9e-05
	iters: 100, epoch: 5 | loss: 0.7641244
	speed: 0.3085s/iter; left time: 8231.9991s
	iters: 200, epoch: 5 | loss: 0.7677184
	speed: 0.1340s/iter; left time: 3562.0356s
Epoch: 5 cost time: 37.365065813064575
Epoch: 5, Steps: 279 | Train Loss: 0.7776425 Vali Loss: 0.7979074 Test Loss: 0.3636348
Validation loss decreased (0.800078 --> 0.797907).  Saving model ...
Updating learning rate to 8.1e-05
	iters: 100, epoch: 6 | loss: 0.6843787
	speed: 0.3083s/iter; left time: 8140.2337s
	iters: 200, epoch: 6 | loss: 0.7796996
	speed: 0.1340s/iter; left time: 3524.3353s
Epoch: 6 cost time: 37.34788703918457
Epoch: 6, Steps: 279 | Train Loss: 0.7752703 Vali Loss: 0.7958550 Test Loss: 0.3631308
Validation loss decreased (0.797907 --> 0.795855).  Saving model ...
Updating learning rate to 7.290000000000001e-05
	iters: 100, epoch: 7 | loss: 0.8288794
	speed: 0.3083s/iter; left time: 8055.8473s
	iters: 200, epoch: 7 | loss: 0.8277612
	speed: 0.1342s/iter; left time: 3491.5245s
Epoch: 7 cost time: 37.355026721954346
Epoch: 7, Steps: 279 | Train Loss: 0.7728013 Vali Loss: 0.7947078 Test Loss: 0.3627059
Validation loss decreased (0.795855 --> 0.794708).  Saving model ...
Updating learning rate to 6.561e-05
	iters: 100, epoch: 8 | loss: 0.7849323
	speed: 0.3066s/iter; left time: 7925.3559s
	iters: 200, epoch: 8 | loss: 0.7378283
	speed: 0.1342s/iter; left time: 3455.6274s
Epoch: 8 cost time: 37.34288930892944
Epoch: 8, Steps: 279 | Train Loss: 0.7711543 Vali Loss: 0.7931781 Test Loss: 0.3623478
Validation loss decreased (0.794708 --> 0.793178).  Saving model ...
Updating learning rate to 5.904900000000001e-05
	iters: 100, epoch: 9 | loss: 0.9295716
	speed: 0.3087s/iter; left time: 7893.6096s
	iters: 200, epoch: 9 | loss: 0.7332606
	speed: 0.1342s/iter; left time: 3418.3807s
Epoch: 9 cost time: 37.36969995498657
Epoch: 9, Steps: 279 | Train Loss: 0.7695677 Vali Loss: 0.7917528 Test Loss: 0.3620189
Validation loss decreased (0.793178 --> 0.791753).  Saving model ...
Updating learning rate to 5.3144100000000005e-05
	iters: 100, epoch: 10 | loss: 0.6459507
	speed: 0.3088s/iter; left time: 7808.3936s
	iters: 200, epoch: 10 | loss: 0.7128118
	speed: 0.1341s/iter; left time: 3376.8008s
Epoch: 10 cost time: 37.33129286766052
Epoch: 10, Steps: 279 | Train Loss: 0.7686455 Vali Loss: 0.7905189 Test Loss: 0.3617118
Validation loss decreased (0.791753 --> 0.790519).  Saving model ...
Updating learning rate to 4.782969000000001e-05
	iters: 100, epoch: 11 | loss: 0.7277684
	speed: 0.3081s/iter; left time: 7705.0352s
	iters: 200, epoch: 11 | loss: 0.7113328
	speed: 0.1341s/iter; left time: 3341.4757s
Epoch: 11 cost time: 37.33082914352417
Epoch: 11, Steps: 279 | Train Loss: 0.7673492 Vali Loss: 0.7914405 Test Loss: 0.3614448
EarlyStopping counter: 1 out of 20
Updating learning rate to 4.304672100000001e-05
	iters: 100, epoch: 12 | loss: 0.7773477
	speed: 0.3074s/iter; left time: 7603.3353s
	iters: 200, epoch: 12 | loss: 0.7132351
	speed: 0.1340s/iter; left time: 3301.2936s
Epoch: 12 cost time: 37.317333936691284
Epoch: 12, Steps: 279 | Train Loss: 0.7663550 Vali Loss: 0.7887762 Test Loss: 0.3612191
Validation loss decreased (0.790519 --> 0.788776).  Saving model ...
Updating learning rate to 3.874204890000001e-05
	iters: 100, epoch: 13 | loss: 0.6960740
	speed: 0.3080s/iter; left time: 7531.7354s
	iters: 200, epoch: 13 | loss: 0.8408064
	speed: 0.1343s/iter; left time: 3270.4236s
Epoch: 13 cost time: 37.38320589065552
Epoch: 13, Steps: 279 | Train Loss: 0.7655253 Vali Loss: 0.7885010 Test Loss: 0.3610040
Validation loss decreased (0.788776 --> 0.788501).  Saving model ...
Updating learning rate to 3.486784401000001e-05
	iters: 100, epoch: 14 | loss: 0.7338354
	speed: 0.3240s/iter; left time: 7833.4074s
	iters: 200, epoch: 14 | loss: 0.8978776
	speed: 0.1335s/iter; left time: 3214.0587s
Epoch: 14 cost time: 37.45845699310303
Epoch: 14, Steps: 279 | Train Loss: 0.7648821 Vali Loss: 0.7885143 Test Loss: 0.3608176
EarlyStopping counter: 1 out of 20
Updating learning rate to 3.138105960900001e-05
	iters: 100, epoch: 15 | loss: 0.7194318
	speed: 0.3076s/iter; left time: 7350.7745s
	iters: 200, epoch: 15 | loss: 0.7213998
	speed: 0.1338s/iter; left time: 3184.6854s
Epoch: 15 cost time: 37.342007875442505
Epoch: 15, Steps: 279 | Train Loss: 0.7637975 Vali Loss: 0.7885597 Test Loss: 0.3606362
EarlyStopping counter: 2 out of 20
Updating learning rate to 2.824295364810001e-05
	iters: 100, epoch: 16 | loss: 0.7453951
	speed: 0.3066s/iter; left time: 7241.2864s
	iters: 200, epoch: 16 | loss: 0.7605332
	speed: 0.1340s/iter; left time: 3150.3723s
Epoch: 16 cost time: 37.31112718582153
Epoch: 16, Steps: 279 | Train Loss: 0.7632044 Vali Loss: 0.7875338 Test Loss: 0.3604823
Validation loss decreased (0.788501 --> 0.787534).  Saving model ...
Updating learning rate to 2.541865828329001e-05
	iters: 100, epoch: 17 | loss: 0.7839826
	speed: 0.3081s/iter; left time: 7191.2948s
	iters: 200, epoch: 17 | loss: 0.7777339
	speed: 0.1350s/iter; left time: 3136.0395s
Epoch: 17 cost time: 37.451075315475464
Epoch: 17, Steps: 279 | Train Loss: 0.7627145 Vali Loss: 0.7869666 Test Loss: 0.3603404
Validation loss decreased (0.787534 --> 0.786967).  Saving model ...
Updating learning rate to 2.287679245496101e-05
	iters: 100, epoch: 18 | loss: 0.7810236
	speed: 0.3090s/iter; left time: 7125.1794s
	iters: 200, epoch: 18 | loss: 0.7077352
	speed: 0.1335s/iter; left time: 3064.1194s
Epoch: 18 cost time: 37.309537172317505
Epoch: 18, Steps: 279 | Train Loss: 0.7620693 Vali Loss: 0.7861726 Test Loss: 0.3602137
Validation loss decreased (0.786967 --> 0.786173).  Saving model ...
Updating learning rate to 2.0589113209464907e-05
	iters: 100, epoch: 19 | loss: 0.8667045
	speed: 0.3081s/iter; left time: 7018.1853s
	iters: 200, epoch: 19 | loss: 0.8680215
	speed: 0.1335s/iter; left time: 3027.3553s
Epoch: 19 cost time: 37.27905058860779
Epoch: 19, Steps: 279 | Train Loss: 0.7616330 Vali Loss: 0.7867027 Test Loss: 0.3600914
EarlyStopping counter: 1 out of 20
Updating learning rate to 1.8530201888518416e-05
	iters: 100, epoch: 20 | loss: 0.7043710
	speed: 0.3073s/iter; left time: 6913.4124s
	iters: 200, epoch: 20 | loss: 0.8503618
	speed: 0.1336s/iter; left time: 2992.2328s
Epoch: 20 cost time: 37.26870083808899
Epoch: 20, Steps: 279 | Train Loss: 0.7610717 Vali Loss: 0.7862518 Test Loss: 0.3599809
EarlyStopping counter: 2 out of 20
Updating learning rate to 1.6677181699666577e-05
	iters: 100, epoch: 21 | loss: 0.8381084
	speed: 0.3068s/iter; left time: 6817.0830s
	iters: 200, epoch: 21 | loss: 0.7181650
	speed: 0.1334s/iter; left time: 2951.1769s
Epoch: 21 cost time: 37.25627374649048
Epoch: 21, Steps: 279 | Train Loss: 0.7608442 Vali Loss: 0.7840560 Test Loss: 0.3598876
Validation loss decreased (0.786173 --> 0.784056).  Saving model ...
Updating learning rate to 1.5009463529699919e-05
	iters: 100, epoch: 22 | loss: 0.7264807
	speed: 0.3072s/iter; left time: 6741.1736s
	iters: 200, epoch: 22 | loss: 0.7477667
	speed: 0.1334s/iter; left time: 2913.2629s
Epoch: 22 cost time: 37.21761417388916
Epoch: 22, Steps: 279 | Train Loss: 0.7602595 Vali Loss: 0.7835642 Test Loss: 0.3598004
Validation loss decreased (0.784056 --> 0.783564).  Saving model ...
Updating learning rate to 1.3508517176729929e-05
	iters: 100, epoch: 23 | loss: 0.7521713
	speed: 0.3081s/iter; left time: 6673.8583s
	iters: 200, epoch: 23 | loss: 0.7377690
	speed: 0.1334s/iter; left time: 2876.4076s
Epoch: 23 cost time: 37.22291922569275
Epoch: 23, Steps: 279 | Train Loss: 0.7601063 Vali Loss: 0.7851987 Test Loss: 0.3597252
EarlyStopping counter: 1 out of 20
Updating learning rate to 1.2157665459056936e-05
	iters: 100, epoch: 24 | loss: 0.7593184
	speed: 0.3069s/iter; left time: 6563.6953s
	iters: 200, epoch: 24 | loss: 0.7514922
	speed: 0.1334s/iter; left time: 2839.5842s
Epoch: 24 cost time: 37.22714161872864
Epoch: 24, Steps: 279 | Train Loss: 0.7599432 Vali Loss: 0.7847261 Test Loss: 0.3596542
EarlyStopping counter: 2 out of 20
Updating learning rate to 1.0941898913151242e-05
	iters: 100, epoch: 25 | loss: 0.7834812
	speed: 0.3068s/iter; left time: 6474.4613s
	iters: 200, epoch: 25 | loss: 0.7013270
	speed: 0.1334s/iter; left time: 2801.0286s
Epoch: 25 cost time: 37.24957060813904
Epoch: 25, Steps: 279 | Train Loss: 0.7593610 Vali Loss: 0.7842035 Test Loss: 0.3595918
EarlyStopping counter: 3 out of 20
Updating learning rate to 9.847709021836118e-06
	iters: 100, epoch: 26 | loss: 0.7007016
	speed: 0.3075s/iter; left time: 6403.6919s
	iters: 200, epoch: 26 | loss: 0.7653805
	speed: 0.1333s/iter; left time: 2763.3355s
Epoch: 26 cost time: 37.244540214538574
Epoch: 26, Steps: 279 | Train Loss: 0.7590786 Vali Loss: 0.7840986 Test Loss: 0.3595365
EarlyStopping counter: 4 out of 20
Updating learning rate to 8.862938119652508e-06
	iters: 100, epoch: 27 | loss: 0.7296938
	speed: 0.3071s/iter; left time: 6310.5188s
	iters: 200, epoch: 27 | loss: 0.7499309
	speed: 0.1334s/iter; left time: 2727.4840s
Epoch: 27 cost time: 37.217509031295776
Epoch: 27, Steps: 279 | Train Loss: 0.7588702 Vali Loss: 0.7848200 Test Loss: 0.3594818
EarlyStopping counter: 5 out of 20
Updating learning rate to 7.976644307687255e-06
	iters: 100, epoch: 28 | loss: 0.8434077
	speed: 0.3066s/iter; left time: 6214.1003s
	iters: 200, epoch: 28 | loss: 0.8006138
	speed: 0.1334s/iter; left time: 2691.1465s
Epoch: 28 cost time: 37.21196103096008
Epoch: 28, Steps: 279 | Train Loss: 0.7589961 Vali Loss: 0.7842824 Test Loss: 0.3594391
EarlyStopping counter: 6 out of 20
Updating learning rate to 7.178979876918531e-06
	iters: 100, epoch: 29 | loss: 0.7374977
	speed: 0.3052s/iter; left time: 6100.9052s
	iters: 200, epoch: 29 | loss: 0.7563522
	speed: 0.1335s/iter; left time: 2655.5657s
Epoch: 29 cost time: 37.261210441589355
Epoch: 29, Steps: 279 | Train Loss: 0.7586880 Vali Loss: 0.7826800 Test Loss: 0.3593965
Validation loss decreased (0.783564 --> 0.782680).  Saving model ...
Updating learning rate to 6.4610818892266776e-06
	iters: 100, epoch: 30 | loss: 0.7159023
	speed: 0.3086s/iter; left time: 6082.9120s
	iters: 200, epoch: 30 | loss: 0.8047961
	speed: 0.1338s/iter; left time: 2624.4231s
Epoch: 30 cost time: 37.342365741729736
Epoch: 30, Steps: 279 | Train Loss: 0.7584409 Vali Loss: 0.7809287 Test Loss: 0.3593597
Validation loss decreased (0.782680 --> 0.780929).  Saving model ...
Updating learning rate to 5.8149737003040096e-06
	iters: 100, epoch: 31 | loss: 0.7527871
	speed: 0.3080s/iter; left time: 5985.3638s
	iters: 200, epoch: 31 | loss: 0.7003163
	speed: 0.1343s/iter; left time: 2595.3006s
Epoch: 31 cost time: 37.4456992149353
Epoch: 31, Steps: 279 | Train Loss: 0.7584320 Vali Loss: 0.7848070 Test Loss: 0.3593246
EarlyStopping counter: 1 out of 20
Updating learning rate to 5.23347633027361e-06
	iters: 100, epoch: 32 | loss: 0.7056218
	speed: 0.3089s/iter; left time: 5916.1086s
	iters: 200, epoch: 32 | loss: 0.7721049
	speed: 0.1343s/iter; left time: 2559.4725s
Epoch: 32 cost time: 37.46911859512329
Epoch: 32, Steps: 279 | Train Loss: 0.7586041 Vali Loss: 0.7819248 Test Loss: 0.3592951
EarlyStopping counter: 2 out of 20
Updating learning rate to 4.710128697246249e-06
	iters: 100, epoch: 33 | loss: 0.8299264
	speed: 0.3094s/iter; left time: 5838.8444s
	iters: 200, epoch: 33 | loss: 0.8169762
	speed: 0.1346s/iter; left time: 2526.5206s
Epoch: 33 cost time: 37.55120539665222
Epoch: 33, Steps: 279 | Train Loss: 0.7584594 Vali Loss: 0.7827488 Test Loss: 0.3592684
EarlyStopping counter: 3 out of 20
Updating learning rate to 4.239115827521624e-06
	iters: 100, epoch: 34 | loss: 0.7801515
	speed: 0.3087s/iter; left time: 5739.4438s
	iters: 200, epoch: 34 | loss: 0.7196548
	speed: 0.1346s/iter; left time: 2489.5357s
Epoch: 34 cost time: 37.551894664764404
Epoch: 34, Steps: 279 | Train Loss: 0.7579611 Vali Loss: 0.7838882 Test Loss: 0.3592447
EarlyStopping counter: 4 out of 20
Updating learning rate to 3.815204244769462e-06
	iters: 100, epoch: 35 | loss: 0.7661357
	speed: 0.3096s/iter; left time: 5669.4895s
	iters: 200, epoch: 35 | loss: 0.7535478
	speed: 0.1347s/iter; left time: 2453.1782s
Epoch: 35 cost time: 37.570536851882935
Epoch: 35, Steps: 279 | Train Loss: 0.7578461 Vali Loss: 0.7829891 Test Loss: 0.3592229
EarlyStopping counter: 5 out of 20
Updating learning rate to 3.4336838202925152e-06
	iters: 100, epoch: 36 | loss: 0.7488945
	speed: 0.3088s/iter; left time: 5568.9395s
	iters: 200, epoch: 36 | loss: 0.7020087
	speed: 0.1349s/iter; left time: 2418.7174s
Epoch: 36 cost time: 37.634206771850586
Epoch: 36, Steps: 279 | Train Loss: 0.7577208 Vali Loss: 0.7817426 Test Loss: 0.3592022
EarlyStopping counter: 6 out of 20
Updating learning rate to 3.090315438263264e-06
	iters: 100, epoch: 37 | loss: 0.7678361
	speed: 0.3094s/iter; left time: 5493.9918s
	iters: 200, epoch: 37 | loss: 0.7633110
	speed: 0.1350s/iter; left time: 2384.3001s
Epoch: 37 cost time: 37.66929602622986
Epoch: 37, Steps: 279 | Train Loss: 0.7579101 Vali Loss: 0.7836311 Test Loss: 0.3591851
EarlyStopping counter: 7 out of 20
Updating learning rate to 2.7812838944369375e-06
	iters: 100, epoch: 38 | loss: 0.7272702
	speed: 0.3095s/iter; left time: 5410.2053s
	iters: 200, epoch: 38 | loss: 0.6859985
	speed: 0.1351s/iter; left time: 2348.3904s
Epoch: 38 cost time: 37.66364073753357
Epoch: 38, Steps: 279 | Train Loss: 0.7574518 Vali Loss: 0.7817406 Test Loss: 0.3591696
EarlyStopping counter: 8 out of 20
Updating learning rate to 2.503155504993244e-06
	iters: 100, epoch: 39 | loss: 0.7588237
	speed: 0.3094s/iter; left time: 5321.8655s
	iters: 200, epoch: 39 | loss: 0.7119107
	speed: 0.1351s/iter; left time: 2309.2392s
Epoch: 39 cost time: 37.67171621322632
Epoch: 39, Steps: 279 | Train Loss: 0.7576323 Vali Loss: 0.7839007 Test Loss: 0.3591552
EarlyStopping counter: 9 out of 20
Updating learning rate to 2.2528399544939195e-06
	iters: 100, epoch: 40 | loss: 0.7188380
	speed: 0.3079s/iter; left time: 5208.9315s
	iters: 200, epoch: 40 | loss: 0.7171431
	speed: 0.1351s/iter; left time: 2272.2263s
Epoch: 40 cost time: 37.680020809173584
Epoch: 40, Steps: 279 | Train Loss: 0.7575766 Vali Loss: 0.7819860 Test Loss: 0.3591423
EarlyStopping counter: 10 out of 20
Updating learning rate to 2.0275559590445276e-06
	iters: 100, epoch: 41 | loss: 0.7038354
	speed: 0.3092s/iter; left time: 5144.7534s
	iters: 200, epoch: 41 | loss: 0.6911197
	speed: 0.1351s/iter; left time: 2234.6977s
Epoch: 41 cost time: 37.69752645492554
Epoch: 41, Steps: 279 | Train Loss: 0.7575076 Vali Loss: 0.7801833 Test Loss: 0.3591300
Validation loss decreased (0.780929 --> 0.780183).  Saving model ...
Updating learning rate to 1.8248003631400751e-06
	iters: 100, epoch: 42 | loss: 0.7450006
	speed: 0.3100s/iter; left time: 5072.4557s
	iters: 200, epoch: 42 | loss: 0.8323602
	speed: 0.1351s/iter; left time: 2197.5236s
Epoch: 42 cost time: 37.69723320007324
Epoch: 42, Steps: 279 | Train Loss: 0.7572296 Vali Loss: 0.7824795 Test Loss: 0.3591188
EarlyStopping counter: 1 out of 20
Updating learning rate to 1.6423203268260676e-06
	iters: 100, epoch: 43 | loss: 0.6570280
	speed: 0.3101s/iter; left time: 4987.2751s
	iters: 200, epoch: 43 | loss: 0.7612302
	speed: 0.1347s/iter; left time: 2152.9126s
Epoch: 43 cost time: 37.589131355285645
Epoch: 43, Steps: 279 | Train Loss: 0.7575614 Vali Loss: 0.7827159 Test Loss: 0.3591100
EarlyStopping counter: 2 out of 20
Updating learning rate to 1.4780882941434609e-06
	iters: 100, epoch: 44 | loss: 0.6735907
	speed: 0.3091s/iter; left time: 4884.7018s
	iters: 200, epoch: 44 | loss: 0.7113634
	speed: 0.1344s/iter; left time: 2110.1659s
Epoch: 44 cost time: 37.50483250617981
Epoch: 44, Steps: 279 | Train Loss: 0.7572631 Vali Loss: 0.7834216 Test Loss: 0.3591004
EarlyStopping counter: 3 out of 20
Updating learning rate to 1.3302794647291146e-06
	iters: 100, epoch: 45 | loss: 0.8382052
	speed: 0.3070s/iter; left time: 4766.8107s
	iters: 200, epoch: 45 | loss: 0.8084229
	speed: 0.1342s/iter; left time: 2069.3673s
Epoch: 45 cost time: 37.43352389335632
Epoch: 45, Steps: 279 | Train Loss: 0.7573618 Vali Loss: 0.7824543 Test Loss: 0.3590928
EarlyStopping counter: 4 out of 20
Updating learning rate to 1.1972515182562034e-06
	iters: 100, epoch: 46 | loss: 0.7598951
	speed: 0.3079s/iter; left time: 4693.7361s
	iters: 200, epoch: 46 | loss: 0.7031051
	speed: 0.1339s/iter; left time: 2028.3652s
Epoch: 46 cost time: 37.369420289993286
Epoch: 46, Steps: 279 | Train Loss: 0.7573345 Vali Loss: 0.7824126 Test Loss: 0.3590863
EarlyStopping counter: 5 out of 20
Updating learning rate to 1.077526366430583e-06
	iters: 100, epoch: 47 | loss: 0.7524132
	speed: 0.3085s/iter; left time: 4617.6198s
	iters: 200, epoch: 47 | loss: 0.6585188
	speed: 0.1340s/iter; left time: 1991.7301s
Epoch: 47 cost time: 37.379547357559204
Epoch: 47, Steps: 279 | Train Loss: 0.7576368 Vali Loss: 0.7833490 Test Loss: 0.3590795
EarlyStopping counter: 6 out of 20
Updating learning rate to 9.697737297875248e-07
	iters: 100, epoch: 48 | loss: 0.7848674
	speed: 0.3084s/iter; left time: 4530.4960s
	iters: 200, epoch: 48 | loss: 0.7101727
	speed: 0.1339s/iter; left time: 1953.3769s
Epoch: 48 cost time: 37.32979202270508
Epoch: 48, Steps: 279 | Train Loss: 0.7573081 Vali Loss: 0.7800860 Test Loss: 0.3590747
Validation loss decreased (0.780183 --> 0.780086).  Saving model ...
Updating learning rate to 8.727963568087723e-07
	iters: 100, epoch: 49 | loss: 0.7557780
	speed: 0.3076s/iter; left time: 4432.7955s
	iters: 200, epoch: 49 | loss: 0.6707903
	speed: 0.1338s/iter; left time: 1914.3454s
Epoch: 49 cost time: 37.348864793777466
Epoch: 49, Steps: 279 | Train Loss: 0.7572071 Vali Loss: 0.7832652 Test Loss: 0.3590695
EarlyStopping counter: 1 out of 20
Updating learning rate to 7.855167211278951e-07
	iters: 100, epoch: 50 | loss: 0.7230978
	speed: 0.3081s/iter; left time: 4352.9530s
	iters: 200, epoch: 50 | loss: 0.7434562
	speed: 0.1337s/iter; left time: 1875.9824s
Epoch: 50 cost time: 37.32693362236023
Epoch: 50, Steps: 279 | Train Loss: 0.7573066 Vali Loss: 0.7827160 Test Loss: 0.3590634
EarlyStopping counter: 2 out of 20
Updating learning rate to 7.069650490151056e-07
	iters: 100, epoch: 51 | loss: 0.6724168
	speed: 0.3074s/iter; left time: 4257.3337s
	iters: 200, epoch: 51 | loss: 0.7626520
	speed: 0.1338s/iter; left time: 1839.2509s
Epoch: 51 cost time: 37.31836557388306
Epoch: 51, Steps: 279 | Train Loss: 0.7574438 Vali Loss: 0.7811849 Test Loss: 0.3590608
EarlyStopping counter: 3 out of 20
Updating learning rate to 6.36268544113595e-07
	iters: 100, epoch: 52 | loss: 0.7362641
	speed: 0.3066s/iter; left time: 4161.5993s
	iters: 200, epoch: 52 | loss: 0.7604629
	speed: 0.1336s/iter; left time: 1800.3277s
Epoch: 52 cost time: 37.28411054611206
Epoch: 52, Steps: 279 | Train Loss: 0.7573296 Vali Loss: 0.7826834 Test Loss: 0.3590559
EarlyStopping counter: 4 out of 20
Updating learning rate to 5.726416897022355e-07
	iters: 100, epoch: 53 | loss: 0.7488129
	speed: 0.3072s/iter; left time: 4083.6591s
	iters: 200, epoch: 53 | loss: 0.8195555
	speed: 0.1335s/iter; left time: 1761.8691s
Epoch: 53 cost time: 37.25746750831604
Epoch: 53, Steps: 279 | Train Loss: 0.7573274 Vali Loss: 0.7824443 Test Loss: 0.3590524
EarlyStopping counter: 5 out of 20
Updating learning rate to 5.15377520732012e-07
	iters: 100, epoch: 54 | loss: 0.7929993
	speed: 0.3059s/iter; left time: 3981.1592s
	iters: 200, epoch: 54 | loss: 0.7518250
	speed: 0.1336s/iter; left time: 1725.5109s
Epoch: 54 cost time: 37.266173124313354
Epoch: 54, Steps: 279 | Train Loss: 0.7574103 Vali Loss: 0.7825282 Test Loss: 0.3590498
EarlyStopping counter: 6 out of 20
Updating learning rate to 4.6383976865881085e-07
	iters: 100, epoch: 55 | loss: 0.8528852
	speed: 0.3067s/iter; left time: 3905.5482s
	iters: 200, epoch: 55 | loss: 0.7457374
	speed: 0.1336s/iter; left time: 1688.0388s
Epoch: 55 cost time: 37.257933139801025
Epoch: 55, Steps: 279 | Train Loss: 0.7571383 Vali Loss: 0.7834877 Test Loss: 0.3590473
EarlyStopping counter: 7 out of 20
Updating learning rate to 4.174557917929298e-07
	iters: 100, epoch: 56 | loss: 0.6819586
	speed: 0.3066s/iter; left time: 3819.1171s
	iters: 200, epoch: 56 | loss: 0.7655594
	speed: 0.1335s/iter; left time: 1649.8461s
Epoch: 56 cost time: 37.240625619888306
Epoch: 56, Steps: 279 | Train Loss: 0.7571689 Vali Loss: 0.7829547 Test Loss: 0.3590452
EarlyStopping counter: 8 out of 20
Updating learning rate to 3.7571021261363677e-07
	iters: 100, epoch: 57 | loss: 0.7787428
	speed: 0.3069s/iter; left time: 3737.1573s
	iters: 200, epoch: 57 | loss: 0.8117878
	speed: 0.1335s/iter; left time: 1612.5677s
Epoch: 57 cost time: 37.253615856170654
Epoch: 57, Steps: 279 | Train Loss: 0.7568667 Vali Loss: 0.7831919 Test Loss: 0.3590430
EarlyStopping counter: 9 out of 20
Updating learning rate to 3.381391913522731e-07
	iters: 100, epoch: 58 | loss: 0.7436973
	speed: 0.3072s/iter; left time: 3654.5045s
	iters: 200, epoch: 58 | loss: 0.6961920
	speed: 0.1336s/iter; left time: 1576.3980s
Epoch: 58 cost time: 37.257410287857056
Epoch: 58, Steps: 279 | Train Loss: 0.7570938 Vali Loss: 0.7816682 Test Loss: 0.3590406
EarlyStopping counter: 10 out of 20
Updating learning rate to 3.043252722170458e-07
	iters: 100, epoch: 59 | loss: 0.7679011
	speed: 0.3072s/iter; left time: 3569.6540s
	iters: 200, epoch: 59 | loss: 0.7346049
	speed: 0.1336s/iter; left time: 1538.6534s
Epoch: 59 cost time: 37.244641065597534
Epoch: 59, Steps: 279 | Train Loss: 0.7573242 Vali Loss: 0.7816377 Test Loss: 0.3590397
EarlyStopping counter: 11 out of 20
Updating learning rate to 2.7389274499534124e-07
	iters: 100, epoch: 60 | loss: 0.7421305
	speed: 0.3066s/iter; left time: 3477.1723s
	iters: 200, epoch: 60 | loss: 0.8109869
	speed: 0.1335s/iter; left time: 1500.2975s
Epoch: 60 cost time: 37.230265855789185
Epoch: 60, Steps: 279 | Train Loss: 0.7569905 Vali Loss: 0.7819890 Test Loss: 0.3590379
EarlyStopping counter: 12 out of 20
Updating learning rate to 2.465034704958071e-07
	iters: 100, epoch: 61 | loss: 0.7505022
	speed: 0.3072s/iter; left time: 3398.1895s
	iters: 200, epoch: 61 | loss: 0.7515435
	speed: 0.1335s/iter; left time: 1463.8258s
Epoch: 61 cost time: 37.235605001449585
Epoch: 61, Steps: 279 | Train Loss: 0.7573699 Vali Loss: 0.7821885 Test Loss: 0.3590362
EarlyStopping counter: 13 out of 20
Updating learning rate to 2.218531234462264e-07
	iters: 100, epoch: 62 | loss: 0.8334911
	speed: 0.3065s/iter; left time: 3304.2087s
	iters: 200, epoch: 62 | loss: 0.7981413
	speed: 0.1336s/iter; left time: 1426.7483s
Epoch: 62 cost time: 37.237818002700806
Epoch: 62, Steps: 279 | Train Loss: 0.7569091 Vali Loss: 0.7824564 Test Loss: 0.3590351
EarlyStopping counter: 14 out of 20
Updating learning rate to 1.9966781110160376e-07
	iters: 100, epoch: 63 | loss: 0.8508307
	speed: 0.3054s/iter; left time: 3207.1462s
	iters: 200, epoch: 63 | loss: 0.7422600
	speed: 0.1335s/iter; left time: 1389.0856s
Epoch: 63 cost time: 37.272526025772095
Epoch: 63, Steps: 279 | Train Loss: 0.7565864 Vali Loss: 0.7814150 Test Loss: 0.3590342
EarlyStopping counter: 15 out of 20
Updating learning rate to 1.797010299914434e-07
	iters: 100, epoch: 64 | loss: 0.7112191
	speed: 0.3070s/iter; left time: 3138.2650s
	iters: 200, epoch: 64 | loss: 0.7443552
	speed: 0.1334s/iter; left time: 1350.8481s
Epoch: 64 cost time: 37.23897385597229
Epoch: 64, Steps: 279 | Train Loss: 0.7569181 Vali Loss: 0.7825174 Test Loss: 0.3590331
EarlyStopping counter: 16 out of 20
Updating learning rate to 1.6173092699229907e-07
	iters: 100, epoch: 65 | loss: 0.8023672
	speed: 0.3072s/iter; left time: 3055.4226s
	iters: 200, epoch: 65 | loss: 0.7578452
	speed: 0.1335s/iter; left time: 1314.4696s
Epoch: 65 cost time: 37.2671480178833
Epoch: 65, Steps: 279 | Train Loss: 0.7571580 Vali Loss: 0.7824775 Test Loss: 0.3590323
EarlyStopping counter: 17 out of 20
Updating learning rate to 1.4555783429306916e-07
	iters: 100, epoch: 66 | loss: 0.7692857
	speed: 0.3067s/iter; left time: 2964.9757s
	iters: 200, epoch: 66 | loss: 0.7468029
	speed: 0.1334s/iter; left time: 1276.3874s
Epoch: 66 cost time: 37.23136878013611
Epoch: 66, Steps: 279 | Train Loss: 0.7572320 Vali Loss: 0.7835049 Test Loss: 0.3590317
EarlyStopping counter: 18 out of 20
Updating learning rate to 1.3100205086376224e-07
	iters: 100, epoch: 67 | loss: 0.8284560
	speed: 0.3074s/iter; left time: 2885.3119s
	iters: 200, epoch: 67 | loss: 0.7409821
	speed: 0.1334s/iter; left time: 1239.3258s
Epoch: 67 cost time: 37.246779918670654
Epoch: 67, Steps: 279 | Train Loss: 0.7571731 Vali Loss: 0.7824830 Test Loss: 0.3590311
EarlyStopping counter: 19 out of 20
Updating learning rate to 1.1790184577738603e-07
	iters: 100, epoch: 68 | loss: 0.6797065
	speed: 0.3073s/iter; left time: 2798.8028s
	iters: 200, epoch: 68 | loss: 0.7883356
	speed: 0.1334s/iter; left time: 1201.8736s
Epoch: 68 cost time: 37.244221210479736
Epoch: 68, Steps: 279 | Train Loss: 0.7568928 Vali Loss: 0.7820287 Test Loss: 0.3590315
EarlyStopping counter: 20 out of 20
Early stopping
>>>>>>>testing : NL_weather_cms3_lr0.0001_always_336_720_PatchTST_custom_ftM_sl336_ll48_pl720_dm128_nh16_el3_dl1_df256_fc1_ebtimeF_dtTruelr0.0001_polalways_Nested_Learning_0<<<<<<<<<<<<<<<<<<<<<<<<<<<<<<<<<
test 9820
 Ejecutando Inferencia DINÁMICA (Nested Learning con cms3)
  -> Política: always | LR: 0.0001 | Target: head

RESUMEN: El CMS se actualizó 76 veces de 76 posibles.

mse:0.3590719997882843, mae:0.3718644976615906, rse:0.7905133366584778
