==========================================================
SÚPER ARRAY TFG - TAREA ID: 58 / 113
Nodo: dionisio
Dataset: ettm2 | Experimento: NL_ettm2_flatten_lr0.0001_5steps
Cabeza: flatten | LR: 0.0001 | Política: 5steps
==========================================================
Args in experiment:
Namespace(random_seed=2021, is_training=1, model_id='NL_ettm2_flatten_lr0.0001_5steps_336_96', model='PatchTST', data='ETTm2', root_path='./dataset/', data_path='ETTm2.csv', features='M', target='OT', freq='h', checkpoints='./checkpoints/', seq_len=336, label_len=48, pred_len=96, head_type='flatten', cms_lr=0.0001, update_policy='5steps', fc_dropout=0.2, head_dropout=0.0, patch_len=16, stride=8, padding_patch='end', revin=1, affine=0, subtract_last=0, decomposition=0, kernel_size=25, individual=0, embed_type=0, enc_in=7, dec_in=7, c_out=7, d_model=128, n_heads=16, e_layers=3, d_layers=1, d_ff=256, moving_avg=25, factor=1, distil=True, dropout=0.2, embed='timeF', activation='gelu', output_attention=False, do_predict=False, num_workers=0, itr=1, train_epochs=100, batch_size=128, patience=20, learning_rate=0.0001, des='Nested_Learning', loss='mse', lradj='TST', pct_start=0.4, use_amp=False, use_gpu=True, gpu=0, use_multi_gpu=False, devices='0,1,2,3', test_flop=False)
Use GPU: cuda:0
>>>>>>>start training : NL_ettm2_flatten_lr0.0001_5steps_336_96_PatchTST_ETTm2_ftM_sl336_ll48_pl96_dm128_nh16_el3_dl1_df256_fc1_ebtimeF_dtTruelr0.0001_pol5steps_Nested_Learning_0>>>>>>>>>>>>>>>>>>>>>>>>>>
train 34129
val 11425
test 11425
	iters: 100, epoch: 1 | loss: 0.5928912
	speed: 0.1178s/iter; left time: 3122.6086s
	iters: 200, epoch: 1 | loss: 0.5885773
	speed: 0.0475s/iter; left time: 1253.5055s
Epoch: 1 cost time: 14.412297248840332
Epoch: 1, Steps: 266 | Train Loss: 0.4519761 Vali Loss: 0.2333419 Test Loss: 0.3105733
Validation loss decreased (inf --> 0.233342).  Saving model ...
Updating learning rate to 4.147995783958166e-06
	iters: 100, epoch: 2 | loss: 0.3548880
	speed: 0.1165s/iter; left time: 3055.9841s
	iters: 200, epoch: 2 | loss: 0.5324150
	speed: 0.0478s/iter; left time: 1248.0077s
Epoch: 2 cost time: 12.721485137939453
Epoch: 2, Steps: 266 | Train Loss: 0.4498861 Vali Loss: 0.2322652 Test Loss: 0.3092488
Validation loss decreased (0.233342 --> 0.232265).  Saving model ...
Updating learning rate to 4.591070521163098e-06
	iters: 100, epoch: 3 | loss: 0.3843043
	speed: 0.1164s/iter; left time: 3023.7003s
	iters: 200, epoch: 3 | loss: 0.3262099
	speed: 0.0480s/iter; left time: 1240.6250s
Epoch: 3 cost time: 12.767836570739746
Epoch: 3, Steps: 266 | Train Loss: 0.4473825 Vali Loss: 0.2309215 Test Loss: 0.3073052
Validation loss decreased (0.232265 --> 0.230921).  Saving model ...
Updating learning rate to 5.326491995236255e-06
	iters: 100, epoch: 4 | loss: 0.3232614
	speed: 0.1171s/iter; left time: 3008.8106s
	iters: 200, epoch: 4 | loss: 0.4955872
	speed: 0.0479s/iter; left time: 1227.6064s
Epoch: 4 cost time: 12.759902477264404
Epoch: 4, Steps: 266 | Train Loss: 0.4449139 Vali Loss: 0.2295015 Test Loss: 0.3053201
Validation loss decreased (0.230921 --> 0.229502).  Saving model ...
Updating learning rate to 6.349725236277868e-06
	iters: 100, epoch: 5 | loss: 0.3805282
	speed: 0.1168s/iter; left time: 2971.4974s
	iters: 200, epoch: 5 | loss: 0.4750675
	speed: 0.0478s/iter; left time: 1210.9788s
Epoch: 5 cost time: 12.74673867225647
Epoch: 5, Steps: 266 | Train Loss: 0.4412276 Vali Loss: 0.2277635 Test Loss: 0.3030186
Validation loss decreased (0.229502 --> 0.227763).  Saving model ...
Updating learning rate to 7.654460485717921e-06
	iters: 100, epoch: 6 | loss: 0.4804889
	speed: 0.1135s/iter; left time: 2856.9270s
	iters: 200, epoch: 6 | loss: 0.3002339
	speed: 0.0478s/iter; left time: 1197.8383s
Epoch: 6 cost time: 12.714256763458252
Epoch: 6, Steps: 266 | Train Loss: 0.4367629 Vali Loss: 0.2254683 Test Loss: 0.2999250
Validation loss decreased (0.227763 --> 0.225468).  Saving model ...
Updating learning rate to 9.232652105385623e-06
	iters: 100, epoch: 7 | loss: 0.3926447
	speed: 0.1140s/iter; left time: 2839.5911s
	iters: 200, epoch: 7 | loss: 0.5616559
	speed: 0.0478s/iter; left time: 1185.0706s
Epoch: 7 cost time: 12.713451147079468
Epoch: 7, Steps: 266 | Train Loss: 0.4326171 Vali Loss: 0.2230362 Test Loss: 0.2967914
Validation loss decreased (0.225468 --> 0.223036).  Saving model ...
Updating learning rate to 1.1074568190864783e-05
	iters: 100, epoch: 8 | loss: 0.4453252
	speed: 0.1136s/iter; left time: 2798.1750s
	iters: 200, epoch: 8 | loss: 0.3712145
	speed: 0.0479s/iter; left time: 1176.3054s
Epoch: 8 cost time: 12.726812362670898
Epoch: 8, Steps: 266 | Train Loss: 0.4275236 Vali Loss: 0.2202318 Test Loss: 0.2929076
Validation loss decreased (0.223036 --> 0.220232).  Saving model ...
Updating learning rate to 1.316885058319476e-05
	iters: 100, epoch: 9 | loss: 0.3540949
	speed: 0.1134s/iter; left time: 2764.9375s
	iters: 200, epoch: 9 | loss: 0.4799900
	speed: 0.0478s/iter; left time: 1159.9494s
Epoch: 9 cost time: 12.720386266708374
Epoch: 9, Steps: 266 | Train Loss: 0.4210806 Vali Loss: 0.2168189 Test Loss: 0.2885695
Validation loss decreased (0.220232 --> 0.216819).  Saving model ...
Updating learning rate to 1.5502584908855415e-05
	iters: 100, epoch: 10 | loss: 0.3522998
	speed: 0.1150s/iter; left time: 2771.8227s
	iters: 200, epoch: 10 | loss: 0.3390685
	speed: 0.0484s/iter; left time: 1160.8662s
Epoch: 10 cost time: 12.936493396759033
Epoch: 10, Steps: 266 | Train Loss: 0.4139992 Vali Loss: 0.2129502 Test Loss: 0.2835353
Validation loss decreased (0.216819 --> 0.212950).  Saving model ...
Updating learning rate to 1.806138021613527e-05
	iters: 100, epoch: 11 | loss: 0.3621847
	speed: 0.1143s/iter; left time: 2725.4512s
	iters: 200, epoch: 11 | loss: 0.3545963
	speed: 0.0486s/iter; left time: 1154.6253s
Epoch: 11 cost time: 12.910152196884155
Epoch: 11, Steps: 266 | Train Loss: 0.4066246 Vali Loss: 0.2087032 Test Loss: 0.2779742
Validation loss decreased (0.212950 --> 0.208703).  Saving model ...
Updating learning rate to 2.0829457716805565e-05
	iters: 100, epoch: 12 | loss: 0.4202099
	speed: 0.1144s/iter; left time: 2695.8729s
	iters: 200, epoch: 12 | loss: 0.2936207
	speed: 0.0481s/iter; left time: 1129.6325s
Epoch: 12 cost time: 12.802577495574951
Epoch: 12, Steps: 266 | Train Loss: 0.3975911 Vali Loss: 0.2039422 Test Loss: 0.2718081
Validation loss decreased (0.208703 --> 0.203942).  Saving model ...
Updating learning rate to 2.3789748085875986e-05
	iters: 100, epoch: 13 | loss: 0.2867628
	speed: 0.1145s/iter; left time: 2667.8960s
	iters: 200, epoch: 13 | loss: 0.3201316
	speed: 0.0481s/iter; left time: 1117.3959s
Epoch: 13 cost time: 12.824145555496216
Epoch: 13, Steps: 266 | Train Loss: 0.3878189 Vali Loss: 0.1987427 Test Loss: 0.2652578
Validation loss decreased (0.203942 --> 0.198743).  Saving model ...
Updating learning rate to 2.6923996719433387e-05
	iters: 100, epoch: 14 | loss: 0.4527227
	speed: 0.1142s/iter; left time: 2630.7339s
	iters: 200, epoch: 14 | loss: 0.2521337
	speed: 0.0481s/iter; left time: 1104.1422s
Epoch: 14 cost time: 12.814311981201172
Epoch: 14, Steps: 266 | Train Loss: 0.3775549 Vali Loss: 0.1932901 Test Loss: 0.2581910
Validation loss decreased (0.198743 --> 0.193290).  Saving model ...
Updating learning rate to 3.021287630149266e-05
	iters: 100, epoch: 15 | loss: 0.2980108
	speed: 0.1145s/iter; left time: 2608.8697s
	iters: 200, epoch: 15 | loss: 0.3426362
	speed: 0.0481s/iter; left time: 1091.5408s
Epoch: 15 cost time: 12.80290675163269
Epoch: 15, Steps: 266 | Train Loss: 0.3668958 Vali Loss: 0.1872309 Test Loss: 0.2507052
Validation loss decreased (0.193290 --> 0.187231).  Saving model ...
Updating learning rate to 3.363610598571669e-05
	iters: 100, epoch: 16 | loss: 0.4152606
	speed: 0.1142s/iter; left time: 2569.7325s
	iters: 200, epoch: 16 | loss: 0.3352330
	speed: 0.0479s/iter; left time: 1074.3434s
Epoch: 16 cost time: 12.774342060089111
Epoch: 16, Steps: 266 | Train Loss: 0.3550157 Vali Loss: 0.1809158 Test Loss: 0.2428312
Validation loss decreased (0.187231 --> 0.180916).  Saving model ...
Updating learning rate to 3.717257645707274e-05
	iters: 100, epoch: 17 | loss: 0.3357270
	speed: 0.1132s/iter; left time: 2518.6018s
	iters: 200, epoch: 17 | loss: 0.2698607
	speed: 0.0478s/iter; left time: 1057.9085s
Epoch: 17 cost time: 12.711071252822876
Epoch: 17, Steps: 266 | Train Loss: 0.3418101 Vali Loss: 0.1743893 Test Loss: 0.2347427
Validation loss decreased (0.180916 --> 0.174389).  Saving model ...
Updating learning rate to 4.08004801022336e-05
	iters: 100, epoch: 18 | loss: 0.3248483
	speed: 0.1142s/iter; left time: 2510.3041s
	iters: 200, epoch: 18 | loss: 0.2795541
	speed: 0.0478s/iter; left time: 1045.6177s
Epoch: 18 cost time: 12.719529628753662
Epoch: 18, Steps: 266 | Train Loss: 0.3299647 Vali Loss: 0.1676427 Test Loss: 0.2264243
Validation loss decreased (0.174389 --> 0.167643).  Saving model ...
Updating learning rate to 4.4497445486028815e-05
	iters: 100, epoch: 19 | loss: 0.3679543
	speed: 0.1136s/iter; left time: 2466.5152s
	iters: 200, epoch: 19 | loss: 0.2617725
	speed: 0.0479s/iter; left time: 1035.8957s
Epoch: 19 cost time: 12.731232404708862
Epoch: 19, Steps: 266 | Train Loss: 0.3167518 Vali Loss: 0.1608087 Test Loss: 0.2182411
Validation loss decreased (0.167643 --> 0.160809).  Saving model ...
Updating learning rate to 4.8240675304698384e-05
	iters: 100, epoch: 20 | loss: 0.2907841
	speed: 0.1132s/iter; left time: 2428.5966s
	iters: 200, epoch: 20 | loss: 0.2908782
	speed: 0.0478s/iter; left time: 1020.0822s
Epoch: 20 cost time: 12.718058347702026
Epoch: 20, Steps: 266 | Train Loss: 0.3037561 Vali Loss: 0.1540581 Test Loss: 0.2103705
Validation loss decreased (0.160809 --> 0.154058).  Saving model ...
Updating learning rate to 5.2007086965261054e-05
	iters: 100, epoch: 21 | loss: 0.2574436
	speed: 0.1139s/iter; left time: 2411.5389s
	iters: 200, epoch: 21 | loss: 0.2488529
	speed: 0.0481s/iter; left time: 1013.4632s
Epoch: 21 cost time: 12.778509855270386
Epoch: 21, Steps: 266 | Train Loss: 0.2917739 Vali Loss: 0.1479439 Test Loss: 0.2031422
Validation loss decreased (0.154058 --> 0.147944).  Saving model ...
Updating learning rate to 5.5773454924116216e-05
	iters: 100, epoch: 22 | loss: 0.3065578
	speed: 0.1169s/iter; left time: 2445.6266s
	iters: 200, epoch: 22 | loss: 0.2654864
	speed: 0.0481s/iter; left time: 1001.3970s
Epoch: 22 cost time: 12.811457395553589
Epoch: 22, Steps: 266 | Train Loss: 0.2805110 Vali Loss: 0.1423364 Test Loss: 0.1967300
Validation loss decreased (0.147944 --> 0.142336).  Saving model ...
Updating learning rate to 5.95165539071495e-05
	iters: 100, epoch: 23 | loss: 0.2376011
	speed: 0.1169s/iter; left time: 2414.4366s
	iters: 200, epoch: 23 | loss: 0.2554250
	speed: 0.0480s/iter; left time: 987.3405s
Epoch: 23 cost time: 12.782551288604736
Epoch: 23, Steps: 266 | Train Loss: 0.2705810 Vali Loss: 0.1377252 Test Loss: 0.1913404
Validation loss decreased (0.142336 --> 0.137725).  Saving model ...
Updating learning rate to 6.321330212817643e-05
	iters: 100, epoch: 24 | loss: 0.2687736
	speed: 0.1167s/iter; left time: 2379.0832s
	iters: 200, epoch: 24 | loss: 0.2420184
	speed: 0.0481s/iter; left time: 975.2326s
Epoch: 24 cost time: 12.80326509475708
Epoch: 24, Steps: 266 | Train Loss: 0.2616446 Vali Loss: 0.1338965 Test Loss: 0.1867462
Validation loss decreased (0.137725 --> 0.133896).  Saving model ...
Updating learning rate to 6.684090362256924e-05
	iters: 100, epoch: 25 | loss: 0.4829403
	speed: 0.1166s/iter; left time: 2345.7052s
	iters: 200, epoch: 25 | loss: 0.2260980
	speed: 0.0481s/iter; left time: 962.3325s
Epoch: 25 cost time: 12.797065258026123
Epoch: 25, Steps: 266 | Train Loss: 0.2543640 Vali Loss: 0.1308032 Test Loss: 0.1827585
Validation loss decreased (0.133896 --> 0.130803).  Saving model ...
Updating learning rate to 7.037698881836747e-05
	iters: 100, epoch: 26 | loss: 0.2326226
	speed: 0.1172s/iter; left time: 2327.3358s
	iters: 200, epoch: 26 | loss: 0.1743267
	speed: 0.0484s/iter; left time: 955.8839s
Epoch: 26 cost time: 12.86115050315857
Epoch: 26, Steps: 266 | Train Loss: 0.2476299 Vali Loss: 0.1283063 Test Loss: 0.1791582
Validation loss decreased (0.130803 --> 0.128306).  Saving model ...
Updating learning rate to 7.379975247804219e-05
	iters: 100, epoch: 27 | loss: 0.1854938
	speed: 0.1147s/iter; left time: 2245.4288s
	iters: 200, epoch: 27 | loss: 0.1856237
	speed: 0.0483s/iter; left time: 940.2394s
Epoch: 27 cost time: 12.863562822341919
Epoch: 27, Steps: 266 | Train Loss: 0.2420506 Vali Loss: 0.1262492 Test Loss: 0.1761820
Validation loss decreased (0.128306 --> 0.126249).  Saving model ...
Updating learning rate to 7.70880881602968e-05
	iters: 100, epoch: 28 | loss: 0.2441222
	speed: 0.1143s/iter; left time: 2207.5065s
	iters: 200, epoch: 28 | loss: 0.2177920
	speed: 0.0481s/iter; left time: 925.2243s
Epoch: 28 cost time: 12.809120893478394
Epoch: 28, Steps: 266 | Train Loss: 0.2370875 Vali Loss: 0.1245499 Test Loss: 0.1735328
Validation loss decreased (0.126249 --> 0.124550).  Saving model ...
Updating learning rate to 8.02217183727475e-05
	iters: 100, epoch: 29 | loss: 0.2213344
	speed: 0.1151s/iter; left time: 2192.9951s
	iters: 200, epoch: 29 | loss: 0.1880961
	speed: 0.0481s/iter; left time: 911.7061s
Epoch: 29 cost time: 12.796989440917969
Epoch: 29, Steps: 266 | Train Loss: 0.2329209 Vali Loss: 0.1229483 Test Loss: 0.1715420
Validation loss decreased (0.124550 --> 0.122948).  Saving model ...
Updating learning rate to 8.318131961289731e-05
	iters: 100, epoch: 30 | loss: 0.2127399
	speed: 0.1141s/iter; left time: 2142.6666s
	iters: 200, epoch: 30 | loss: 0.2507493
	speed: 0.0483s/iter; left time: 902.5026s
Epoch: 30 cost time: 12.817178726196289
Epoch: 30, Steps: 266 | Train Loss: 0.2295926 Vali Loss: 0.1220417 Test Loss: 0.1696610
Validation loss decreased (0.122948 --> 0.122042).  Saving model ...
Updating learning rate to 8.59486415263404e-05
	iters: 100, epoch: 31 | loss: 0.1908629
	speed: 0.1158s/iter; left time: 2144.5118s
	iters: 200, epoch: 31 | loss: 0.1782982
	speed: 0.0481s/iter; left time: 886.1635s
Epoch: 31 cost time: 12.796741247177124
Epoch: 31, Steps: 266 | Train Loss: 0.2268317 Vali Loss: 0.1209163 Test Loss: 0.1682831
Validation loss decreased (0.122042 --> 0.120916).  Saving model ...
Updating learning rate to 8.850661944740828e-05
	iters: 100, epoch: 32 | loss: 0.2931621
	speed: 0.1148s/iter; left time: 2095.7571s
	iters: 200, epoch: 32 | loss: 0.2147028
	speed: 0.0481s/iter; left time: 873.2827s
Epoch: 32 cost time: 12.805872678756714
Epoch: 32, Steps: 266 | Train Loss: 0.2242387 Vali Loss: 0.1201502 Test Loss: 0.1671632
Validation loss decreased (0.120916 --> 0.120150).  Saving model ...
Updating learning rate to 9.083947962827694e-05
	iters: 100, epoch: 33 | loss: 0.2574884
	speed: 0.1138s/iter; left time: 2047.7047s
	iters: 200, epoch: 33 | loss: 0.2421610
	speed: 0.0482s/iter; left time: 862.2877s
Epoch: 33 cost time: 12.813845872879028
Epoch: 33, Steps: 266 | Train Loss: 0.2224304 Vali Loss: 0.1196274 Test Loss: 0.1663056
Validation loss decreased (0.120150 --> 0.119627).  Saving model ...
Updating learning rate to 9.293283650764084e-05
	iters: 100, epoch: 34 | loss: 0.1865107
	speed: 0.1142s/iter; left time: 2024.5596s
	iters: 200, epoch: 34 | loss: 0.1729062
	speed: 0.0481s/iter; left time: 847.9463s
Epoch: 34 cost time: 12.797243356704712
Epoch: 34, Steps: 266 | Train Loss: 0.2205841 Vali Loss: 0.1191616 Test Loss: 0.1656837
Validation loss decreased (0.119627 --> 0.119162).  Saving model ...
Updating learning rate to 9.477378141914727e-05
	iters: 100, epoch: 35 | loss: 0.1759412
	speed: 0.1144s/iter; left time: 1996.5519s
	iters: 200, epoch: 35 | loss: 0.1889853
	speed: 0.0481s/iter; left time: 834.7775s
Epoch: 35 cost time: 12.817318201065063
Epoch: 35, Steps: 266 | Train Loss: 0.2192460 Vali Loss: 0.1188118 Test Loss: 0.1652422
Validation loss decreased (0.119162 --> 0.118812).  Saving model ...
Updating learning rate to 9.635096219257111e-05
	iters: 100, epoch: 36 | loss: 0.2242340
	speed: 0.1146s/iter; left time: 1970.1115s
	iters: 200, epoch: 36 | loss: 0.2117175
	speed: 0.0481s/iter; left time: 822.2331s
Epoch: 36 cost time: 12.812018156051636
Epoch: 36, Steps: 266 | Train Loss: 0.2179012 Vali Loss: 0.1184996 Test Loss: 0.1648600
Validation loss decreased (0.118812 --> 0.118500).  Saving model ...
Updating learning rate to 9.765465315687045e-05
	iters: 100, epoch: 37 | loss: 0.2352945
	speed: 0.1141s/iter; left time: 1931.8480s
	iters: 200, epoch: 37 | loss: 0.1614291
	speed: 0.0481s/iter; left time: 809.9291s
Epoch: 37 cost time: 12.80453372001648
Epoch: 37, Steps: 266 | Train Loss: 0.2167854 Vali Loss: 0.1184355 Test Loss: 0.1645667
Validation loss decreased (0.118500 --> 0.118436).  Saving model ...
Updating learning rate to 9.867681511344941e-05
	iters: 100, epoch: 38 | loss: 0.1702691
	speed: 0.1140s/iter; left time: 1898.5951s
	iters: 200, epoch: 38 | loss: 0.2471304
	speed: 0.0482s/iter; left time: 798.4780s
Epoch: 38 cost time: 12.819071531295776
Epoch: 38, Steps: 266 | Train Loss: 0.2154624 Vali Loss: 0.1184166 Test Loss: 0.1641432
Validation loss decreased (0.118436 --> 0.118417).  Saving model ...
Updating learning rate to 9.941114490980398e-05
	iters: 100, epoch: 39 | loss: 0.3101737
	speed: 0.1139s/iter; left time: 1867.8418s
	iters: 200, epoch: 39 | loss: 0.1869024
	speed: 0.0481s/iter; left time: 784.2834s
Epoch: 39 cost time: 12.809325456619263
Epoch: 39, Steps: 266 | Train Loss: 0.2141297 Vali Loss: 0.1181884 Test Loss: 0.1640290
Validation loss decreased (0.118417 --> 0.118188).  Saving model ...
Updating learning rate to 9.98531143078552e-05
	iters: 100, epoch: 40 | loss: 0.1421887
	speed: 0.1149s/iter; left time: 1853.3043s
	iters: 200, epoch: 40 | loss: 0.3400157
	speed: 0.0481s/iter; left time: 771.1293s
Epoch: 40 cost time: 12.80008053779602
Epoch: 40, Steps: 266 | Train Loss: 0.2137403 Vali Loss: 0.1179880 Test Loss: 0.1638815
Validation loss decreased (0.118188 --> 0.117988).  Saving model ...
Updating learning rate to 9.999999903133806e-05
	iters: 100, epoch: 41 | loss: 0.1955332
	speed: 0.1142s/iter; left time: 1811.1448s
	iters: 200, epoch: 41 | loss: 0.1673060
	speed: 0.0483s/iter; left time: 761.1519s
Epoch: 41 cost time: 12.817703247070312
Epoch: 41, Steps: 266 | Train Loss: 0.2128124 Vali Loss: 0.1179317 Test Loss: 0.1638248
Validation loss decreased (0.117988 --> 0.117932).  Saving model ...
Updating learning rate to 9.993096095176514e-05
	iters: 100, epoch: 42 | loss: 0.2357503
	speed: 0.1143s/iter; left time: 1782.0074s
	iters: 200, epoch: 42 | loss: 0.1835503
	speed: 0.0481s/iter; left time: 745.5246s
Epoch: 42 cost time: 12.80079960823059
Epoch: 42, Steps: 266 | Train Loss: 0.2118945 Vali Loss: 0.1178999 Test Loss: 0.1637606
Validation loss decreased (0.117932 --> 0.117900).  Saving model ...
Updating learning rate to 9.972506612706808e-05
	iters: 100, epoch: 43 | loss: 0.2091518
	speed: 0.1144s/iter; left time: 1753.3985s
	iters: 200, epoch: 43 | loss: 0.1588794
	speed: 0.0481s/iter; left time: 732.4703s
Epoch: 43 cost time: 12.807642459869385
Epoch: 43, Steps: 266 | Train Loss: 0.2104139 Vali Loss: 0.1180245 Test Loss: 0.1635580
EarlyStopping counter: 1 out of 20
Updating learning rate to 9.93828789006498e-05
	iters: 100, epoch: 44 | loss: 0.2268915
	speed: 0.1134s/iter; left time: 1707.5544s
	iters: 200, epoch: 44 | loss: 0.2753449
	speed: 0.0488s/iter; left time: 729.4798s
Epoch: 44 cost time: 12.904871225357056
Epoch: 44, Steps: 266 | Train Loss: 0.2102754 Vali Loss: 0.1181779 Test Loss: 0.1636310
EarlyStopping counter: 2 out of 20
Updating learning rate to 9.890533718391275e-05
	iters: 100, epoch: 45 | loss: 0.2908165
	speed: 0.1141s/iter; left time: 1688.4730s
	iters: 200, epoch: 45 | loss: 0.1858904
	speed: 0.0483s/iter; left time: 710.2179s
Epoch: 45 cost time: 12.86008620262146
Epoch: 45, Steps: 266 | Train Loss: 0.2089863 Vali Loss: 0.1181608 Test Loss: 0.1637062
EarlyStopping counter: 3 out of 20
Updating learning rate to 9.829374988550901e-05
	iters: 100, epoch: 46 | loss: 0.2383940
	speed: 0.1144s/iter; left time: 1662.0620s
	iters: 200, epoch: 46 | loss: 0.1632840
	speed: 0.0482s/iter; left time: 695.8097s
Epoch: 46 cost time: 12.87903118133545
Epoch: 46, Steps: 266 | Train Loss: 0.2080552 Vali Loss: 0.1185044 Test Loss: 0.1636890
EarlyStopping counter: 4 out of 20
Updating learning rate to 9.754979332371259e-05
	iters: 100, epoch: 47 | loss: 0.1858524
	speed: 0.1128s/iter; left time: 1609.2011s
	iters: 200, epoch: 47 | loss: 0.1588237
	speed: 0.0478s/iter; left time: 676.4854s
Epoch: 47 cost time: 12.719326496124268
Epoch: 47, Steps: 266 | Train Loss: 0.2070651 Vali Loss: 0.1187507 Test Loss: 0.1639094
EarlyStopping counter: 5 out of 20
Updating learning rate to 9.667550663174757e-05
	iters: 100, epoch: 48 | loss: 0.1740872
	speed: 0.1132s/iter; left time: 1585.0464s
	iters: 200, epoch: 48 | loss: 0.2589375
	speed: 0.0478s/iter; left time: 663.6993s
Epoch: 48 cost time: 12.702568769454956
Epoch: 48, Steps: 266 | Train Loss: 0.2060530 Vali Loss: 0.1189194 Test Loss: 0.1641155
EarlyStopping counter: 6 out of 20
Updating learning rate to 9.567328616866573e-05
	iters: 100, epoch: 49 | loss: 0.1644411
	speed: 0.1128s/iter; left time: 1549.5234s
	iters: 200, epoch: 49 | loss: 0.1879884
	speed: 0.0479s/iter; left time: 652.4127s
Epoch: 49 cost time: 12.718234062194824
Epoch: 49, Steps: 266 | Train Loss: 0.2053802 Vali Loss: 0.1187900 Test Loss: 0.1642030
EarlyStopping counter: 7 out of 20
Updating learning rate to 9.454587895109285e-05
	iters: 100, epoch: 50 | loss: 0.2090940
	speed: 0.1129s/iter; left time: 1520.0597s
	iters: 200, epoch: 50 | loss: 0.1654584
	speed: 0.0478s/iter; left time: 638.9859s
Epoch: 50 cost time: 12.714657068252563
Epoch: 50, Steps: 266 | Train Loss: 0.2039701 Vali Loss: 0.1193313 Test Loss: 0.1644743
EarlyStopping counter: 8 out of 20
Updating learning rate to 9.329637512384722e-05
	iters: 100, epoch: 51 | loss: 0.2708370
	speed: 0.1137s/iter; left time: 1500.5736s
	iters: 200, epoch: 51 | loss: 0.2223162
	speed: 0.0478s/iter; left time: 625.7108s
Epoch: 51 cost time: 12.709399461746216
Epoch: 51, Steps: 266 | Train Loss: 0.2030432 Vali Loss: 0.1194831 Test Loss: 0.1646406
EarlyStopping counter: 9 out of 20
Updating learning rate to 9.192819949006735e-05
	iters: 100, epoch: 52 | loss: 0.1869206
	speed: 0.1127s/iter; left time: 1458.3211s
	iters: 200, epoch: 52 | loss: 0.2469458
	speed: 0.0479s/iter; left time: 614.8263s
Epoch: 52 cost time: 12.71946930885315
Epoch: 52, Steps: 266 | Train Loss: 0.2024070 Vali Loss: 0.1198219 Test Loss: 0.1649882
EarlyStopping counter: 10 out of 20
Updating learning rate to 9.044510212406473e-05
	iters: 100, epoch: 53 | loss: 0.2488298
	speed: 0.1128s/iter; left time: 1429.3118s
	iters: 200, epoch: 53 | loss: 0.2541938
	speed: 0.0478s/iter; left time: 600.2298s
Epoch: 53 cost time: 12.7038893699646
Epoch: 53, Steps: 266 | Train Loss: 0.2016319 Vali Loss: 0.1196466 Test Loss: 0.1649611
EarlyStopping counter: 11 out of 20
Updating learning rate to 8.885114809263072e-05
	iters: 100, epoch: 54 | loss: 0.2045438
	speed: 0.1131s/iter; left time: 1402.8562s
	iters: 200, epoch: 54 | loss: 0.2114274
	speed: 0.0478s/iter; left time: 587.5736s
Epoch: 54 cost time: 12.71839165687561
Epoch: 54, Steps: 266 | Train Loss: 0.2004798 Vali Loss: 0.1200493 Test Loss: 0.1651069
EarlyStopping counter: 12 out of 20
Updating learning rate to 8.71507063129711e-05
	iters: 100, epoch: 55 | loss: 0.2587126
	speed: 0.1127s/iter; left time: 1368.2909s
	iters: 200, epoch: 55 | loss: 0.2367011
	speed: 0.0478s/iter; left time: 575.3233s
Epoch: 55 cost time: 12.72283124923706
Epoch: 55, Steps: 266 | Train Loss: 0.1999745 Vali Loss: 0.1200979 Test Loss: 0.1653349
EarlyStopping counter: 13 out of 20
Updating learning rate to 8.534843757780764e-05
	iters: 100, epoch: 56 | loss: 0.2076241
	speed: 0.1129s/iter; left time: 1340.2711s
	iters: 200, epoch: 56 | loss: 0.2601694
	speed: 0.0478s/iter; left time: 562.1203s
Epoch: 56 cost time: 12.703754425048828
Epoch: 56, Steps: 266 | Train Loss: 0.1989545 Vali Loss: 0.1203151 Test Loss: 0.1658180
EarlyStopping counter: 14 out of 20
Updating learning rate to 8.34492817804693e-05
	iters: 100, epoch: 57 | loss: 0.1964846
	speed: 0.1130s/iter; left time: 1310.8784s
	iters: 200, epoch: 57 | loss: 0.1916758
	speed: 0.0478s/iter; left time: 549.8487s
Epoch: 57 cost time: 12.72297978401184
Epoch: 57, Steps: 266 | Train Loss: 0.1985387 Vali Loss: 0.1206411 Test Loss: 0.1660360
EarlyStopping counter: 15 out of 20
Updating learning rate to 8.145844437498785e-05
	iters: 100, epoch: 58 | loss: 0.1687166
	speed: 0.1127s/iter; left time: 1278.3914s
	iters: 200, epoch: 58 | loss: 0.2203704
	speed: 0.0478s/iter; left time: 536.8178s
Epoch: 58 cost time: 12.712230443954468
Epoch: 58, Steps: 266 | Train Loss: 0.1981432 Vali Loss: 0.1205298 Test Loss: 0.1661888
EarlyStopping counter: 16 out of 20
Updating learning rate to 7.938138210831032e-05
	iters: 100, epoch: 59 | loss: 0.2612900
	speed: 0.1133s/iter; left time: 1254.2123s
	iters: 200, epoch: 59 | loss: 0.1869294
	speed: 0.0478s/iter; left time: 524.0066s
Epoch: 59 cost time: 12.703614234924316
Epoch: 59, Steps: 266 | Train Loss: 0.1974136 Vali Loss: 0.1207015 Test Loss: 0.1661328
EarlyStopping counter: 17 out of 20
Updating learning rate to 7.722378806373484e-05
	iters: 100, epoch: 60 | loss: 0.2090419
	speed: 0.1128s/iter; left time: 1219.1059s
	iters: 200, epoch: 60 | loss: 0.1491466
	speed: 0.0479s/iter; left time: 512.7450s
Epoch: 60 cost time: 12.71979808807373
Epoch: 60, Steps: 266 | Train Loss: 0.1966762 Vali Loss: 0.1205906 Test Loss: 0.1661319
EarlyStopping counter: 18 out of 20
Updating learning rate to 7.499157605656507e-05
	iters: 100, epoch: 61 | loss: 0.1389953
	speed: 0.1127s/iter; left time: 1188.4404s
	iters: 200, epoch: 61 | loss: 0.2426556
	speed: 0.0478s/iter; left time: 498.5629s
Epoch: 61 cost time: 12.704210042953491
Epoch: 61, Steps: 266 | Train Loss: 0.1961513 Vali Loss: 0.1207120 Test Loss: 0.1661930
EarlyStopping counter: 19 out of 20
Updating learning rate to 7.26908644247535e-05
	iters: 100, epoch: 62 | loss: 0.2728766
	speed: 0.1134s/iter; left time: 1165.6817s
	iters: 200, epoch: 62 | loss: 0.2131811
	speed: 0.0478s/iter; left time: 485.9867s
Epoch: 62 cost time: 12.710005521774292
Epoch: 62, Steps: 266 | Train Loss: 0.1956703 Vali Loss: 0.1207275 Test Loss: 0.1663374
EarlyStopping counter: 20 out of 20
Early stopping
>>>>>>>testing : NL_ettm2_flatten_lr0.0001_5steps_336_96_PatchTST_ETTm2_ftM_sl336_ll48_pl96_dm128_nh16_el3_dl1_df256_fc1_ebtimeF_dtTruelr0.0001_pol5steps_Nested_Learning_0<<<<<<<<<<<<<<<<<<<<<<<<<<<<<<<<<
test 11425
 Ejecutando Inferencia DINÁMICA (Nested Learning con flatten)
  -> Política: 5steps | LR: 0.0001 | Target: head

RESUMEN: El CMS se actualizó 18 veces de 89 posibles.

mse:0.16369716823101044, mae:0.25237932801246643, rse:0.3277677595615387
Args in experiment:
Namespace(random_seed=2021, is_training=1, model_id='NL_ettm2_flatten_lr0.0001_5steps_336_192', model='PatchTST', data='ETTm2', root_path='./dataset/', data_path='ETTm2.csv', features='M', target='OT', freq='h', checkpoints='./checkpoints/', seq_len=336, label_len=48, pred_len=192, head_type='flatten', cms_lr=0.0001, update_policy='5steps', fc_dropout=0.2, head_dropout=0.0, patch_len=16, stride=8, padding_patch='end', revin=1, affine=0, subtract_last=0, decomposition=0, kernel_size=25, individual=0, embed_type=0, enc_in=7, dec_in=7, c_out=7, d_model=128, n_heads=16, e_layers=3, d_layers=1, d_ff=256, moving_avg=25, factor=1, distil=True, dropout=0.2, embed='timeF', activation='gelu', output_attention=False, do_predict=False, num_workers=0, itr=1, train_epochs=100, batch_size=128, patience=20, learning_rate=0.0001, des='Nested_Learning', loss='mse', lradj='TST', pct_start=0.4, use_amp=False, use_gpu=True, gpu=0, use_multi_gpu=False, devices='0,1,2,3', test_flop=False)
Use GPU: cuda:0
>>>>>>>start training : NL_ettm2_flatten_lr0.0001_5steps_336_192_PatchTST_ETTm2_ftM_sl336_ll48_pl192_dm128_nh16_el3_dl1_df256_fc1_ebtimeF_dtTruelr0.0001_pol5steps_Nested_Learning_0>>>>>>>>>>>>>>>>>>>>>>>>>>
train 34033
val 11329
test 11329
	iters: 100, epoch: 1 | loss: 0.4163829
	speed: 0.0737s/iter; left time: 1946.2414s
	iters: 200, epoch: 1 | loss: 0.5755876
	speed: 0.0521s/iter; left time: 1371.3871s
Epoch: 1 cost time: 14.11471700668335
Epoch: 1, Steps: 265 | Train Loss: 0.5049553 Vali Loss: 0.2579483 Test Loss: 0.3410399
Validation loss decreased (inf --> 0.257948).  Saving model ...
Updating learning rate to 4.147995888890545e-06
	iters: 100, epoch: 2 | loss: 0.3197735
	speed: 0.1227s/iter; left time: 3206.3969s
	iters: 200, epoch: 2 | loss: 0.3666581
	speed: 0.0524s/iter; left time: 1363.2058s
Epoch: 2 cost time: 13.877436876296997
Epoch: 2, Steps: 265 | Train Loss: 0.5038173 Vali Loss: 0.2573958 Test Loss: 0.3402594
Validation loss decreased (0.257948 --> 0.257396).  Saving model ...
Updating learning rate to 4.591070939598485e-06
	iters: 100, epoch: 3 | loss: 0.6634279
	speed: 0.1220s/iter; left time: 3156.6258s
	iters: 200, epoch: 3 | loss: 0.5963867
	speed: 0.0526s/iter; left time: 1355.5640s
Epoch: 3 cost time: 13.906871795654297
Epoch: 3, Steps: 265 | Train Loss: 0.5020252 Vali Loss: 0.2565195 Test Loss: 0.3388653
Validation loss decreased (0.257396 --> 0.256520).  Saving model ...
Updating learning rate to 5.326492931874866e-06
	iters: 100, epoch: 4 | loss: 0.5629413
	speed: 0.1221s/iter; left time: 3125.6709s
	iters: 200, epoch: 4 | loss: 0.7973310
	speed: 0.0525s/iter; left time: 1338.4382s
Epoch: 4 cost time: 13.914304971694946
Epoch: 4, Steps: 265 | Train Loss: 0.5002506 Vali Loss: 0.2554052 Test Loss: 0.3375075
Validation loss decreased (0.256520 --> 0.255405).  Saving model ...
Updating learning rate to 6.349726889409005e-06
	iters: 100, epoch: 5 | loss: 0.6266304
	speed: 0.1250s/iter; left time: 3167.9499s
	iters: 200, epoch: 5 | loss: 0.4965177
	speed: 0.0525s/iter; left time: 1325.3547s
Epoch: 5 cost time: 13.909226894378662
Epoch: 5, Steps: 265 | Train Loss: 0.4980222 Vali Loss: 0.2542094 Test Loss: 0.3356362
Validation loss decreased (0.255405 --> 0.254209).  Saving model ...
Updating learning rate to 7.654463044738896e-06
	iters: 100, epoch: 6 | loss: 0.4428586
	speed: 0.1219s/iter; left time: 3057.9699s
	iters: 200, epoch: 6 | loss: 0.3456142
	speed: 0.0525s/iter; left time: 1312.0743s
Epoch: 6 cost time: 13.922454595565796
Epoch: 6, Steps: 265 | Train Loss: 0.4953083 Vali Loss: 0.2527635 Test Loss: 0.3338682
Validation loss decreased (0.254209 --> 0.252763).  Saving model ...
Updating learning rate to 9.232655748403029e-06
	iters: 100, epoch: 7 | loss: 0.3719738
	speed: 0.1216s/iter; left time: 3018.0971s
	iters: 200, epoch: 7 | loss: 0.6266044
	speed: 0.0525s/iter; left time: 1297.1812s
Epoch: 7 cost time: 13.922310829162598
Epoch: 7, Steps: 265 | Train Loss: 0.4919670 Vali Loss: 0.2509670 Test Loss: 0.3316703
Validation loss decreased (0.252763 --> 0.250967).  Saving model ...
Updating learning rate to 1.107457308240065e-05
	iters: 100, epoch: 8 | loss: 0.4657697
	speed: 0.1221s/iter; left time: 2998.0031s
	iters: 200, epoch: 8 | loss: 0.7465749
	speed: 0.0525s/iter; left time: 1283.1373s
Epoch: 8 cost time: 13.907133340835571
Epoch: 8, Steps: 265 | Train Loss: 0.4879501 Vali Loss: 0.2491796 Test Loss: 0.3289754
Validation loss decreased (0.250967 --> 0.249180).  Saving model ...
Updating learning rate to 1.3168856872018862e-05
	iters: 100, epoch: 9 | loss: 0.4176476
	speed: 0.1221s/iter; left time: 2964.3913s
	iters: 200, epoch: 9 | loss: 0.3022997
	speed: 0.0525s/iter; left time: 1270.2881s
Epoch: 9 cost time: 13.92733359336853
Epoch: 9, Steps: 265 | Train Loss: 0.4833021 Vali Loss: 0.2470222 Test Loss: 0.3260537
Validation loss decreased (0.249180 --> 0.247022).  Saving model ...
Updating learning rate to 1.550259272596464e-05
	iters: 100, epoch: 10 | loss: 0.3818366
	speed: 0.1217s/iter; left time: 2923.2964s
	iters: 200, epoch: 10 | loss: 0.5129319
	speed: 0.0526s/iter; left time: 1257.5344s
Epoch: 10 cost time: 13.927007913589478
Epoch: 10, Steps: 265 | Train Loss: 0.4790086 Vali Loss: 0.2446335 Test Loss: 0.3227964
Validation loss decreased (0.247022 --> 0.244633).  Saving model ...
Updating learning rate to 1.806138967289881e-05
	iters: 100, epoch: 11 | loss: 0.3868837
	speed: 0.1228s/iter; left time: 2916.5913s
	iters: 200, epoch: 11 | loss: 0.4437639
	speed: 0.0525s/iter; left time: 1241.5803s
Epoch: 11 cost time: 13.910728454589844
Epoch: 11, Steps: 265 | Train Loss: 0.4735610 Vali Loss: 0.2415877 Test Loss: 0.3188162
Validation loss decreased (0.244633 --> 0.241588).  Saving model ...
Updating learning rate to 2.0829468903294163e-05
	iters: 100, epoch: 12 | loss: 0.5327922
	speed: 0.1226s/iter; left time: 2880.2040s
	iters: 200, epoch: 12 | loss: 0.3761602
	speed: 0.0525s/iter; left time: 1227.5119s
Epoch: 12 cost time: 13.929953813552856
Epoch: 12, Steps: 265 | Train Loss: 0.4680826 Vali Loss: 0.2386616 Test Loss: 0.3148580
Validation loss decreased (0.241588 --> 0.238662).  Saving model ...
Updating learning rate to 2.3789761069391508e-05
	iters: 100, epoch: 13 | loss: 0.5317181
	speed: 0.1249s/iter; left time: 2899.2710s
	iters: 200, epoch: 13 | loss: 0.4347225
	speed: 0.0532s/iter; left time: 1230.6428s
Epoch: 13 cost time: 14.043416738510132
Epoch: 13, Steps: 265 | Train Loss: 0.4613125 Vali Loss: 0.2349585 Test Loss: 0.3102885
Validation loss decreased (0.238662 --> 0.234958).  Saving model ...
Updating learning rate to 2.692401154325343e-05
	iters: 100, epoch: 14 | loss: 0.7178690
	speed: 0.1250s/iter; left time: 2869.5173s
	iters: 200, epoch: 14 | loss: 0.4152783
	speed: 0.0528s/iter; left time: 1206.2633s
Epoch: 14 cost time: 13.999860763549805
Epoch: 14, Steps: 265 | Train Loss: 0.4534934 Vali Loss: 0.2310479 Test Loss: 0.3054470
Validation loss decreased (0.234958 --> 0.231048).  Saving model ...
Updating learning rate to 3.0212892983843068e-05
	iters: 100, epoch: 15 | loss: 0.5148029
	speed: 0.1262s/iter; left time: 2863.0552s
	iters: 200, epoch: 15 | loss: 0.3489698
	speed: 0.0528s/iter; left time: 1192.6896s
Epoch: 15 cost time: 13.994864225387573
Epoch: 15, Steps: 265 | Train Loss: 0.4466218 Vali Loss: 0.2270620 Test Loss: 0.3003443
Validation loss decreased (0.231048 --> 0.227062).  Saving model ...
Updating learning rate to 3.3636124518983084e-05
	iters: 100, epoch: 16 | loss: 0.4511838
	speed: 0.1252s/iter; left time: 2808.6577s
	iters: 200, epoch: 16 | loss: 0.3551980
	speed: 0.0530s/iter; left time: 1183.9148s
Epoch: 16 cost time: 14.04755425453186
Epoch: 16, Steps: 265 | Train Loss: 0.4378162 Vali Loss: 0.2225457 Test Loss: 0.2948112
Validation loss decreased (0.227062 --> 0.222546).  Saving model ...
Updating learning rate to 3.717259680726015e-05
	iters: 100, epoch: 17 | loss: 0.5330039
	speed: 0.1249s/iter; left time: 2767.9526s
	iters: 200, epoch: 17 | loss: 0.6079925
	speed: 0.0528s/iter; left time: 1164.2721s
Epoch: 17 cost time: 14.020212650299072
Epoch: 17, Steps: 265 | Train Loss: 0.4288996 Vali Loss: 0.2178243 Test Loss: 0.2890196
Validation loss decreased (0.222546 --> 0.217824).  Saving model ...
Updating learning rate to 4.080050220868085e-05
	iters: 100, epoch: 18 | loss: 0.4070547
	speed: 0.1257s/iter; left time: 2752.4648s
	iters: 200, epoch: 18 | loss: 0.3355308
	speed: 0.0528s/iter; left time: 1151.1231s
Epoch: 18 cost time: 13.990153312683105
Epoch: 18, Steps: 265 | Train Loss: 0.4198602 Vali Loss: 0.2129774 Test Loss: 0.2829225
Validation loss decreased (0.217824 --> 0.212977).  Saving model ...
Updating learning rate to 4.449746926138297e-05
	iters: 100, epoch: 19 | loss: 0.4710861
	speed: 0.1255s/iter; left time: 2715.7597s
	iters: 200, epoch: 19 | loss: 0.6441438
	speed: 0.0528s/iter; left time: 1136.8988s
Epoch: 19 cost time: 14.039972305297852
Epoch: 19, Steps: 265 | Train Loss: 0.4090829 Vali Loss: 0.2074195 Test Loss: 0.2765864
Validation loss decreased (0.212977 --> 0.207420).  Saving model ...
Updating learning rate to 4.824070063515135e-05
	iters: 100, epoch: 20 | loss: 0.4116904
	speed: 0.1256s/iter; left time: 2682.5445s
	iters: 200, epoch: 20 | loss: 0.3236490
	speed: 0.0531s/iter; left time: 1129.7516s
Epoch: 20 cost time: 14.044907093048096
Epoch: 20, Steps: 265 | Train Loss: 0.3997592 Vali Loss: 0.2022184 Test Loss: 0.2702965
Validation loss decreased (0.207420 --> 0.202218).  Saving model ...
Updating learning rate to 5.200711371104918e-05
	iters: 100, epoch: 21 | loss: 0.3073645
	speed: 0.1416s/iter; left time: 2988.1980s
	iters: 200, epoch: 21 | loss: 0.4088584
	speed: 0.0528s/iter; left time: 1107.8214s
Epoch: 21 cost time: 15.241494178771973
Epoch: 21, Steps: 265 | Train Loss: 0.3894389 Vali Loss: 0.1967652 Test Loss: 0.2640236
Validation loss decreased (0.202218 --> 0.196765).  Saving model ...
Updating learning rate to 5.577348292028073e-05
	iters: 100, epoch: 22 | loss: 0.2686044
	speed: 0.1276s/iter; left time: 2659.0922s
	iters: 200, epoch: 22 | loss: 0.3068611
	speed: 0.0529s/iter; left time: 1097.2316s
Epoch: 22 cost time: 14.021939992904663
Epoch: 22, Steps: 265 | Train Loss: 0.3791054 Vali Loss: 0.1916095 Test Loss: 0.2579874
Validation loss decreased (0.196765 --> 0.191610).  Saving model ...
Updating learning rate to 5.9516582964553954e-05
	iters: 100, epoch: 23 | loss: 0.3756659
	speed: 0.1252s/iter; left time: 2575.7552s
	iters: 200, epoch: 23 | loss: 0.3366763
	speed: 0.0529s/iter; left time: 1083.1073s
Epoch: 23 cost time: 14.013005495071411
Epoch: 23, Steps: 265 | Train Loss: 0.3695603 Vali Loss: 0.1867321 Test Loss: 0.2523768
Validation loss decreased (0.191610 --> 0.186732).  Saving model ...
Updating learning rate to 6.321333203477474e-05
	iters: 100, epoch: 24 | loss: 0.3404004
	speed: 0.1250s/iter; left time: 2538.4921s
	iters: 200, epoch: 24 | loss: 0.3624444
	speed: 0.0530s/iter; left time: 1070.1189s
Epoch: 24 cost time: 14.018486261367798
Epoch: 24, Steps: 265 | Train Loss: 0.3601786 Vali Loss: 0.1821126 Test Loss: 0.2472996
Validation loss decreased (0.186732 --> 0.182113).  Saving model ...
Updating learning rate to 6.684093414491588e-05
	iters: 100, epoch: 25 | loss: 0.3707761
	speed: 0.1250s/iter; left time: 2505.4171s
	iters: 200, epoch: 25 | loss: 0.3327847
	speed: 0.0531s/iter; left time: 1058.2899s
Epoch: 25 cost time: 14.01654839515686
Epoch: 25, Steps: 265 | Train Loss: 0.3516296 Vali Loss: 0.1780393 Test Loss: 0.2429148
Validation loss decreased (0.182113 --> 0.178039).  Saving model ...
Updating learning rate to 7.037701970335941e-05
	iters: 100, epoch: 26 | loss: 0.3004599
	speed: 0.1275s/iter; left time: 2521.8022s
	iters: 200, epoch: 26 | loss: 0.3030109
	speed: 0.0530s/iter; left time: 1042.1271s
Epoch: 26 cost time: 14.011522769927979
Epoch: 26, Steps: 265 | Train Loss: 0.3441025 Vali Loss: 0.1748893 Test Loss: 0.2392647
Validation loss decreased (0.178039 --> 0.174889).  Saving model ...
Updating learning rate to 7.379978345487968e-05
	iters: 100, epoch: 27 | loss: 0.2993945
	speed: 0.1253s/iter; left time: 2444.9423s
	iters: 200, epoch: 27 | loss: 0.2696517
	speed: 0.0525s/iter; left time: 1018.6951s
Epoch: 27 cost time: 13.947934627532959
Epoch: 27, Steps: 265 | Train Loss: 0.3380277 Vali Loss: 0.1718008 Test Loss: 0.2360349
Validation loss decreased (0.174889 --> 0.171801).  Saving model ...
Updating learning rate to 7.70881189426489e-05
	iters: 100, epoch: 28 | loss: 0.2924733
	speed: 0.1219s/iter; left time: 2346.6044s
	iters: 200, epoch: 28 | loss: 0.3750924
	speed: 0.0525s/iter; left time: 1005.2290s
Epoch: 28 cost time: 13.909231424331665
Epoch: 28, Steps: 265 | Train Loss: 0.3321764 Vali Loss: 0.1696729 Test Loss: 0.2333326
Validation loss decreased (0.171801 --> 0.169673).  Saving model ...
Updating learning rate to 8.022174866110521e-05
	iters: 100, epoch: 29 | loss: 0.2173176
	speed: 0.1219s/iter; left time: 2313.4960s
	iters: 200, epoch: 29 | loss: 0.3743806
	speed: 0.0525s/iter; left time: 991.0360s
Epoch: 29 cost time: 13.905910015106201
Epoch: 29, Steps: 265 | Train Loss: 0.3267730 Vali Loss: 0.1676871 Test Loss: 0.2309424
Validation loss decreased (0.169673 --> 0.167687).  Saving model ...
Updating learning rate to 8.318134909709714e-05
	iters: 100, epoch: 30 | loss: 0.2427945
	speed: 0.1220s/iter; left time: 2283.6312s
	iters: 200, epoch: 30 | loss: 0.3925811
	speed: 0.0525s/iter; left time: 977.2898s
Epoch: 30 cost time: 13.912718296051025
Epoch: 30, Steps: 265 | Train Loss: 0.3228581 Vali Loss: 0.1658772 Test Loss: 0.2289153
Validation loss decreased (0.167687 --> 0.165877).  Saving model ...
Updating learning rate to 8.594866988823775e-05
	iters: 100, epoch: 31 | loss: 0.6367900
	speed: 0.1221s/iter; left time: 2252.2448s
	iters: 200, epoch: 31 | loss: 0.4764659
	speed: 0.0525s/iter; left time: 962.8785s
Epoch: 31 cost time: 13.912557125091553
Epoch: 31, Steps: 265 | Train Loss: 0.3193926 Vali Loss: 0.1645341 Test Loss: 0.2271526
Validation loss decreased (0.165877 --> 0.164534).  Saving model ...
Updating learning rate to 8.850664636367998e-05
	iters: 100, epoch: 32 | loss: 0.3294460
	speed: 0.1220s/iter; left time: 2217.9504s
	iters: 200, epoch: 32 | loss: 0.3924050
	speed: 0.0525s/iter; left time: 948.9057s
Epoch: 32 cost time: 13.907592296600342
Epoch: 32, Steps: 265 | Train Loss: 0.3156690 Vali Loss: 0.1634863 Test Loss: 0.2257441
Validation loss decreased (0.164534 --> 0.163486).  Saving model ...
Updating learning rate to 9.083950477333033e-05
	iters: 100, epoch: 33 | loss: 0.3984556
	speed: 0.1218s/iter; left time: 2181.8874s
	iters: 200, epoch: 33 | loss: 0.4164827
	speed: 0.0525s/iter; left time: 935.7121s
Epoch: 33 cost time: 13.911219596862793
Epoch: 33, Steps: 265 | Train Loss: 0.3139542 Vali Loss: 0.1623607 Test Loss: 0.2244775
Validation loss decreased (0.163486 --> 0.162361).  Saving model ...
Updating learning rate to 9.293285955660577e-05
	iters: 100, epoch: 34 | loss: 0.2841519
	speed: 0.1223s/iter; left time: 2158.7045s
	iters: 200, epoch: 34 | loss: 0.3175755
	speed: 0.0525s/iter; left time: 921.1699s
Epoch: 34 cost time: 13.905044555664062
Epoch: 34, Steps: 265 | Train Loss: 0.3116564 Vali Loss: 0.1615724 Test Loss: 0.2236200
Validation loss decreased (0.162361 --> 0.161572).  Saving model ...
Updating learning rate to 9.477380205092656e-05
	iters: 100, epoch: 35 | loss: 0.3065852
	speed: 0.1218s/iter; left time: 2118.2553s
	iters: 200, epoch: 35 | loss: 0.1949441
	speed: 0.0525s/iter; left time: 907.1758s
Epoch: 35 cost time: 13.902103900909424
Epoch: 35, Steps: 265 | Train Loss: 0.3097637 Vali Loss: 0.1608585 Test Loss: 0.2228351
Validation loss decreased (0.161572 --> 0.160859).  Saving model ...
Updating learning rate to 9.635098009292423e-05
	iters: 100, epoch: 36 | loss: 0.2837644
	speed: 0.1243s/iter; left time: 2128.0737s
	iters: 200, epoch: 36 | loss: 0.3657402
	speed: 0.0525s/iter; left time: 893.5811s
Epoch: 36 cost time: 13.909686803817749
Epoch: 36, Steps: 265 | Train Loss: 0.3085406 Vali Loss: 0.1603316 Test Loss: 0.2222293
Validation loss decreased (0.160859 --> 0.160332).  Saving model ...
Updating learning rate to 9.765466802150444e-05
	iters: 100, epoch: 37 | loss: 0.3116040
	speed: 0.1220s/iter; left time: 2056.5484s
	iters: 200, epoch: 37 | loss: 0.2995094
	speed: 0.0525s/iter; left time: 879.4131s
Epoch: 37 cost time: 13.899399518966675
Epoch: 37, Steps: 265 | Train Loss: 0.3067896 Vali Loss: 0.1599210 Test Loss: 0.2216695
Validation loss decreased (0.160332 --> 0.159921).  Saving model ...
Updating learning rate to 9.867682665109111e-05
	iters: 100, epoch: 38 | loss: 0.2701745
	speed: 0.1224s/iter; left time: 2031.6779s
	iters: 200, epoch: 38 | loss: 0.2292714
	speed: 0.0524s/iter; left time: 864.8296s
Epoch: 38 cost time: 13.896692752838135
Epoch: 38, Steps: 265 | Train Loss: 0.3057895 Vali Loss: 0.1594170 Test Loss: 0.2214673
Validation loss decreased (0.159921 --> 0.159417).  Saving model ...
Updating learning rate to 9.941115284522702e-05
	iters: 100, epoch: 39 | loss: 0.2890439
	speed: 0.1219s/iter; left time: 1990.8626s
	iters: 200, epoch: 39 | loss: 0.3245074
	speed: 0.0525s/iter; left time: 851.7977s
Epoch: 39 cost time: 13.905537843704224
Epoch: 39, Steps: 265 | Train Loss: 0.3046742 Vali Loss: 0.1592158 Test Loss: 0.2210699
Validation loss decreased (0.159417 --> 0.159216).  Saving model ...
Updating learning rate to 9.985311838483566e-05
	iters: 100, epoch: 40 | loss: 0.2291182
	speed: 0.1224s/iter; left time: 1966.4325s
	iters: 200, epoch: 40 | loss: 0.2570734
	speed: 0.0525s/iter; left time: 838.0789s
Epoch: 40 cost time: 13.917284488677979
Epoch: 40, Steps: 265 | Train Loss: 0.3030922 Vali Loss: 0.1589205 Test Loss: 0.2208021
Validation loss decreased (0.159216 --> 0.158921).  Saving model ...
Updating learning rate to 9.99999990240136e-05
	iters: 100, epoch: 41 | loss: 0.3638748
	speed: 0.1218s/iter; left time: 1924.2498s
	iters: 200, epoch: 41 | loss: 0.2976484
	speed: 0.0525s/iter; left time: 824.1860s
Epoch: 41 cost time: 13.906965970993042
Epoch: 41, Steps: 265 | Train Loss: 0.3027268 Vali Loss: 0.1583962 Test Loss: 0.2206947
Validation loss decreased (0.158921 --> 0.158396).  Saving model ...
Updating learning rate to 9.993095900070463e-05
	iters: 100, epoch: 42 | loss: 0.2285566
	speed: 0.1219s/iter; left time: 1894.4689s
	iters: 200, epoch: 42 | loss: 0.4260025
	speed: 0.0525s/iter; left time: 810.0984s
Epoch: 42 cost time: 13.908387422561646
Epoch: 42, Steps: 265 | Train Loss: 0.3014779 Vali Loss: 0.1583955 Test Loss: 0.2205103
Validation loss decreased (0.158396 --> 0.158396).  Saving model ...
Updating learning rate to 9.972506223761924e-05
	iters: 100, epoch: 43 | loss: 0.2316154
	speed: 0.1215s/iter; left time: 1855.3489s
	iters: 200, epoch: 43 | loss: 0.3710850
	speed: 0.0525s/iter; left time: 796.6868s
Epoch: 43 cost time: 13.909164190292358
Epoch: 43, Steps: 265 | Train Loss: 0.3004115 Vali Loss: 0.1584729 Test Loss: 0.2201652
EarlyStopping counter: 1 out of 20
Updating learning rate to 9.938287308347333e-05
	iters: 100, epoch: 44 | loss: 0.3607729
	speed: 0.1211s/iter; left time: 1816.8233s
	iters: 200, epoch: 44 | loss: 0.2396615
	speed: 0.0525s/iter; left time: 783.0903s
Epoch: 44 cost time: 13.916927814483643
Epoch: 44, Steps: 265 | Train Loss: 0.2993822 Vali Loss: 0.1584272 Test Loss: 0.2199302
EarlyStopping counter: 2 out of 20
Updating learning rate to 9.890532945495314e-05
	iters: 100, epoch: 45 | loss: 0.2865140
	speed: 0.1211s/iter; left time: 1785.3776s
	iters: 200, epoch: 45 | loss: 0.2571623
	speed: 0.0525s/iter; left time: 768.9963s
Epoch: 45 cost time: 13.908794641494751
Epoch: 45, Steps: 265 | Train Loss: 0.2985483 Vali Loss: 0.1583417 Test Loss: 0.2197826
Validation loss decreased (0.158396 --> 0.158342).  Saving model ...
Updating learning rate to 9.829374026595078e-05
	iters: 100, epoch: 46 | loss: 0.2580555
	speed: 0.1222s/iter; left time: 1768.9186s
	iters: 200, epoch: 46 | loss: 0.3295020
	speed: 0.0525s/iter; left time: 755.0797s
Epoch: 46 cost time: 13.909371137619019
Epoch: 46, Steps: 265 | Train Loss: 0.2972144 Vali Loss: 0.1583922 Test Loss: 0.2196578
EarlyStopping counter: 1 out of 20
Updating learning rate to 9.754978183992228e-05
	iters: 100, epoch: 47 | loss: 0.2741256
	speed: 0.1212s/iter; left time: 1722.9499s
	iters: 200, epoch: 47 | loss: 0.2643426
	speed: 0.0525s/iter; left time: 740.9699s
Epoch: 47 cost time: 13.904173612594604
Epoch: 47, Steps: 265 | Train Loss: 0.2962647 Vali Loss: 0.1585848 Test Loss: 0.2197093
EarlyStopping counter: 2 out of 20
Updating learning rate to 9.667549331520148e-05
	iters: 100, epoch: 48 | loss: 0.3202107
	speed: 0.1212s/iter; left time: 1690.4715s
	iters: 200, epoch: 48 | loss: 0.3014613
	speed: 0.0530s/iter; left time: 733.7741s
Epoch: 48 cost time: 13.978421926498413
Epoch: 48, Steps: 265 | Train Loss: 0.2950081 Vali Loss: 0.1588716 Test Loss: 0.2194881
EarlyStopping counter: 3 out of 20
Updating learning rate to 9.567327105586355e-05
	iters: 100, epoch: 49 | loss: 0.3712456
	speed: 0.1246s/iter; left time: 1704.4407s
	iters: 200, epoch: 49 | loss: 0.2037905
	speed: 0.0529s/iter; left time: 718.4945s
Epoch: 49 cost time: 14.014845132827759
Epoch: 49, Steps: 265 | Train Loss: 0.2928400 Vali Loss: 0.1592094 Test Loss: 0.2192834
EarlyStopping counter: 4 out of 20
Updating learning rate to 9.454586208345774e-05
	iters: 100, epoch: 50 | loss: 0.2805763
	speed: 0.1246s/iter; left time: 1671.5801s
	iters: 200, epoch: 50 | loss: 0.1839285
	speed: 0.0528s/iter; left time: 702.9217s
Epoch: 50 cost time: 14.00693678855896
Epoch: 50, Steps: 265 | Train Loss: 0.2919668 Vali Loss: 0.1595929 Test Loss: 0.2195860
EarlyStopping counter: 5 out of 20
Updating learning rate to 9.329635654761219e-05
	iters: 100, epoch: 51 | loss: 0.2357049
	speed: 0.1244s/iter; left time: 1636.5678s
	iters: 200, epoch: 51 | loss: 0.2576248
	speed: 0.0528s/iter; left time: 688.5564s
Epoch: 51 cost time: 14.001021385192871
Epoch: 51, Steps: 265 | Train Loss: 0.2903165 Vali Loss: 0.1598802 Test Loss: 0.2199642
EarlyStopping counter: 6 out of 20
Updating learning rate to 9.192817925614859e-05
	iters: 100, epoch: 52 | loss: 0.3243619
	speed: 0.1244s/iter; left time: 1603.2989s
	iters: 200, epoch: 52 | loss: 0.2556688
	speed: 0.0527s/iter; left time: 674.4043s
Epoch: 52 cost time: 14.002026796340942
Epoch: 52, Steps: 265 | Train Loss: 0.2891624 Vali Loss: 0.1601259 Test Loss: 0.2202944
EarlyStopping counter: 7 out of 20
Updating learning rate to 9.044508028792197e-05
	iters: 100, epoch: 53 | loss: 0.3228720
	speed: 0.1246s/iter; left time: 1572.7317s
	iters: 200, epoch: 53 | loss: 0.2726748
	speed: 0.0527s/iter; left time: 660.3884s
Epoch: 53 cost time: 13.996577501296997
Epoch: 53, Steps: 265 | Train Loss: 0.2872828 Vali Loss: 0.1605097 Test Loss: 0.2206652
EarlyStopping counter: 8 out of 20
Updating learning rate to 8.885112471411532e-05
	iters: 100, epoch: 54 | loss: 0.2496377
	speed: 0.1246s/iter; left time: 1539.2301s
	iters: 200, epoch: 54 | loss: 0.3664852
	speed: 0.0528s/iter; left time: 646.9436s
Epoch: 54 cost time: 13.995012998580933
Epoch: 54, Steps: 265 | Train Loss: 0.2859497 Vali Loss: 0.1608628 Test Loss: 0.2210992
EarlyStopping counter: 9 out of 20
Updating learning rate to 8.715068145616196e-05
	iters: 100, epoch: 55 | loss: 0.2154354
	speed: 0.1245s/iter; left time: 1504.8831s
	iters: 200, epoch: 55 | loss: 0.2830569
	speed: 0.0529s/iter; left time: 633.8084s
Epoch: 55 cost time: 13.999644756317139
Epoch: 55, Steps: 265 | Train Loss: 0.2848647 Vali Loss: 0.1613981 Test Loss: 0.2215068
EarlyStopping counter: 10 out of 20
Updating learning rate to 8.534841131083555e-05
	iters: 100, epoch: 56 | loss: 0.2741892
	speed: 0.1243s/iter; left time: 1470.0729s
	iters: 200, epoch: 56 | loss: 0.2367772
	speed: 0.0528s/iter; left time: 618.8680s
Epoch: 56 cost time: 13.997788190841675
Epoch: 56, Steps: 265 | Train Loss: 0.2831108 Vali Loss: 0.1619898 Test Loss: 0.2220536
EarlyStopping counter: 11 out of 20
Updating learning rate to 8.344925417533019e-05
	iters: 100, epoch: 57 | loss: 0.3775590
	speed: 0.1246s/iter; left time: 1440.7783s
	iters: 200, epoch: 57 | loss: 0.3451956
	speed: 0.0528s/iter; left time: 605.0070s
Epoch: 57 cost time: 14.004643440246582
Epoch: 57, Steps: 265 | Train Loss: 0.2814140 Vali Loss: 0.1622877 Test Loss: 0.2227735
EarlyStopping counter: 12 out of 20
Updating learning rate to 8.14584155073455e-05
	iters: 100, epoch: 58 | loss: 0.3080845
	speed: 0.1246s/iter; left time: 1407.8031s
	iters: 200, epoch: 58 | loss: 0.2668136
	speed: 0.0529s/iter; left time: 591.7484s
Epoch: 58 cost time: 14.0114905834198
Epoch: 58, Steps: 265 | Train Loss: 0.2798355 Vali Loss: 0.1624454 Test Loss: 0.2228600
EarlyStopping counter: 13 out of 20
Updating learning rate to 7.938135205728891e-05
	iters: 100, epoch: 59 | loss: 0.2696694
	speed: 0.1244s/iter; left time: 1372.3810s
	iters: 200, epoch: 59 | loss: 0.3148278
	speed: 0.0529s/iter; left time: 578.4738s
Epoch: 59 cost time: 14.008963584899902
Epoch: 59, Steps: 265 | Train Loss: 0.2793971 Vali Loss: 0.1629326 Test Loss: 0.2237381
EarlyStopping counter: 14 out of 20
Updating learning rate to 7.722375691170215e-05
	iters: 100, epoch: 60 | loss: 0.2076907
	speed: 0.1243s/iter; left time: 1338.6782s
	iters: 200, epoch: 60 | loss: 0.2630535
	speed: 0.0529s/iter; left time: 564.6151s
Epoch: 60 cost time: 14.004793405532837
Epoch: 60, Steps: 265 | Train Loss: 0.2779629 Vali Loss: 0.1633872 Test Loss: 0.2239955
EarlyStopping counter: 15 out of 20
Updating learning rate to 7.499154388890664e-05
	iters: 100, epoch: 61 | loss: 0.3062845
	speed: 0.1243s/iter; left time: 1305.3826s
	iters: 200, epoch: 61 | loss: 0.2933999
	speed: 0.0530s/iter; left time: 550.9092s
Epoch: 61 cost time: 14.005980014801025
Epoch: 61, Steps: 265 | Train Loss: 0.2758380 Vali Loss: 0.1635702 Test Loss: 0.2245527
EarlyStopping counter: 16 out of 20
Updating learning rate to 7.269083132963864e-05
	iters: 100, epoch: 62 | loss: 0.3040724
	speed: 0.1243s/iter; left time: 1272.6666s
	iters: 200, epoch: 62 | loss: 0.3627110
	speed: 0.0532s/iter; left time: 538.7631s
Epoch: 62 cost time: 14.027599096298218
Epoch: 62, Steps: 265 | Train Loss: 0.2748747 Vali Loss: 0.1638307 Test Loss: 0.2251997
EarlyStopping counter: 17 out of 20
Updating learning rate to 7.032792532710257e-05
	iters: 100, epoch: 63 | loss: 0.2381436
	speed: 0.1244s/iter; left time: 1240.2399s
	iters: 200, epoch: 63 | loss: 0.2316206
	speed: 0.0530s/iter; left time: 522.7722s
Epoch: 63 cost time: 14.009856939315796
Epoch: 63, Steps: 265 | Train Loss: 0.2733158 Vali Loss: 0.1637869 Test Loss: 0.2254948
EarlyStopping counter: 18 out of 20
Updating learning rate to 6.790930244240778e-05
	iters: 100, epoch: 64 | loss: 0.2431901
	speed: 0.1245s/iter; left time: 1208.2163s
	iters: 200, epoch: 64 | loss: 0.2632180
	speed: 0.0528s/iter; left time: 507.5521s
Epoch: 64 cost time: 14.004440307617188
Epoch: 64, Steps: 265 | Train Loss: 0.2724368 Vali Loss: 0.1640315 Test Loss: 0.2259088
EarlyStopping counter: 19 out of 20
Updating learning rate to 6.544159195276479e-05
	iters: 100, epoch: 65 | loss: 0.2914071
	speed: 0.1243s/iter; left time: 1173.3832s
	iters: 200, epoch: 65 | loss: 0.3320582
	speed: 0.0525s/iter; left time: 490.1321s
Epoch: 65 cost time: 13.936017274856567
Epoch: 65, Steps: 265 | Train Loss: 0.2712809 Vali Loss: 0.1641132 Test Loss: 0.2259138
EarlyStopping counter: 20 out of 20
Early stopping
>>>>>>>testing : NL_ettm2_flatten_lr0.0001_5steps_336_192_PatchTST_ETTm2_ftM_sl336_ll48_pl192_dm128_nh16_el3_dl1_df256_fc1_ebtimeF_dtTruelr0.0001_pol5steps_Nested_Learning_0<<<<<<<<<<<<<<<<<<<<<<<<<<<<<<<<<
test 11329
 Ejecutando Inferencia DINÁMICA (Nested Learning con flatten)
  -> Política: 5steps | LR: 0.0001 | Target: head

RESUMEN: El CMS se actualizó 18 veces de 88 posibles.

mse:0.21976140141487122, mae:0.2914130389690399, rse:0.37886473536491394
Args in experiment:
Namespace(random_seed=2021, is_training=1, model_id='NL_ettm2_flatten_lr0.0001_5steps_336_336', model='PatchTST', data='ETTm2', root_path='./dataset/', data_path='ETTm2.csv', features='M', target='OT', freq='h', checkpoints='./checkpoints/', seq_len=336, label_len=48, pred_len=336, head_type='flatten', cms_lr=0.0001, update_policy='5steps', fc_dropout=0.2, head_dropout=0.0, patch_len=16, stride=8, padding_patch='end', revin=1, affine=0, subtract_last=0, decomposition=0, kernel_size=25, individual=0, embed_type=0, enc_in=7, dec_in=7, c_out=7, d_model=128, n_heads=16, e_layers=3, d_layers=1, d_ff=256, moving_avg=25, factor=1, distil=True, dropout=0.2, embed='timeF', activation='gelu', output_attention=False, do_predict=False, num_workers=0, itr=1, train_epochs=100, batch_size=128, patience=20, learning_rate=0.0001, des='Nested_Learning', loss='mse', lradj='TST', pct_start=0.4, use_amp=False, use_gpu=True, gpu=0, use_multi_gpu=False, devices='0,1,2,3', test_flop=False)
Use GPU: cuda:0
>>>>>>>start training : NL_ettm2_flatten_lr0.0001_5steps_336_336_PatchTST_ETTm2_ftM_sl336_ll48_pl336_dm128_nh16_el3_dl1_df256_fc1_ebtimeF_dtTruelr0.0001_pol5steps_Nested_Learning_0>>>>>>>>>>>>>>>>>>>>>>>>>>
train 33889
val 11185
test 11185
	iters: 100, epoch: 1 | loss: 0.4111909
	speed: 0.0882s/iter; left time: 2320.3617s
	iters: 200, epoch: 1 | loss: 0.8521481
	speed: 0.0597s/iter; left time: 1563.9928s
Epoch: 1 cost time: 16.08973455429077
Epoch: 1, Steps: 264 | Train Loss: 0.5624738 Vali Loss: 0.2878956 Test Loss: 0.3768221
Validation loss decreased (inf --> 0.287896).  Saving model ...
Updating learning rate to 4.147995994617984e-06
	iters: 100, epoch: 2 | loss: 0.4943889
	speed: 0.1360s/iter; left time: 3540.7029s
	iters: 200, epoch: 2 | loss: 0.6300122
	speed: 0.0599s/iter; left time: 1554.2092s
Epoch: 2 cost time: 15.821801900863647
Epoch: 2, Steps: 264 | Train Loss: 0.5609304 Vali Loss: 0.2877102 Test Loss: 0.3761868
Validation loss decreased (0.287896 --> 0.287710).  Saving model ...
Updating learning rate to 4.591071361204269e-06
	iters: 100, epoch: 3 | loss: 0.6615589
	speed: 0.1358s/iter; left time: 3500.4463s
	iters: 200, epoch: 3 | loss: 0.6378340
	speed: 0.0600s/iter; left time: 1541.4276s
Epoch: 3 cost time: 15.857011318206787
Epoch: 3, Steps: 264 | Train Loss: 0.5596242 Vali Loss: 0.2870187 Test Loss: 0.3753526
Validation loss decreased (0.287710 --> 0.287019).  Saving model ...
Updating learning rate to 5.3264938756102174e-06
	iters: 100, epoch: 4 | loss: 0.4846663
	speed: 0.1361s/iter; left time: 3472.9348s
	iters: 200, epoch: 4 | loss: 0.5402309
	speed: 0.0602s/iter; left time: 1529.4882s
Epoch: 4 cost time: 15.870338439941406
Epoch: 4, Steps: 264 | Train Loss: 0.5583520 Vali Loss: 0.2864452 Test Loss: 0.3742881
Validation loss decreased (0.287019 --> 0.286445).  Saving model ...
Updating learning rate to 6.349728555065631e-06
	iters: 100, epoch: 5 | loss: 0.4708643
	speed: 0.1382s/iter; left time: 3488.6308s
	iters: 200, epoch: 5 | loss: 0.6044191
	speed: 0.0603s/iter; left time: 1516.3537s
Epoch: 5 cost time: 15.896804809570312
Epoch: 5, Steps: 264 | Train Loss: 0.5571575 Vali Loss: 0.2856204 Test Loss: 0.3730754
Validation loss decreased (0.286445 --> 0.285620).  Saving model ...
Updating learning rate to 7.654465623149092e-06
	iters: 100, epoch: 6 | loss: 0.3624417
	speed: 0.1384s/iter; left time: 3456.4918s
	iters: 200, epoch: 6 | loss: 0.6792734
	speed: 0.0602s/iter; left time: 1497.6895s
Epoch: 6 cost time: 15.892616271972656
Epoch: 6, Steps: 264 | Train Loss: 0.5548421 Vali Loss: 0.2842865 Test Loss: 0.3715172
Validation loss decreased (0.285620 --> 0.284287).  Saving model ...
Updating learning rate to 9.232659419022894e-06
	iters: 100, epoch: 7 | loss: 0.5006446
	speed: 0.1376s/iter; left time: 3401.9831s
	iters: 200, epoch: 7 | loss: 0.4411994
	speed: 0.0600s/iter; left time: 1477.8751s
Epoch: 7 cost time: 15.838443279266357
Epoch: 7, Steps: 264 | Train Loss: 0.5528476 Vali Loss: 0.2830768 Test Loss: 0.3699321
Validation loss decreased (0.284287 --> 0.283077).  Saving model ...
Updating learning rate to 1.1074578010998666e-05
	iters: 100, epoch: 8 | loss: 0.5257207
	speed: 0.1363s/iter; left time: 3331.7431s
	iters: 200, epoch: 8 | loss: 0.8621314
	speed: 0.0600s/iter; left time: 1461.6249s
Epoch: 8 cost time: 15.845416069030762
Epoch: 8, Steps: 264 | Train Loss: 0.5501987 Vali Loss: 0.2818882 Test Loss: 0.3680136
Validation loss decreased (0.283077 --> 0.281888).  Saving model ...
Updating learning rate to 1.3168863208492038e-05
	iters: 100, epoch: 9 | loss: 0.8397744
	speed: 0.1356s/iter; left time: 3279.4267s
	iters: 200, epoch: 9 | loss: 0.5540623
	speed: 0.0601s/iter; left time: 1447.5497s
Epoch: 9 cost time: 15.842976570129395
Epoch: 9, Steps: 264 | Train Loss: 0.5466194 Vali Loss: 0.2801889 Test Loss: 0.3657436
Validation loss decreased (0.281888 --> 0.280189).  Saving model ...
Updating learning rate to 1.5502600602302323e-05
	iters: 100, epoch: 10 | loss: 0.6022313
	speed: 0.1366s/iter; left time: 3269.0672s
	iters: 200, epoch: 10 | loss: 0.5778981
	speed: 0.0601s/iter; left time: 1431.5659s
Epoch: 10 cost time: 15.843504190444946
Epoch: 10, Steps: 264 | Train Loss: 0.5430728 Vali Loss: 0.2782224 Test Loss: 0.3631963
Validation loss decreased (0.280189 --> 0.278222).  Saving model ...
Updating learning rate to 1.8061399201313948e-05
	iters: 100, epoch: 11 | loss: 0.4002363
	speed: 0.1356s/iter; left time: 3207.7325s
	iters: 200, epoch: 11 | loss: 0.6381098
	speed: 0.0603s/iter; left time: 1421.3325s
Epoch: 11 cost time: 15.890743494033813
Epoch: 11, Steps: 264 | Train Loss: 0.5388460 Vali Loss: 0.2763163 Test Loss: 0.3604324
Validation loss decreased (0.278222 --> 0.276316).  Saving model ...
Updating learning rate to 2.08294801745399e-05
	iters: 100, epoch: 12 | loss: 0.8035735
	speed: 0.1400s/iter; left time: 3276.6327s
	iters: 200, epoch: 12 | loss: 0.6572012
	speed: 0.0602s/iter; left time: 1403.2120s
Epoch: 12 cost time: 15.900278329849243
Epoch: 12, Steps: 264 | Train Loss: 0.5346504 Vali Loss: 0.2741238 Test Loss: 0.3573737
Validation loss decreased (0.276316 --> 0.274124).  Saving model ...
Updating learning rate to 2.378977415127951e-05
	iters: 100, epoch: 13 | loss: 0.6191568
	speed: 0.1385s/iter; left time: 3204.8105s
	iters: 200, epoch: 13 | loss: 0.6470199
	speed: 0.0604s/iter; left time: 1391.0696s
Epoch: 13 cost time: 15.925702571868896
Epoch: 13, Steps: 264 | Train Loss: 0.5297415 Vali Loss: 0.2713123 Test Loss: 0.3540281
Validation loss decreased (0.274124 --> 0.271312).  Saving model ...
Updating learning rate to 2.6924026479389104e-05
	iters: 100, epoch: 14 | loss: 0.5909389
	speed: 0.1386s/iter; left time: 3169.9802s
	iters: 200, epoch: 14 | loss: 0.5915490
	speed: 0.0604s/iter; left time: 1374.9326s
Epoch: 14 cost time: 15.911595106124878
Epoch: 14, Steps: 264 | Train Loss: 0.5240725 Vali Loss: 0.2687199 Test Loss: 0.3503339
Validation loss decreased (0.271312 --> 0.268720).  Saving model ...
Updating learning rate to 3.0212909792590238e-05
	iters: 100, epoch: 15 | loss: 0.3586760
	speed: 0.1390s/iter; left time: 3143.0262s
	iters: 200, epoch: 15 | loss: 0.5654926
	speed: 0.0603s/iter; left time: 1357.5045s
Epoch: 15 cost time: 15.917138576507568
Epoch: 15, Steps: 264 | Train Loss: 0.5186037 Vali Loss: 0.2656871 Test Loss: 0.3466115
Validation loss decreased (0.268720 --> 0.265687).  Saving model ...
Updating learning rate to 3.363614319266957e-05
	iters: 100, epoch: 16 | loss: 0.5246788
	speed: 0.1403s/iter; left time: 3135.0865s
	iters: 200, epoch: 16 | loss: 0.4173178
	speed: 0.0601s/iter; left time: 1335.7313s
Epoch: 16 cost time: 15.871132373809814
Epoch: 16, Steps: 264 | Train Loss: 0.5123055 Vali Loss: 0.2626972 Test Loss: 0.3426415
Validation loss decreased (0.265687 --> 0.262697).  Saving model ...
Updating learning rate to 3.7172617311633196e-05
	iters: 100, epoch: 17 | loss: 0.6471866
	speed: 0.1351s/iter; left time: 2981.8426s
	iters: 200, epoch: 17 | loss: 0.4035361
	speed: 0.0600s/iter; left time: 1319.5057s
Epoch: 17 cost time: 15.84961986541748
Epoch: 17, Steps: 264 | Train Loss: 0.5056066 Vali Loss: 0.2590454 Test Loss: 0.3382978
Validation loss decreased (0.262697 --> 0.259045).  Saving model ...
Updating learning rate to 4.0800524482619576e-05
	iters: 100, epoch: 18 | loss: 0.4676243
	speed: 0.1354s/iter; left time: 2952.4749s
	iters: 200, epoch: 18 | loss: 0.6798318
	speed: 0.0600s/iter; left time: 1303.7595s
Epoch: 18 cost time: 15.848564863204956
Epoch: 18, Steps: 264 | Train Loss: 0.4984436 Vali Loss: 0.2551983 Test Loss: 0.3336556
Validation loss decreased (0.259045 --> 0.255198).  Saving model ...
Updating learning rate to 4.449749321687241e-05
	iters: 100, epoch: 19 | loss: 0.2956239
	speed: 0.1361s/iter; left time: 2933.3793s
	iters: 200, epoch: 19 | loss: 0.5661058
	speed: 0.0600s/iter; left time: 1287.9119s
Epoch: 19 cost time: 15.84493112564087
Epoch: 19, Steps: 264 | Train Loss: 0.4913837 Vali Loss: 0.2512019 Test Loss: 0.3290129
Validation loss decreased (0.255198 --> 0.251202).  Saving model ...
Updating learning rate to 4.824072615752094e-05
	iters: 100, epoch: 20 | loss: 0.5375554
	speed: 0.1354s/iter; left time: 2882.4234s
	iters: 200, epoch: 20 | loss: 0.3248419
	speed: 0.0600s/iter; left time: 1271.8013s
Epoch: 20 cost time: 15.846203088760376
Epoch: 20, Steps: 264 | Train Loss: 0.4846008 Vali Loss: 0.2471296 Test Loss: 0.3240694
Validation loss decreased (0.251202 --> 0.247130).  Saving model ...
Updating learning rate to 5.200714065947608e-05
	iters: 100, epoch: 21 | loss: 0.5367556
	speed: 0.1356s/iter; left time: 2850.5761s
	iters: 200, epoch: 21 | loss: 0.5473230
	speed: 0.0600s/iter; left time: 1255.8691s
Epoch: 21 cost time: 15.846479892730713
Epoch: 21, Steps: 264 | Train Loss: 0.4767040 Vali Loss: 0.2428576 Test Loss: 0.3189568
Validation loss decreased (0.247130 --> 0.242858).  Saving model ...
Updating learning rate to 5.577351112855618e-05
	iters: 100, epoch: 22 | loss: 0.5255660
	speed: 0.1382s/iter; left time: 2869.1406s
	iters: 200, epoch: 22 | loss: 0.4140545
	speed: 0.0601s/iter; left time: 1240.6405s
Epoch: 22 cost time: 15.847002744674683
Epoch: 22, Steps: 264 | Train Loss: 0.4684957 Vali Loss: 0.2383806 Test Loss: 0.3138919
Validation loss decreased (0.242858 --> 0.238381).  Saving model ...
Updating learning rate to 5.951661224210828e-05
	iters: 100, epoch: 23 | loss: 0.4408295
	speed: 0.1352s/iter; left time: 2770.4544s
	iters: 200, epoch: 23 | loss: 0.4172227
	speed: 0.0601s/iter; left time: 1225.1731s
Epoch: 23 cost time: 15.843029737472534
Epoch: 23, Steps: 264 | Train Loss: 0.4604552 Vali Loss: 0.2341058 Test Loss: 0.3088724
Validation loss decreased (0.238381 --> 0.234106).  Saving model ...
Updating learning rate to 6.321336216795497e-05
	iters: 100, epoch: 24 | loss: 0.4559447
	speed: 0.1357s/iter; left time: 2744.6642s
	iters: 200, epoch: 24 | loss: 0.3615878
	speed: 0.0601s/iter; left time: 1210.7172s
Epoch: 24 cost time: 15.849019050598145
Epoch: 24, Steps: 264 | Train Loss: 0.4533989 Vali Loss: 0.2298877 Test Loss: 0.3041421
Validation loss decreased (0.234106 --> 0.229888).  Saving model ...
Updating learning rate to 6.684096489850761e-05
	iters: 100, epoch: 25 | loss: 0.4283406
	speed: 0.1349s/iter; left time: 2693.4952s
	iters: 200, epoch: 25 | loss: 0.4386763
	speed: 0.0601s/iter; left time: 1194.0034s
Epoch: 25 cost time: 15.852209329605103
Epoch: 25, Steps: 264 | Train Loss: 0.4456928 Vali Loss: 0.2258041 Test Loss: 0.2997231
Validation loss decreased (0.229888 --> 0.225804).  Saving model ...
Updating learning rate to 7.03770508223417e-05
	iters: 100, epoch: 26 | loss: 0.4643649
	speed: 0.1350s/iter; left time: 2659.5978s
	iters: 200, epoch: 26 | loss: 0.5193511
	speed: 0.0601s/iter; left time: 1178.2129s
Epoch: 26 cost time: 15.84973931312561
Epoch: 26, Steps: 264 | Train Loss: 0.4378582 Vali Loss: 0.2221585 Test Loss: 0.2957709
Validation loss decreased (0.225804 --> 0.222159).  Saving model ...
Updating learning rate to 7.379981466640088e-05
	iters: 100, epoch: 27 | loss: 0.4408134
	speed: 0.1354s/iter; left time: 2632.6391s
	iters: 200, epoch: 27 | loss: 0.5049920
	speed: 0.0600s/iter; left time: 1160.9724s
Epoch: 27 cost time: 15.841175317764282
Epoch: 27, Steps: 264 | Train Loss: 0.4320537 Vali Loss: 0.2189310 Test Loss: 0.2923381
Validation loss decreased (0.222159 --> 0.218931).  Saving model ...
Updating learning rate to 7.708814995820833e-05
	iters: 100, epoch: 28 | loss: 0.4821404
	speed: 0.1353s/iter; left time: 2594.2962s
	iters: 200, epoch: 28 | loss: 0.3773573
	speed: 0.0600s/iter; left time: 1145.1294s
Epoch: 28 cost time: 15.845288753509521
Epoch: 28, Steps: 264 | Train Loss: 0.4267602 Vali Loss: 0.2161117 Test Loss: 0.2894588
Validation loss decreased (0.218931 --> 0.216112).  Saving model ...
Updating learning rate to 8.022177917892456e-05
	iters: 100, epoch: 29 | loss: 0.3546802
	speed: 0.1351s/iter; left time: 2554.8002s
	iters: 200, epoch: 29 | loss: 0.4362401
	speed: 0.0600s/iter; left time: 1129.1478s
Epoch: 29 cost time: 15.846351861953735
Epoch: 29, Steps: 264 | Train Loss: 0.4222675 Vali Loss: 0.2138233 Test Loss: 0.2870403
Validation loss decreased (0.216112 --> 0.213823).  Saving model ...
Updating learning rate to 8.318137880466269e-05
	iters: 100, epoch: 30 | loss: 0.3828311
	speed: 0.1356s/iter; left time: 2528.0070s
	iters: 200, epoch: 30 | loss: 0.4086326
	speed: 0.0600s/iter; left time: 1113.4475s
Epoch: 30 cost time: 15.84716248512268
Epoch: 30, Steps: 264 | Train Loss: 0.4177084 Vali Loss: 0.2120089 Test Loss: 0.2850504
Validation loss decreased (0.213823 --> 0.212009).  Saving model ...
Updating learning rate to 8.594869846499432e-05
	iters: 100, epoch: 31 | loss: 0.3706315
	speed: 0.1360s/iter; left time: 2499.2557s
	iters: 200, epoch: 31 | loss: 0.4526319
	speed: 0.0600s/iter; left time: 1097.4950s
Epoch: 31 cost time: 15.83994746208191
Epoch: 31, Steps: 264 | Train Loss: 0.4147199 Vali Loss: 0.2105808 Test Loss: 0.2834528
Validation loss decreased (0.212009 --> 0.210581).  Saving model ...
Updating learning rate to 8.85066734838546e-05
	iters: 100, epoch: 32 | loss: 0.5510695
	speed: 0.1356s/iter; left time: 2456.8829s
	iters: 200, epoch: 32 | loss: 0.4884070
	speed: 0.0600s/iter; left time: 1081.5679s
Epoch: 32 cost time: 15.842177867889404
Epoch: 32, Steps: 264 | Train Loss: 0.4114745 Vali Loss: 0.2092899 Test Loss: 0.2820472
Validation loss decreased (0.210581 --> 0.209290).  Saving model ...
Updating learning rate to 9.083953010886336e-05
	iters: 100, epoch: 33 | loss: 0.3754410
	speed: 0.1355s/iter; left time: 2419.1761s
	iters: 200, epoch: 33 | loss: 0.4166973
	speed: 0.0603s/iter; left time: 1069.6800s
Epoch: 33 cost time: 15.905165910720825
Epoch: 33, Steps: 264 | Train Loss: 0.4090028 Vali Loss: 0.2082251 Test Loss: 0.2806598
Validation loss decreased (0.209290 --> 0.208225).  Saving model ...
Updating learning rate to 9.29328827801656e-05
	iters: 100, epoch: 34 | loss: 0.4053741
	speed: 0.1389s/iter; left time: 2442.7168s
	iters: 200, epoch: 34 | loss: 0.2816648
	speed: 0.0602s/iter; left time: 1052.9501s
Epoch: 34 cost time: 15.899976253509521
Epoch: 34, Steps: 264 | Train Loss: 0.4071926 Vali Loss: 0.2074421 Test Loss: 0.2796226
Validation loss decreased (0.208225 --> 0.207442).  Saving model ...
Updating learning rate to 9.477382283898318e-05
	iters: 100, epoch: 35 | loss: 0.3786334
	speed: 0.1383s/iter; left time: 2395.8798s
	iters: 200, epoch: 35 | loss: 0.3573406
	speed: 0.0604s/iter; left time: 1040.1693s
Epoch: 35 cost time: 15.910058498382568
Epoch: 35, Steps: 264 | Train Loss: 0.4042575 Vali Loss: 0.2065429 Test Loss: 0.2786952
Validation loss decreased (0.207442 --> 0.206543).  Saving model ...
Updating learning rate to 9.635099812885627e-05
	iters: 100, epoch: 36 | loss: 0.5052861
	speed: 0.1383s/iter; left time: 2359.1105s
	iters: 200, epoch: 36 | loss: 0.4845322
	speed: 0.0603s/iter; left time: 1023.2986s
Epoch: 36 cost time: 15.893645763397217
Epoch: 36, Steps: 264 | Train Loss: 0.4032036 Vali Loss: 0.2055460 Test Loss: 0.2780240
Validation loss decreased (0.206543 --> 0.205546).  Saving model ...
Updating learning rate to 9.765468299871352e-05
	iters: 100, epoch: 37 | loss: 0.4318416
	speed: 0.1387s/iter; left time: 2330.5440s
	iters: 200, epoch: 37 | loss: 0.2870542
	speed: 0.0603s/iter; left time: 1006.7583s
Epoch: 37 cost time: 15.899307012557983
Epoch: 37, Steps: 264 | Train Loss: 0.4012739 Vali Loss: 0.2051782 Test Loss: 0.2772722
Validation loss decreased (0.205546 --> 0.205178).  Saving model ...
Updating learning rate to 9.86768382760973e-05
	iters: 100, epoch: 38 | loss: 0.4281512
	speed: 0.1387s/iter; left time: 2293.0861s
	iters: 200, epoch: 38 | loss: 0.4260941
	speed: 0.0602s/iter; left time: 989.2425s
Epoch: 38 cost time: 15.897234201431274
Epoch: 38, Steps: 264 | Train Loss: 0.4000514 Vali Loss: 0.2045378 Test Loss: 0.2768143
Validation loss decreased (0.205178 --> 0.204538).  Saving model ...
Updating learning rate to 9.941116084071886e-05
	iters: 100, epoch: 39 | loss: 0.4000048
	speed: 0.1386s/iter; left time: 2254.5680s
	iters: 200, epoch: 39 | loss: 0.4988972
	speed: 0.0600s/iter; left time: 970.5378s
Epoch: 39 cost time: 15.860856294631958
Epoch: 39, Steps: 264 | Train Loss: 0.3988760 Vali Loss: 0.2040512 Test Loss: 0.2763919
Validation loss decreased (0.204538 --> 0.204051).  Saving model ...
Updating learning rate to 9.985312249264813e-05
	iters: 100, epoch: 40 | loss: 0.3249550
	speed: 0.1351s/iter; left time: 2162.3460s
	iters: 200, epoch: 40 | loss: 0.3747025
	speed: 0.0600s/iter; left time: 954.2708s
Epoch: 40 cost time: 15.834260940551758
Epoch: 40, Steps: 264 | Train Loss: 0.3974057 Vali Loss: 0.2035618 Test Loss: 0.2759465
Validation loss decreased (0.204051 --> 0.203562).  Saving model ...
Updating learning rate to 9.999999901660576e-05
	iters: 100, epoch: 41 | loss: 0.3438750
	speed: 0.1358s/iter; left time: 2137.3776s
	iters: 200, epoch: 41 | loss: 0.5749705
	speed: 0.0600s/iter; left time: 938.3456s
Epoch: 41 cost time: 15.829318523406982
Epoch: 41, Steps: 264 | Train Loss: 0.3963421 Vali Loss: 0.2036709 Test Loss: 0.2756051
EarlyStopping counter: 1 out of 20
Updating learning rate to 9.99309570348355e-05
	iters: 100, epoch: 42 | loss: 0.3430193
	speed: 0.1344s/iter; left time: 2079.7817s
	iters: 200, epoch: 42 | loss: 0.3552575
	speed: 0.0600s/iter; left time: 922.4065s
Epoch: 42 cost time: 15.829779386520386
Epoch: 42, Steps: 264 | Train Loss: 0.3951016 Vali Loss: 0.2034227 Test Loss: 0.2754417
Validation loss decreased (0.203562 --> 0.203423).  Saving model ...
Updating learning rate to 9.972505831867712e-05
	iters: 100, epoch: 43 | loss: 0.3007859
	speed: 0.1352s/iter; left time: 2057.2430s
	iters: 200, epoch: 43 | loss: 0.2916690
	speed: 0.0600s/iter; left time: 906.7685s
Epoch: 43 cost time: 15.836814165115356
Epoch: 43, Steps: 264 | Train Loss: 0.3934292 Vali Loss: 0.2034534 Test Loss: 0.2750900
EarlyStopping counter: 1 out of 20
Updating learning rate to 9.938286722219978e-05
	iters: 100, epoch: 44 | loss: 0.3026948
	speed: 0.1340s/iter; left time: 2003.1850s
	iters: 200, epoch: 44 | loss: 0.3461918
	speed: 0.0600s/iter; left time: 890.9343s
Epoch: 44 cost time: 15.834173917770386
Epoch: 44, Steps: 264 | Train Loss: 0.3920968 Vali Loss: 0.2033377 Test Loss: 0.2749626
Validation loss decreased (0.203423 --> 0.203338).  Saving model ...
Updating learning rate to 9.890532166741349e-05
	iters: 100, epoch: 45 | loss: 0.3371314
	speed: 0.1352s/iter; left time: 1985.1334s
	iters: 200, epoch: 45 | loss: 0.3298154
	speed: 0.0601s/iter; left time: 876.2934s
Epoch: 45 cost time: 15.844593048095703
Epoch: 45, Steps: 264 | Train Loss: 0.3911323 Vali Loss: 0.2033660 Test Loss: 0.2748336
EarlyStopping counter: 1 out of 20
Updating learning rate to 9.829373057349015e-05
	iters: 100, epoch: 46 | loss: 0.4447708
	speed: 0.1339s/iter; left time: 1931.6780s
	iters: 200, epoch: 46 | loss: 0.3725328
	speed: 0.0601s/iter; left time: 860.3911s
Epoch: 46 cost time: 15.839417934417725
Epoch: 46, Steps: 264 | Train Loss: 0.3901094 Vali Loss: 0.2034447 Test Loss: 0.2744115
EarlyStopping counter: 2 out of 20
Updating learning rate to 9.754977026910703e-05
	iters: 100, epoch: 47 | loss: 0.4550566
	speed: 0.1340s/iter; left time: 1896.4504s
	iters: 200, epoch: 47 | loss: 0.4295499
	speed: 0.0601s/iter; left time: 844.5994s
Epoch: 47 cost time: 15.839998006820679
Epoch: 47, Steps: 264 | Train Loss: 0.3880513 Vali Loss: 0.2037234 Test Loss: 0.2743991
EarlyStopping counter: 3 out of 20
Updating learning rate to 9.66754798977464e-05
	iters: 100, epoch: 48 | loss: 0.4861634
	speed: 0.1342s/iter; left time: 1864.0955s
	iters: 200, epoch: 48 | loss: 0.3527275
	speed: 0.0600s/iter; left time: 828.1792s
Epoch: 48 cost time: 15.837390661239624
Epoch: 48, Steps: 264 | Train Loss: 0.3862258 Vali Loss: 0.2038977 Test Loss: 0.2742344
EarlyStopping counter: 4 out of 20
Updating learning rate to 9.567325582854496e-05
	iters: 100, epoch: 49 | loss: 0.3085942
	speed: 0.1340s/iter; left time: 1826.3414s
	iters: 200, epoch: 49 | loss: 0.3290686
	speed: 0.0600s/iter; left time: 811.9888s
Epoch: 49 cost time: 15.837342977523804
Epoch: 49, Steps: 264 | Train Loss: 0.3847657 Vali Loss: 0.2044852 Test Loss: 0.2739395
EarlyStopping counter: 5 out of 20
Updating learning rate to 9.454584508801265e-05
	iters: 100, epoch: 50 | loss: 0.3851785
	speed: 0.1343s/iter; left time: 1794.3833s
	iters: 200, epoch: 50 | loss: 0.4171029
	speed: 0.0600s/iter; left time: 795.7052s
Epoch: 50 cost time: 15.840327024459839
Epoch: 50, Steps: 264 | Train Loss: 0.3828681 Vali Loss: 0.2048870 Test Loss: 0.2738223
EarlyStopping counter: 6 out of 20
Updating learning rate to 9.329633783062396e-05
	iters: 100, epoch: 51 | loss: 0.3498755
	speed: 0.1341s/iter; left time: 1756.2825s
	iters: 200, epoch: 51 | loss: 0.5295100
	speed: 0.0600s/iter; left time: 779.9236s
Epoch: 51 cost time: 15.836399793624878
Epoch: 51, Steps: 264 | Train Loss: 0.3807453 Vali Loss: 0.2053396 Test Loss: 0.2734641
EarlyStopping counter: 7 out of 20
Updating learning rate to 9.192815886891915e-05
	iters: 100, epoch: 52 | loss: 0.3273505
	speed: 0.1340s/iter; left time: 1720.5565s
	iters: 200, epoch: 52 | loss: 0.2399307
	speed: 0.0600s/iter; left time: 764.2460s
Epoch: 52 cost time: 15.837286233901978
Epoch: 52, Steps: 264 | Train Loss: 0.3783055 Vali Loss: 0.2063086 Test Loss: 0.2730785
EarlyStopping counter: 8 out of 20
Updating learning rate to 9.044505828633132e-05
	iters: 100, epoch: 53 | loss: 0.3503264
	speed: 0.1345s/iter; left time: 1691.4780s
	iters: 200, epoch: 53 | loss: 0.3138428
	speed: 0.0602s/iter; left time: 750.7747s
Epoch: 53 cost time: 15.881505727767944
Epoch: 53, Steps: 264 | Train Loss: 0.3762979 Vali Loss: 0.2066268 Test Loss: 0.2730885
EarlyStopping counter: 9 out of 20
Updating learning rate to 8.88511011584683e-05
	iters: 100, epoch: 54 | loss: 0.4600499
	speed: 0.1374s/iter; left time: 1690.9253s
	iters: 200, epoch: 54 | loss: 0.3752307
	speed: 0.0602s/iter; left time: 734.9699s
Epoch: 54 cost time: 15.892751693725586
Epoch: 54, Steps: 264 | Train Loss: 0.3740897 Vali Loss: 0.2073196 Test Loss: 0.2729038
EarlyStopping counter: 10 out of 20
Updating learning rate to 8.715065641102294e-05
	iters: 100, epoch: 55 | loss: 0.5792174
	speed: 0.1372s/iter; left time: 1653.0009s
	iters: 200, epoch: 55 | loss: 0.4446873
	speed: 0.0602s/iter; left time: 719.0641s
Epoch: 55 cost time: 15.903254985809326
Epoch: 55, Steps: 264 | Train Loss: 0.3719032 Vali Loss: 0.2082605 Test Loss: 0.2736279
EarlyStopping counter: 11 out of 20
Updating learning rate to 8.534838484485153e-05
	iters: 100, epoch: 56 | loss: 0.2856915
	speed: 0.1374s/iter; left time: 1618.8702s
	iters: 200, epoch: 56 | loss: 0.2995176
	speed: 0.0602s/iter; left time: 703.6620s
Epoch: 56 cost time: 15.889055013656616
Epoch: 56, Steps: 264 | Train Loss: 0.3701568 Vali Loss: 0.2086440 Test Loss: 0.2735755
EarlyStopping counter: 12 out of 20
Updating learning rate to 8.344922636104257e-05
	iters: 100, epoch: 57 | loss: 0.4504540
	speed: 0.1371s/iter; left time: 1578.7500s
	iters: 200, epoch: 57 | loss: 0.3742996
	speed: 0.0603s/iter; left time: 688.5600s
Epoch: 57 cost time: 15.897563934326172
Epoch: 57, Steps: 264 | Train Loss: 0.3681465 Vali Loss: 0.2096220 Test Loss: 0.2738693
EarlyStopping counter: 13 out of 20
Updating learning rate to 8.145838642099132e-05
	iters: 100, epoch: 58 | loss: 0.3277090
	speed: 0.1373s/iter; left time: 1544.6942s
	iters: 200, epoch: 58 | loss: 0.4218698
	speed: 0.0604s/iter; left time: 673.5862s
Epoch: 58 cost time: 15.903828859329224
Epoch: 58, Steps: 264 | Train Loss: 0.3658753 Vali Loss: 0.2103324 Test Loss: 0.2742062
EarlyStopping counter: 14 out of 20
Updating learning rate to 7.938132177859184e-05
	iters: 100, epoch: 59 | loss: 0.2877489
	speed: 0.1372s/iter; left time: 1507.1471s
	iters: 200, epoch: 59 | loss: 0.3857392
	speed: 0.0603s/iter; left time: 656.4962s
Epoch: 59 cost time: 15.900100469589233
Epoch: 59, Steps: 264 | Train Loss: 0.3639132 Vali Loss: 0.2107526 Test Loss: 0.2748508
EarlyStopping counter: 15 out of 20
Updating learning rate to 7.7223725523654e-05
	iters: 100, epoch: 60 | loss: 0.3620194
	speed: 0.1372s/iter; left time: 1471.1470s
	iters: 200, epoch: 60 | loss: 0.3735122
	speed: 0.0602s/iter; left time: 639.9869s
Epoch: 60 cost time: 15.898923397064209
Epoch: 60, Steps: 264 | Train Loss: 0.3614883 Vali Loss: 0.2114095 Test Loss: 0.2745969
EarlyStopping counter: 16 out of 20
Updating learning rate to 7.499151147753989e-05
	iters: 100, epoch: 61 | loss: 0.2635737
	speed: 0.1374s/iter; left time: 1437.6197s
	iters: 200, epoch: 61 | loss: 0.2897111
	speed: 0.0602s/iter; left time: 623.8617s
Epoch: 61 cost time: 15.90518045425415
Epoch: 61, Steps: 264 | Train Loss: 0.3593278 Vali Loss: 0.2116594 Test Loss: 0.2752190
EarlyStopping counter: 17 out of 20
Updating learning rate to 7.269079798379057e-05
	iters: 100, epoch: 62 | loss: 0.3787324
	speed: 0.1372s/iter; left time: 1399.5361s
	iters: 200, epoch: 62 | loss: 0.4359583
	speed: 0.0602s/iter; left time: 607.9284s
Epoch: 62 cost time: 15.892104625701904
Epoch: 62, Steps: 264 | Train Loss: 0.3571922 Vali Loss: 0.2128415 Test Loss: 0.2760515
EarlyStopping counter: 18 out of 20
Updating learning rate to 7.032789113817185e-05
	iters: 100, epoch: 63 | loss: 0.2548484
	speed: 0.1373s/iter; left time: 1363.8311s
	iters: 200, epoch: 63 | loss: 0.4420720
	speed: 0.0602s/iter; left time: 592.1607s
Epoch: 63 cost time: 15.894137144088745
Epoch: 63, Steps: 264 | Train Loss: 0.3553890 Vali Loss: 0.2125707 Test Loss: 0.2765613
EarlyStopping counter: 19 out of 20
Updating learning rate to 6.790926750410386e-05
	iters: 100, epoch: 64 | loss: 0.3347725
	speed: 0.1375s/iter; left time: 1329.6303s
	iters: 200, epoch: 64 | loss: 0.3247057
	speed: 0.0602s/iter; left time: 576.4761s
Epoch: 64 cost time: 15.899173974990845
Epoch: 64, Steps: 264 | Train Loss: 0.3535260 Vali Loss: 0.2124630 Test Loss: 0.2774003
EarlyStopping counter: 20 out of 20
Early stopping
>>>>>>>testing : NL_ettm2_flatten_lr0.0001_5steps_336_336_PatchTST_ETTm2_ftM_sl336_ll48_pl336_dm128_nh16_el3_dl1_df256_fc1_ebtimeF_dtTruelr0.0001_pol5steps_Nested_Learning_0<<<<<<<<<<<<<<<<<<<<<<<<<<<<<<<<<
test 11185
 Ejecutando Inferencia DINÁMICA (Nested Learning con flatten)
  -> Política: 5steps | LR: 0.0001 | Target: head

RESUMEN: El CMS se actualizó 18 veces de 87 posibles.

mse:0.2749748229980469, mae:0.32796531915664673, rse:0.42306843400001526
Args in experiment:
Namespace(random_seed=2021, is_training=1, model_id='NL_ettm2_flatten_lr0.0001_5steps_336_720', model='PatchTST', data='ETTm2', root_path='./dataset/', data_path='ETTm2.csv', features='M', target='OT', freq='h', checkpoints='./checkpoints/', seq_len=336, label_len=48, pred_len=720, head_type='flatten', cms_lr=0.0001, update_policy='5steps', fc_dropout=0.2, head_dropout=0.0, patch_len=16, stride=8, padding_patch='end', revin=1, affine=0, subtract_last=0, decomposition=0, kernel_size=25, individual=0, embed_type=0, enc_in=7, dec_in=7, c_out=7, d_model=128, n_heads=16, e_layers=3, d_layers=1, d_ff=256, moving_avg=25, factor=1, distil=True, dropout=0.2, embed='timeF', activation='gelu', output_attention=False, do_predict=False, num_workers=0, itr=1, train_epochs=100, batch_size=128, patience=20, learning_rate=0.0001, des='Nested_Learning', loss='mse', lradj='TST', pct_start=0.4, use_amp=False, use_gpu=True, gpu=0, use_multi_gpu=False, devices='0,1,2,3', test_flop=False)
Use GPU: cuda:0
>>>>>>>start training : NL_ettm2_flatten_lr0.0001_5steps_336_720_PatchTST_ETTm2_ftM_sl336_ll48_pl720_dm128_nh16_el3_dl1_df256_fc1_ebtimeF_dtTruelr0.0001_pol5steps_Nested_Learning_0>>>>>>>>>>>>>>>>>>>>>>>>>>
train 33505
val 10801
test 10801
	iters: 100, epoch: 1 | loss: 0.5855466
	speed: 0.0996s/iter; left time: 2589.0336s
	iters: 200, epoch: 1 | loss: 0.7573408
	speed: 0.0786s/iter; left time: 2035.0573s
Epoch: 1 cost time: 20.767372131347656
Epoch: 1, Steps: 261 | Train Loss: 0.6649237 Vali Loss: 0.3433478 Test Loss: 0.4571215
Validation loss decreased (inf --> 0.343348).  Saving model ...
Updating learning rate to 4.147996316662011e-06
	iters: 100, epoch: 2 | loss: 0.6316785
	speed: 0.1693s/iter; left time: 4357.1856s
	iters: 200, epoch: 2 | loss: 0.5115684
	speed: 0.0790s/iter; left time: 2024.5571s
Epoch: 2 cost time: 20.567219734191895
Epoch: 2, Steps: 261 | Train Loss: 0.6631941 Vali Loss: 0.3430088 Test Loss: 0.4566281
Validation loss decreased (0.343348 --> 0.343009).  Saving model ...
Updating learning rate to 4.591072645408634e-06
	iters: 100, epoch: 3 | loss: 0.6415646
	speed: 0.1685s/iter; left time: 4294.4754s
	iters: 200, epoch: 3 | loss: 0.7488708
	speed: 0.0790s/iter; left time: 2005.3599s
Epoch: 3 cost time: 20.606712102890015
Epoch: 3, Steps: 261 | Train Loss: 0.6634012 Vali Loss: 0.3426260 Test Loss: 0.4558913
Validation loss decreased (0.343009 --> 0.342626).  Saving model ...
Updating learning rate to 5.326496750212602e-06
	iters: 100, epoch: 4 | loss: 0.5918244
	speed: 0.1691s/iter; left time: 4264.3403s
	iters: 200, epoch: 4 | loss: 0.6478562
	speed: 0.0791s/iter; left time: 1987.3023s
Epoch: 4 cost time: 20.608041048049927
Epoch: 4, Steps: 261 | Train Loss: 0.6624549 Vali Loss: 0.3422763 Test Loss: 0.4552675
Validation loss decreased (0.342626 --> 0.342276).  Saving model ...
Updating learning rate to 6.349733628628268e-06
	iters: 100, epoch: 5 | loss: 0.8419750
	speed: 0.1691s/iter; left time: 4220.4505s
	iters: 200, epoch: 5 | loss: 0.6783022
	speed: 0.0792s/iter; left time: 1968.3876s
Epoch: 5 cost time: 20.63405179977417
Epoch: 5, Steps: 261 | Train Loss: 0.6607432 Vali Loss: 0.3416958 Test Loss: 0.4543985
Validation loss decreased (0.342276 --> 0.341696).  Saving model ...
Updating learning rate to 7.654473476944045e-06
	iters: 100, epoch: 6 | loss: 0.6268972
	speed: 0.1689s/iter; left time: 4172.1267s
	iters: 200, epoch: 6 | loss: 0.6964033
	speed: 0.0791s/iter; left time: 1944.6500s
Epoch: 6 cost time: 20.622084140777588
Epoch: 6, Steps: 261 | Train Loss: 0.6590446 Vali Loss: 0.3407403 Test Loss: 0.4533620
Validation loss decreased (0.341696 --> 0.340740).  Saving model ...
Updating learning rate to 9.232670599670218e-06
	iters: 100, epoch: 7 | loss: 0.7244264
	speed: 0.1694s/iter; left time: 4138.7700s
	iters: 200, epoch: 7 | loss: 0.8001662
	speed: 0.0792s/iter; left time: 1928.2491s
Epoch: 7 cost time: 20.65820026397705
Epoch: 7, Steps: 261 | Train Loss: 0.6577182 Vali Loss: 0.3403586 Test Loss: 0.4523777
Validation loss decreased (0.340740 --> 0.340359).  Saving model ...
Updating learning rate to 1.1074593023426382e-05
	iters: 100, epoch: 8 | loss: 0.5218230
	speed: 0.1694s/iter; left time: 4094.0339s
	iters: 200, epoch: 8 | loss: 0.5877517
	speed: 0.0791s/iter; left time: 1904.7519s
Epoch: 8 cost time: 20.64829397201538
Epoch: 8, Steps: 261 | Train Loss: 0.6563632 Vali Loss: 0.3393002 Test Loss: 0.4509262
Validation loss decreased (0.340359 --> 0.339300).  Saving model ...
Updating learning rate to 1.3168882509283648e-05
	iters: 100, epoch: 9 | loss: 0.5465016
	speed: 0.1688s/iter; left time: 4036.3043s
	iters: 200, epoch: 9 | loss: 0.7778834
	speed: 0.0792s/iter; left time: 1886.3004s
Epoch: 9 cost time: 20.63365411758423
Epoch: 9, Steps: 261 | Train Loss: 0.6541340 Vali Loss: 0.3379092 Test Loss: 0.4491270
Validation loss decreased (0.339300 --> 0.337909).  Saving model ...
Updating learning rate to 1.5502624593494887e-05
	iters: 100, epoch: 10 | loss: 0.6047478
	speed: 0.1687s/iter; left time: 3989.1780s
	iters: 200, epoch: 10 | loss: 0.6739635
	speed: 0.0792s/iter; left time: 1865.7207s
Epoch: 10 cost time: 20.61896300315857
Epoch: 10, Steps: 261 | Train Loss: 0.6512216 Vali Loss: 0.3370461 Test Loss: 0.4475007
Validation loss decreased (0.337909 --> 0.337046).  Saving model ...
Updating learning rate to 1.806142822470586e-05
	iters: 100, epoch: 11 | loss: 0.7023077
	speed: 0.1687s/iter; left time: 3945.2427s
	iters: 200, epoch: 11 | loss: 0.7181618
	speed: 0.0790s/iter; left time: 1840.6693s
Epoch: 11 cost time: 20.606905937194824
Epoch: 11, Steps: 261 | Train Loss: 0.6467985 Vali Loss: 0.3353348 Test Loss: 0.4455926
Validation loss decreased (0.337046 --> 0.335335).  Saving model ...
Updating learning rate to 2.0829514506563195e-05
	iters: 100, epoch: 12 | loss: 0.6471491
	speed: 0.1688s/iter; left time: 3905.0841s
	iters: 200, epoch: 12 | loss: 0.8478671
	speed: 0.0790s/iter; left time: 1819.8001s
Epoch: 12 cost time: 20.619819402694702
Epoch: 12, Steps: 261 | Train Loss: 0.6450311 Vali Loss: 0.3338625 Test Loss: 0.4434600
Validation loss decreased (0.335335 --> 0.333863).  Saving model ...
Updating learning rate to 2.3789813998487008e-05
	iters: 100, epoch: 13 | loss: 0.5042033
	speed: 0.1685s/iter; left time: 3852.3548s
	iters: 200, epoch: 13 | loss: 0.7188301
	speed: 0.0792s/iter; left time: 1803.4060s
Epoch: 13 cost time: 20.648691654205322
Epoch: 13, Steps: 261 | Train Loss: 0.6411883 Vali Loss: 0.3322042 Test Loss: 0.4411711
Validation loss decreased (0.333863 --> 0.332204).  Saving model ...
Updating learning rate to 2.6924071974601397e-05
	iters: 100, epoch: 14 | loss: 0.5973277
	speed: 0.1688s/iter; left time: 3816.4589s
	iters: 200, epoch: 14 | loss: 0.9105899
	speed: 0.0793s/iter; left time: 1784.2319s
Epoch: 14 cost time: 20.63905096054077
Epoch: 14, Steps: 261 | Train Loss: 0.6377922 Vali Loss: 0.3302166 Test Loss: 0.4385990
Validation loss decreased (0.332204 --> 0.330217).  Saving model ...
Updating learning rate to 3.0212960991742456e-05
	iters: 100, epoch: 15 | loss: 0.7101879
	speed: 0.1682s/iter; left time: 3758.8553s
	iters: 200, epoch: 15 | loss: 0.7557742
	speed: 0.0791s/iter; left time: 1760.8089s
Epoch: 15 cost time: 20.62741255760193
Epoch: 15, Steps: 261 | Train Loss: 0.6338583 Vali Loss: 0.3282827 Test Loss: 0.4358885
Validation loss decreased (0.330217 --> 0.328283).  Saving model ...
Updating learning rate to 3.363620007239161e-05
	iters: 100, epoch: 16 | loss: 0.6736259
	speed: 0.1703s/iter; left time: 3760.7801s
	iters: 200, epoch: 16 | loss: 0.6039194
	speed: 0.0789s/iter; left time: 1735.1639s
Epoch: 16 cost time: 20.613581895828247
Epoch: 16, Steps: 261 | Train Loss: 0.6293520 Vali Loss: 0.3261155 Test Loss: 0.4331101
Validation loss decreased (0.328283 --> 0.326116).  Saving model ...
Updating learning rate to 3.717267976759092e-05
	iters: 100, epoch: 17 | loss: 0.4153602
	speed: 0.1687s/iter; left time: 3680.8895s
	iters: 200, epoch: 17 | loss: 0.6959913
	speed: 0.0790s/iter; left time: 1715.5893s
Epoch: 17 cost time: 20.606339931488037
Epoch: 17, Steps: 261 | Train Loss: 0.6246136 Vali Loss: 0.3237773 Test Loss: 0.4301143
Validation loss decreased (0.326116 --> 0.323777).  Saving model ...
Updating learning rate to 4.0800592328638756e-05
	iters: 100, epoch: 18 | loss: 0.5855868
	speed: 0.1692s/iter; left time: 3648.7323s
	iters: 200, epoch: 18 | loss: 0.6456293
	speed: 0.0792s/iter; left time: 1700.0613s
Epoch: 18 cost time: 20.61719799041748
Epoch: 18, Steps: 261 | Train Loss: 0.6203099 Vali Loss: 0.3211167 Test Loss: 0.4269888
Validation loss decreased (0.323777 --> 0.321117).  Saving model ...
Updating learning rate to 4.449756618485984e-05
	iters: 100, epoch: 19 | loss: 0.6068921
	speed: 0.1683s/iter; left time: 3585.2740s
	iters: 200, epoch: 19 | loss: 0.6205582
	speed: 0.0792s/iter; left time: 1678.7380s
Epoch: 19 cost time: 20.609764575958252
Epoch: 19, Steps: 261 | Train Loss: 0.6139769 Vali Loss: 0.3187088 Test Loss: 0.4236729
Validation loss decreased (0.321117 --> 0.318709).  Saving model ...
Updating learning rate to 4.824080389819096e-05
	iters: 100, epoch: 20 | loss: 0.6491330
	speed: 0.1683s/iter; left time: 3541.8947s
	iters: 200, epoch: 20 | loss: 0.5420365
	speed: 0.0790s/iter; left time: 1654.7390s
Epoch: 20 cost time: 20.59848713874817
Epoch: 20, Steps: 261 | Train Loss: 0.6094921 Vali Loss: 0.3155932 Test Loss: 0.4201982
Validation loss decreased (0.318709 --> 0.315593).  Saving model ...
Updating learning rate to 5.2007222743883666e-05
	iters: 100, epoch: 21 | loss: 0.6602032
	speed: 0.1683s/iter; left time: 3498.4623s
	iters: 200, epoch: 21 | loss: 0.5543650
	speed: 0.0791s/iter; left time: 1635.1593s
Epoch: 21 cost time: 20.60894799232483
Epoch: 21, Steps: 261 | Train Loss: 0.6041473 Vali Loss: 0.3128507 Test Loss: 0.4165474
Validation loss decreased (0.315593 --> 0.312851).  Saving model ...
Updating learning rate to 5.577359705043091e-05
	iters: 100, epoch: 22 | loss: 0.5185658
	speed: 0.1682s/iter; left time: 3450.4965s
	iters: 200, epoch: 22 | loss: 0.6457392
	speed: 0.0791s/iter; left time: 1615.2811s
Epoch: 22 cost time: 20.607973098754883
Epoch: 22, Steps: 261 | Train Loss: 0.5987786 Vali Loss: 0.3096806 Test Loss: 0.4127223
Validation loss decreased (0.312851 --> 0.309681).  Saving model ...
Updating learning rate to 5.951670142097692e-05
	iters: 100, epoch: 23 | loss: 0.6261219
	speed: 0.1685s/iter; left time: 3414.5034s
	iters: 200, epoch: 23 | loss: 0.6951584
	speed: 0.0790s/iter; left time: 1593.4683s
Epoch: 23 cost time: 20.606804609298706
Epoch: 23, Steps: 261 | Train Loss: 0.5930050 Vali Loss: 0.3063597 Test Loss: 0.4088016
Validation loss decreased (0.309681 --> 0.306360).  Saving model ...
Updating learning rate to 6.321345395303321e-05
	iters: 100, epoch: 24 | loss: 0.5957538
	speed: 0.1680s/iter; left time: 3360.5893s
	iters: 200, epoch: 24 | loss: 0.6320911
	speed: 0.0789s/iter; left time: 1570.6331s
Epoch: 24 cost time: 20.579158067703247
Epoch: 24, Steps: 261 | Train Loss: 0.5869028 Vali Loss: 0.3025553 Test Loss: 0.4047674
Validation loss decreased (0.306360 --> 0.302555).  Saving model ...
Updating learning rate to 6.6841058573335e-05
	iters: 100, epoch: 25 | loss: 0.4231701
	speed: 0.1689s/iter; left time: 3334.1167s
	iters: 200, epoch: 25 | loss: 0.5873343
	speed: 0.0790s/iter; left time: 1551.7781s
Epoch: 25 cost time: 20.595771551132202
Epoch: 25, Steps: 261 | Train Loss: 0.5815420 Vali Loss: 0.2990730 Test Loss: 0.4007830
Validation loss decreased (0.302555 --> 0.299073).  Saving model ...
Updating learning rate to 7.037714561012768e-05
	iters: 100, epoch: 26 | loss: 0.5126792
	speed: 0.1696s/iter; left time: 3303.4212s
	iters: 200, epoch: 26 | loss: 0.7588974
	speed: 0.0786s/iter; left time: 1523.8466s
Epoch: 26 cost time: 20.513903617858887
Epoch: 26, Steps: 261 | Train Loss: 0.5745721 Vali Loss: 0.2959407 Test Loss: 0.3967848
Validation loss decreased (0.299073 --> 0.295941).  Saving model ...
Updating learning rate to 7.379990973604285e-05
	iters: 100, epoch: 27 | loss: 0.6461815
	speed: 0.1710s/iter; left time: 3286.3383s
	iters: 200, epoch: 27 | loss: 0.7628691
	speed: 0.0793s/iter; left time: 1515.2260s
Epoch: 27 cost time: 20.659162521362305
Epoch: 27, Steps: 261 | Train Loss: 0.5700012 Vali Loss: 0.2923898 Test Loss: 0.3929271
Validation loss decreased (0.295941 --> 0.292390).  Saving model ...
Updating learning rate to 7.708824443093723e-05
	iters: 100, epoch: 28 | loss: 0.5698042
	speed: 0.1711s/iter; left time: 3242.5931s
	iters: 200, epoch: 28 | loss: 0.5755675
	speed: 0.0793s/iter; left time: 1494.3634s
Epoch: 28 cost time: 20.672128915786743
Epoch: 28, Steps: 261 | Train Loss: 0.5643824 Vali Loss: 0.2896384 Test Loss: 0.3893092
Validation loss decreased (0.292390 --> 0.289638).  Saving model ...
Updating learning rate to 8.022187213552767e-05
	iters: 100, epoch: 29 | loss: 0.5069900
	speed: 0.1714s/iter; left time: 3204.5688s
	iters: 200, epoch: 29 | loss: 0.8621281
	speed: 0.0790s/iter; left time: 1468.0117s
Epoch: 29 cost time: 20.59899401664734
Epoch: 29, Steps: 261 | Train Loss: 0.5588636 Vali Loss: 0.2867331 Test Loss: 0.3859263
Validation loss decreased (0.289638 --> 0.286733).  Saving model ...
Updating learning rate to 8.318146929322795e-05
	iters: 100, epoch: 30 | loss: 0.4070005
	speed: 0.1689s/iter; left time: 3113.0641s
	iters: 200, epoch: 30 | loss: 0.5791729
	speed: 0.0790s/iter; left time: 1448.4614s
Epoch: 30 cost time: 20.598800659179688
Epoch: 30, Steps: 261 | Train Loss: 0.5541577 Vali Loss: 0.2838935 Test Loss: 0.3828754
Validation loss decreased (0.286733 --> 0.283893).  Saving model ...
Updating learning rate to 8.59487855091154e-05
	iters: 100, epoch: 31 | loss: 0.5342379
	speed: 0.1680s/iter; left time: 3051.8765s
	iters: 200, epoch: 31 | loss: 0.6082168
	speed: 0.0792s/iter; left time: 1430.3668s
Epoch: 31 cost time: 20.599392652511597
Epoch: 31, Steps: 261 | Train Loss: 0.5497652 Vali Loss: 0.2817116 Test Loss: 0.3802607
Validation loss decreased (0.283893 --> 0.281712).  Saving model ...
Updating learning rate to 8.850675609123214e-05
	iters: 100, epoch: 32 | loss: 0.8742973
	speed: 0.1680s/iter; left time: 3008.6655s
	iters: 200, epoch: 32 | loss: 0.4647447
	speed: 0.0791s/iter; left time: 1408.6926s
Epoch: 32 cost time: 20.60754370689392
Epoch: 32, Steps: 261 | Train Loss: 0.5464943 Vali Loss: 0.2794358 Test Loss: 0.3779034
Validation loss decreased (0.281712 --> 0.279436).  Saving model ...
Updating learning rate to 9.083960728023302e-05
	iters: 100, epoch: 33 | loss: 0.4464547
	speed: 0.1687s/iter; left time: 2976.5857s
	iters: 200, epoch: 33 | loss: 0.5695289
	speed: 0.0790s/iter; left time: 1386.4463s
Epoch: 33 cost time: 20.59908366203308
Epoch: 33, Steps: 261 | Train Loss: 0.5425652 Vali Loss: 0.2777926 Test Loss: 0.3759523
Validation loss decreased (0.279436 --> 0.277793).  Saving model ...
Updating learning rate to 9.293295351848083e-05
	iters: 100, epoch: 34 | loss: 0.4247964
	speed: 0.1685s/iter; left time: 2929.7868s
	iters: 200, epoch: 34 | loss: 0.4924546
	speed: 0.0789s/iter; left time: 1363.1700s
Epoch: 34 cost time: 20.588148593902588
Epoch: 34, Steps: 261 | Train Loss: 0.5406930 Vali Loss: 0.2764799 Test Loss: 0.3743356
Validation loss decreased (0.277793 --> 0.276480).  Saving model ...
Updating learning rate to 9.47738861587773e-05
	iters: 100, epoch: 35 | loss: 0.6891828
	speed: 0.1689s/iter; left time: 2892.1754s
	iters: 200, epoch: 35 | loss: 0.6311058
	speed: 0.0790s/iter; left time: 1345.3586s
Epoch: 35 cost time: 20.595420122146606
Epoch: 35, Steps: 261 | Train Loss: 0.5380652 Vali Loss: 0.2755370 Test Loss: 0.3730427
Validation loss decreased (0.276480 --> 0.275537).  Saving model ...
Updating learning rate to 9.635105306570629e-05
	iters: 100, epoch: 36 | loss: 0.5270585
	speed: 0.1677s/iter; left time: 2828.2748s
	iters: 200, epoch: 36 | loss: 0.4388200
	speed: 0.0787s/iter; left time: 1319.4264s
Epoch: 36 cost time: 20.503841161727905
Epoch: 36, Steps: 261 | Train Loss: 0.5353398 Vali Loss: 0.2744635 Test Loss: 0.3718840
Validation loss decreased (0.275537 --> 0.274463).  Saving model ...
Updating learning rate to 9.765472861872672e-05
	iters: 100, epoch: 37 | loss: 0.5883622
	speed: 0.1682s/iter; left time: 2792.2638s
	iters: 200, epoch: 37 | loss: 0.6861153
	speed: 0.0792s/iter; left time: 1307.8747s
Epoch: 37 cost time: 20.669073581695557
Epoch: 37, Steps: 261 | Train Loss: 0.5329698 Vali Loss: 0.2734144 Test Loss: 0.3709709
Validation loss decreased (0.274463 --> 0.273414).  Saving model ...
Updating learning rate to 9.867687368533986e-05
	iters: 100, epoch: 38 | loss: 0.4502078
	speed: 0.1708s/iter; left time: 2792.1532s
	iters: 200, epoch: 38 | loss: 0.4563651
	speed: 0.0789s/iter; left time: 1282.1798s
Epoch: 38 cost time: 20.59347105026245
Epoch: 38, Steps: 261 | Train Loss: 0.5315756 Vali Loss: 0.2727681 Test Loss: 0.3701252
Validation loss decreased (0.273414 --> 0.272768).  Saving model ...
Updating learning rate to 9.941118519450599e-05
	iters: 100, epoch: 39 | loss: 0.6330035
	speed: 0.1686s/iter; left time: 2711.0037s
	iters: 200, epoch: 39 | loss: 0.4531096
	speed: 0.0790s/iter; left time: 1262.2327s
Epoch: 39 cost time: 20.59166979789734
Epoch: 39, Steps: 261 | Train Loss: 0.5300503 Vali Loss: 0.2722749 Test Loss: 0.3694167
Validation loss decreased (0.272768 --> 0.272275).  Saving model ...
Updating learning rate to 9.985313500461516e-05
	iters: 100, epoch: 40 | loss: 0.5005953
	speed: 0.1679s/iter; left time: 2657.0556s
	iters: 200, epoch: 40 | loss: 0.4706972
	speed: 0.0790s/iter; left time: 1242.4104s
Epoch: 40 cost time: 20.597519159317017
Epoch: 40, Steps: 261 | Train Loss: 0.5287542 Vali Loss: 0.2716563 Test Loss: 0.3687651
Validation loss decreased (0.272275 --> 0.271656).  Saving model ...
Updating learning rate to 9.999999899386908e-05
	iters: 100, epoch: 41 | loss: 0.4504005
	speed: 0.1687s/iter; left time: 2625.6204s
	iters: 200, epoch: 41 | loss: 0.4303448
	speed: 0.0789s/iter; left time: 1220.0962s
Epoch: 41 cost time: 20.565702199935913
Epoch: 41, Steps: 261 | Train Loss: 0.5270934 Vali Loss: 0.2713917 Test Loss: 0.3680165
Validation loss decreased (0.271656 --> 0.271392).  Saving model ...
Updating learning rate to 9.993095104667097e-05
	iters: 100, epoch: 42 | loss: 0.4599592
	speed: 0.1680s/iter; left time: 2569.8247s
	iters: 200, epoch: 42 | loss: 0.4593324
	speed: 0.0789s/iter; left time: 1198.8488s
Epoch: 42 cost time: 20.568222284317017
Epoch: 42, Steps: 261 | Train Loss: 0.5254056 Vali Loss: 0.2710883 Test Loss: 0.3672308
Validation loss decreased (0.271392 --> 0.271088).  Saving model ...
Updating learning rate to 9.97250463814979e-05
	iters: 100, epoch: 43 | loss: 0.5888832
	speed: 0.1690s/iter; left time: 2542.2213s
	iters: 200, epoch: 43 | loss: 0.6061543
	speed: 0.0789s/iter; left time: 1178.8244s
Epoch: 43 cost time: 20.56883478164673
Epoch: 43, Steps: 261 | Train Loss: 0.5243700 Vali Loss: 0.2706367 Test Loss: 0.3662219
Validation loss decreased (0.271088 --> 0.270637).  Saving model ...
Updating learning rate to 9.938284936872484e-05
	iters: 100, epoch: 44 | loss: 0.5137654
	speed: 0.1677s/iter; left time: 2478.9899s
	iters: 200, epoch: 44 | loss: 0.6602689
	speed: 0.0791s/iter; left time: 1160.8007s
Epoch: 44 cost time: 20.579071521759033
Epoch: 44, Steps: 261 | Train Loss: 0.5236025 Vali Loss: 0.2705798 Test Loss: 0.3655993
Validation loss decreased (0.270637 --> 0.270580).  Saving model ...
Updating learning rate to 9.890529794657798e-05
	iters: 100, epoch: 45 | loss: 0.4327671
	speed: 0.1678s/iter; left time: 2436.6348s
	iters: 200, epoch: 45 | loss: 0.5016885
	speed: 0.0790s/iter; left time: 1139.2128s
Epoch: 45 cost time: 20.58762550354004
Epoch: 45, Steps: 261 | Train Loss: 0.5209957 Vali Loss: 0.2708173 Test Loss: 0.3645725
EarlyStopping counter: 1 out of 20
Updating learning rate to 9.829370105031122e-05
	iters: 100, epoch: 46 | loss: 0.5881407
	speed: 0.1660s/iter; left time: 2366.2892s
	iters: 200, epoch: 46 | loss: 0.5316051
	speed: 0.0789s/iter; left time: 1117.5711s
Epoch: 46 cost time: 20.585168600082397
Epoch: 46, Steps: 261 | Train Loss: 0.5206450 Vali Loss: 0.2706942 Test Loss: 0.3636813
EarlyStopping counter: 2 out of 20
Updating learning rate to 9.754973502450565e-05
	iters: 100, epoch: 47 | loss: 0.5388537
	speed: 0.1670s/iter; left time: 2337.2369s
	iters: 200, epoch: 47 | loss: 0.5812798
	speed: 0.0789s/iter; left time: 1095.7356s
Epoch: 47 cost time: 20.579384088516235
Epoch: 47, Steps: 261 | Train Loss: 0.5190702 Vali Loss: 0.2704513 Test Loss: 0.3628703
Validation loss decreased (0.270580 --> 0.270451).  Saving model ...
Updating learning rate to 9.667543902832558e-05
	iters: 100, epoch: 48 | loss: 0.4392723
	speed: 0.1680s/iter; left time: 2307.1045s
	iters: 200, epoch: 48 | loss: 0.5534587
	speed: 0.0790s/iter; left time: 1077.3494s
Epoch: 48 cost time: 20.587980031967163
Epoch: 48, Steps: 261 | Train Loss: 0.5173667 Vali Loss: 0.2704135 Test Loss: 0.3623645
Validation loss decreased (0.270451 --> 0.270413).  Saving model ...
Updating learning rate to 9.567320944632494e-05
	iters: 100, epoch: 49 | loss: 0.4302942
	speed: 0.1680s/iter; left time: 2262.9326s
	iters: 200, epoch: 49 | loss: 0.4562008
	speed: 0.0789s/iter; left time: 1055.6973s
Epoch: 49 cost time: 20.567206382751465
Epoch: 49, Steps: 261 | Train Loss: 0.5164154 Vali Loss: 0.2710306 Test Loss: 0.3612522
EarlyStopping counter: 1 out of 20
Updating learning rate to 9.45457933201239e-05
	iters: 100, epoch: 50 | loss: 0.5243754
	speed: 0.1664s/iter; left time: 2197.8256s
	iters: 200, epoch: 50 | loss: 0.5686032
	speed: 0.0789s/iter; left time: 1034.2843s
Epoch: 50 cost time: 20.56404185295105
Epoch: 50, Steps: 261 | Train Loss: 0.5144603 Vali Loss: 0.2716196 Test Loss: 0.3603430
EarlyStopping counter: 2 out of 20
Updating learning rate to 9.329628081895862e-05
	iters: 100, epoch: 51 | loss: 0.4753891
	speed: 0.1661s/iter; left time: 2151.4528s
	iters: 200, epoch: 51 | loss: 0.3716199
	speed: 0.0791s/iter; left time: 1016.3064s
Epoch: 51 cost time: 20.612488508224487
Epoch: 51, Steps: 261 | Train Loss: 0.5127529 Vali Loss: 0.2715546 Test Loss: 0.3596573
EarlyStopping counter: 3 out of 20
Updating learning rate to 9.192809676974225e-05
	iters: 100, epoch: 52 | loss: 0.6869124
	speed: 0.1665s/iter; left time: 2113.1733s
	iters: 200, epoch: 52 | loss: 0.4679050
	speed: 0.0789s/iter; left time: 993.6936s
Epoch: 52 cost time: 20.588072776794434
Epoch: 52, Steps: 261 | Train Loss: 0.5118584 Vali Loss: 0.2723285 Test Loss: 0.3586387
EarlyStopping counter: 4 out of 20
Updating learning rate to 9.044499126985239e-05
	iters: 100, epoch: 53 | loss: 0.6384178
	speed: 0.1667s/iter; left time: 2071.7532s
	iters: 200, epoch: 53 | loss: 0.3109814
	speed: 0.0791s/iter; left time: 974.7294s
Epoch: 53 cost time: 20.588255167007446
Epoch: 53, Steps: 261 | Train Loss: 0.5101230 Vali Loss: 0.2734748 Test Loss: 0.3579257
EarlyStopping counter: 5 out of 20
Updating learning rate to 8.885102940837483e-05
	iters: 100, epoch: 54 | loss: 0.5037608
	speed: 0.1662s/iter; left time: 2021.9829s
	iters: 200, epoch: 54 | loss: 0.4426203
	speed: 0.0791s/iter; left time: 954.1349s
Epoch: 54 cost time: 20.60109043121338
Epoch: 54, Steps: 261 | Train Loss: 0.5081866 Vali Loss: 0.2738404 Test Loss: 0.3569873
EarlyStopping counter: 6 out of 20
Updating learning rate to 8.715058012397698e-05
	iters: 100, epoch: 55 | loss: 0.4335880
	speed: 0.1663s/iter; left time: 1980.3825s
	iters: 200, epoch: 55 | loss: 0.3523676
	speed: 0.0790s/iter; left time: 933.1875s
Epoch: 55 cost time: 20.606807708740234
Epoch: 55, Steps: 261 | Train Loss: 0.5055448 Vali Loss: 0.2746724 Test Loss: 0.3566465
EarlyStopping counter: 7 out of 20
Updating learning rate to 8.534830422995055e-05
	iters: 100, epoch: 56 | loss: 0.4492738
	speed: 0.1672s/iter; left time: 1947.0742s
	iters: 200, epoch: 56 | loss: 0.7264991
	speed: 0.0790s/iter; left time: 911.8599s
Epoch: 56 cost time: 20.605032920837402
Epoch: 56, Steps: 261 | Train Loss: 0.5048287 Vali Loss: 0.2755643 Test Loss: 0.3560078
EarlyStopping counter: 8 out of 20
Updating learning rate to 8.344914163924644e-05
	iters: 100, epoch: 57 | loss: 0.5643731
	speed: 0.1662s/iter; left time: 1892.0231s
	iters: 200, epoch: 57 | loss: 0.5154382
	speed: 0.0790s/iter; left time: 891.7952s
Epoch: 57 cost time: 20.577438831329346
Epoch: 57, Steps: 261 | Train Loss: 0.5016067 Vali Loss: 0.2765400 Test Loss: 0.3555158
EarlyStopping counter: 9 out of 20
Updating learning rate to 8.145829782451657e-05
	iters: 100, epoch: 58 | loss: 0.5319828
	speed: 0.1657s/iter; left time: 1843.7839s
	iters: 200, epoch: 58 | loss: 0.6192298
	speed: 0.0787s/iter; left time: 867.1883s
Epoch: 58 cost time: 20.505586862564087
Epoch: 58, Steps: 261 | Train Loss: 0.5010402 Vali Loss: 0.2775166 Test Loss: 0.3549544
EarlyStopping counter: 10 out of 20
Updating learning rate to 7.938122955027528e-05
	iters: 100, epoch: 59 | loss: 0.5303887
	speed: 0.1658s/iter; left time: 1800.7222s
	iters: 200, epoch: 59 | loss: 0.5611031
	speed: 0.0787s/iter; left time: 847.4531s
Epoch: 59 cost time: 20.5137996673584
Epoch: 59, Steps: 261 | Train Loss: 0.4984984 Vali Loss: 0.2785589 Test Loss: 0.3544292
EarlyStopping counter: 11 out of 20
Updating learning rate to 7.722362991628698e-05
	iters: 100, epoch: 60 | loss: 0.4549516
	speed: 0.1661s/iter; left time: 1760.7049s
	iters: 200, epoch: 60 | loss: 0.3956991
	speed: 0.0787s/iter; left time: 826.4532s
Epoch: 60 cost time: 20.530653476715088
Epoch: 60, Steps: 261 | Train Loss: 0.4968728 Vali Loss: 0.2792948 Test Loss: 0.3544003
EarlyStopping counter: 12 out of 20
Updating learning rate to 7.499141275317558e-05
	iters: 100, epoch: 61 | loss: 0.5068496
	speed: 0.1695s/iter; left time: 1752.5324s
	iters: 200, epoch: 61 | loss: 0.5957741
	speed: 0.0792s/iter; left time: 811.4415s
Epoch: 61 cost time: 20.668126106262207
Epoch: 61, Steps: 261 | Train Loss: 0.4945773 Vali Loss: 0.2800583 Test Loss: 0.3543320
EarlyStopping counter: 13 out of 20
Updating learning rate to 7.269069641302562e-05
	iters: 100, epoch: 62 | loss: 0.6873686
	speed: 0.1699s/iter; left time: 1712.4170s
	iters: 200, epoch: 62 | loss: 0.4688479
	speed: 0.0792s/iter; left time: 790.2957s
Epoch: 62 cost time: 20.653342723846436
Epoch: 62, Steps: 261 | Train Loss: 0.4931867 Vali Loss: 0.2806582 Test Loss: 0.3542586
EarlyStopping counter: 14 out of 20
Updating learning rate to 7.032778699940462e-05
	iters: 100, epoch: 63 | loss: 0.4879520
	speed: 0.1701s/iter; left time: 1670.0278s
	iters: 200, epoch: 63 | loss: 0.4717971
	speed: 0.0792s/iter; left time: 769.8248s
Epoch: 63 cost time: 20.651917219161987
Epoch: 63, Steps: 261 | Train Loss: 0.4917273 Vali Loss: 0.2813414 Test Loss: 0.3544468
EarlyStopping counter: 15 out of 20
Updating learning rate to 6.79091610827715e-05
	iters: 100, epoch: 64 | loss: 0.5847088
	speed: 0.1705s/iter; left time: 1629.6171s
	iters: 200, epoch: 64 | loss: 0.3620785
	speed: 0.0792s/iter; left time: 748.6200s
Epoch: 64 cost time: 20.636762857437134
Epoch: 64, Steps: 261 | Train Loss: 0.4903471 Vali Loss: 0.2822982 Test Loss: 0.3539160
EarlyStopping counter: 16 out of 20
Updating learning rate to 6.544144794864713e-05
	iters: 100, epoch: 65 | loss: 0.3758521
	speed: 0.1702s/iter; left time: 1582.7050s
	iters: 200, epoch: 65 | loss: 0.4213080
	speed: 0.0792s/iter; left time: 728.0015s
Epoch: 65 cost time: 20.648438215255737
Epoch: 65, Steps: 261 | Train Loss: 0.4888321 Vali Loss: 0.2825383 Test Loss: 0.3542483
EarlyStopping counter: 17 out of 20
Updating learning rate to 6.293141142720349e-05
	iters: 100, epoch: 66 | loss: 0.4991435
	speed: 0.1699s/iter; left time: 1535.3565s
	iters: 200, epoch: 66 | loss: 0.4753982
	speed: 0.0793s/iter; left time: 708.1929s
Epoch: 66 cost time: 20.649704694747925
Epoch: 66, Steps: 261 | Train Loss: 0.4862994 Vali Loss: 0.2830324 Test Loss: 0.3544321
EarlyStopping counter: 18 out of 20
Updating learning rate to 6.038593135407538e-05
	iters: 100, epoch: 67 | loss: 0.3336208
	speed: 0.1701s/iter; left time: 1492.9018s
	iters: 200, epoch: 67 | loss: 0.6041131
	speed: 0.0792s/iter; left time: 687.1390s
Epoch: 67 cost time: 20.65400218963623
Epoch: 67, Steps: 261 | Train Loss: 0.4856824 Vali Loss: 0.2843369 Test Loss: 0.3546703
EarlyStopping counter: 19 out of 20
Updating learning rate to 5.7811984713209085e-05
	iters: 100, epoch: 68 | loss: 0.5412357
	speed: 0.1698s/iter; left time: 1445.4981s
	iters: 200, epoch: 68 | loss: 0.5731803
	speed: 0.0792s/iter; left time: 666.5227s
Epoch: 68 cost time: 20.66429042816162
Epoch: 68, Steps: 261 | Train Loss: 0.4841401 Vali Loss: 0.2843276 Test Loss: 0.3546387
EarlyStopping counter: 20 out of 20
Early stopping
>>>>>>>testing : NL_ettm2_flatten_lr0.0001_5steps_336_720_PatchTST_ETTm2_ftM_sl336_ll48_pl720_dm128_nh16_el3_dl1_df256_fc1_ebtimeF_dtTruelr0.0001_pol5steps_Nested_Learning_0<<<<<<<<<<<<<<<<<<<<<<<<<<<<<<<<<
test 10801
 Ejecutando Inferencia DINÁMICA (Nested Learning con flatten)
  -> Política: 5steps | LR: 0.0001 | Target: head

RESUMEN: El CMS se actualizó 17 veces de 84 posibles.

mse:0.3623582422733307, mae:0.3835809528827667, rse:0.48330217599868774
