==========================================================
SÚPER ARRAY TFG - TAREA ID: 90 / 113
Nodo: dionisio
Dataset: weather | Experimento: NL_weather_flatten_lr0.001_always
Cabeza: flatten | LR: 0.001 | Política: always
==========================================================
Args in experiment:
Namespace(random_seed=2021, is_training=1, model_id='NL_weather_flatten_lr0.001_always_336_96', model='PatchTST', data='custom', root_path='./dataset/', data_path='weather.csv', features='M', target='OT', freq='h', checkpoints='./checkpoints/', seq_len=336, label_len=48, pred_len=96, head_type='flatten', cms_lr=0.001, update_policy='always', fc_dropout=0.2, head_dropout=0.0, patch_len=16, stride=8, padding_patch='end', revin=1, affine=0, subtract_last=0, decomposition=0, kernel_size=25, individual=0, embed_type=0, enc_in=21, dec_in=7, c_out=7, d_model=128, n_heads=16, e_layers=3, d_layers=1, d_ff=256, moving_avg=25, factor=1, distil=True, dropout=0.2, embed='timeF', activation='gelu', output_attention=False, do_predict=False, num_workers=0, itr=1, train_epochs=100, batch_size=128, patience=20, learning_rate=0.0001, des='Nested_Learning', loss='mse', lradj='type3', pct_start=0.3, use_amp=False, use_gpu=True, gpu=0, use_multi_gpu=False, devices='0,1,2,3', test_flop=False)
Use GPU: cuda:0
>>>>>>>start training : NL_weather_flatten_lr0.001_always_336_96_PatchTST_custom_ftM_sl336_ll48_pl96_dm128_nh16_el3_dl1_df256_fc1_ebtimeF_dtTruelr0.001_polalways_Nested_Learning_0>>>>>>>>>>>>>>>>>>>>>>>>>>
train 36456
val 5175
test 10444
	iters: 100, epoch: 1 | loss: 0.8781809
	speed: 0.1470s/iter; left time: 4160.6668s
	iters: 200, epoch: 1 | loss: 0.9479718
	speed: 0.1269s/iter; left time: 3578.6330s
Epoch: 1 cost time: 36.21057891845703
Epoch: 1, Steps: 284 | Train Loss: 0.9427805 Vali Loss: 0.7702799 Test Loss: 0.2973288
Validation loss decreased (inf --> 0.770280).  Saving model ...
Updating learning rate to 0.0001
	iters: 100, epoch: 2 | loss: 0.7521612
	speed: 0.2958s/iter; left time: 8287.0286s
	iters: 200, epoch: 2 | loss: 0.7647045
	speed: 0.1293s/iter; left time: 3609.1266s
Epoch: 2 cost time: 36.67237663269043
Epoch: 2, Steps: 284 | Train Loss: 0.8768997 Vali Loss: 0.6801597 Test Loss: 0.2697046
Validation loss decreased (0.770280 --> 0.680160).  Saving model ...
Updating learning rate to 0.0001
	iters: 100, epoch: 3 | loss: 0.7750536
	speed: 0.2987s/iter; left time: 8283.3240s
	iters: 200, epoch: 3 | loss: 0.7092987
	speed: 0.1299s/iter; left time: 3590.1457s
Epoch: 3 cost time: 36.87050437927246
Epoch: 3, Steps: 284 | Train Loss: 0.7663644 Vali Loss: 0.6073384 Test Loss: 0.2464400
Validation loss decreased (0.680160 --> 0.607338).  Saving model ...
Updating learning rate to 0.0001
	iters: 100, epoch: 4 | loss: 0.5807852
	speed: 0.2994s/iter; left time: 8218.8418s
	iters: 200, epoch: 4 | loss: 0.9122391
	speed: 0.1299s/iter; left time: 3553.4683s
Epoch: 4 cost time: 36.89349102973938
Epoch: 4, Steps: 284 | Train Loss: 0.6776981 Vali Loss: 0.5480233 Test Loss: 0.2278588
Validation loss decreased (0.607338 --> 0.548023).  Saving model ...
Updating learning rate to 9e-05
	iters: 100, epoch: 5 | loss: 0.5193887
	speed: 0.2992s/iter; left time: 8128.3310s
	iters: 200, epoch: 5 | loss: 0.9389215
	speed: 0.1298s/iter; left time: 3513.9713s
Epoch: 5 cost time: 36.87399482727051
Epoch: 5, Steps: 284 | Train Loss: 0.6106716 Vali Loss: 0.5133814 Test Loss: 0.2151176
Validation loss decreased (0.548023 --> 0.513381).  Saving model ...
Updating learning rate to 8.1e-05
	iters: 100, epoch: 6 | loss: 0.4941680
	speed: 0.2991s/iter; left time: 8040.6703s
	iters: 200, epoch: 6 | loss: 0.5617939
	speed: 0.1297s/iter; left time: 3472.3241s
Epoch: 6 cost time: 36.81948947906494
Epoch: 6, Steps: 284 | Train Loss: 0.5671950 Vali Loss: 0.4918071 Test Loss: 0.2065387
Validation loss decreased (0.513381 --> 0.491807).  Saving model ...
Updating learning rate to 7.290000000000001e-05
	iters: 100, epoch: 7 | loss: 0.6603174
	speed: 0.2988s/iter; left time: 7946.1316s
	iters: 200, epoch: 7 | loss: 0.4242506
	speed: 0.1295s/iter; left time: 3430.9674s
Epoch: 7 cost time: 36.76243209838867
Epoch: 7, Steps: 284 | Train Loss: 0.5386688 Vali Loss: 0.4758686 Test Loss: 0.2002764
Validation loss decreased (0.491807 --> 0.475869).  Saving model ...
Updating learning rate to 6.561e-05
	iters: 100, epoch: 8 | loss: 0.4671200
	speed: 0.2981s/iter; left time: 7844.0304s
	iters: 200, epoch: 8 | loss: 0.6370924
	speed: 0.1293s/iter; left time: 3389.6810s
Epoch: 8 cost time: 36.709861278533936
Epoch: 8, Steps: 284 | Train Loss: 0.5202393 Vali Loss: 0.4685844 Test Loss: 0.1954019
Validation loss decreased (0.475869 --> 0.468584).  Saving model ...
Updating learning rate to 5.904900000000001e-05
	iters: 100, epoch: 9 | loss: 0.6871881
	speed: 0.2976s/iter; left time: 7746.7113s
	iters: 200, epoch: 9 | loss: 0.4146628
	speed: 0.1292s/iter; left time: 3350.3172s
Epoch: 9 cost time: 36.673243284225464
Epoch: 9, Steps: 284 | Train Loss: 0.5068370 Vali Loss: 0.4624147 Test Loss: 0.1916110
Validation loss decreased (0.468584 --> 0.462415).  Saving model ...
Updating learning rate to 5.3144100000000005e-05
	iters: 100, epoch: 10 | loss: 0.4735077
	speed: 0.3077s/iter; left time: 7922.4771s
	iters: 200, epoch: 10 | loss: 0.4191480
	speed: 0.1289s/iter; left time: 3304.4107s
Epoch: 10 cost time: 37.6555962562561
Epoch: 10, Steps: 284 | Train Loss: 0.4979835 Vali Loss: 0.4566538 Test Loss: 0.1885438
Validation loss decreased (0.462415 --> 0.456654).  Saving model ...
Updating learning rate to 4.782969000000001e-05
	iters: 100, epoch: 11 | loss: 0.3759069
	speed: 0.2972s/iter; left time: 7566.2062s
	iters: 200, epoch: 11 | loss: 0.5705606
	speed: 0.1290s/iter; left time: 3270.3990s
Epoch: 11 cost time: 36.60252356529236
Epoch: 11, Steps: 284 | Train Loss: 0.4906342 Vali Loss: 0.4502400 Test Loss: 0.1860873
Validation loss decreased (0.456654 --> 0.450240).  Saving model ...
Updating learning rate to 4.304672100000001e-05
	iters: 100, epoch: 12 | loss: 0.7860005
	speed: 0.3043s/iter; left time: 7662.2109s
	iters: 200, epoch: 12 | loss: 0.4992035
	speed: 0.1286s/iter; left time: 3224.7150s
Epoch: 12 cost time: 36.514652252197266
Epoch: 12, Steps: 284 | Train Loss: 0.4852634 Vali Loss: 0.4492535 Test Loss: 0.1841442
Validation loss decreased (0.450240 --> 0.449253).  Saving model ...
Updating learning rate to 3.874204890000001e-05
	iters: 100, epoch: 13 | loss: 0.6666300
	speed: 0.2964s/iter; left time: 7379.2777s
	iters: 200, epoch: 13 | loss: 0.3696921
	speed: 0.1285s/iter; left time: 3186.4072s
Epoch: 13 cost time: 36.50315809249878
Epoch: 13, Steps: 284 | Train Loss: 0.4801412 Vali Loss: 0.4432487 Test Loss: 0.1825530
Validation loss decreased (0.449253 --> 0.443249).  Saving model ...
Updating learning rate to 3.486784401000001e-05
	iters: 100, epoch: 14 | loss: 0.3527645
	speed: 0.2964s/iter; left time: 7293.2762s
	iters: 200, epoch: 14 | loss: 0.3715152
	speed: 0.1285s/iter; left time: 3149.6640s
Epoch: 14 cost time: 36.49380040168762
Epoch: 14, Steps: 284 | Train Loss: 0.4765932 Vali Loss: 0.4425912 Test Loss: 0.1812216
Validation loss decreased (0.443249 --> 0.442591).  Saving model ...
Updating learning rate to 3.138105960900001e-05
	iters: 100, epoch: 15 | loss: 0.5643345
	speed: 0.2962s/iter; left time: 7206.1265s
	iters: 200, epoch: 15 | loss: 0.4813299
	speed: 0.1285s/iter; left time: 3112.3993s
Epoch: 15 cost time: 36.493582010269165
Epoch: 15, Steps: 284 | Train Loss: 0.4742453 Vali Loss: 0.4405007 Test Loss: 0.1800689
Validation loss decreased (0.442591 --> 0.440501).  Saving model ...
Updating learning rate to 2.824295364810001e-05
	iters: 100, epoch: 16 | loss: 0.3829502
	speed: 0.2963s/iter; left time: 7122.8212s
	iters: 200, epoch: 16 | loss: 0.6833324
	speed: 0.1285s/iter; left time: 3075.2575s
Epoch: 16 cost time: 36.48658323287964
Epoch: 16, Steps: 284 | Train Loss: 0.4712865 Vali Loss: 0.4375552 Test Loss: 0.1790935
Validation loss decreased (0.440501 --> 0.437555).  Saving model ...
Updating learning rate to 2.541865828329001e-05
	iters: 100, epoch: 17 | loss: 0.3343450
	speed: 0.2963s/iter; left time: 7039.0504s
	iters: 200, epoch: 17 | loss: 0.6399160
	speed: 0.1285s/iter; left time: 3040.1419s
Epoch: 17 cost time: 36.49787425994873
Epoch: 17, Steps: 284 | Train Loss: 0.4699541 Vali Loss: 0.4369823 Test Loss: 0.1782224
Validation loss decreased (0.437555 --> 0.436982).  Saving model ...
Updating learning rate to 2.287679245496101e-05
	iters: 100, epoch: 18 | loss: 0.3703063
	speed: 0.2964s/iter; left time: 6957.4243s
	iters: 200, epoch: 18 | loss: 0.6905240
	speed: 0.1284s/iter; left time: 3001.9371s
Epoch: 18 cost time: 36.49041509628296
Epoch: 18, Steps: 284 | Train Loss: 0.4670987 Vali Loss: 0.4311092 Test Loss: 0.1773855
Validation loss decreased (0.436982 --> 0.431109).  Saving model ...
Updating learning rate to 2.0589113209464907e-05
	iters: 100, epoch: 19 | loss: 0.5436751
	speed: 0.2962s/iter; left time: 6867.5552s
	iters: 200, epoch: 19 | loss: 0.5758396
	speed: 0.1284s/iter; left time: 2965.1841s
Epoch: 19 cost time: 36.4830162525177
Epoch: 19, Steps: 284 | Train Loss: 0.4660354 Vali Loss: 0.4328001 Test Loss: 0.1767184
EarlyStopping counter: 1 out of 20
Updating learning rate to 1.8530201888518416e-05
	iters: 100, epoch: 20 | loss: 0.3690497
	speed: 0.2958s/iter; left time: 6775.0822s
	iters: 200, epoch: 20 | loss: 0.3433109
	speed: 0.1285s/iter; left time: 2930.1036s
Epoch: 20 cost time: 36.48859119415283
Epoch: 20, Steps: 284 | Train Loss: 0.4644500 Vali Loss: 0.4313626 Test Loss: 0.1761309
EarlyStopping counter: 2 out of 20
Updating learning rate to 1.6677181699666577e-05
	iters: 100, epoch: 21 | loss: 0.8995296
	speed: 0.2958s/iter; left time: 6691.5738s
	iters: 200, epoch: 21 | loss: 0.3543958
	speed: 0.1285s/iter; left time: 2893.3413s
Epoch: 21 cost time: 36.48985290527344
Epoch: 21, Steps: 284 | Train Loss: 0.4641370 Vali Loss: 0.4330458 Test Loss: 0.1755926
EarlyStopping counter: 3 out of 20
Updating learning rate to 1.5009463529699919e-05
	iters: 100, epoch: 22 | loss: 0.3554919
	speed: 0.2960s/iter; left time: 6611.6784s
	iters: 200, epoch: 22 | loss: 0.3518532
	speed: 0.1285s/iter; left time: 2857.5756s
Epoch: 22 cost time: 36.501123905181885
Epoch: 22, Steps: 284 | Train Loss: 0.4623200 Vali Loss: 0.4288673 Test Loss: 0.1751017
Validation loss decreased (0.431109 --> 0.428867).  Saving model ...
Updating learning rate to 1.3508517176729929e-05
	iters: 100, epoch: 23 | loss: 0.4235603
	speed: 0.2964s/iter; left time: 6536.4746s
	iters: 200, epoch: 23 | loss: 0.3700916
	speed: 0.1285s/iter; left time: 2820.0385s
Epoch: 23 cost time: 36.48827290534973
Epoch: 23, Steps: 284 | Train Loss: 0.4623275 Vali Loss: 0.4298995 Test Loss: 0.1746996
EarlyStopping counter: 1 out of 20
Updating learning rate to 1.2157665459056936e-05
	iters: 100, epoch: 24 | loss: 0.6441523
	speed: 0.2959s/iter; left time: 6441.7362s
	iters: 200, epoch: 24 | loss: 0.6089633
	speed: 0.1285s/iter; left time: 2783.8287s
Epoch: 24 cost time: 36.49013948440552
Epoch: 24, Steps: 284 | Train Loss: 0.4610073 Vali Loss: 0.4260674 Test Loss: 0.1743310
Validation loss decreased (0.428867 --> 0.426067).  Saving model ...
Updating learning rate to 1.0941898913151242e-05
	iters: 100, epoch: 25 | loss: 0.4475309
	speed: 0.2964s/iter; left time: 6368.1220s
	iters: 200, epoch: 25 | loss: 0.6009244
	speed: 0.1284s/iter; left time: 2746.8225s
Epoch: 25 cost time: 36.486167669296265
Epoch: 25, Steps: 284 | Train Loss: 0.4607185 Vali Loss: 0.4262219 Test Loss: 0.1739667
EarlyStopping counter: 1 out of 20
Updating learning rate to 9.847709021836118e-06
	iters: 100, epoch: 26 | loss: 0.3189946
	speed: 0.2959s/iter; left time: 6272.5544s
	iters: 200, epoch: 26 | loss: 0.5253515
	speed: 0.1285s/iter; left time: 2711.1441s
Epoch: 26 cost time: 36.4907546043396
Epoch: 26, Steps: 284 | Train Loss: 0.4590782 Vali Loss: 0.4266592 Test Loss: 0.1736609
EarlyStopping counter: 2 out of 20
Updating learning rate to 8.862938119652508e-06
	iters: 100, epoch: 27 | loss: 0.3997289
	speed: 0.2961s/iter; left time: 6192.8447s
	iters: 200, epoch: 27 | loss: 0.5894762
	speed: 0.1285s/iter; left time: 2675.6561s
Epoch: 27 cost time: 36.49950671195984
Epoch: 27, Steps: 284 | Train Loss: 0.4595298 Vali Loss: 0.4244123 Test Loss: 0.1733773
Validation loss decreased (0.426067 --> 0.424412).  Saving model ...
Updating learning rate to 7.976644307687255e-06
	iters: 100, epoch: 28 | loss: 0.5510697
	speed: 0.2963s/iter; left time: 6113.0007s
	iters: 200, epoch: 28 | loss: 0.4495223
	speed: 0.1285s/iter; left time: 2638.0962s
Epoch: 28 cost time: 36.49436974525452
Epoch: 28, Steps: 284 | Train Loss: 0.4582156 Vali Loss: 0.4259143 Test Loss: 0.1730975
EarlyStopping counter: 1 out of 20
Updating learning rate to 7.178979876918531e-06
	iters: 100, epoch: 29 | loss: 0.4127781
	speed: 0.2959s/iter; left time: 6021.5284s
	iters: 200, epoch: 29 | loss: 0.6454417
	speed: 0.1285s/iter; left time: 2602.0688s
Epoch: 29 cost time: 36.50218892097473
Epoch: 29, Steps: 284 | Train Loss: 0.4587414 Vali Loss: 0.4242406 Test Loss: 0.1728983
Validation loss decreased (0.424412 --> 0.424241).  Saving model ...
Updating learning rate to 6.4610818892266776e-06
	iters: 100, epoch: 30 | loss: 0.4335707
	speed: 0.2963s/iter; left time: 5944.4870s
	iters: 200, epoch: 30 | loss: 0.3329645
	speed: 0.1284s/iter; left time: 2564.2754s
Epoch: 30 cost time: 36.48615074157715
Epoch: 30, Steps: 284 | Train Loss: 0.4585132 Vali Loss: 0.4258110 Test Loss: 0.1727136
EarlyStopping counter: 1 out of 20
Updating learning rate to 5.8149737003040096e-06
	iters: 100, epoch: 31 | loss: 0.4060999
	speed: 0.2956s/iter; left time: 5847.9097s
	iters: 200, epoch: 31 | loss: 0.4135740
	speed: 0.1284s/iter; left time: 2527.5231s
Epoch: 31 cost time: 36.477229833602905
Epoch: 31, Steps: 284 | Train Loss: 0.4579128 Vali Loss: 0.4236499 Test Loss: 0.1725345
Validation loss decreased (0.424241 --> 0.423650).  Saving model ...
Updating learning rate to 5.23347633027361e-06
	iters: 100, epoch: 32 | loss: 0.5683030
	speed: 0.2961s/iter; left time: 5772.9791s
	iters: 200, epoch: 32 | loss: 0.4283749
	speed: 0.1284s/iter; left time: 2491.2327s
Epoch: 32 cost time: 36.47610688209534
Epoch: 32, Steps: 284 | Train Loss: 0.4568559 Vali Loss: 0.4237323 Test Loss: 0.1723307
EarlyStopping counter: 1 out of 20
Updating learning rate to 4.710128697246249e-06
	iters: 100, epoch: 33 | loss: 0.5796095
	speed: 0.2956s/iter; left time: 5679.6067s
	iters: 200, epoch: 33 | loss: 0.3593194
	speed: 0.1285s/iter; left time: 2455.3809s
Epoch: 33 cost time: 36.48443078994751
Epoch: 33, Steps: 284 | Train Loss: 0.4565425 Vali Loss: 0.4233742 Test Loss: 0.1721857
Validation loss decreased (0.423650 --> 0.423374).  Saving model ...
Updating learning rate to 4.239115827521624e-06
	iters: 100, epoch: 34 | loss: 0.3279018
	speed: 0.2960s/iter; left time: 5603.7542s
	iters: 200, epoch: 34 | loss: 0.6184037
	speed: 0.1284s/iter; left time: 2417.9465s
Epoch: 34 cost time: 36.47307109832764
Epoch: 34, Steps: 284 | Train Loss: 0.4573743 Vali Loss: 0.4223669 Test Loss: 0.1720504
Validation loss decreased (0.423374 --> 0.422367).  Saving model ...
Updating learning rate to 3.815204244769462e-06
	iters: 100, epoch: 35 | loss: 0.4449079
	speed: 0.2962s/iter; left time: 5522.1426s
	iters: 200, epoch: 35 | loss: 0.3081058
	speed: 0.1284s/iter; left time: 2381.4802s
Epoch: 35 cost time: 36.480146646499634
Epoch: 35, Steps: 284 | Train Loss: 0.4570778 Vali Loss: 0.4218503 Test Loss: 0.1719399
Validation loss decreased (0.422367 --> 0.421850).  Saving model ...
Updating learning rate to 3.4336838202925152e-06
	iters: 100, epoch: 36 | loss: 0.6026031
	speed: 0.2960s/iter; left time: 5434.9821s
	iters: 200, epoch: 36 | loss: 0.4009631
	speed: 0.1285s/iter; left time: 2345.7785s
Epoch: 36 cost time: 36.47849369049072
Epoch: 36, Steps: 284 | Train Loss: 0.4568137 Vali Loss: 0.4230015 Test Loss: 0.1718216
EarlyStopping counter: 1 out of 20
Updating learning rate to 3.090315438263264e-06
	iters: 100, epoch: 37 | loss: 0.5813936
	speed: 0.2956s/iter; left time: 5344.4433s
	iters: 200, epoch: 37 | loss: 1.0359442
	speed: 0.1285s/iter; left time: 2309.4526s
Epoch: 37 cost time: 36.48255920410156
Epoch: 37, Steps: 284 | Train Loss: 0.4566518 Vali Loss: 0.4214167 Test Loss: 0.1717383
Validation loss decreased (0.421850 --> 0.421417).  Saving model ...
Updating learning rate to 2.7812838944369375e-06
	iters: 100, epoch: 38 | loss: 0.6188990
	speed: 0.2963s/iter; left time: 5272.2317s
	iters: 200, epoch: 38 | loss: 0.5681008
	speed: 0.1284s/iter; left time: 2272.2490s
Epoch: 38 cost time: 36.47984600067139
Epoch: 38, Steps: 284 | Train Loss: 0.4564042 Vali Loss: 0.4213625 Test Loss: 0.1716549
Validation loss decreased (0.421417 --> 0.421362).  Saving model ...
Updating learning rate to 2.503155504993244e-06
	iters: 100, epoch: 39 | loss: 0.5833715
	speed: 0.2960s/iter; left time: 5182.3677s
	iters: 200, epoch: 39 | loss: 0.4513319
	speed: 0.1285s/iter; left time: 2236.3725s
Epoch: 39 cost time: 36.47419095039368
Epoch: 39, Steps: 284 | Train Loss: 0.4560823 Vali Loss: 0.4230444 Test Loss: 0.1716041
EarlyStopping counter: 1 out of 20
Updating learning rate to 2.2528399544939195e-06
	iters: 100, epoch: 40 | loss: 0.7054567
	speed: 0.2955s/iter; left time: 5090.3946s
	iters: 200, epoch: 40 | loss: 0.3372217
	speed: 0.1285s/iter; left time: 2199.8549s
Epoch: 40 cost time: 36.48015022277832
Epoch: 40, Steps: 284 | Train Loss: 0.4555179 Vali Loss: 0.4195947 Test Loss: 0.1715200
Validation loss decreased (0.421362 --> 0.419595).  Saving model ...
Updating learning rate to 2.0275559590445276e-06
	iters: 100, epoch: 41 | loss: 0.6157135
	speed: 0.2961s/iter; left time: 5015.6184s
	iters: 200, epoch: 41 | loss: 0.4207030
	speed: 0.1284s/iter; left time: 2162.9025s
Epoch: 41 cost time: 36.46671724319458
Epoch: 41, Steps: 284 | Train Loss: 0.4552157 Vali Loss: 0.4208075 Test Loss: 0.1714429
EarlyStopping counter: 1 out of 20
Updating learning rate to 1.8248003631400751e-06
	iters: 100, epoch: 42 | loss: 0.3967729
	speed: 0.2956s/iter; left time: 4923.5283s
	iters: 200, epoch: 42 | loss: 0.3250507
	speed: 0.1285s/iter; left time: 2126.9106s
Epoch: 42 cost time: 36.47395133972168
Epoch: 42, Steps: 284 | Train Loss: 0.4551083 Vali Loss: 0.4227521 Test Loss: 0.1713995
EarlyStopping counter: 2 out of 20
Updating learning rate to 1.6423203268260676e-06
	iters: 100, epoch: 43 | loss: 0.5716091
	speed: 0.2956s/iter; left time: 4839.3035s
	iters: 200, epoch: 43 | loss: 0.4000280
	speed: 0.1282s/iter; left time: 2085.9357s
Epoch: 43 cost time: 36.40187358856201
Epoch: 43, Steps: 284 | Train Loss: 0.4559143 Vali Loss: 0.4198580 Test Loss: 0.1713465
EarlyStopping counter: 3 out of 20
Updating learning rate to 1.4780882941434609e-06
	iters: 100, epoch: 44 | loss: 0.4514788
	speed: 0.2948s/iter; left time: 4742.2608s
	iters: 200, epoch: 44 | loss: 0.6538985
	speed: 0.1280s/iter; left time: 2046.0599s
Epoch: 44 cost time: 36.33665728569031
Epoch: 44, Steps: 284 | Train Loss: 0.4557107 Vali Loss: 0.4212545 Test Loss: 0.1712977
EarlyStopping counter: 4 out of 20
Updating learning rate to 1.3302794647291146e-06
	iters: 100, epoch: 45 | loss: 0.5738502
	speed: 0.2946s/iter; left time: 4655.5317s
	iters: 200, epoch: 45 | loss: 0.3193996
	speed: 0.1280s/iter; left time: 2009.7547s
Epoch: 45 cost time: 36.33640193939209
Epoch: 45, Steps: 284 | Train Loss: 0.4559637 Vali Loss: 0.4216648 Test Loss: 0.1712665
EarlyStopping counter: 5 out of 20
Updating learning rate to 1.1972515182562034e-06
	iters: 100, epoch: 46 | loss: 0.3253774
	speed: 0.2946s/iter; left time: 4572.5864s
	iters: 200, epoch: 46 | loss: 0.4961544
	speed: 0.1280s/iter; left time: 1973.6660s
Epoch: 46 cost time: 36.342135429382324
Epoch: 46, Steps: 284 | Train Loss: 0.4554398 Vali Loss: 0.4191826 Test Loss: 0.1712480
Validation loss decreased (0.419595 --> 0.419183).  Saving model ...
Updating learning rate to 1.077526366430583e-06
	iters: 100, epoch: 47 | loss: 0.4107953
	speed: 0.2952s/iter; left time: 4497.2593s
	iters: 200, epoch: 47 | loss: 0.4116427
	speed: 0.1279s/iter; left time: 1935.9192s
Epoch: 47 cost time: 36.32669734954834
Epoch: 47, Steps: 284 | Train Loss: 0.4555810 Vali Loss: 0.4191641 Test Loss: 0.1711807
Validation loss decreased (0.419183 --> 0.419164).  Saving model ...
Updating learning rate to 9.697737297875248e-07
	iters: 100, epoch: 48 | loss: 0.3910836
	speed: 0.2952s/iter; left time: 4413.7338s
	iters: 200, epoch: 48 | loss: 0.4709366
	speed: 0.1279s/iter; left time: 1899.5588s
Epoch: 48 cost time: 36.32388472557068
Epoch: 48, Steps: 284 | Train Loss: 0.4544932 Vali Loss: 0.4220871 Test Loss: 0.1711552
EarlyStopping counter: 1 out of 20
Updating learning rate to 8.727963568087723e-07
	iters: 100, epoch: 49 | loss: 0.3154339
	speed: 0.2946s/iter; left time: 4321.7332s
	iters: 200, epoch: 49 | loss: 0.3080190
	speed: 0.1279s/iter; left time: 1863.7653s
Epoch: 49 cost time: 36.32899451255798
Epoch: 49, Steps: 284 | Train Loss: 0.4541708 Vali Loss: 0.4176796 Test Loss: 0.1711259
Validation loss decreased (0.419164 --> 0.417680).  Saving model ...
Updating learning rate to 7.855167211278951e-07
	iters: 100, epoch: 50 | loss: 0.4145482
	speed: 0.2951s/iter; left time: 4244.5005s
	iters: 200, epoch: 50 | loss: 0.4511653
	speed: 0.1279s/iter; left time: 1827.3483s
Epoch: 50 cost time: 36.33064150810242
Epoch: 50, Steps: 284 | Train Loss: 0.4554137 Vali Loss: 0.4212264 Test Loss: 0.1711265
EarlyStopping counter: 1 out of 20
Updating learning rate to 7.069650490151056e-07
	iters: 100, epoch: 51 | loss: 0.5950325
	speed: 0.2946s/iter; left time: 4154.5484s
	iters: 200, epoch: 51 | loss: 0.5480083
	speed: 0.1279s/iter; left time: 1791.2869s
Epoch: 51 cost time: 36.33050537109375
Epoch: 51, Steps: 284 | Train Loss: 0.4555575 Vali Loss: 0.4213293 Test Loss: 0.1710874
EarlyStopping counter: 2 out of 20
Updating learning rate to 6.36268544113595e-07
	iters: 100, epoch: 52 | loss: 0.7898948
	speed: 0.2948s/iter; left time: 4072.9238s
	iters: 200, epoch: 52 | loss: 0.9512401
	speed: 0.1281s/iter; left time: 1757.6541s
Epoch: 52 cost time: 36.38991928100586
Epoch: 52, Steps: 284 | Train Loss: 0.4549534 Vali Loss: 0.4191809 Test Loss: 0.1710835
EarlyStopping counter: 3 out of 20
Updating learning rate to 5.726416897022355e-07
	iters: 100, epoch: 53 | loss: 0.3569053
	speed: 0.2955s/iter; left time: 3999.1094s
	iters: 200, epoch: 53 | loss: 0.3370296
	speed: 0.1284s/iter; left time: 1725.0922s
Epoch: 53 cost time: 36.47345232963562
Epoch: 53, Steps: 284 | Train Loss: 0.4553522 Vali Loss: 0.4192524 Test Loss: 0.1710767
EarlyStopping counter: 4 out of 20
Updating learning rate to 5.15377520732012e-07
	iters: 100, epoch: 54 | loss: 0.3363340
	speed: 0.2956s/iter; left time: 3916.2885s
	iters: 200, epoch: 54 | loss: 0.3974395
	speed: 0.1284s/iter; left time: 1688.0713s
Epoch: 54 cost time: 36.468522787094116
Epoch: 54, Steps: 284 | Train Loss: 0.4552247 Vali Loss: 0.4198452 Test Loss: 0.1710327
EarlyStopping counter: 5 out of 20
Updating learning rate to 4.6383976865881085e-07
	iters: 100, epoch: 55 | loss: 0.5678862
	speed: 0.2958s/iter; left time: 3834.4230s
	iters: 200, epoch: 55 | loss: 0.3236064
	speed: 0.1284s/iter; left time: 1651.7016s
Epoch: 55 cost time: 36.47179412841797
Epoch: 55, Steps: 284 | Train Loss: 0.4537737 Vali Loss: 0.4201536 Test Loss: 0.1710466
EarlyStopping counter: 6 out of 20
Updating learning rate to 4.174557917929298e-07
	iters: 100, epoch: 56 | loss: 0.3570239
	speed: 0.2955s/iter; left time: 3747.4798s
	iters: 200, epoch: 56 | loss: 0.3498413
	speed: 0.1284s/iter; left time: 1615.0813s
Epoch: 56 cost time: 36.46410846710205
Epoch: 56, Steps: 284 | Train Loss: 0.4551605 Vali Loss: 0.4197654 Test Loss: 0.1710278
EarlyStopping counter: 7 out of 20
Updating learning rate to 3.7571021261363677e-07
	iters: 100, epoch: 57 | loss: 0.3762761
	speed: 0.2956s/iter; left time: 3664.6928s
	iters: 200, epoch: 57 | loss: 0.8135976
	speed: 0.1284s/iter; left time: 1578.5925s
Epoch: 57 cost time: 36.46118450164795
Epoch: 57, Steps: 284 | Train Loss: 0.4544285 Vali Loss: 0.4210652 Test Loss: 0.1710081
EarlyStopping counter: 8 out of 20
Updating learning rate to 3.381391913522731e-07
	iters: 100, epoch: 58 | loss: 0.4404200
	speed: 0.2955s/iter; left time: 3579.6231s
	iters: 200, epoch: 58 | loss: 0.4089533
	speed: 0.1284s/iter; left time: 1542.2000s
Epoch: 58 cost time: 36.46917247772217
Epoch: 58, Steps: 284 | Train Loss: 0.4551204 Vali Loss: 0.4186932 Test Loss: 0.1709990
EarlyStopping counter: 9 out of 20
Updating learning rate to 3.043252722170458e-07
	iters: 100, epoch: 59 | loss: 0.5880373
	speed: 0.2958s/iter; left time: 3499.4090s
	iters: 200, epoch: 59 | loss: 0.4488326
	speed: 0.1284s/iter; left time: 1505.6423s
Epoch: 59 cost time: 36.468326568603516
Epoch: 59, Steps: 284 | Train Loss: 0.4543045 Vali Loss: 0.4199461 Test Loss: 0.1710028
EarlyStopping counter: 10 out of 20
Updating learning rate to 2.7389274499534124e-07
	iters: 100, epoch: 60 | loss: 0.6158947
	speed: 0.2957s/iter; left time: 3413.2911s
	iters: 200, epoch: 60 | loss: 0.3583194
	speed: 0.1284s/iter; left time: 1469.2748s
Epoch: 60 cost time: 36.46649980545044
Epoch: 60, Steps: 284 | Train Loss: 0.4548489 Vali Loss: 0.4169990 Test Loss: 0.1709689
Validation loss decreased (0.417680 --> 0.416999).  Saving model ...
Updating learning rate to 2.465034704958071e-07
	iters: 100, epoch: 61 | loss: 0.7999909
	speed: 0.2963s/iter; left time: 3336.8627s
	iters: 200, epoch: 61 | loss: 0.6144299
	speed: 0.1286s/iter; left time: 1434.7955s
Epoch: 61 cost time: 36.50831723213196
Epoch: 61, Steps: 284 | Train Loss: 0.4551762 Vali Loss: 0.4201904 Test Loss: 0.1709669
EarlyStopping counter: 1 out of 20
Updating learning rate to 2.218531234462264e-07
	iters: 100, epoch: 62 | loss: 0.4030080
	speed: 0.2963s/iter; left time: 3252.5594s
	iters: 200, epoch: 62 | loss: 0.3403397
	speed: 0.1288s/iter; left time: 1401.0048s
Epoch: 62 cost time: 36.57556676864624
Epoch: 62, Steps: 284 | Train Loss: 0.4549794 Vali Loss: 0.4200219 Test Loss: 0.1709563
EarlyStopping counter: 2 out of 20
Updating learning rate to 1.9966781110160376e-07
	iters: 100, epoch: 63 | loss: 0.6326413
	speed: 0.2969s/iter; left time: 3174.4107s
	iters: 200, epoch: 63 | loss: 0.3447295
	speed: 0.1291s/iter; left time: 1367.1274s
Epoch: 63 cost time: 36.64535140991211
Epoch: 63, Steps: 284 | Train Loss: 0.4534839 Vali Loss: 0.4197671 Test Loss: 0.1709341
EarlyStopping counter: 3 out of 20
Updating learning rate to 1.797010299914434e-07
	iters: 100, epoch: 64 | loss: 0.3398120
	speed: 0.2975s/iter; left time: 3096.3496s
	iters: 200, epoch: 64 | loss: 0.3856767
	speed: 0.1292s/iter; left time: 1332.2711s
Epoch: 64 cost time: 36.696831703186035
Epoch: 64, Steps: 284 | Train Loss: 0.4551768 Vali Loss: 0.4190332 Test Loss: 0.1709538
EarlyStopping counter: 4 out of 20
Updating learning rate to 1.6173092699229907e-07
	iters: 100, epoch: 65 | loss: 0.4238929
	speed: 0.2976s/iter; left time: 3012.8204s
	iters: 200, epoch: 65 | loss: 0.4080991
	speed: 0.1293s/iter; left time: 1296.1530s
Epoch: 65 cost time: 36.71905279159546
Epoch: 65, Steps: 284 | Train Loss: 0.4552450 Vali Loss: 0.4209944 Test Loss: 0.1709736
EarlyStopping counter: 5 out of 20
Updating learning rate to 1.4555783429306916e-07
	iters: 100, epoch: 66 | loss: 0.3822562
	speed: 0.2979s/iter; left time: 2932.0060s
	iters: 200, epoch: 66 | loss: 0.6041312
	speed: 0.1295s/iter; left time: 1261.2703s
Epoch: 66 cost time: 36.77496409416199
Epoch: 66, Steps: 284 | Train Loss: 0.4542058 Vali Loss: 0.4201943 Test Loss: 0.1709515
EarlyStopping counter: 6 out of 20
Updating learning rate to 1.3100205086376224e-07
	iters: 100, epoch: 67 | loss: 0.3848428
	speed: 0.2981s/iter; left time: 2848.8698s
	iters: 200, epoch: 67 | loss: 0.4996411
	speed: 0.1296s/iter; left time: 1225.8356s
Epoch: 67 cost time: 36.81568455696106
Epoch: 67, Steps: 284 | Train Loss: 0.4544399 Vali Loss: 0.4212953 Test Loss: 0.1709465
EarlyStopping counter: 7 out of 20
Updating learning rate to 1.1790184577738603e-07
	iters: 100, epoch: 68 | loss: 0.4193404
	speed: 0.2983s/iter; left time: 2766.5576s
	iters: 200, epoch: 68 | loss: 0.6487726
	speed: 0.1297s/iter; left time: 1189.8597s
Epoch: 68 cost time: 36.83415913581848
Epoch: 68, Steps: 284 | Train Loss: 0.4552184 Vali Loss: 0.4208759 Test Loss: 0.1709480
EarlyStopping counter: 8 out of 20
Updating learning rate to 1.0611166119964742e-07
	iters: 100, epoch: 69 | loss: 0.4423578
	speed: 0.2986s/iter; left time: 2683.9091s
	iters: 200, epoch: 69 | loss: 0.6511214
	speed: 0.1298s/iter; left time: 1153.9031s
Epoch: 69 cost time: 36.86584758758545
Epoch: 69, Steps: 284 | Train Loss: 0.4549170 Vali Loss: 0.4192653 Test Loss: 0.1709374
EarlyStopping counter: 9 out of 20
Updating learning rate to 9.550049507968268e-08
	iters: 100, epoch: 70 | loss: 0.4292142
	speed: 0.2989s/iter; left time: 2601.6145s
	iters: 200, epoch: 70 | loss: 0.3665570
	speed: 0.1299s/iter; left time: 1117.8335s
Epoch: 70 cost time: 36.886279582977295
Epoch: 70, Steps: 284 | Train Loss: 0.4542385 Vali Loss: 0.4179663 Test Loss: 0.1709261
EarlyStopping counter: 10 out of 20
Updating learning rate to 8.595044557171442e-08
	iters: 100, epoch: 71 | loss: 0.6232158
	speed: 0.2989s/iter; left time: 2516.9952s
	iters: 200, epoch: 71 | loss: 0.6254293
	speed: 0.1300s/iter; left time: 1081.7146s
Epoch: 71 cost time: 36.93165445327759
Epoch: 71, Steps: 284 | Train Loss: 0.4552517 Vali Loss: 0.4181962 Test Loss: 0.1709237
EarlyStopping counter: 11 out of 20
Updating learning rate to 7.735540101454298e-08
	iters: 100, epoch: 72 | loss: 0.3331015
	speed: 0.2992s/iter; left time: 2434.6756s
	iters: 200, epoch: 72 | loss: 0.5967260
	speed: 0.1300s/iter; left time: 1044.9885s
Epoch: 72 cost time: 36.92819380760193
Epoch: 72, Steps: 284 | Train Loss: 0.4551434 Vali Loss: 0.4212285 Test Loss: 0.1709439
EarlyStopping counter: 12 out of 20
Updating learning rate to 6.961986091308869e-08
	iters: 100, epoch: 73 | loss: 0.3664461
	speed: 0.2993s/iter; left time: 2350.3859s
	iters: 200, epoch: 73 | loss: 0.6941542
	speed: 0.1301s/iter; left time: 1008.6405s
Epoch: 73 cost time: 36.942251443862915
Epoch: 73, Steps: 284 | Train Loss: 0.4528963 Vali Loss: 0.4202426 Test Loss: 0.1709291
EarlyStopping counter: 13 out of 20
Updating learning rate to 6.265787482177981e-08
	iters: 100, epoch: 74 | loss: 0.3828912
	speed: 0.2992s/iter; left time: 2264.6091s
	iters: 200, epoch: 74 | loss: 0.3310096
	speed: 0.1301s/iter; left time: 971.6695s
Epoch: 74 cost time: 36.94786286354065
Epoch: 74, Steps: 284 | Train Loss: 0.4549191 Vali Loss: 0.4212448 Test Loss: 0.1709311
EarlyStopping counter: 14 out of 20
Updating learning rate to 5.639208733960184e-08
	iters: 100, epoch: 75 | loss: 0.3415477
	speed: 0.2994s/iter; left time: 2181.0727s
	iters: 200, epoch: 75 | loss: 0.3889406
	speed: 0.1302s/iter; left time: 935.3224s
Epoch: 75 cost time: 36.96013379096985
Epoch: 75, Steps: 284 | Train Loss: 0.4552889 Vali Loss: 0.4189768 Test Loss: 0.1709344
EarlyStopping counter: 15 out of 20
Updating learning rate to 5.075287860564165e-08
	iters: 100, epoch: 76 | loss: 0.3581318
	speed: 0.2995s/iter; left time: 2096.6894s
	iters: 200, epoch: 76 | loss: 0.5673223
	speed: 0.1302s/iter; left time: 898.7667s
Epoch: 76 cost time: 36.97248578071594
Epoch: 76, Steps: 284 | Train Loss: 0.4550234 Vali Loss: 0.4188953 Test Loss: 0.1709077
EarlyStopping counter: 16 out of 20
Updating learning rate to 4.567759074507749e-08
	iters: 100, epoch: 77 | loss: 0.3252552
	speed: 0.2994s/iter; left time: 2011.3652s
	iters: 200, epoch: 77 | loss: 0.5354074
	speed: 0.1303s/iter; left time: 862.0534s
Epoch: 77 cost time: 36.98554968833923
Epoch: 77, Steps: 284 | Train Loss: 0.4553152 Vali Loss: 0.4222970 Test Loss: 0.1709381
EarlyStopping counter: 17 out of 20
Updating learning rate to 4.1109831670569744e-08
	iters: 100, epoch: 78 | loss: 0.4735394
	speed: 0.2998s/iter; left time: 1928.3130s
	iters: 200, epoch: 78 | loss: 0.3035022
	speed: 0.1303s/iter; left time: 825.4057s
Epoch: 78 cost time: 36.99751615524292
Epoch: 78, Steps: 284 | Train Loss: 0.4550252 Vali Loss: 0.4196985 Test Loss: 0.1709228
EarlyStopping counter: 18 out of 20
Updating learning rate to 3.6998848503512764e-08
	iters: 100, epoch: 79 | loss: 0.6560087
	speed: 0.2997s/iter; left time: 1843.0199s
	iters: 200, epoch: 79 | loss: 0.5363690
	speed: 0.1303s/iter; left time: 787.9560s
Epoch: 79 cost time: 36.98506283760071
Epoch: 79, Steps: 284 | Train Loss: 0.4549307 Vali Loss: 0.4207463 Test Loss: 0.1709316
EarlyStopping counter: 19 out of 20
Updating learning rate to 3.3298963653161496e-08
	iters: 100, epoch: 80 | loss: 0.3533018
	speed: 0.2989s/iter; left time: 1753.0532s
	iters: 200, epoch: 80 | loss: 0.3169124
	speed: 0.1297s/iter; left time: 747.8148s
Epoch: 80 cost time: 36.84351563453674
Epoch: 80, Steps: 284 | Train Loss: 0.4549857 Vali Loss: 0.4207965 Test Loss: 0.1709325
EarlyStopping counter: 20 out of 20
Early stopping
>>>>>>>testing : NL_weather_flatten_lr0.001_always_336_96_PatchTST_custom_ftM_sl336_ll48_pl96_dm128_nh16_el3_dl1_df256_fc1_ebtimeF_dtTruelr0.001_polalways_Nested_Learning_0<<<<<<<<<<<<<<<<<<<<<<<<<<<<<<<<<
test 10444
 Ejecutando Inferencia DINÁMICA (Nested Learning con flatten)
  -> Política: always | LR: 0.001 | Target: head

RESUMEN: El CMS se actualizó 81 veces de 81 posibles.

mse:0.167909637093544, mae:0.2182072550058365, rse:0.5398185849189758
Args in experiment:
Namespace(random_seed=2021, is_training=1, model_id='NL_weather_flatten_lr0.001_always_336_192', model='PatchTST', data='custom', root_path='./dataset/', data_path='weather.csv', features='M', target='OT', freq='h', checkpoints='./checkpoints/', seq_len=336, label_len=48, pred_len=192, head_type='flatten', cms_lr=0.001, update_policy='always', fc_dropout=0.2, head_dropout=0.0, patch_len=16, stride=8, padding_patch='end', revin=1, affine=0, subtract_last=0, decomposition=0, kernel_size=25, individual=0, embed_type=0, enc_in=21, dec_in=7, c_out=7, d_model=128, n_heads=16, e_layers=3, d_layers=1, d_ff=256, moving_avg=25, factor=1, distil=True, dropout=0.2, embed='timeF', activation='gelu', output_attention=False, do_predict=False, num_workers=0, itr=1, train_epochs=100, batch_size=128, patience=20, learning_rate=0.0001, des='Nested_Learning', loss='mse', lradj='type3', pct_start=0.3, use_amp=False, use_gpu=True, gpu=0, use_multi_gpu=False, devices='0,1,2,3', test_flop=False)
Use GPU: cuda:0
>>>>>>>start training : NL_weather_flatten_lr0.001_always_336_192_PatchTST_custom_ftM_sl336_ll48_pl192_dm128_nh16_el3_dl1_df256_fc1_ebtimeF_dtTruelr0.001_polalways_Nested_Learning_0>>>>>>>>>>>>>>>>>>>>>>>>>>
train 36360
val 5079
test 10348
	iters: 100, epoch: 1 | loss: 0.9579147
	speed: 0.1504s/iter; left time: 4255.1140s
	iters: 200, epoch: 1 | loss: 1.0008398
	speed: 0.1342s/iter; left time: 3784.5522s
Epoch: 1 cost time: 38.25025200843811
Epoch: 1, Steps: 284 | Train Loss: 0.9642080 Vali Loss: 0.8107034 Test Loss: 0.3256778
Validation loss decreased (inf --> 0.810703).  Saving model ...
Updating learning rate to 0.0001
	iters: 100, epoch: 2 | loss: 0.8456995
	speed: 0.3114s/iter; left time: 8725.0844s
	iters: 200, epoch: 2 | loss: 0.9194043
	speed: 0.1353s/iter; left time: 3776.7960s
Epoch: 2 cost time: 38.42277002334595
Epoch: 2, Steps: 284 | Train Loss: 0.9119595 Vali Loss: 0.7427488 Test Loss: 0.3047884
Validation loss decreased (0.810703 --> 0.742749).  Saving model ...
Updating learning rate to 0.0001
	iters: 100, epoch: 3 | loss: 0.7400568
	speed: 0.3108s/iter; left time: 8618.6783s
	iters: 200, epoch: 3 | loss: 1.0702614
	speed: 0.1353s/iter; left time: 3738.4832s
Epoch: 3 cost time: 38.42033100128174
Epoch: 3, Steps: 284 | Train Loss: 0.8207369 Vali Loss: 0.6809354 Test Loss: 0.2862013
Validation loss decreased (0.742749 --> 0.680935).  Saving model ...
Updating learning rate to 0.0001
	iters: 100, epoch: 4 | loss: 0.8846173
	speed: 0.3113s/iter; left time: 8544.3824s
	iters: 200, epoch: 4 | loss: 0.7467644
	speed: 0.1352s/iter; left time: 3697.7980s
Epoch: 4 cost time: 38.38599681854248
Epoch: 4, Steps: 284 | Train Loss: 0.7443190 Vali Loss: 0.6317568 Test Loss: 0.2703278
Validation loss decreased (0.680935 --> 0.631757).  Saving model ...
Updating learning rate to 9e-05
	iters: 100, epoch: 5 | loss: 0.6043473
	speed: 0.3100s/iter; left time: 8422.2441s
	iters: 200, epoch: 5 | loss: 0.6014383
	speed: 0.1350s/iter; left time: 3652.7908s
Epoch: 5 cost time: 38.325132608413696
Epoch: 5, Steps: 284 | Train Loss: 0.6835268 Vali Loss: 0.5965858 Test Loss: 0.2585307
Validation loss decreased (0.631757 --> 0.596586).  Saving model ...
Updating learning rate to 8.1e-05
	iters: 100, epoch: 6 | loss: 0.7042531
	speed: 0.3095s/iter; left time: 8318.6008s
	iters: 200, epoch: 6 | loss: 0.5101670
	speed: 0.1347s/iter; left time: 3606.7904s
Epoch: 6 cost time: 38.24842357635498
Epoch: 6, Steps: 284 | Train Loss: 0.6389739 Vali Loss: 0.5696458 Test Loss: 0.2499116
Validation loss decreased (0.596586 --> 0.569646).  Saving model ...
Updating learning rate to 7.290000000000001e-05
	iters: 100, epoch: 7 | loss: 0.5551080
	speed: 0.3087s/iter; left time: 8210.1208s
	iters: 200, epoch: 7 | loss: 0.4851938
	speed: 0.1345s/iter; left time: 3563.4116s
Epoch: 7 cost time: 38.19186735153198
Epoch: 7, Steps: 284 | Train Loss: 0.6068182 Vali Loss: 0.5536130 Test Loss: 0.2436794
Validation loss decreased (0.569646 --> 0.553613).  Saving model ...
Updating learning rate to 6.561e-05
	iters: 100, epoch: 8 | loss: 0.4885443
	speed: 0.3089s/iter; left time: 8127.2481s
	iters: 200, epoch: 8 | loss: 0.5404778
	speed: 0.1344s/iter; left time: 3523.9832s
Epoch: 8 cost time: 38.16415762901306
Epoch: 8, Steps: 284 | Train Loss: 0.5839608 Vali Loss: 0.5389557 Test Loss: 0.2392711
Validation loss decreased (0.553613 --> 0.538956).  Saving model ...
Updating learning rate to 5.904900000000001e-05
	iters: 100, epoch: 9 | loss: 0.5060221
	speed: 0.3085s/iter; left time: 8029.2465s
	iters: 200, epoch: 9 | loss: 0.6310863
	speed: 0.1342s/iter; left time: 3479.0326s
Epoch: 9 cost time: 38.10423564910889
Epoch: 9, Steps: 284 | Train Loss: 0.5676153 Vali Loss: 0.5356140 Test Loss: 0.2362170
Validation loss decreased (0.538956 --> 0.535614).  Saving model ...
Updating learning rate to 5.3144100000000005e-05
	iters: 100, epoch: 10 | loss: 0.6244731
	speed: 0.3082s/iter; left time: 7933.5673s
	iters: 200, epoch: 10 | loss: 0.6411941
	speed: 0.1341s/iter; left time: 3438.0969s
Epoch: 10 cost time: 38.069664478302
Epoch: 10, Steps: 284 | Train Loss: 0.5563851 Vali Loss: 0.5282951 Test Loss: 0.2339904
Validation loss decreased (0.535614 --> 0.528295).  Saving model ...
Updating learning rate to 4.782969000000001e-05
	iters: 100, epoch: 11 | loss: 0.5538150
	speed: 0.3086s/iter; left time: 7857.8459s
	iters: 200, epoch: 11 | loss: 0.4192052
	speed: 0.1340s/iter; left time: 3398.7612s
Epoch: 11 cost time: 38.04443120956421
Epoch: 11, Steps: 284 | Train Loss: 0.5486385 Vali Loss: 0.5223179 Test Loss: 0.2321160
Validation loss decreased (0.528295 --> 0.522318).  Saving model ...
Updating learning rate to 4.304672100000001e-05
	iters: 100, epoch: 12 | loss: 0.5040180
	speed: 0.3079s/iter; left time: 7750.7702s
	iters: 200, epoch: 12 | loss: 0.4649941
	speed: 0.1340s/iter; left time: 3359.6679s
Epoch: 12 cost time: 38.039440631866455
Epoch: 12, Steps: 284 | Train Loss: 0.5424236 Vali Loss: 0.5210437 Test Loss: 0.2305669
Validation loss decreased (0.522318 --> 0.521044).  Saving model ...
Updating learning rate to 3.874204890000001e-05
	iters: 100, epoch: 13 | loss: 0.5667717
	speed: 0.3086s/iter; left time: 7683.0827s
	iters: 200, epoch: 13 | loss: 0.5601724
	speed: 0.1339s/iter; left time: 3319.2936s
Epoch: 13 cost time: 38.01874041557312
Epoch: 13, Steps: 284 | Train Loss: 0.5376102 Vali Loss: 0.5173969 Test Loss: 0.2291982
Validation loss decreased (0.521044 --> 0.517397).  Saving model ...
Updating learning rate to 3.486784401000001e-05
	iters: 100, epoch: 14 | loss: 0.8423563
	speed: 0.3076s/iter; left time: 7569.5054s
	iters: 200, epoch: 14 | loss: 0.5477819
	speed: 0.1339s/iter; left time: 3282.0389s
Epoch: 14 cost time: 38.02215313911438
Epoch: 14, Steps: 284 | Train Loss: 0.5339361 Vali Loss: 0.5108491 Test Loss: 0.2280833
Validation loss decreased (0.517397 --> 0.510849).  Saving model ...
Updating learning rate to 3.138105960900001e-05
	iters: 100, epoch: 15 | loss: 0.4224513
	speed: 0.3076s/iter; left time: 7482.8309s
	iters: 200, epoch: 15 | loss: 0.4784531
	speed: 0.1339s/iter; left time: 3244.3289s
Epoch: 15 cost time: 38.01843070983887
Epoch: 15, Steps: 284 | Train Loss: 0.5308719 Vali Loss: 0.5107606 Test Loss: 0.2270669
Validation loss decreased (0.510849 --> 0.510761).  Saving model ...
Updating learning rate to 2.824295364810001e-05
	iters: 100, epoch: 16 | loss: 0.4230111
	speed: 0.3077s/iter; left time: 7397.7671s
	iters: 200, epoch: 16 | loss: 0.4609539
	speed: 0.1339s/iter; left time: 3205.4310s
Epoch: 16 cost time: 38.013795614242554
Epoch: 16, Steps: 284 | Train Loss: 0.5283592 Vali Loss: 0.5066681 Test Loss: 0.2261745
Validation loss decreased (0.510761 --> 0.506668).  Saving model ...
Updating learning rate to 2.541865828329001e-05
	iters: 100, epoch: 17 | loss: 0.4122165
	speed: 0.3074s/iter; left time: 7302.3019s
	iters: 200, epoch: 17 | loss: 0.4313084
	speed: 0.1339s/iter; left time: 3167.1808s
Epoch: 17 cost time: 38.00509691238403
Epoch: 17, Steps: 284 | Train Loss: 0.5263065 Vali Loss: 0.5071045 Test Loss: 0.2253533
EarlyStopping counter: 1 out of 20
Updating learning rate to 2.287679245496101e-05
	iters: 100, epoch: 18 | loss: 0.5853497
	speed: 0.3067s/iter; left time: 7200.1696s
	iters: 200, epoch: 18 | loss: 0.5116652
	speed: 0.1338s/iter; left time: 3128.3227s
Epoch: 18 cost time: 37.999388217926025
Epoch: 18, Steps: 284 | Train Loss: 0.5246018 Vali Loss: 0.5048625 Test Loss: 0.2246590
Validation loss decreased (0.506668 --> 0.504862).  Saving model ...
Updating learning rate to 2.0589113209464907e-05
	iters: 100, epoch: 19 | loss: 0.7282965
	speed: 0.3074s/iter; left time: 7129.0425s
	iters: 200, epoch: 19 | loss: 0.6835421
	speed: 0.1339s/iter; left time: 3091.6146s
Epoch: 19 cost time: 38.0085334777832
Epoch: 19, Steps: 284 | Train Loss: 0.5230000 Vali Loss: 0.5074903 Test Loss: 0.2240056
EarlyStopping counter: 1 out of 20
Updating learning rate to 1.8530201888518416e-05
	iters: 100, epoch: 20 | loss: 0.4096513
	speed: 0.3069s/iter; left time: 7030.6289s
	iters: 200, epoch: 20 | loss: 0.3795648
	speed: 0.1339s/iter; left time: 3053.6546s
Epoch: 20 cost time: 38.01128816604614
Epoch: 20, Steps: 284 | Train Loss: 0.5217457 Vali Loss: 0.5047662 Test Loss: 0.2234648
Validation loss decreased (0.504862 --> 0.504766).  Saving model ...
Updating learning rate to 1.6677181699666577e-05
	iters: 100, epoch: 21 | loss: 0.4469109
	speed: 0.3076s/iter; left time: 6957.2201s
	iters: 200, epoch: 21 | loss: 0.5970515
	speed: 0.1339s/iter; left time: 3014.5581s
Epoch: 21 cost time: 38.00055289268494
Epoch: 21, Steps: 284 | Train Loss: 0.5205172 Vali Loss: 0.5036609 Test Loss: 0.2229829
Validation loss decreased (0.504766 --> 0.503661).  Saving model ...
Updating learning rate to 1.5009463529699919e-05
	iters: 100, epoch: 22 | loss: 0.6056767
	speed: 0.3074s/iter; left time: 6865.3957s
	iters: 200, epoch: 22 | loss: 0.5880497
	speed: 0.1339s/iter; left time: 2976.4895s
Epoch: 22 cost time: 38.00141382217407
Epoch: 22, Steps: 284 | Train Loss: 0.5196551 Vali Loss: 0.5038535 Test Loss: 0.2225448
EarlyStopping counter: 1 out of 20
Updating learning rate to 1.3508517176729929e-05
	iters: 100, epoch: 23 | loss: 0.5097910
	speed: 0.3067s/iter; left time: 6763.6790s
	iters: 200, epoch: 23 | loss: 0.5011428
	speed: 0.1338s/iter; left time: 2938.1460s
Epoch: 23 cost time: 37.995275259017944
Epoch: 23, Steps: 284 | Train Loss: 0.5189343 Vali Loss: 0.5013172 Test Loss: 0.2221735
Validation loss decreased (0.503661 --> 0.501317).  Saving model ...
Updating learning rate to 1.2157665459056936e-05
	iters: 100, epoch: 24 | loss: 0.6353409
	speed: 0.3075s/iter; left time: 6692.9041s
	iters: 200, epoch: 24 | loss: 0.5564358
	speed: 0.1338s/iter; left time: 2900.0280s
Epoch: 24 cost time: 37.99783802032471
Epoch: 24, Steps: 284 | Train Loss: 0.5182088 Vali Loss: 0.5009691 Test Loss: 0.2218383
Validation loss decreased (0.501317 --> 0.500969).  Saving model ...
Updating learning rate to 1.0941898913151242e-05
	iters: 100, epoch: 25 | loss: 0.7392321
	speed: 0.3075s/iter; left time: 6606.6305s
	iters: 200, epoch: 25 | loss: 0.3992725
	speed: 0.1338s/iter; left time: 2860.9710s
Epoch: 25 cost time: 37.99513268470764
Epoch: 25, Steps: 284 | Train Loss: 0.5174710 Vali Loss: 0.5005416 Test Loss: 0.2215260
Validation loss decreased (0.500969 --> 0.500542).  Saving model ...
Updating learning rate to 9.847709021836118e-06
	iters: 100, epoch: 26 | loss: 0.3931055
	speed: 0.3074s/iter; left time: 6517.9018s
	iters: 200, epoch: 26 | loss: 0.5688563
	speed: 0.1338s/iter; left time: 2823.8149s
Epoch: 26 cost time: 37.998286724090576
Epoch: 26, Steps: 284 | Train Loss: 0.5169951 Vali Loss: 0.5015886 Test Loss: 0.2212688
EarlyStopping counter: 1 out of 20
Updating learning rate to 8.862938119652508e-06
	iters: 100, epoch: 27 | loss: 0.4914533
	speed: 0.3068s/iter; left time: 6417.9679s
	iters: 200, epoch: 27 | loss: 0.5242382
	speed: 0.1339s/iter; left time: 2787.3554s
Epoch: 27 cost time: 38.01394557952881
Epoch: 27, Steps: 284 | Train Loss: 0.5159847 Vali Loss: 0.5000032 Test Loss: 0.2209961
Validation loss decreased (0.500542 --> 0.500003).  Saving model ...
Updating learning rate to 7.976644307687255e-06
	iters: 100, epoch: 28 | loss: 0.3967286
	speed: 0.3076s/iter; left time: 6347.1616s
	iters: 200, epoch: 28 | loss: 0.5405580
	speed: 0.1338s/iter; left time: 2747.6813s
Epoch: 28 cost time: 38.00327754020691
Epoch: 28, Steps: 284 | Train Loss: 0.5159906 Vali Loss: 0.4985054 Test Loss: 0.2207899
Validation loss decreased (0.500003 --> 0.498505).  Saving model ...
Updating learning rate to 7.178979876918531e-06
	iters: 100, epoch: 29 | loss: 0.7368606
	speed: 0.3076s/iter; left time: 6259.2591s
	iters: 200, epoch: 29 | loss: 0.7495897
	speed: 0.1338s/iter; left time: 2709.4892s
Epoch: 29 cost time: 37.99857568740845
Epoch: 29, Steps: 284 | Train Loss: 0.5156191 Vali Loss: 0.4991013 Test Loss: 0.2206009
EarlyStopping counter: 1 out of 20
Updating learning rate to 6.4610818892266776e-06
	iters: 100, epoch: 30 | loss: 0.4460068
	speed: 0.3069s/iter; left time: 6157.7158s
	iters: 200, epoch: 30 | loss: 0.6717411
	speed: 0.1338s/iter; left time: 2671.7609s
Epoch: 30 cost time: 38.0091450214386
Epoch: 30, Steps: 284 | Train Loss: 0.5152007 Vali Loss: 0.4993651 Test Loss: 0.2204106
EarlyStopping counter: 2 out of 20
Updating learning rate to 5.8149737003040096e-06
	iters: 100, epoch: 31 | loss: 0.4394556
	speed: 0.3069s/iter; left time: 6071.2589s
	iters: 200, epoch: 31 | loss: 0.5433671
	speed: 0.1338s/iter; left time: 2633.0751s
Epoch: 31 cost time: 38.00363087654114
Epoch: 31, Steps: 284 | Train Loss: 0.5149252 Vali Loss: 0.4974061 Test Loss: 0.2202547
Validation loss decreased (0.498505 --> 0.497406).  Saving model ...
Updating learning rate to 5.23347633027361e-06
	iters: 100, epoch: 32 | loss: 0.4148211
	speed: 0.3074s/iter; left time: 5993.8321s
	iters: 200, epoch: 32 | loss: 0.5464855
	speed: 0.1337s/iter; left time: 2594.2970s
Epoch: 32 cost time: 37.99212956428528
Epoch: 32, Steps: 284 | Train Loss: 0.5145780 Vali Loss: 0.4973917 Test Loss: 0.2201055
Validation loss decreased (0.497406 --> 0.497392).  Saving model ...
Updating learning rate to 4.710128697246249e-06
	iters: 100, epoch: 33 | loss: 0.4931229
	speed: 0.3075s/iter; left time: 5907.6792s
	iters: 200, epoch: 33 | loss: 0.6663866
	speed: 0.1337s/iter; left time: 2555.7737s
Epoch: 33 cost time: 37.981910943984985
Epoch: 33, Steps: 284 | Train Loss: 0.5142929 Vali Loss: 0.4967131 Test Loss: 0.2199837
Validation loss decreased (0.497392 --> 0.496713).  Saving model ...
Updating learning rate to 4.239115827521624e-06
	iters: 100, epoch: 34 | loss: 0.5369347
	speed: 0.3074s/iter; left time: 5817.9803s
	iters: 200, epoch: 34 | loss: 0.4026130
	speed: 0.1338s/iter; left time: 2518.7126s
Epoch: 34 cost time: 37.998284578323364
Epoch: 34, Steps: 284 | Train Loss: 0.5137308 Vali Loss: 0.4987911 Test Loss: 0.2198555
EarlyStopping counter: 1 out of 20
Updating learning rate to 3.815204244769462e-06
	iters: 100, epoch: 35 | loss: 0.6880785
	speed: 0.3071s/iter; left time: 5725.7024s
	iters: 200, epoch: 35 | loss: 0.4343376
	speed: 0.1338s/iter; left time: 2481.6180s
Epoch: 35 cost time: 38.005980253219604
Epoch: 35, Steps: 284 | Train Loss: 0.5139749 Vali Loss: 0.4960671 Test Loss: 0.2197492
Validation loss decreased (0.496713 --> 0.496067).  Saving model ...
Updating learning rate to 3.4336838202925152e-06
	iters: 100, epoch: 36 | loss: 0.5534163
	speed: 0.3078s/iter; left time: 5651.3900s
	iters: 200, epoch: 36 | loss: 0.4215652
	speed: 0.1338s/iter; left time: 2443.7053s
Epoch: 36 cost time: 38.000521183013916
Epoch: 36, Steps: 284 | Train Loss: 0.5138305 Vali Loss: 0.4969696 Test Loss: 0.2196538
EarlyStopping counter: 1 out of 20
Updating learning rate to 3.090315438263264e-06
	iters: 100, epoch: 37 | loss: 0.5530765
	speed: 0.3070s/iter; left time: 5549.6204s
	iters: 200, epoch: 37 | loss: 0.4796838
	speed: 0.1338s/iter; left time: 2405.0271s
Epoch: 37 cost time: 37.99538612365723
Epoch: 37, Steps: 284 | Train Loss: 0.5135999 Vali Loss: 0.4956654 Test Loss: 0.2195644
Validation loss decreased (0.496067 --> 0.495665).  Saving model ...
Updating learning rate to 2.7812838944369375e-06
	iters: 100, epoch: 38 | loss: 0.4366492
	speed: 0.3079s/iter; left time: 5477.7352s
	iters: 200, epoch: 38 | loss: 0.4596390
	speed: 0.1338s/iter; left time: 2367.2238s
Epoch: 38 cost time: 37.99702024459839
Epoch: 38, Steps: 284 | Train Loss: 0.5134809 Vali Loss: 0.4945137 Test Loss: 0.2195042
Validation loss decreased (0.495665 --> 0.494514).  Saving model ...
Updating learning rate to 2.503155504993244e-06
	iters: 100, epoch: 39 | loss: 0.5344013
	speed: 0.3076s/iter; left time: 5386.6032s
	iters: 200, epoch: 39 | loss: 0.5741074
	speed: 0.1337s/iter; left time: 2327.6340s
Epoch: 39 cost time: 37.97857904434204
Epoch: 39, Steps: 284 | Train Loss: 0.5132882 Vali Loss: 0.4956319 Test Loss: 0.2194283
EarlyStopping counter: 1 out of 20
Updating learning rate to 2.2528399544939195e-06
	iters: 100, epoch: 40 | loss: 0.6936424
	speed: 0.3069s/iter; left time: 5285.8950s
	iters: 200, epoch: 40 | loss: 0.5823215
	speed: 0.1337s/iter; left time: 2289.9417s
Epoch: 40 cost time: 37.98468542098999
Epoch: 40, Steps: 284 | Train Loss: 0.5132173 Vali Loss: 0.4966174 Test Loss: 0.2193628
EarlyStopping counter: 2 out of 20
Updating learning rate to 2.0275559590445276e-06
	iters: 100, epoch: 41 | loss: 0.4435748
	speed: 0.3069s/iter; left time: 5198.7865s
	iters: 200, epoch: 41 | loss: 0.5748305
	speed: 0.1338s/iter; left time: 2252.6585s
Epoch: 41 cost time: 37.98256278038025
Epoch: 41, Steps: 284 | Train Loss: 0.5130217 Vali Loss: 0.4958699 Test Loss: 0.2193262
EarlyStopping counter: 3 out of 20
Updating learning rate to 1.8248003631400751e-06
	iters: 100, epoch: 42 | loss: 0.4392897
	speed: 0.3068s/iter; left time: 5110.2434s
	iters: 200, epoch: 42 | loss: 0.5115547
	speed: 0.1337s/iter; left time: 2213.9563s
Epoch: 42 cost time: 37.9807403087616
Epoch: 42, Steps: 284 | Train Loss: 0.5129509 Vali Loss: 0.4969577 Test Loss: 0.2192652
EarlyStopping counter: 4 out of 20
Updating learning rate to 1.6423203268260676e-06
	iters: 100, epoch: 43 | loss: 0.5154812
	speed: 0.3068s/iter; left time: 5023.1943s
	iters: 200, epoch: 43 | loss: 0.3863152
	speed: 0.1338s/iter; left time: 2176.8431s
Epoch: 43 cost time: 37.98906898498535
Epoch: 43, Steps: 284 | Train Loss: 0.5129938 Vali Loss: 0.4977874 Test Loss: 0.2192168
EarlyStopping counter: 5 out of 20
Updating learning rate to 1.4780882941434609e-06
	iters: 100, epoch: 44 | loss: 0.4880570
	speed: 0.3068s/iter; left time: 4936.7223s
	iters: 200, epoch: 44 | loss: 0.4640256
	speed: 0.1338s/iter; left time: 2138.5546s
Epoch: 44 cost time: 37.989670515060425
Epoch: 44, Steps: 284 | Train Loss: 0.5129287 Vali Loss: 0.4957745 Test Loss: 0.2191785
EarlyStopping counter: 6 out of 20
Updating learning rate to 1.3302794647291146e-06
	iters: 100, epoch: 45 | loss: 0.5365492
	speed: 0.3066s/iter; left time: 4846.3931s
	iters: 200, epoch: 45 | loss: 0.4418997
	speed: 0.1337s/iter; left time: 2099.8023s
Epoch: 45 cost time: 37.98259115219116
Epoch: 45, Steps: 284 | Train Loss: 0.5126558 Vali Loss: 0.4965760 Test Loss: 0.2191405
EarlyStopping counter: 7 out of 20
Updating learning rate to 1.1972515182562034e-06
	iters: 100, epoch: 46 | loss: 0.6123287
	speed: 0.3068s/iter; left time: 4761.5654s
	iters: 200, epoch: 46 | loss: 0.5440189
	speed: 0.1337s/iter; left time: 2061.9146s
Epoch: 46 cost time: 37.978647232055664
Epoch: 46, Steps: 284 | Train Loss: 0.5126451 Vali Loss: 0.4985244 Test Loss: 0.2191073
EarlyStopping counter: 8 out of 20
Updating learning rate to 1.077526366430583e-06
	iters: 100, epoch: 47 | loss: 0.7159213
	speed: 0.3066s/iter; left time: 4670.9734s
	iters: 200, epoch: 47 | loss: 0.4645266
	speed: 0.1338s/iter; left time: 2024.6507s
Epoch: 47 cost time: 37.98364567756653
Epoch: 47, Steps: 284 | Train Loss: 0.5126101 Vali Loss: 0.4959933 Test Loss: 0.2190857
EarlyStopping counter: 9 out of 20
Updating learning rate to 9.697737297875248e-07
	iters: 100, epoch: 48 | loss: 0.4566863
	speed: 0.3068s/iter; left time: 4587.3680s
	iters: 200, epoch: 48 | loss: 0.4178554
	speed: 0.1338s/iter; left time: 1986.7012s
Epoch: 48 cost time: 37.991288900375366
Epoch: 48, Steps: 284 | Train Loss: 0.5125590 Vali Loss: 0.4958495 Test Loss: 0.2190469
EarlyStopping counter: 10 out of 20
Updating learning rate to 8.727963568087723e-07
	iters: 100, epoch: 49 | loss: 0.3994747
	speed: 0.3067s/iter; left time: 4499.4056s
	iters: 200, epoch: 49 | loss: 0.4503735
	speed: 0.1337s/iter; left time: 1948.1278s
Epoch: 49 cost time: 37.977861404418945
Epoch: 49, Steps: 284 | Train Loss: 0.5126261 Vali Loss: 0.4947839 Test Loss: 0.2190249
EarlyStopping counter: 11 out of 20
Updating learning rate to 7.855167211278951e-07
	iters: 100, epoch: 50 | loss: 0.3771007
	speed: 0.3067s/iter; left time: 4411.2986s
	iters: 200, epoch: 50 | loss: 0.3889498
	speed: 0.1338s/iter; left time: 1911.1532s
Epoch: 50 cost time: 37.98243808746338
Epoch: 50, Steps: 284 | Train Loss: 0.5124037 Vali Loss: 0.4961960 Test Loss: 0.2190012
EarlyStopping counter: 12 out of 20
Updating learning rate to 7.069650490151056e-07
	iters: 100, epoch: 51 | loss: 0.5622609
	speed: 0.3067s/iter; left time: 4324.2600s
	iters: 200, epoch: 51 | loss: 0.5056406
	speed: 0.1338s/iter; left time: 1873.2546s
Epoch: 51 cost time: 37.98737072944641
Epoch: 51, Steps: 284 | Train Loss: 0.5124726 Vali Loss: 0.4944989 Test Loss: 0.2190057
Validation loss decreased (0.494514 --> 0.494499).  Saving model ...
Updating learning rate to 6.36268544113595e-07
	iters: 100, epoch: 52 | loss: 0.4311778
	speed: 0.3071s/iter; left time: 4243.4542s
	iters: 200, epoch: 52 | loss: 0.5396492
	speed: 0.1338s/iter; left time: 1835.3753s
Epoch: 52 cost time: 37.987600803375244
Epoch: 52, Steps: 284 | Train Loss: 0.5124076 Vali Loss: 0.4963969 Test Loss: 0.2189651
EarlyStopping counter: 1 out of 20
Updating learning rate to 5.726416897022355e-07
	iters: 100, epoch: 53 | loss: 0.6136100
	speed: 0.3067s/iter; left time: 4149.9551s
	iters: 200, epoch: 53 | loss: 0.4643919
	speed: 0.1338s/iter; left time: 1797.7899s
Epoch: 53 cost time: 37.99101662635803
Epoch: 53, Steps: 284 | Train Loss: 0.5124986 Vali Loss: 0.4958871 Test Loss: 0.2189597
EarlyStopping counter: 2 out of 20
Updating learning rate to 5.15377520732012e-07
	iters: 100, epoch: 54 | loss: 0.4918053
	speed: 0.3067s/iter; left time: 4063.1897s
	iters: 200, epoch: 54 | loss: 0.5159193
	speed: 0.1338s/iter; left time: 1759.8604s
Epoch: 54 cost time: 37.998075008392334
Epoch: 54, Steps: 284 | Train Loss: 0.5124658 Vali Loss: 0.4959262 Test Loss: 0.2189399
EarlyStopping counter: 3 out of 20
Updating learning rate to 4.6383976865881085e-07
	iters: 100, epoch: 55 | loss: 0.6486122
	speed: 0.3067s/iter; left time: 3976.6672s
	iters: 200, epoch: 55 | loss: 0.5206663
	speed: 0.1339s/iter; left time: 1722.1000s
Epoch: 55 cost time: 37.9996337890625
Epoch: 55, Steps: 284 | Train Loss: 0.5123048 Vali Loss: 0.4952423 Test Loss: 0.2189276
EarlyStopping counter: 4 out of 20
Updating learning rate to 4.174557917929298e-07
	iters: 100, epoch: 56 | loss: 0.4745485
	speed: 0.3067s/iter; left time: 3888.8124s
	iters: 200, epoch: 56 | loss: 0.4825227
	speed: 0.1338s/iter; left time: 1683.0360s
Epoch: 56 cost time: 37.98300099372864
Epoch: 56, Steps: 284 | Train Loss: 0.5123297 Vali Loss: 0.4966283 Test Loss: 0.2189131
EarlyStopping counter: 5 out of 20
Updating learning rate to 3.7571021261363677e-07
	iters: 100, epoch: 57 | loss: 0.3820355
	speed: 0.3066s/iter; left time: 3800.8885s
	iters: 200, epoch: 57 | loss: 0.4508485
	speed: 0.1338s/iter; left time: 1645.0175s
Epoch: 57 cost time: 37.97847247123718
Epoch: 57, Steps: 284 | Train Loss: 0.5123339 Vali Loss: 0.4947675 Test Loss: 0.2189019
EarlyStopping counter: 6 out of 20
Updating learning rate to 3.381391913522731e-07
	iters: 100, epoch: 58 | loss: 0.4785499
	speed: 0.3065s/iter; left time: 3712.0682s
	iters: 200, epoch: 58 | loss: 0.4647319
	speed: 0.1339s/iter; left time: 1607.9641s
Epoch: 58 cost time: 37.99309945106506
Epoch: 58, Steps: 284 | Train Loss: 0.5118474 Vali Loss: 0.4967384 Test Loss: 0.2188990
EarlyStopping counter: 7 out of 20
Updating learning rate to 3.043252722170458e-07
	iters: 100, epoch: 59 | loss: 0.6389710
	speed: 0.3068s/iter; left time: 3629.5977s
	iters: 200, epoch: 59 | loss: 0.5244372
	speed: 0.1339s/iter; left time: 1570.0167s
Epoch: 59 cost time: 38.005985498428345
Epoch: 59, Steps: 284 | Train Loss: 0.5123830 Vali Loss: 0.4963801 Test Loss: 0.2188938
EarlyStopping counter: 8 out of 20
Updating learning rate to 2.7389274499534124e-07
	iters: 100, epoch: 60 | loss: 0.4848958
	speed: 0.3070s/iter; left time: 3544.6100s
	iters: 200, epoch: 60 | loss: 0.3730838
	speed: 0.1342s/iter; left time: 1535.5832s
Epoch: 60 cost time: 38.09540581703186
Epoch: 60, Steps: 284 | Train Loss: 0.5122404 Vali Loss: 0.4970483 Test Loss: 0.2188808
EarlyStopping counter: 9 out of 20
Updating learning rate to 2.465034704958071e-07
	iters: 100, epoch: 61 | loss: 0.3636996
	speed: 0.3080s/iter; left time: 3468.1805s
	iters: 200, epoch: 61 | loss: 0.5850511
	speed: 0.1345s/iter; left time: 1500.9339s
Epoch: 61 cost time: 38.17649435997009
Epoch: 61, Steps: 284 | Train Loss: 0.5122786 Vali Loss: 0.4960517 Test Loss: 0.2188877
EarlyStopping counter: 10 out of 20
Updating learning rate to 2.218531234462264e-07
	iters: 100, epoch: 62 | loss: 0.4248423
	speed: 0.3082s/iter; left time: 3383.5532s
	iters: 200, epoch: 62 | loss: 0.4274498
	speed: 0.1346s/iter; left time: 1464.2114s
Epoch: 62 cost time: 38.2262544631958
Epoch: 62, Steps: 284 | Train Loss: 0.5122403 Vali Loss: 0.4935291 Test Loss: 0.2188716
Validation loss decreased (0.494499 --> 0.493529).  Saving model ...
Updating learning rate to 1.9966781110160376e-07
	iters: 100, epoch: 63 | loss: 0.5253543
	speed: 0.3096s/iter; left time: 3310.5098s
	iters: 200, epoch: 63 | loss: 0.7351285
	speed: 0.1348s/iter; left time: 1428.3983s
Epoch: 63 cost time: 38.29632353782654
Epoch: 63, Steps: 284 | Train Loss: 0.5122748 Vali Loss: 0.4944525 Test Loss: 0.2188710
EarlyStopping counter: 1 out of 20
Updating learning rate to 1.797010299914434e-07
	iters: 100, epoch: 64 | loss: 0.6218923
	speed: 0.3092s/iter; left time: 3218.4552s
	iters: 200, epoch: 64 | loss: 0.5560042
	speed: 0.1349s/iter; left time: 1391.1853s
Epoch: 64 cost time: 38.323580265045166
Epoch: 64, Steps: 284 | Train Loss: 0.5123116 Vali Loss: 0.4958153 Test Loss: 0.2188666
EarlyStopping counter: 2 out of 20
Updating learning rate to 1.6173092699229907e-07
	iters: 100, epoch: 65 | loss: 0.6618211
	speed: 0.3093s/iter; left time: 3131.9547s
	iters: 200, epoch: 65 | loss: 0.5668392
	speed: 0.1352s/iter; left time: 1355.2946s
Epoch: 65 cost time: 38.37852692604065
Epoch: 65, Steps: 284 | Train Loss: 0.5123474 Vali Loss: 0.4940471 Test Loss: 0.2188506
EarlyStopping counter: 3 out of 20
Updating learning rate to 1.4555783429306916e-07
	iters: 100, epoch: 66 | loss: 0.6118679
	speed: 0.3097s/iter; left time: 3047.8526s
	iters: 200, epoch: 66 | loss: 0.7497113
	speed: 0.1352s/iter; left time: 1316.9997s
Epoch: 66 cost time: 38.3981397151947
Epoch: 66, Steps: 284 | Train Loss: 0.5122543 Vali Loss: 0.4952677 Test Loss: 0.2188468
EarlyStopping counter: 4 out of 20
Updating learning rate to 1.3100205086376224e-07
	iters: 100, epoch: 67 | loss: 0.4095421
	speed: 0.3099s/iter; left time: 2961.7139s
	iters: 200, epoch: 67 | loss: 0.4844884
	speed: 0.1352s/iter; left time: 1278.9748s
Epoch: 67 cost time: 38.41728496551514
Epoch: 67, Steps: 284 | Train Loss: 0.5122544 Vali Loss: 0.4976323 Test Loss: 0.2188582
EarlyStopping counter: 5 out of 20
Updating learning rate to 1.1790184577738603e-07
	iters: 100, epoch: 68 | loss: 0.4843112
	speed: 0.3101s/iter; left time: 2875.1556s
	iters: 200, epoch: 68 | loss: 0.4410874
	speed: 0.1353s/iter; left time: 1241.0183s
Epoch: 68 cost time: 38.42012333869934
Epoch: 68, Steps: 284 | Train Loss: 0.5122129 Vali Loss: 0.4940547 Test Loss: 0.2188410
EarlyStopping counter: 6 out of 20
Updating learning rate to 1.0611166119964742e-07
	iters: 100, epoch: 69 | loss: 0.5326594
	speed: 0.3103s/iter; left time: 2789.2901s
	iters: 200, epoch: 69 | loss: 0.3954189
	speed: 0.1354s/iter; left time: 1203.7939s
Epoch: 69 cost time: 38.451295614242554
Epoch: 69, Steps: 284 | Train Loss: 0.5122021 Vali Loss: 0.4959679 Test Loss: 0.2188418
EarlyStopping counter: 7 out of 20
Updating learning rate to 9.550049507968268e-08
	iters: 100, epoch: 70 | loss: 0.4263034
	speed: 0.3104s/iter; left time: 2702.3806s
	iters: 200, epoch: 70 | loss: 0.5114055
	speed: 0.1354s/iter; left time: 1165.3760s
Epoch: 70 cost time: 38.442137002944946
Epoch: 70, Steps: 284 | Train Loss: 0.5123047 Vali Loss: 0.4978990 Test Loss: 0.2188404
EarlyStopping counter: 8 out of 20
Updating learning rate to 8.595044557171442e-08
	iters: 100, epoch: 71 | loss: 0.5599689
	speed: 0.3093s/iter; left time: 2604.7019s
	iters: 200, epoch: 71 | loss: 0.4098826
	speed: 0.1345s/iter; left time: 1119.5575s
Epoch: 71 cost time: 38.20003795623779
Epoch: 71, Steps: 284 | Train Loss: 0.5122277 Vali Loss: 0.4941881 Test Loss: 0.2188576
EarlyStopping counter: 9 out of 20
Updating learning rate to 7.735540101454298e-08
	iters: 100, epoch: 72 | loss: 0.5880481
	speed: 0.3083s/iter; left time: 2508.8177s
	iters: 200, epoch: 72 | loss: 0.5680153
	speed: 0.1343s/iter; left time: 1079.0317s
Epoch: 72 cost time: 38.135403633117676
Epoch: 72, Steps: 284 | Train Loss: 0.5122737 Vali Loss: 0.4930325 Test Loss: 0.2188438
Validation loss decreased (0.493529 --> 0.493033).  Saving model ...
Updating learning rate to 6.961986091308869e-08
	iters: 100, epoch: 73 | loss: 0.4588736
	speed: 0.3088s/iter; left time: 2424.7821s
	iters: 200, epoch: 73 | loss: 0.4496784
	speed: 0.1344s/iter; left time: 1042.2646s
Epoch: 73 cost time: 38.170056104660034
Epoch: 73, Steps: 284 | Train Loss: 0.5121581 Vali Loss: 0.4946494 Test Loss: 0.2188402
EarlyStopping counter: 1 out of 20
Updating learning rate to 6.265787482177981e-08
	iters: 100, epoch: 74 | loss: 0.4427025
	speed: 0.3080s/iter; left time: 2331.1957s
	iters: 200, epoch: 74 | loss: 0.5096298
	speed: 0.1343s/iter; left time: 1003.0543s
Epoch: 74 cost time: 38.133991956710815
Epoch: 74, Steps: 284 | Train Loss: 0.5122377 Vali Loss: 0.4933456 Test Loss: 0.2188285
EarlyStopping counter: 2 out of 20
Updating learning rate to 5.639208733960184e-08
	iters: 100, epoch: 75 | loss: 0.5560722
	speed: 0.3076s/iter; left time: 2240.8824s
	iters: 200, epoch: 75 | loss: 0.5858194
	speed: 0.1341s/iter; left time: 963.6189s
Epoch: 75 cost time: 38.08278775215149
Epoch: 75, Steps: 284 | Train Loss: 0.5122560 Vali Loss: 0.4938378 Test Loss: 0.2188430
EarlyStopping counter: 3 out of 20
Updating learning rate to 5.075287860564165e-08
	iters: 100, epoch: 76 | loss: 0.5736315
	speed: 0.3070s/iter; left time: 2149.6440s
	iters: 200, epoch: 76 | loss: 0.4788403
	speed: 0.1340s/iter; left time: 924.5758s
Epoch: 76 cost time: 38.04867649078369
Epoch: 76, Steps: 284 | Train Loss: 0.5122751 Vali Loss: 0.4957833 Test Loss: 0.2188326
EarlyStopping counter: 4 out of 20
Updating learning rate to 4.567759074507749e-08
	iters: 100, epoch: 77 | loss: 0.5112947
	speed: 0.3070s/iter; left time: 2061.8936s
	iters: 200, epoch: 77 | loss: 0.5400502
	speed: 0.1339s/iter; left time: 886.0738s
Epoch: 77 cost time: 38.028952836990356
Epoch: 77, Steps: 284 | Train Loss: 0.5121445 Vali Loss: 0.4945092 Test Loss: 0.2188392
EarlyStopping counter: 5 out of 20
Updating learning rate to 4.1109831670569744e-08
	iters: 100, epoch: 78 | loss: 0.6545041
	speed: 0.3069s/iter; left time: 1974.3409s
	iters: 200, epoch: 78 | loss: 0.5435356
	speed: 0.1339s/iter; left time: 847.9729s
Epoch: 78 cost time: 38.02573204040527
Epoch: 78, Steps: 284 | Train Loss: 0.5121843 Vali Loss: 0.4940452 Test Loss: 0.2188406
EarlyStopping counter: 6 out of 20
Updating learning rate to 3.6998848503512764e-08
	iters: 100, epoch: 79 | loss: 0.8017384
	speed: 0.3068s/iter; left time: 1886.7788s
	iters: 200, epoch: 79 | loss: 0.3764733
	speed: 0.1338s/iter; left time: 809.6468s
Epoch: 79 cost time: 38.0143678188324
Epoch: 79, Steps: 284 | Train Loss: 0.5122440 Vali Loss: 0.4956623 Test Loss: 0.2188404
EarlyStopping counter: 7 out of 20
Updating learning rate to 3.3298963653161496e-08
	iters: 100, epoch: 80 | loss: 0.4738651
	speed: 0.3067s/iter; left time: 1798.7878s
	iters: 200, epoch: 80 | loss: 0.4043295
	speed: 0.1338s/iter; left time: 771.6442s
Epoch: 80 cost time: 38.01452994346619
Epoch: 80, Steps: 284 | Train Loss: 0.5122249 Vali Loss: 0.4961591 Test Loss: 0.2188272
EarlyStopping counter: 8 out of 20
Updating learning rate to 2.996906728784534e-08
	iters: 100, epoch: 81 | loss: 0.3505588
	speed: 0.3068s/iter; left time: 1712.4320s
	iters: 200, epoch: 81 | loss: 0.5392910
	speed: 0.1338s/iter; left time: 733.6176s
Epoch: 81 cost time: 38.01333165168762
Epoch: 81, Steps: 284 | Train Loss: 0.5122473 Vali Loss: 0.4948526 Test Loss: 0.2188281
EarlyStopping counter: 9 out of 20
Updating learning rate to 2.697216055906081e-08
	iters: 100, epoch: 82 | loss: 0.3868848
	speed: 0.3070s/iter; left time: 1625.9332s
	iters: 200, epoch: 82 | loss: 0.3969147
	speed: 0.1338s/iter; left time: 695.3588s
Epoch: 82 cost time: 37.99517226219177
Epoch: 82, Steps: 284 | Train Loss: 0.5122580 Vali Loss: 0.4955898 Test Loss: 0.2188393
EarlyStopping counter: 10 out of 20
Updating learning rate to 2.427494450315473e-08
	iters: 100, epoch: 83 | loss: 0.4423411
	speed: 0.3069s/iter; left time: 1538.4378s
	iters: 200, epoch: 83 | loss: 0.4745149
	speed: 0.1338s/iter; left time: 657.3262s
Epoch: 83 cost time: 37.99034261703491
Epoch: 83, Steps: 284 | Train Loss: 0.5121821 Vali Loss: 0.4968675 Test Loss: 0.2188493
EarlyStopping counter: 11 out of 20
Updating learning rate to 2.1847450052839257e-08
	iters: 100, epoch: 84 | loss: 0.3996691
	speed: 0.3066s/iter; left time: 1450.0007s
	iters: 200, epoch: 84 | loss: 0.4371121
	speed: 0.1338s/iter; left time: 619.1377s
Epoch: 84 cost time: 37.98713803291321
Epoch: 84, Steps: 284 | Train Loss: 0.5121671 Vali Loss: 0.4939835 Test Loss: 0.2188299
EarlyStopping counter: 12 out of 20
Updating learning rate to 1.9662705047555332e-08
	iters: 100, epoch: 85 | loss: 0.6688331
	speed: 0.3069s/iter; left time: 1364.2648s
	iters: 200, epoch: 85 | loss: 0.5332328
	speed: 0.1338s/iter; left time: 581.5082s
Epoch: 85 cost time: 38.000720500946045
Epoch: 85, Steps: 284 | Train Loss: 0.5122429 Vali Loss: 0.4958287 Test Loss: 0.2188137
EarlyStopping counter: 13 out of 20
Updating learning rate to 1.7696434542799797e-08
	iters: 100, epoch: 86 | loss: 0.3963673
	speed: 0.3070s/iter; left time: 1277.5804s
	iters: 200, epoch: 86 | loss: 0.4071746
	speed: 0.1339s/iter; left time: 543.7658s
Epoch: 86 cost time: 38.00971460342407
Epoch: 86, Steps: 284 | Train Loss: 0.5122687 Vali Loss: 0.4956760 Test Loss: 0.2188363
EarlyStopping counter: 14 out of 20
Updating learning rate to 1.5926791088519817e-08
	iters: 100, epoch: 87 | loss: 0.6976164
	speed: 0.3069s/iter; left time: 1189.7948s
	iters: 200, epoch: 87 | loss: 0.4004267
	speed: 0.1339s/iter; left time: 505.5564s
Epoch: 87 cost time: 38.00258231163025
Epoch: 87, Steps: 284 | Train Loss: 0.5121601 Vali Loss: 0.4946381 Test Loss: 0.2188374
EarlyStopping counter: 15 out of 20
Updating learning rate to 1.4334111979667836e-08
	iters: 100, epoch: 88 | loss: 0.7119992
	speed: 0.3069s/iter; left time: 1102.5462s
	iters: 200, epoch: 88 | loss: 0.5587360
	speed: 0.1338s/iter; left time: 467.4570s
Epoch: 88 cost time: 37.9941782951355
Epoch: 88, Steps: 284 | Train Loss: 0.5121573 Vali Loss: 0.4975755 Test Loss: 0.2188338
EarlyStopping counter: 16 out of 20
Updating learning rate to 1.2900700781701054e-08
	iters: 100, epoch: 89 | loss: 0.4679125
	speed: 0.3066s/iter; left time: 1014.4476s
	iters: 200, epoch: 89 | loss: 0.4368279
	speed: 0.1338s/iter; left time: 429.3808s
Epoch: 89 cost time: 37.98522996902466
Epoch: 89, Steps: 284 | Train Loss: 0.5121735 Vali Loss: 0.4948939 Test Loss: 0.2188399
EarlyStopping counter: 17 out of 20
Updating learning rate to 1.161063070353095e-08
	iters: 100, epoch: 90 | loss: 0.5343479
	speed: 0.3067s/iter; left time: 927.8492s
	iters: 200, epoch: 90 | loss: 0.6008465
	speed: 0.1338s/iter; left time: 391.4323s
Epoch: 90 cost time: 37.99842929840088
Epoch: 90, Steps: 284 | Train Loss: 0.5121663 Vali Loss: 0.4943335 Test Loss: 0.2188211
EarlyStopping counter: 18 out of 20
Updating learning rate to 1.0449567633177854e-08
	iters: 100, epoch: 91 | loss: 0.4319653
	speed: 0.3068s/iter; left time: 840.8724s
	iters: 200, epoch: 91 | loss: 0.5329646
	speed: 0.1339s/iter; left time: 353.5666s
Epoch: 91 cost time: 38.00206732749939
Epoch: 91, Steps: 284 | Train Loss: 0.5121738 Vali Loss: 0.4949100 Test Loss: 0.2188350
EarlyStopping counter: 19 out of 20
Updating learning rate to 9.404610869860069e-09
	iters: 100, epoch: 92 | loss: 0.6706268
	speed: 0.3068s/iter; left time: 753.8385s
	iters: 200, epoch: 92 | loss: 0.7216591
	speed: 0.1338s/iter; left time: 315.4181s
Epoch: 92 cost time: 37.993661642074585
Epoch: 92, Steps: 284 | Train Loss: 0.5122363 Vali Loss: 0.4964722 Test Loss: 0.2188301
EarlyStopping counter: 20 out of 20
Early stopping
>>>>>>>testing : NL_weather_flatten_lr0.001_always_336_192_PatchTST_custom_ftM_sl336_ll48_pl192_dm128_nh16_el3_dl1_df256_fc1_ebtimeF_dtTruelr0.001_polalways_Nested_Learning_0<<<<<<<<<<<<<<<<<<<<<<<<<<<<<<<<<
test 10348
 Ejecutando Inferencia DINÁMICA (Nested Learning con flatten)
  -> Política: always | LR: 0.001 | Target: head

RESUMEN: El CMS se actualizó 80 veces de 80 posibles.

mse:0.2175639569759369, mae:0.26085811853408813, rse:0.6136335730552673
Args in experiment:
Namespace(random_seed=2021, is_training=1, model_id='NL_weather_flatten_lr0.001_always_336_336', model='PatchTST', data='custom', root_path='./dataset/', data_path='weather.csv', features='M', target='OT', freq='h', checkpoints='./checkpoints/', seq_len=336, label_len=48, pred_len=336, head_type='flatten', cms_lr=0.001, update_policy='always', fc_dropout=0.2, head_dropout=0.0, patch_len=16, stride=8, padding_patch='end', revin=1, affine=0, subtract_last=0, decomposition=0, kernel_size=25, individual=0, embed_type=0, enc_in=21, dec_in=7, c_out=7, d_model=128, n_heads=16, e_layers=3, d_layers=1, d_ff=256, moving_avg=25, factor=1, distil=True, dropout=0.2, embed='timeF', activation='gelu', output_attention=False, do_predict=False, num_workers=0, itr=1, train_epochs=100, batch_size=128, patience=20, learning_rate=0.0001, des='Nested_Learning', loss='mse', lradj='type3', pct_start=0.3, use_amp=False, use_gpu=True, gpu=0, use_multi_gpu=False, devices='0,1,2,3', test_flop=False)
Use GPU: cuda:0
>>>>>>>start training : NL_weather_flatten_lr0.001_always_336_336_PatchTST_custom_ftM_sl336_ll48_pl336_dm128_nh16_el3_dl1_df256_fc1_ebtimeF_dtTruelr0.001_polalways_Nested_Learning_0>>>>>>>>>>>>>>>>>>>>>>>>>>
train 36216
val 4935
test 10204
	iters: 100, epoch: 1 | loss: 0.8799181
	speed: 0.1613s/iter; left time: 4532.0536s
	iters: 200, epoch: 1 | loss: 0.9242689
	speed: 0.1418s/iter; left time: 3969.3092s
Epoch: 1 cost time: 40.135600328445435
Epoch: 1, Steps: 282 | Train Loss: 1.0033152 Vali Loss: 0.8776402 Test Loss: 0.3601589
Validation loss decreased (inf --> 0.877640).  Saving model ...
Updating learning rate to 0.0001
	iters: 100, epoch: 2 | loss: 1.0329810
	speed: 0.3250s/iter; left time: 9040.5066s
	iters: 200, epoch: 2 | loss: 1.0770587
	speed: 0.1432s/iter; left time: 3969.9622s
Epoch: 2 cost time: 40.31582546234131
Epoch: 2, Steps: 282 | Train Loss: 0.9581174 Vali Loss: 0.8203692 Test Loss: 0.3435273
Validation loss decreased (0.877640 --> 0.820369).  Saving model ...
Updating learning rate to 0.0001
	iters: 100, epoch: 3 | loss: 0.8733947
	speed: 0.3261s/iter; left time: 8980.4012s
	iters: 200, epoch: 3 | loss: 0.7705375
	speed: 0.1430s/iter; left time: 3922.7861s
Epoch: 3 cost time: 40.29283881187439
Epoch: 3, Steps: 282 | Train Loss: 0.8786071 Vali Loss: 0.7726205 Test Loss: 0.3288316
Validation loss decreased (0.820369 --> 0.772620).  Saving model ...
Updating learning rate to 0.0001
	iters: 100, epoch: 4 | loss: 1.0139724
	speed: 0.3252s/iter; left time: 8862.0309s
	iters: 200, epoch: 4 | loss: 0.8355486
	speed: 0.1430s/iter; left time: 3882.5742s
Epoch: 4 cost time: 40.32026982307434
Epoch: 4, Steps: 282 | Train Loss: 0.8114052 Vali Loss: 0.7315707 Test Loss: 0.3158628
Validation loss decreased (0.772620 --> 0.731571).  Saving model ...
Updating learning rate to 9e-05
	iters: 100, epoch: 5 | loss: 0.7166247
	speed: 0.3250s/iter; left time: 8765.6145s
	iters: 200, epoch: 5 | loss: 0.8478532
	speed: 0.1433s/iter; left time: 3850.5594s
Epoch: 5 cost time: 40.35891246795654
Epoch: 5, Steps: 282 | Train Loss: 0.7573058 Vali Loss: 0.6975855 Test Loss: 0.3059590
Validation loss decreased (0.731571 --> 0.697586).  Saving model ...
Updating learning rate to 8.1e-05
	iters: 100, epoch: 6 | loss: 0.7101450
	speed: 0.3278s/iter; left time: 8748.7069s
	iters: 200, epoch: 6 | loss: 0.6191001
	speed: 0.1430s/iter; left time: 3801.6829s
Epoch: 6 cost time: 40.28276968002319
Epoch: 6, Steps: 282 | Train Loss: 0.7161800 Vali Loss: 0.6728530 Test Loss: 0.2984945
Validation loss decreased (0.697586 --> 0.672853).  Saving model ...
Updating learning rate to 7.290000000000001e-05
	iters: 100, epoch: 7 | loss: 0.5536150
	speed: 0.3254s/iter; left time: 8594.6769s
	iters: 200, epoch: 7 | loss: 0.5773638
	speed: 0.1427s/iter; left time: 3754.7028s
Epoch: 7 cost time: 40.2243230342865
Epoch: 7, Steps: 282 | Train Loss: 0.6840555 Vali Loss: 0.6530980 Test Loss: 0.2928260
Validation loss decreased (0.672853 --> 0.653098).  Saving model ...
Updating learning rate to 6.561e-05
	iters: 100, epoch: 8 | loss: 0.5956240
	speed: 0.3255s/iter; left time: 8503.8263s
	iters: 200, epoch: 8 | loss: 0.6364954
	speed: 0.1426s/iter; left time: 3711.2162s
Epoch: 8 cost time: 40.205193758010864
Epoch: 8, Steps: 282 | Train Loss: 0.6597368 Vali Loss: 0.6381799 Test Loss: 0.2884025
Validation loss decreased (0.653098 --> 0.638180).  Saving model ...
Updating learning rate to 5.904900000000001e-05
	iters: 100, epoch: 9 | loss: 0.6316012
	speed: 0.3248s/iter; left time: 8394.6044s
	iters: 200, epoch: 9 | loss: 0.5976554
	speed: 0.1425s/iter; left time: 3669.8934s
Epoch: 9 cost time: 40.185561418533325
Epoch: 9, Steps: 282 | Train Loss: 0.6416715 Vali Loss: 0.6275758 Test Loss: 0.2850145
Validation loss decreased (0.638180 --> 0.627576).  Saving model ...
Updating learning rate to 5.3144100000000005e-05
	iters: 100, epoch: 10 | loss: 0.5775233
	speed: 0.3238s/iter; left time: 8278.4628s
	iters: 200, epoch: 10 | loss: 0.5592479
	speed: 0.1426s/iter; left time: 3630.3036s
Epoch: 10 cost time: 40.193381547927856
Epoch: 10, Steps: 282 | Train Loss: 0.6263444 Vali Loss: 0.6183788 Test Loss: 0.2823439
Validation loss decreased (0.627576 --> 0.618379).  Saving model ...
Updating learning rate to 4.782969000000001e-05
	iters: 100, epoch: 11 | loss: 0.6138455
	speed: 0.3257s/iter; left time: 8234.8473s
	iters: 200, epoch: 11 | loss: 0.5552319
	speed: 0.1426s/iter; left time: 3590.5500s
Epoch: 11 cost time: 40.19868183135986
Epoch: 11, Steps: 282 | Train Loss: 0.6159208 Vali Loss: 0.6116343 Test Loss: 0.2802382
Validation loss decreased (0.618379 --> 0.611634).  Saving model ...
Updating learning rate to 4.304672100000001e-05
	iters: 100, epoch: 12 | loss: 0.5961595
	speed: 0.3253s/iter; left time: 8130.9895s
	iters: 200, epoch: 12 | loss: 0.5039856
	speed: 0.1425s/iter; left time: 3548.6848s
Epoch: 12 cost time: 40.189860820770264
Epoch: 12, Steps: 282 | Train Loss: 0.6071715 Vali Loss: 0.6055036 Test Loss: 0.2786376
Validation loss decreased (0.611634 --> 0.605504).  Saving model ...
Updating learning rate to 3.874204890000001e-05
	iters: 100, epoch: 13 | loss: 0.6424592
	speed: 0.3235s/iter; left time: 7995.1717s
	iters: 200, epoch: 13 | loss: 0.7499466
	speed: 0.1425s/iter; left time: 3508.9788s
Epoch: 13 cost time: 40.19907999038696
Epoch: 13, Steps: 282 | Train Loss: 0.6007357 Vali Loss: 0.6043963 Test Loss: 0.2773686
Validation loss decreased (0.605504 --> 0.604396).  Saving model ...
Updating learning rate to 3.486784401000001e-05
	iters: 100, epoch: 14 | loss: 0.6142678
	speed: 0.3245s/iter; left time: 7929.4004s
	iters: 200, epoch: 14 | loss: 0.6017566
	speed: 0.1426s/iter; left time: 3469.2867s
Epoch: 14 cost time: 40.20096302032471
Epoch: 14, Steps: 282 | Train Loss: 0.5955190 Vali Loss: 0.5998952 Test Loss: 0.2763804
Validation loss decreased (0.604396 --> 0.599895).  Saving model ...
Updating learning rate to 3.138105960900001e-05
	iters: 100, epoch: 15 | loss: 0.5586634
	speed: 0.3243s/iter; left time: 7831.8641s
	iters: 200, epoch: 15 | loss: 0.6830333
	speed: 0.1426s/iter; left time: 3428.9395s
Epoch: 15 cost time: 40.193788290023804
Epoch: 15, Steps: 282 | Train Loss: 0.5913762 Vali Loss: 0.5975884 Test Loss: 0.2755503
Validation loss decreased (0.599895 --> 0.597588).  Saving model ...
Updating learning rate to 2.824295364810001e-05
	iters: 100, epoch: 16 | loss: 0.5416290
	speed: 0.3252s/iter; left time: 7762.8158s
	iters: 200, epoch: 16 | loss: 0.6597765
	speed: 0.1425s/iter; left time: 3386.6913s
Epoch: 16 cost time: 40.17678642272949
Epoch: 16, Steps: 282 | Train Loss: 0.5882727 Vali Loss: 0.5957818 Test Loss: 0.2748961
Validation loss decreased (0.597588 --> 0.595782).  Saving model ...
Updating learning rate to 2.541865828329001e-05
	iters: 100, epoch: 17 | loss: 0.4893600
	speed: 0.3245s/iter; left time: 7654.2376s
	iters: 200, epoch: 17 | loss: 0.4893882
	speed: 0.1425s/iter; left time: 3347.8422s
Epoch: 17 cost time: 40.18330264091492
Epoch: 17, Steps: 282 | Train Loss: 0.5851119 Vali Loss: 0.5955953 Test Loss: 0.2742961
Validation loss decreased (0.595782 --> 0.595595).  Saving model ...
Updating learning rate to 2.287679245496101e-05
	iters: 100, epoch: 18 | loss: 0.4742132
	speed: 0.3250s/iter; left time: 7573.6348s
	iters: 200, epoch: 18 | loss: 0.6162303
	speed: 0.1425s/iter; left time: 3307.5124s
Epoch: 18 cost time: 40.18342065811157
Epoch: 18, Steps: 282 | Train Loss: 0.5833734 Vali Loss: 0.5917733 Test Loss: 0.2737708
Validation loss decreased (0.595595 --> 0.591773).  Saving model ...
Updating learning rate to 2.0589113209464907e-05
	iters: 100, epoch: 19 | loss: 0.4846781
	speed: 0.3246s/iter; left time: 7473.2350s
	iters: 200, epoch: 19 | loss: 0.5335550
	speed: 0.1425s/iter; left time: 3267.4599s
Epoch: 19 cost time: 40.17631912231445
Epoch: 19, Steps: 282 | Train Loss: 0.5816990 Vali Loss: 0.5930355 Test Loss: 0.2733045
EarlyStopping counter: 1 out of 20
Updating learning rate to 1.8530201888518416e-05
	iters: 100, epoch: 20 | loss: 0.5349357
	speed: 0.3232s/iter; left time: 7351.3034s
	iters: 200, epoch: 20 | loss: 0.7400244
	speed: 0.1427s/iter; left time: 3230.4648s
Epoch: 20 cost time: 40.20813798904419
Epoch: 20, Steps: 282 | Train Loss: 0.5802440 Vali Loss: 0.5907766 Test Loss: 0.2728913
Validation loss decreased (0.591773 --> 0.590777).  Saving model ...
Updating learning rate to 1.6677181699666577e-05
	iters: 100, epoch: 21 | loss: 0.6266539
	speed: 0.3254s/iter; left time: 7309.7836s
	iters: 200, epoch: 21 | loss: 0.5647694
	speed: 0.1426s/iter; left time: 3188.7741s
Epoch: 21 cost time: 40.19363355636597
Epoch: 21, Steps: 282 | Train Loss: 0.5789540 Vali Loss: 0.5900582 Test Loss: 0.2724925
Validation loss decreased (0.590777 --> 0.590058).  Saving model ...
Updating learning rate to 1.5009463529699919e-05
	iters: 100, epoch: 22 | loss: 0.6495695
	speed: 0.3243s/iter; left time: 7192.9048s
	iters: 200, epoch: 22 | loss: 0.7552736
	speed: 0.1427s/iter; left time: 3150.6212s
Epoch: 22 cost time: 40.21246910095215
Epoch: 22, Steps: 282 | Train Loss: 0.5781023 Vali Loss: 0.5883600 Test Loss: 0.2721687
Validation loss decreased (0.590058 --> 0.588360).  Saving model ...
Updating learning rate to 1.3508517176729929e-05
	iters: 100, epoch: 23 | loss: 0.5698761
	speed: 0.3243s/iter; left time: 7101.8590s
	iters: 200, epoch: 23 | loss: 0.5465565
	speed: 0.1427s/iter; left time: 3110.6685s
Epoch: 23 cost time: 40.2098228931427
Epoch: 23, Steps: 282 | Train Loss: 0.5774008 Vali Loss: 0.5893229 Test Loss: 0.2718644
EarlyStopping counter: 1 out of 20
Updating learning rate to 1.2157665459056936e-05
	iters: 100, epoch: 24 | loss: 0.4740197
	speed: 0.3227s/iter; left time: 6975.5807s
	iters: 200, epoch: 24 | loss: 0.5715497
	speed: 0.1426s/iter; left time: 3067.4279s
Epoch: 24 cost time: 40.187196016311646
Epoch: 24, Steps: 282 | Train Loss: 0.5761503 Vali Loss: 0.5869395 Test Loss: 0.2715881
Validation loss decreased (0.588360 --> 0.586940).  Saving model ...
Updating learning rate to 1.0941898913151242e-05
	iters: 100, epoch: 25 | loss: 0.4967657
	speed: 0.3243s/iter; left time: 6918.4815s
	iters: 200, epoch: 25 | loss: 0.5569704
	speed: 0.1427s/iter; left time: 3029.3225s
Epoch: 25 cost time: 40.20215678215027
Epoch: 25, Steps: 282 | Train Loss: 0.5755766 Vali Loss: 0.5884736 Test Loss: 0.2713417
EarlyStopping counter: 1 out of 20
Updating learning rate to 9.847709021836118e-06
	iters: 100, epoch: 26 | loss: 0.5527237
	speed: 0.3232s/iter; left time: 6804.6256s
	iters: 200, epoch: 26 | loss: 0.6153446
	speed: 0.1426s/iter; left time: 2988.1766s
Epoch: 26 cost time: 40.19407272338867
Epoch: 26, Steps: 282 | Train Loss: 0.5750480 Vali Loss: 0.5876176 Test Loss: 0.2711023
EarlyStopping counter: 2 out of 20
Updating learning rate to 8.862938119652508e-06
	iters: 100, epoch: 27 | loss: 0.5089222
	speed: 0.3232s/iter; left time: 6711.9106s
	iters: 200, epoch: 27 | loss: 0.6125627
	speed: 0.1426s/iter; left time: 2946.9818s
Epoch: 27 cost time: 40.1854145526886
Epoch: 27, Steps: 282 | Train Loss: 0.5746693 Vali Loss: 0.5866136 Test Loss: 0.2709064
Validation loss decreased (0.586940 --> 0.586614).  Saving model ...
Updating learning rate to 7.976644307687255e-06
	iters: 100, epoch: 28 | loss: 0.4399864
	speed: 0.3250s/iter; left time: 6657.7905s
	iters: 200, epoch: 28 | loss: 0.6174050
	speed: 0.1426s/iter; left time: 2907.2790s
Epoch: 28 cost time: 40.19548320770264
Epoch: 28, Steps: 282 | Train Loss: 0.5741075 Vali Loss: 0.5868996 Test Loss: 0.2707144
EarlyStopping counter: 1 out of 20
Updating learning rate to 7.178979876918531e-06
	iters: 100, epoch: 29 | loss: 0.5271041
	speed: 0.3230s/iter; left time: 6526.3455s
	iters: 200, epoch: 29 | loss: 0.5213711
	speed: 0.1427s/iter; left time: 2868.0134s
Epoch: 29 cost time: 40.19785475730896
Epoch: 29, Steps: 282 | Train Loss: 0.5733379 Vali Loss: 0.5862454 Test Loss: 0.2705446
Validation loss decreased (0.586614 --> 0.586245).  Saving model ...
Updating learning rate to 6.4610818892266776e-06
	iters: 100, epoch: 30 | loss: 0.5454336
	speed: 0.3250s/iter; left time: 6474.9891s
	iters: 200, epoch: 30 | loss: 0.5243613
	speed: 0.1425s/iter; left time: 2825.7585s
Epoch: 30 cost time: 40.185373067855835
Epoch: 30, Steps: 282 | Train Loss: 0.5733896 Vali Loss: 0.5849916 Test Loss: 0.2704017
Validation loss decreased (0.586245 --> 0.584992).  Saving model ...
Updating learning rate to 5.8149737003040096e-06
	iters: 100, epoch: 31 | loss: 0.5678422
	speed: 0.3232s/iter; left time: 6347.5643s
	iters: 200, epoch: 31 | loss: 0.7647219
	speed: 0.1425s/iter; left time: 2785.4545s
Epoch: 31 cost time: 40.18913245201111
Epoch: 31, Steps: 282 | Train Loss: 0.5730832 Vali Loss: 0.5851724 Test Loss: 0.2702628
EarlyStopping counter: 1 out of 20
Updating learning rate to 5.23347633027361e-06
	iters: 100, epoch: 32 | loss: 0.5791410
	speed: 0.3234s/iter; left time: 6260.1288s
	iters: 200, epoch: 32 | loss: 0.5794440
	speed: 0.1426s/iter; left time: 2745.5006s
Epoch: 32 cost time: 40.200621128082275
Epoch: 32, Steps: 282 | Train Loss: 0.5729986 Vali Loss: 0.5851120 Test Loss: 0.2701535
EarlyStopping counter: 2 out of 20
Updating learning rate to 4.710128697246249e-06
	iters: 100, epoch: 33 | loss: 0.4917532
	speed: 0.3232s/iter; left time: 6165.4345s
	iters: 200, epoch: 33 | loss: 0.4979121
	speed: 0.1425s/iter; left time: 2703.7838s
Epoch: 33 cost time: 40.177645683288574
Epoch: 33, Steps: 282 | Train Loss: 0.5726586 Vali Loss: 0.5857356 Test Loss: 0.2700534
EarlyStopping counter: 3 out of 20
Updating learning rate to 4.239115827521624e-06
	iters: 100, epoch: 34 | loss: 0.5505458
	speed: 0.3230s/iter; left time: 6070.1487s
	iters: 200, epoch: 34 | loss: 0.4742276
	speed: 0.1425s/iter; left time: 2663.9253s
Epoch: 34 cost time: 40.17994737625122
Epoch: 34, Steps: 282 | Train Loss: 0.5720528 Vali Loss: 0.5852038 Test Loss: 0.2699600
EarlyStopping counter: 4 out of 20
Updating learning rate to 3.815204244769462e-06
	iters: 100, epoch: 35 | loss: 0.7251807
	speed: 0.3230s/iter; left time: 5980.2797s
	iters: 200, epoch: 35 | loss: 0.4946448
	speed: 0.1426s/iter; left time: 2624.9367s
Epoch: 35 cost time: 40.195260763168335
Epoch: 35, Steps: 282 | Train Loss: 0.5720378 Vali Loss: 0.5847245 Test Loss: 0.2698699
Validation loss decreased (0.584992 --> 0.584725).  Saving model ...
Updating learning rate to 3.4336838202925152e-06
	iters: 100, epoch: 36 | loss: 0.5318390
	speed: 0.3251s/iter; left time: 5927.1263s
	iters: 200, epoch: 36 | loss: 0.6341345
	speed: 0.1425s/iter; left time: 2583.1250s
Epoch: 36 cost time: 40.17628765106201
Epoch: 36, Steps: 282 | Train Loss: 0.5717995 Vali Loss: 0.5829455 Test Loss: 0.2697901
Validation loss decreased (0.584725 --> 0.582946).  Saving model ...
Updating learning rate to 3.090315438263264e-06
	iters: 100, epoch: 37 | loss: 0.5735288
	speed: 0.3248s/iter; left time: 5830.4783s
	iters: 200, epoch: 37 | loss: 0.5100463
	speed: 0.1425s/iter; left time: 2543.6601s
Epoch: 37 cost time: 40.18585133552551
Epoch: 37, Steps: 282 | Train Loss: 0.5717254 Vali Loss: 0.5846398 Test Loss: 0.2697270
EarlyStopping counter: 1 out of 20
Updating learning rate to 2.7812838944369375e-06
	iters: 100, epoch: 38 | loss: 0.4722098
	speed: 0.3229s/iter; left time: 5704.3135s
	iters: 200, epoch: 38 | loss: 0.5077174
	speed: 0.1425s/iter; left time: 2504.0541s
Epoch: 38 cost time: 40.195720195770264
Epoch: 38, Steps: 282 | Train Loss: 0.5718880 Vali Loss: 0.5842836 Test Loss: 0.2696581
EarlyStopping counter: 2 out of 20
Updating learning rate to 2.503155504993244e-06
	iters: 100, epoch: 39 | loss: 0.6120754
	speed: 0.3226s/iter; left time: 5608.4770s
	iters: 200, epoch: 39 | loss: 0.7160284
	speed: 0.1427s/iter; left time: 2465.9036s
Epoch: 39 cost time: 40.235902070999146
Epoch: 39, Steps: 282 | Train Loss: 0.5716425 Vali Loss: 0.5825947 Test Loss: 0.2696078
Validation loss decreased (0.582946 --> 0.582595).  Saving model ...
Updating learning rate to 2.2528399544939195e-06
	iters: 100, epoch: 40 | loss: 0.4781030
	speed: 0.3260s/iter; left time: 5575.1464s
	iters: 200, epoch: 40 | loss: 0.5720710
	speed: 0.1431s/iter; left time: 2432.6776s
Epoch: 40 cost time: 40.32863688468933
Epoch: 40, Steps: 282 | Train Loss: 0.5711962 Vali Loss: 0.5821204 Test Loss: 0.2695518
Validation loss decreased (0.582595 --> 0.582120).  Saving model ...
Updating learning rate to 2.0275559590445276e-06
	iters: 100, epoch: 41 | loss: 0.6207875
	speed: 0.3262s/iter; left time: 5487.4459s
	iters: 200, epoch: 41 | loss: 0.6212333
	speed: 0.1435s/iter; left time: 2398.8649s
Epoch: 41 cost time: 40.42049312591553
Epoch: 41, Steps: 282 | Train Loss: 0.5715766 Vali Loss: 0.5847079 Test Loss: 0.2695079
EarlyStopping counter: 1 out of 20
Updating learning rate to 1.8248003631400751e-06
	iters: 100, epoch: 42 | loss: 0.4466600
	speed: 0.3258s/iter; left time: 5388.6611s
	iters: 200, epoch: 42 | loss: 0.4687959
	speed: 0.1436s/iter; left time: 2361.3447s
Epoch: 42 cost time: 40.47944951057434
Epoch: 42, Steps: 282 | Train Loss: 0.5713030 Vali Loss: 0.5810649 Test Loss: 0.2694716
Validation loss decreased (0.582120 --> 0.581065).  Saving model ...
Updating learning rate to 1.6423203268260676e-06
	iters: 100, epoch: 43 | loss: 0.5944390
	speed: 0.3293s/iter; left time: 5353.1253s
	iters: 200, epoch: 43 | loss: 0.7375186
	speed: 0.1438s/iter; left time: 2323.9472s
Epoch: 43 cost time: 40.515334606170654
Epoch: 43, Steps: 282 | Train Loss: 0.5714011 Vali Loss: 0.5826713 Test Loss: 0.2694496
EarlyStopping counter: 1 out of 20
Updating learning rate to 1.4780882941434609e-06
	iters: 100, epoch: 44 | loss: 0.6628667
	speed: 0.3260s/iter; left time: 5208.2135s
	iters: 200, epoch: 44 | loss: 0.6351873
	speed: 0.1438s/iter; left time: 2282.5642s
Epoch: 44 cost time: 40.54537630081177
Epoch: 44, Steps: 282 | Train Loss: 0.5713133 Vali Loss: 0.5844629 Test Loss: 0.2694032
EarlyStopping counter: 2 out of 20
Updating learning rate to 1.3302794647291146e-06
	iters: 100, epoch: 45 | loss: 0.5441030
	speed: 0.3263s/iter; left time: 5120.3076s
	iters: 200, epoch: 45 | loss: 0.4914617
	speed: 0.1440s/iter; left time: 2245.3364s
Epoch: 45 cost time: 40.598246574401855
Epoch: 45, Steps: 282 | Train Loss: 0.5707677 Vali Loss: 0.5820677 Test Loss: 0.2693789
EarlyStopping counter: 3 out of 20
Updating learning rate to 1.1972515182562034e-06
	iters: 100, epoch: 46 | loss: 0.6225385
	speed: 0.3262s/iter; left time: 5027.5158s
	iters: 200, epoch: 46 | loss: 0.5819564
	speed: 0.1441s/iter; left time: 2205.8966s
Epoch: 46 cost time: 40.63255858421326
Epoch: 46, Steps: 282 | Train Loss: 0.5711402 Vali Loss: 0.5828271 Test Loss: 0.2693463
EarlyStopping counter: 4 out of 20
Updating learning rate to 1.077526366430583e-06
	iters: 100, epoch: 47 | loss: 0.5902917
	speed: 0.3270s/iter; left time: 4947.3572s
	iters: 200, epoch: 47 | loss: 0.5663217
	speed: 0.1443s/iter; left time: 2168.0781s
Epoch: 47 cost time: 40.68430185317993
Epoch: 47, Steps: 282 | Train Loss: 0.5710379 Vali Loss: 0.5820708 Test Loss: 0.2693247
EarlyStopping counter: 5 out of 20
Updating learning rate to 9.697737297875248e-07
	iters: 100, epoch: 48 | loss: 0.5280471
	speed: 0.3261s/iter; left time: 4841.9994s
	iters: 200, epoch: 48 | loss: 0.6477280
	speed: 0.1444s/iter; left time: 2129.7586s
Epoch: 48 cost time: 40.71440005302429
Epoch: 48, Steps: 282 | Train Loss: 0.5709529 Vali Loss: 0.5835590 Test Loss: 0.2693016
EarlyStopping counter: 6 out of 20
Updating learning rate to 8.727963568087723e-07
	iters: 100, epoch: 49 | loss: 0.5430118
	speed: 0.3271s/iter; left time: 4763.8381s
	iters: 200, epoch: 49 | loss: 0.5271809
	speed: 0.1444s/iter; left time: 2089.0669s
Epoch: 49 cost time: 40.73591375350952
Epoch: 49, Steps: 282 | Train Loss: 0.5711881 Vali Loss: 0.5810196 Test Loss: 0.2692796
Validation loss decreased (0.581065 --> 0.581020).  Saving model ...
Updating learning rate to 7.855167211278951e-07
	iters: 100, epoch: 50 | loss: 0.5697877
	speed: 0.3282s/iter; left time: 4687.2422s
	iters: 200, epoch: 50 | loss: 0.6372999
	speed: 0.1444s/iter; left time: 2048.0123s
Epoch: 50 cost time: 40.697834730148315
Epoch: 50, Steps: 282 | Train Loss: 0.5705415 Vali Loss: 0.5821741 Test Loss: 0.2692696
EarlyStopping counter: 1 out of 20
Updating learning rate to 7.069650490151056e-07
	iters: 100, epoch: 51 | loss: 0.5273986
	speed: 0.3259s/iter; left time: 4562.4317s
	iters: 200, epoch: 51 | loss: 0.5703386
	speed: 0.1439s/iter; left time: 2000.4632s
Epoch: 51 cost time: 40.55972123146057
Epoch: 51, Steps: 282 | Train Loss: 0.5711332 Vali Loss: 0.5828598 Test Loss: 0.2692596
EarlyStopping counter: 2 out of 20
Updating learning rate to 6.36268544113595e-07
	iters: 100, epoch: 52 | loss: 0.5725342
	speed: 0.3243s/iter; left time: 4449.3396s
	iters: 200, epoch: 52 | loss: 0.6511295
	speed: 0.1435s/iter; left time: 1954.6535s
Epoch: 52 cost time: 40.456464767456055
Epoch: 52, Steps: 282 | Train Loss: 0.5707146 Vali Loss: 0.5829632 Test Loss: 0.2692419
EarlyStopping counter: 3 out of 20
Updating learning rate to 5.726416897022355e-07
	iters: 100, epoch: 53 | loss: 0.5923012
	speed: 0.3245s/iter; left time: 4360.3402s
	iters: 200, epoch: 53 | loss: 0.5658708
	speed: 0.1434s/iter; left time: 1913.1257s
Epoch: 53 cost time: 40.41904330253601
Epoch: 53, Steps: 282 | Train Loss: 0.5707089 Vali Loss: 0.5836158 Test Loss: 0.2692292
EarlyStopping counter: 4 out of 20
Updating learning rate to 5.15377520732012e-07
	iters: 100, epoch: 54 | loss: 0.5489247
	speed: 0.3238s/iter; left time: 4260.0726s
	iters: 200, epoch: 54 | loss: 0.5883935
	speed: 0.1431s/iter; left time: 1868.4277s
Epoch: 54 cost time: 40.32102012634277
Epoch: 54, Steps: 282 | Train Loss: 0.5704743 Vali Loss: 0.5795250 Test Loss: 0.2692197
Validation loss decreased (0.581020 --> 0.579525).  Saving model ...
Updating learning rate to 4.6383976865881085e-07
	iters: 100, epoch: 55 | loss: 0.5617297
	speed: 0.3252s/iter; left time: 4185.9469s
	iters: 200, epoch: 55 | loss: 0.6114438
	speed: 0.1431s/iter; left time: 1828.1641s
Epoch: 55 cost time: 40.30796957015991
Epoch: 55, Steps: 282 | Train Loss: 0.5708481 Vali Loss: 0.5820453 Test Loss: 0.2692049
EarlyStopping counter: 1 out of 20
Updating learning rate to 4.174557917929298e-07
	iters: 100, epoch: 56 | loss: 0.5710233
	speed: 0.3241s/iter; left time: 4080.2772s
	iters: 200, epoch: 56 | loss: 0.5066460
	speed: 0.1430s/iter; left time: 1785.9839s
Epoch: 56 cost time: 40.28705930709839
Epoch: 56, Steps: 282 | Train Loss: 0.5709770 Vali Loss: 0.5835959 Test Loss: 0.2691961
EarlyStopping counter: 2 out of 20
Updating learning rate to 3.7571021261363677e-07
	iters: 100, epoch: 57 | loss: 0.5671576
	speed: 0.3239s/iter; left time: 3987.4777s
	iters: 200, epoch: 57 | loss: 0.5217623
	speed: 0.1429s/iter; left time: 1744.7941s
Epoch: 57 cost time: 40.26296138763428
Epoch: 57, Steps: 282 | Train Loss: 0.5707250 Vali Loss: 0.5827948 Test Loss: 0.2691877
EarlyStopping counter: 3 out of 20
Updating learning rate to 3.381391913522731e-07
	iters: 100, epoch: 58 | loss: 0.5333402
	speed: 0.3237s/iter; left time: 3893.3885s
	iters: 200, epoch: 58 | loss: 0.6617993
	speed: 0.1428s/iter; left time: 1702.6769s
Epoch: 58 cost time: 40.23068070411682
Epoch: 58, Steps: 282 | Train Loss: 0.5708408 Vali Loss: 0.5825847 Test Loss: 0.2691828
EarlyStopping counter: 4 out of 20
Updating learning rate to 3.043252722170458e-07
	iters: 100, epoch: 59 | loss: 0.7126936
	speed: 0.3233s/iter; left time: 3796.5808s
	iters: 200, epoch: 59 | loss: 0.6721233
	speed: 0.1428s/iter; left time: 1662.5982s
Epoch: 59 cost time: 40.235241413116455
Epoch: 59, Steps: 282 | Train Loss: 0.5706550 Vali Loss: 0.5845467 Test Loss: 0.2691758
EarlyStopping counter: 5 out of 20
Updating learning rate to 2.7389274499534124e-07
	iters: 100, epoch: 60 | loss: 0.7230550
	speed: 0.3235s/iter; left time: 3707.7422s
	iters: 200, epoch: 60 | loss: 0.7585717
	speed: 0.1427s/iter; left time: 1621.9480s
Epoch: 60 cost time: 40.22320342063904
Epoch: 60, Steps: 282 | Train Loss: 0.5704941 Vali Loss: 0.5815387 Test Loss: 0.2691739
EarlyStopping counter: 6 out of 20
Updating learning rate to 2.465034704958071e-07
	iters: 100, epoch: 61 | loss: 0.4870557
	speed: 0.3235s/iter; left time: 3617.1713s
	iters: 200, epoch: 61 | loss: 0.6177448
	speed: 0.1427s/iter; left time: 1581.5345s
Epoch: 61 cost time: 40.216702461242676
Epoch: 61, Steps: 282 | Train Loss: 0.5703959 Vali Loss: 0.5795104 Test Loss: 0.2691651
Validation loss decreased (0.579525 --> 0.579510).  Saving model ...
Updating learning rate to 2.218531234462264e-07
	iters: 100, epoch: 62 | loss: 0.4664324
	speed: 0.3237s/iter; left time: 3528.0946s
	iters: 200, epoch: 62 | loss: 0.5419646
	speed: 0.1428s/iter; left time: 1541.8982s
Epoch: 62 cost time: 40.22907996177673
Epoch: 62, Steps: 282 | Train Loss: 0.5705551 Vali Loss: 0.5826514 Test Loss: 0.2691556
EarlyStopping counter: 1 out of 20
Updating learning rate to 1.9966781110160376e-07
	iters: 100, epoch: 63 | loss: 0.6270089
	speed: 0.3237s/iter; left time: 3436.8780s
	iters: 200, epoch: 63 | loss: 0.6418195
	speed: 0.1427s/iter; left time: 1500.6943s
Epoch: 63 cost time: 40.215062379837036
Epoch: 63, Steps: 282 | Train Loss: 0.5704840 Vali Loss: 0.5830584 Test Loss: 0.2691531
EarlyStopping counter: 2 out of 20
Updating learning rate to 1.797010299914434e-07
	iters: 100, epoch: 64 | loss: 0.5133651
	speed: 0.3234s/iter; left time: 3342.3557s
	iters: 200, epoch: 64 | loss: 0.4939899
	speed: 0.1427s/iter; left time: 1460.1909s
Epoch: 64 cost time: 40.217291831970215
Epoch: 64, Steps: 282 | Train Loss: 0.5705063 Vali Loss: 0.5814330 Test Loss: 0.2691472
EarlyStopping counter: 3 out of 20
Updating learning rate to 1.6173092699229907e-07
	iters: 100, epoch: 65 | loss: 0.5863690
	speed: 0.3233s/iter; left time: 3250.2944s
	iters: 200, epoch: 65 | loss: 0.4590772
	speed: 0.1427s/iter; left time: 1419.8058s
Epoch: 65 cost time: 40.22122669219971
Epoch: 65, Steps: 282 | Train Loss: 0.5706552 Vali Loss: 0.5824339 Test Loss: 0.2691440
EarlyStopping counter: 4 out of 20
Updating learning rate to 1.4555783429306916e-07
	iters: 100, epoch: 66 | loss: 0.6397171
	speed: 0.3234s/iter; left time: 3159.7639s
	iters: 200, epoch: 66 | loss: 0.5594575
	speed: 0.1426s/iter; left time: 1378.7867s
Epoch: 66 cost time: 40.2034592628479
Epoch: 66, Steps: 282 | Train Loss: 0.5700328 Vali Loss: 0.5811842 Test Loss: 0.2691479
EarlyStopping counter: 5 out of 20
Updating learning rate to 1.3100205086376224e-07
	iters: 100, epoch: 67 | loss: 0.5756669
	speed: 0.3231s/iter; left time: 3065.5197s
	iters: 200, epoch: 67 | loss: 0.7260718
	speed: 0.1426s/iter; left time: 1338.5902s
Epoch: 67 cost time: 40.214778661727905
Epoch: 67, Steps: 282 | Train Loss: 0.5704676 Vali Loss: 0.5820654 Test Loss: 0.2691382
EarlyStopping counter: 6 out of 20
Updating learning rate to 1.1790184577738603e-07
	iters: 100, epoch: 68 | loss: 0.5293984
	speed: 0.3235s/iter; left time: 2978.2274s
	iters: 200, epoch: 68 | loss: 0.6765741
	speed: 0.1425s/iter; left time: 1297.9270s
Epoch: 68 cost time: 40.19014644622803
Epoch: 68, Steps: 282 | Train Loss: 0.5703664 Vali Loss: 0.5806057 Test Loss: 0.2691405
EarlyStopping counter: 7 out of 20
Updating learning rate to 1.0611166119964742e-07
	iters: 100, epoch: 69 | loss: 0.5616587
	speed: 0.3230s/iter; left time: 2883.1501s
	iters: 200, epoch: 69 | loss: 0.4901543
	speed: 0.1425s/iter; left time: 1257.5854s
Epoch: 69 cost time: 40.187618255615234
Epoch: 69, Steps: 282 | Train Loss: 0.5701980 Vali Loss: 0.5811240 Test Loss: 0.2691396
EarlyStopping counter: 8 out of 20
Updating learning rate to 9.550049507968268e-08
	iters: 100, epoch: 70 | loss: 0.5999655
	speed: 0.3226s/iter; left time: 2788.6032s
	iters: 200, epoch: 70 | loss: 0.5131069
	speed: 0.1426s/iter; left time: 1218.1172s
Epoch: 70 cost time: 40.207849979400635
Epoch: 70, Steps: 282 | Train Loss: 0.5705027 Vali Loss: 0.5814939 Test Loss: 0.2691308
EarlyStopping counter: 9 out of 20
Updating learning rate to 8.595044557171442e-08
	iters: 100, epoch: 71 | loss: 0.6863027
	speed: 0.3233s/iter; left time: 2703.5094s
	iters: 200, epoch: 71 | loss: 0.7460059
	speed: 0.1425s/iter; left time: 1177.4490s
Epoch: 71 cost time: 40.199955224990845
Epoch: 71, Steps: 282 | Train Loss: 0.5699647 Vali Loss: 0.5830417 Test Loss: 0.2691281
EarlyStopping counter: 10 out of 20
Updating learning rate to 7.735540101454298e-08
	iters: 100, epoch: 72 | loss: 0.6214849
	speed: 0.3232s/iter; left time: 2611.3482s
	iters: 200, epoch: 72 | loss: 0.6122348
	speed: 0.1425s/iter; left time: 1137.1000s
Epoch: 72 cost time: 40.190930128097534
Epoch: 72, Steps: 282 | Train Loss: 0.5706597 Vali Loss: 0.5816008 Test Loss: 0.2691310
EarlyStopping counter: 11 out of 20
Updating learning rate to 6.961986091308869e-08
	iters: 100, epoch: 73 | loss: 0.4910543
	speed: 0.3232s/iter; left time: 2520.1301s
	iters: 200, epoch: 73 | loss: 0.5851716
	speed: 0.1426s/iter; left time: 1097.9761s
Epoch: 73 cost time: 40.212085247039795
Epoch: 73, Steps: 282 | Train Loss: 0.5705151 Vali Loss: 0.5841864 Test Loss: 0.2691322
EarlyStopping counter: 12 out of 20
Updating learning rate to 6.265787482177981e-08
	iters: 100, epoch: 74 | loss: 0.7521544
	speed: 0.3235s/iter; left time: 2431.3853s
	iters: 200, epoch: 74 | loss: 0.6164237
	speed: 0.1427s/iter; left time: 1058.0404s
Epoch: 74 cost time: 40.21978163719177
Epoch: 74, Steps: 282 | Train Loss: 0.5707299 Vali Loss: 0.5825451 Test Loss: 0.2691295
EarlyStopping counter: 13 out of 20
Updating learning rate to 5.639208733960184e-08
	iters: 100, epoch: 75 | loss: 0.5258602
	speed: 0.3236s/iter; left time: 2340.3228s
	iters: 200, epoch: 75 | loss: 0.5622222
	speed: 0.1425s/iter; left time: 1016.7314s
Epoch: 75 cost time: 40.19477200508118
Epoch: 75, Steps: 282 | Train Loss: 0.5705330 Vali Loss: 0.5833064 Test Loss: 0.2691328
EarlyStopping counter: 14 out of 20
Updating learning rate to 5.075287860564165e-08
	iters: 100, epoch: 76 | loss: 0.5415509
	speed: 0.3235s/iter; left time: 2248.6875s
	iters: 200, epoch: 76 | loss: 0.4796942
	speed: 0.1426s/iter; left time: 976.9444s
Epoch: 76 cost time: 40.208998680114746
Epoch: 76, Steps: 282 | Train Loss: 0.5703385 Vali Loss: 0.5837413 Test Loss: 0.2691262
EarlyStopping counter: 15 out of 20
Updating learning rate to 4.567759074507749e-08
	iters: 100, epoch: 77 | loss: 0.5508775
	speed: 0.3235s/iter; left time: 2157.4863s
	iters: 200, epoch: 77 | loss: 0.5528191
	speed: 0.1425s/iter; left time: 936.2209s
Epoch: 77 cost time: 40.18721652030945
Epoch: 77, Steps: 282 | Train Loss: 0.5704062 Vali Loss: 0.5813150 Test Loss: 0.2691330
EarlyStopping counter: 16 out of 20
Updating learning rate to 4.1109831670569744e-08
	iters: 100, epoch: 78 | loss: 0.6172704
	speed: 0.3238s/iter; left time: 2068.1161s
	iters: 200, epoch: 78 | loss: 0.4908384
	speed: 0.1426s/iter; left time: 896.3383s
Epoch: 78 cost time: 40.19460082054138
Epoch: 78, Steps: 282 | Train Loss: 0.5707748 Vali Loss: 0.5831847 Test Loss: 0.2691301
EarlyStopping counter: 17 out of 20
Updating learning rate to 3.6998848503512764e-08
	iters: 100, epoch: 79 | loss: 0.5272334
	speed: 0.3237s/iter; left time: 1975.8996s
	iters: 200, epoch: 79 | loss: 0.4836251
	speed: 0.1425s/iter; left time: 855.8465s
Epoch: 79 cost time: 40.1850802898407
Epoch: 79, Steps: 282 | Train Loss: 0.5704935 Vali Loss: 0.5829043 Test Loss: 0.2691277
EarlyStopping counter: 18 out of 20
Updating learning rate to 3.3298963653161496e-08
	iters: 100, epoch: 80 | loss: 0.5639193
	speed: 0.3239s/iter; left time: 1885.8866s
	iters: 200, epoch: 80 | loss: 0.6896328
	speed: 0.1425s/iter; left time: 815.2513s
Epoch: 80 cost time: 40.17723035812378
Epoch: 80, Steps: 282 | Train Loss: 0.5702239 Vali Loss: 0.5816074 Test Loss: 0.2691261
EarlyStopping counter: 19 out of 20
Updating learning rate to 2.996906728784534e-08
	iters: 100, epoch: 81 | loss: 0.5105357
	speed: 0.3237s/iter; left time: 1793.6231s
	iters: 200, epoch: 81 | loss: 0.5907699
	speed: 0.1426s/iter; left time: 776.0176s
Epoch: 81 cost time: 40.212175607681274
Epoch: 81, Steps: 282 | Train Loss: 0.5701899 Vali Loss: 0.5817447 Test Loss: 0.2691329
EarlyStopping counter: 20 out of 20
Early stopping
>>>>>>>testing : NL_weather_flatten_lr0.001_always_336_336_PatchTST_custom_ftM_sl336_ll48_pl336_dm128_nh16_el3_dl1_df256_fc1_ebtimeF_dtTruelr0.001_polalways_Nested_Learning_0<<<<<<<<<<<<<<<<<<<<<<<<<<<<<<<<<
test 10204
 Ejecutando Inferencia DINÁMICA (Nested Learning con flatten)
  -> Política: always | LR: 0.001 | Target: head

RESUMEN: El CMS se actualizó 79 veces de 79 posibles.

mse:0.26837676763534546, mae:0.2987251579761505, rse:0.6805101037025452
Args in experiment:
Namespace(random_seed=2021, is_training=1, model_id='NL_weather_flatten_lr0.001_always_336_720', model='PatchTST', data='custom', root_path='./dataset/', data_path='weather.csv', features='M', target='OT', freq='h', checkpoints='./checkpoints/', seq_len=336, label_len=48, pred_len=720, head_type='flatten', cms_lr=0.001, update_policy='always', fc_dropout=0.2, head_dropout=0.0, patch_len=16, stride=8, padding_patch='end', revin=1, affine=0, subtract_last=0, decomposition=0, kernel_size=25, individual=0, embed_type=0, enc_in=21, dec_in=7, c_out=7, d_model=128, n_heads=16, e_layers=3, d_layers=1, d_ff=256, moving_avg=25, factor=1, distil=True, dropout=0.2, embed='timeF', activation='gelu', output_attention=False, do_predict=False, num_workers=0, itr=1, train_epochs=100, batch_size=128, patience=20, learning_rate=0.0001, des='Nested_Learning', loss='mse', lradj='type3', pct_start=0.3, use_amp=False, use_gpu=True, gpu=0, use_multi_gpu=False, devices='0,1,2,3', test_flop=False)
Use GPU: cuda:0
>>>>>>>start training : NL_weather_flatten_lr0.001_always_336_720_PatchTST_custom_ftM_sl336_ll48_pl720_dm128_nh16_el3_dl1_df256_fc1_ebtimeF_dtTruelr0.001_polalways_Nested_Learning_0>>>>>>>>>>>>>>>>>>>>>>>>>>
train 35832
val 4551
test 9820
	iters: 100, epoch: 1 | loss: 0.9200700
	speed: 0.1773s/iter; left time: 4929.1886s
	iters: 200, epoch: 1 | loss: 0.9395896
	speed: 0.1638s/iter; left time: 4536.0903s
Epoch: 1 cost time: 45.738152503967285
Epoch: 1, Steps: 279 | Train Loss: 1.0508399 Vali Loss: 0.9474045 Test Loss: 0.4091545
Validation loss decreased (inf --> 0.947405).  Saving model ...
Updating learning rate to 0.0001
	iters: 100, epoch: 2 | loss: 1.1546795
	speed: 0.3649s/iter; left time: 10041.8035s
	iters: 200, epoch: 2 | loss: 1.0182751
	speed: 0.1651s/iter; left time: 4526.3776s
Epoch: 2 cost time: 45.973169803619385
Epoch: 2, Steps: 279 | Train Loss: 1.0143527 Vali Loss: 0.9070968 Test Loss: 0.3975445
Validation loss decreased (0.947405 --> 0.907097).  Saving model ...
Updating learning rate to 0.0001
	iters: 100, epoch: 3 | loss: 0.8383912
	speed: 0.3650s/iter; left time: 9944.2223s
	iters: 200, epoch: 3 | loss: 0.9720100
	speed: 0.1652s/iter; left time: 4484.3228s
Epoch: 3 cost time: 45.99432611465454
Epoch: 3, Steps: 279 | Train Loss: 0.9487051 Vali Loss: 0.8691258 Test Loss: 0.3867742
Validation loss decreased (0.907097 --> 0.869126).  Saving model ...
Updating learning rate to 0.0001
	iters: 100, epoch: 4 | loss: 0.9107522
	speed: 0.3646s/iter; left time: 9830.6928s
	iters: 200, epoch: 4 | loss: 0.9059547
	speed: 0.1650s/iter; left time: 4432.2668s
Epoch: 4 cost time: 45.9567015171051
Epoch: 4, Steps: 279 | Train Loss: 0.8917195 Vali Loss: 0.8351350 Test Loss: 0.3771786
Validation loss decreased (0.869126 --> 0.835135).  Saving model ...
Updating learning rate to 9e-05
	iters: 100, epoch: 5 | loss: 0.9033814
	speed: 0.3649s/iter; left time: 9738.2014s
	iters: 200, epoch: 5 | loss: 0.7087699
	speed: 0.1651s/iter; left time: 4389.9944s
Epoch: 5 cost time: 45.97600197792053
Epoch: 5, Steps: 279 | Train Loss: 0.8454167 Vali Loss: 0.8096049 Test Loss: 0.3697528
Validation loss decreased (0.835135 --> 0.809605).  Saving model ...
Updating learning rate to 8.1e-05
	iters: 100, epoch: 6 | loss: 0.7787727
	speed: 0.3642s/iter; left time: 9616.2290s
	iters: 200, epoch: 6 | loss: 0.7789883
	speed: 0.1649s/iter; left time: 4338.4602s
Epoch: 6 cost time: 45.90556883811951
Epoch: 6, Steps: 279 | Train Loss: 0.8100217 Vali Loss: 0.7893947 Test Loss: 0.3640312
Validation loss decreased (0.809605 --> 0.789395).  Saving model ...
Updating learning rate to 7.290000000000001e-05
	iters: 100, epoch: 7 | loss: 0.7552916
	speed: 0.3641s/iter; left time: 9511.6368s
	iters: 200, epoch: 7 | loss: 0.7323955
	speed: 0.1646s/iter; left time: 4284.6390s
Epoch: 7 cost time: 45.855315923690796
Epoch: 7, Steps: 279 | Train Loss: 0.7819606 Vali Loss: 0.7738919 Test Loss: 0.3596088
Validation loss decreased (0.789395 --> 0.773892).  Saving model ...
Updating learning rate to 6.561e-05
	iters: 100, epoch: 8 | loss: 0.6952079
	speed: 0.3637s/iter; left time: 9400.8609s
	iters: 200, epoch: 8 | loss: 0.7447047
	speed: 0.1645s/iter; left time: 4235.9860s
Epoch: 8 cost time: 45.83590316772461
Epoch: 8, Steps: 279 | Train Loss: 0.7609243 Vali Loss: 0.7604657 Test Loss: 0.3560653
Validation loss decreased (0.773892 --> 0.760466).  Saving model ...
Updating learning rate to 5.904900000000001e-05
	iters: 100, epoch: 9 | loss: 0.7639830
	speed: 0.3636s/iter; left time: 9297.1532s
	iters: 200, epoch: 9 | loss: 0.8259735
	speed: 0.1645s/iter; left time: 4189.8093s
Epoch: 9 cost time: 45.83057165145874
Epoch: 9, Steps: 279 | Train Loss: 0.7435189 Vali Loss: 0.7511389 Test Loss: 0.3531722
Validation loss decreased (0.760466 --> 0.751139).  Saving model ...
Updating learning rate to 5.3144100000000005e-05
	iters: 100, epoch: 10 | loss: 0.7248670
	speed: 0.3632s/iter; left time: 9185.6096s
	iters: 200, epoch: 10 | loss: 0.8631309
	speed: 0.1645s/iter; left time: 4144.9957s
Epoch: 10 cost time: 45.843358755111694
Epoch: 10, Steps: 279 | Train Loss: 0.7297169 Vali Loss: 0.7423619 Test Loss: 0.3508306
Validation loss decreased (0.751139 --> 0.742362).  Saving model ...
Updating learning rate to 4.782969000000001e-05
	iters: 100, epoch: 11 | loss: 0.6953723
	speed: 0.3639s/iter; left time: 9101.0223s
	iters: 200, epoch: 11 | loss: 0.7700539
	speed: 0.1645s/iter; left time: 4098.8296s
Epoch: 11 cost time: 45.842962980270386
Epoch: 11, Steps: 279 | Train Loss: 0.7183262 Vali Loss: 0.7347622 Test Loss: 0.3488639
Validation loss decreased (0.742362 --> 0.734762).  Saving model ...
Updating learning rate to 4.304672100000001e-05
	iters: 100, epoch: 12 | loss: 0.6060415
	speed: 0.3638s/iter; left time: 8996.6788s
	iters: 200, epoch: 12 | loss: 0.7441484
	speed: 0.1646s/iter; left time: 4053.2850s
Epoch: 12 cost time: 45.85078430175781
Epoch: 12, Steps: 279 | Train Loss: 0.7091358 Vali Loss: 0.7290964 Test Loss: 0.3472332
Validation loss decreased (0.734762 --> 0.729096).  Saving model ...
Updating learning rate to 3.874204890000001e-05
	iters: 100, epoch: 13 | loss: 0.7313117
	speed: 0.3635s/iter; left time: 8889.8532s
	iters: 200, epoch: 13 | loss: 0.6796846
	speed: 0.1644s/iter; left time: 4003.7215s
Epoch: 13 cost time: 45.83389592170715
Epoch: 13, Steps: 279 | Train Loss: 0.7011649 Vali Loss: 0.7230733 Test Loss: 0.3458581
Validation loss decreased (0.729096 --> 0.723073).  Saving model ...
Updating learning rate to 3.486784401000001e-05
	iters: 100, epoch: 14 | loss: 0.7876954
	speed: 0.3638s/iter; left time: 8795.3344s
	iters: 200, epoch: 14 | loss: 0.6256162
	speed: 0.1644s/iter; left time: 3957.3580s
Epoch: 14 cost time: 45.83019423484802
Epoch: 14, Steps: 279 | Train Loss: 0.6947254 Vali Loss: 0.7201967 Test Loss: 0.3447087
Validation loss decreased (0.723073 --> 0.720197).  Saving model ...
Updating learning rate to 3.138105960900001e-05
	iters: 100, epoch: 15 | loss: 0.7957166
	speed: 0.3638s/iter; left time: 8693.8059s
	iters: 200, epoch: 15 | loss: 0.6294697
	speed: 0.1644s/iter; left time: 3910.7781s
Epoch: 15 cost time: 45.825974464416504
Epoch: 15, Steps: 279 | Train Loss: 0.6891030 Vali Loss: 0.7139847 Test Loss: 0.3437148
Validation loss decreased (0.720197 --> 0.713985).  Saving model ...
Updating learning rate to 2.824295364810001e-05
	iters: 100, epoch: 16 | loss: 0.6702453
	speed: 0.3635s/iter; left time: 8584.8477s
	iters: 200, epoch: 16 | loss: 0.7119848
	speed: 0.1644s/iter; left time: 3866.3033s
Epoch: 16 cost time: 45.85595178604126
Epoch: 16, Steps: 279 | Train Loss: 0.6842953 Vali Loss: 0.7116283 Test Loss: 0.3428690
Validation loss decreased (0.713985 --> 0.711628).  Saving model ...
Updating learning rate to 2.541865828329001e-05
	iters: 100, epoch: 17 | loss: 0.6772785
	speed: 0.3644s/iter; left time: 8503.4820s
	iters: 200, epoch: 17 | loss: 0.7186441
	speed: 0.1644s/iter; left time: 3819.9282s
Epoch: 17 cost time: 45.84633135795593
Epoch: 17, Steps: 279 | Train Loss: 0.6804415 Vali Loss: 0.7094021 Test Loss: 0.3421299
Validation loss decreased (0.711628 --> 0.709402).  Saving model ...
Updating learning rate to 2.287679245496101e-05
	iters: 100, epoch: 18 | loss: 0.6330180
	speed: 0.3645s/iter; left time: 8405.7317s
	iters: 200, epoch: 18 | loss: 0.7040341
	speed: 0.1643s/iter; left time: 3771.8466s
Epoch: 18 cost time: 45.832366943359375
Epoch: 18, Steps: 279 | Train Loss: 0.6771299 Vali Loss: 0.7065664 Test Loss: 0.3415161
Validation loss decreased (0.709402 --> 0.706566).  Saving model ...
Updating learning rate to 2.0589113209464907e-05
	iters: 100, epoch: 19 | loss: 0.5871002
	speed: 0.3640s/iter; left time: 8292.2767s
	iters: 200, epoch: 19 | loss: 0.6601240
	speed: 0.1642s/iter; left time: 3724.8857s
Epoch: 19 cost time: 45.81298565864563
Epoch: 19, Steps: 279 | Train Loss: 0.6741790 Vali Loss: 0.7043052 Test Loss: 0.3409645
Validation loss decreased (0.706566 --> 0.704305).  Saving model ...
Updating learning rate to 1.8530201888518416e-05
	iters: 100, epoch: 20 | loss: 0.6615398
	speed: 0.3659s/iter; left time: 8232.4484s
	iters: 200, epoch: 20 | loss: 0.7461661
	speed: 0.1643s/iter; left time: 3681.0638s
Epoch: 20 cost time: 45.83110547065735
Epoch: 20, Steps: 279 | Train Loss: 0.6715548 Vali Loss: 0.7025576 Test Loss: 0.3405021
Validation loss decreased (0.704305 --> 0.702558).  Saving model ...
Updating learning rate to 1.6677181699666577e-05
	iters: 100, epoch: 21 | loss: 0.7522673
	speed: 0.3659s/iter; left time: 8130.4499s
	iters: 200, epoch: 21 | loss: 0.6322958
	speed: 0.1643s/iter; left time: 3635.0538s
Epoch: 21 cost time: 45.81273794174194
Epoch: 21, Steps: 279 | Train Loss: 0.6693102 Vali Loss: 0.7019420 Test Loss: 0.3400929
Validation loss decreased (0.702558 --> 0.701942).  Saving model ...
Updating learning rate to 1.5009463529699919e-05
	iters: 100, epoch: 22 | loss: 0.6633677
	speed: 0.3642s/iter; left time: 7992.3659s
	iters: 200, epoch: 22 | loss: 0.6634061
	speed: 0.1643s/iter; left time: 3588.2757s
Epoch: 22 cost time: 45.82197618484497
Epoch: 22, Steps: 279 | Train Loss: 0.6674902 Vali Loss: 0.6999531 Test Loss: 0.3397309
Validation loss decreased (0.701942 --> 0.699953).  Saving model ...
Updating learning rate to 1.3508517176729929e-05
	iters: 100, epoch: 23 | loss: 0.6805569
	speed: 0.3637s/iter; left time: 7879.8255s
	iters: 200, epoch: 23 | loss: 0.6833014
	speed: 0.1642s/iter; left time: 3541.4958s
Epoch: 23 cost time: 45.802515506744385
Epoch: 23, Steps: 279 | Train Loss: 0.6654059 Vali Loss: 0.6992920 Test Loss: 0.3394147
Validation loss decreased (0.699953 --> 0.699292).  Saving model ...
Updating learning rate to 1.2157665459056936e-05
	iters: 100, epoch: 24 | loss: 0.6308004
	speed: 0.3640s/iter; left time: 7782.7388s
	iters: 200, epoch: 24 | loss: 0.6497428
	speed: 0.1644s/iter; left time: 3498.2610s
Epoch: 24 cost time: 45.84054350852966
Epoch: 24, Steps: 279 | Train Loss: 0.6640414 Vali Loss: 0.6986386 Test Loss: 0.3391404
Validation loss decreased (0.699292 --> 0.698639).  Saving model ...
Updating learning rate to 1.0941898913151242e-05
	iters: 100, epoch: 25 | loss: 0.8739925
	speed: 0.3648s/iter; left time: 7699.5903s
	iters: 200, epoch: 25 | loss: 0.6425666
	speed: 0.1644s/iter; left time: 3452.5415s
Epoch: 25 cost time: 45.837045669555664
Epoch: 25, Steps: 279 | Train Loss: 0.6628424 Vali Loss: 0.6979501 Test Loss: 0.3388940
Validation loss decreased (0.698639 --> 0.697950).  Saving model ...
Updating learning rate to 9.847709021836118e-06
	iters: 100, epoch: 26 | loss: 0.6633527
	speed: 0.3658s/iter; left time: 7618.1380s
	iters: 200, epoch: 26 | loss: 0.6940814
	speed: 0.1643s/iter; left time: 3404.4740s
Epoch: 26 cost time: 45.80107402801514
Epoch: 26, Steps: 279 | Train Loss: 0.6618191 Vali Loss: 0.6967046 Test Loss: 0.3386766
Validation loss decreased (0.697950 --> 0.696705).  Saving model ...
Updating learning rate to 8.862938119652508e-06
	iters: 100, epoch: 27 | loss: 0.7214764
	speed: 0.3655s/iter; left time: 7510.0486s
	iters: 200, epoch: 27 | loss: 0.6242986
	speed: 0.1643s/iter; left time: 3360.2648s
Epoch: 27 cost time: 45.82200264930725
Epoch: 27, Steps: 279 | Train Loss: 0.6605056 Vali Loss: 0.6965346 Test Loss: 0.3384846
Validation loss decreased (0.696705 --> 0.696535).  Saving model ...
Updating learning rate to 7.976644307687255e-06
	iters: 100, epoch: 28 | loss: 0.8031468
	speed: 0.3669s/iter; left time: 7435.4792s
	iters: 200, epoch: 28 | loss: 0.6460820
	speed: 0.1643s/iter; left time: 3314.0531s
Epoch: 28 cost time: 45.82612228393555
Epoch: 28, Steps: 279 | Train Loss: 0.6600160 Vali Loss: 0.6942945 Test Loss: 0.3383130
Validation loss decreased (0.696535 --> 0.694294).  Saving model ...
Updating learning rate to 7.178979876918531e-06
	iters: 100, epoch: 29 | loss: 0.6547935
	speed: 0.3650s/iter; left time: 7295.9650s
	iters: 200, epoch: 29 | loss: 0.7252333
	speed: 0.1643s/iter; left time: 3267.2752s
Epoch: 29 cost time: 45.81943702697754
Epoch: 29, Steps: 279 | Train Loss: 0.6588467 Vali Loss: 0.6940967 Test Loss: 0.3381577
Validation loss decreased (0.694294 --> 0.694097).  Saving model ...
Updating learning rate to 6.4610818892266776e-06
	iters: 100, epoch: 30 | loss: 0.6574287
	speed: 0.3649s/iter; left time: 7192.3741s
	iters: 200, epoch: 30 | loss: 0.5874222
	speed: 0.1644s/iter; left time: 3224.0575s
Epoch: 30 cost time: 45.850993633270264
Epoch: 30, Steps: 279 | Train Loss: 0.6581511 Vali Loss: 0.6943650 Test Loss: 0.3380266
EarlyStopping counter: 1 out of 20
Updating learning rate to 5.8149737003040096e-06
	iters: 100, epoch: 31 | loss: 0.6497939
	speed: 0.3635s/iter; left time: 7062.3560s
	iters: 200, epoch: 31 | loss: 0.6114830
	speed: 0.1651s/iter; left time: 3192.0549s
Epoch: 31 cost time: 46.02949523925781
Epoch: 31, Steps: 279 | Train Loss: 0.6576987 Vali Loss: 0.6930843 Test Loss: 0.3379048
Validation loss decreased (0.694097 --> 0.693084).  Saving model ...
Updating learning rate to 5.23347633027361e-06
	iters: 100, epoch: 32 | loss: 0.7018755
	speed: 0.3657s/iter; left time: 7003.9331s
	iters: 200, epoch: 32 | loss: 0.5965528
	speed: 0.1654s/iter; left time: 3151.4686s
Epoch: 32 cost time: 46.101606369018555
Epoch: 32, Steps: 279 | Train Loss: 0.6567972 Vali Loss: 0.6911548 Test Loss: 0.3377973
Validation loss decreased (0.693084 --> 0.691155).  Saving model ...
Updating learning rate to 4.710128697246249e-06
	iters: 100, epoch: 33 | loss: 0.7753931
	speed: 0.3665s/iter; left time: 6917.3550s
	iters: 200, epoch: 33 | loss: 0.6606426
	speed: 0.1659s/iter; left time: 3114.4528s
Epoch: 33 cost time: 46.227277517318726
Epoch: 33, Steps: 279 | Train Loss: 0.6564123 Vali Loss: 0.6922743 Test Loss: 0.3377052
EarlyStopping counter: 1 out of 20
Updating learning rate to 4.239115827521624e-06
	iters: 100, epoch: 34 | loss: 0.6040769
	speed: 0.3650s/iter; left time: 6786.4399s
	iters: 200, epoch: 34 | loss: 0.6187481
	speed: 0.1660s/iter; left time: 3069.2901s
Epoch: 34 cost time: 46.26881766319275
Epoch: 34, Steps: 279 | Train Loss: 0.6560824 Vali Loss: 0.6921893 Test Loss: 0.3376221
EarlyStopping counter: 2 out of 20
Updating learning rate to 3.815204244769462e-06
	iters: 100, epoch: 35 | loss: 0.6397157
	speed: 0.3652s/iter; left time: 6687.7644s
	iters: 200, epoch: 35 | loss: 0.5990675
	speed: 0.1660s/iter; left time: 3023.8162s
Epoch: 35 cost time: 46.306562423706055
Epoch: 35, Steps: 279 | Train Loss: 0.6558508 Vali Loss: 0.6912964 Test Loss: 0.3375462
EarlyStopping counter: 3 out of 20
Updating learning rate to 3.4336838202925152e-06
	iters: 100, epoch: 36 | loss: 0.7052619
	speed: 0.3658s/iter; left time: 6597.8260s
	iters: 200, epoch: 36 | loss: 0.7126260
	speed: 0.1663s/iter; left time: 2983.6533s
Epoch: 36 cost time: 46.363033056259155
Epoch: 36, Steps: 279 | Train Loss: 0.6553986 Vali Loss: 0.6912951 Test Loss: 0.3374789
EarlyStopping counter: 4 out of 20
Updating learning rate to 3.090315438263264e-06
	iters: 100, epoch: 37 | loss: 0.6002009
	speed: 0.3660s/iter; left time: 6499.6322s
	iters: 200, epoch: 37 | loss: 0.7635850
	speed: 0.1667s/iter; left time: 2943.8078s
Epoch: 37 cost time: 46.423020124435425
Epoch: 37, Steps: 279 | Train Loss: 0.6549503 Vali Loss: 0.6912846 Test Loss: 0.3374189
EarlyStopping counter: 5 out of 20
Updating learning rate to 2.7812838944369375e-06
	iters: 100, epoch: 38 | loss: 0.5799810
	speed: 0.3660s/iter; left time: 6396.1412s
	iters: 200, epoch: 38 | loss: 0.5742371
	speed: 0.1667s/iter; left time: 2896.9292s
Epoch: 38 cost time: 46.43768906593323
Epoch: 38, Steps: 279 | Train Loss: 0.6548426 Vali Loss: 0.6917853 Test Loss: 0.3373637
EarlyStopping counter: 6 out of 20
Updating learning rate to 2.503155504993244e-06
	iters: 100, epoch: 39 | loss: 0.6268365
	speed: 0.3668s/iter; left time: 6308.2150s
	iters: 200, epoch: 39 | loss: 0.7058065
	speed: 0.1669s/iter; left time: 2853.3319s
Epoch: 39 cost time: 46.48169493675232
Epoch: 39, Steps: 279 | Train Loss: 0.6544135 Vali Loss: 0.6904877 Test Loss: 0.3373169
Validation loss decreased (0.691155 --> 0.690488).  Saving model ...
Updating learning rate to 2.2528399544939195e-06
	iters: 100, epoch: 40 | loss: 0.7462088
	speed: 0.3676s/iter; left time: 6219.4800s
	iters: 200, epoch: 40 | loss: 0.6486956
	speed: 0.1661s/iter; left time: 2794.1288s
Epoch: 40 cost time: 46.2529091835022
Epoch: 40, Steps: 279 | Train Loss: 0.6545404 Vali Loss: 0.6908065 Test Loss: 0.3372718
EarlyStopping counter: 1 out of 20
Updating learning rate to 2.0275559590445276e-06
	iters: 100, epoch: 41 | loss: 0.6409517
	speed: 0.3640s/iter; left time: 6056.5876s
	iters: 200, epoch: 41 | loss: 0.5937719
	speed: 0.1656s/iter; left time: 2738.5509s
Epoch: 41 cost time: 46.104368448257446
Epoch: 41, Steps: 279 | Train Loss: 0.6541838 Vali Loss: 0.6907004 Test Loss: 0.3372342
EarlyStopping counter: 2 out of 20
Updating learning rate to 1.8248003631400751e-06
	iters: 100, epoch: 42 | loss: 0.6655968
	speed: 0.3637s/iter; left time: 5951.0775s
	iters: 200, epoch: 42 | loss: 0.6546736
	speed: 0.1653s/iter; left time: 2688.0020s
Epoch: 42 cost time: 46.04054069519043
Epoch: 42, Steps: 279 | Train Loss: 0.6535452 Vali Loss: 0.6909204 Test Loss: 0.3371986
EarlyStopping counter: 3 out of 20
Updating learning rate to 1.6423203268260676e-06
	iters: 100, epoch: 43 | loss: 0.6506523
	speed: 0.3633s/iter; left time: 5843.4315s
	iters: 200, epoch: 43 | loss: 0.6861287
	speed: 0.1651s/iter; left time: 2638.0386s
Epoch: 43 cost time: 45.97324776649475
Epoch: 43, Steps: 279 | Train Loss: 0.6536046 Vali Loss: 0.6909921 Test Loss: 0.3371689
EarlyStopping counter: 4 out of 20
Updating learning rate to 1.4780882941434609e-06
	iters: 100, epoch: 44 | loss: 0.6336092
	speed: 0.3627s/iter; left time: 5731.6528s
	iters: 200, epoch: 44 | loss: 0.6937974
	speed: 0.1649s/iter; left time: 2589.4456s
Epoch: 44 cost time: 45.936716079711914
Epoch: 44, Steps: 279 | Train Loss: 0.6534524 Vali Loss: 0.6900318 Test Loss: 0.3371412
Validation loss decreased (0.690488 --> 0.690032).  Saving model ...
Updating learning rate to 1.3302794647291146e-06
	iters: 100, epoch: 45 | loss: 0.5886177
	speed: 0.3671s/iter; left time: 5699.3256s
	iters: 200, epoch: 45 | loss: 0.6990898
	speed: 0.1646s/iter; left time: 2539.5806s
Epoch: 45 cost time: 45.88282227516174
Epoch: 45, Steps: 279 | Train Loss: 0.6533615 Vali Loss: 0.6903867 Test Loss: 0.3371179
EarlyStopping counter: 1 out of 20
Updating learning rate to 1.1972515182562034e-06
	iters: 100, epoch: 46 | loss: 0.6281120
	speed: 0.3628s/iter; left time: 5530.6068s
	iters: 200, epoch: 46 | loss: 0.6543777
	speed: 0.1647s/iter; left time: 2495.1450s
Epoch: 46 cost time: 45.90928053855896
Epoch: 46, Steps: 279 | Train Loss: 0.6533708 Vali Loss: 0.6916043 Test Loss: 0.3370942
EarlyStopping counter: 2 out of 20
Updating learning rate to 1.077526366430583e-06
	iters: 100, epoch: 47 | loss: 0.7047087
	speed: 0.3626s/iter; left time: 5426.8237s
	iters: 200, epoch: 47 | loss: 0.6519440
	speed: 0.1648s/iter; left time: 2449.7735s
Epoch: 47 cost time: 45.920705795288086
Epoch: 47, Steps: 279 | Train Loss: 0.6530387 Vali Loss: 0.6908185 Test Loss: 0.3370733
EarlyStopping counter: 3 out of 20
Updating learning rate to 9.697737297875248e-07
	iters: 100, epoch: 48 | loss: 0.6989512
	speed: 0.3627s/iter; left time: 5327.1515s
	iters: 200, epoch: 48 | loss: 0.7032493
	speed: 0.1647s/iter; left time: 2402.7086s
Epoch: 48 cost time: 45.90092372894287
Epoch: 48, Steps: 279 | Train Loss: 0.6532212 Vali Loss: 0.6904840 Test Loss: 0.3370554
EarlyStopping counter: 4 out of 20
Updating learning rate to 8.727963568087723e-07
	iters: 100, epoch: 49 | loss: 0.6940739
	speed: 0.3628s/iter; left time: 5227.8681s
	iters: 200, epoch: 49 | loss: 0.6554852
	speed: 0.1645s/iter; left time: 2353.8163s
Epoch: 49 cost time: 45.87243962287903
Epoch: 49, Steps: 279 | Train Loss: 0.6533415 Vali Loss: 0.6894544 Test Loss: 0.3370396
Validation loss decreased (0.690032 --> 0.689454).  Saving model ...
Updating learning rate to 7.855167211278951e-07
	iters: 100, epoch: 50 | loss: 0.6063971
	speed: 0.3644s/iter; left time: 5148.8166s
	iters: 200, epoch: 50 | loss: 0.6277401
	speed: 0.1645s/iter; left time: 2307.7380s
Epoch: 50 cost time: 45.88467884063721
Epoch: 50, Steps: 279 | Train Loss: 0.6531219 Vali Loss: 0.6902070 Test Loss: 0.3370247
EarlyStopping counter: 1 out of 20
Updating learning rate to 7.069650490151056e-07
	iters: 100, epoch: 51 | loss: 0.6190633
	speed: 0.3628s/iter; left time: 5025.3575s
	iters: 200, epoch: 51 | loss: 0.6141831
	speed: 0.1645s/iter; left time: 2262.1480s
Epoch: 51 cost time: 45.88585186004639
Epoch: 51, Steps: 279 | Train Loss: 0.6530498 Vali Loss: 0.6898864 Test Loss: 0.3370110
EarlyStopping counter: 2 out of 20
Updating learning rate to 6.36268544113595e-07
	iters: 100, epoch: 52 | loss: 0.7455705
	speed: 0.3629s/iter; left time: 4924.7686s
	iters: 200, epoch: 52 | loss: 0.7240556
	speed: 0.1645s/iter; left time: 2216.3321s
Epoch: 52 cost time: 45.87689709663391
Epoch: 52, Steps: 279 | Train Loss: 0.6530284 Vali Loss: 0.6904587 Test Loss: 0.3369998
EarlyStopping counter: 3 out of 20
Updating learning rate to 5.726416897022355e-07
	iters: 100, epoch: 53 | loss: 0.5567201
	speed: 0.3622s/iter; left time: 4815.2429s
	iters: 200, epoch: 53 | loss: 0.5746856
	speed: 0.1644s/iter; left time: 2169.5778s
Epoch: 53 cost time: 45.8583607673645
Epoch: 53, Steps: 279 | Train Loss: 0.6528545 Vali Loss: 0.6892637 Test Loss: 0.3369894
Validation loss decreased (0.689454 --> 0.689264).  Saving model ...
Updating learning rate to 5.15377520732012e-07
	iters: 100, epoch: 54 | loss: 0.7652653
	speed: 0.3642s/iter; left time: 4739.6314s
	iters: 200, epoch: 54 | loss: 0.6522862
	speed: 0.1645s/iter; left time: 2124.4573s
Epoch: 54 cost time: 45.872984409332275
Epoch: 54, Steps: 279 | Train Loss: 0.6527945 Vali Loss: 0.6906784 Test Loss: 0.3369800
EarlyStopping counter: 1 out of 20
Updating learning rate to 4.6383976865881085e-07
	iters: 100, epoch: 55 | loss: 0.7401978
	speed: 0.3627s/iter; left time: 4619.0835s
	iters: 200, epoch: 55 | loss: 0.6766681
	speed: 0.1645s/iter; left time: 2078.4887s
Epoch: 55 cost time: 45.880950927734375
Epoch: 55, Steps: 279 | Train Loss: 0.6526512 Vali Loss: 0.6874140 Test Loss: 0.3369708
Validation loss decreased (0.689264 --> 0.687414).  Saving model ...
Updating learning rate to 4.174557917929298e-07
	iters: 100, epoch: 56 | loss: 0.6954030
	speed: 0.3667s/iter; left time: 4567.1570s
	iters: 200, epoch: 56 | loss: 0.6826857
	speed: 0.1644s/iter; left time: 2031.3965s
Epoch: 56 cost time: 45.84851884841919
Epoch: 56, Steps: 279 | Train Loss: 0.6529091 Vali Loss: 0.6893667 Test Loss: 0.3369625
EarlyStopping counter: 1 out of 20
Updating learning rate to 3.7571021261363677e-07
	iters: 100, epoch: 57 | loss: 0.7354200
	speed: 0.3626s/iter; left time: 4414.8099s
	iters: 200, epoch: 57 | loss: 0.6916038
	speed: 0.1645s/iter; left time: 1986.5701s
Epoch: 57 cost time: 45.87766671180725
Epoch: 57, Steps: 279 | Train Loss: 0.6529077 Vali Loss: 0.6897919 Test Loss: 0.3369566
EarlyStopping counter: 2 out of 20
Updating learning rate to 3.381391913522731e-07
	iters: 100, epoch: 58 | loss: 0.7013307
	speed: 0.3624s/iter; left time: 4312.3588s
	iters: 200, epoch: 58 | loss: 0.6408263
	speed: 0.1645s/iter; left time: 1941.0633s
Epoch: 58 cost time: 45.87326383590698
Epoch: 58, Steps: 279 | Train Loss: 0.6525284 Vali Loss: 0.6908687 Test Loss: 0.3369497
EarlyStopping counter: 3 out of 20
Updating learning rate to 3.043252722170458e-07
	iters: 100, epoch: 59 | loss: 0.7449370
	speed: 0.3623s/iter; left time: 4209.7309s
	iters: 200, epoch: 59 | loss: 0.5641009
	speed: 0.1645s/iter; left time: 1894.4967s
Epoch: 59 cost time: 45.86340308189392
Epoch: 59, Steps: 279 | Train Loss: 0.6527831 Vali Loss: 0.6903825 Test Loss: 0.3369457
EarlyStopping counter: 4 out of 20
Updating learning rate to 2.7389274499534124e-07
	iters: 100, epoch: 60 | loss: 0.7265343
	speed: 0.3629s/iter; left time: 4115.3582s
	iters: 200, epoch: 60 | loss: 0.6055353
	speed: 0.1645s/iter; left time: 1848.4851s
Epoch: 60 cost time: 45.860142946243286
Epoch: 60, Steps: 279 | Train Loss: 0.6527513 Vali Loss: 0.6888807 Test Loss: 0.3369397
EarlyStopping counter: 5 out of 20
Updating learning rate to 2.465034704958071e-07
	iters: 100, epoch: 61 | loss: 0.6629333
	speed: 0.3629s/iter; left time: 4013.7107s
	iters: 200, epoch: 61 | loss: 0.5973124
	speed: 0.1646s/iter; left time: 1803.6365s
Epoch: 61 cost time: 45.86947560310364
Epoch: 61, Steps: 279 | Train Loss: 0.6528085 Vali Loss: 0.6900456 Test Loss: 0.3369355
EarlyStopping counter: 6 out of 20
Updating learning rate to 2.218531234462264e-07
	iters: 100, epoch: 62 | loss: 0.6849056
	speed: 0.3632s/iter; left time: 3915.9368s
	iters: 200, epoch: 62 | loss: 0.7460316
	speed: 0.1646s/iter; left time: 1758.0780s
Epoch: 62 cost time: 45.86898231506348
Epoch: 62, Steps: 279 | Train Loss: 0.6527813 Vali Loss: 0.6892357 Test Loss: 0.3369316
EarlyStopping counter: 7 out of 20
Updating learning rate to 1.9966781110160376e-07
	iters: 100, epoch: 63 | loss: 0.7270571
	speed: 0.3634s/iter; left time: 3817.0509s
	iters: 200, epoch: 63 | loss: 0.5885972
	speed: 0.1645s/iter; left time: 1710.8937s
Epoch: 63 cost time: 45.85707688331604
Epoch: 63, Steps: 279 | Train Loss: 0.6525856 Vali Loss: 0.6890839 Test Loss: 0.3369295
EarlyStopping counter: 8 out of 20
Updating learning rate to 1.797010299914434e-07
	iters: 100, epoch: 64 | loss: 0.6498278
	speed: 0.3640s/iter; left time: 3722.0312s
	iters: 200, epoch: 64 | loss: 0.6082064
	speed: 0.1644s/iter; left time: 1664.4472s
Epoch: 64 cost time: 45.84223461151123
Epoch: 64, Steps: 279 | Train Loss: 0.6526602 Vali Loss: 0.6890793 Test Loss: 0.3369269
EarlyStopping counter: 9 out of 20
Updating learning rate to 1.6173092699229907e-07
	iters: 100, epoch: 65 | loss: 0.6156722
	speed: 0.3632s/iter; left time: 3612.1734s
	iters: 200, epoch: 65 | loss: 0.5978003
	speed: 0.1645s/iter; left time: 1619.0916s
Epoch: 65 cost time: 45.8587281703949
Epoch: 65, Steps: 279 | Train Loss: 0.6527470 Vali Loss: 0.6897177 Test Loss: 0.3369245
EarlyStopping counter: 10 out of 20
Updating learning rate to 1.4555783429306916e-07
	iters: 100, epoch: 66 | loss: 0.6926091
	speed: 0.3621s/iter; left time: 3500.3071s
	iters: 200, epoch: 66 | loss: 0.7297522
	speed: 0.1643s/iter; left time: 1572.0899s
Epoch: 66 cost time: 45.83129644393921
Epoch: 66, Steps: 279 | Train Loss: 0.6522174 Vali Loss: 0.6896015 Test Loss: 0.3369218
EarlyStopping counter: 11 out of 20
Updating learning rate to 1.3100205086376224e-07
	iters: 100, epoch: 67 | loss: 0.5961186
	speed: 0.3622s/iter; left time: 3400.0894s
	iters: 200, epoch: 67 | loss: 0.7532505
	speed: 0.1643s/iter; left time: 1525.9070s
Epoch: 67 cost time: 45.82736682891846
Epoch: 67, Steps: 279 | Train Loss: 0.6527396 Vali Loss: 0.6909124 Test Loss: 0.3369200
EarlyStopping counter: 12 out of 20
Updating learning rate to 1.1790184577738603e-07
	iters: 100, epoch: 68 | loss: 0.5829760
	speed: 0.3624s/iter; left time: 3300.6272s
	iters: 200, epoch: 68 | loss: 0.6707017
	speed: 0.1644s/iter; left time: 1480.6617s
Epoch: 68 cost time: 45.845539569854736
Epoch: 68, Steps: 279 | Train Loss: 0.6526496 Vali Loss: 0.6891963 Test Loss: 0.3369191
EarlyStopping counter: 13 out of 20
Updating learning rate to 1.0611166119964742e-07
	iters: 100, epoch: 69 | loss: 0.6278418
	speed: 0.3621s/iter; left time: 3196.6646s
	iters: 200, epoch: 69 | loss: 0.7247917
	speed: 0.1644s/iter; left time: 1435.4303s
Epoch: 69 cost time: 45.852935791015625
Epoch: 69, Steps: 279 | Train Loss: 0.6522023 Vali Loss: 0.6881474 Test Loss: 0.3369181
EarlyStopping counter: 14 out of 20
Updating learning rate to 9.550049507968268e-08
	iters: 100, epoch: 70 | loss: 0.7187332
	speed: 0.3620s/iter; left time: 3095.3871s
	iters: 200, epoch: 70 | loss: 0.6841328
	speed: 0.1645s/iter; left time: 1389.7108s
Epoch: 70 cost time: 45.85899090766907
Epoch: 70, Steps: 279 | Train Loss: 0.6525679 Vali Loss: 0.6906238 Test Loss: 0.3369172
EarlyStopping counter: 15 out of 20
Updating learning rate to 8.595044557171442e-08
	iters: 100, epoch: 71 | loss: 0.6884277
	speed: 0.3626s/iter; left time: 2999.2088s
	iters: 200, epoch: 71 | loss: 0.6550112
	speed: 0.1644s/iter; left time: 1343.1628s
Epoch: 71 cost time: 45.836507081985474
Epoch: 71, Steps: 279 | Train Loss: 0.6524112 Vali Loss: 0.6893919 Test Loss: 0.3369156
EarlyStopping counter: 16 out of 20
Updating learning rate to 7.735540101454298e-08
	iters: 100, epoch: 72 | loss: 0.5886362
	speed: 0.3621s/iter; left time: 2894.2066s
	iters: 200, epoch: 72 | loss: 0.5968637
	speed: 0.1643s/iter; left time: 1296.9718s
Epoch: 72 cost time: 45.84042263031006
Epoch: 72, Steps: 279 | Train Loss: 0.6524387 Vali Loss: 0.6885493 Test Loss: 0.3369145
EarlyStopping counter: 17 out of 20
Updating learning rate to 6.961986091308869e-08
	iters: 100, epoch: 73 | loss: 0.7059024
	speed: 0.3622s/iter; left time: 2793.6373s
	iters: 200, epoch: 73 | loss: 0.7390032
	speed: 0.1644s/iter; left time: 1251.4826s
Epoch: 73 cost time: 45.842252254486084
Epoch: 73, Steps: 279 | Train Loss: 0.6527114 Vali Loss: 0.6900606 Test Loss: 0.3369153
EarlyStopping counter: 18 out of 20
Updating learning rate to 6.265787482177981e-08
	iters: 100, epoch: 74 | loss: 0.6300194
	speed: 0.3622s/iter; left time: 2692.3283s
	iters: 200, epoch: 74 | loss: 0.7378644
	speed: 0.1644s/iter; left time: 1205.8563s
Epoch: 74 cost time: 45.85256314277649
Epoch: 74, Steps: 279 | Train Loss: 0.6525090 Vali Loss: 0.6905519 Test Loss: 0.3369132
EarlyStopping counter: 19 out of 20
Updating learning rate to 5.639208733960184e-08
	iters: 100, epoch: 75 | loss: 0.7456082
	speed: 0.3625s/iter; left time: 2593.8774s
	iters: 200, epoch: 75 | loss: 0.6038882
	speed: 0.1644s/iter; left time: 1159.8197s
Epoch: 75 cost time: 45.85757517814636
Epoch: 75, Steps: 279 | Train Loss: 0.6526624 Vali Loss: 0.6884000 Test Loss: 0.3369135
EarlyStopping counter: 20 out of 20
Early stopping
>>>>>>>testing : NL_weather_flatten_lr0.001_always_336_720_PatchTST_custom_ftM_sl336_ll48_pl720_dm128_nh16_el3_dl1_df256_fc1_ebtimeF_dtTruelr0.001_polalways_Nested_Learning_0<<<<<<<<<<<<<<<<<<<<<<<<<<<<<<<<<
test 9820
 Ejecutando Inferencia DINÁMICA (Nested Learning con flatten)
  -> Política: always | LR: 0.001 | Target: head

RESUMEN: El CMS se actualizó 76 veces de 76 posibles.

mse:0.33664098381996155, mae:0.34928739070892334, rse:0.7654237151145935
