==========================================================
SÚPER ARRAY TFG - TAREA ID: 63 / 113
Nodo: dionisio
Dataset: ettm2 | Experimento: NL_ettm2_cms_lr0.0001_always
Cabeza: cms | LR: 0.0001 | Política: always
==========================================================
Args in experiment:
Namespace(random_seed=2021, is_training=1, model_id='NL_ettm2_cms_lr0.0001_always_336_96', model='PatchTST', data='ETTm2', root_path='./dataset/', data_path='ETTm2.csv', features='M', target='OT', freq='h', checkpoints='./checkpoints/', seq_len=336, label_len=48, pred_len=96, head_type='cms', cms_lr=0.0001, update_policy='always', fc_dropout=0.2, head_dropout=0.0, patch_len=16, stride=8, padding_patch='end', revin=1, affine=0, subtract_last=0, decomposition=0, kernel_size=25, individual=0, embed_type=0, enc_in=7, dec_in=7, c_out=7, d_model=128, n_heads=16, e_layers=3, d_layers=1, d_ff=256, moving_avg=25, factor=1, distil=True, dropout=0.2, embed='timeF', activation='gelu', output_attention=False, do_predict=False, num_workers=0, itr=1, train_epochs=100, batch_size=128, patience=20, learning_rate=0.0001, des='Nested_Learning', loss='mse', lradj='TST', pct_start=0.4, use_amp=False, use_gpu=True, gpu=0, use_multi_gpu=False, devices='0,1,2,3', test_flop=False)
Use GPU: cuda:0
>>>>>>>start training : NL_ettm2_cms_lr0.0001_always_336_96_PatchTST_ETTm2_ftM_sl336_ll48_pl96_dm128_nh16_el3_dl1_df256_fc1_ebtimeF_dtTruelr0.0001_polalways_Nested_Learning_0>>>>>>>>>>>>>>>>>>>>>>>>>>
train 34129
val 11425
test 11425
	iters: 100, epoch: 1 | loss: 0.4583367
	speed: 0.0726s/iter; left time: 1923.2450s
	iters: 200, epoch: 1 | loss: 0.3033051
	speed: 0.0500s/iter; left time: 1318.7847s
Epoch: 1 cost time: 13.64416241645813
Epoch: 1, Steps: 266 | Train Loss: 0.3985348 Vali Loss: 0.2079911 Test Loss: 0.2796274
Validation loss decreased (inf --> 0.207991).  Saving model ...
Updating learning rate to 4.147995783958166e-06
	iters: 100, epoch: 2 | loss: 0.3365045
	speed: 0.1187s/iter; left time: 3114.6094s
	iters: 200, epoch: 2 | loss: 0.3936364
	speed: 0.0506s/iter; left time: 1323.1553s
Epoch: 2 cost time: 13.462299823760986
Epoch: 2, Steps: 266 | Train Loss: 0.3977404 Vali Loss: 0.2076668 Test Loss: 0.2791586
Validation loss decreased (0.207991 --> 0.207667).  Saving model ...
Updating learning rate to 4.591070521163098e-06
	iters: 100, epoch: 3 | loss: 0.4484542
	speed: 0.1193s/iter; left time: 3098.4949s
	iters: 200, epoch: 3 | loss: 0.3939674
	speed: 0.0509s/iter; left time: 1315.5928s
Epoch: 3 cost time: 13.53415822982788
Epoch: 3, Steps: 266 | Train Loss: 0.3973552 Vali Loss: 0.2072759 Test Loss: 0.2786480
Validation loss decreased (0.207667 --> 0.207276).  Saving model ...
Updating learning rate to 5.326491995236255e-06
	iters: 100, epoch: 4 | loss: 0.4275148
	speed: 0.1192s/iter; left time: 3063.5458s
	iters: 200, epoch: 4 | loss: 0.3759258
	speed: 0.0509s/iter; left time: 1303.1449s
Epoch: 4 cost time: 13.541900873184204
Epoch: 4, Steps: 266 | Train Loss: 0.3966814 Vali Loss: 0.2067754 Test Loss: 0.2780674
Validation loss decreased (0.207276 --> 0.206775).  Saving model ...
Updating learning rate to 6.349725236277868e-06
	iters: 100, epoch: 5 | loss: 0.4083134
	speed: 0.1194s/iter; left time: 3035.9330s
	iters: 200, epoch: 5 | loss: 0.6341093
	speed: 0.0509s/iter; left time: 1290.2935s
Epoch: 5 cost time: 13.550092220306396
Epoch: 5, Steps: 266 | Train Loss: 0.3956351 Vali Loss: 0.2063290 Test Loss: 0.2773679
Validation loss decreased (0.206775 --> 0.206329).  Saving model ...
Updating learning rate to 7.654460485717921e-06
	iters: 100, epoch: 6 | loss: 0.3586916
	speed: 0.1193s/iter; left time: 3003.7644s
	iters: 200, epoch: 6 | loss: 0.2644888
	speed: 0.0510s/iter; left time: 1277.4695s
Epoch: 6 cost time: 13.551364660263062
Epoch: 6, Steps: 266 | Train Loss: 0.3941654 Vali Loss: 0.2058289 Test Loss: 0.2765366
Validation loss decreased (0.206329 --> 0.205829).  Saving model ...
Updating learning rate to 9.232652105385623e-06
	iters: 100, epoch: 7 | loss: 0.4468125
	speed: 0.1193s/iter; left time: 2972.2742s
	iters: 200, epoch: 7 | loss: 0.4415606
	speed: 0.0510s/iter; left time: 1265.4153s
Epoch: 7 cost time: 13.569414854049683
Epoch: 7, Steps: 266 | Train Loss: 0.3933386 Vali Loss: 0.2050232 Test Loss: 0.2755769
Validation loss decreased (0.205829 --> 0.205023).  Saving model ...
Updating learning rate to 1.1074568190864783e-05
	iters: 100, epoch: 8 | loss: 0.3419780
	speed: 0.1195s/iter; left time: 2943.1613s
	iters: 200, epoch: 8 | loss: 0.3666763
	speed: 0.0510s/iter; left time: 1252.0757s
Epoch: 8 cost time: 13.570685386657715
Epoch: 8, Steps: 266 | Train Loss: 0.3914265 Vali Loss: 0.2041248 Test Loss: 0.2744374
Validation loss decreased (0.205023 --> 0.204125).  Saving model ...
Updating learning rate to 1.316885058319476e-05
	iters: 100, epoch: 9 | loss: 0.2964098
	speed: 0.1198s/iter; left time: 2920.4062s
	iters: 200, epoch: 9 | loss: 0.4350878
	speed: 0.0510s/iter; left time: 1237.8204s
Epoch: 9 cost time: 13.56753396987915
Epoch: 9, Steps: 266 | Train Loss: 0.3897278 Vali Loss: 0.2032208 Test Loss: 0.2731513
Validation loss decreased (0.204125 --> 0.203221).  Saving model ...
Updating learning rate to 1.5502584908855415e-05
	iters: 100, epoch: 10 | loss: 0.3553106
	speed: 0.1195s/iter; left time: 2879.9133s
	iters: 200, epoch: 10 | loss: 0.4435201
	speed: 0.0510s/iter; left time: 1224.1010s
Epoch: 10 cost time: 13.565863609313965
Epoch: 10, Steps: 266 | Train Loss: 0.3870784 Vali Loss: 0.2021623 Test Loss: 0.2716223
Validation loss decreased (0.203221 --> 0.202162).  Saving model ...
Updating learning rate to 1.806138021613527e-05
	iters: 100, epoch: 11 | loss: 0.3366755
	speed: 0.1197s/iter; left time: 2854.3601s
	iters: 200, epoch: 11 | loss: 0.3375104
	speed: 0.0510s/iter; left time: 1211.1891s
Epoch: 11 cost time: 13.578087568283081
Epoch: 11, Steps: 266 | Train Loss: 0.3850295 Vali Loss: 0.2008296 Test Loss: 0.2699012
Validation loss decreased (0.202162 --> 0.200830).  Saving model ...
Updating learning rate to 2.0829457716805565e-05
	iters: 100, epoch: 12 | loss: 0.3032229
	speed: 0.1195s/iter; left time: 2816.9641s
	iters: 200, epoch: 12 | loss: 0.4613373
	speed: 0.0510s/iter; left time: 1198.3300s
Epoch: 12 cost time: 13.578584909439087
Epoch: 12, Steps: 266 | Train Loss: 0.3818528 Vali Loss: 0.1993155 Test Loss: 0.2679143
Validation loss decreased (0.200830 --> 0.199316).  Saving model ...
Updating learning rate to 2.3789748085875986e-05
	iters: 100, epoch: 13 | loss: 0.3539132
	speed: 0.1197s/iter; left time: 2790.6735s
	iters: 200, epoch: 13 | loss: 0.4339253
	speed: 0.0511s/iter; left time: 1185.6509s
Epoch: 13 cost time: 13.58406138420105
Epoch: 13, Steps: 266 | Train Loss: 0.3784342 Vali Loss: 0.1975196 Test Loss: 0.2656351
Validation loss decreased (0.199316 --> 0.197520).  Saving model ...
Updating learning rate to 2.6923996719433387e-05
	iters: 100, epoch: 14 | loss: 0.2788863
	speed: 0.1196s/iter; left time: 2755.7427s
	iters: 200, epoch: 14 | loss: 0.2528181
	speed: 0.0512s/iter; left time: 1173.6280s
Epoch: 14 cost time: 13.599858045578003
Epoch: 14, Steps: 266 | Train Loss: 0.3750645 Vali Loss: 0.1954892 Test Loss: 0.2630361
Validation loss decreased (0.197520 --> 0.195489).  Saving model ...
Updating learning rate to 3.021287630149266e-05
	iters: 100, epoch: 15 | loss: 0.3531501
	speed: 0.1198s/iter; left time: 2728.4558s
	iters: 200, epoch: 15 | loss: 0.3937299
	speed: 0.0512s/iter; left time: 1160.8368s
Epoch: 15 cost time: 13.609939336776733
Epoch: 15, Steps: 266 | Train Loss: 0.3701256 Vali Loss: 0.1932944 Test Loss: 0.2600366
Validation loss decreased (0.195489 --> 0.193294).  Saving model ...
Updating learning rate to 3.363610598571669e-05
	iters: 100, epoch: 16 | loss: 0.4941242
	speed: 0.1200s/iter; left time: 2701.9181s
	iters: 200, epoch: 16 | loss: 0.4321318
	speed: 0.0513s/iter; left time: 1149.4876s
Epoch: 16 cost time: 13.62656855583191
Epoch: 16, Steps: 266 | Train Loss: 0.3659371 Vali Loss: 0.1906319 Test Loss: 0.2567093
Validation loss decreased (0.193294 --> 0.190632).  Saving model ...
Updating learning rate to 3.717257645707274e-05
	iters: 100, epoch: 17 | loss: 0.2951262
	speed: 0.1199s/iter; left time: 2668.1372s
	iters: 200, epoch: 17 | loss: 0.3064099
	speed: 0.0513s/iter; left time: 1136.3226s
Epoch: 17 cost time: 13.646618604660034
Epoch: 17, Steps: 266 | Train Loss: 0.3610322 Vali Loss: 0.1875897 Test Loss: 0.2529534
Validation loss decreased (0.190632 --> 0.187590).  Saving model ...
Updating learning rate to 4.08004801022336e-05
	iters: 100, epoch: 18 | loss: 0.2356249
	speed: 0.1199s/iter; left time: 2635.7866s
	iters: 200, epoch: 18 | loss: 0.4886625
	speed: 0.0514s/iter; left time: 1123.7107s
Epoch: 18 cost time: 13.659730434417725
Epoch: 18, Steps: 266 | Train Loss: 0.3543944 Vali Loss: 0.1841919 Test Loss: 0.2487084
Validation loss decreased (0.187590 --> 0.184192).  Saving model ...
Updating learning rate to 4.4497445486028815e-05
	iters: 100, epoch: 19 | loss: 0.4636256
	speed: 0.1203s/iter; left time: 2612.0500s
	iters: 200, epoch: 19 | loss: 0.3393773
	speed: 0.0515s/iter; left time: 1112.1836s
Epoch: 19 cost time: 13.66467547416687
Epoch: 19, Steps: 266 | Train Loss: 0.3480445 Vali Loss: 0.1805944 Test Loss: 0.2441526
Validation loss decreased (0.184192 --> 0.180594).  Saving model ...
Updating learning rate to 4.8240675304698384e-05
	iters: 100, epoch: 20 | loss: 0.2936177
	speed: 0.1210s/iter; left time: 2595.7277s
	iters: 200, epoch: 20 | loss: 0.5864898
	speed: 0.0515s/iter; left time: 1099.2954s
Epoch: 20 cost time: 13.672976016998291
Epoch: 20, Steps: 266 | Train Loss: 0.3402396 Vali Loss: 0.1767304 Test Loss: 0.2392032
Validation loss decreased (0.180594 --> 0.176730).  Saving model ...
Updating learning rate to 5.2007086965261054e-05
	iters: 100, epoch: 21 | loss: 0.2933745
	speed: 0.1202s/iter; left time: 2546.5643s
	iters: 200, epoch: 21 | loss: 0.3408096
	speed: 0.0515s/iter; left time: 1085.4054s
Epoch: 21 cost time: 13.686438798904419
Epoch: 21, Steps: 266 | Train Loss: 0.3318485 Vali Loss: 0.1723152 Test Loss: 0.2339397
Validation loss decreased (0.176730 --> 0.172315).  Saving model ...
Updating learning rate to 5.5773454924116216e-05
	iters: 100, epoch: 22 | loss: 0.2847556
	speed: 0.1203s/iter; left time: 2515.8938s
	iters: 200, epoch: 22 | loss: 0.3062212
	speed: 0.0515s/iter; left time: 1072.7891s
Epoch: 22 cost time: 13.684891700744629
Epoch: 22, Steps: 266 | Train Loss: 0.3233682 Vali Loss: 0.1679112 Test Loss: 0.2283319
Validation loss decreased (0.172315 --> 0.167911).  Saving model ...
Updating learning rate to 5.95165539071495e-05
	iters: 100, epoch: 23 | loss: 0.2531656
	speed: 0.1207s/iter; left time: 2492.2347s
	iters: 200, epoch: 23 | loss: 0.3479969
	speed: 0.0516s/iter; left time: 1059.5050s
Epoch: 23 cost time: 13.693225860595703
Epoch: 23, Steps: 266 | Train Loss: 0.3142339 Vali Loss: 0.1634182 Test Loss: 0.2225771
Validation loss decreased (0.167911 --> 0.163418).  Saving model ...
Updating learning rate to 6.321330212817643e-05
	iters: 100, epoch: 24 | loss: 0.3153426
	speed: 0.1202s/iter; left time: 2450.8253s
	iters: 200, epoch: 24 | loss: 0.2254812
	speed: 0.0515s/iter; left time: 1045.3565s
Epoch: 24 cost time: 13.692041397094727
Epoch: 24, Steps: 266 | Train Loss: 0.3044138 Vali Loss: 0.1587955 Test Loss: 0.2167126
Validation loss decreased (0.163418 --> 0.158796).  Saving model ...
Updating learning rate to 6.684090362256924e-05
	iters: 100, epoch: 25 | loss: 0.2682559
	speed: 0.1202s/iter; left time: 2418.8170s
	iters: 200, epoch: 25 | loss: 0.2615476
	speed: 0.0515s/iter; left time: 1031.2234s
Epoch: 25 cost time: 13.696001768112183
Epoch: 25, Steps: 266 | Train Loss: 0.2943900 Vali Loss: 0.1543078 Test Loss: 0.2108194
Validation loss decreased (0.158796 --> 0.154308).  Saving model ...
Updating learning rate to 7.037698881836747e-05
	iters: 100, epoch: 26 | loss: 0.1948596
	speed: 0.1204s/iter; left time: 2390.0843s
	iters: 200, epoch: 26 | loss: 0.2000192
	speed: 0.0516s/iter; left time: 1018.1775s
Epoch: 26 cost time: 13.699747562408447
Epoch: 26, Steps: 266 | Train Loss: 0.2843346 Vali Loss: 0.1498693 Test Loss: 0.2049364
Validation loss decreased (0.154308 --> 0.149869).  Saving model ...
Updating learning rate to 7.379975247804219e-05
	iters: 100, epoch: 27 | loss: 0.2211474
	speed: 0.1204s/iter; left time: 2357.3178s
	iters: 200, epoch: 27 | loss: 0.2471760
	speed: 0.0516s/iter; left time: 1005.3616s
Epoch: 27 cost time: 13.707892894744873
Epoch: 27, Steps: 266 | Train Loss: 0.2742345 Vali Loss: 0.1454952 Test Loss: 0.1990875
Validation loss decreased (0.149869 --> 0.145495).  Saving model ...
Updating learning rate to 7.70880881602968e-05
	iters: 100, epoch: 28 | loss: 0.3120237
	speed: 0.1204s/iter; left time: 2325.3668s
	iters: 200, epoch: 28 | loss: 0.2126841
	speed: 0.0516s/iter; left time: 991.0589s
Epoch: 28 cost time: 13.698801517486572
Epoch: 28, Steps: 266 | Train Loss: 0.2642964 Vali Loss: 0.1414582 Test Loss: 0.1936400
Validation loss decreased (0.145495 --> 0.141458).  Saving model ...
Updating learning rate to 8.02217183727475e-05
	iters: 100, epoch: 29 | loss: 0.2911326
	speed: 0.1204s/iter; left time: 2294.0996s
	iters: 200, epoch: 29 | loss: 0.1747252
	speed: 0.0515s/iter; left time: 976.2074s
Epoch: 29 cost time: 13.69985818862915
Epoch: 29, Steps: 266 | Train Loss: 0.2546967 Vali Loss: 0.1381470 Test Loss: 0.1887633
Validation loss decreased (0.141458 --> 0.138147).  Saving model ...
Updating learning rate to 8.318131961289731e-05
	iters: 100, epoch: 30 | loss: 0.2317751
	speed: 0.1207s/iter; left time: 2267.6548s
	iters: 200, epoch: 30 | loss: 0.2534581
	speed: 0.0516s/iter; left time: 963.7799s
Epoch: 30 cost time: 13.710323810577393
Epoch: 30, Steps: 266 | Train Loss: 0.2462419 Vali Loss: 0.1348388 Test Loss: 0.1843161
Validation loss decreased (0.138147 --> 0.134839).  Saving model ...
Updating learning rate to 8.59486415263404e-05
	iters: 100, epoch: 31 | loss: 0.2742965
	speed: 0.1205s/iter; left time: 2232.0438s
	iters: 200, epoch: 31 | loss: 0.2428529
	speed: 0.0516s/iter; left time: 950.3403s
Epoch: 31 cost time: 13.712872982025146
Epoch: 31, Steps: 266 | Train Loss: 0.2385142 Vali Loss: 0.1321701 Test Loss: 0.1806122
Validation loss decreased (0.134839 --> 0.132170).  Saving model ...
Updating learning rate to 8.850661944740828e-05
	iters: 100, epoch: 32 | loss: 0.1735350
	speed: 0.1205s/iter; left time: 2200.3943s
	iters: 200, epoch: 32 | loss: 0.1628092
	speed: 0.0516s/iter; left time: 936.2666s
Epoch: 32 cost time: 13.718464374542236
Epoch: 32, Steps: 266 | Train Loss: 0.2319450 Vali Loss: 0.1295904 Test Loss: 0.1773924
Validation loss decreased (0.132170 --> 0.129590).  Saving model ...
Updating learning rate to 9.083947962827694e-05
	iters: 100, epoch: 33 | loss: 0.2254578
	speed: 0.1206s/iter; left time: 2168.9508s
	iters: 200, epoch: 33 | loss: 0.2168323
	speed: 0.0516s/iter; left time: 923.5799s
Epoch: 33 cost time: 13.721398830413818
Epoch: 33, Steps: 266 | Train Loss: 0.2266780 Vali Loss: 0.1276316 Test Loss: 0.1748915
Validation loss decreased (0.129590 --> 0.127632).  Saving model ...
Updating learning rate to 9.293283650764084e-05
	iters: 100, epoch: 34 | loss: 0.1742741
	speed: 0.1210s/iter; left time: 2145.0201s
	iters: 200, epoch: 34 | loss: 0.2287403
	speed: 0.0516s/iter; left time: 909.2556s
Epoch: 34 cost time: 13.710915088653564
Epoch: 34, Steps: 266 | Train Loss: 0.2222029 Vali Loss: 0.1259498 Test Loss: 0.1729627
Validation loss decreased (0.127632 --> 0.125950).  Saving model ...
Updating learning rate to 9.477378141914727e-05
	iters: 100, epoch: 35 | loss: 0.1813445
	speed: 0.1206s/iter; left time: 2104.9352s
	iters: 200, epoch: 35 | loss: 0.2071620
	speed: 0.0517s/iter; left time: 896.4945s
Epoch: 35 cost time: 13.73391318321228
Epoch: 35, Steps: 266 | Train Loss: 0.2181455 Vali Loss: 0.1247909 Test Loss: 0.1715470
Validation loss decreased (0.125950 --> 0.124791).  Saving model ...
Updating learning rate to 9.635096219257111e-05
	iters: 100, epoch: 36 | loss: 0.1892620
	speed: 0.1207s/iter; left time: 2075.3480s
	iters: 200, epoch: 36 | loss: 0.2235570
	speed: 0.0516s/iter; left time: 882.2046s
Epoch: 36 cost time: 13.722321510314941
Epoch: 36, Steps: 266 | Train Loss: 0.2155790 Vali Loss: 0.1235298 Test Loss: 0.1706648
Validation loss decreased (0.124791 --> 0.123530).  Saving model ...
Updating learning rate to 9.765465315687045e-05
	iters: 100, epoch: 37 | loss: 0.1972140
	speed: 0.1210s/iter; left time: 2047.5273s
	iters: 200, epoch: 37 | loss: 0.1722974
	speed: 0.0516s/iter; left time: 868.8315s
Epoch: 37 cost time: 13.73302435874939
Epoch: 37, Steps: 266 | Train Loss: 0.2133875 Vali Loss: 0.1228015 Test Loss: 0.1697995
Validation loss decreased (0.123530 --> 0.122802).  Saving model ...
Updating learning rate to 9.867681511344941e-05
	iters: 100, epoch: 38 | loss: 0.2002882
	speed: 0.1207s/iter; left time: 2011.4829s
	iters: 200, epoch: 38 | loss: 0.2038061
	speed: 0.0517s/iter; left time: 856.2142s
Epoch: 38 cost time: 13.736808776855469
Epoch: 38, Steps: 266 | Train Loss: 0.2111872 Vali Loss: 0.1223538 Test Loss: 0.1691018
Validation loss decreased (0.122802 --> 0.122354).  Saving model ...
Updating learning rate to 9.941114490980398e-05
	iters: 100, epoch: 39 | loss: 0.1752963
	speed: 0.1210s/iter; left time: 1983.0916s
	iters: 200, epoch: 39 | loss: 0.1682240
	speed: 0.0518s/iter; left time: 843.5525s
Epoch: 39 cost time: 13.769760847091675
Epoch: 39, Steps: 266 | Train Loss: 0.2095933 Vali Loss: 0.1218055 Test Loss: 0.1687830
Validation loss decreased (0.122354 --> 0.121805).  Saving model ...
Updating learning rate to 9.98531143078552e-05
	iters: 100, epoch: 40 | loss: 0.1423751
	speed: 0.1210s/iter; left time: 1951.6195s
	iters: 200, epoch: 40 | loss: 0.1900026
	speed: 0.0519s/iter; left time: 831.2362s
Epoch: 40 cost time: 13.781996965408325
Epoch: 40, Steps: 266 | Train Loss: 0.2075889 Vali Loss: 0.1216789 Test Loss: 0.1686076
Validation loss decreased (0.121805 --> 0.121679).  Saving model ...
Updating learning rate to 9.999999903133806e-05
	iters: 100, epoch: 41 | loss: 0.2232662
	speed: 0.1211s/iter; left time: 1920.7633s
	iters: 200, epoch: 41 | loss: 0.1507255
	speed: 0.0518s/iter; left time: 817.0263s
Epoch: 41 cost time: 13.773967504501343
Epoch: 41, Steps: 266 | Train Loss: 0.2060429 Vali Loss: 0.1215869 Test Loss: 0.1683628
Validation loss decreased (0.121679 --> 0.121587).  Saving model ...
Updating learning rate to 9.993096095176514e-05
	iters: 100, epoch: 42 | loss: 0.1563368
	speed: 0.1210s/iter; left time: 1886.5162s
	iters: 200, epoch: 42 | loss: 0.2125339
	speed: 0.0518s/iter; left time: 802.4041s
Epoch: 42 cost time: 13.763550758361816
Epoch: 42, Steps: 266 | Train Loss: 0.2044960 Vali Loss: 0.1214236 Test Loss: 0.1683130
Validation loss decreased (0.121587 --> 0.121424).  Saving model ...
Updating learning rate to 9.972506612706808e-05
	iters: 100, epoch: 43 | loss: 0.1565046
	speed: 0.1210s/iter; left time: 1855.4376s
	iters: 200, epoch: 43 | loss: 0.2545599
	speed: 0.0518s/iter; left time: 789.5680s
Epoch: 43 cost time: 13.770161867141724
Epoch: 43, Steps: 266 | Train Loss: 0.2030158 Vali Loss: 0.1214568 Test Loss: 0.1682413
EarlyStopping counter: 1 out of 20
Updating learning rate to 9.93828789006498e-05
	iters: 100, epoch: 44 | loss: 0.1785242
	speed: 0.1204s/iter; left time: 1813.2851s
	iters: 200, epoch: 44 | loss: 0.2963221
	speed: 0.0518s/iter; left time: 774.9640s
Epoch: 44 cost time: 13.769696950912476
Epoch: 44, Steps: 266 | Train Loss: 0.2017653 Vali Loss: 0.1215370 Test Loss: 0.1684690
EarlyStopping counter: 2 out of 20
Updating learning rate to 9.890533718391275e-05
	iters: 100, epoch: 45 | loss: 0.1572018
	speed: 0.1204s/iter; left time: 1781.1203s
	iters: 200, epoch: 45 | loss: 0.1859486
	speed: 0.0519s/iter; left time: 762.1939s
Epoch: 45 cost time: 13.774168252944946
Epoch: 45, Steps: 266 | Train Loss: 0.2003818 Vali Loss: 0.1214058 Test Loss: 0.1683690
Validation loss decreased (0.121424 --> 0.121406).  Saving model ...
Updating learning rate to 9.829374988550901e-05
	iters: 100, epoch: 46 | loss: 0.2198459
	speed: 0.1209s/iter; left time: 1756.2073s
	iters: 200, epoch: 46 | loss: 0.1891484
	speed: 0.0518s/iter; left time: 748.0109s
Epoch: 46 cost time: 13.76869535446167
Epoch: 46, Steps: 266 | Train Loss: 0.1989028 Vali Loss: 0.1215640 Test Loss: 0.1684837
EarlyStopping counter: 1 out of 20
Updating learning rate to 9.754979332371259e-05
	iters: 100, epoch: 47 | loss: 0.1823331
	speed: 0.1205s/iter; left time: 1718.4020s
	iters: 200, epoch: 47 | loss: 0.1898788
	speed: 0.0519s/iter; left time: 735.0509s
Epoch: 47 cost time: 13.77805757522583
Epoch: 47, Steps: 266 | Train Loss: 0.1977740 Vali Loss: 0.1213925 Test Loss: 0.1686673
Validation loss decreased (0.121406 --> 0.121392).  Saving model ...
Updating learning rate to 9.667550663174757e-05
	iters: 100, epoch: 48 | loss: 0.2181578
	speed: 0.1209s/iter; left time: 1692.1127s
	iters: 200, epoch: 48 | loss: 0.2205904
	speed: 0.0519s/iter; left time: 721.5503s
Epoch: 48 cost time: 13.777684450149536
Epoch: 48, Steps: 266 | Train Loss: 0.1967919 Vali Loss: 0.1214113 Test Loss: 0.1688671
EarlyStopping counter: 1 out of 20
Updating learning rate to 9.567328616866573e-05
	iters: 100, epoch: 49 | loss: 0.1658327
	speed: 0.1205s/iter; left time: 1654.6430s
	iters: 200, epoch: 49 | loss: 0.1396684
	speed: 0.0519s/iter; left time: 707.4617s
Epoch: 49 cost time: 13.785209894180298
Epoch: 49, Steps: 266 | Train Loss: 0.1959392 Vali Loss: 0.1217578 Test Loss: 0.1686713
EarlyStopping counter: 2 out of 20
Updating learning rate to 9.454587895109285e-05
	iters: 100, epoch: 50 | loss: 0.1995749
	speed: 0.1205s/iter; left time: 1622.1579s
	iters: 200, epoch: 50 | loss: 0.1865343
	speed: 0.0519s/iter; left time: 694.2934s
Epoch: 50 cost time: 13.789178609848022
Epoch: 50, Steps: 266 | Train Loss: 0.1946501 Vali Loss: 0.1219541 Test Loss: 0.1689585
EarlyStopping counter: 3 out of 20
Updating learning rate to 9.329637512384722e-05
	iters: 100, epoch: 51 | loss: 0.1895599
	speed: 0.1204s/iter; left time: 1589.9552s
	iters: 200, epoch: 51 | loss: 0.1376380
	speed: 0.0519s/iter; left time: 679.5936s
Epoch: 51 cost time: 13.77956247329712
Epoch: 51, Steps: 266 | Train Loss: 0.1934736 Vali Loss: 0.1219645 Test Loss: 0.1690645
EarlyStopping counter: 4 out of 20
Updating learning rate to 9.192819949006735e-05
	iters: 100, epoch: 52 | loss: 0.1587278
	speed: 0.1203s/iter; left time: 1556.5566s
	iters: 200, epoch: 52 | loss: 0.3093071
	speed: 0.0518s/iter; left time: 665.0321s
Epoch: 52 cost time: 13.760990381240845
Epoch: 52, Steps: 266 | Train Loss: 0.1921738 Vali Loss: 0.1222294 Test Loss: 0.1689657
EarlyStopping counter: 5 out of 20
Updating learning rate to 9.044510212406473e-05
	iters: 100, epoch: 53 | loss: 0.1720760
	speed: 0.1202s/iter; left time: 1522.3497s
	iters: 200, epoch: 53 | loss: 0.1702778
	speed: 0.0517s/iter; left time: 650.4165s
Epoch: 53 cost time: 13.745474576950073
Epoch: 53, Steps: 266 | Train Loss: 0.1915864 Vali Loss: 0.1221141 Test Loss: 0.1690575
EarlyStopping counter: 6 out of 20
Updating learning rate to 8.885114809263072e-05
	iters: 100, epoch: 54 | loss: 0.1528874
	speed: 0.1201s/iter; left time: 1489.9504s
	iters: 200, epoch: 54 | loss: 0.2426024
	speed: 0.0517s/iter; left time: 635.5846s
Epoch: 54 cost time: 13.729145288467407
Epoch: 54, Steps: 266 | Train Loss: 0.1907470 Vali Loss: 0.1223259 Test Loss: 0.1691275
EarlyStopping counter: 7 out of 20
Updating learning rate to 8.71507063129711e-05
	iters: 100, epoch: 55 | loss: 0.1835586
	speed: 0.1200s/iter; left time: 1456.4816s
	iters: 200, epoch: 55 | loss: 0.1936249
	speed: 0.0516s/iter; left time: 621.2790s
Epoch: 55 cost time: 13.712925434112549
Epoch: 55, Steps: 266 | Train Loss: 0.1898720 Vali Loss: 0.1223956 Test Loss: 0.1693836
EarlyStopping counter: 8 out of 20
Updating learning rate to 8.534843757780764e-05
	iters: 100, epoch: 56 | loss: 0.1675126
	speed: 0.1199s/iter; left time: 1422.8216s
	iters: 200, epoch: 56 | loss: 0.1791774
	speed: 0.0515s/iter; left time: 606.5148s
Epoch: 56 cost time: 13.69140362739563
Epoch: 56, Steps: 266 | Train Loss: 0.1891791 Vali Loss: 0.1223984 Test Loss: 0.1691805
EarlyStopping counter: 9 out of 20
Updating learning rate to 8.34492817804693e-05
	iters: 100, epoch: 57 | loss: 0.3013665
	speed: 0.1197s/iter; left time: 1389.3506s
	iters: 200, epoch: 57 | loss: 0.1536455
	speed: 0.0515s/iter; left time: 592.5022s
Epoch: 57 cost time: 13.681250095367432
Epoch: 57, Steps: 266 | Train Loss: 0.1881877 Vali Loss: 0.1224330 Test Loss: 0.1694405
EarlyStopping counter: 10 out of 20
Updating learning rate to 8.145844437498785e-05
	iters: 100, epoch: 58 | loss: 0.2507783
	speed: 0.1196s/iter; left time: 1356.6805s
	iters: 200, epoch: 58 | loss: 0.1527873
	speed: 0.0514s/iter; left time: 578.0756s
Epoch: 58 cost time: 13.671544313430786
Epoch: 58, Steps: 266 | Train Loss: 0.1875718 Vali Loss: 0.1228370 Test Loss: 0.1695881
EarlyStopping counter: 11 out of 20
Updating learning rate to 7.938138210831032e-05
	iters: 100, epoch: 59 | loss: 0.1922044
	speed: 0.1196s/iter; left time: 1323.8880s
	iters: 200, epoch: 59 | loss: 0.2201177
	speed: 0.0515s/iter; left time: 564.5826s
Epoch: 59 cost time: 13.664041519165039
Epoch: 59, Steps: 266 | Train Loss: 0.1869955 Vali Loss: 0.1226762 Test Loss: 0.1693346
EarlyStopping counter: 12 out of 20
Updating learning rate to 7.722378806373484e-05
	iters: 100, epoch: 60 | loss: 0.1655604
	speed: 0.1195s/iter; left time: 1291.1972s
	iters: 200, epoch: 60 | loss: 0.2360611
	speed: 0.0514s/iter; left time: 550.0314s
Epoch: 60 cost time: 13.658461332321167
Epoch: 60, Steps: 266 | Train Loss: 0.1859202 Vali Loss: 0.1226173 Test Loss: 0.1693866
EarlyStopping counter: 13 out of 20
Updating learning rate to 7.499157605656507e-05
	iters: 100, epoch: 61 | loss: 0.1611789
	speed: 0.1196s/iter; left time: 1260.1886s
	iters: 200, epoch: 61 | loss: 0.1537227
	speed: 0.0513s/iter; left time: 535.7287s
Epoch: 61 cost time: 13.642268180847168
Epoch: 61, Steps: 266 | Train Loss: 0.1855936 Vali Loss: 0.1227106 Test Loss: 0.1696462
EarlyStopping counter: 14 out of 20
Updating learning rate to 7.26908644247535e-05
	iters: 100, epoch: 62 | loss: 0.2088976
	speed: 0.1194s/iter; left time: 1226.9390s
	iters: 200, epoch: 62 | loss: 0.1581858
	speed: 0.0513s/iter; left time: 522.1891s
Epoch: 62 cost time: 13.639878749847412
Epoch: 62, Steps: 266 | Train Loss: 0.1848844 Vali Loss: 0.1226891 Test Loss: 0.1698628
EarlyStopping counter: 15 out of 20
Updating learning rate to 7.032795925896242e-05
	iters: 100, epoch: 63 | loss: 0.1653867
	speed: 0.1194s/iter; left time: 1194.9714s
	iters: 200, epoch: 63 | loss: 0.1424343
	speed: 0.0513s/iter; left time: 508.5627s
Epoch: 63 cost time: 13.638241052627563
Epoch: 63, Steps: 266 | Train Loss: 0.1843927 Vali Loss: 0.1228844 Test Loss: 0.1699349
EarlyStopping counter: 16 out of 20
Updating learning rate to 6.790933711800776e-05
	iters: 100, epoch: 64 | loss: 0.2646567
	speed: 0.1194s/iter; left time: 1163.4927s
	iters: 200, epoch: 64 | loss: 0.2022122
	speed: 0.0512s/iter; left time: 493.9987s
Epoch: 64 cost time: 13.632157564163208
Epoch: 64, Steps: 266 | Train Loss: 0.1839464 Vali Loss: 0.1230195 Test Loss: 0.1698588
EarlyStopping counter: 17 out of 20
Updating learning rate to 6.544162727706148e-05
	iters: 100, epoch: 65 | loss: 0.1790969
	speed: 0.1194s/iter; left time: 1131.8301s
	iters: 200, epoch: 65 | loss: 0.2178917
	speed: 0.0512s/iter; left time: 480.0561s
Epoch: 65 cost time: 13.623284101486206
Epoch: 65, Steps: 266 | Train Loss: 0.1833836 Vali Loss: 0.1229554 Test Loss: 0.1705954
EarlyStopping counter: 18 out of 20
Updating learning rate to 6.293159355726925e-05
	iters: 100, epoch: 66 | loss: 0.1936989
	speed: 0.1193s/iter; left time: 1098.9616s
	iters: 200, epoch: 66 | loss: 0.1926512
	speed: 0.0512s/iter; left time: 466.6130s
Epoch: 66 cost time: 13.613304138183594
Epoch: 66, Steps: 266 | Train Loss: 0.1827777 Vali Loss: 0.1228476 Test Loss: 0.1701824
EarlyStopping counter: 19 out of 20
Updating learning rate to 6.038611578658668e-05
	iters: 100, epoch: 67 | loss: 0.1243149
	speed: 0.1192s/iter; left time: 1066.6070s
	iters: 200, epoch: 67 | loss: 0.1516899
	speed: 0.0512s/iter; left time: 452.9168s
Epoch: 67 cost time: 13.616259098052979
Epoch: 67, Steps: 266 | Train Loss: 0.1823985 Vali Loss: 0.1228235 Test Loss: 0.1703579
EarlyStopping counter: 20 out of 20
Early stopping
>>>>>>>testing : NL_ettm2_cms_lr0.0001_always_336_96_PatchTST_ETTm2_ftM_sl336_ll48_pl96_dm128_nh16_el3_dl1_df256_fc1_ebtimeF_dtTruelr0.0001_polalways_Nested_Learning_0<<<<<<<<<<<<<<<<<<<<<<<<<<<<<<<<<
test 11425
 Ejecutando Inferencia DINÁMICA (Nested Learning con cms)
  -> Política: always | LR: 0.0001 | Target: head

RESUMEN: El CMS se actualizó 89 veces de 89 posibles.

mse:0.1687505543231964, mae:0.2570989429950714, rse:0.3327884376049042
Args in experiment:
Namespace(random_seed=2021, is_training=1, model_id='NL_ettm2_cms_lr0.0001_always_336_192', model='PatchTST', data='ETTm2', root_path='./dataset/', data_path='ETTm2.csv', features='M', target='OT', freq='h', checkpoints='./checkpoints/', seq_len=336, label_len=48, pred_len=192, head_type='cms', cms_lr=0.0001, update_policy='always', fc_dropout=0.2, head_dropout=0.0, patch_len=16, stride=8, padding_patch='end', revin=1, affine=0, subtract_last=0, decomposition=0, kernel_size=25, individual=0, embed_type=0, enc_in=7, dec_in=7, c_out=7, d_model=128, n_heads=16, e_layers=3, d_layers=1, d_ff=256, moving_avg=25, factor=1, distil=True, dropout=0.2, embed='timeF', activation='gelu', output_attention=False, do_predict=False, num_workers=0, itr=1, train_epochs=100, batch_size=128, patience=20, learning_rate=0.0001, des='Nested_Learning', loss='mse', lradj='TST', pct_start=0.4, use_amp=False, use_gpu=True, gpu=0, use_multi_gpu=False, devices='0,1,2,3', test_flop=False)
Use GPU: cuda:0
>>>>>>>start training : NL_ettm2_cms_lr0.0001_always_336_192_PatchTST_ETTm2_ftM_sl336_ll48_pl192_dm128_nh16_el3_dl1_df256_fc1_ebtimeF_dtTruelr0.0001_polalways_Nested_Learning_0>>>>>>>>>>>>>>>>>>>>>>>>>>
train 34033
val 11329
test 11329
	iters: 100, epoch: 1 | loss: 0.3567180
	speed: 0.0679s/iter; left time: 1792.3046s
	iters: 200, epoch: 1 | loss: 0.3268487
	speed: 0.0507s/iter; left time: 1332.8811s
Epoch: 1 cost time: 13.717353820800781
Epoch: 1, Steps: 265 | Train Loss: 0.4534336 Vali Loss: 0.2344553 Test Loss: 0.3109716
Validation loss decreased (inf --> 0.234455).  Saving model ...
Updating learning rate to 4.147995888890545e-06
	iters: 100, epoch: 2 | loss: 0.5413907
	speed: 0.1200s/iter; left time: 3136.4312s
	iters: 200, epoch: 2 | loss: 0.3766621
	speed: 0.0514s/iter; left time: 1338.7668s
Epoch: 2 cost time: 13.59619140625
Epoch: 2, Steps: 265 | Train Loss: 0.4531438 Vali Loss: 0.2344959 Test Loss: 0.3106324
EarlyStopping counter: 1 out of 20
Updating learning rate to 4.591070939598485e-06
	iters: 100, epoch: 3 | loss: 0.3518606
	speed: 0.1202s/iter; left time: 3109.6087s
	iters: 200, epoch: 3 | loss: 0.5534788
	speed: 0.0516s/iter; left time: 1330.9062s
Epoch: 3 cost time: 13.667595624923706
Epoch: 3, Steps: 265 | Train Loss: 0.4524138 Vali Loss: 0.2341410 Test Loss: 0.3102569
Validation loss decreased (0.234455 --> 0.234141).  Saving model ...
Updating learning rate to 5.326492931874866e-06
	iters: 100, epoch: 4 | loss: 0.3537234
	speed: 0.1207s/iter; left time: 3091.8973s
	iters: 200, epoch: 4 | loss: 0.3904426
	speed: 0.0517s/iter; left time: 1318.1296s
Epoch: 4 cost time: 13.67752718925476
Epoch: 4, Steps: 265 | Train Loss: 0.4516338 Vali Loss: 0.2338044 Test Loss: 0.3098174
Validation loss decreased (0.234141 --> 0.233804).  Saving model ...
Updating learning rate to 6.349726889409005e-06
	iters: 100, epoch: 5 | loss: 0.4140642
	speed: 0.1208s/iter; left time: 3062.0561s
	iters: 200, epoch: 5 | loss: 0.4429161
	speed: 0.0517s/iter; left time: 1306.0661s
Epoch: 5 cost time: 13.682219982147217
Epoch: 5, Steps: 265 | Train Loss: 0.4504614 Vali Loss: 0.2334446 Test Loss: 0.3093347
Validation loss decreased (0.233804 --> 0.233445).  Saving model ...
Updating learning rate to 7.654463044738896e-06
	iters: 100, epoch: 6 | loss: 0.4251359
	speed: 0.1207s/iter; left time: 3025.5792s
	iters: 200, epoch: 6 | loss: 0.4380246
	speed: 0.0517s/iter; left time: 1290.4557s
Epoch: 6 cost time: 13.673602104187012
Epoch: 6, Steps: 265 | Train Loss: 0.4506997 Vali Loss: 0.2331761 Test Loss: 0.3087552
Validation loss decreased (0.233445 --> 0.233176).  Saving model ...
Updating learning rate to 9.232655748403029e-06
	iters: 100, epoch: 7 | loss: 0.3794619
	speed: 0.1207s/iter; left time: 2994.8023s
	iters: 200, epoch: 7 | loss: 0.2996399
	speed: 0.0517s/iter; left time: 1276.9186s
Epoch: 7 cost time: 13.674836158752441
Epoch: 7, Steps: 265 | Train Loss: 0.4496144 Vali Loss: 0.2325943 Test Loss: 0.3080744
Validation loss decreased (0.233176 --> 0.232594).  Saving model ...
Updating learning rate to 1.107457308240065e-05
	iters: 100, epoch: 8 | loss: 0.5412751
	speed: 0.1207s/iter; left time: 2962.7859s
	iters: 200, epoch: 8 | loss: 0.6772807
	speed: 0.0516s/iter; left time: 1262.3752s
Epoch: 8 cost time: 13.667447328567505
Epoch: 8, Steps: 265 | Train Loss: 0.4477904 Vali Loss: 0.2320391 Test Loss: 0.3072915
Validation loss decreased (0.232594 --> 0.232039).  Saving model ...
Updating learning rate to 1.3168856872018862e-05
	iters: 100, epoch: 9 | loss: 0.5906637
	speed: 0.1207s/iter; left time: 2930.8045s
	iters: 200, epoch: 9 | loss: 0.4285754
	speed: 0.0516s/iter; left time: 1248.4681s
Epoch: 9 cost time: 13.664243221282959
Epoch: 9, Steps: 265 | Train Loss: 0.4471834 Vali Loss: 0.2314761 Test Loss: 0.3064007
Validation loss decreased (0.232039 --> 0.231476).  Saving model ...
Updating learning rate to 1.550259272596464e-05
	iters: 100, epoch: 10 | loss: 0.3250310
	speed: 0.1206s/iter; left time: 2896.5888s
	iters: 200, epoch: 10 | loss: 0.3894973
	speed: 0.0517s/iter; left time: 1235.7129s
Epoch: 10 cost time: 13.666789531707764
Epoch: 10, Steps: 265 | Train Loss: 0.4445118 Vali Loss: 0.2303325 Test Loss: 0.3053991
Validation loss decreased (0.231476 --> 0.230333).  Saving model ...
Updating learning rate to 1.806138967289881e-05
	iters: 100, epoch: 11 | loss: 0.3513032
	speed: 0.1206s/iter; left time: 2864.5805s
	iters: 200, epoch: 11 | loss: 0.6851751
	speed: 0.0517s/iter; left time: 1221.5988s
Epoch: 11 cost time: 13.664231538772583
Epoch: 11, Steps: 265 | Train Loss: 0.4438858 Vali Loss: 0.2296268 Test Loss: 0.3042896
Validation loss decreased (0.230333 --> 0.229627).  Saving model ...
Updating learning rate to 2.0829468903294163e-05
	iters: 100, epoch: 12 | loss: 0.5810135
	speed: 0.1206s/iter; left time: 2833.0046s
	iters: 200, epoch: 12 | loss: 0.4754970
	speed: 0.0516s/iter; left time: 1205.8434s
Epoch: 12 cost time: 13.65028977394104
Epoch: 12, Steps: 265 | Train Loss: 0.4420078 Vali Loss: 0.2287935 Test Loss: 0.3030860
Validation loss decreased (0.229627 --> 0.228794).  Saving model ...
Updating learning rate to 2.3789761069391508e-05
	iters: 100, epoch: 13 | loss: 0.5189995
	speed: 0.1205s/iter; left time: 2797.5122s
	iters: 200, epoch: 13 | loss: 0.3848601
	speed: 0.0516s/iter; left time: 1192.6638s
Epoch: 13 cost time: 13.657418012619019
Epoch: 13, Steps: 265 | Train Loss: 0.4397747 Vali Loss: 0.2277990 Test Loss: 0.3017287
Validation loss decreased (0.228794 --> 0.227799).  Saving model ...
Updating learning rate to 2.692401154325343e-05
	iters: 100, epoch: 14 | loss: 0.4530658
	speed: 0.1207s/iter; left time: 2769.7319s
	iters: 200, epoch: 14 | loss: 0.3604545
	speed: 0.0516s/iter; left time: 1179.0494s
Epoch: 14 cost time: 13.652686595916748
Epoch: 14, Steps: 265 | Train Loss: 0.4379927 Vali Loss: 0.2267396 Test Loss: 0.3002356
Validation loss decreased (0.227799 --> 0.226740).  Saving model ...
Updating learning rate to 3.0212892983843068e-05
	iters: 100, epoch: 15 | loss: 0.6143895
	speed: 0.1205s/iter; left time: 2733.4846s
	iters: 200, epoch: 15 | loss: 0.4799047
	speed: 0.0515s/iter; left time: 1163.7218s
Epoch: 15 cost time: 13.640932321548462
Epoch: 15, Steps: 265 | Train Loss: 0.4355564 Vali Loss: 0.2254502 Test Loss: 0.2985602
Validation loss decreased (0.226740 --> 0.225450).  Saving model ...
Updating learning rate to 3.3636124518983084e-05
	iters: 100, epoch: 16 | loss: 0.3417535
	speed: 0.1231s/iter; left time: 2759.6190s
	iters: 200, epoch: 16 | loss: 0.4302753
	speed: 0.0514s/iter; left time: 1148.2788s
Epoch: 16 cost time: 13.610559463500977
Epoch: 16, Steps: 265 | Train Loss: 0.4314564 Vali Loss: 0.2236668 Test Loss: 0.2966948
Validation loss decreased (0.225450 --> 0.223667).  Saving model ...
Updating learning rate to 3.717259680726015e-05
	iters: 100, epoch: 17 | loss: 0.4689311
	speed: 0.1204s/iter; left time: 2668.1569s
	iters: 200, epoch: 17 | loss: 0.3566123
	speed: 0.0514s/iter; left time: 1134.2413s
Epoch: 17 cost time: 13.61938762664795
Epoch: 17, Steps: 265 | Train Loss: 0.4296715 Vali Loss: 0.2220001 Test Loss: 0.2946225
Validation loss decreased (0.223667 --> 0.222000).  Saving model ...
Updating learning rate to 4.080050220868085e-05
	iters: 100, epoch: 18 | loss: 0.4620322
	speed: 0.1203s/iter; left time: 2634.0873s
	iters: 200, epoch: 18 | loss: 0.5238714
	speed: 0.0514s/iter; left time: 1119.4532s
Epoch: 18 cost time: 13.610429763793945
Epoch: 18, Steps: 265 | Train Loss: 0.4263862 Vali Loss: 0.2201404 Test Loss: 0.2923001
Validation loss decreased (0.222000 --> 0.220140).  Saving model ...
Updating learning rate to 4.449746926138297e-05
	iters: 100, epoch: 19 | loss: 0.4561571
	speed: 0.1201s/iter; left time: 2598.4585s
	iters: 200, epoch: 19 | loss: 0.4454764
	speed: 0.0514s/iter; left time: 1105.8618s
Epoch: 19 cost time: 13.603977680206299
Epoch: 19, Steps: 265 | Train Loss: 0.4227905 Vali Loss: 0.2179652 Test Loss: 0.2898137
Validation loss decreased (0.220140 --> 0.217965).  Saving model ...
Updating learning rate to 4.824070063515135e-05
	iters: 100, epoch: 20 | loss: 0.2744572
	speed: 0.1203s/iter; left time: 2569.9508s
	iters: 200, epoch: 20 | loss: 0.5476397
	speed: 0.0513s/iter; left time: 1091.8614s
Epoch: 20 cost time: 13.608479499816895
Epoch: 20, Steps: 265 | Train Loss: 0.4186948 Vali Loss: 0.2156053 Test Loss: 0.2870530
Validation loss decreased (0.217965 --> 0.215605).  Saving model ...
Updating learning rate to 5.200711371104918e-05
	iters: 100, epoch: 21 | loss: 0.5808625
	speed: 0.1203s/iter; left time: 2538.7741s
	iters: 200, epoch: 21 | loss: 0.3563670
	speed: 0.0513s/iter; left time: 1078.1357s
Epoch: 21 cost time: 13.601643085479736
Epoch: 21, Steps: 265 | Train Loss: 0.4129503 Vali Loss: 0.2130612 Test Loss: 0.2841849
Validation loss decreased (0.215605 --> 0.213061).  Saving model ...
Updating learning rate to 5.577348292028073e-05
	iters: 100, epoch: 22 | loss: 0.4660292
	speed: 0.1202s/iter; left time: 2504.3437s
	iters: 200, epoch: 22 | loss: 0.3699936
	speed: 0.0513s/iter; left time: 1064.0461s
Epoch: 22 cost time: 13.598982334136963
Epoch: 22, Steps: 265 | Train Loss: 0.4092698 Vali Loss: 0.2103755 Test Loss: 0.2811837
Validation loss decreased (0.213061 --> 0.210375).  Saving model ...
Updating learning rate to 5.9516582964553954e-05
	iters: 100, epoch: 23 | loss: 0.4582761
	speed: 0.1201s/iter; left time: 2469.8920s
	iters: 200, epoch: 23 | loss: 0.3361243
	speed: 0.0513s/iter; left time: 1050.4764s
Epoch: 23 cost time: 13.591022253036499
Epoch: 23, Steps: 265 | Train Loss: 0.4036376 Vali Loss: 0.2079268 Test Loss: 0.2780888
Validation loss decreased (0.210375 --> 0.207927).  Saving model ...
Updating learning rate to 6.321333203477474e-05
	iters: 100, epoch: 24 | loss: 0.4170254
	speed: 0.1205s/iter; left time: 2446.9919s
	iters: 200, epoch: 24 | loss: 0.5409704
	speed: 0.0513s/iter; left time: 1035.8223s
Epoch: 24 cost time: 13.584059238433838
Epoch: 24, Steps: 265 | Train Loss: 0.3980728 Vali Loss: 0.2048889 Test Loss: 0.2748388
Validation loss decreased (0.207927 --> 0.204889).  Saving model ...
Updating learning rate to 6.684093414491588e-05
	iters: 100, epoch: 25 | loss: 0.3479995
	speed: 0.1201s/iter; left time: 2406.8996s
	iters: 200, epoch: 25 | loss: 0.4571715
	speed: 0.0513s/iter; left time: 1022.6791s
Epoch: 25 cost time: 13.585137844085693
Epoch: 25, Steps: 265 | Train Loss: 0.3930905 Vali Loss: 0.2022144 Test Loss: 0.2715954
Validation loss decreased (0.204889 --> 0.202214).  Saving model ...
Updating learning rate to 7.037701970335941e-05
	iters: 100, epoch: 26 | loss: 0.3113367
	speed: 0.1200s/iter; left time: 2373.5550s
	iters: 200, epoch: 26 | loss: 0.3083589
	speed: 0.0512s/iter; left time: 1007.9860s
Epoch: 26 cost time: 13.588452816009521
Epoch: 26, Steps: 265 | Train Loss: 0.3867527 Vali Loss: 0.1993261 Test Loss: 0.2682229
Validation loss decreased (0.202214 --> 0.199326).  Saving model ...
Updating learning rate to 7.379978345487968e-05
	iters: 100, epoch: 27 | loss: 0.2718755
	speed: 0.1202s/iter; left time: 2345.7421s
	iters: 200, epoch: 27 | loss: 0.3605469
	speed: 0.0512s/iter; left time: 994.2941s
Epoch: 27 cost time: 13.577471017837524
Epoch: 27, Steps: 265 | Train Loss: 0.3813841 Vali Loss: 0.1966107 Test Loss: 0.2647967
Validation loss decreased (0.199326 --> 0.196611).  Saving model ...
Updating learning rate to 7.70881189426489e-05
	iters: 100, epoch: 28 | loss: 0.2999443
	speed: 0.1200s/iter; left time: 2310.4625s
	iters: 200, epoch: 28 | loss: 0.3343603
	speed: 0.0513s/iter; left time: 981.3719s
Epoch: 28 cost time: 13.581438541412354
Epoch: 28, Steps: 265 | Train Loss: 0.3743876 Vali Loss: 0.1936613 Test Loss: 0.2611830
Validation loss decreased (0.196611 --> 0.193661).  Saving model ...
Updating learning rate to 8.022174866110521e-05
	iters: 100, epoch: 29 | loss: 0.4538054
	speed: 0.1201s/iter; left time: 2279.3404s
	iters: 200, epoch: 29 | loss: 0.3494360
	speed: 0.0512s/iter; left time: 967.6441s
Epoch: 29 cost time: 13.574201345443726
Epoch: 29, Steps: 265 | Train Loss: 0.3675682 Vali Loss: 0.1909742 Test Loss: 0.2576483
Validation loss decreased (0.193661 --> 0.190974).  Saving model ...
Updating learning rate to 8.318134909709714e-05
	iters: 100, epoch: 30 | loss: 0.5108163
	speed: 0.1202s/iter; left time: 2250.5693s
	iters: 200, epoch: 30 | loss: 0.5887191
	speed: 0.0512s/iter; left time: 953.5654s
Epoch: 30 cost time: 13.570955514907837
Epoch: 30, Steps: 265 | Train Loss: 0.3616256 Vali Loss: 0.1882631 Test Loss: 0.2541235
Validation loss decreased (0.190974 --> 0.188263).  Saving model ...
Updating learning rate to 8.594866988823775e-05
	iters: 100, epoch: 31 | loss: 0.4166224
	speed: 0.1200s/iter; left time: 2214.6801s
	iters: 200, epoch: 31 | loss: 0.3395148
	speed: 0.0512s/iter; left time: 938.9205s
Epoch: 31 cost time: 13.558566570281982
Epoch: 31, Steps: 265 | Train Loss: 0.3543059 Vali Loss: 0.1856087 Test Loss: 0.2506918
Validation loss decreased (0.188263 --> 0.185609).  Saving model ...
Updating learning rate to 8.850664636367998e-05
	iters: 100, epoch: 32 | loss: 0.4445303
	speed: 0.1202s/iter; left time: 2186.0437s
	iters: 200, epoch: 32 | loss: 0.2505767
	speed: 0.0512s/iter; left time: 925.7337s
Epoch: 32 cost time: 13.567277193069458
Epoch: 32, Steps: 265 | Train Loss: 0.3482594 Vali Loss: 0.1827724 Test Loss: 0.2472546
Validation loss decreased (0.185609 --> 0.182772).  Saving model ...
Updating learning rate to 9.083950477333033e-05
	iters: 100, epoch: 33 | loss: 0.3520635
	speed: 0.1202s/iter; left time: 2153.2347s
	iters: 200, epoch: 33 | loss: 0.2693146
	speed: 0.0511s/iter; left time: 911.5319s
Epoch: 33 cost time: 13.558573007583618
Epoch: 33, Steps: 265 | Train Loss: 0.3415546 Vali Loss: 0.1800718 Test Loss: 0.2441154
Validation loss decreased (0.182772 --> 0.180072).  Saving model ...
Updating learning rate to 9.293285955660577e-05
	iters: 100, epoch: 34 | loss: 0.3365523
	speed: 0.1202s/iter; left time: 2122.2097s
	iters: 200, epoch: 34 | loss: 0.3656854
	speed: 0.0512s/iter; left time: 898.1670s
Epoch: 34 cost time: 13.55671215057373
Epoch: 34, Steps: 265 | Train Loss: 0.3358019 Vali Loss: 0.1778553 Test Loss: 0.2411524
Validation loss decreased (0.180072 --> 0.177855).  Saving model ...
Updating learning rate to 9.477380205092656e-05
	iters: 100, epoch: 35 | loss: 0.3680567
	speed: 0.1201s/iter; left time: 2089.1906s
	iters: 200, epoch: 35 | loss: 0.2801841
	speed: 0.0512s/iter; left time: 885.6637s
Epoch: 35 cost time: 13.559632539749146
Epoch: 35, Steps: 265 | Train Loss: 0.3300844 Vali Loss: 0.1755419 Test Loss: 0.2384693
Validation loss decreased (0.177855 --> 0.175542).  Saving model ...
Updating learning rate to 9.635098009292423e-05
	iters: 100, epoch: 36 | loss: 0.3260322
	speed: 0.1200s/iter; left time: 2055.4896s
	iters: 200, epoch: 36 | loss: 0.4005396
	speed: 0.0512s/iter; left time: 871.9524s
Epoch: 36 cost time: 13.561586856842041
Epoch: 36, Steps: 265 | Train Loss: 0.3243952 Vali Loss: 0.1733518 Test Loss: 0.2358779
Validation loss decreased (0.175542 --> 0.173352).  Saving model ...
Updating learning rate to 9.765466802150444e-05
	iters: 100, epoch: 37 | loss: 0.3709507
	speed: 0.1202s/iter; left time: 2026.3086s
	iters: 200, epoch: 37 | loss: 0.2696294
	speed: 0.0512s/iter; left time: 857.8160s
Epoch: 37 cost time: 13.562706470489502
Epoch: 37, Steps: 265 | Train Loss: 0.3192024 Vali Loss: 0.1716247 Test Loss: 0.2336568
Validation loss decreased (0.173352 --> 0.171625).  Saving model ...
Updating learning rate to 9.867682665109111e-05
	iters: 100, epoch: 38 | loss: 0.3069554
	speed: 0.1201s/iter; left time: 1992.7178s
	iters: 200, epoch: 38 | loss: 0.3243627
	speed: 0.0512s/iter; left time: 844.2042s
Epoch: 38 cost time: 13.561556339263916
Epoch: 38, Steps: 265 | Train Loss: 0.3142678 Vali Loss: 0.1697287 Test Loss: 0.2318616
Validation loss decreased (0.171625 --> 0.169729).  Saving model ...
Updating learning rate to 9.941115284522702e-05
	iters: 100, epoch: 39 | loss: 0.2709817
	speed: 0.1201s/iter; left time: 1962.1428s
	iters: 200, epoch: 39 | loss: 0.3996459
	speed: 0.0512s/iter; left time: 831.1219s
Epoch: 39 cost time: 13.563674688339233
Epoch: 39, Steps: 265 | Train Loss: 0.3099800 Vali Loss: 0.1683743 Test Loss: 0.2302493
Validation loss decreased (0.169729 --> 0.168374).  Saving model ...
Updating learning rate to 9.985311838483566e-05
	iters: 100, epoch: 40 | loss: 0.2453324
	speed: 0.1200s/iter; left time: 1927.3749s
	iters: 200, epoch: 40 | loss: 0.3280855
	speed: 0.0512s/iter; left time: 817.5144s
Epoch: 40 cost time: 13.563607215881348
Epoch: 40, Steps: 265 | Train Loss: 0.3065376 Vali Loss: 0.1674184 Test Loss: 0.2288838
Validation loss decreased (0.168374 --> 0.167418).  Saving model ...
Updating learning rate to 9.99999990240136e-05
	iters: 100, epoch: 41 | loss: 0.3975627
	speed: 0.1201s/iter; left time: 1897.7858s
	iters: 200, epoch: 41 | loss: 0.3118280
	speed: 0.0512s/iter; left time: 803.1811s
Epoch: 41 cost time: 13.558799505233765
Epoch: 41, Steps: 265 | Train Loss: 0.3026605 Vali Loss: 0.1665002 Test Loss: 0.2280234
Validation loss decreased (0.167418 --> 0.166500).  Saving model ...
Updating learning rate to 9.993095900070463e-05
	iters: 100, epoch: 42 | loss: 0.3023209
	speed: 0.1199s/iter; left time: 1863.3313s
	iters: 200, epoch: 42 | loss: 0.2035458
	speed: 0.0512s/iter; left time: 789.9227s
Epoch: 42 cost time: 13.56217908859253
Epoch: 42, Steps: 265 | Train Loss: 0.2991565 Vali Loss: 0.1659784 Test Loss: 0.2270297
Validation loss decreased (0.166500 --> 0.165978).  Saving model ...
Updating learning rate to 9.972506223761924e-05
	iters: 100, epoch: 43 | loss: 0.2834145
	speed: 0.1198s/iter; left time: 1830.1055s
	iters: 200, epoch: 43 | loss: 0.2691079
	speed: 0.0512s/iter; left time: 776.0804s
Epoch: 43 cost time: 13.560724258422852
Epoch: 43, Steps: 265 | Train Loss: 0.2967189 Vali Loss: 0.1652051 Test Loss: 0.2266074
Validation loss decreased (0.165978 --> 0.165205).  Saving model ...
Updating learning rate to 9.938287308347333e-05
	iters: 100, epoch: 44 | loss: 0.3197986
	speed: 0.1200s/iter; left time: 1800.0604s
	iters: 200, epoch: 44 | loss: 0.2739765
	speed: 0.0511s/iter; left time: 762.3872s
Epoch: 44 cost time: 13.561655759811401
Epoch: 44, Steps: 265 | Train Loss: 0.2940412 Vali Loss: 0.1651359 Test Loss: 0.2260915
Validation loss decreased (0.165205 --> 0.165136).  Saving model ...
Updating learning rate to 9.890532945495314e-05
	iters: 100, epoch: 45 | loss: 0.3980529
	speed: 0.1199s/iter; left time: 1766.8738s
	iters: 200, epoch: 45 | loss: 0.2791164
	speed: 0.0512s/iter; left time: 749.1200s
Epoch: 45 cost time: 13.561377763748169
Epoch: 45, Steps: 265 | Train Loss: 0.2916240 Vali Loss: 0.1647536 Test Loss: 0.2258758
Validation loss decreased (0.165136 --> 0.164754).  Saving model ...
Updating learning rate to 9.829374026595078e-05
	iters: 100, epoch: 46 | loss: 0.2787784
	speed: 0.1208s/iter; left time: 1748.2091s
	iters: 200, epoch: 46 | loss: 0.3283150
	speed: 0.0512s/iter; left time: 735.7118s
Epoch: 46 cost time: 13.555169105529785
Epoch: 46, Steps: 265 | Train Loss: 0.2894467 Vali Loss: 0.1646739 Test Loss: 0.2258609
Validation loss decreased (0.164754 --> 0.164674).  Saving model ...
Updating learning rate to 9.754978183992228e-05
	iters: 100, epoch: 47 | loss: 0.3064231
	speed: 0.1198s/iter; left time: 1703.0777s
	iters: 200, epoch: 47 | loss: 0.2106532
	speed: 0.0512s/iter; left time: 722.1085s
Epoch: 47 cost time: 13.55979037284851
Epoch: 47, Steps: 265 | Train Loss: 0.2875362 Vali Loss: 0.1646343 Test Loss: 0.2254577
Validation loss decreased (0.164674 --> 0.164634).  Saving model ...
Updating learning rate to 9.667549331520148e-05
	iters: 100, epoch: 48 | loss: 0.2978184
	speed: 0.1198s/iter; left time: 1670.5718s
	iters: 200, epoch: 48 | loss: 0.2247071
	speed: 0.0512s/iter; left time: 709.0078s
Epoch: 48 cost time: 13.560587644577026
Epoch: 48, Steps: 265 | Train Loss: 0.2853746 Vali Loss: 0.1650386 Test Loss: 0.2255118
EarlyStopping counter: 1 out of 20
Updating learning rate to 9.567327105586355e-05
	iters: 100, epoch: 49 | loss: 0.2332085
	speed: 0.1194s/iter; left time: 1633.5491s
	iters: 200, epoch: 49 | loss: 0.2914958
	speed: 0.0512s/iter; left time: 695.5752s
Epoch: 49 cost time: 13.563230276107788
Epoch: 49, Steps: 265 | Train Loss: 0.2832343 Vali Loss: 0.1646387 Test Loss: 0.2259238
EarlyStopping counter: 2 out of 20
Updating learning rate to 9.454586208345774e-05
	iters: 100, epoch: 50 | loss: 0.2922771
	speed: 0.1193s/iter; left time: 1600.5536s
	iters: 200, epoch: 50 | loss: 0.3261936
	speed: 0.0512s/iter; left time: 681.9805s
Epoch: 50 cost time: 13.564678430557251
Epoch: 50, Steps: 265 | Train Loss: 0.2812710 Vali Loss: 0.1655202 Test Loss: 0.2254315
EarlyStopping counter: 3 out of 20
Updating learning rate to 9.329635654761219e-05
	iters: 100, epoch: 51 | loss: 0.3414211
	speed: 0.1193s/iter; left time: 1569.3840s
	iters: 200, epoch: 51 | loss: 0.3960444
	speed: 0.0512s/iter; left time: 668.0275s
Epoch: 51 cost time: 13.556084156036377
Epoch: 51, Steps: 265 | Train Loss: 0.2798555 Vali Loss: 0.1659037 Test Loss: 0.2260970
EarlyStopping counter: 4 out of 20
Updating learning rate to 9.192817925614859e-05
	iters: 100, epoch: 52 | loss: 0.2931065
	speed: 0.1192s/iter; left time: 1536.4045s
	iters: 200, epoch: 52 | loss: 0.2938159
	speed: 0.0512s/iter; left time: 654.7679s
Epoch: 52 cost time: 13.559460163116455
Epoch: 52, Steps: 265 | Train Loss: 0.2775395 Vali Loss: 0.1657243 Test Loss: 0.2262595
EarlyStopping counter: 5 out of 20
Updating learning rate to 9.044508028792197e-05
	iters: 100, epoch: 53 | loss: 0.2225602
	speed: 0.1194s/iter; left time: 1506.9400s
	iters: 200, epoch: 53 | loss: 0.2293743
	speed: 0.0512s/iter; left time: 641.3396s
Epoch: 53 cost time: 13.56073546409607
Epoch: 53, Steps: 265 | Train Loss: 0.2763352 Vali Loss: 0.1662541 Test Loss: 0.2263249
EarlyStopping counter: 6 out of 20
Updating learning rate to 8.885112471411532e-05
	iters: 100, epoch: 54 | loss: 0.3234747
	speed: 0.1200s/iter; left time: 1482.2010s
	iters: 200, epoch: 54 | loss: 0.2579929
	speed: 0.0512s/iter; left time: 627.4303s
Epoch: 54 cost time: 13.568880558013916
Epoch: 54, Steps: 265 | Train Loss: 0.2739870 Vali Loss: 0.1663464 Test Loss: 0.2261643
EarlyStopping counter: 7 out of 20
Updating learning rate to 8.715068145616196e-05
	iters: 100, epoch: 55 | loss: 0.2539082
	speed: 0.1195s/iter; left time: 1444.9909s
	iters: 200, epoch: 55 | loss: 0.2267376
	speed: 0.0513s/iter; left time: 615.3765s
Epoch: 55 cost time: 13.586625337600708
Epoch: 55, Steps: 265 | Train Loss: 0.2723335 Vali Loss: 0.1674375 Test Loss: 0.2270274
EarlyStopping counter: 8 out of 20
Updating learning rate to 8.534841131083555e-05
	iters: 100, epoch: 56 | loss: 0.2764053
	speed: 0.1196s/iter; left time: 1413.9717s
	iters: 200, epoch: 56 | loss: 0.3085751
	speed: 0.0514s/iter; left time: 602.2089s
Epoch: 56 cost time: 13.592078447341919
Epoch: 56, Steps: 265 | Train Loss: 0.2707051 Vali Loss: 0.1673316 Test Loss: 0.2269282
EarlyStopping counter: 9 out of 20
Updating learning rate to 8.344925417533019e-05
	iters: 100, epoch: 57 | loss: 0.2798780
	speed: 0.1194s/iter; left time: 1380.8043s
	iters: 200, epoch: 57 | loss: 0.2666509
	speed: 0.0513s/iter; left time: 587.5735s
Epoch: 57 cost time: 13.574486017227173
Epoch: 57, Steps: 265 | Train Loss: 0.2688690 Vali Loss: 0.1674202 Test Loss: 0.2273052
EarlyStopping counter: 10 out of 20
Updating learning rate to 8.14584155073455e-05
	iters: 100, epoch: 58 | loss: 0.2795743
	speed: 0.1193s/iter; left time: 1347.9640s
	iters: 200, epoch: 58 | loss: 0.2116253
	speed: 0.0513s/iter; left time: 574.0171s
Epoch: 58 cost time: 13.569156885147095
Epoch: 58, Steps: 265 | Train Loss: 0.2672773 Vali Loss: 0.1676693 Test Loss: 0.2274267
EarlyStopping counter: 11 out of 20
Updating learning rate to 7.938135205728891e-05
	iters: 100, epoch: 59 | loss: 0.3056932
	speed: 0.1194s/iter; left time: 1316.8749s
	iters: 200, epoch: 59 | loss: 0.2443347
	speed: 0.0513s/iter; left time: 560.7024s
Epoch: 59 cost time: 13.570380687713623
Epoch: 59, Steps: 265 | Train Loss: 0.2657898 Vali Loss: 0.1681319 Test Loss: 0.2278285
EarlyStopping counter: 12 out of 20
Updating learning rate to 7.722375691170215e-05
	iters: 100, epoch: 60 | loss: 0.2260918
	speed: 0.1193s/iter; left time: 1283.9795s
	iters: 200, epoch: 60 | loss: 0.2339344
	speed: 0.0513s/iter; left time: 546.6339s
Epoch: 60 cost time: 13.563456535339355
Epoch: 60, Steps: 265 | Train Loss: 0.2645121 Vali Loss: 0.1685006 Test Loss: 0.2284976
EarlyStopping counter: 13 out of 20
Updating learning rate to 7.499154388890664e-05
	iters: 100, epoch: 61 | loss: 0.2623686
	speed: 0.1193s/iter; left time: 1252.5029s
	iters: 200, epoch: 61 | loss: 0.2390248
	speed: 0.0512s/iter; left time: 532.9403s
Epoch: 61 cost time: 13.55872368812561
Epoch: 61, Steps: 265 | Train Loss: 0.2630697 Vali Loss: 0.1675065 Test Loss: 0.2285492
EarlyStopping counter: 14 out of 20
Updating learning rate to 7.269083132963864e-05
	iters: 100, epoch: 62 | loss: 0.2552357
	speed: 0.1192s/iter; left time: 1220.0739s
	iters: 200, epoch: 62 | loss: 0.2731210
	speed: 0.0513s/iter; left time: 519.7115s
Epoch: 62 cost time: 13.564560890197754
Epoch: 62, Steps: 265 | Train Loss: 0.2620406 Vali Loss: 0.1687276 Test Loss: 0.2291536
EarlyStopping counter: 15 out of 20
Updating learning rate to 7.032792532710257e-05
	iters: 100, epoch: 63 | loss: 0.2630451
	speed: 0.1192s/iter; left time: 1188.4997s
	iters: 200, epoch: 63 | loss: 0.2664610
	speed: 0.0513s/iter; left time: 506.4175s
Epoch: 63 cost time: 13.568559169769287
Epoch: 63, Steps: 265 | Train Loss: 0.2607850 Vali Loss: 0.1684905 Test Loss: 0.2288267
EarlyStopping counter: 16 out of 20
Updating learning rate to 6.790930244240778e-05
	iters: 100, epoch: 64 | loss: 0.2471464
	speed: 0.1195s/iter; left time: 1159.6499s
	iters: 200, epoch: 64 | loss: 0.2690056
	speed: 0.0513s/iter; left time: 492.8255s
Epoch: 64 cost time: 13.571783542633057
Epoch: 64, Steps: 265 | Train Loss: 0.2596812 Vali Loss: 0.1681975 Test Loss: 0.2294604
EarlyStopping counter: 17 out of 20
Updating learning rate to 6.544159195276479e-05
	iters: 100, epoch: 65 | loss: 0.2591693
	speed: 0.1193s/iter; left time: 1126.2900s
	iters: 200, epoch: 65 | loss: 0.1913567
	speed: 0.0514s/iter; left time: 479.6619s
Epoch: 65 cost time: 13.57406997680664
Epoch: 65, Steps: 265 | Train Loss: 0.2587468 Vali Loss: 0.1679810 Test Loss: 0.2291130
EarlyStopping counter: 18 out of 20
Updating learning rate to 6.293155768109725e-05
	iters: 100, epoch: 66 | loss: 0.2605262
	speed: 0.1195s/iter; left time: 1096.8692s
	iters: 200, epoch: 66 | loss: 0.2963147
	speed: 0.0513s/iter; left time: 465.4505s
Epoch: 66 cost time: 13.575733661651611
Epoch: 66, Steps: 265 | Train Loss: 0.2572998 Vali Loss: 0.1682279 Test Loss: 0.2293756
EarlyStopping counter: 19 out of 20
Updating learning rate to 6.038607945687349e-05
	iters: 100, epoch: 67 | loss: 0.2147329
	speed: 0.1193s/iter; left time: 1063.4516s
	iters: 200, epoch: 67 | loss: 0.2487830
	speed: 0.0513s/iter; left time: 451.9125s
Epoch: 67 cost time: 13.56943655014038
Epoch: 67, Steps: 265 | Train Loss: 0.2566692 Vali Loss: 0.1679921 Test Loss: 0.2294786
EarlyStopping counter: 20 out of 20
Early stopping
>>>>>>>testing : NL_ettm2_cms_lr0.0001_always_336_192_PatchTST_ETTm2_ftM_sl336_ll48_pl192_dm128_nh16_el3_dl1_df256_fc1_ebtimeF_dtTruelr0.0001_polalways_Nested_Learning_0<<<<<<<<<<<<<<<<<<<<<<<<<<<<<<<<<
test 11329
 Ejecutando Inferencia DINÁMICA (Nested Learning con cms)
  -> Política: always | LR: 0.0001 | Target: head

RESUMEN: El CMS se actualizó 88 veces de 88 posibles.

mse:0.22574305534362793, mae:0.29738909006118774, rse:0.383986234664917
Args in experiment:
Namespace(random_seed=2021, is_training=1, model_id='NL_ettm2_cms_lr0.0001_always_336_336', model='PatchTST', data='ETTm2', root_path='./dataset/', data_path='ETTm2.csv', features='M', target='OT', freq='h', checkpoints='./checkpoints/', seq_len=336, label_len=48, pred_len=336, head_type='cms', cms_lr=0.0001, update_policy='always', fc_dropout=0.2, head_dropout=0.0, patch_len=16, stride=8, padding_patch='end', revin=1, affine=0, subtract_last=0, decomposition=0, kernel_size=25, individual=0, embed_type=0, enc_in=7, dec_in=7, c_out=7, d_model=128, n_heads=16, e_layers=3, d_layers=1, d_ff=256, moving_avg=25, factor=1, distil=True, dropout=0.2, embed='timeF', activation='gelu', output_attention=False, do_predict=False, num_workers=0, itr=1, train_epochs=100, batch_size=128, patience=20, learning_rate=0.0001, des='Nested_Learning', loss='mse', lradj='TST', pct_start=0.4, use_amp=False, use_gpu=True, gpu=0, use_multi_gpu=False, devices='0,1,2,3', test_flop=False)
Use GPU: cuda:0
>>>>>>>start training : NL_ettm2_cms_lr0.0001_always_336_336_PatchTST_ETTm2_ftM_sl336_ll48_pl336_dm128_nh16_el3_dl1_df256_fc1_ebtimeF_dtTruelr0.0001_polalways_Nested_Learning_0>>>>>>>>>>>>>>>>>>>>>>>>>>
train 33889
val 11185
test 11185
	iters: 100, epoch: 1 | loss: 0.5476573
	speed: 0.0700s/iter; left time: 1841.7783s
	iters: 200, epoch: 1 | loss: 0.5568306
	speed: 0.0508s/iter; left time: 1331.8499s
Epoch: 1 cost time: 13.688132524490356
Epoch: 1, Steps: 264 | Train Loss: 0.5086609 Vali Loss: 0.2649436 Test Loss: 0.3465814
Validation loss decreased (inf --> 0.264944).  Saving model ...
Updating learning rate to 4.147995994617984e-06
	iters: 100, epoch: 2 | loss: 0.7510513
	speed: 0.1219s/iter; left time: 3174.7037s
	iters: 200, epoch: 2 | loss: 0.4507458
	speed: 0.0513s/iter; left time: 1331.2038s
Epoch: 2 cost time: 13.550900936126709
Epoch: 2, Steps: 264 | Train Loss: 0.5085734 Vali Loss: 0.2646736 Test Loss: 0.3463146
Validation loss decreased (0.264944 --> 0.264674).  Saving model ...
Updating learning rate to 4.591071361204269e-06
	iters: 100, epoch: 3 | loss: 0.6887316
	speed: 0.1216s/iter; left time: 3133.1974s
	iters: 200, epoch: 3 | loss: 0.6160840
	speed: 0.0514s/iter; left time: 1319.6748s
Epoch: 3 cost time: 13.584835529327393
Epoch: 3, Steps: 264 | Train Loss: 0.5084397 Vali Loss: 0.2645262 Test Loss: 0.3460262
Validation loss decreased (0.264674 --> 0.264526).  Saving model ...
Updating learning rate to 5.3264938756102174e-06
	iters: 100, epoch: 4 | loss: 0.3490553
	speed: 0.1216s/iter; left time: 3100.9952s
	iters: 200, epoch: 4 | loss: 0.6056218
	speed: 0.0516s/iter; left time: 1310.9028s
Epoch: 4 cost time: 13.618114948272705
Epoch: 4, Steps: 264 | Train Loss: 0.5076741 Vali Loss: 0.2642496 Test Loss: 0.3457031
Validation loss decreased (0.264526 --> 0.264250).  Saving model ...
Updating learning rate to 6.349728555065631e-06
	iters: 100, epoch: 5 | loss: 0.5410499
	speed: 0.1218s/iter; left time: 3075.5776s
	iters: 200, epoch: 5 | loss: 0.4543326
	speed: 0.0516s/iter; left time: 1297.6192s
Epoch: 5 cost time: 13.62637996673584
Epoch: 5, Steps: 264 | Train Loss: 0.5074738 Vali Loss: 0.2639495 Test Loss: 0.3453331
Validation loss decreased (0.264250 --> 0.263950).  Saving model ...
Updating learning rate to 7.654465623149092e-06
	iters: 100, epoch: 6 | loss: 0.3446848
	speed: 0.1217s/iter; left time: 3041.0185s
	iters: 200, epoch: 6 | loss: 0.4270562
	speed: 0.0516s/iter; left time: 1284.3239s
Epoch: 6 cost time: 13.631706714630127
Epoch: 6, Steps: 264 | Train Loss: 0.5067020 Vali Loss: 0.2635912 Test Loss: 0.3448870
Validation loss decreased (0.263950 --> 0.263591).  Saving model ...
Updating learning rate to 9.232659419022894e-06
	iters: 100, epoch: 7 | loss: 0.4780576
	speed: 0.1217s/iter; left time: 3007.6424s
	iters: 200, epoch: 7 | loss: 0.5559738
	speed: 0.0516s/iter; left time: 1271.2327s
Epoch: 7 cost time: 13.638036966323853
Epoch: 7, Steps: 264 | Train Loss: 0.5061767 Vali Loss: 0.2632294 Test Loss: 0.3443909
Validation loss decreased (0.263591 --> 0.263229).  Saving model ...
Updating learning rate to 1.1074578010998666e-05
	iters: 100, epoch: 8 | loss: 0.3859812
	speed: 0.1217s/iter; left time: 2976.5905s
	iters: 200, epoch: 8 | loss: 0.6322693
	speed: 0.0516s/iter; left time: 1256.8218s
Epoch: 8 cost time: 13.631423711776733
Epoch: 8, Steps: 264 | Train Loss: 0.5055173 Vali Loss: 0.2630828 Test Loss: 0.3438421
Validation loss decreased (0.263229 --> 0.263083).  Saving model ...
Updating learning rate to 1.3168863208492038e-05
	iters: 100, epoch: 9 | loss: 0.4571615
	speed: 0.1216s/iter; left time: 2941.5171s
	iters: 200, epoch: 9 | loss: 0.3696801
	speed: 0.0516s/iter; left time: 1242.0069s
Epoch: 9 cost time: 13.61475133895874
Epoch: 9, Steps: 264 | Train Loss: 0.5034106 Vali Loss: 0.2622934 Test Loss: 0.3432006
Validation loss decreased (0.263083 --> 0.262293).  Saving model ...
Updating learning rate to 1.5502600602302323e-05
	iters: 100, epoch: 10 | loss: 0.4522758
	speed: 0.1216s/iter; left time: 2909.3602s
	iters: 200, epoch: 10 | loss: 0.5065534
	speed: 0.0517s/iter; left time: 1231.2464s
Epoch: 10 cost time: 13.64083456993103
Epoch: 10, Steps: 264 | Train Loss: 0.5033954 Vali Loss: 0.2617739 Test Loss: 0.3424992
Validation loss decreased (0.262293 --> 0.261774).  Saving model ...
Updating learning rate to 1.8061399201313948e-05
	iters: 100, epoch: 11 | loss: 0.4535061
	speed: 0.1213s/iter; left time: 2870.1497s
	iters: 200, epoch: 11 | loss: 0.6875879
	speed: 0.0516s/iter; left time: 1216.4009s
Epoch: 11 cost time: 13.623716831207275
Epoch: 11, Steps: 264 | Train Loss: 0.5021961 Vali Loss: 0.2611944 Test Loss: 0.3417348
Validation loss decreased (0.261774 --> 0.261194).  Saving model ...
Updating learning rate to 2.08294801745399e-05
	iters: 100, epoch: 12 | loss: 0.3536317
	speed: 0.1215s/iter; left time: 2842.1192s
	iters: 200, epoch: 12 | loss: 0.3307940
	speed: 0.0516s/iter; left time: 1202.6825s
Epoch: 12 cost time: 13.622590065002441
Epoch: 12, Steps: 264 | Train Loss: 0.5013302 Vali Loss: 0.2607208 Test Loss: 0.3409097
Validation loss decreased (0.261194 --> 0.260721).  Saving model ...
Updating learning rate to 2.378977415127951e-05
	iters: 100, epoch: 13 | loss: 0.3371575
	speed: 0.1212s/iter; left time: 2804.7926s
	iters: 200, epoch: 13 | loss: 0.5482605
	speed: 0.0517s/iter; left time: 1190.0199s
Epoch: 13 cost time: 13.625973463058472
Epoch: 13, Steps: 264 | Train Loss: 0.4997787 Vali Loss: 0.2601112 Test Loss: 0.3400185
Validation loss decreased (0.260721 --> 0.260111).  Saving model ...
Updating learning rate to 2.6924026479389104e-05
	iters: 100, epoch: 14 | loss: 0.5137209
	speed: 0.1211s/iter; left time: 2770.4177s
	iters: 200, epoch: 14 | loss: 0.4195664
	speed: 0.0516s/iter; left time: 1174.8200s
Epoch: 14 cost time: 13.625711917877197
Epoch: 14, Steps: 264 | Train Loss: 0.4985812 Vali Loss: 0.2593285 Test Loss: 0.3390538
Validation loss decreased (0.260111 --> 0.259329).  Saving model ...
Updating learning rate to 3.0212909792590238e-05
	iters: 100, epoch: 15 | loss: 0.3283557
	speed: 0.1216s/iter; left time: 2748.7506s
	iters: 200, epoch: 15 | loss: 0.5007074
	speed: 0.0517s/iter; left time: 1162.3855s
Epoch: 15 cost time: 13.630830526351929
Epoch: 15, Steps: 264 | Train Loss: 0.4971563 Vali Loss: 0.2586372 Test Loss: 0.3379979
Validation loss decreased (0.259329 --> 0.258637).  Saving model ...
Updating learning rate to 3.363614319266957e-05
	iters: 100, epoch: 16 | loss: 0.4927354
	speed: 0.1214s/iter; left time: 2711.8940s
	iters: 200, epoch: 16 | loss: 0.5826380
	speed: 0.0517s/iter; left time: 1149.1387s
Epoch: 16 cost time: 13.627918720245361
Epoch: 16, Steps: 264 | Train Loss: 0.4947830 Vali Loss: 0.2575928 Test Loss: 0.3368372
Validation loss decreased (0.258637 --> 0.257593).  Saving model ...
Updating learning rate to 3.7172617311633196e-05
	iters: 100, epoch: 17 | loss: 0.4185890
	speed: 0.1215s/iter; left time: 2681.8082s
	iters: 200, epoch: 17 | loss: 0.4082164
	speed: 0.0517s/iter; left time: 1135.9940s
Epoch: 17 cost time: 13.624173641204834
Epoch: 17, Steps: 264 | Train Loss: 0.4935611 Vali Loss: 0.2564555 Test Loss: 0.3355891
Validation loss decreased (0.257593 --> 0.256456).  Saving model ...
Updating learning rate to 4.0800524482619576e-05
	iters: 100, epoch: 18 | loss: 0.5339612
	speed: 0.1212s/iter; left time: 2643.7235s
	iters: 200, epoch: 18 | loss: 0.5127163
	speed: 0.0517s/iter; left time: 1122.0859s
Epoch: 18 cost time: 13.615808248519897
Epoch: 18, Steps: 264 | Train Loss: 0.4914518 Vali Loss: 0.2557880 Test Loss: 0.3342232
Validation loss decreased (0.256456 --> 0.255788).  Saving model ...
Updating learning rate to 4.449749321687241e-05
	iters: 100, epoch: 19 | loss: 0.4262602
	speed: 0.1210s/iter; left time: 2608.1875s
	iters: 200, epoch: 19 | loss: 0.3642519
	speed: 0.0516s/iter; left time: 1107.2317s
Epoch: 19 cost time: 13.612278699874878
Epoch: 19, Steps: 264 | Train Loss: 0.4898326 Vali Loss: 0.2545525 Test Loss: 0.3327676
Validation loss decreased (0.255788 --> 0.254553).  Saving model ...
Updating learning rate to 4.824072615752094e-05
	iters: 100, epoch: 20 | loss: 0.5677373
	speed: 0.1213s/iter; left time: 2582.0766s
	iters: 200, epoch: 20 | loss: 0.5484316
	speed: 0.0517s/iter; left time: 1094.7297s
Epoch: 20 cost time: 13.621952056884766
Epoch: 20, Steps: 264 | Train Loss: 0.4872242 Vali Loss: 0.2531541 Test Loss: 0.3312438
Validation loss decreased (0.254553 --> 0.253154).  Saving model ...
Updating learning rate to 5.200714065947608e-05
	iters: 100, epoch: 21 | loss: 0.4020835
	speed: 0.1212s/iter; left time: 2547.0736s
	iters: 200, epoch: 21 | loss: 0.4096454
	speed: 0.0516s/iter; left time: 1080.0873s
Epoch: 21 cost time: 13.611239671707153
Epoch: 21, Steps: 264 | Train Loss: 0.4848160 Vali Loss: 0.2521151 Test Loss: 0.3296443
Validation loss decreased (0.253154 --> 0.252115).  Saving model ...
Updating learning rate to 5.577351112855618e-05
	iters: 100, epoch: 22 | loss: 0.4721561
	speed: 0.1214s/iter; left time: 2519.1609s
	iters: 200, epoch: 22 | loss: 0.3872557
	speed: 0.0516s/iter; left time: 1066.7884s
Epoch: 22 cost time: 13.612136125564575
Epoch: 22, Steps: 264 | Train Loss: 0.4824943 Vali Loss: 0.2505585 Test Loss: 0.3280323
Validation loss decreased (0.252115 --> 0.250558).  Saving model ...
Updating learning rate to 5.951661224210828e-05
	iters: 100, epoch: 23 | loss: 0.5174286
	speed: 0.1212s/iter; left time: 2482.9491s
	iters: 200, epoch: 23 | loss: 0.3980388
	speed: 0.0516s/iter; left time: 1052.1519s
Epoch: 23 cost time: 13.605459451675415
Epoch: 23, Steps: 264 | Train Loss: 0.4791178 Vali Loss: 0.2492687 Test Loss: 0.3264047
Validation loss decreased (0.250558 --> 0.249269).  Saving model ...
Updating learning rate to 6.321336216795497e-05
	iters: 100, epoch: 24 | loss: 0.6108454
	speed: 0.1213s/iter; left time: 2453.6356s
	iters: 200, epoch: 24 | loss: 0.5221615
	speed: 0.0516s/iter; left time: 1038.2663s
Epoch: 24 cost time: 13.602985620498657
Epoch: 24, Steps: 264 | Train Loss: 0.4766462 Vali Loss: 0.2479026 Test Loss: 0.3247614
Validation loss decreased (0.249269 --> 0.247903).  Saving model ...
Updating learning rate to 6.684096489850761e-05
	iters: 100, epoch: 25 | loss: 0.3312740
	speed: 0.1211s/iter; left time: 2417.5196s
	iters: 200, epoch: 25 | loss: 0.4566352
	speed: 0.0516s/iter; left time: 1024.2126s
Epoch: 25 cost time: 13.600514650344849
Epoch: 25, Steps: 264 | Train Loss: 0.4736634 Vali Loss: 0.2462499 Test Loss: 0.3230794
Validation loss decreased (0.247903 --> 0.246250).  Saving model ...
Updating learning rate to 7.03770508223417e-05
	iters: 100, epoch: 26 | loss: 0.4024900
	speed: 0.1210s/iter; left time: 2384.2751s
	iters: 200, epoch: 26 | loss: 0.4580351
	speed: 0.0516s/iter; left time: 1010.5238s
Epoch: 26 cost time: 13.596336841583252
Epoch: 26, Steps: 264 | Train Loss: 0.4711854 Vali Loss: 0.2449173 Test Loss: 0.3213108
Validation loss decreased (0.246250 --> 0.244917).  Saving model ...
Updating learning rate to 7.379981466640088e-05
	iters: 100, epoch: 27 | loss: 0.3791825
	speed: 0.1213s/iter; left time: 2358.3740s
	iters: 200, epoch: 27 | loss: 0.5867959
	speed: 0.0516s/iter; left time: 997.4552s
Epoch: 27 cost time: 13.598721742630005
Epoch: 27, Steps: 264 | Train Loss: 0.4676065 Vali Loss: 0.2434137 Test Loss: 0.3194715
Validation loss decreased (0.244917 --> 0.243414).  Saving model ...
Updating learning rate to 7.708814995820833e-05
	iters: 100, epoch: 28 | loss: 0.3920586
	speed: 0.1210s/iter; left time: 2320.2008s
	iters: 200, epoch: 28 | loss: 0.5090149
	speed: 0.0515s/iter; left time: 983.1540s
Epoch: 28 cost time: 13.592064619064331
Epoch: 28, Steps: 264 | Train Loss: 0.4644507 Vali Loss: 0.2418371 Test Loss: 0.3176417
Validation loss decreased (0.243414 --> 0.241837).  Saving model ...
Updating learning rate to 8.022177917892456e-05
	iters: 100, epoch: 29 | loss: 0.4587448
	speed: 0.1212s/iter; left time: 2291.9296s
	iters: 200, epoch: 29 | loss: 0.4597158
	speed: 0.0515s/iter; left time: 968.9362s
Epoch: 29 cost time: 13.587404012680054
Epoch: 29, Steps: 264 | Train Loss: 0.4606095 Vali Loss: 0.2404541 Test Loss: 0.3157422
Validation loss decreased (0.241837 --> 0.240454).  Saving model ...
Updating learning rate to 8.318137880466269e-05
	iters: 100, epoch: 30 | loss: 0.5671205
	speed: 0.1210s/iter; left time: 2255.6702s
	iters: 200, epoch: 30 | loss: 0.3694728
	speed: 0.0515s/iter; left time: 955.8054s
Epoch: 30 cost time: 13.594865083694458
Epoch: 30, Steps: 264 | Train Loss: 0.4578963 Vali Loss: 0.2386617 Test Loss: 0.3137490
Validation loss decreased (0.240454 --> 0.238662).  Saving model ...
Updating learning rate to 8.594869846499432e-05
	iters: 100, epoch: 31 | loss: 0.6051407
	speed: 0.1211s/iter; left time: 2225.6359s
	iters: 200, epoch: 31 | loss: 0.4009265
	speed: 0.0515s/iter; left time: 941.5285s
Epoch: 31 cost time: 13.583809614181519
Epoch: 31, Steps: 264 | Train Loss: 0.4537320 Vali Loss: 0.2370967 Test Loss: 0.3117619
Validation loss decreased (0.238662 --> 0.237097).  Saving model ...
Updating learning rate to 8.85066734838546e-05
	iters: 100, epoch: 32 | loss: 0.3837661
	speed: 0.1209s/iter; left time: 2190.7027s
	iters: 200, epoch: 32 | loss: 0.4804132
	speed: 0.0515s/iter; left time: 928.3674s
Epoch: 32 cost time: 13.582213401794434
Epoch: 32, Steps: 264 | Train Loss: 0.4502920 Vali Loss: 0.2354486 Test Loss: 0.3097073
Validation loss decreased (0.237097 --> 0.235449).  Saving model ...
Updating learning rate to 9.083953010886336e-05
	iters: 100, epoch: 33 | loss: 0.4333992
	speed: 0.1209s/iter; left time: 2159.1401s
	iters: 200, epoch: 33 | loss: 0.7287370
	speed: 0.0515s/iter; left time: 914.4385s
Epoch: 33 cost time: 13.582245588302612
Epoch: 33, Steps: 264 | Train Loss: 0.4468158 Vali Loss: 0.2335310 Test Loss: 0.3076597
Validation loss decreased (0.235449 --> 0.233531).  Saving model ...
Updating learning rate to 9.29328827801656e-05
	iters: 100, epoch: 34 | loss: 0.4395870
	speed: 0.1211s/iter; left time: 2130.3201s
	iters: 200, epoch: 34 | loss: 0.5130913
	speed: 0.0515s/iter; left time: 901.3705s
Epoch: 34 cost time: 13.580513715744019
Epoch: 34, Steps: 264 | Train Loss: 0.4429654 Vali Loss: 0.2319344 Test Loss: 0.3055901
Validation loss decreased (0.233531 --> 0.231934).  Saving model ...
Updating learning rate to 9.477382283898318e-05
	iters: 100, epoch: 35 | loss: 0.3623820
	speed: 0.1209s/iter; left time: 2094.0506s
	iters: 200, epoch: 35 | loss: 0.3360675
	speed: 0.0515s/iter; left time: 887.5843s
Epoch: 35 cost time: 13.58538269996643
Epoch: 35, Steps: 264 | Train Loss: 0.4385788 Vali Loss: 0.2301107 Test Loss: 0.3035619
Validation loss decreased (0.231934 --> 0.230111).  Saving model ...
Updating learning rate to 9.635099812885627e-05
	iters: 100, epoch: 36 | loss: 0.3719618
	speed: 0.1211s/iter; left time: 2066.8011s
	iters: 200, epoch: 36 | loss: 0.4066033
	speed: 0.0515s/iter; left time: 873.8772s
Epoch: 36 cost time: 13.581547260284424
Epoch: 36, Steps: 264 | Train Loss: 0.4347806 Vali Loss: 0.2285750 Test Loss: 0.3014472
Validation loss decreased (0.230111 --> 0.228575).  Saving model ...
Updating learning rate to 9.765468299871352e-05
	iters: 100, epoch: 37 | loss: 0.4133847
	speed: 0.1210s/iter; left time: 2032.7704s
	iters: 200, epoch: 37 | loss: 0.3279127
	speed: 0.0515s/iter; left time: 860.3853s
Epoch: 37 cost time: 13.583881139755249
Epoch: 37, Steps: 264 | Train Loss: 0.4307382 Vali Loss: 0.2267224 Test Loss: 0.2994499
Validation loss decreased (0.228575 --> 0.226722).  Saving model ...
Updating learning rate to 9.86768382760973e-05
	iters: 100, epoch: 38 | loss: 0.4535978
	speed: 0.1211s/iter; left time: 2001.4183s
	iters: 200, epoch: 38 | loss: 0.5922191
	speed: 0.0515s/iter; left time: 846.6074s
Epoch: 38 cost time: 13.583181142807007
Epoch: 38, Steps: 264 | Train Loss: 0.4264012 Vali Loss: 0.2252028 Test Loss: 0.2975547
Validation loss decreased (0.226722 --> 0.225203).  Saving model ...
Updating learning rate to 9.941116084071886e-05
	iters: 100, epoch: 39 | loss: 0.2876883
	speed: 0.1210s/iter; left time: 1969.1369s
	iters: 200, epoch: 39 | loss: 0.3051328
	speed: 0.0514s/iter; left time: 830.9971s
Epoch: 39 cost time: 13.549941778182983
Epoch: 39, Steps: 264 | Train Loss: 0.4230011 Vali Loss: 0.2237348 Test Loss: 0.2956507
Validation loss decreased (0.225203 --> 0.223735).  Saving model ...
Updating learning rate to 9.985312249264813e-05
	iters: 100, epoch: 40 | loss: 0.3188642
	speed: 0.1204s/iter; left time: 1926.5411s
	iters: 200, epoch: 40 | loss: 0.5379013
	speed: 0.0512s/iter; left time: 814.7147s
Epoch: 40 cost time: 13.501270294189453
Epoch: 40, Steps: 264 | Train Loss: 0.4186468 Vali Loss: 0.2222176 Test Loss: 0.2938356
Validation loss decreased (0.223735 --> 0.222218).  Saving model ...
Updating learning rate to 9.999999901660576e-05
	iters: 100, epoch: 41 | loss: 0.4497010
	speed: 0.1206s/iter; left time: 1898.6824s
	iters: 200, epoch: 41 | loss: 0.4888771
	speed: 0.0514s/iter; left time: 804.5149s
Epoch: 41 cost time: 13.54231858253479
Epoch: 41, Steps: 264 | Train Loss: 0.4144657 Vali Loss: 0.2210080 Test Loss: 0.2920666
Validation loss decreased (0.222218 --> 0.221008).  Saving model ...
Updating learning rate to 9.99309570348355e-05
	iters: 100, epoch: 42 | loss: 0.3709090
	speed: 0.1209s/iter; left time: 1870.7958s
	iters: 200, epoch: 42 | loss: 0.4950598
	speed: 0.0516s/iter; left time: 792.8025s
Epoch: 42 cost time: 13.584099292755127
Epoch: 42, Steps: 264 | Train Loss: 0.4104340 Vali Loss: 0.2198451 Test Loss: 0.2903719
Validation loss decreased (0.221008 --> 0.219845).  Saving model ...
Updating learning rate to 9.972505831867712e-05
	iters: 100, epoch: 43 | loss: 0.4141569
	speed: 0.1211s/iter; left time: 1842.7469s
	iters: 200, epoch: 43 | loss: 0.6173792
	speed: 0.0515s/iter; left time: 778.6502s
Epoch: 43 cost time: 13.576654434204102
Epoch: 43, Steps: 264 | Train Loss: 0.4063518 Vali Loss: 0.2184739 Test Loss: 0.2889791
Validation loss decreased (0.219845 --> 0.218474).  Saving model ...
Updating learning rate to 9.938286722219978e-05
	iters: 100, epoch: 44 | loss: 0.3084160
	speed: 0.1209s/iter; left time: 1806.5905s
	iters: 200, epoch: 44 | loss: 0.4923984
	speed: 0.0515s/iter; left time: 764.8569s
Epoch: 44 cost time: 13.57713508605957
Epoch: 44, Steps: 264 | Train Loss: 0.4030044 Vali Loss: 0.2177936 Test Loss: 0.2873892
Validation loss decreased (0.218474 --> 0.217794).  Saving model ...
Updating learning rate to 9.890532166741349e-05
	iters: 100, epoch: 45 | loss: 0.4456792
	speed: 0.1210s/iter; left time: 1776.1843s
	iters: 200, epoch: 45 | loss: 0.3834725
	speed: 0.0515s/iter; left time: 751.4221s
Epoch: 45 cost time: 13.580247402191162
Epoch: 45, Steps: 264 | Train Loss: 0.3982903 Vali Loss: 0.2172327 Test Loss: 0.2862968
Validation loss decreased (0.217794 --> 0.217233).  Saving model ...
Updating learning rate to 9.829373057349015e-05
	iters: 100, epoch: 46 | loss: 0.3283383
	speed: 0.1210s/iter; left time: 1745.3006s
	iters: 200, epoch: 46 | loss: 0.3444681
	speed: 0.0515s/iter; left time: 737.9867s
Epoch: 46 cost time: 13.582503080368042
Epoch: 46, Steps: 264 | Train Loss: 0.3947938 Vali Loss: 0.2159825 Test Loss: 0.2853745
Validation loss decreased (0.217233 --> 0.215983).  Saving model ...
Updating learning rate to 9.754977026910703e-05
	iters: 100, epoch: 47 | loss: 0.4902216
	speed: 0.1209s/iter; left time: 1712.1170s
	iters: 200, epoch: 47 | loss: 0.4132580
	speed: 0.0515s/iter; left time: 724.5862s
Epoch: 47 cost time: 13.587412118911743
Epoch: 47, Steps: 264 | Train Loss: 0.3903663 Vali Loss: 0.2153375 Test Loss: 0.2845693
Validation loss decreased (0.215983 --> 0.215337).  Saving model ...
Updating learning rate to 9.66754798977464e-05
	iters: 100, epoch: 48 | loss: 0.3085047
	speed: 0.1212s/iter; left time: 1683.3823s
	iters: 200, epoch: 48 | loss: 0.4293294
	speed: 0.0515s/iter; left time: 710.4487s
Epoch: 48 cost time: 13.584054470062256
Epoch: 48, Steps: 264 | Train Loss: 0.3870749 Vali Loss: 0.2150033 Test Loss: 0.2838068
Validation loss decreased (0.215337 --> 0.215003).  Saving model ...
Updating learning rate to 9.567325582854496e-05
	iters: 100, epoch: 49 | loss: 0.4545777
	speed: 0.1209s/iter; left time: 1648.3785s
	iters: 200, epoch: 49 | loss: 0.3704976
	speed: 0.0515s/iter; left time: 697.3579s
Epoch: 49 cost time: 13.589637279510498
Epoch: 49, Steps: 264 | Train Loss: 0.3832499 Vali Loss: 0.2146068 Test Loss: 0.2831163
Validation loss decreased (0.215003 --> 0.214607).  Saving model ...
Updating learning rate to 9.454584508801265e-05
	iters: 100, epoch: 50 | loss: 0.3336546
	speed: 0.1212s/iter; left time: 1619.6413s
	iters: 200, epoch: 50 | loss: 0.3869600
	speed: 0.0515s/iter; left time: 683.3450s
Epoch: 50 cost time: 13.585604429244995
Epoch: 50, Steps: 264 | Train Loss: 0.3796728 Vali Loss: 0.2144129 Test Loss: 0.2828365
Validation loss decreased (0.214607 --> 0.214413).  Saving model ...
Updating learning rate to 9.329633783062396e-05
	iters: 100, epoch: 51 | loss: 0.3722772
	speed: 0.1210s/iter; left time: 1584.9100s
	iters: 200, epoch: 51 | loss: 0.3376696
	speed: 0.0515s/iter; left time: 669.7151s
Epoch: 51 cost time: 13.584054470062256
Epoch: 51, Steps: 264 | Train Loss: 0.3759032 Vali Loss: 0.2146191 Test Loss: 0.2821706
EarlyStopping counter: 1 out of 20
Updating learning rate to 9.192815886891915e-05
	iters: 100, epoch: 52 | loss: 0.3000978
	speed: 0.1204s/iter; left time: 1545.6256s
	iters: 200, epoch: 52 | loss: 0.3683214
	speed: 0.0515s/iter; left time: 656.0590s
Epoch: 52 cost time: 13.584266662597656
Epoch: 52, Steps: 264 | Train Loss: 0.3730291 Vali Loss: 0.2143396 Test Loss: 0.2819324
Validation loss decreased (0.214413 --> 0.214340).  Saving model ...
Updating learning rate to 9.044505828633132e-05
	iters: 100, epoch: 53 | loss: 0.4032676
	speed: 0.1212s/iter; left time: 1524.1758s
	iters: 200, epoch: 53 | loss: 0.5617316
	speed: 0.0515s/iter; left time: 641.9043s
Epoch: 53 cost time: 13.583788871765137
Epoch: 53, Steps: 264 | Train Loss: 0.3691510 Vali Loss: 0.2138429 Test Loss: 0.2816391
Validation loss decreased (0.214340 --> 0.213843).  Saving model ...
Updating learning rate to 8.88511011584683e-05
	iters: 100, epoch: 54 | loss: 0.3384931
	speed: 0.1209s/iter; left time: 1488.2201s
	iters: 200, epoch: 54 | loss: 0.3851289
	speed: 0.0515s/iter; left time: 628.5064s
Epoch: 54 cost time: 13.58066177368164
Epoch: 54, Steps: 264 | Train Loss: 0.3661687 Vali Loss: 0.2145276 Test Loss: 0.2809227
EarlyStopping counter: 1 out of 20
Updating learning rate to 8.715065641102294e-05
	iters: 100, epoch: 55 | loss: 0.2942062
	speed: 0.1206s/iter; left time: 1453.2243s
	iters: 200, epoch: 55 | loss: 0.4210433
	speed: 0.0515s/iter; left time: 614.9127s
Epoch: 55 cost time: 13.5872642993927
Epoch: 55, Steps: 264 | Train Loss: 0.3623348 Vali Loss: 0.2130144 Test Loss: 0.2808674
Validation loss decreased (0.213843 --> 0.213014).  Saving model ...
Updating learning rate to 8.534838484485153e-05
	iters: 100, epoch: 56 | loss: 0.2857140
	speed: 0.1210s/iter; left time: 1425.2877s
	iters: 200, epoch: 56 | loss: 0.3120986
	speed: 0.0515s/iter; left time: 601.2234s
Epoch: 56 cost time: 13.58371877670288
Epoch: 56, Steps: 264 | Train Loss: 0.3591503 Vali Loss: 0.2132678 Test Loss: 0.2799232
EarlyStopping counter: 1 out of 20
Updating learning rate to 8.344922636104257e-05
	iters: 100, epoch: 57 | loss: 0.3315594
	speed: 0.1207s/iter; left time: 1390.0414s
	iters: 200, epoch: 57 | loss: 0.4279853
	speed: 0.0515s/iter; left time: 587.5216s
Epoch: 57 cost time: 13.583310604095459
Epoch: 57, Steps: 264 | Train Loss: 0.3560439 Vali Loss: 0.2133246 Test Loss: 0.2792832
EarlyStopping counter: 2 out of 20
Updating learning rate to 8.145838642099132e-05
	iters: 100, epoch: 58 | loss: 0.4033341
	speed: 0.1204s/iter; left time: 1354.8352s
	iters: 200, epoch: 58 | loss: 0.3394200
	speed: 0.0514s/iter; left time: 573.6913s
Epoch: 58 cost time: 13.578994035720825
Epoch: 58, Steps: 264 | Train Loss: 0.3534681 Vali Loss: 0.2126899 Test Loss: 0.2791748
Validation loss decreased (0.213014 --> 0.212690).  Saving model ...
Updating learning rate to 7.938132177859184e-05
	iters: 100, epoch: 59 | loss: 0.3883344
	speed: 0.1210s/iter; left time: 1329.2646s
	iters: 200, epoch: 59 | loss: 0.2642198
	speed: 0.0514s/iter; left time: 560.1247s
Epoch: 59 cost time: 13.583125352859497
Epoch: 59, Steps: 264 | Train Loss: 0.3507560 Vali Loss: 0.2133865 Test Loss: 0.2797708
EarlyStopping counter: 1 out of 20
Updating learning rate to 7.7223725523654e-05
	iters: 100, epoch: 60 | loss: 0.4141716
	speed: 0.1207s/iter; left time: 1294.0081s
	iters: 200, epoch: 60 | loss: 0.3225712
	speed: 0.0514s/iter; left time: 546.3807s
Epoch: 60 cost time: 13.58074688911438
Epoch: 60, Steps: 264 | Train Loss: 0.3482645 Vali Loss: 0.2136729 Test Loss: 0.2793205
EarlyStopping counter: 2 out of 20
Updating learning rate to 7.499151147753989e-05
	iters: 100, epoch: 61 | loss: 0.3244970
	speed: 0.1205s/iter; left time: 1260.2575s
	iters: 200, epoch: 61 | loss: 0.3034534
	speed: 0.0515s/iter; left time: 533.0838s
Epoch: 61 cost time: 13.585368871688843
Epoch: 61, Steps: 264 | Train Loss: 0.3461607 Vali Loss: 0.2131886 Test Loss: 0.2790769
EarlyStopping counter: 3 out of 20
Updating learning rate to 7.269079798379057e-05
	iters: 100, epoch: 62 | loss: 0.3250707
	speed: 0.1208s/iter; left time: 1231.7883s
	iters: 200, epoch: 62 | loss: 0.3633055
	speed: 0.0515s/iter; left time: 520.3391s
Epoch: 62 cost time: 13.604501962661743
Epoch: 62, Steps: 264 | Train Loss: 0.3439681 Vali Loss: 0.2129183 Test Loss: 0.2797242
EarlyStopping counter: 4 out of 20
Updating learning rate to 7.032789113817185e-05
	iters: 100, epoch: 63 | loss: 0.2950729
	speed: 0.1327s/iter; left time: 1318.3291s
	iters: 200, epoch: 63 | loss: 0.2738709
	speed: 0.0514s/iter; left time: 505.5477s
Epoch: 63 cost time: 13.794564247131348
Epoch: 63, Steps: 264 | Train Loss: 0.3419741 Vali Loss: 0.2124343 Test Loss: 0.2793566
Validation loss decreased (0.212690 --> 0.212434).  Saving model ...
Updating learning rate to 6.790926750410386e-05
	iters: 100, epoch: 64 | loss: 0.2900644
	speed: 0.1207s/iter; left time: 1167.3502s
	iters: 200, epoch: 64 | loss: 0.3461129
	speed: 0.0514s/iter; left time: 492.1079s
Epoch: 64 cost time: 13.578073024749756
Epoch: 64, Steps: 264 | Train Loss: 0.3400358 Vali Loss: 0.2137768 Test Loss: 0.2797406
EarlyStopping counter: 1 out of 20
Updating learning rate to 6.544155636085115e-05
	iters: 100, epoch: 65 | loss: 0.2839653
	speed: 0.1206s/iter; left time: 1133.8607s
	iters: 200, epoch: 65 | loss: 0.3639398
	speed: 0.0514s/iter; left time: 478.6748s
Epoch: 65 cost time: 13.575720310211182
Epoch: 65, Steps: 264 | Train Loss: 0.3384414 Vali Loss: 0.2129794 Test Loss: 0.2795675
EarlyStopping counter: 2 out of 20
Updating learning rate to 6.293152153312886e-05
	iters: 100, epoch: 66 | loss: 0.3257990
	speed: 0.1203s/iter; left time: 1099.3470s
	iters: 200, epoch: 66 | loss: 0.3082990
	speed: 0.0514s/iter; left time: 464.7657s
Epoch: 66 cost time: 13.568938970565796
Epoch: 66, Steps: 264 | Train Loss: 0.3364703 Vali Loss: 0.2135625 Test Loss: 0.2808008
EarlyStopping counter: 3 out of 20
Updating learning rate to 6.03860428519294e-05
	iters: 100, epoch: 67 | loss: 0.3767531
	speed: 0.1204s/iter; left time: 1069.1539s
	iters: 200, epoch: 67 | loss: 0.3534741
	speed: 0.0514s/iter; left time: 451.0431s
Epoch: 67 cost time: 13.565375328063965
Epoch: 67, Steps: 264 | Train Loss: 0.3347648 Vali Loss: 0.2130671 Test Loss: 0.2805078
EarlyStopping counter: 4 out of 20
Updating learning rate to 5.781209729738391e-05
	iters: 100, epoch: 68 | loss: 0.3560759
	speed: 0.1202s/iter; left time: 1035.3883s
	iters: 200, epoch: 68 | loss: 0.3403426
	speed: 0.0514s/iter; left time: 437.2899s
Epoch: 68 cost time: 13.561658143997192
Epoch: 68, Steps: 264 | Train Loss: 0.3331974 Vali Loss: 0.2132015 Test Loss: 0.2808579
EarlyStopping counter: 5 out of 20
Updating learning rate to 5.52167398753446e-05
	iters: 100, epoch: 69 | loss: 0.2454329
	speed: 0.1202s/iter; left time: 1003.4885s
	iters: 200, epoch: 69 | loss: 0.2838559
	speed: 0.0514s/iter; left time: 423.6409s
Epoch: 69 cost time: 13.55879282951355
Epoch: 69, Steps: 264 | Train Loss: 0.3320780 Vali Loss: 0.2144873 Test Loss: 0.2806174
EarlyStopping counter: 6 out of 20
Updating learning rate to 5.260708428010421e-05
	iters: 100, epoch: 70 | loss: 0.3571514
	speed: 0.1204s/iter; left time: 973.0432s
	iters: 200, epoch: 70 | loss: 0.3488820
	speed: 0.0514s/iter; left time: 410.1704s
Epoch: 70 cost time: 13.563138723373413
Epoch: 70, Steps: 264 | Train Loss: 0.3305955 Vali Loss: 0.2135601 Test Loss: 0.2804771
EarlyStopping counter: 7 out of 20
Updating learning rate to 4.9990283396254354e-05
	iters: 100, epoch: 71 | loss: 0.3420864
	speed: 0.1201s/iter; left time: 939.6298s
	iters: 200, epoch: 71 | loss: 0.2606679
	speed: 0.0514s/iter; left time: 396.7165s
Epoch: 71 cost time: 13.55939769744873
Epoch: 71, Steps: 264 | Train Loss: 0.3290286 Vali Loss: 0.2138149 Test Loss: 0.2814195
EarlyStopping counter: 8 out of 20
Updating learning rate to 4.737350969312607e-05
	iters: 100, epoch: 72 | loss: 0.3714072
	speed: 0.1201s/iter; left time: 907.3656s
	iters: 200, epoch: 72 | loss: 0.2908934
	speed: 0.0514s/iter; left time: 383.0254s
Epoch: 72 cost time: 13.558417558670044
Epoch: 72, Steps: 264 | Train Loss: 0.3280199 Vali Loss: 0.2139537 Test Loss: 0.2811962
EarlyStopping counter: 9 out of 20
Updating learning rate to 4.476393556554994e-05
	iters: 100, epoch: 73 | loss: 0.3183203
	speed: 0.1201s/iter; left time: 876.0725s
	iters: 200, epoch: 73 | loss: 0.3368676
	speed: 0.0514s/iter; left time: 369.5634s
Epoch: 73 cost time: 13.560601949691772
Epoch: 73, Steps: 264 | Train Loss: 0.3262284 Vali Loss: 0.2140606 Test Loss: 0.2816689
EarlyStopping counter: 10 out of 20
Updating learning rate to 4.216871367482033e-05
	iters: 100, epoch: 74 | loss: 0.3214019
	speed: 0.1204s/iter; left time: 845.9863s
	iters: 200, epoch: 74 | loss: 0.3404597
	speed: 0.0514s/iter; left time: 356.0851s
Epoch: 74 cost time: 13.560142278671265
Epoch: 74, Steps: 264 | Train Loss: 0.3259215 Vali Loss: 0.2140817 Test Loss: 0.2818513
EarlyStopping counter: 11 out of 20
Updating learning rate to 3.9594957343748134e-05
	iters: 100, epoch: 75 | loss: 0.2812535
	speed: 0.1201s/iter; left time: 812.4560s
	iters: 200, epoch: 75 | loss: 0.3039408
	speed: 0.0514s/iter; left time: 342.5900s
Epoch: 75 cost time: 13.561249017715454
Epoch: 75, Steps: 264 | Train Loss: 0.3250463 Vali Loss: 0.2155243 Test Loss: 0.2815422
EarlyStopping counter: 12 out of 20
Updating learning rate to 3.704972105953714e-05
	iters: 100, epoch: 76 | loss: 0.2585621
	speed: 0.1201s/iter; left time: 780.7469s
	iters: 200, epoch: 76 | loss: 0.3271950
	speed: 0.0514s/iter; left time: 328.9392s
Epoch: 76 cost time: 13.558406829833984
Epoch: 76, Steps: 264 | Train Loss: 0.3239987 Vali Loss: 0.2147394 Test Loss: 0.2818005
EarlyStopping counter: 13 out of 20
Updating learning rate to 3.453998113792522e-05
	iters: 100, epoch: 77 | loss: 0.3492045
	speed: 0.1204s/iter; left time: 750.6269s
	iters: 200, epoch: 77 | loss: 0.3456473
	speed: 0.0514s/iter; left time: 315.4568s
Epoch: 77 cost time: 13.55858039855957
Epoch: 77, Steps: 264 | Train Loss: 0.3229215 Vali Loss: 0.2152759 Test Loss: 0.2823860
EarlyStopping counter: 14 out of 20
Updating learning rate to 3.2072616601587606e-05
	iters: 100, epoch: 78 | loss: 0.3380049
	speed: 0.1201s/iter; left time: 717.5898s
	iters: 200, epoch: 78 | loss: 0.4029410
	speed: 0.0514s/iter; left time: 302.0276s
Epoch: 78 cost time: 13.562190055847168
Epoch: 78, Steps: 264 | Train Loss: 0.3223793 Vali Loss: 0.2146953 Test Loss: 0.2821836
EarlyStopping counter: 15 out of 20
Updating learning rate to 2.9654390325214005e-05
	iters: 100, epoch: 79 | loss: 0.3659073
	speed: 0.1201s/iter; left time: 685.7457s
	iters: 200, epoch: 79 | loss: 0.3697562
	speed: 0.0514s/iter; left time: 288.3472s
Epoch: 79 cost time: 13.563064813613892
Epoch: 79, Steps: 264 | Train Loss: 0.3217015 Vali Loss: 0.2153534 Test Loss: 0.2829091
EarlyStopping counter: 16 out of 20
Updating learning rate to 2.729193049893908e-05
	iters: 100, epoch: 80 | loss: 0.2733492
	speed: 0.1201s/iter; left time: 653.9331s
	iters: 200, epoch: 80 | loss: 0.4653949
	speed: 0.0514s/iter; left time: 274.6726s
Epoch: 80 cost time: 13.55922818183899
Epoch: 80, Steps: 264 | Train Loss: 0.3207317 Vali Loss: 0.2150844 Test Loss: 0.2829213
EarlyStopping counter: 17 out of 20
Updating learning rate to 2.4991712460934126e-05
	iters: 100, epoch: 81 | loss: 0.3773290
	speed: 0.1203s/iter; left time: 623.5047s
	iters: 200, epoch: 81 | loss: 0.4104813
	speed: 0.0514s/iter; left time: 261.2742s
Epoch: 81 cost time: 13.56204104423523
Epoch: 81, Steps: 264 | Train Loss: 0.3204430 Vali Loss: 0.2154507 Test Loss: 0.2827903
EarlyStopping counter: 18 out of 20
Updating learning rate to 2.2760040948955092e-05
	iters: 100, epoch: 82 | loss: 0.2941177
	speed: 0.1201s/iter; left time: 590.7251s
	iters: 200, epoch: 82 | loss: 0.4075045
	speed: 0.0514s/iter; left time: 247.5443s
Epoch: 82 cost time: 13.559426546096802
Epoch: 82, Steps: 264 | Train Loss: 0.3195354 Vali Loss: 0.2155307 Test Loss: 0.2830206
EarlyStopping counter: 19 out of 20
Updating learning rate to 2.060303281949472e-05
	iters: 100, epoch: 83 | loss: 0.3864369
	speed: 0.1201s/iter; left time: 558.8682s
	iters: 200, epoch: 83 | loss: 0.2844711
	speed: 0.0514s/iter; left time: 234.0202s
Epoch: 83 cost time: 13.563134908676147
Epoch: 83, Steps: 264 | Train Loss: 0.3193937 Vali Loss: 0.2157531 Test Loss: 0.2827821
EarlyStopping counter: 20 out of 20
Early stopping
>>>>>>>testing : NL_ettm2_cms_lr0.0001_always_336_336_PatchTST_ETTm2_ftM_sl336_ll48_pl336_dm128_nh16_el3_dl1_df256_fc1_ebtimeF_dtTruelr0.0001_polalways_Nested_Learning_0<<<<<<<<<<<<<<<<<<<<<<<<<<<<<<<<<
test 11185
 Ejecutando Inferencia DINÁMICA (Nested Learning con cms)
  -> Política: always | LR: 0.0001 | Target: head

RESUMEN: El CMS se actualizó 87 veces de 87 posibles.

mse:0.2795703113079071, mae:0.33342495560646057, rse:0.4265890419483185
Args in experiment:
Namespace(random_seed=2021, is_training=1, model_id='NL_ettm2_cms_lr0.0001_always_336_720', model='PatchTST', data='ETTm2', root_path='./dataset/', data_path='ETTm2.csv', features='M', target='OT', freq='h', checkpoints='./checkpoints/', seq_len=336, label_len=48, pred_len=720, head_type='cms', cms_lr=0.0001, update_policy='always', fc_dropout=0.2, head_dropout=0.0, patch_len=16, stride=8, padding_patch='end', revin=1, affine=0, subtract_last=0, decomposition=0, kernel_size=25, individual=0, embed_type=0, enc_in=7, dec_in=7, c_out=7, d_model=128, n_heads=16, e_layers=3, d_layers=1, d_ff=256, moving_avg=25, factor=1, distil=True, dropout=0.2, embed='timeF', activation='gelu', output_attention=False, do_predict=False, num_workers=0, itr=1, train_epochs=100, batch_size=128, patience=20, learning_rate=0.0001, des='Nested_Learning', loss='mse', lradj='TST', pct_start=0.4, use_amp=False, use_gpu=True, gpu=0, use_multi_gpu=False, devices='0,1,2,3', test_flop=False)
Use GPU: cuda:0
>>>>>>>start training : NL_ettm2_cms_lr0.0001_always_336_720_PatchTST_ETTm2_ftM_sl336_ll48_pl720_dm128_nh16_el3_dl1_df256_fc1_ebtimeF_dtTruelr0.0001_polalways_Nested_Learning_0>>>>>>>>>>>>>>>>>>>>>>>>>>
train 33505
val 10801
test 10801
	iters: 100, epoch: 1 | loss: 0.5802040
	speed: 0.0689s/iter; left time: 1791.5704s
	iters: 200, epoch: 1 | loss: 0.6760850
	speed: 0.0516s/iter; left time: 1336.1316s
Epoch: 1 cost time: 13.689712285995483
Epoch: 1, Steps: 261 | Train Loss: 0.6095892 Vali Loss: 0.3193282 Test Loss: 0.4252444
Validation loss decreased (inf --> 0.319328).  Saving model ...
Updating learning rate to 4.147996316662011e-06
	iters: 100, epoch: 2 | loss: 0.6990868
	speed: 0.1233s/iter; left time: 3174.1703s
	iters: 200, epoch: 2 | loss: 0.6341554
	speed: 0.0519s/iter; left time: 1330.3743s
Epoch: 2 cost time: 13.529111623764038
Epoch: 2, Steps: 261 | Train Loss: 0.6082873 Vali Loss: 0.3193479 Test Loss: 0.4250644
EarlyStopping counter: 1 out of 20
Updating learning rate to 4.591072645408634e-06
	iters: 100, epoch: 3 | loss: 0.6123025
	speed: 0.1227s/iter; left time: 3125.1829s
	iters: 200, epoch: 3 | loss: 0.4850529
	speed: 0.0521s/iter; left time: 1323.3573s
Epoch: 3 cost time: 13.578653335571289
Epoch: 3, Steps: 261 | Train Loss: 0.6090712 Vali Loss: 0.3185299 Test Loss: 0.4248557
Validation loss decreased (0.319328 --> 0.318530).  Saving model ...
Updating learning rate to 5.326496750212602e-06
	iters: 100, epoch: 4 | loss: 0.6516256
	speed: 0.1233s/iter; left time: 3109.9847s
	iters: 200, epoch: 4 | loss: 0.7135133
	speed: 0.0521s/iter; left time: 1308.8337s
Epoch: 4 cost time: 13.585827112197876
Epoch: 4, Steps: 261 | Train Loss: 0.6087162 Vali Loss: 0.3185840 Test Loss: 0.4246061
EarlyStopping counter: 1 out of 20
Updating learning rate to 6.349733628628268e-06
	iters: 100, epoch: 5 | loss: 0.5027087
	speed: 0.1228s/iter; left time: 3065.9419s
	iters: 200, epoch: 5 | loss: 0.5076407
	speed: 0.0522s/iter; left time: 1296.3559s
Epoch: 5 cost time: 13.596299171447754
Epoch: 5, Steps: 261 | Train Loss: 0.6086380 Vali Loss: 0.3182586 Test Loss: 0.4243434
Validation loss decreased (0.318530 --> 0.318259).  Saving model ...
Updating learning rate to 7.654473476944045e-06
	iters: 100, epoch: 6 | loss: 0.5481128
	speed: 0.1234s/iter; left time: 3047.5312s
	iters: 200, epoch: 6 | loss: 0.5384999
	speed: 0.0521s/iter; left time: 1281.4303s
Epoch: 6 cost time: 13.59376573562622
Epoch: 6, Steps: 261 | Train Loss: 0.6077647 Vali Loss: 0.3183314 Test Loss: 0.4240436
EarlyStopping counter: 1 out of 20
Updating learning rate to 9.232670599670218e-06
	iters: 100, epoch: 7 | loss: 0.4809595
	speed: 0.1231s/iter; left time: 3008.1579s
	iters: 200, epoch: 7 | loss: 0.4942423
	speed: 0.0521s/iter; left time: 1268.1671s
Epoch: 7 cost time: 13.598963975906372
Epoch: 7, Steps: 261 | Train Loss: 0.6069464 Vali Loss: 0.3181763 Test Loss: 0.4236649
Validation loss decreased (0.318259 --> 0.318176).  Saving model ...
Updating learning rate to 1.1074593023426382e-05
	iters: 100, epoch: 8 | loss: 0.4763479
	speed: 0.1232s/iter; left time: 2977.3327s
	iters: 200, epoch: 8 | loss: 0.5392359
	speed: 0.0521s/iter; left time: 1254.0755s
Epoch: 8 cost time: 13.592507362365723
Epoch: 8, Steps: 261 | Train Loss: 0.6062827 Vali Loss: 0.3173141 Test Loss: 0.4232471
Validation loss decreased (0.318176 --> 0.317314).  Saving model ...
Updating learning rate to 1.3168882509283648e-05
	iters: 100, epoch: 9 | loss: 0.6758065
	speed: 0.1233s/iter; left time: 2948.5696s
	iters: 200, epoch: 9 | loss: 0.4627396
	speed: 0.0521s/iter; left time: 1240.8727s
Epoch: 9 cost time: 13.596978664398193
Epoch: 9, Steps: 261 | Train Loss: 0.6059101 Vali Loss: 0.3172629 Test Loss: 0.4228225
Validation loss decreased (0.317314 --> 0.317263).  Saving model ...
Updating learning rate to 1.5502624593494887e-05
	iters: 100, epoch: 10 | loss: 0.5832964
	speed: 0.1234s/iter; left time: 2919.7687s
	iters: 200, epoch: 10 | loss: 0.5423465
	speed: 0.0521s/iter; left time: 1227.4470s
Epoch: 10 cost time: 13.597660541534424
Epoch: 10, Steps: 261 | Train Loss: 0.6051269 Vali Loss: 0.3170108 Test Loss: 0.4223396
Validation loss decreased (0.317263 --> 0.317011).  Saving model ...
Updating learning rate to 1.806142822470586e-05
	iters: 100, epoch: 11 | loss: 0.4677336
	speed: 0.1233s/iter; left time: 2884.2111s
	iters: 200, epoch: 11 | loss: 0.8281606
	speed: 0.0521s/iter; left time: 1213.0034s
Epoch: 11 cost time: 13.588384628295898
Epoch: 11, Steps: 261 | Train Loss: 0.6040916 Vali Loss: 0.3163725 Test Loss: 0.4218289
Validation loss decreased (0.317011 --> 0.316372).  Saving model ...
Updating learning rate to 2.0829514506563195e-05
	iters: 100, epoch: 12 | loss: 0.6873133
	speed: 0.1235s/iter; left time: 2857.0349s
	iters: 200, epoch: 12 | loss: 0.5514445
	speed: 0.0521s/iter; left time: 1199.2744s
Epoch: 12 cost time: 13.586901187896729
Epoch: 12, Steps: 261 | Train Loss: 0.6037063 Vali Loss: 0.3157199 Test Loss: 0.4212959
Validation loss decreased (0.316372 --> 0.315720).  Saving model ...
Updating learning rate to 2.3789813998487008e-05
	iters: 100, epoch: 13 | loss: 0.7617051
	speed: 0.1232s/iter; left time: 2816.3434s
	iters: 200, epoch: 13 | loss: 0.7217730
	speed: 0.0521s/iter; left time: 1186.0555s
Epoch: 13 cost time: 13.59222412109375
Epoch: 13, Steps: 261 | Train Loss: 0.6025256 Vali Loss: 0.3154794 Test Loss: 0.4207485
Validation loss decreased (0.315720 --> 0.315479).  Saving model ...
Updating learning rate to 2.6924071974601397e-05
	iters: 100, epoch: 14 | loss: 0.4703421
	speed: 0.1235s/iter; left time: 2793.0557s
	iters: 200, epoch: 14 | loss: 0.6054516
	speed: 0.0521s/iter; left time: 1173.2245s
Epoch: 14 cost time: 13.591672420501709
Epoch: 14, Steps: 261 | Train Loss: 0.6021680 Vali Loss: 0.3151656 Test Loss: 0.4201747
Validation loss decreased (0.315479 --> 0.315166).  Saving model ...
Updating learning rate to 3.0212960991742456e-05
	iters: 100, epoch: 15 | loss: 0.8059240
	speed: 0.1233s/iter; left time: 2755.3315s
	iters: 200, epoch: 15 | loss: 0.4874163
	speed: 0.0522s/iter; left time: 1160.1970s
Epoch: 15 cost time: 13.596853017807007
Epoch: 15, Steps: 261 | Train Loss: 0.6009346 Vali Loss: 0.3145862 Test Loss: 0.4195819
Validation loss decreased (0.315166 --> 0.314586).  Saving model ...
Updating learning rate to 3.363620007239161e-05
	iters: 100, epoch: 16 | loss: 0.7394114
	speed: 0.1230s/iter; left time: 2717.3847s
	iters: 200, epoch: 16 | loss: 0.5248486
	speed: 0.0521s/iter; left time: 1145.2950s
Epoch: 16 cost time: 13.593554973602295
Epoch: 16, Steps: 261 | Train Loss: 0.5997611 Vali Loss: 0.3143094 Test Loss: 0.4189507
Validation loss decreased (0.314586 --> 0.314309).  Saving model ...
Updating learning rate to 3.717267976759092e-05
	iters: 100, epoch: 17 | loss: 0.6170329
	speed: 0.1230s/iter; left time: 2685.5317s
	iters: 200, epoch: 17 | loss: 0.5061024
	speed: 0.0520s/iter; left time: 1130.7000s
Epoch: 17 cost time: 13.581170797348022
Epoch: 17, Steps: 261 | Train Loss: 0.5993264 Vali Loss: 0.3133969 Test Loss: 0.4182983
Validation loss decreased (0.314309 --> 0.313397).  Saving model ...
Updating learning rate to 4.0800592328638756e-05
	iters: 100, epoch: 18 | loss: 0.4864474
	speed: 0.1233s/iter; left time: 2659.4016s
	iters: 200, epoch: 18 | loss: 0.6401429
	speed: 0.0521s/iter; left time: 1117.6647s
Epoch: 18 cost time: 13.59157395362854
Epoch: 18, Steps: 261 | Train Loss: 0.5975630 Vali Loss: 0.3133269 Test Loss: 0.4176008
Validation loss decreased (0.313397 --> 0.313327).  Saving model ...
Updating learning rate to 4.449756618485984e-05
	iters: 100, epoch: 19 | loss: 0.5683457
	speed: 0.1231s/iter; left time: 2621.5290s
	iters: 200, epoch: 19 | loss: 0.5653217
	speed: 0.0521s/iter; left time: 1103.9438s
Epoch: 19 cost time: 13.58797550201416
Epoch: 19, Steps: 261 | Train Loss: 0.5971265 Vali Loss: 0.3124405 Test Loss: 0.4168613
Validation loss decreased (0.313327 --> 0.312440).  Saving model ...
Updating learning rate to 4.824080389819096e-05
	iters: 100, epoch: 20 | loss: 0.5154796
	speed: 0.1230s/iter; left time: 2588.9532s
	iters: 200, epoch: 20 | loss: 0.5380193
	speed: 0.0521s/iter; left time: 1091.3914s
Epoch: 20 cost time: 13.594882488250732
Epoch: 20, Steps: 261 | Train Loss: 0.5962973 Vali Loss: 0.3120814 Test Loss: 0.4161017
Validation loss decreased (0.312440 --> 0.312081).  Saving model ...
Updating learning rate to 5.2007222743883666e-05
	iters: 100, epoch: 21 | loss: 0.6809794
	speed: 0.1229s/iter; left time: 2553.6655s
	iters: 200, epoch: 21 | loss: 0.5898514
	speed: 0.0521s/iter; left time: 1077.2584s
Epoch: 21 cost time: 13.58559799194336
Epoch: 21, Steps: 261 | Train Loss: 0.5949264 Vali Loss: 0.3116300 Test Loss: 0.4153242
Validation loss decreased (0.312081 --> 0.311630).  Saving model ...
Updating learning rate to 5.577359705043091e-05
	iters: 100, epoch: 22 | loss: 0.5214025
	speed: 0.1234s/iter; left time: 2532.1302s
	iters: 200, epoch: 22 | loss: 0.4470544
	speed: 0.0521s/iter; left time: 1064.7306s
Epoch: 22 cost time: 13.595178604125977
Epoch: 22, Steps: 261 | Train Loss: 0.5940502 Vali Loss: 0.3110697 Test Loss: 0.4145564
Validation loss decreased (0.311630 --> 0.311070).  Saving model ...
Updating learning rate to 5.951670142097692e-05
	iters: 100, epoch: 23 | loss: 0.5657550
	speed: 0.1231s/iter; left time: 2493.1527s
	iters: 200, epoch: 23 | loss: 0.5022739
	speed: 0.0522s/iter; left time: 1053.0658s
Epoch: 23 cost time: 13.61418342590332
Epoch: 23, Steps: 261 | Train Loss: 0.5930384 Vali Loss: 0.3105488 Test Loss: 0.4137887
Validation loss decreased (0.311070 --> 0.310549).  Saving model ...
Updating learning rate to 6.321345395303321e-05
	iters: 100, epoch: 24 | loss: 0.4806145
	speed: 0.1231s/iter; left time: 2461.0859s
	iters: 200, epoch: 24 | loss: 0.7588406
	speed: 0.0523s/iter; left time: 1039.7853s
Epoch: 24 cost time: 13.619529962539673
Epoch: 24, Steps: 261 | Train Loss: 0.5919887 Vali Loss: 0.3100613 Test Loss: 0.4130698
Validation loss decreased (0.310549 --> 0.310061).  Saving model ...
Updating learning rate to 6.6841058573335e-05
	iters: 100, epoch: 25 | loss: 0.5254788
	speed: 0.1233s/iter; left time: 2433.1003s
	iters: 200, epoch: 25 | loss: 0.6260073
	speed: 0.0523s/iter; left time: 1027.7021s
Epoch: 25 cost time: 13.639735460281372
Epoch: 25, Steps: 261 | Train Loss: 0.5908618 Vali Loss: 0.3091229 Test Loss: 0.4123273
Validation loss decreased (0.310061 --> 0.309123).  Saving model ...
Updating learning rate to 7.037714561012768e-05
	iters: 100, epoch: 26 | loss: 0.4118600
	speed: 0.1239s/iter; left time: 2413.2607s
	iters: 200, epoch: 26 | loss: 0.5835284
	speed: 0.0524s/iter; left time: 1015.0954s
Epoch: 26 cost time: 13.654056549072266
Epoch: 26, Steps: 261 | Train Loss: 0.5898182 Vali Loss: 0.3087731 Test Loss: 0.4115972
Validation loss decreased (0.309123 --> 0.308773).  Saving model ...
Updating learning rate to 7.379990973604285e-05
	iters: 100, epoch: 27 | loss: 0.6044495
	speed: 0.1235s/iter; left time: 2373.3942s
	iters: 200, epoch: 27 | loss: 0.6878017
	speed: 0.0524s/iter; left time: 1002.2228s
Epoch: 27 cost time: 13.665393352508545
Epoch: 27, Steps: 261 | Train Loss: 0.5882410 Vali Loss: 0.3082390 Test Loss: 0.4108202
Validation loss decreased (0.308773 --> 0.308239).  Saving model ...
Updating learning rate to 7.708824443093723e-05
	iters: 100, epoch: 28 | loss: 0.4052651
	speed: 0.1236s/iter; left time: 2343.1650s
	iters: 200, epoch: 28 | loss: 0.6312296
	speed: 0.0525s/iter; left time: 989.0785s
Epoch: 28 cost time: 13.67422342300415
Epoch: 28, Steps: 261 | Train Loss: 0.5871339 Vali Loss: 0.3075918 Test Loss: 0.4100557
Validation loss decreased (0.308239 --> 0.307592).  Saving model ...
Updating learning rate to 8.022187213552767e-05
	iters: 100, epoch: 29 | loss: 0.6007623
	speed: 0.1237s/iter; left time: 2313.0491s
	iters: 200, epoch: 29 | loss: 0.5295608
	speed: 0.0524s/iter; left time: 974.9941s
Epoch: 29 cost time: 13.677998304367065
Epoch: 29, Steps: 261 | Train Loss: 0.5860004 Vali Loss: 0.3070244 Test Loss: 0.4092533
Validation loss decreased (0.307592 --> 0.307024).  Saving model ...
Updating learning rate to 8.318146929322795e-05
	iters: 100, epoch: 30 | loss: 0.6087239
	speed: 0.1237s/iter; left time: 2279.5175s
	iters: 200, epoch: 30 | loss: 0.5767018
	speed: 0.0525s/iter; left time: 962.1348s
Epoch: 30 cost time: 13.686149597167969
Epoch: 30, Steps: 261 | Train Loss: 0.5845055 Vali Loss: 0.3062813 Test Loss: 0.4083956
Validation loss decreased (0.307024 --> 0.306281).  Saving model ...
Updating learning rate to 8.59487855091154e-05
	iters: 100, epoch: 31 | loss: 0.5609598
	speed: 0.1241s/iter; left time: 2254.5586s
	iters: 200, epoch: 31 | loss: 0.6431159
	speed: 0.0525s/iter; left time: 949.3089s
Epoch: 31 cost time: 13.695497274398804
Epoch: 31, Steps: 261 | Train Loss: 0.5832382 Vali Loss: 0.3055522 Test Loss: 0.4075149
Validation loss decreased (0.306281 --> 0.305552).  Saving model ...
Updating learning rate to 8.850675609123214e-05
	iters: 100, epoch: 32 | loss: 0.6967582
	speed: 0.1240s/iter; left time: 2220.3949s
	iters: 200, epoch: 32 | loss: 0.5645061
	speed: 0.0525s/iter; left time: 934.6237s
Epoch: 32 cost time: 13.694658756256104
Epoch: 32, Steps: 261 | Train Loss: 0.5821162 Vali Loss: 0.3045896 Test Loss: 0.4065848
Validation loss decreased (0.305552 --> 0.304590).  Saving model ...
Updating learning rate to 9.083960728023302e-05
	iters: 100, epoch: 33 | loss: 0.5314451
	speed: 0.1239s/iter; left time: 2187.1383s
	iters: 200, epoch: 33 | loss: 0.6021824
	speed: 0.0525s/iter; left time: 921.9810s
Epoch: 33 cost time: 13.70596432685852
Epoch: 33, Steps: 261 | Train Loss: 0.5803030 Vali Loss: 0.3041897 Test Loss: 0.4056048
Validation loss decreased (0.304590 --> 0.304190).  Saving model ...
Updating learning rate to 9.293295351848083e-05
	iters: 100, epoch: 34 | loss: 0.4196460
	speed: 0.1240s/iter; left time: 2155.5932s
	iters: 200, epoch: 34 | loss: 0.6911578
	speed: 0.0526s/iter; left time: 908.7173s
Epoch: 34 cost time: 13.709864616394043
Epoch: 34, Steps: 261 | Train Loss: 0.5788100 Vali Loss: 0.3035080 Test Loss: 0.4046083
Validation loss decreased (0.304190 --> 0.303508).  Saving model ...
Updating learning rate to 9.47738861587773e-05
	iters: 100, epoch: 35 | loss: 0.4897423
	speed: 0.1241s/iter; left time: 2125.6351s
	iters: 200, epoch: 35 | loss: 0.6450150
	speed: 0.0527s/iter; left time: 896.5673s
Epoch: 35 cost time: 13.71598482131958
Epoch: 35, Steps: 261 | Train Loss: 0.5770592 Vali Loss: 0.3026599 Test Loss: 0.4035676
Validation loss decreased (0.303508 --> 0.302660).  Saving model ...
Updating learning rate to 9.635105306570629e-05
	iters: 100, epoch: 36 | loss: 0.5762327
	speed: 0.1245s/iter; left time: 2100.5689s
	iters: 200, epoch: 36 | loss: 0.6159424
	speed: 0.0527s/iter; left time: 882.8342s
Epoch: 36 cost time: 13.725851774215698
Epoch: 36, Steps: 261 | Train Loss: 0.5751564 Vali Loss: 0.3017789 Test Loss: 0.4024474
Validation loss decreased (0.302660 --> 0.301779).  Saving model ...
Updating learning rate to 9.765472861872672e-05
	iters: 100, epoch: 37 | loss: 0.6158074
	speed: 0.1241s/iter; left time: 2060.9850s
	iters: 200, epoch: 37 | loss: 0.6004840
	speed: 0.0526s/iter; left time: 868.2721s
Epoch: 37 cost time: 13.72441029548645
Epoch: 37, Steps: 261 | Train Loss: 0.5735278 Vali Loss: 0.3010362 Test Loss: 0.4012956
Validation loss decreased (0.301779 --> 0.301036).  Saving model ...
Updating learning rate to 9.867687368533986e-05
	iters: 100, epoch: 38 | loss: 0.5743033
	speed: 0.1242s/iter; left time: 2030.0528s
	iters: 200, epoch: 38 | loss: 0.5152175
	speed: 0.0526s/iter; left time: 855.0906s
Epoch: 38 cost time: 13.733862400054932
Epoch: 38, Steps: 261 | Train Loss: 0.5718997 Vali Loss: 0.3003186 Test Loss: 0.4001980
Validation loss decreased (0.301036 --> 0.300319).  Saving model ...
Updating learning rate to 9.941118519450599e-05
	iters: 100, epoch: 39 | loss: 0.5060587
	speed: 0.1240s/iter; left time: 1994.2387s
	iters: 200, epoch: 39 | loss: 0.6258593
	speed: 0.0528s/iter; left time: 843.2708s
Epoch: 39 cost time: 13.742546796798706
Epoch: 39, Steps: 261 | Train Loss: 0.5693095 Vali Loss: 0.2989833 Test Loss: 0.3991546
Validation loss decreased (0.300319 --> 0.298983).  Saving model ...
Updating learning rate to 9.985313500461516e-05
	iters: 100, epoch: 40 | loss: 0.5328301
	speed: 0.1246s/iter; left time: 1971.6884s
	iters: 200, epoch: 40 | loss: 0.6452926
	speed: 0.0527s/iter; left time: 829.1457s
Epoch: 40 cost time: 13.741217613220215
Epoch: 40, Steps: 261 | Train Loss: 0.5670465 Vali Loss: 0.2982787 Test Loss: 0.3979249
Validation loss decreased (0.298983 --> 0.298279).  Saving model ...
Updating learning rate to 9.999999899386908e-05
	iters: 100, epoch: 41 | loss: 0.5567899
	speed: 0.1241s/iter; left time: 1931.1618s
	iters: 200, epoch: 41 | loss: 0.5182244
	speed: 0.0528s/iter; left time: 815.9804s
Epoch: 41 cost time: 13.748640298843384
Epoch: 41, Steps: 261 | Train Loss: 0.5651962 Vali Loss: 0.2978343 Test Loss: 0.3967139
Validation loss decreased (0.298279 --> 0.297834).  Saving model ...
Updating learning rate to 9.993095104667097e-05
	iters: 100, epoch: 42 | loss: 0.5858455
	speed: 0.1242s/iter; left time: 1900.1394s
	iters: 200, epoch: 42 | loss: 0.5922820
	speed: 0.0528s/iter; left time: 802.4823s
Epoch: 42 cost time: 13.758359432220459
Epoch: 42, Steps: 261 | Train Loss: 0.5626500 Vali Loss: 0.2964363 Test Loss: 0.3954943
Validation loss decreased (0.297834 --> 0.296436).  Saving model ...
Updating learning rate to 9.97250463814979e-05
	iters: 100, epoch: 43 | loss: 0.5377817
	speed: 0.1242s/iter; left time: 1867.1590s
	iters: 200, epoch: 43 | loss: 0.7453028
	speed: 0.0528s/iter; left time: 788.3906s
Epoch: 43 cost time: 13.760550260543823
Epoch: 43, Steps: 261 | Train Loss: 0.5598365 Vali Loss: 0.2960865 Test Loss: 0.3941929
Validation loss decreased (0.296436 --> 0.296087).  Saving model ...
Updating learning rate to 9.938284936872484e-05
	iters: 100, epoch: 44 | loss: 0.7777171
	speed: 0.1246s/iter; left time: 1841.2287s
	iters: 200, epoch: 44 | loss: 0.5064169
	speed: 0.0528s/iter; left time: 775.4901s
Epoch: 44 cost time: 13.784210920333862
Epoch: 44, Steps: 261 | Train Loss: 0.5575326 Vali Loss: 0.2950239 Test Loss: 0.3928723
Validation loss decreased (0.296087 --> 0.295024).  Saving model ...
Updating learning rate to 9.890529794657798e-05
	iters: 100, epoch: 45 | loss: 0.5443750
	speed: 0.1246s/iter; left time: 1808.1132s
	iters: 200, epoch: 45 | loss: 0.5530571
	speed: 0.0529s/iter; left time: 762.0320s
Epoch: 45 cost time: 13.78247618675232
Epoch: 45, Steps: 261 | Train Loss: 0.5548405 Vali Loss: 0.2948634 Test Loss: 0.3915080
Validation loss decreased (0.295024 --> 0.294863).  Saving model ...
Updating learning rate to 9.829370105031122e-05
	iters: 100, epoch: 46 | loss: 0.5493601
	speed: 0.1246s/iter; left time: 1776.3555s
	iters: 200, epoch: 46 | loss: 0.5530335
	speed: 0.0529s/iter; left time: 748.6055s
Epoch: 46 cost time: 13.77866530418396
Epoch: 46, Steps: 261 | Train Loss: 0.5528805 Vali Loss: 0.2940319 Test Loss: 0.3902151
Validation loss decreased (0.294863 --> 0.294032).  Saving model ...
Updating learning rate to 9.754973502450565e-05
	iters: 100, epoch: 47 | loss: 0.3987000
	speed: 0.1246s/iter; left time: 1743.3382s
	iters: 200, epoch: 47 | loss: 0.5924772
	speed: 0.0529s/iter; left time: 734.4601s
Epoch: 47 cost time: 13.781424283981323
Epoch: 47, Steps: 261 | Train Loss: 0.5491963 Vali Loss: 0.2931496 Test Loss: 0.3888856
Validation loss decreased (0.294032 --> 0.293150).  Saving model ...
Updating learning rate to 9.667543902832558e-05
	iters: 100, epoch: 48 | loss: 0.5335965
	speed: 0.1246s/iter; left time: 1711.6760s
	iters: 200, epoch: 48 | loss: 0.6371306
	speed: 0.0528s/iter; left time: 720.3006s
Epoch: 48 cost time: 13.777520418167114
Epoch: 48, Steps: 261 | Train Loss: 0.5470326 Vali Loss: 0.2927513 Test Loss: 0.3874309
Validation loss decreased (0.293150 --> 0.292751).  Saving model ...
Updating learning rate to 9.567320944632494e-05
	iters: 100, epoch: 49 | loss: 0.4902839
	speed: 0.1248s/iter; left time: 1681.8950s
	iters: 200, epoch: 49 | loss: 0.4559288
	speed: 0.0529s/iter; left time: 707.1365s
Epoch: 49 cost time: 13.78367567062378
Epoch: 49, Steps: 261 | Train Loss: 0.5434050 Vali Loss: 0.2925271 Test Loss: 0.3860922
Validation loss decreased (0.292751 --> 0.292527).  Saving model ...
Updating learning rate to 9.45457933201239e-05
	iters: 100, epoch: 50 | loss: 0.6250875
	speed: 0.1248s/iter; left time: 1648.5997s
	iters: 200, epoch: 50 | loss: 0.4477960
	speed: 0.0528s/iter; left time: 692.7674s
Epoch: 50 cost time: 13.776742458343506
Epoch: 50, Steps: 261 | Train Loss: 0.5402484 Vali Loss: 0.2920986 Test Loss: 0.3846176
Validation loss decreased (0.292527 --> 0.292099).  Saving model ...
Updating learning rate to 9.329628081895862e-05
	iters: 100, epoch: 51 | loss: 0.4147221
	speed: 0.1244s/iter; left time: 1610.5061s
	iters: 200, epoch: 51 | loss: 0.5795166
	speed: 0.0529s/iter; left time: 679.7249s
Epoch: 51 cost time: 13.78309440612793
Epoch: 51, Steps: 261 | Train Loss: 0.5376151 Vali Loss: 0.2917028 Test Loss: 0.3828468
Validation loss decreased (0.292099 --> 0.291703).  Saving model ...
Updating learning rate to 9.192809676974225e-05
	iters: 100, epoch: 52 | loss: 0.4672990
	speed: 0.1243s/iter; left time: 1577.8005s
	iters: 200, epoch: 52 | loss: 0.5406222
	speed: 0.0529s/iter; left time: 666.4181s
Epoch: 52 cost time: 13.790434122085571
Epoch: 52, Steps: 261 | Train Loss: 0.5335833 Vali Loss: 0.2908753 Test Loss: 0.3816852
Validation loss decreased (0.291703 --> 0.290875).  Saving model ...
Updating learning rate to 9.044499126985239e-05
	iters: 100, epoch: 53 | loss: 0.4395696
	speed: 0.1247s/iter; left time: 1549.4946s
	iters: 200, epoch: 53 | loss: 0.3873887
	speed: 0.0529s/iter; left time: 652.5424s
Epoch: 53 cost time: 13.78836703300476
Epoch: 53, Steps: 261 | Train Loss: 0.5318240 Vali Loss: 0.2909403 Test Loss: 0.3805755
EarlyStopping counter: 1 out of 20
Updating learning rate to 8.885102940837483e-05
	iters: 100, epoch: 54 | loss: 0.6443305
	speed: 0.1239s/iter; left time: 1507.3093s
	iters: 200, epoch: 54 | loss: 0.5655115
	speed: 0.0529s/iter; left time: 638.8380s
Epoch: 54 cost time: 13.794170618057251
Epoch: 54, Steps: 261 | Train Loss: 0.5277406 Vali Loss: 0.2908820 Test Loss: 0.3791521
EarlyStopping counter: 2 out of 20
Updating learning rate to 8.715058012397698e-05
	iters: 100, epoch: 55 | loss: 0.4314826
	speed: 0.1237s/iter; left time: 1472.9971s
	iters: 200, epoch: 55 | loss: 0.5159048
	speed: 0.0529s/iter; left time: 624.0538s
Epoch: 55 cost time: 13.777091264724731
Epoch: 55, Steps: 261 | Train Loss: 0.5252567 Vali Loss: 0.2902011 Test Loss: 0.3784421
Validation loss decreased (0.290875 --> 0.290201).  Saving model ...
Updating learning rate to 8.534830422995055e-05
	iters: 100, epoch: 56 | loss: 0.4502873
	speed: 0.1241s/iter; left time: 1445.4796s
	iters: 200, epoch: 56 | loss: 0.6287212
	speed: 0.0528s/iter; left time: 609.2796s
Epoch: 56 cost time: 13.759956359863281
Epoch: 56, Steps: 261 | Train Loss: 0.5224126 Vali Loss: 0.2900308 Test Loss: 0.3774988
Validation loss decreased (0.290201 --> 0.290031).  Saving model ...
Updating learning rate to 8.344914163924644e-05
	iters: 100, epoch: 57 | loss: 0.3695702
	speed: 0.1240s/iter; left time: 1411.8957s
	iters: 200, epoch: 57 | loss: 0.4947055
	speed: 0.0526s/iter; left time: 594.1041s
Epoch: 57 cost time: 13.727205753326416
Epoch: 57, Steps: 261 | Train Loss: 0.5198442 Vali Loss: 0.2901753 Test Loss: 0.3760016
EarlyStopping counter: 1 out of 20
Updating learning rate to 8.145829782451657e-05
	iters: 100, epoch: 58 | loss: 0.5405217
	speed: 0.1237s/iter; left time: 1375.8477s
	iters: 200, epoch: 58 | loss: 0.5415247
	speed: 0.0526s/iter; left time: 579.4005s
Epoch: 58 cost time: 13.714449644088745
Epoch: 58, Steps: 261 | Train Loss: 0.5164623 Vali Loss: 0.2901744 Test Loss: 0.3752407
EarlyStopping counter: 2 out of 20
Updating learning rate to 7.938122955027528e-05
	iters: 100, epoch: 59 | loss: 0.5476577
	speed: 0.1234s/iter; left time: 1340.4404s
	iters: 200, epoch: 59 | loss: 0.5628583
	speed: 0.0525s/iter; left time: 565.2073s
Epoch: 59 cost time: 13.70245361328125
Epoch: 59, Steps: 261 | Train Loss: 0.5134767 Vali Loss: 0.2901229 Test Loss: 0.3743942
EarlyStopping counter: 3 out of 20
Updating learning rate to 7.722362991628698e-05
	iters: 100, epoch: 60 | loss: 0.5654794
	speed: 0.1266s/iter; left time: 1342.6809s
	iters: 200, epoch: 60 | loss: 0.5479788
	speed: 0.0525s/iter; left time: 550.9580s
Epoch: 60 cost time: 13.688297271728516
Epoch: 60, Steps: 261 | Train Loss: 0.5103472 Vali Loss: 0.2904619 Test Loss: 0.3737669
EarlyStopping counter: 4 out of 20
Updating learning rate to 7.499141275317558e-05
	iters: 100, epoch: 61 | loss: 0.5728598
	speed: 0.1231s/iter; left time: 1273.1319s
	iters: 200, epoch: 61 | loss: 0.5475850
	speed: 0.0524s/iter; left time: 537.1169s
Epoch: 61 cost time: 13.689189434051514
Epoch: 61, Steps: 261 | Train Loss: 0.5083704 Vali Loss: 0.2906553 Test Loss: 0.3726258
EarlyStopping counter: 5 out of 20
Updating learning rate to 7.269069641302562e-05
	iters: 100, epoch: 62 | loss: 0.5186014
	speed: 0.1234s/iter; left time: 1243.5956s
	iters: 200, epoch: 62 | loss: 0.5529694
	speed: 0.0524s/iter; left time: 523.2456s
Epoch: 62 cost time: 13.679105997085571
Epoch: 62, Steps: 261 | Train Loss: 0.5049576 Vali Loss: 0.2905650 Test Loss: 0.3722635
EarlyStopping counter: 6 out of 20
Updating learning rate to 7.032778699940462e-05
	iters: 100, epoch: 63 | loss: 0.4865122
	speed: 0.1236s/iter; left time: 1213.7772s
	iters: 200, epoch: 63 | loss: 0.4448602
	speed: 0.0524s/iter; left time: 509.4183s
Epoch: 63 cost time: 13.668689250946045
Epoch: 63, Steps: 261 | Train Loss: 0.5029009 Vali Loss: 0.2903664 Test Loss: 0.3717558
EarlyStopping counter: 7 out of 20
Updating learning rate to 6.79091610827715e-05
	iters: 100, epoch: 64 | loss: 0.5870086
	speed: 0.1233s/iter; left time: 1178.6451s
	iters: 200, epoch: 64 | loss: 0.4605542
	speed: 0.0524s/iter; left time: 495.2980s
Epoch: 64 cost time: 13.657401323318481
Epoch: 64, Steps: 261 | Train Loss: 0.4997411 Vali Loss: 0.2907727 Test Loss: 0.3713395
EarlyStopping counter: 8 out of 20
Updating learning rate to 6.544144794864713e-05
	iters: 100, epoch: 65 | loss: 0.4879738
	speed: 0.1231s/iter; left time: 1144.7749s
	iters: 200, epoch: 65 | loss: 0.3915334
	speed: 0.0524s/iter; left time: 481.6055s
Epoch: 65 cost time: 13.658525943756104
Epoch: 65, Steps: 261 | Train Loss: 0.4978270 Vali Loss: 0.2914692 Test Loss: 0.3709179
EarlyStopping counter: 9 out of 20
Updating learning rate to 6.293141142720349e-05
	iters: 100, epoch: 66 | loss: 0.4155802
	speed: 0.1229s/iter; left time: 1110.2037s
	iters: 200, epoch: 66 | loss: 0.3594667
	speed: 0.0523s/iter; left time: 467.4988s
Epoch: 66 cost time: 13.648302555084229
Epoch: 66, Steps: 261 | Train Loss: 0.4951721 Vali Loss: 0.2910573 Test Loss: 0.3706271
EarlyStopping counter: 10 out of 20
Updating learning rate to 6.038593135407538e-05
	iters: 100, epoch: 67 | loss: 0.4382643
	speed: 0.1229s/iter; left time: 1078.6142s
	iters: 200, epoch: 67 | loss: 0.4306243
	speed: 0.0523s/iter; left time: 453.3275s
Epoch: 67 cost time: 13.635663986206055
Epoch: 67, Steps: 261 | Train Loss: 0.4929049 Vali Loss: 0.2911505 Test Loss: 0.3698839
EarlyStopping counter: 11 out of 20
Updating learning rate to 5.7811984713209085e-05
	iters: 100, epoch: 68 | loss: 0.5931936
	speed: 0.1232s/iter; left time: 1048.5929s
	iters: 200, epoch: 68 | loss: 0.4390402
	speed: 0.0523s/iter; left time: 439.8411s
Epoch: 68 cost time: 13.638445138931274
Epoch: 68, Steps: 261 | Train Loss: 0.4914116 Vali Loss: 0.2911600 Test Loss: 0.3698001
EarlyStopping counter: 12 out of 20
Updating learning rate to 5.5216626513434395e-05
	iters: 100, epoch: 69 | loss: 0.4116392
	speed: 0.1228s/iter; left time: 1013.2125s
	iters: 200, epoch: 69 | loss: 0.6975625
	speed: 0.0523s/iter; left time: 426.2029s
Epoch: 69 cost time: 13.636069774627686
Epoch: 69, Steps: 261 | Train Loss: 0.4892050 Vali Loss: 0.2911767 Test Loss: 0.3697507
EarlyStopping counter: 13 out of 20
Updating learning rate to 5.260697045117572e-05
	iters: 100, epoch: 70 | loss: 0.4591339
	speed: 0.1227s/iter; left time: 980.5833s
	iters: 200, epoch: 70 | loss: 0.5175619
	speed: 0.0522s/iter; left time: 412.3240s
Epoch: 70 cost time: 13.627066373825073
Epoch: 70, Steps: 261 | Train Loss: 0.4870303 Vali Loss: 0.2907804 Test Loss: 0.3694918
EarlyStopping counter: 14 out of 20
Updating learning rate to 4.999016941230477e-05
	iters: 100, epoch: 71 | loss: 0.4386556
	speed: 0.1227s/iter; left time: 948.9194s
	iters: 200, epoch: 71 | loss: 0.6476620
	speed: 0.0523s/iter; left time: 398.7355s
Epoch: 71 cost time: 13.625484228134155
Epoch: 71, Steps: 261 | Train Loss: 0.4853095 Vali Loss: 0.2912552 Test Loss: 0.3698109
EarlyStopping counter: 15 out of 20
Updating learning rate to 4.7373395866577476e-05
	iters: 100, epoch: 72 | loss: 0.4917670
	speed: 0.1228s/iter; left time: 917.3736s
	iters: 200, epoch: 72 | loss: 0.4565733
	speed: 0.0522s/iter; left time: 385.0657s
Epoch: 72 cost time: 13.62423038482666
Epoch: 72, Steps: 261 | Train Loss: 0.4838513 Vali Loss: 0.2908635 Test Loss: 0.3697491
EarlyStopping counter: 16 out of 20
Updating learning rate to 4.476382220839299e-05
	iters: 100, epoch: 73 | loss: 0.4263675
	speed: 0.1227s/iter; left time: 884.3527s
	iters: 200, epoch: 73 | loss: 0.5095543
	speed: 0.0522s/iter; left time: 371.4300s
Epoch: 73 cost time: 13.620291948318481
Epoch: 73, Steps: 261 | Train Loss: 0.4814309 Vali Loss: 0.2913207 Test Loss: 0.3690210
EarlyStopping counter: 17 out of 20
Updating learning rate to 4.2168601097759126e-05
	iters: 100, epoch: 74 | loss: 0.3779683
	speed: 0.1226s/iter; left time: 851.9857s
	iters: 200, epoch: 74 | loss: 0.6409522
	speed: 0.0523s/iter; left time: 357.8119s
Epoch: 74 cost time: 13.61749529838562
Epoch: 74, Steps: 261 | Train Loss: 0.4807456 Vali Loss: 0.2909953 Test Loss: 0.3694992
EarlyStopping counter: 18 out of 20
Updating learning rate to 3.959484585534855e-05
	iters: 100, epoch: 75 | loss: 0.4452065
	speed: 0.1225s/iter; left time: 819.1785s
	iters: 200, epoch: 75 | loss: 0.3454145
	speed: 0.0522s/iter; left time: 344.1591s
Epoch: 75 cost time: 13.619075536727905
Epoch: 75, Steps: 261 | Train Loss: 0.4793328 Vali Loss: 0.2912137 Test Loss: 0.3693409
EarlyStopping counter: 19 out of 20
Updating learning rate to 3.7049610965381156e-05
	iters: 100, epoch: 76 | loss: 0.5002723
	speed: 0.1226s/iter; left time: 787.9156s
	iters: 200, epoch: 76 | loss: 0.4826407
	speed: 0.0523s/iter; left time: 330.6908s
Epoch: 76 cost time: 13.623961687088013
Epoch: 76, Steps: 261 | Train Loss: 0.4779376 Vali Loss: 0.2916508 Test Loss: 0.3694043
EarlyStopping counter: 20 out of 20
Early stopping
>>>>>>>testing : NL_ettm2_cms_lr0.0001_always_336_720_PatchTST_ETTm2_ftM_sl336_ll48_pl720_dm128_nh16_el3_dl1_df256_fc1_ebtimeF_dtTruelr0.0001_polalways_Nested_Learning_0<<<<<<<<<<<<<<<<<<<<<<<<<<<<<<<<<
test 10801
 Ejecutando Inferencia DINÁMICA (Nested Learning con cms)
  -> Política: always | LR: 0.0001 | Target: head

RESUMEN: El CMS se actualizó 84 veces de 84 posibles.

mse:0.37752145528793335, mae:0.3967171013355255, rse:0.4933106601238251
