==========================================================
SÚPER ARRAY TFG - TAREA ID: 47 / 113
Nodo: dionisio
Dataset: ettm1 | Experimento: NL_ettm1_cms_lr0.00005_spc
Cabeza: cms | LR: 0.00005 | Política: spc
==========================================================
Args in experiment:
Namespace(random_seed=2021, is_training=1, model_id='NL_ettm1_cms_lr0.00005_spc_336_96', model='PatchTST', data='ETTm1', root_path='./dataset/', data_path='ETTm1.csv', features='M', target='OT', freq='h', checkpoints='./checkpoints/', seq_len=336, label_len=48, pred_len=96, head_type='cms', cms_lr=5e-05, update_policy='spc', fc_dropout=0.2, head_dropout=0.0, patch_len=16, stride=8, padding_patch='end', revin=1, affine=0, subtract_last=0, decomposition=0, kernel_size=25, individual=0, embed_type=0, enc_in=7, dec_in=7, c_out=7, d_model=128, n_heads=16, e_layers=3, d_layers=1, d_ff=256, moving_avg=25, factor=1, distil=True, dropout=0.2, embed='timeF', activation='gelu', output_attention=False, do_predict=False, num_workers=0, itr=1, train_epochs=100, batch_size=128, patience=20, learning_rate=0.0001, des='Nested_Learning', loss='mse', lradj='TST', pct_start=0.4, use_amp=False, use_gpu=True, gpu=0, use_multi_gpu=False, devices='0,1,2,3', test_flop=False)
Use GPU: cuda:0
>>>>>>>start training : NL_ettm1_cms_lr0.00005_spc_336_96_PatchTST_ETTm1_ftM_sl336_ll48_pl96_dm128_nh16_el3_dl1_df256_fc1_ebtimeF_dtTruelr5e-05_polspc_Nested_Learning_0>>>>>>>>>>>>>>>>>>>>>>>>>>
train 34129
val 11425
test 11425
	iters: 100, epoch: 1 | loss: 0.6835660
	speed: 0.1426s/iter; left time: 3779.6414s
	iters: 200, epoch: 1 | loss: 0.6606428
	speed: 0.0550s/iter; left time: 1451.7908s
Epoch: 1 cost time: 14.95910382270813
Epoch: 1, Steps: 266 | Train Loss: 0.6378054 Vali Loss: 1.0631795 Test Loss: 0.8339947
Validation loss decreased (inf --> 1.063179).  Saving model ...
Updating learning rate to 4.147995783958166e-06
	iters: 100, epoch: 2 | loss: 0.6448253
	speed: 0.1290s/iter; left time: 3384.9508s
	iters: 200, epoch: 2 | loss: 0.6085956
	speed: 0.0561s/iter; left time: 1465.1447s
Epoch: 2 cost time: 14.888328790664673
Epoch: 2, Steps: 266 | Train Loss: 0.6321319 Vali Loss: 1.0506195 Test Loss: 0.8239729
Validation loss decreased (1.063179 --> 1.050619).  Saving model ...
Updating learning rate to 4.591070521163098e-06
	iters: 100, epoch: 3 | loss: 0.6569281
	speed: 0.1312s/iter; left time: 3407.9793s
	iters: 200, epoch: 3 | loss: 0.6777997
	speed: 0.0564s/iter; left time: 1458.9825s
Epoch: 3 cost time: 14.987593412399292
Epoch: 3, Steps: 266 | Train Loss: 0.6263038 Vali Loss: 1.0374739 Test Loss: 0.8126963
Validation loss decreased (1.050619 --> 1.037474).  Saving model ...
Updating learning rate to 5.326491995236255e-06
	iters: 100, epoch: 4 | loss: 0.6240870
	speed: 0.1302s/iter; left time: 3346.8790s
	iters: 200, epoch: 4 | loss: 0.6187681
	speed: 0.0565s/iter; left time: 1446.2477s
Epoch: 4 cost time: 15.017937898635864
Epoch: 4, Steps: 266 | Train Loss: 0.6192937 Vali Loss: 1.0213798 Test Loss: 0.7991086
Validation loss decreased (1.037474 --> 1.021380).  Saving model ...
Updating learning rate to 6.349725236277868e-06
	iters: 100, epoch: 5 | loss: 0.6576034
	speed: 0.1316s/iter; left time: 3347.3277s
	iters: 200, epoch: 5 | loss: 0.5944599
	speed: 0.0566s/iter; left time: 1434.5943s
Epoch: 5 cost time: 15.056639432907104
Epoch: 5, Steps: 266 | Train Loss: 0.6113220 Vali Loss: 1.0032189 Test Loss: 0.7836842
Validation loss decreased (1.021380 --> 1.003219).  Saving model ...
Updating learning rate to 7.654460485717921e-06
	iters: 100, epoch: 6 | loss: 0.5610086
	speed: 0.1324s/iter; left time: 3332.3941s
	iters: 200, epoch: 6 | loss: 0.5731183
	speed: 0.0568s/iter; left time: 1424.0363s
Epoch: 6 cost time: 15.079951524734497
Epoch: 6, Steps: 266 | Train Loss: 0.6019688 Vali Loss: 0.9825706 Test Loss: 0.7656685
Validation loss decreased (1.003219 --> 0.982571).  Saving model ...
Updating learning rate to 9.232652105385623e-06
	iters: 100, epoch: 7 | loss: 0.6068931
	speed: 0.1302s/iter; left time: 3243.8675s
	iters: 200, epoch: 7 | loss: 0.5721052
	speed: 0.0569s/iter; left time: 1412.2562s
Epoch: 7 cost time: 15.113385915756226
Epoch: 7, Steps: 266 | Train Loss: 0.5911416 Vali Loss: 0.9571589 Test Loss: 0.7443520
Validation loss decreased (0.982571 --> 0.957159).  Saving model ...
Updating learning rate to 1.1074568190864783e-05
	iters: 100, epoch: 8 | loss: 0.5604809
	speed: 0.1304s/iter; left time: 3213.2395s
	iters: 200, epoch: 8 | loss: 0.6171356
	speed: 0.0570s/iter; left time: 1397.9910s
Epoch: 8 cost time: 15.118662595748901
Epoch: 8, Steps: 266 | Train Loss: 0.5781884 Vali Loss: 0.9283210 Test Loss: 0.7199934
Validation loss decreased (0.957159 --> 0.928321).  Saving model ...
Updating learning rate to 1.316885058319476e-05
	iters: 100, epoch: 9 | loss: 0.5650094
	speed: 0.1307s/iter; left time: 3184.9878s
	iters: 200, epoch: 9 | loss: 0.5275810
	speed: 0.0569s/iter; left time: 1382.0484s
Epoch: 9 cost time: 15.118437051773071
Epoch: 9, Steps: 266 | Train Loss: 0.5636485 Vali Loss: 0.8958795 Test Loss: 0.6924738
Validation loss decreased (0.928321 --> 0.895880).  Saving model ...
Updating learning rate to 1.5502584908855415e-05
	iters: 100, epoch: 10 | loss: 0.5277320
	speed: 0.1305s/iter; left time: 3146.9179s
	iters: 200, epoch: 10 | loss: 0.5627663
	speed: 0.0568s/iter; left time: 1364.7765s
Epoch: 10 cost time: 15.110036849975586
Epoch: 10, Steps: 266 | Train Loss: 0.5473119 Vali Loss: 0.8602656 Test Loss: 0.6621290
Validation loss decreased (0.895880 --> 0.860266).  Saving model ...
Updating learning rate to 1.806138021613527e-05
	iters: 100, epoch: 11 | loss: 0.5293364
	speed: 0.1303s/iter; left time: 3107.0518s
	iters: 200, epoch: 11 | loss: 0.4849032
	speed: 0.0569s/iter; left time: 1349.8571s
Epoch: 11 cost time: 15.105888843536377
Epoch: 11, Steps: 266 | Train Loss: 0.5288683 Vali Loss: 0.8205625 Test Loss: 0.6292031
Validation loss decreased (0.860266 --> 0.820562).  Saving model ...
Updating learning rate to 2.0829457716805565e-05
	iters: 100, epoch: 12 | loss: 0.5216668
	speed: 0.1307s/iter; left time: 3081.6663s
	iters: 200, epoch: 12 | loss: 0.5214993
	speed: 0.0569s/iter; left time: 1335.1423s
Epoch: 12 cost time: 15.112942934036255
Epoch: 12, Steps: 266 | Train Loss: 0.5092825 Vali Loss: 0.7776940 Test Loss: 0.5939038
Validation loss decreased (0.820562 --> 0.777694).  Saving model ...
Updating learning rate to 2.3789748085875986e-05
	iters: 100, epoch: 13 | loss: 0.4940100
	speed: 0.1309s/iter; left time: 3050.9097s
	iters: 200, epoch: 13 | loss: 0.4682269
	speed: 0.0569s/iter; left time: 1320.7787s
Epoch: 13 cost time: 15.138039827346802
Epoch: 13, Steps: 266 | Train Loss: 0.4883682 Vali Loss: 0.7323692 Test Loss: 0.5567228
Validation loss decreased (0.777694 --> 0.732369).  Saving model ...
Updating learning rate to 2.6923996719433387e-05
	iters: 100, epoch: 14 | loss: 0.4710907
	speed: 0.1308s/iter; left time: 3013.2123s
	iters: 200, epoch: 14 | loss: 0.4519104
	speed: 0.0570s/iter; left time: 1306.6435s
Epoch: 14 cost time: 15.124168872833252
Epoch: 14, Steps: 266 | Train Loss: 0.4659204 Vali Loss: 0.6855352 Test Loss: 0.5184427
Validation loss decreased (0.732369 --> 0.685535).  Saving model ...
Updating learning rate to 3.021287630149266e-05
	iters: 100, epoch: 15 | loss: 0.4656786
	speed: 0.1312s/iter; left time: 2987.3455s
	iters: 200, epoch: 15 | loss: 0.4221670
	speed: 0.0569s/iter; left time: 1290.5315s
Epoch: 15 cost time: 15.137372732162476
Epoch: 15, Steps: 266 | Train Loss: 0.4430252 Vali Loss: 0.6375865 Test Loss: 0.4797693
Validation loss decreased (0.685535 --> 0.637586).  Saving model ...
Updating learning rate to 3.363610598571669e-05
	iters: 100, epoch: 16 | loss: 0.4318695
	speed: 0.1306s/iter; left time: 2939.7400s
	iters: 200, epoch: 16 | loss: 0.4341639
	speed: 0.0569s/iter; left time: 1274.8341s
Epoch: 16 cost time: 15.116343259811401
Epoch: 16, Steps: 266 | Train Loss: 0.4196853 Vali Loss: 0.5899138 Test Loss: 0.4425566
Validation loss decreased (0.637586 --> 0.589914).  Saving model ...
Updating learning rate to 3.717257645707274e-05
	iters: 100, epoch: 17 | loss: 0.3818073
	speed: 0.1303s/iter; left time: 2898.5627s
	iters: 200, epoch: 17 | loss: 0.3719247
	speed: 0.0569s/iter; left time: 1259.4005s
Epoch: 17 cost time: 15.107122659683228
Epoch: 17, Steps: 266 | Train Loss: 0.3971567 Vali Loss: 0.5444674 Test Loss: 0.4079741
Validation loss decreased (0.589914 --> 0.544467).  Saving model ...
Updating learning rate to 4.08004801022336e-05
	iters: 100, epoch: 18 | loss: 0.3727871
	speed: 0.1308s/iter; left time: 2875.1469s
	iters: 200, epoch: 18 | loss: 0.3882484
	speed: 0.0568s/iter; left time: 1243.0843s
Epoch: 18 cost time: 15.096081256866455
Epoch: 18, Steps: 266 | Train Loss: 0.3755853 Vali Loss: 0.5047266 Test Loss: 0.3784206
Validation loss decreased (0.544467 --> 0.504727).  Saving model ...
Updating learning rate to 4.4497445486028815e-05
	iters: 100, epoch: 19 | loss: 0.3489761
	speed: 0.1305s/iter; left time: 2833.1120s
	iters: 200, epoch: 19 | loss: 0.3452683
	speed: 0.0568s/iter; left time: 1227.4527s
Epoch: 19 cost time: 15.086626052856445
Epoch: 19, Steps: 266 | Train Loss: 0.3567882 Vali Loss: 0.4722126 Test Loss: 0.3559066
Validation loss decreased (0.504727 --> 0.472213).  Saving model ...
Updating learning rate to 4.8240675304698384e-05
	iters: 100, epoch: 20 | loss: 0.3466008
	speed: 0.1300s/iter; left time: 2788.7978s
	iters: 200, epoch: 20 | loss: 0.3683296
	speed: 0.0567s/iter; left time: 1211.2575s
Epoch: 20 cost time: 15.087998867034912
Epoch: 20, Steps: 266 | Train Loss: 0.3412370 Vali Loss: 0.4503314 Test Loss: 0.3409082
Validation loss decreased (0.472213 --> 0.450331).  Saving model ...
Updating learning rate to 5.2007086965261054e-05
	iters: 100, epoch: 21 | loss: 0.3095888
	speed: 0.1305s/iter; left time: 2764.5666s
	iters: 200, epoch: 21 | loss: 0.3309883
	speed: 0.0568s/iter; left time: 1197.9128s
Epoch: 21 cost time: 15.092811346054077
Epoch: 21, Steps: 266 | Train Loss: 0.3286534 Vali Loss: 0.4348831 Test Loss: 0.3308353
Validation loss decreased (0.450331 --> 0.434883).  Saving model ...
Updating learning rate to 5.5773454924116216e-05
	iters: 100, epoch: 22 | loss: 0.3115436
	speed: 0.1310s/iter; left time: 2740.4792s
	iters: 200, epoch: 22 | loss: 0.3158252
	speed: 0.0567s/iter; left time: 1180.1743s
Epoch: 22 cost time: 15.07420039176941
Epoch: 22, Steps: 266 | Train Loss: 0.3183174 Vali Loss: 0.4232657 Test Loss: 0.3234839
Validation loss decreased (0.434883 --> 0.423266).  Saving model ...
Updating learning rate to 5.95165539071495e-05
	iters: 100, epoch: 23 | loss: 0.3059683
	speed: 0.1303s/iter; left time: 2691.3638s
	iters: 200, epoch: 23 | loss: 0.3100002
	speed: 0.0567s/iter; left time: 1165.5059s
Epoch: 23 cost time: 15.07811975479126
Epoch: 23, Steps: 266 | Train Loss: 0.3094630 Vali Loss: 0.4134686 Test Loss: 0.3177013
Validation loss decreased (0.423266 --> 0.413469).  Saving model ...
Updating learning rate to 6.321330212817643e-05
	iters: 100, epoch: 24 | loss: 0.3102928
	speed: 0.1311s/iter; left time: 2673.0279s
	iters: 200, epoch: 24 | loss: 0.3021785
	speed: 0.0567s/iter; left time: 1151.0240s
Epoch: 24 cost time: 15.084651470184326
Epoch: 24, Steps: 266 | Train Loss: 0.3016602 Vali Loss: 0.4051709 Test Loss: 0.3130662
Validation loss decreased (0.413469 --> 0.405171).  Saving model ...
Updating learning rate to 6.684090362256924e-05
	iters: 100, epoch: 25 | loss: 0.2800712
	speed: 0.1304s/iter; left time: 2622.3956s
	iters: 200, epoch: 25 | loss: 0.2979405
	speed: 0.0567s/iter; left time: 1134.7959s
Epoch: 25 cost time: 15.070183038711548
Epoch: 25, Steps: 266 | Train Loss: 0.2952545 Vali Loss: 0.3993753 Test Loss: 0.3092542
Validation loss decreased (0.405171 --> 0.399375).  Saving model ...
Updating learning rate to 7.037698881836747e-05
	iters: 100, epoch: 26 | loss: 0.3388009
	speed: 0.1298s/iter; left time: 2577.5986s
	iters: 200, epoch: 26 | loss: 0.2520427
	speed: 0.0567s/iter; left time: 1119.2774s
Epoch: 26 cost time: 15.060580015182495
Epoch: 26, Steps: 266 | Train Loss: 0.2894451 Vali Loss: 0.3953806 Test Loss: 0.3061733
Validation loss decreased (0.399375 --> 0.395381).  Saving model ...
Updating learning rate to 7.379975247804219e-05
	iters: 100, epoch: 27 | loss: 0.2688200
	speed: 0.1302s/iter; left time: 2550.8125s
	iters: 200, epoch: 27 | loss: 0.2846403
	speed: 0.0567s/iter; left time: 1104.3882s
Epoch: 27 cost time: 15.066144704818726
Epoch: 27, Steps: 266 | Train Loss: 0.2845398 Vali Loss: 0.3913924 Test Loss: 0.3034807
Validation loss decreased (0.395381 --> 0.391392).  Saving model ...
Updating learning rate to 7.70880881602968e-05
	iters: 100, epoch: 28 | loss: 0.3145687
	speed: 0.1303s/iter; left time: 2516.7252s
	iters: 200, epoch: 28 | loss: 0.2611779
	speed: 0.0567s/iter; left time: 1089.3142s
Epoch: 28 cost time: 15.056122064590454
Epoch: 28, Steps: 266 | Train Loss: 0.2803895 Vali Loss: 0.3873885 Test Loss: 0.3012597
Validation loss decreased (0.391392 --> 0.387388).  Saving model ...
Updating learning rate to 8.02217183727475e-05
	iters: 100, epoch: 29 | loss: 0.2530772
	speed: 0.1309s/iter; left time: 2494.2272s
	iters: 200, epoch: 29 | loss: 0.2792369
	speed: 0.0567s/iter; left time: 1074.6549s
Epoch: 29 cost time: 15.066519021987915
Epoch: 29, Steps: 266 | Train Loss: 0.2767532 Vali Loss: 0.3860437 Test Loss: 0.2994126
Validation loss decreased (0.387388 --> 0.386044).  Saving model ...
Updating learning rate to 8.318131961289731e-05
	iters: 100, epoch: 30 | loss: 0.2846875
	speed: 0.1307s/iter; left time: 2454.5762s
	iters: 200, epoch: 30 | loss: 0.2529009
	speed: 0.0567s/iter; left time: 1058.9090s
Epoch: 30 cost time: 15.061218023300171
Epoch: 30, Steps: 266 | Train Loss: 0.2733120 Vali Loss: 0.3835742 Test Loss: 0.2976870
Validation loss decreased (0.386044 --> 0.383574).  Saving model ...
Updating learning rate to 8.59486415263404e-05
	iters: 100, epoch: 31 | loss: 0.2666311
	speed: 0.1304s/iter; left time: 2414.5840s
	iters: 200, epoch: 31 | loss: 0.2843510
	speed: 0.0566s/iter; left time: 1043.4735s
Epoch: 31 cost time: 15.05463194847107
Epoch: 31, Steps: 266 | Train Loss: 0.2701316 Vali Loss: 0.3817398 Test Loss: 0.2961058
Validation loss decreased (0.383574 --> 0.381740).  Saving model ...
Updating learning rate to 8.850661944740828e-05
	iters: 100, epoch: 32 | loss: 0.2529929
	speed: 0.1300s/iter; left time: 2372.9854s
	iters: 200, epoch: 32 | loss: 0.2501859
	speed: 0.0566s/iter; left time: 1028.2930s
Epoch: 32 cost time: 15.060694456100464
Epoch: 32, Steps: 266 | Train Loss: 0.2674645 Vali Loss: 0.3796273 Test Loss: 0.2945869
Validation loss decreased (0.381740 --> 0.379627).  Saving model ...
Updating learning rate to 9.083947962827694e-05
	iters: 100, epoch: 33 | loss: 0.2848748
	speed: 0.1316s/iter; left time: 2366.7877s
	iters: 200, epoch: 33 | loss: 0.2325361
	speed: 0.0567s/iter; left time: 1013.7223s
Epoch: 33 cost time: 15.059555292129517
Epoch: 33, Steps: 266 | Train Loss: 0.2648138 Vali Loss: 0.3787970 Test Loss: 0.2934431
Validation loss decreased (0.379627 --> 0.378797).  Saving model ...
Updating learning rate to 9.293283650764084e-05
	iters: 100, epoch: 34 | loss: 0.2824782
	speed: 0.1309s/iter; left time: 2319.8836s
	iters: 200, epoch: 34 | loss: 0.2485307
	speed: 0.0566s/iter; left time: 997.5372s
Epoch: 34 cost time: 15.051177263259888
Epoch: 34, Steps: 266 | Train Loss: 0.2622504 Vali Loss: 0.3771123 Test Loss: 0.2922384
Validation loss decreased (0.378797 --> 0.377112).  Saving model ...
Updating learning rate to 9.477378141914727e-05
	iters: 100, epoch: 35 | loss: 0.2759946
	speed: 0.1305s/iter; left time: 2277.3403s
	iters: 200, epoch: 35 | loss: 0.2578993
	speed: 0.0570s/iter; left time: 989.3567s
Epoch: 35 cost time: 15.102727174758911
Epoch: 35, Steps: 266 | Train Loss: 0.2598859 Vali Loss: 0.3751090 Test Loss: 0.2912876
Validation loss decreased (0.377112 --> 0.375109).  Saving model ...
Updating learning rate to 9.635096219257111e-05
	iters: 100, epoch: 36 | loss: 0.2811681
	speed: 0.1309s/iter; left time: 2250.8366s
	iters: 200, epoch: 36 | loss: 0.2558758
	speed: 0.0570s/iter; left time: 973.9501s
Epoch: 36 cost time: 15.120909214019775
Epoch: 36, Steps: 266 | Train Loss: 0.2575610 Vali Loss: 0.3742557 Test Loss: 0.2901775
Validation loss decreased (0.375109 --> 0.374256).  Saving model ...
Updating learning rate to 9.765465315687045e-05
	iters: 100, epoch: 37 | loss: 0.2519954
	speed: 0.1305s/iter; left time: 2209.3629s
	iters: 200, epoch: 37 | loss: 0.2429690
	speed: 0.0568s/iter; left time: 955.2782s
Epoch: 37 cost time: 15.102694511413574
Epoch: 37, Steps: 266 | Train Loss: 0.2555294 Vali Loss: 0.3720769 Test Loss: 0.2895572
Validation loss decreased (0.374256 --> 0.372077).  Saving model ...
Updating learning rate to 9.867681511344941e-05
	iters: 100, epoch: 38 | loss: 0.2315246
	speed: 0.1311s/iter; left time: 2183.2221s
	iters: 200, epoch: 38 | loss: 0.2304932
	speed: 0.0568s/iter; left time: 941.1592s
Epoch: 38 cost time: 15.10733413696289
Epoch: 38, Steps: 266 | Train Loss: 0.2536980 Vali Loss: 0.3715010 Test Loss: 0.2890128
Validation loss decreased (0.372077 --> 0.371501).  Saving model ...
Updating learning rate to 9.941114490980398e-05
	iters: 100, epoch: 39 | loss: 0.2378203
	speed: 0.1317s/iter; left time: 2158.2614s
	iters: 200, epoch: 39 | loss: 0.2870052
	speed: 0.0568s/iter; left time: 925.1034s
Epoch: 39 cost time: 15.101447105407715
Epoch: 39, Steps: 266 | Train Loss: 0.2519599 Vali Loss: 0.3698091 Test Loss: 0.2884614
Validation loss decreased (0.371501 --> 0.369809).  Saving model ...
Updating learning rate to 9.98531143078552e-05
	iters: 100, epoch: 40 | loss: 0.2446175
	speed: 0.1313s/iter; left time: 2117.5085s
	iters: 200, epoch: 40 | loss: 0.2694917
	speed: 0.0567s/iter; left time: 909.0634s
Epoch: 40 cost time: 15.086875438690186
Epoch: 40, Steps: 266 | Train Loss: 0.2504568 Vali Loss: 0.3690845 Test Loss: 0.2878437
Validation loss decreased (0.369809 --> 0.369084).  Saving model ...
Updating learning rate to 9.999999903133806e-05
	iters: 100, epoch: 41 | loss: 0.2386287
	speed: 0.1303s/iter; left time: 2066.2849s
	iters: 200, epoch: 41 | loss: 0.2440924
	speed: 0.0567s/iter; left time: 893.0991s
Epoch: 41 cost time: 15.07591986656189
Epoch: 41, Steps: 266 | Train Loss: 0.2488318 Vali Loss: 0.3682353 Test Loss: 0.2873106
Validation loss decreased (0.369084 --> 0.368235).  Saving model ...
Updating learning rate to 9.993096095176514e-05
	iters: 100, epoch: 42 | loss: 0.2591759
	speed: 0.1310s/iter; left time: 2042.4294s
	iters: 200, epoch: 42 | loss: 0.2258410
	speed: 0.0566s/iter; left time: 877.7052s
Epoch: 42 cost time: 15.0616774559021
Epoch: 42, Steps: 266 | Train Loss: 0.2475163 Vali Loss: 0.3666992 Test Loss: 0.2866979
Validation loss decreased (0.368235 --> 0.366699).  Saving model ...
Updating learning rate to 9.972506612706808e-05
	iters: 100, epoch: 43 | loss: 0.2429583
	speed: 0.1316s/iter; left time: 2017.1048s
	iters: 200, epoch: 43 | loss: 0.2381571
	speed: 0.0566s/iter; left time: 862.1537s
Epoch: 43 cost time: 15.053827047348022
Epoch: 43, Steps: 266 | Train Loss: 0.2463067 Vali Loss: 0.3657525 Test Loss: 0.2865219
Validation loss decreased (0.366699 --> 0.365752).  Saving model ...
Updating learning rate to 9.93828789006498e-05
	iters: 100, epoch: 44 | loss: 0.2225221
	speed: 0.1326s/iter; left time: 1997.4804s
	iters: 200, epoch: 44 | loss: 0.2344549
	speed: 0.0565s/iter; left time: 846.0996s
Epoch: 44 cost time: 15.05439567565918
Epoch: 44, Steps: 266 | Train Loss: 0.2452485 Vali Loss: 0.3655860 Test Loss: 0.2863513
Validation loss decreased (0.365752 --> 0.365586).  Saving model ...
Updating learning rate to 9.890533718391275e-05
	iters: 100, epoch: 45 | loss: 0.2791312
	speed: 0.1320s/iter; left time: 1953.6618s
	iters: 200, epoch: 45 | loss: 0.2258350
	speed: 0.0566s/iter; left time: 832.4150s
Epoch: 45 cost time: 15.062370538711548
Epoch: 45, Steps: 266 | Train Loss: 0.2438971 Vali Loss: 0.3642191 Test Loss: 0.2859397
Validation loss decreased (0.365586 --> 0.364219).  Saving model ...
Updating learning rate to 9.829374988550901e-05
	iters: 100, epoch: 46 | loss: 0.2485447
	speed: 0.1318s/iter; left time: 1915.2546s
	iters: 200, epoch: 46 | loss: 0.2396580
	speed: 0.0567s/iter; left time: 817.5640s
Epoch: 46 cost time: 15.05537748336792
Epoch: 46, Steps: 266 | Train Loss: 0.2428285 Vali Loss: 0.3637582 Test Loss: 0.2854907
Validation loss decreased (0.364219 --> 0.363758).  Saving model ...
Updating learning rate to 9.754979332371259e-05
	iters: 100, epoch: 47 | loss: 0.2633932
	speed: 0.1310s/iter; left time: 1868.6295s
	iters: 200, epoch: 47 | loss: 0.2397697
	speed: 0.0567s/iter; left time: 803.1008s
Epoch: 47 cost time: 15.053889989852905
Epoch: 47, Steps: 266 | Train Loss: 0.2418431 Vali Loss: 0.3635183 Test Loss: 0.2855917
Validation loss decreased (0.363758 --> 0.363518).  Saving model ...
Updating learning rate to 9.667550663174757e-05
	iters: 100, epoch: 48 | loss: 0.2388218
	speed: 0.1310s/iter; left time: 1833.3884s
	iters: 200, epoch: 48 | loss: 0.2339328
	speed: 0.0567s/iter; left time: 787.4332s
Epoch: 48 cost time: 15.056597232818604
Epoch: 48, Steps: 266 | Train Loss: 0.2409772 Vali Loss: 0.3624189 Test Loss: 0.2853694
Validation loss decreased (0.363518 --> 0.362419).  Saving model ...
Updating learning rate to 9.567328616866573e-05
	iters: 100, epoch: 49 | loss: 0.2365180
	speed: 0.1305s/iter; left time: 1791.9080s
	iters: 200, epoch: 49 | loss: 0.2300724
	speed: 0.0567s/iter; left time: 772.8592s
Epoch: 49 cost time: 15.060563802719116
Epoch: 49, Steps: 266 | Train Loss: 0.2398974 Vali Loss: 0.3619916 Test Loss: 0.2854342
Validation loss decreased (0.362419 --> 0.361992).  Saving model ...
Updating learning rate to 9.454587895109285e-05
	iters: 100, epoch: 50 | loss: 0.2563621
	speed: 0.1315s/iter; left time: 1770.2669s
	iters: 200, epoch: 50 | loss: 0.2331197
	speed: 0.0567s/iter; left time: 757.6693s
Epoch: 50 cost time: 15.06351613998413
Epoch: 50, Steps: 266 | Train Loss: 0.2391261 Vali Loss: 0.3618300 Test Loss: 0.2852406
Validation loss decreased (0.361992 --> 0.361830).  Saving model ...
Updating learning rate to 9.329637512384722e-05
	iters: 100, epoch: 51 | loss: 0.2483001
	speed: 0.1307s/iter; left time: 1725.0808s
	iters: 200, epoch: 51 | loss: 0.2280319
	speed: 0.0567s/iter; left time: 742.3002s
Epoch: 51 cost time: 15.056778907775879
Epoch: 51, Steps: 266 | Train Loss: 0.2381918 Vali Loss: 0.3615437 Test Loss: 0.2853463
Validation loss decreased (0.361830 --> 0.361544).  Saving model ...
Updating learning rate to 9.192819949006735e-05
	iters: 100, epoch: 52 | loss: 0.2408557
	speed: 0.1337s/iter; left time: 1729.5338s
	iters: 200, epoch: 52 | loss: 0.2379595
	speed: 0.0565s/iter; left time: 725.7490s
Epoch: 52 cost time: 15.0313560962677
Epoch: 52, Steps: 266 | Train Loss: 0.2374640 Vali Loss: 0.3629570 Test Loss: 0.2854491
EarlyStopping counter: 1 out of 20
Updating learning rate to 9.044510212406473e-05
	iters: 100, epoch: 53 | loss: 0.2269415
	speed: 0.1284s/iter; left time: 1626.2240s
	iters: 200, epoch: 53 | loss: 0.2180177
	speed: 0.0565s/iter; left time: 710.5502s
Epoch: 53 cost time: 15.036255359649658
Epoch: 53, Steps: 266 | Train Loss: 0.2368544 Vali Loss: 0.3617323 Test Loss: 0.2852701
EarlyStopping counter: 2 out of 20
Updating learning rate to 8.885114809263072e-05
	iters: 100, epoch: 54 | loss: 0.2404394
	speed: 0.1286s/iter; left time: 1594.9391s
	iters: 200, epoch: 54 | loss: 0.2079315
	speed: 0.0567s/iter; left time: 697.1163s
Epoch: 54 cost time: 15.062337875366211
Epoch: 54, Steps: 266 | Train Loss: 0.2361545 Vali Loss: 0.3611740 Test Loss: 0.2853318
Validation loss decreased (0.361544 --> 0.361174).  Saving model ...
Updating learning rate to 8.71507063129711e-05
	iters: 100, epoch: 55 | loss: 0.2336663
	speed: 0.1308s/iter; left time: 1587.6927s
	iters: 200, epoch: 55 | loss: 0.2467642
	speed: 0.0566s/iter; left time: 681.6556s
Epoch: 55 cost time: 15.056139707565308
Epoch: 55, Steps: 266 | Train Loss: 0.2353261 Vali Loss: 0.3608627 Test Loss: 0.2852993
Validation loss decreased (0.361174 --> 0.360863).  Saving model ...
Updating learning rate to 8.534843757780764e-05
	iters: 100, epoch: 56 | loss: 0.2593174
	speed: 0.1307s/iter; left time: 1551.6791s
	iters: 200, epoch: 56 | loss: 0.2653155
	speed: 0.0566s/iter; left time: 666.1979s
Epoch: 56 cost time: 15.049681901931763
Epoch: 56, Steps: 266 | Train Loss: 0.2345819 Vali Loss: 0.3599358 Test Loss: 0.2849610
Validation loss decreased (0.360863 --> 0.359936).  Saving model ...
Updating learning rate to 8.34492817804693e-05
	iters: 100, epoch: 57 | loss: 0.2656046
	speed: 0.1314s/iter; left time: 1524.7789s
	iters: 200, epoch: 57 | loss: 0.2696915
	speed: 0.0566s/iter; left time: 651.1498s
Epoch: 57 cost time: 15.046904802322388
Epoch: 57, Steps: 266 | Train Loss: 0.2340694 Vali Loss: 0.3609168 Test Loss: 0.2853614
EarlyStopping counter: 1 out of 20
Updating learning rate to 8.145844437498785e-05
	iters: 100, epoch: 58 | loss: 0.2229577
	speed: 0.1287s/iter; left time: 1459.2477s
	iters: 200, epoch: 58 | loss: 0.2544882
	speed: 0.0566s/iter; left time: 636.3131s
Epoch: 58 cost time: 15.051167964935303
Epoch: 58, Steps: 266 | Train Loss: 0.2334566 Vali Loss: 0.3599061 Test Loss: 0.2852714
Validation loss decreased (0.359936 --> 0.359906).  Saving model ...
Updating learning rate to 7.938138210831032e-05
	iters: 100, epoch: 59 | loss: 0.2374936
	speed: 0.1312s/iter; left time: 1452.7917s
	iters: 200, epoch: 59 | loss: 0.2429411
	speed: 0.0566s/iter; left time: 621.5037s
Epoch: 59 cost time: 15.068035125732422
Epoch: 59, Steps: 266 | Train Loss: 0.2327437 Vali Loss: 0.3598180 Test Loss: 0.2857261
Validation loss decreased (0.359906 --> 0.359818).  Saving model ...
Updating learning rate to 7.722378806373484e-05
	iters: 100, epoch: 60 | loss: 0.2500732
	speed: 0.1334s/iter; left time: 1441.9115s
	iters: 200, epoch: 60 | loss: 0.2258197
	speed: 0.0565s/iter; left time: 605.1872s
Epoch: 60 cost time: 15.027519226074219
Epoch: 60, Steps: 266 | Train Loss: 0.2322006 Vali Loss: 0.3590296 Test Loss: 0.2853392
Validation loss decreased (0.359818 --> 0.359030).  Saving model ...
Updating learning rate to 7.499157605656507e-05
	iters: 100, epoch: 61 | loss: 0.2379666
	speed: 0.1315s/iter; left time: 1386.6593s
	iters: 200, epoch: 61 | loss: 0.2049621
	speed: 0.0565s/iter; left time: 589.9411s
Epoch: 61 cost time: 15.031393766403198
Epoch: 61, Steps: 266 | Train Loss: 0.2316986 Vali Loss: 0.3605986 Test Loss: 0.2855648
EarlyStopping counter: 1 out of 20
Updating learning rate to 7.26908644247535e-05
	iters: 100, epoch: 62 | loss: 0.2412063
	speed: 0.1287s/iter; left time: 1322.4196s
	iters: 200, epoch: 62 | loss: 0.2195649
	speed: 0.0566s/iter; left time: 576.1415s
Epoch: 62 cost time: 15.060109615325928
Epoch: 62, Steps: 266 | Train Loss: 0.2311488 Vali Loss: 0.3591161 Test Loss: 0.2856399
EarlyStopping counter: 2 out of 20
Updating learning rate to 7.032795925896242e-05
	iters: 100, epoch: 63 | loss: 0.2118395
	speed: 0.1286s/iter; left time: 1286.7833s
	iters: 200, epoch: 63 | loss: 0.2427726
	speed: 0.0566s/iter; left time: 561.0208s
Epoch: 63 cost time: 15.06178092956543
Epoch: 63, Steps: 266 | Train Loss: 0.2307255 Vali Loss: 0.3588348 Test Loss: 0.2858154
Validation loss decreased (0.359030 --> 0.358835).  Saving model ...
Updating learning rate to 6.790933711800776e-05
	iters: 100, epoch: 64 | loss: 0.2076061
	speed: 0.1308s/iter; left time: 1274.4319s
	iters: 200, epoch: 64 | loss: 0.2295724
	speed: 0.0566s/iter; left time: 545.8420s
Epoch: 64 cost time: 15.05547547340393
Epoch: 64, Steps: 266 | Train Loss: 0.2301825 Vali Loss: 0.3589832 Test Loss: 0.2856225
EarlyStopping counter: 1 out of 20
Updating learning rate to 6.544162727706148e-05
	iters: 100, epoch: 65 | loss: 0.2412760
	speed: 0.1287s/iter; left time: 1219.3301s
	iters: 200, epoch: 65 | loss: 0.2448772
	speed: 0.0566s/iter; left time: 531.2042s
Epoch: 65 cost time: 15.063201189041138
Epoch: 65, Steps: 266 | Train Loss: 0.2298506 Vali Loss: 0.3589419 Test Loss: 0.2855320
EarlyStopping counter: 2 out of 20
Updating learning rate to 6.293159355726925e-05
	iters: 100, epoch: 66 | loss: 0.2536955
	speed: 0.1285s/iter; left time: 1183.5670s
	iters: 200, epoch: 66 | loss: 0.2038869
	speed: 0.0567s/iter; left time: 516.9619s
Epoch: 66 cost time: 15.069098234176636
Epoch: 66, Steps: 266 | Train Loss: 0.2294590 Vali Loss: 0.3586976 Test Loss: 0.2856170
Validation loss decreased (0.358835 --> 0.358698).  Saving model ...
Updating learning rate to 6.038611578658668e-05
	iters: 100, epoch: 67 | loss: 0.2047446
	speed: 0.1320s/iter; left time: 1180.5296s
	iters: 200, epoch: 67 | loss: 0.2235089
	speed: 0.0566s/iter; left time: 500.7028s
Epoch: 67 cost time: 15.043807744979858
Epoch: 67, Steps: 266 | Train Loss: 0.2289300 Vali Loss: 0.3595658 Test Loss: 0.2856857
EarlyStopping counter: 1 out of 20
Updating learning rate to 5.7812170942649225e-05
	iters: 100, epoch: 68 | loss: 0.2281414
	speed: 0.1285s/iter; left time: 1115.4863s
	iters: 200, epoch: 68 | loss: 0.2301461
	speed: 0.0567s/iter; left time: 486.2129s
Epoch: 68 cost time: 15.06026816368103
Epoch: 68, Steps: 266 | Train Loss: 0.2286024 Vali Loss: 0.3587501 Test Loss: 0.2858632
EarlyStopping counter: 2 out of 20
Updating learning rate to 5.521681402936143e-05
	iters: 100, epoch: 69 | loss: 0.2290407
	speed: 0.1286s/iter; left time: 1081.9923s
	iters: 200, epoch: 69 | loss: 0.2113973
	speed: 0.0567s/iter; left time: 471.3534s
Epoch: 69 cost time: 15.064907789230347
Epoch: 69, Steps: 266 | Train Loss: 0.2282551 Vali Loss: 0.3590668 Test Loss: 0.2861039
EarlyStopping counter: 3 out of 20
Updating learning rate to 5.260715873962152e-05
	iters: 100, epoch: 70 | loss: 0.2366513
	speed: 0.1287s/iter; left time: 1048.2744s
	iters: 200, epoch: 70 | loss: 0.2348491
	speed: 0.0567s/iter; left time: 456.0930s
Epoch: 70 cost time: 15.063716173171997
Epoch: 70, Steps: 266 | Train Loss: 0.2279149 Vali Loss: 0.3583094 Test Loss: 0.2857766
Validation loss decreased (0.358698 --> 0.358309).  Saving model ...
Updating learning rate to 4.999035795718381e-05
	iters: 100, epoch: 71 | loss: 0.2223222
	speed: 0.1329s/iter; left time: 1047.2010s
	iters: 200, epoch: 71 | loss: 0.2204799
	speed: 0.0566s/iter; left time: 440.5900s
Epoch: 71 cost time: 15.057438135147095
Epoch: 71, Steps: 266 | Train Loss: 0.2275819 Vali Loss: 0.3592303 Test Loss: 0.2860594
EarlyStopping counter: 1 out of 20
Updating learning rate to 4.737358415110133e-05
	iters: 100, epoch: 72 | loss: 0.2279004
	speed: 0.1286s/iter; left time: 979.4247s
	iters: 200, epoch: 72 | loss: 0.2167008
	speed: 0.0566s/iter; left time: 425.4347s
Epoch: 72 cost time: 15.053779363632202
Epoch: 72, Steps: 266 | Train Loss: 0.2272792 Vali Loss: 0.3584574 Test Loss: 0.2858464
EarlyStopping counter: 2 out of 20
Updating learning rate to 4.476400971648687e-05
	iters: 100, epoch: 73 | loss: 0.2245248
	speed: 0.1286s/iter; left time: 944.7891s
	iters: 200, epoch: 73 | loss: 0.2321434
	speed: 0.0566s/iter; left time: 410.1343s
Epoch: 73 cost time: 15.050166606903076
Epoch: 73, Steps: 266 | Train Loss: 0.2269168 Vali Loss: 0.3590133 Test Loss: 0.2862469
EarlyStopping counter: 3 out of 20
Updating learning rate to 4.2168787315476384e-05
	iters: 100, epoch: 74 | loss: 0.2242004
	speed: 0.1285s/iter; left time: 910.4899s
	iters: 200, epoch: 74 | loss: 0.2357727
	speed: 0.0566s/iter; left time: 395.0043s
Epoch: 74 cost time: 15.044816970825195
Epoch: 74, Steps: 266 | Train Loss: 0.2266357 Vali Loss: 0.3591278 Test Loss: 0.2861655
EarlyStopping counter: 4 out of 20
Updating learning rate to 3.959503027227936e-05
	iters: 100, epoch: 75 | loss: 0.2383749
	speed: 0.1285s/iter; left time: 875.9256s
	iters: 200, epoch: 75 | loss: 0.2190817
	speed: 0.0566s/iter; left time: 380.0538s
Epoch: 75 cost time: 15.049416303634644
Epoch: 75, Steps: 266 | Train Loss: 0.2264546 Vali Loss: 0.3591072 Test Loss: 0.2861138
EarlyStopping counter: 5 out of 20
Updating learning rate to 3.704979307605154e-05
	iters: 100, epoch: 76 | loss: 0.2400705
	speed: 0.1286s/iter; left time: 842.7293s
	iters: 200, epoch: 76 | loss: 0.2234581
	speed: 0.0567s/iter; left time: 365.4582s
Epoch: 76 cost time: 15.055001735687256
Epoch: 76, Steps: 266 | Train Loss: 0.2261060 Vali Loss: 0.3588983 Test Loss: 0.2860007
EarlyStopping counter: 6 out of 20
Updating learning rate to 3.454005204503052e-05
	iters: 100, epoch: 77 | loss: 0.2358370
	speed: 0.1287s/iter; left time: 809.1118s
	iters: 200, epoch: 77 | loss: 0.2346319
	speed: 0.0566s/iter; left time: 350.0890s
Epoch: 77 cost time: 15.050804138183594
Epoch: 77, Steps: 266 | Train Loss: 0.2258922 Vali Loss: 0.3584592 Test Loss: 0.2861065
EarlyStopping counter: 7 out of 20
Updating learning rate to 3.207268620493234e-05
	iters: 100, epoch: 78 | loss: 0.2070368
	speed: 0.1289s/iter; left time: 775.7758s
	iters: 200, epoch: 78 | loss: 0.2098124
	speed: 0.0566s/iter; left time: 335.2002s
Epoch: 78 cost time: 15.060407638549805
Epoch: 78, Steps: 266 | Train Loss: 0.2256245 Vali Loss: 0.3586975 Test Loss: 0.2861580
EarlyStopping counter: 8 out of 20
Updating learning rate to 2.965445843402027e-05
	iters: 100, epoch: 79 | loss: 0.2206381
	speed: 0.1286s/iter; left time: 740.0583s
	iters: 200, epoch: 79 | loss: 0.2270909
	speed: 0.0566s/iter; left time: 320.0682s
Epoch: 79 cost time: 15.05515193939209
Epoch: 79, Steps: 266 | Train Loss: 0.2255714 Vali Loss: 0.3582819 Test Loss: 0.2863972
Validation loss decreased (0.358309 --> 0.358282).  Saving model ...
Updating learning rate to 2.729199692652537e-05
	iters: 100, epoch: 80 | loss: 0.2308307
	speed: 0.1337s/iter; left time: 733.8846s
	iters: 200, epoch: 80 | loss: 0.2281138
	speed: 0.0565s/iter; left time: 304.6150s
Epoch: 80 cost time: 15.046886920928955
Epoch: 80, Steps: 266 | Train Loss: 0.2252140 Vali Loss: 0.3583050 Test Loss: 0.2860864
EarlyStopping counter: 1 out of 20
Updating learning rate to 2.4991777025227013e-05
	iters: 100, epoch: 81 | loss: 0.2406264
	speed: 0.1287s/iter; left time: 672.0062s
	iters: 200, epoch: 81 | loss: 0.2105169
	speed: 0.0566s/iter; left time: 289.9349s
Epoch: 81 cost time: 15.064841985702515
Epoch: 81, Steps: 266 | Train Loss: 0.2249350 Vali Loss: 0.3583968 Test Loss: 0.2861373
EarlyStopping counter: 2 out of 20
Updating learning rate to 2.2760103472988355e-05
	iters: 100, epoch: 82 | loss: 0.2435286
	speed: 0.1287s/iter; left time: 637.5194s
	iters: 200, epoch: 82 | loss: 0.2347850
	speed: 0.0566s/iter; left time: 274.8659s
Epoch: 82 cost time: 15.064250946044922
Epoch: 82, Steps: 266 | Train Loss: 0.2248986 Vali Loss: 0.3587590 Test Loss: 0.2863542
EarlyStopping counter: 3 out of 20
Updating learning rate to 2.0603093131894333e-05
	iters: 100, epoch: 83 | loss: 0.2201158
	speed: 0.1286s/iter; left time: 603.0704s
	iters: 200, epoch: 83 | loss: 0.2380301
	speed: 0.0566s/iter; left time: 259.8676s
Epoch: 83 cost time: 15.054955005645752
Epoch: 83, Steps: 266 | Train Loss: 0.2247409 Vali Loss: 0.3586274 Test Loss: 0.2862424
EarlyStopping counter: 4 out of 20
Updating learning rate to 1.852665821735796e-05
	iters: 100, epoch: 84 | loss: 0.2016013
	speed: 0.1286s/iter; left time: 568.7351s
	iters: 200, epoch: 84 | loss: 0.2178969
	speed: 0.0567s/iter; left time: 245.1068s
Epoch: 84 cost time: 15.069137334823608
Epoch: 84, Steps: 266 | Train Loss: 0.2246746 Vali Loss: 0.3586452 Test Loss: 0.2865396
EarlyStopping counter: 5 out of 20
Updating learning rate to 1.653649009314874e-05
	iters: 100, epoch: 85 | loss: 0.2030344
	speed: 0.1285s/iter; left time: 534.3009s
	iters: 200, epoch: 85 | loss: 0.2302514
	speed: 0.0566s/iter; left time: 229.7479s
Epoch: 85 cost time: 15.04981803894043
Epoch: 85, Steps: 266 | Train Loss: 0.2244041 Vali Loss: 0.3587561 Test Loss: 0.2862488
EarlyStopping counter: 6 out of 20
Updating learning rate to 1.4638043671760242e-05
	iters: 100, epoch: 86 | loss: 0.2214250
	speed: 0.1286s/iter; left time: 500.2474s
	iters: 200, epoch: 86 | loss: 0.2249352
	speed: 0.0566s/iter; left time: 214.7408s
Epoch: 86 cost time: 15.053672313690186
Epoch: 86, Steps: 266 | Train Loss: 0.2243004 Vali Loss: 0.3580309 Test Loss: 0.2862786
Validation loss decreased (0.358282 --> 0.358031).  Saving model ...
Updating learning rate to 1.2836522462874087e-05
	iters: 100, epoch: 87 | loss: 0.2131461
	speed: 0.1307s/iter; left time: 473.8200s
	iters: 200, epoch: 87 | loss: 0.2258416
	speed: 0.0566s/iter; left time: 199.6502s
Epoch: 87 cost time: 15.046740531921387
Epoch: 87, Steps: 266 | Train Loss: 0.2242362 Vali Loss: 0.3582822 Test Loss: 0.2861247
EarlyStopping counter: 1 out of 20
Updating learning rate to 1.1136864310901654e-05
	iters: 100, epoch: 88 | loss: 0.2041423
	speed: 0.1286s/iter; left time: 431.9670s
	iters: 200, epoch: 88 | loss: 0.2566377
	speed: 0.0566s/iter; left time: 184.5950s
Epoch: 88 cost time: 15.057526111602783
Epoch: 88, Steps: 266 | Train Loss: 0.2241607 Vali Loss: 0.3583726 Test Loss: 0.2862765
EarlyStopping counter: 2 out of 20
Updating learning rate to 9.543727860695686e-06
	iters: 100, epoch: 89 | loss: 0.2244968
	speed: 0.1285s/iter; left time: 397.4074s
	iters: 200, epoch: 89 | loss: 0.2257206
	speed: 0.0567s/iter; left time: 169.6523s
Epoch: 89 cost time: 15.04785966873169
Epoch: 89, Steps: 266 | Train Loss: 0.2239760 Vali Loss: 0.3583491 Test Loss: 0.2862444
EarlyStopping counter: 3 out of 20
Updating learning rate to 8.061479788528676e-06
	iters: 100, epoch: 90 | loss: 0.2092894
	speed: 0.1282s/iter; left time: 362.4906s
	iters: 200, epoch: 90 | loss: 0.2155346
	speed: 0.0564s/iter; left time: 153.8329s
Epoch: 90 cost time: 15.00098991394043
Epoch: 90, Steps: 266 | Train Loss: 0.2239067 Vali Loss: 0.3584704 Test Loss: 0.2862490
EarlyStopping counter: 4 out of 20
Updating learning rate to 6.694182833336585e-06
	iters: 100, epoch: 91 | loss: 0.2192497
	speed: 0.1283s/iter; left time: 328.4634s
	iters: 200, epoch: 91 | loss: 0.2368512
	speed: 0.0564s/iter; left time: 138.7655s
Epoch: 91 cost time: 14.99826955795288
Epoch: 91, Steps: 266 | Train Loss: 0.2240256 Vali Loss: 0.3582081 Test Loss: 0.2863625
EarlyStopping counter: 5 out of 20
Updating learning rate to 5.445584661033984e-06
	iters: 100, epoch: 92 | loss: 0.1982812
	speed: 0.1282s/iter; left time: 294.1126s
	iters: 200, epoch: 92 | loss: 0.2165977
	speed: 0.0565s/iter; left time: 124.0668s
Epoch: 92 cost time: 15.021161079406738
Epoch: 92, Steps: 266 | Train Loss: 0.2238752 Vali Loss: 0.3587017 Test Loss: 0.2862355
EarlyStopping counter: 6 out of 20
Updating learning rate to 4.319107592422141e-06
	iters: 100, epoch: 93 | loss: 0.2386727
	speed: 0.1286s/iter; left time: 260.8618s
	iters: 200, epoch: 93 | loss: 0.2390102
	speed: 0.0566s/iter; left time: 109.1303s
Epoch: 93 cost time: 15.044250726699829
Epoch: 93, Steps: 266 | Train Loss: 0.2239762 Vali Loss: 0.3585418 Test Loss: 0.2864077
EarlyStopping counter: 7 out of 20
Updating learning rate to 3.317839222845672e-06
	iters: 100, epoch: 94 | loss: 0.2350144
	speed: 0.1286s/iter; left time: 226.6374s
	iters: 200, epoch: 94 | loss: 0.2202076
	speed: 0.0566s/iter; left time: 94.0455s
Epoch: 94 cost time: 15.039517879486084
Epoch: 94, Steps: 266 | Train Loss: 0.2238513 Vali Loss: 0.3586011 Test Loss: 0.2861702
EarlyStopping counter: 8 out of 20
Updating learning rate to 2.444523959308275e-06
	iters: 100, epoch: 95 | loss: 0.2403815
	speed: 0.1286s/iter; left time: 192.4400s
	iters: 200, epoch: 95 | loss: 0.2184348
	speed: 0.0566s/iter; left time: 79.0380s
Epoch: 95 cost time: 15.043710947036743
Epoch: 95, Steps: 266 | Train Loss: 0.2239198 Vali Loss: 0.3586768 Test Loss: 0.2861502
EarlyStopping counter: 9 out of 20
Updating learning rate to 1.7015554982438941e-06
	iters: 100, epoch: 96 | loss: 0.2153243
	speed: 0.1287s/iter; left time: 158.3783s
	iters: 200, epoch: 96 | loss: 0.2301263
	speed: 0.0566s/iter; left time: 64.0039s
Epoch: 96 cost time: 15.045542240142822
Epoch: 96, Steps: 266 | Train Loss: 0.2238354 Vali Loss: 0.3585737 Test Loss: 0.2864796
EarlyStopping counter: 10 out of 20
Updating learning rate to 1.090970264561212e-06
	iters: 100, epoch: 97 | loss: 0.2168058
	speed: 0.1287s/iter; left time: 124.1797s
	iters: 200, epoch: 97 | loss: 0.2367804
	speed: 0.0566s/iter; left time: 48.9307s
Epoch: 97 cost time: 15.037963390350342
Epoch: 97, Steps: 266 | Train Loss: 0.2238474 Vali Loss: 0.3583905 Test Loss: 0.2862861
EarlyStopping counter: 11 out of 20
Updating learning rate to 6.1444182994449e-07
	iters: 100, epoch: 98 | loss: 0.2410143
	speed: 0.1286s/iter; left time: 89.8999s
	iters: 200, epoch: 98 | loss: 0.2422651
	speed: 0.0566s/iter; left time: 33.8972s
Epoch: 98 cost time: 15.046057224273682
Epoch: 98, Steps: 266 | Train Loss: 0.2238444 Vali Loss: 0.3586116 Test Loss: 0.2861497
EarlyStopping counter: 12 out of 20
Updating learning rate to 2.7327632570993355e-07
	iters: 100, epoch: 99 | loss: 0.2058365
	speed: 0.1286s/iter; left time: 55.6997s
	iters: 200, epoch: 99 | loss: 0.2375648
	speed: 0.0566s/iter; left time: 18.8384s
Epoch: 99 cost time: 15.046005010604858
Epoch: 99, Steps: 266 | Train Loss: 0.2238487 Vali Loss: 0.3581061 Test Loss: 0.2861662
EarlyStopping counter: 13 out of 20
Updating learning rate to 6.840886279052353e-08
	iters: 100, epoch: 100 | loss: 0.2279715
	speed: 0.1285s/iter; left time: 21.4538s
	iters: 200, epoch: 100 | loss: 0.2053853
	speed: 0.0566s/iter; left time: 3.7892s
Epoch: 100 cost time: 15.04360580444336
Epoch: 100, Steps: 266 | Train Loss: 0.2237882 Vali Loss: 0.3583961 Test Loss: 0.2862213
EarlyStopping counter: 14 out of 20
Updating learning rate to 4.0096866195066605e-10
>>>>>>>testing : NL_ettm1_cms_lr0.00005_spc_336_96_PatchTST_ETTm1_ftM_sl336_ll48_pl96_dm128_nh16_el3_dl1_df256_fc1_ebtimeF_dtTruelr5e-05_polspc_Nested_Learning_0<<<<<<<<<<<<<<<<<<<<<<<<<<<<<<<<<
test 11425
 Ejecutando Inferencia DINÁMICA (Nested Learning con cms)
  -> Política: spc | LR: 5e-05 | Target: head

RESUMEN: El CMS se actualizó 0 veces de 89 posibles.

mse:0.2862786054611206, mae:0.3398897647857666, rse:0.5089579820632935
Args in experiment:
Namespace(random_seed=2021, is_training=1, model_id='NL_ettm1_cms_lr0.00005_spc_336_192', model='PatchTST', data='ETTm1', root_path='./dataset/', data_path='ETTm1.csv', features='M', target='OT', freq='h', checkpoints='./checkpoints/', seq_len=336, label_len=48, pred_len=192, head_type='cms', cms_lr=5e-05, update_policy='spc', fc_dropout=0.2, head_dropout=0.0, patch_len=16, stride=8, padding_patch='end', revin=1, affine=0, subtract_last=0, decomposition=0, kernel_size=25, individual=0, embed_type=0, enc_in=7, dec_in=7, c_out=7, d_model=128, n_heads=16, e_layers=3, d_layers=1, d_ff=256, moving_avg=25, factor=1, distil=True, dropout=0.2, embed='timeF', activation='gelu', output_attention=False, do_predict=False, num_workers=0, itr=1, train_epochs=100, batch_size=128, patience=20, learning_rate=0.0001, des='Nested_Learning', loss='mse', lradj='TST', pct_start=0.4, use_amp=False, use_gpu=True, gpu=0, use_multi_gpu=False, devices='0,1,2,3', test_flop=False)
Use GPU: cuda:0
>>>>>>>start training : NL_ettm1_cms_lr0.00005_spc_336_192_PatchTST_ETTm1_ftM_sl336_ll48_pl192_dm128_nh16_el3_dl1_df256_fc1_ebtimeF_dtTruelr5e-05_polspc_Nested_Learning_0>>>>>>>>>>>>>>>>>>>>>>>>>>
train 34033
val 11329
test 11329
	iters: 100, epoch: 1 | loss: 0.6948445
	speed: 0.0873s/iter; left time: 2305.5674s
	iters: 200, epoch: 1 | loss: 0.6958332
	speed: 0.0605s/iter; left time: 1592.3910s
Epoch: 1 cost time: 16.277653455734253
Epoch: 1, Steps: 265 | Train Loss: 0.6530693 Vali Loss: 1.1310556 Test Loss: 0.8343775
Validation loss decreased (inf --> 1.131056).  Saving model ...
Updating learning rate to 4.147995888890545e-06
	iters: 100, epoch: 2 | loss: 0.6729228
	speed: 0.1372s/iter; left time: 3584.9145s
	iters: 200, epoch: 2 | loss: 0.6236708
	speed: 0.0613s/iter; left time: 1596.3410s
Epoch: 2 cost time: 16.236222743988037
Epoch: 2, Steps: 265 | Train Loss: 0.6492337 Vali Loss: 1.1224685 Test Loss: 0.8272101
Validation loss decreased (1.131056 --> 1.122468).  Saving model ...
Updating learning rate to 4.591070939598485e-06
	iters: 100, epoch: 3 | loss: 0.6277993
	speed: 0.1377s/iter; left time: 3563.1738s
	iters: 200, epoch: 3 | loss: 0.6515230
	speed: 0.0615s/iter; left time: 1583.9776s
Epoch: 3 cost time: 16.286495685577393
Epoch: 3, Steps: 265 | Train Loss: 0.6447123 Vali Loss: 1.1125178 Test Loss: 0.8191851
Validation loss decreased (1.122468 --> 1.112518).  Saving model ...
Updating learning rate to 5.326492931874866e-06
	iters: 100, epoch: 4 | loss: 0.6504050
	speed: 0.1397s/iter; left time: 3578.0354s
	iters: 200, epoch: 4 | loss: 0.6536756
	speed: 0.0616s/iter; left time: 1572.4440s
Epoch: 4 cost time: 16.315083742141724
Epoch: 4, Steps: 265 | Train Loss: 0.6397621 Vali Loss: 1.1024605 Test Loss: 0.8096914
Validation loss decreased (1.112518 --> 1.102461).  Saving model ...
Updating learning rate to 6.349726889409005e-06
	iters: 100, epoch: 5 | loss: 0.6508707
	speed: 0.1387s/iter; left time: 3515.2566s
	iters: 200, epoch: 5 | loss: 0.6243944
	speed: 0.0617s/iter; left time: 1557.8860s
Epoch: 5 cost time: 16.33799958229065
Epoch: 5, Steps: 265 | Train Loss: 0.6338789 Vali Loss: 1.0891145 Test Loss: 0.7985019
Validation loss decreased (1.102461 --> 1.089115).  Saving model ...
Updating learning rate to 7.654463044738896e-06
	iters: 100, epoch: 6 | loss: 0.6230460
	speed: 0.1381s/iter; left time: 3463.5463s
	iters: 200, epoch: 6 | loss: 0.6147093
	speed: 0.0617s/iter; left time: 1540.8521s
Epoch: 6 cost time: 16.331655502319336
Epoch: 6, Steps: 265 | Train Loss: 0.6270948 Vali Loss: 1.0748286 Test Loss: 0.7857175
Validation loss decreased (1.089115 --> 1.074829).  Saving model ...
Updating learning rate to 9.232655748403029e-06
	iters: 100, epoch: 7 | loss: 0.6373992
	speed: 0.1381s/iter; left time: 3426.2453s
	iters: 200, epoch: 7 | loss: 0.6127827
	speed: 0.0616s/iter; left time: 1523.1475s
Epoch: 7 cost time: 16.322359800338745
Epoch: 7, Steps: 265 | Train Loss: 0.6191977 Vali Loss: 1.0575932 Test Loss: 0.7710176
Validation loss decreased (1.074829 --> 1.057593).  Saving model ...
Updating learning rate to 1.107457308240065e-05
	iters: 100, epoch: 8 | loss: 0.6126291
	speed: 0.1380s/iter; left time: 3387.8011s
	iters: 200, epoch: 8 | loss: 0.6365218
	speed: 0.0617s/iter; left time: 1509.4339s
Epoch: 8 cost time: 16.332841396331787
Epoch: 8, Steps: 265 | Train Loss: 0.6095047 Vali Loss: 1.0375043 Test Loss: 0.7538235
Validation loss decreased (1.057593 --> 1.037504).  Saving model ...
Updating learning rate to 1.3168856872018862e-05
	iters: 100, epoch: 9 | loss: 0.6358859
	speed: 0.1379s/iter; left time: 3348.9767s
	iters: 200, epoch: 9 | loss: 0.6336924
	speed: 0.0617s/iter; left time: 1492.2735s
Epoch: 9 cost time: 16.325337886810303
Epoch: 9, Steps: 265 | Train Loss: 0.5992191 Vali Loss: 1.0139352 Test Loss: 0.7344133
Validation loss decreased (1.037504 --> 1.013935).  Saving model ...
Updating learning rate to 1.550259272596464e-05
	iters: 100, epoch: 10 | loss: 0.5718643
	speed: 0.1381s/iter; left time: 3316.4908s
	iters: 200, epoch: 10 | loss: 0.6055470
	speed: 0.0617s/iter; left time: 1475.0202s
Epoch: 10 cost time: 16.32527995109558
Epoch: 10, Steps: 265 | Train Loss: 0.5868296 Vali Loss: 0.9893232 Test Loss: 0.7123350
Validation loss decreased (1.013935 --> 0.989323).  Saving model ...
Updating learning rate to 1.806138967289881e-05
	iters: 100, epoch: 11 | loss: 0.5564038
	speed: 0.1380s/iter; left time: 3278.5238s
	iters: 200, epoch: 11 | loss: 0.5795831
	speed: 0.0617s/iter; left time: 1459.9557s
Epoch: 11 cost time: 16.338330268859863
Epoch: 11, Steps: 265 | Train Loss: 0.5731949 Vali Loss: 0.9600053 Test Loss: 0.6885577
Validation loss decreased (0.989323 --> 0.960005).  Saving model ...
Updating learning rate to 2.0829468903294163e-05
	iters: 100, epoch: 12 | loss: 0.5094333
	speed: 0.1382s/iter; left time: 3246.4572s
	iters: 200, epoch: 12 | loss: 0.6071764
	speed: 0.0617s/iter; left time: 1443.7005s
Epoch: 12 cost time: 16.3343186378479
Epoch: 12, Steps: 265 | Train Loss: 0.5582344 Vali Loss: 0.9290680 Test Loss: 0.6623995
Validation loss decreased (0.960005 --> 0.929068).  Saving model ...
Updating learning rate to 2.3789761069391508e-05
	iters: 100, epoch: 13 | loss: 0.5244142
	speed: 0.1380s/iter; left time: 3205.0786s
	iters: 200, epoch: 13 | loss: 0.5330549
	speed: 0.0617s/iter; left time: 1426.4769s
Epoch: 13 cost time: 16.324289560317993
Epoch: 13, Steps: 265 | Train Loss: 0.5417788 Vali Loss: 0.8941399 Test Loss: 0.6347225
Validation loss decreased (0.929068 --> 0.894140).  Saving model ...
Updating learning rate to 2.692401154325343e-05
	iters: 100, epoch: 14 | loss: 0.5463977
	speed: 0.1381s/iter; left time: 3169.5934s
	iters: 200, epoch: 14 | loss: 0.4877962
	speed: 0.0616s/iter; left time: 1408.1796s
Epoch: 14 cost time: 16.312490463256836
Epoch: 14, Steps: 265 | Train Loss: 0.5241229 Vali Loss: 0.8588971 Test Loss: 0.6049597
Validation loss decreased (0.894140 --> 0.858897).  Saving model ...
Updating learning rate to 3.0212892983843068e-05
	iters: 100, epoch: 15 | loss: 0.5017995
	speed: 0.1382s/iter; left time: 3136.0309s
	iters: 200, epoch: 15 | loss: 0.5123221
	speed: 0.0617s/iter; left time: 1392.9302s
Epoch: 15 cost time: 16.321175575256348
Epoch: 15, Steps: 265 | Train Loss: 0.5053943 Vali Loss: 0.8221789 Test Loss: 0.5740486
Validation loss decreased (0.858897 --> 0.822179).  Saving model ...
Updating learning rate to 3.3636124518983084e-05
	iters: 100, epoch: 16 | loss: 0.4946125
	speed: 0.1396s/iter; left time: 3130.8446s
	iters: 200, epoch: 16 | loss: 0.4684339
	speed: 0.0616s/iter; left time: 1374.9591s
Epoch: 16 cost time: 16.310253381729126
Epoch: 16, Steps: 265 | Train Loss: 0.4853594 Vali Loss: 0.7813868 Test Loss: 0.5421208
Validation loss decreased (0.822179 --> 0.781387).  Saving model ...
Updating learning rate to 3.717259680726015e-05
	iters: 100, epoch: 17 | loss: 0.4501029
	speed: 0.1384s/iter; left time: 3067.6010s
	iters: 200, epoch: 17 | loss: 0.4945366
	speed: 0.0617s/iter; left time: 1360.2508s
Epoch: 17 cost time: 16.31497025489807
Epoch: 17, Steps: 265 | Train Loss: 0.4652638 Vali Loss: 0.7404442 Test Loss: 0.5097085
Validation loss decreased (0.781387 --> 0.740444).  Saving model ...
Updating learning rate to 4.080050220868085e-05
	iters: 100, epoch: 18 | loss: 0.4370992
	speed: 0.1384s/iter; left time: 3030.1305s
	iters: 200, epoch: 18 | loss: 0.4439486
	speed: 0.0615s/iter; left time: 1340.9026s
Epoch: 18 cost time: 16.297176361083984
Epoch: 18, Steps: 265 | Train Loss: 0.4445246 Vali Loss: 0.6992225 Test Loss: 0.4776317
Validation loss decreased (0.740444 --> 0.699223).  Saving model ...
Updating learning rate to 4.449746926138297e-05
	iters: 100, epoch: 19 | loss: 0.4064537
	speed: 0.1380s/iter; left time: 2984.7242s
	iters: 200, epoch: 19 | loss: 0.3779877
	speed: 0.0615s/iter; left time: 1323.4228s
Epoch: 19 cost time: 16.28741216659546
Epoch: 19, Steps: 265 | Train Loss: 0.4238273 Vali Loss: 0.6603470 Test Loss: 0.4473194
Validation loss decreased (0.699223 --> 0.660347).  Saving model ...
Updating learning rate to 4.824070063515135e-05
	iters: 100, epoch: 20 | loss: 0.3817445
	speed: 0.1384s/iter; left time: 2957.9539s
	iters: 200, epoch: 20 | loss: 0.4309277
	speed: 0.0615s/iter; left time: 1307.0233s
Epoch: 20 cost time: 16.280951738357544
Epoch: 20, Steps: 265 | Train Loss: 0.4043487 Vali Loss: 0.6230238 Test Loss: 0.4199048
Validation loss decreased (0.660347 --> 0.623024).  Saving model ...
Updating learning rate to 5.200711371104918e-05
	iters: 100, epoch: 21 | loss: 0.3649681
	speed: 0.1385s/iter; left time: 2922.4889s
	iters: 200, epoch: 21 | loss: 0.3625376
	speed: 0.0615s/iter; left time: 1290.5765s
Epoch: 21 cost time: 16.279873847961426
Epoch: 21, Steps: 265 | Train Loss: 0.3863889 Vali Loss: 0.5911532 Test Loss: 0.3971653
Validation loss decreased (0.623024 --> 0.591153).  Saving model ...
Updating learning rate to 5.577348292028073e-05
	iters: 100, epoch: 22 | loss: 0.3709775
	speed: 0.1378s/iter; left time: 2871.5951s
	iters: 200, epoch: 22 | loss: 0.3607649
	speed: 0.0615s/iter; left time: 1275.1236s
Epoch: 22 cost time: 16.290056943893433
Epoch: 22, Steps: 265 | Train Loss: 0.3712354 Vali Loss: 0.5661402 Test Loss: 0.3798926
Validation loss decreased (0.591153 --> 0.566140).  Saving model ...
Updating learning rate to 5.9516582964553954e-05
	iters: 100, epoch: 23 | loss: 0.3749512
	speed: 0.1380s/iter; left time: 2837.9840s
	iters: 200, epoch: 23 | loss: 0.3665725
	speed: 0.0616s/iter; left time: 1260.0519s
Epoch: 23 cost time: 16.295531034469604
Epoch: 23, Steps: 265 | Train Loss: 0.3583367 Vali Loss: 0.5486964 Test Loss: 0.3680227
Validation loss decreased (0.566140 --> 0.548696).  Saving model ...
Updating learning rate to 6.321333203477474e-05
	iters: 100, epoch: 24 | loss: 0.3334207
	speed: 0.1384s/iter; left time: 2810.5812s
	iters: 200, epoch: 24 | loss: 0.3661610
	speed: 0.0617s/iter; left time: 1246.7223s
Epoch: 24 cost time: 16.331969738006592
Epoch: 24, Steps: 265 | Train Loss: 0.3484807 Vali Loss: 0.5366136 Test Loss: 0.3601250
Validation loss decreased (0.548696 --> 0.536614).  Saving model ...
Updating learning rate to 6.684093414491588e-05
	iters: 100, epoch: 25 | loss: 0.3370971
	speed: 0.1379s/iter; left time: 2764.5937s
	iters: 200, epoch: 25 | loss: 0.3459784
	speed: 0.0618s/iter; left time: 1232.5756s
Epoch: 25 cost time: 16.35323691368103
Epoch: 25, Steps: 265 | Train Loss: 0.3406067 Vali Loss: 0.5280951 Test Loss: 0.3545063
Validation loss decreased (0.536614 --> 0.528095).  Saving model ...
Updating learning rate to 7.037701970335941e-05
	iters: 100, epoch: 26 | loss: 0.2927063
	speed: 0.1382s/iter; left time: 2732.5745s
	iters: 200, epoch: 26 | loss: 0.3408971
	speed: 0.0619s/iter; left time: 1217.8945s
Epoch: 26 cost time: 16.371061086654663
Epoch: 26, Steps: 265 | Train Loss: 0.3342868 Vali Loss: 0.5212281 Test Loss: 0.3501291
Validation loss decreased (0.528095 --> 0.521228).  Saving model ...
Updating learning rate to 7.379978345487968e-05
	iters: 100, epoch: 27 | loss: 0.3053047
	speed: 0.1383s/iter; left time: 2698.7588s
	iters: 200, epoch: 27 | loss: 0.3182198
	speed: 0.0620s/iter; left time: 1202.6102s
Epoch: 27 cost time: 16.390397310256958
Epoch: 27, Steps: 265 | Train Loss: 0.3289955 Vali Loss: 0.5174504 Test Loss: 0.3463508
Validation loss decreased (0.521228 --> 0.517450).  Saving model ...
Updating learning rate to 7.70881189426489e-05
	iters: 100, epoch: 28 | loss: 0.3053533
	speed: 0.1385s/iter; left time: 2665.2467s
	iters: 200, epoch: 28 | loss: 0.3393051
	speed: 0.0621s/iter; left time: 1188.2120s
Epoch: 28 cost time: 16.40856146812439
Epoch: 28, Steps: 265 | Train Loss: 0.3245349 Vali Loss: 0.5125142 Test Loss: 0.3444197
Validation loss decreased (0.517450 --> 0.512514).  Saving model ...
Updating learning rate to 8.022174866110521e-05
	iters: 100, epoch: 29 | loss: 0.3436678
	speed: 0.1384s/iter; left time: 2626.4523s
	iters: 200, epoch: 29 | loss: 0.3179249
	speed: 0.0621s/iter; left time: 1172.1033s
Epoch: 29 cost time: 16.41359806060791
Epoch: 29, Steps: 265 | Train Loss: 0.3210286 Vali Loss: 0.5093586 Test Loss: 0.3420453
Validation loss decreased (0.512514 --> 0.509359).  Saving model ...
Updating learning rate to 8.318134909709714e-05
	iters: 100, epoch: 30 | loss: 0.3155096
	speed: 0.1394s/iter; left time: 2608.7791s
	iters: 200, epoch: 30 | loss: 0.3147058
	speed: 0.0621s/iter; left time: 1155.8512s
Epoch: 30 cost time: 16.40774941444397
Epoch: 30, Steps: 265 | Train Loss: 0.3182032 Vali Loss: 0.5083187 Test Loss: 0.3400049
Validation loss decreased (0.509359 --> 0.508319).  Saving model ...
Updating learning rate to 8.594866988823775e-05
	iters: 100, epoch: 31 | loss: 0.3367468
	speed: 0.1385s/iter; left time: 2555.9629s
	iters: 200, epoch: 31 | loss: 0.3132316
	speed: 0.0621s/iter; left time: 1139.5530s
Epoch: 31 cost time: 16.424771308898926
Epoch: 31, Steps: 265 | Train Loss: 0.3154217 Vali Loss: 0.5046530 Test Loss: 0.3389581
Validation loss decreased (0.508319 --> 0.504653).  Saving model ...
Updating learning rate to 8.850664636367998e-05
	iters: 100, epoch: 32 | loss: 0.3197317
	speed: 0.1412s/iter; left time: 2567.1865s
	iters: 200, epoch: 32 | loss: 0.2954882
	speed: 0.0621s/iter; left time: 1123.0886s
Epoch: 32 cost time: 16.426759004592896
Epoch: 32, Steps: 265 | Train Loss: 0.3131649 Vali Loss: 0.5035253 Test Loss: 0.3376491
Validation loss decreased (0.504653 --> 0.503525).  Saving model ...
Updating learning rate to 9.083950477333033e-05
	iters: 100, epoch: 33 | loss: 0.3476446
	speed: 0.1389s/iter; left time: 2489.8785s
	iters: 200, epoch: 33 | loss: 0.3152238
	speed: 0.0622s/iter; left time: 1108.3367s
Epoch: 33 cost time: 16.46038794517517
Epoch: 33, Steps: 265 | Train Loss: 0.3111161 Vali Loss: 0.5013320 Test Loss: 0.3363782
Validation loss decreased (0.503525 --> 0.501332).  Saving model ...
Updating learning rate to 9.293285955660577e-05
	iters: 100, epoch: 34 | loss: 0.2735091
	speed: 0.1404s/iter; left time: 2478.7671s
	iters: 200, epoch: 34 | loss: 0.3067090
	speed: 0.0622s/iter; left time: 1092.5797s
Epoch: 34 cost time: 16.46613597869873
Epoch: 34, Steps: 265 | Train Loss: 0.3092313 Vali Loss: 0.4995744 Test Loss: 0.3352103
Validation loss decreased (0.501332 --> 0.499574).  Saving model ...
Updating learning rate to 9.477380205092656e-05
	iters: 100, epoch: 35 | loss: 0.3172030
	speed: 0.1399s/iter; left time: 2432.8925s
	iters: 200, epoch: 35 | loss: 0.2952788
	speed: 0.0623s/iter; left time: 1076.7616s
Epoch: 35 cost time: 16.4773850440979
Epoch: 35, Steps: 265 | Train Loss: 0.3074877 Vali Loss: 0.4982560 Test Loss: 0.3341498
Validation loss decreased (0.499574 --> 0.498256).  Saving model ...
Updating learning rate to 9.635098009292423e-05
	iters: 100, epoch: 36 | loss: 0.3044735
	speed: 0.1408s/iter; left time: 2410.8326s
	iters: 200, epoch: 36 | loss: 0.2959166
	speed: 0.0624s/iter; left time: 1061.9530s
Epoch: 36 cost time: 16.4831120967865
Epoch: 36, Steps: 265 | Train Loss: 0.3057896 Vali Loss: 0.4969117 Test Loss: 0.3329380
Validation loss decreased (0.498256 --> 0.496912).  Saving model ...
Updating learning rate to 9.765466802150444e-05
	iters: 100, epoch: 37 | loss: 0.2822344
	speed: 0.1398s/iter; left time: 2356.7035s
	iters: 200, epoch: 37 | loss: 0.3037675
	speed: 0.0624s/iter; left time: 1045.8284s
Epoch: 37 cost time: 16.507874250411987
Epoch: 37, Steps: 265 | Train Loss: 0.3042206 Vali Loss: 0.4961510 Test Loss: 0.3323517
Validation loss decreased (0.496912 --> 0.496151).  Saving model ...
Updating learning rate to 9.867682665109111e-05
	iters: 100, epoch: 38 | loss: 0.2872227
	speed: 0.1398s/iter; left time: 2319.7675s
	iters: 200, epoch: 38 | loss: 0.2788215
	speed: 0.0624s/iter; left time: 1030.0460s
Epoch: 38 cost time: 16.52033019065857
Epoch: 38, Steps: 265 | Train Loss: 0.3026883 Vali Loss: 0.4950181 Test Loss: 0.3314081
Validation loss decreased (0.496151 --> 0.495018).  Saving model ...
Updating learning rate to 9.941115284522702e-05
	iters: 100, epoch: 39 | loss: 0.3025103
	speed: 0.1397s/iter; left time: 2281.5717s
	iters: 200, epoch: 39 | loss: 0.2850789
	speed: 0.0626s/iter; left time: 1015.7019s
Epoch: 39 cost time: 16.537262201309204
Epoch: 39, Steps: 265 | Train Loss: 0.3011399 Vali Loss: 0.4934285 Test Loss: 0.3306265
Validation loss decreased (0.495018 --> 0.493428).  Saving model ...
Updating learning rate to 9.985311838483566e-05
	iters: 100, epoch: 40 | loss: 0.3187998
	speed: 0.1409s/iter; left time: 2264.2088s
	iters: 200, epoch: 40 | loss: 0.3058399
	speed: 0.0625s/iter; left time: 998.6398s
Epoch: 40 cost time: 16.536882638931274
Epoch: 40, Steps: 265 | Train Loss: 0.2997488 Vali Loss: 0.4926549 Test Loss: 0.3301700
Validation loss decreased (0.493428 --> 0.492655).  Saving model ...
Updating learning rate to 9.99999990240136e-05
	iters: 100, epoch: 41 | loss: 0.2929821
	speed: 0.1409s/iter; left time: 2226.6106s
	iters: 200, epoch: 41 | loss: 0.3596326
	speed: 0.0625s/iter; left time: 981.8288s
Epoch: 41 cost time: 16.536691904067993
Epoch: 41, Steps: 265 | Train Loss: 0.2984196 Vali Loss: 0.4920541 Test Loss: 0.3296350
Validation loss decreased (0.492655 --> 0.492054).  Saving model ...
Updating learning rate to 9.993095900070463e-05
	iters: 100, epoch: 42 | loss: 0.2804886
	speed: 0.1411s/iter; left time: 2191.7860s
	iters: 200, epoch: 42 | loss: 0.3111457
	speed: 0.0626s/iter; left time: 966.6546s
Epoch: 42 cost time: 16.548994779586792
Epoch: 42, Steps: 265 | Train Loss: 0.2970049 Vali Loss: 0.4896061 Test Loss: 0.3292505
Validation loss decreased (0.492054 --> 0.489606).  Saving model ...
Updating learning rate to 9.972506223761924e-05
	iters: 100, epoch: 43 | loss: 0.2863217
	speed: 0.1397s/iter; left time: 2134.0270s
	iters: 200, epoch: 43 | loss: 0.3087351
	speed: 0.0625s/iter; left time: 948.8950s
Epoch: 43 cost time: 16.545036554336548
Epoch: 43, Steps: 265 | Train Loss: 0.2957326 Vali Loss: 0.4901868 Test Loss: 0.3285589
EarlyStopping counter: 1 out of 20
Updating learning rate to 9.938287308347333e-05
	iters: 100, epoch: 44 | loss: 0.2820463
	speed: 0.1386s/iter; left time: 2079.7925s
	iters: 200, epoch: 44 | loss: 0.2725294
	speed: 0.0626s/iter; left time: 933.4882s
Epoch: 44 cost time: 16.560964345932007
Epoch: 44, Steps: 265 | Train Loss: 0.2946246 Vali Loss: 0.4891355 Test Loss: 0.3283591
Validation loss decreased (0.489606 --> 0.489136).  Saving model ...
Updating learning rate to 9.890532945495314e-05
	iters: 100, epoch: 45 | loss: 0.3379216
	speed: 0.1408s/iter; left time: 2075.2499s
	iters: 200, epoch: 45 | loss: 0.2929448
	speed: 0.0625s/iter; left time: 915.1075s
Epoch: 45 cost time: 16.532976150512695
Epoch: 45, Steps: 265 | Train Loss: 0.2934334 Vali Loss: 0.4879750 Test Loss: 0.3281861
Validation loss decreased (0.489136 --> 0.487975).  Saving model ...
Updating learning rate to 9.829374026595078e-05
	iters: 100, epoch: 46 | loss: 0.2683986
	speed: 0.1408s/iter; left time: 2038.7462s
	iters: 200, epoch: 46 | loss: 0.3057048
	speed: 0.0626s/iter; left time: 900.1295s
Epoch: 46 cost time: 16.55505657196045
Epoch: 46, Steps: 265 | Train Loss: 0.2923753 Vali Loss: 0.4867177 Test Loss: 0.3276629
Validation loss decreased (0.487975 --> 0.486718).  Saving model ...
Updating learning rate to 9.754978183992228e-05
	iters: 100, epoch: 47 | loss: 0.2854171
	speed: 0.1406s/iter; left time: 1997.5421s
	iters: 200, epoch: 47 | loss: 0.3359696
	speed: 0.0626s/iter; left time: 883.2230s
Epoch: 47 cost time: 16.55509662628174
Epoch: 47, Steps: 265 | Train Loss: 0.2914731 Vali Loss: 0.4864901 Test Loss: 0.3278289
Validation loss decreased (0.486718 --> 0.486490).  Saving model ...
Updating learning rate to 9.667549331520148e-05
	iters: 100, epoch: 48 | loss: 0.3111461
	speed: 0.1397s/iter; left time: 1948.3076s
	iters: 200, epoch: 48 | loss: 0.2890439
	speed: 0.0626s/iter; left time: 866.9188s
Epoch: 48 cost time: 16.546974182128906
Epoch: 48, Steps: 265 | Train Loss: 0.2905143 Vali Loss: 0.4865873 Test Loss: 0.3273617
EarlyStopping counter: 1 out of 20
Updating learning rate to 9.567327105586355e-05
	iters: 100, epoch: 49 | loss: 0.2793843
	speed: 0.1386s/iter; left time: 1896.1494s
	iters: 200, epoch: 49 | loss: 0.3202679
	speed: 0.0627s/iter; left time: 851.6417s
Epoch: 49 cost time: 16.575036764144897
Epoch: 49, Steps: 265 | Train Loss: 0.2894330 Vali Loss: 0.4840204 Test Loss: 0.3273573
Validation loss decreased (0.486490 --> 0.484020).  Saving model ...
Updating learning rate to 9.454586208345774e-05
	iters: 100, epoch: 50 | loss: 0.2965493
	speed: 0.1418s/iter; left time: 1903.0148s
	iters: 200, epoch: 50 | loss: 0.2814212
	speed: 0.0626s/iter; left time: 833.7775s
Epoch: 50 cost time: 16.5404052734375
Epoch: 50, Steps: 265 | Train Loss: 0.2886506 Vali Loss: 0.4838204 Test Loss: 0.3272670
Validation loss decreased (0.484020 --> 0.483820).  Saving model ...
Updating learning rate to 9.329635654761219e-05
	iters: 100, epoch: 51 | loss: 0.2919425
	speed: 0.1402s/iter; left time: 1843.9780s
	iters: 200, epoch: 51 | loss: 0.2756475
	speed: 0.0627s/iter; left time: 818.1052s
Epoch: 51 cost time: 16.573314666748047
Epoch: 51, Steps: 265 | Train Loss: 0.2877827 Vali Loss: 0.4840606 Test Loss: 0.3271438
EarlyStopping counter: 1 out of 20
Updating learning rate to 9.192817925614859e-05
	iters: 100, epoch: 52 | loss: 0.2796476
	speed: 0.1390s/iter; left time: 1790.8395s
	iters: 200, epoch: 52 | loss: 0.2855432
	speed: 0.0628s/iter; left time: 802.7135s
Epoch: 52 cost time: 16.609031915664673
Epoch: 52, Steps: 265 | Train Loss: 0.2872008 Vali Loss: 0.4819175 Test Loss: 0.3269134
Validation loss decreased (0.483820 --> 0.481917).  Saving model ...
Updating learning rate to 9.044508028792197e-05
	iters: 100, epoch: 53 | loss: 0.2794860
	speed: 0.1404s/iter; left time: 1772.3868s
	iters: 200, epoch: 53 | loss: 0.2633525
	speed: 0.0628s/iter; left time: 785.7081s
Epoch: 53 cost time: 16.59301257133484
Epoch: 53, Steps: 265 | Train Loss: 0.2863811 Vali Loss: 0.4826736 Test Loss: 0.3265706
EarlyStopping counter: 1 out of 20
Updating learning rate to 8.885112471411532e-05
	iters: 100, epoch: 54 | loss: 0.2684806
	speed: 0.1392s/iter; left time: 1720.5107s
	iters: 200, epoch: 54 | loss: 0.2849687
	speed: 0.0627s/iter; left time: 768.8412s
Epoch: 54 cost time: 16.61802387237549
Epoch: 54, Steps: 265 | Train Loss: 0.2854607 Vali Loss: 0.4817156 Test Loss: 0.3269299
Validation loss decreased (0.481917 --> 0.481716).  Saving model ...
Updating learning rate to 8.715068145616196e-05
	iters: 100, epoch: 55 | loss: 0.2799318
	speed: 0.1415s/iter; left time: 1710.7151s
	iters: 200, epoch: 55 | loss: 0.2680841
	speed: 0.0628s/iter; left time: 752.4531s
Epoch: 55 cost time: 16.587034463882446
Epoch: 55, Steps: 265 | Train Loss: 0.2848154 Vali Loss: 0.4814650 Test Loss: 0.3269001
Validation loss decreased (0.481716 --> 0.481465).  Saving model ...
Updating learning rate to 8.534841131083555e-05
	iters: 100, epoch: 56 | loss: 0.3188748
	speed: 0.1416s/iter; left time: 1674.3766s
	iters: 200, epoch: 56 | loss: 0.2986479
	speed: 0.0628s/iter; left time: 736.6500s
Epoch: 56 cost time: 16.607579231262207
Epoch: 56, Steps: 265 | Train Loss: 0.2844882 Vali Loss: 0.4804549 Test Loss: 0.3267236
Validation loss decreased (0.481465 --> 0.480455).  Saving model ...
Updating learning rate to 8.344925417533019e-05
	iters: 100, epoch: 57 | loss: 0.2852629
	speed: 0.1416s/iter; left time: 1637.1708s
	iters: 200, epoch: 57 | loss: 0.2725150
	speed: 0.0628s/iter; left time: 719.5130s
Epoch: 57 cost time: 16.602463960647583
Epoch: 57, Steps: 265 | Train Loss: 0.2838453 Vali Loss: 0.4790640 Test Loss: 0.3265764
Validation loss decreased (0.480455 --> 0.479064).  Saving model ...
Updating learning rate to 8.14584155073455e-05
	iters: 100, epoch: 58 | loss: 0.3209168
	speed: 0.1415s/iter; left time: 1598.3618s
	iters: 200, epoch: 58 | loss: 0.3248342
	speed: 0.0628s/iter; left time: 703.4104s
Epoch: 58 cost time: 16.600347757339478
Epoch: 58, Steps: 265 | Train Loss: 0.2831810 Vali Loss: 0.4795838 Test Loss: 0.3267950
EarlyStopping counter: 1 out of 20
Updating learning rate to 7.938135205728891e-05
	iters: 100, epoch: 59 | loss: 0.3020363
	speed: 0.1390s/iter; left time: 1532.7630s
	iters: 200, epoch: 59 | loss: 0.2611105
	speed: 0.0628s/iter; left time: 685.9527s
Epoch: 59 cost time: 16.61204242706299
Epoch: 59, Steps: 265 | Train Loss: 0.2827033 Vali Loss: 0.4797010 Test Loss: 0.3267588
EarlyStopping counter: 2 out of 20
Updating learning rate to 7.722375691170215e-05
	iters: 100, epoch: 60 | loss: 0.2973560
	speed: 0.1391s/iter; left time: 1497.9059s
	iters: 200, epoch: 60 | loss: 0.2887251
	speed: 0.0628s/iter; left time: 669.6838s
Epoch: 60 cost time: 16.621891498565674
Epoch: 60, Steps: 265 | Train Loss: 0.2821563 Vali Loss: 0.4777771 Test Loss: 0.3267654
Validation loss decreased (0.479064 --> 0.477777).  Saving model ...
Updating learning rate to 7.499154388890664e-05
	iters: 100, epoch: 61 | loss: 0.2822366
	speed: 0.1412s/iter; left time: 1482.5474s
	iters: 200, epoch: 61 | loss: 0.2961479
	speed: 0.0629s/iter; left time: 653.8571s
Epoch: 61 cost time: 16.617849111557007
Epoch: 61, Steps: 265 | Train Loss: 0.2815853 Vali Loss: 0.4778346 Test Loss: 0.3264819
EarlyStopping counter: 1 out of 20
Updating learning rate to 7.269083132963864e-05
	iters: 100, epoch: 62 | loss: 0.3368886
	speed: 0.1391s/iter; left time: 1424.2740s
	iters: 200, epoch: 62 | loss: 0.2877227
	speed: 0.0630s/iter; left time: 638.9242s
Epoch: 62 cost time: 16.644797563552856
Epoch: 62, Steps: 265 | Train Loss: 0.2810696 Vali Loss: 0.4790747 Test Loss: 0.3265500
EarlyStopping counter: 2 out of 20
Updating learning rate to 7.032792532710257e-05
	iters: 100, epoch: 63 | loss: 0.2637514
	speed: 0.1391s/iter; left time: 1387.1107s
	iters: 200, epoch: 63 | loss: 0.2581738
	speed: 0.0629s/iter; left time: 620.8618s
Epoch: 63 cost time: 16.63498854637146
Epoch: 63, Steps: 265 | Train Loss: 0.2805241 Vali Loss: 0.4783090 Test Loss: 0.3265410
EarlyStopping counter: 3 out of 20
Updating learning rate to 6.790930244240778e-05
	iters: 100, epoch: 64 | loss: 0.2401551
	speed: 0.1392s/iter; left time: 1351.5054s
	iters: 200, epoch: 64 | loss: 0.2714758
	speed: 0.0630s/iter; left time: 604.8007s
Epoch: 64 cost time: 16.64586853981018
Epoch: 64, Steps: 265 | Train Loss: 0.2801732 Vali Loss: 0.4782583 Test Loss: 0.3265806
EarlyStopping counter: 4 out of 20
Updating learning rate to 6.544159195276479e-05
	iters: 100, epoch: 65 | loss: 0.2752995
	speed: 0.1391s/iter; left time: 1313.4110s
	iters: 200, epoch: 65 | loss: 0.2558608
	speed: 0.0629s/iter; left time: 587.8373s
Epoch: 65 cost time: 16.64182472229004
Epoch: 65, Steps: 265 | Train Loss: 0.2796723 Vali Loss: 0.4770291 Test Loss: 0.3265865
Validation loss decreased (0.477777 --> 0.477029).  Saving model ...
Updating learning rate to 6.293155768109725e-05
	iters: 100, epoch: 66 | loss: 0.2834534
	speed: 0.1429s/iter; left time: 1311.4495s
	iters: 200, epoch: 66 | loss: 0.2819439
	speed: 0.0628s/iter; left time: 570.1412s
Epoch: 66 cost time: 16.611384391784668
Epoch: 66, Steps: 265 | Train Loss: 0.2792353 Vali Loss: 0.4779511 Test Loss: 0.3268568
EarlyStopping counter: 1 out of 20
Updating learning rate to 6.038607945687349e-05
	iters: 100, epoch: 67 | loss: 0.2595352
	speed: 0.1394s/iter; left time: 1242.5153s
	iters: 200, epoch: 67 | loss: 0.2541459
	speed: 0.0630s/iter; left time: 554.9077s
Epoch: 67 cost time: 16.67723560333252
Epoch: 67, Steps: 265 | Train Loss: 0.2788832 Vali Loss: 0.4779225 Test Loss: 0.3266634
EarlyStopping counter: 2 out of 20
Updating learning rate to 5.781213425897207e-05
	iters: 100, epoch: 68 | loss: 0.2879365
	speed: 0.1395s/iter; left time: 1206.5448s
	iters: 200, epoch: 68 | loss: 0.2783964
	speed: 0.0629s/iter; left time: 537.9452s
Epoch: 68 cost time: 16.659051418304443
Epoch: 68, Steps: 265 | Train Loss: 0.2783774 Vali Loss: 0.4766690 Test Loss: 0.3268178
Validation loss decreased (0.477029 --> 0.476669).  Saving model ...
Updating learning rate to 5.5216777092267685e-05
	iters: 100, epoch: 69 | loss: 0.2454645
	speed: 0.1421s/iter; left time: 1190.6323s
	iters: 200, epoch: 69 | loss: 0.2670714
	speed: 0.0629s/iter; left time: 521.1472s
Epoch: 69 cost time: 16.633423328399658
Epoch: 69, Steps: 265 | Train Loss: 0.2781911 Vali Loss: 0.4769157 Test Loss: 0.3265988
EarlyStopping counter: 1 out of 20
Updating learning rate to 5.260712165035325e-05
	iters: 100, epoch: 70 | loss: 0.2743230
	speed: 0.1394s/iter; left time: 1131.5130s
	iters: 200, epoch: 70 | loss: 0.2794878
	speed: 0.0628s/iter; left time: 503.5448s
Epoch: 70 cost time: 16.616854190826416
Epoch: 70, Steps: 265 | Train Loss: 0.2778087 Vali Loss: 0.4764464 Test Loss: 0.3267819
Validation loss decreased (0.476669 --> 0.476446).  Saving model ...
Updating learning rate to 4.999032081740008e-05
	iters: 100, epoch: 71 | loss: 0.2647900
	speed: 0.1415s/iter; left time: 1110.6172s
	iters: 200, epoch: 71 | loss: 0.2731052
	speed: 0.0626s/iter; left time: 485.0984s
Epoch: 71 cost time: 16.551451444625854
Epoch: 71, Steps: 265 | Train Loss: 0.2773613 Vali Loss: 0.4768080 Test Loss: 0.3268254
EarlyStopping counter: 1 out of 20
Updating learning rate to 4.737354706259972e-05
	iters: 100, epoch: 72 | loss: 0.2572721
	speed: 0.1387s/iter; left time: 1051.8146s
	iters: 200, epoch: 72 | loss: 0.2706960
	speed: 0.0625s/iter; left time: 467.8135s
Epoch: 72 cost time: 16.53777813911438
Epoch: 72, Steps: 265 | Train Loss: 0.2771384 Vali Loss: 0.4759379 Test Loss: 0.3269864
Validation loss decreased (0.476446 --> 0.475938).  Saving model ...
Updating learning rate to 4.476397278092438e-05
	iters: 100, epoch: 73 | loss: 0.2925862
	speed: 0.1403s/iter; left time: 1027.1202s
	iters: 200, epoch: 73 | loss: 0.2780589
	speed: 0.0624s/iter; left time: 450.3812s
Epoch: 73 cost time: 16.49441170692444
Epoch: 73, Steps: 265 | Train Loss: 0.2767720 Vali Loss: 0.4768645 Test Loss: 0.3272374
EarlyStopping counter: 1 out of 20
Updating learning rate to 4.216875063409081e-05
	iters: 100, epoch: 74 | loss: 0.2594252
	speed: 0.1382s/iter; left time: 974.8291s
	iters: 200, epoch: 74 | loss: 0.2727145
	speed: 0.0623s/iter; left time: 433.1089s
Epoch: 74 cost time: 16.484145164489746
Epoch: 74, Steps: 265 | Train Loss: 0.2765210 Vali Loss: 0.4768198 Test Loss: 0.3272863
EarlyStopping counter: 2 out of 20
Updating learning rate to 3.959499394561185e-05
	iters: 100, epoch: 75 | loss: 0.2875733
	speed: 0.1379s/iter; left time: 936.3026s
	iters: 200, epoch: 75 | loss: 0.2772789
	speed: 0.0623s/iter; left time: 416.6110s
Epoch: 75 cost time: 16.46514320373535
Epoch: 75, Steps: 265 | Train Loss: 0.2762025 Vali Loss: 0.4763334 Test Loss: 0.3270079
EarlyStopping counter: 3 out of 20
Updating learning rate to 3.704975720367095e-05
	iters: 100, epoch: 76 | loss: 0.2571290
	speed: 0.1380s/iter; left time: 900.4536s
	iters: 200, epoch: 76 | loss: 0.2847578
	speed: 0.0623s/iter; left time: 400.1455s
Epoch: 76 cost time: 16.463172435760498
Epoch: 76, Steps: 265 | Train Loss: 0.2759356 Vali Loss: 0.4764078 Test Loss: 0.3269518
EarlyStopping counter: 4 out of 20
Updating learning rate to 3.454001672526056e-05
	iters: 100, epoch: 77 | loss: 0.2702665
	speed: 0.1377s/iter; left time: 861.9950s
	iters: 200, epoch: 77 | loss: 0.2574536
	speed: 0.0621s/iter; left time: 382.5814s
Epoch: 77 cost time: 16.430779695510864
Epoch: 77, Steps: 265 | Train Loss: 0.2757141 Vali Loss: 0.4768855 Test Loss: 0.3268469
EarlyStopping counter: 5 out of 20
Updating learning rate to 3.207265153458206e-05
	iters: 100, epoch: 78 | loss: 0.2691184
	speed: 0.1378s/iter; left time: 826.1871s
	iters: 200, epoch: 78 | loss: 0.2461581
	speed: 0.0621s/iter; left time: 366.1472s
Epoch: 78 cost time: 16.436076402664185
Epoch: 78, Steps: 265 | Train Loss: 0.2753721 Vali Loss: 0.4762706 Test Loss: 0.3271892
EarlyStopping counter: 6 out of 20
Updating learning rate to 2.965442450811866e-05
	iters: 100, epoch: 79 | loss: 0.3053690
	speed: 0.1377s/iter; left time: 789.0566s
	iters: 200, epoch: 79 | loss: 0.2638246
	speed: 0.0620s/iter; left time: 348.9732s
Epoch: 79 cost time: 16.41176152229309
Epoch: 79, Steps: 265 | Train Loss: 0.2752289 Vali Loss: 0.4765676 Test Loss: 0.3272999
EarlyStopping counter: 7 out of 20
Updating learning rate to 2.7291963838060986e-05
	iters: 100, epoch: 80 | loss: 0.2949457
	speed: 0.1377s/iter; left time: 752.8948s
	iters: 200, epoch: 80 | loss: 0.2831245
	speed: 0.0620s/iter; left time: 332.7688s
Epoch: 80 cost time: 16.411836862564087
Epoch: 80, Steps: 265 | Train Loss: 0.2751833 Vali Loss: 0.4763961 Test Loss: 0.3274282
EarlyStopping counter: 8 out of 20
Updating learning rate to 2.499174486489305e-05
	iters: 100, epoch: 81 | loss: 0.2437170
	speed: 0.1377s/iter; left time: 715.9466s
	iters: 200, epoch: 81 | loss: 0.3174847
	speed: 0.0619s/iter; left time: 316.0006s
Epoch: 81 cost time: 16.39723563194275
Epoch: 81, Steps: 265 | Train Loss: 0.2748494 Vali Loss: 0.4754003 Test Loss: 0.3277282
Validation loss decreased (0.475938 --> 0.475400).  Saving model ...
Updating learning rate to 2.276007232893402e-05
	iters: 100, epoch: 82 | loss: 0.2720534
	speed: 0.1396s/iter; left time: 688.9845s
	iters: 200, epoch: 82 | loss: 0.2732750
	speed: 0.0619s/iter; left time: 299.4699s
Epoch: 82 cost time: 16.386027574539185
Epoch: 82, Steps: 265 | Train Loss: 0.2747053 Vali Loss: 0.4763108 Test Loss: 0.3275039
EarlyStopping counter: 1 out of 20
Updating learning rate to 2.0603063089483323e-05
	iters: 100, epoch: 83 | loss: 0.2774565
	speed: 0.1375s/iter; left time: 642.2619s
	iters: 200, epoch: 83 | loss: 0.2867923
	speed: 0.0619s/iter; left time: 282.9826s
Epoch: 83 cost time: 16.38851261138916
Epoch: 83, Steps: 265 | Train Loss: 0.2746305 Vali Loss: 0.4761451 Test Loss: 0.3276408
EarlyStopping counter: 2 out of 20
Updating learning rate to 1.8526629358934466e-05
	iters: 100, epoch: 84 | loss: 0.2656902
	speed: 0.1375s/iter; left time: 605.9602s
	iters: 200, epoch: 84 | loss: 0.2584948
	speed: 0.0619s/iter; left time: 266.6017s
Epoch: 84 cost time: 16.393614530563354
Epoch: 84, Steps: 265 | Train Loss: 0.2743923 Vali Loss: 0.4756106 Test Loss: 0.3275960
EarlyStopping counter: 3 out of 20
Updating learning rate to 1.653646249781165e-05
	iters: 100, epoch: 85 | loss: 0.2768756
	speed: 0.1375s/iter; left time: 569.3135s
	iters: 200, epoch: 85 | loss: 0.2917777
	speed: 0.0619s/iter; left time: 250.1840s
Epoch: 85 cost time: 16.3880033493042
Epoch: 85, Steps: 265 | Train Loss: 0.2742635 Vali Loss: 0.4761188 Test Loss: 0.3276321
EarlyStopping counter: 4 out of 20
Updating learning rate to 1.4638017415146474e-05
	iters: 100, epoch: 86 | loss: 0.2744795
	speed: 0.1374s/iter; left time: 532.4312s
	iters: 200, epoch: 86 | loss: 0.2771741
	speed: 0.0619s/iter; left time: 233.7773s
Epoch: 86 cost time: 16.375686407089233
Epoch: 86, Steps: 265 | Train Loss: 0.2741229 Vali Loss: 0.4761549 Test Loss: 0.3274215
EarlyStopping counter: 5 out of 20
Updating learning rate to 1.2836497616951199e-05
	iters: 100, epoch: 87 | loss: 0.2691402
	speed: 0.1372s/iter; left time: 495.4119s
	iters: 200, epoch: 87 | loss: 0.2870356
	speed: 0.0619s/iter; left time: 217.2644s
Epoch: 87 cost time: 16.367884397506714
Epoch: 87, Steps: 265 | Train Loss: 0.2741786 Vali Loss: 0.4758363 Test Loss: 0.3274119
EarlyStopping counter: 6 out of 20
Updating learning rate to 1.1136840943770596e-05
	iters: 100, epoch: 88 | loss: 0.2782090
	speed: 0.1372s/iter; left time: 459.1710s
	iters: 200, epoch: 88 | loss: 0.2661631
	speed: 0.0619s/iter; left time: 200.7687s
Epoch: 88 cost time: 16.36168885231018
Epoch: 88, Steps: 265 | Train Loss: 0.2740049 Vali Loss: 0.4751367 Test Loss: 0.3274854
Validation loss decreased (0.475400 --> 0.475137).  Saving model ...
Updating learning rate to 9.54370603640415e-06
	iters: 100, epoch: 89 | loss: 0.2806505
	speed: 0.1385s/iter; left time: 426.7362s
	iters: 200, epoch: 89 | loss: 0.3113161
	speed: 0.0618s/iter; left time: 184.2340s
Epoch: 89 cost time: 16.359975576400757
Epoch: 89, Steps: 265 | Train Loss: 0.2739822 Vali Loss: 0.4755800 Test Loss: 0.3275846
EarlyStopping counter: 1 out of 20
Updating learning rate to 8.061459566895504e-06
	iters: 100, epoch: 90 | loss: 0.2577721
	speed: 0.1373s/iter; left time: 386.6376s
	iters: 200, epoch: 90 | loss: 0.2742328
	speed: 0.0618s/iter; left time: 167.7642s
Epoch: 90 cost time: 16.352960109710693
Epoch: 90, Steps: 265 | Train Loss: 0.2738670 Vali Loss: 0.4756198 Test Loss: 0.3276421
EarlyStopping counter: 2 out of 20
Updating learning rate to 6.694164269787878e-06
	iters: 100, epoch: 91 | loss: 0.2529581
	speed: 0.1372s/iter; left time: 349.9937s
	iters: 200, epoch: 91 | loss: 0.2790734
	speed: 0.0617s/iter; left time: 151.2512s
Epoch: 91 cost time: 16.340975284576416
Epoch: 91, Steps: 265 | Train Loss: 0.2738290 Vali Loss: 0.4752016 Test Loss: 0.3275973
EarlyStopping counter: 3 out of 20
Updating learning rate to 5.4455678064511385e-06
	iters: 100, epoch: 92 | loss: 0.2921089
	speed: 0.1374s/iter; left time: 314.1985s
	iters: 200, epoch: 92 | loss: 0.2608164
	speed: 0.0617s/iter; left time: 134.9705s
Epoch: 92 cost time: 16.344013929367065
Epoch: 92, Steps: 265 | Train Loss: 0.2737268 Vali Loss: 0.4757249 Test Loss: 0.3274951
EarlyStopping counter: 4 out of 20
Updating learning rate to 4.319092493002395e-06
	iters: 100, epoch: 93 | loss: 0.2873139
	speed: 0.1373s/iter; left time: 277.4631s
	iters: 200, epoch: 93 | loss: 0.2619650
	speed: 0.0617s/iter; left time: 118.6078s
Epoch: 93 cost time: 16.343878746032715
Epoch: 93, Steps: 265 | Train Loss: 0.2736569 Vali Loss: 0.4749554 Test Loss: 0.3276159
Validation loss decreased (0.475137 --> 0.474955).  Saving model ...
Updating learning rate to 3.317825919975493e-06
	iters: 100, epoch: 94 | loss: 0.2814400
	speed: 0.1396s/iter; left time: 245.2143s
	iters: 200, epoch: 94 | loss: 0.2641596
	speed: 0.0617s/iter; left time: 102.1051s
Epoch: 94 cost time: 16.336384296417236
Epoch: 94, Steps: 265 | Train Loss: 0.2737032 Vali Loss: 0.4753734 Test Loss: 0.3275724
EarlyStopping counter: 1 out of 20
Updating learning rate to 2.4445124894499002e-06
	iters: 100, epoch: 95 | loss: 0.2774035
	speed: 0.1371s/iter; left time: 204.4690s
	iters: 200, epoch: 95 | loss: 0.2693409
	speed: 0.0617s/iter; left time: 85.8522s
Epoch: 95 cost time: 16.347105026245117
Epoch: 95, Steps: 265 | Train Loss: 0.2738171 Vali Loss: 0.4758316 Test Loss: 0.3275737
EarlyStopping counter: 2 out of 20
Updating learning rate to 1.7015458928354114e-06
	iters: 100, epoch: 96 | loss: 0.2717775
	speed: 0.1372s/iter; left time: 168.1838s
	iters: 200, epoch: 96 | loss: 0.2685762
	speed: 0.0617s/iter; left time: 69.4584s
Epoch: 96 cost time: 16.33773922920227
Epoch: 96, Steps: 265 | Train Loss: 0.2736238 Vali Loss: 0.4752848 Test Loss: 0.3275563
EarlyStopping counter: 3 out of 20
Updating learning rate to 1.0909625499303723e-06
	iters: 100, epoch: 97 | loss: 0.2740856
	speed: 0.1370s/iter; left time: 131.6680s
	iters: 200, epoch: 97 | loss: 0.2734714
	speed: 0.0618s/iter; left time: 53.1948s
Epoch: 97 cost time: 16.339264154434204
Epoch: 97, Steps: 265 | Train Loss: 0.2736790 Vali Loss: 0.4751406 Test Loss: 0.3276373
EarlyStopping counter: 4 out of 20
Updating learning rate to 6.144360272365664e-07
	iters: 100, epoch: 98 | loss: 0.2868402
	speed: 0.1370s/iter; left time: 95.3856s
	iters: 200, epoch: 98 | loss: 0.2936871
	speed: 0.0617s/iter; left time: 36.7902s
Epoch: 98 cost time: 16.336750745773315
Epoch: 98, Steps: 265 | Train Loss: 0.2737344 Vali Loss: 0.4751169 Test Loss: 0.3278681
EarlyStopping counter: 5 out of 20
Updating learning rate to 2.732724508297455e-07
	iters: 100, epoch: 99 | loss: 0.2806007
	speed: 0.1369s/iter; left time: 59.0165s
	iters: 200, epoch: 99 | loss: 0.2662188
	speed: 0.0618s/iter; left time: 20.4393s
Epoch: 99 cost time: 16.33293843269348
Epoch: 99, Steps: 265 | Train Loss: 0.2736635 Vali Loss: 0.4753541 Test Loss: 0.3276156
EarlyStopping counter: 6 out of 20
Updating learning rate to 6.840692635883826e-08
	iters: 100, epoch: 100 | loss: 0.2840107
	speed: 0.1370s/iter; left time: 22.7386s
	iters: 200, epoch: 100 | loss: 0.2866020
	speed: 0.0617s/iter; left time: 4.0724s
Epoch: 100 cost time: 16.326462984085083
Epoch: 100, Steps: 265 | Train Loss: 0.2736714 Vali Loss: 0.4757368 Test Loss: 0.3275460
EarlyStopping counter: 7 out of 20
Updating learning rate to 4.0097598640127963e-10
>>>>>>>testing : NL_ettm1_cms_lr0.00005_spc_336_192_PatchTST_ETTm1_ftM_sl336_ll48_pl192_dm128_nh16_el3_dl1_df256_fc1_ebtimeF_dtTruelr5e-05_polspc_Nested_Learning_0<<<<<<<<<<<<<<<<<<<<<<<<<<<<<<<<<
test 11329
 Ejecutando Inferencia DINÁMICA (Nested Learning con cms)
  -> Política: spc | LR: 5e-05 | Target: head

RESUMEN: El CMS se actualizó 0 veces de 88 posibles.

mse:0.32761597633361816, mae:0.3681027889251709, rse:0.5444111824035645
Args in experiment:
Namespace(random_seed=2021, is_training=1, model_id='NL_ettm1_cms_lr0.00005_spc_336_336', model='PatchTST', data='ETTm1', root_path='./dataset/', data_path='ETTm1.csv', features='M', target='OT', freq='h', checkpoints='./checkpoints/', seq_len=336, label_len=48, pred_len=336, head_type='cms', cms_lr=5e-05, update_policy='spc', fc_dropout=0.2, head_dropout=0.0, patch_len=16, stride=8, padding_patch='end', revin=1, affine=0, subtract_last=0, decomposition=0, kernel_size=25, individual=0, embed_type=0, enc_in=7, dec_in=7, c_out=7, d_model=128, n_heads=16, e_layers=3, d_layers=1, d_ff=256, moving_avg=25, factor=1, distil=True, dropout=0.2, embed='timeF', activation='gelu', output_attention=False, do_predict=False, num_workers=0, itr=1, train_epochs=100, batch_size=128, patience=20, learning_rate=0.0001, des='Nested_Learning', loss='mse', lradj='TST', pct_start=0.4, use_amp=False, use_gpu=True, gpu=0, use_multi_gpu=False, devices='0,1,2,3', test_flop=False)
Use GPU: cuda:0
>>>>>>>start training : NL_ettm1_cms_lr0.00005_spc_336_336_PatchTST_ETTm1_ftM_sl336_ll48_pl336_dm128_nh16_el3_dl1_df256_fc1_ebtimeF_dtTruelr5e-05_polspc_Nested_Learning_0>>>>>>>>>>>>>>>>>>>>>>>>>>
train 33889
val 11185
test 11185
	iters: 100, epoch: 1 | loss: 0.7200809
	speed: 0.1134s/iter; left time: 2982.6587s
	iters: 200, epoch: 1 | loss: 0.6969861
	speed: 0.0685s/iter; left time: 1793.8741s
Epoch: 1 cost time: 18.297860622406006
Epoch: 1, Steps: 264 | Train Loss: 0.6773154 Vali Loss: 1.2369936 Test Loss: 0.8375948
Validation loss decreased (inf --> 1.236994).  Saving model ...
Updating learning rate to 4.147995994617984e-06
	iters: 100, epoch: 2 | loss: 0.6681961
	speed: 0.1536s/iter; left time: 3999.2864s
	iters: 200, epoch: 2 | loss: 0.6389681
	speed: 0.0695s/iter; left time: 1803.3621s
Epoch: 2 cost time: 18.327966928482056
Epoch: 2, Steps: 264 | Train Loss: 0.6744175 Vali Loss: 1.2313013 Test Loss: 0.8320638
Validation loss decreased (1.236994 --> 1.231301).  Saving model ...
Updating learning rate to 4.591071361204269e-06
	iters: 100, epoch: 3 | loss: 0.7138991
	speed: 0.1544s/iter; left time: 3979.5266s
	iters: 200, epoch: 3 | loss: 0.6545867
	speed: 0.0701s/iter; left time: 1799.0219s
Epoch: 3 cost time: 18.440368175506592
Epoch: 3, Steps: 264 | Train Loss: 0.6708189 Vali Loss: 1.2239554 Test Loss: 0.8261298
Validation loss decreased (1.231301 --> 1.223955).  Saving model ...
Updating learning rate to 5.3264938756102174e-06
	iters: 100, epoch: 4 | loss: 0.6502147
	speed: 0.1537s/iter; left time: 3921.6302s
	iters: 200, epoch: 4 | loss: 0.6384993
	speed: 0.0702s/iter; left time: 1784.6021s
Epoch: 4 cost time: 18.47349762916565
Epoch: 4, Steps: 264 | Train Loss: 0.6670230 Vali Loss: 1.2148323 Test Loss: 0.8191787
Validation loss decreased (1.223955 --> 1.214832).  Saving model ...
Updating learning rate to 6.349728555065631e-06
	iters: 100, epoch: 5 | loss: 0.6619942
	speed: 0.1551s/iter; left time: 3916.5081s
	iters: 200, epoch: 5 | loss: 0.6283144
	speed: 0.0702s/iter; left time: 1766.0939s
Epoch: 5 cost time: 18.48548173904419
Epoch: 5, Steps: 264 | Train Loss: 0.6624362 Vali Loss: 1.2055507 Test Loss: 0.8108634
Validation loss decreased (1.214832 --> 1.205551).  Saving model ...
Updating learning rate to 7.654465623149092e-06
	iters: 100, epoch: 6 | loss: 0.6371188
	speed: 0.1561s/iter; left time: 3899.9717s
	iters: 200, epoch: 6 | loss: 0.6393468
	speed: 0.0702s/iter; left time: 1745.6840s
Epoch: 6 cost time: 18.460822105407715
Epoch: 6, Steps: 264 | Train Loss: 0.6571687 Vali Loss: 1.1938760 Test Loss: 0.8009644
Validation loss decreased (1.205551 --> 1.193876).  Saving model ...
Updating learning rate to 9.232659419022894e-06
	iters: 100, epoch: 7 | loss: 0.6411241
	speed: 0.1541s/iter; left time: 3808.2168s
	iters: 200, epoch: 7 | loss: 0.7076012
	speed: 0.0703s/iter; left time: 1731.2675s
Epoch: 7 cost time: 18.498153686523438
Epoch: 7, Steps: 264 | Train Loss: 0.6508857 Vali Loss: 1.1806771 Test Loss: 0.7898251
Validation loss decreased (1.193876 --> 1.180677).  Saving model ...
Updating learning rate to 1.1074578010998666e-05
	iters: 100, epoch: 8 | loss: 0.6487173
	speed: 0.1542s/iter; left time: 3771.7603s
	iters: 200, epoch: 8 | loss: 0.6308430
	speed: 0.0702s/iter; left time: 1709.1665s
Epoch: 8 cost time: 18.48372983932495
Epoch: 8, Steps: 264 | Train Loss: 0.6436438 Vali Loss: 1.1661714 Test Loss: 0.7764964
Validation loss decreased (1.180677 --> 1.166171).  Saving model ...
Updating learning rate to 1.3168863208492038e-05
	iters: 100, epoch: 9 | loss: 0.5868060
	speed: 0.1553s/iter; left time: 3756.2396s
	iters: 200, epoch: 9 | loss: 0.6335075
	speed: 0.0702s/iter; left time: 1690.4338s
Epoch: 9 cost time: 18.484209537506104
Epoch: 9, Steps: 264 | Train Loss: 0.6351569 Vali Loss: 1.1481043 Test Loss: 0.7618140
Validation loss decreased (1.166171 --> 1.148104).  Saving model ...
Updating learning rate to 1.5502600602302323e-05
	iters: 100, epoch: 10 | loss: 0.6258094
	speed: 0.1534s/iter; left time: 3670.0847s
	iters: 200, epoch: 10 | loss: 0.6036157
	speed: 0.0702s/iter; left time: 1672.0845s
Epoch: 10 cost time: 18.49556565284729
Epoch: 10, Steps: 264 | Train Loss: 0.6257182 Vali Loss: 1.1294135 Test Loss: 0.7454957
Validation loss decreased (1.148104 --> 1.129413).  Saving model ...
Updating learning rate to 1.8061399201313948e-05
	iters: 100, epoch: 11 | loss: 0.5509846
	speed: 0.1557s/iter; left time: 3683.8658s
	iters: 200, epoch: 11 | loss: 0.5582879
	speed: 0.0700s/iter; left time: 1650.3143s
Epoch: 11 cost time: 18.447197914123535
Epoch: 11, Steps: 264 | Train Loss: 0.6149126 Vali Loss: 1.1074736 Test Loss: 0.7272227
Validation loss decreased (1.129413 --> 1.107474).  Saving model ...
Updating learning rate to 2.08294801745399e-05
	iters: 100, epoch: 12 | loss: 0.6046559
	speed: 0.1541s/iter; left time: 3605.2395s
	iters: 200, epoch: 12 | loss: 0.5981686
	speed: 0.0699s/iter; left time: 1628.7209s
Epoch: 12 cost time: 18.42720365524292
Epoch: 12, Steps: 264 | Train Loss: 0.6030300 Vali Loss: 1.0838211 Test Loss: 0.7073625
Validation loss decreased (1.107474 --> 1.083821).  Saving model ...
Updating learning rate to 2.378977415127951e-05
	iters: 100, epoch: 13 | loss: 0.6632185
	speed: 0.1529s/iter; left time: 3538.1706s
	iters: 200, epoch: 13 | loss: 0.5753262
	speed: 0.0700s/iter; left time: 1612.4855s
Epoch: 13 cost time: 18.45409917831421
Epoch: 13, Steps: 264 | Train Loss: 0.5903088 Vali Loss: 1.0588552 Test Loss: 0.6864096
Validation loss decreased (1.083821 --> 1.058855).  Saving model ...
Updating learning rate to 2.6924026479389104e-05
	iters: 100, epoch: 14 | loss: 0.5898631
	speed: 0.1543s/iter; left time: 3529.0693s
	iters: 200, epoch: 14 | loss: 0.5417882
	speed: 0.0699s/iter; left time: 1592.1835s
Epoch: 14 cost time: 18.429169178009033
Epoch: 14, Steps: 264 | Train Loss: 0.5764388 Vali Loss: 1.0307510 Test Loss: 0.6638543
Validation loss decreased (1.058855 --> 1.030751).  Saving model ...
Updating learning rate to 3.0212909792590238e-05
	iters: 100, epoch: 15 | loss: 0.5470600
	speed: 0.1543s/iter; left time: 3487.2780s
	iters: 200, epoch: 15 | loss: 0.5567690
	speed: 0.0699s/iter; left time: 1573.4889s
Epoch: 15 cost time: 18.42219042778015
Epoch: 15, Steps: 264 | Train Loss: 0.5615102 Vali Loss: 1.0018306 Test Loss: 0.6399291
Validation loss decreased (1.030751 --> 1.001831).  Saving model ...
Updating learning rate to 3.363614319266957e-05
	iters: 100, epoch: 16 | loss: 0.5280671
	speed: 0.1537s/iter; left time: 3433.2221s
	iters: 200, epoch: 16 | loss: 0.5623602
	speed: 0.0699s/iter; left time: 1553.5584s
Epoch: 16 cost time: 18.405887842178345
Epoch: 16, Steps: 264 | Train Loss: 0.5455850 Vali Loss: 0.9716138 Test Loss: 0.6150160
Validation loss decreased (1.001831 --> 0.971614).  Saving model ...
Updating learning rate to 3.7172617311633196e-05
	iters: 100, epoch: 17 | loss: 0.5231740
	speed: 0.1550s/iter; left time: 3421.9039s
	iters: 200, epoch: 17 | loss: 0.5080751
	speed: 0.0698s/iter; left time: 1533.6752s
Epoch: 17 cost time: 18.39415454864502
Epoch: 17, Steps: 264 | Train Loss: 0.5290492 Vali Loss: 0.9392423 Test Loss: 0.5891020
Validation loss decreased (0.971614 --> 0.939242).  Saving model ...
Updating learning rate to 4.0800524482619576e-05
	iters: 100, epoch: 18 | loss: 0.5446121
	speed: 0.1545s/iter; left time: 3370.9627s
	iters: 200, epoch: 18 | loss: 0.4630727
	speed: 0.0698s/iter; left time: 1515.8833s
Epoch: 18 cost time: 18.391973972320557
Epoch: 18, Steps: 264 | Train Loss: 0.5119010 Vali Loss: 0.9061013 Test Loss: 0.5624933
Validation loss decreased (0.939242 --> 0.906101).  Saving model ...
Updating learning rate to 4.449749321687241e-05
	iters: 100, epoch: 19 | loss: 0.5338120
	speed: 0.1534s/iter; left time: 3306.2041s
	iters: 200, epoch: 19 | loss: 0.4765685
	speed: 0.0697s/iter; left time: 1495.5044s
Epoch: 19 cost time: 18.39073920249939
Epoch: 19, Steps: 264 | Train Loss: 0.4943154 Vali Loss: 0.8710539 Test Loss: 0.5357910
Validation loss decreased (0.906101 --> 0.871054).  Saving model ...
Updating learning rate to 4.824072615752094e-05
	iters: 100, epoch: 20 | loss: 0.5037247
	speed: 0.1549s/iter; left time: 3297.9683s
	iters: 200, epoch: 20 | loss: 0.4527530
	speed: 0.0697s/iter; left time: 1476.8905s
Epoch: 20 cost time: 18.391483306884766
Epoch: 20, Steps: 264 | Train Loss: 0.4766526 Vali Loss: 0.8383799 Test Loss: 0.5093992
Validation loss decreased (0.871054 --> 0.838380).  Saving model ...
Updating learning rate to 5.200714065947608e-05
	iters: 100, epoch: 21 | loss: 0.4746891
	speed: 0.1540s/iter; left time: 3236.1879s
	iters: 200, epoch: 21 | loss: 0.4510066
	speed: 0.0698s/iter; left time: 1459.7903s
Epoch: 21 cost time: 18.398903846740723
Epoch: 21, Steps: 264 | Train Loss: 0.4594689 Vali Loss: 0.8051177 Test Loss: 0.4839481
Validation loss decreased (0.838380 --> 0.805118).  Saving model ...
Updating learning rate to 5.577351112855618e-05
	iters: 100, epoch: 22 | loss: 0.4251494
	speed: 0.1536s/iter; left time: 3188.1664s
	iters: 200, epoch: 22 | loss: 0.4443185
	speed: 0.0697s/iter; left time: 1440.1318s
Epoch: 22 cost time: 18.39140558242798
Epoch: 22, Steps: 264 | Train Loss: 0.4425187 Vali Loss: 0.7733979 Test Loss: 0.4604637
Validation loss decreased (0.805118 --> 0.773398).  Saving model ...
Updating learning rate to 5.951661224210828e-05
	iters: 100, epoch: 23 | loss: 0.4590916
	speed: 0.1531s/iter; left time: 3136.9065s
	iters: 200, epoch: 23 | loss: 0.4139063
	speed: 0.0698s/iter; left time: 1423.0948s
Epoch: 23 cost time: 18.39637041091919
Epoch: 23, Steps: 264 | Train Loss: 0.4270395 Vali Loss: 0.7453882 Test Loss: 0.4395275
Validation loss decreased (0.773398 --> 0.745388).  Saving model ...
Updating learning rate to 6.321336216795497e-05
	iters: 100, epoch: 24 | loss: 0.4353706
	speed: 0.1537s/iter; left time: 3109.3712s
	iters: 200, epoch: 24 | loss: 0.4581428
	speed: 0.0698s/iter; left time: 1404.2983s
Epoch: 24 cost time: 18.392042875289917
Epoch: 24, Steps: 264 | Train Loss: 0.4128776 Vali Loss: 0.7215835 Test Loss: 0.4219816
Validation loss decreased (0.745388 --> 0.721584).  Saving model ...
Updating learning rate to 6.684096489850761e-05
	iters: 100, epoch: 25 | loss: 0.3945661
	speed: 0.1535s/iter; left time: 3064.6013s
	iters: 200, epoch: 25 | loss: 0.3777249
	speed: 0.0698s/iter; left time: 1387.0914s
Epoch: 25 cost time: 18.40340256690979
Epoch: 25, Steps: 264 | Train Loss: 0.4005127 Vali Loss: 0.7014731 Test Loss: 0.4082514
Validation loss decreased (0.721584 --> 0.701473).  Saving model ...
Updating learning rate to 7.03770508223417e-05
	iters: 100, epoch: 26 | loss: 0.3340968
	speed: 0.1547s/iter; left time: 3048.7119s
	iters: 200, epoch: 26 | loss: 0.3915915
	speed: 0.0698s/iter; left time: 1368.0859s
Epoch: 26 cost time: 18.393280506134033
Epoch: 26, Steps: 264 | Train Loss: 0.3905349 Vali Loss: 0.6872938 Test Loss: 0.3986377
Validation loss decreased (0.701473 --> 0.687294).  Saving model ...
Updating learning rate to 7.379981466640088e-05
	iters: 100, epoch: 27 | loss: 0.3645425
	speed: 0.1539s/iter; left time: 2992.3202s
	iters: 200, epoch: 27 | loss: 0.3685805
	speed: 0.0698s/iter; left time: 1350.2750s
Epoch: 27 cost time: 18.3957622051239
Epoch: 27, Steps: 264 | Train Loss: 0.3824281 Vali Loss: 0.6778106 Test Loss: 0.3919707
Validation loss decreased (0.687294 --> 0.677811).  Saving model ...
Updating learning rate to 7.708814995820833e-05
	iters: 100, epoch: 28 | loss: 0.3535998
	speed: 0.1550s/iter; left time: 2972.1089s
	iters: 200, epoch: 28 | loss: 0.3674663
	speed: 0.0697s/iter; left time: 1329.6728s
Epoch: 28 cost time: 18.356232404708862
Epoch: 28, Steps: 264 | Train Loss: 0.3761219 Vali Loss: 0.6708980 Test Loss: 0.3871261
Validation loss decreased (0.677811 --> 0.670898).  Saving model ...
Updating learning rate to 8.022177917892456e-05
	iters: 100, epoch: 29 | loss: 0.3417856
	speed: 0.1534s/iter; left time: 2900.8986s
	iters: 200, epoch: 29 | loss: 0.4236206
	speed: 0.0698s/iter; left time: 1312.4933s
Epoch: 29 cost time: 18.356923580169678
Epoch: 29, Steps: 264 | Train Loss: 0.3713265 Vali Loss: 0.6657625 Test Loss: 0.3839354
Validation loss decreased (0.670898 --> 0.665763).  Saving model ...
Updating learning rate to 8.318137880466269e-05
	iters: 100, epoch: 30 | loss: 0.3363943
	speed: 0.1527s/iter; left time: 2847.1770s
	iters: 200, epoch: 30 | loss: 0.3417748
	speed: 0.0699s/iter; left time: 1296.2849s
Epoch: 30 cost time: 18.403743267059326
Epoch: 30, Steps: 264 | Train Loss: 0.3673208 Vali Loss: 0.6613349 Test Loss: 0.3803108
Validation loss decreased (0.665763 --> 0.661335).  Saving model ...
Updating learning rate to 8.594869846499432e-05
	iters: 100, epoch: 31 | loss: 0.3557170
	speed: 0.1538s/iter; left time: 2827.5646s
	iters: 200, epoch: 31 | loss: 0.3371203
	speed: 0.0698s/iter; left time: 1275.6603s
Epoch: 31 cost time: 18.389169216156006
Epoch: 31, Steps: 264 | Train Loss: 0.3639300 Vali Loss: 0.6575564 Test Loss: 0.3781700
Validation loss decreased (0.661335 --> 0.657556).  Saving model ...
Updating learning rate to 8.85066734838546e-05
	iters: 100, epoch: 32 | loss: 0.3117945
	speed: 0.1540s/iter; left time: 2790.2408s
	iters: 200, epoch: 32 | loss: 0.3760348
	speed: 0.0697s/iter; left time: 1256.2055s
Epoch: 32 cost time: 18.37938165664673
Epoch: 32, Steps: 264 | Train Loss: 0.3612421 Vali Loss: 0.6565107 Test Loss: 0.3762035
Validation loss decreased (0.657556 --> 0.656511).  Saving model ...
Updating learning rate to 9.083953010886336e-05
	iters: 100, epoch: 33 | loss: 0.3144744
	speed: 0.1550s/iter; left time: 2767.7271s
	iters: 200, epoch: 33 | loss: 0.3310636
	speed: 0.0697s/iter; left time: 1237.8894s
Epoch: 33 cost time: 18.38038158416748
Epoch: 33, Steps: 264 | Train Loss: 0.3589142 Vali Loss: 0.6538468 Test Loss: 0.3748841
Validation loss decreased (0.656511 --> 0.653847).  Saving model ...
Updating learning rate to 9.29328827801656e-05
	iters: 100, epoch: 34 | loss: 0.3451681
	speed: 0.1532s/iter; left time: 2694.0276s
	iters: 200, epoch: 34 | loss: 0.3525297
	speed: 0.0697s/iter; left time: 1219.1968s
Epoch: 34 cost time: 18.38651180267334
Epoch: 34, Steps: 264 | Train Loss: 0.3569591 Vali Loss: 0.6520207 Test Loss: 0.3730509
Validation loss decreased (0.653847 --> 0.652021).  Saving model ...
Updating learning rate to 9.477382283898318e-05
	iters: 100, epoch: 35 | loss: 0.4120845
	speed: 0.1531s/iter; left time: 2652.1356s
	iters: 200, epoch: 35 | loss: 0.3792630
	speed: 0.0697s/iter; left time: 1200.4842s
Epoch: 35 cost time: 18.3800265789032
Epoch: 35, Steps: 264 | Train Loss: 0.3551947 Vali Loss: 0.6505421 Test Loss: 0.3717453
Validation loss decreased (0.652021 --> 0.650542).  Saving model ...
Updating learning rate to 9.635099812885627e-05
	iters: 100, epoch: 36 | loss: 0.3190387
	speed: 0.1532s/iter; left time: 2612.9648s
	iters: 200, epoch: 36 | loss: 0.3361889
	speed: 0.0697s/iter; left time: 1182.2039s
Epoch: 36 cost time: 18.390577793121338
Epoch: 36, Steps: 264 | Train Loss: 0.3537124 Vali Loss: 0.6481784 Test Loss: 0.3707846
Validation loss decreased (0.650542 --> 0.648178).  Saving model ...
Updating learning rate to 9.765468299871352e-05
	iters: 100, epoch: 37 | loss: 0.3641819
	speed: 0.1522s/iter; left time: 2556.2076s
	iters: 200, epoch: 37 | loss: 0.3454627
	speed: 0.0697s/iter; left time: 1164.4690s
Epoch: 37 cost time: 18.39393401145935
Epoch: 37, Steps: 264 | Train Loss: 0.3522641 Vali Loss: 0.6470950 Test Loss: 0.3698235
Validation loss decreased (0.648178 --> 0.647095).  Saving model ...
Updating learning rate to 9.86768382760973e-05
	iters: 100, epoch: 38 | loss: 0.3445008
	speed: 0.1529s/iter; left time: 2527.2124s
	iters: 200, epoch: 38 | loss: 0.3432572
	speed: 0.0697s/iter; left time: 1146.0513s
Epoch: 38 cost time: 18.396538257598877
Epoch: 38, Steps: 264 | Train Loss: 0.3507181 Vali Loss: 0.6460416 Test Loss: 0.3687205
Validation loss decreased (0.647095 --> 0.646042).  Saving model ...
Updating learning rate to 9.941116084071886e-05
	iters: 100, epoch: 39 | loss: 0.3208045
	speed: 0.1525s/iter; left time: 2481.5487s
	iters: 200, epoch: 39 | loss: 0.3793962
	speed: 0.0697s/iter; left time: 1126.9594s
Epoch: 39 cost time: 18.381408214569092
Epoch: 39, Steps: 264 | Train Loss: 0.3494435 Vali Loss: 0.6446007 Test Loss: 0.3676616
Validation loss decreased (0.646042 --> 0.644601).  Saving model ...
Updating learning rate to 9.985312249264813e-05
	iters: 100, epoch: 40 | loss: 0.3309422
	speed: 0.1532s/iter; left time: 2451.7721s
	iters: 200, epoch: 40 | loss: 0.3692956
	speed: 0.0697s/iter; left time: 1108.4755s
Epoch: 40 cost time: 18.390329122543335
Epoch: 40, Steps: 264 | Train Loss: 0.3481329 Vali Loss: 0.6430168 Test Loss: 0.3669259
Validation loss decreased (0.644601 --> 0.643017).  Saving model ...
Updating learning rate to 9.999999901660576e-05
	iters: 100, epoch: 41 | loss: 0.3716827
	speed: 0.1537s/iter; left time: 2420.0604s
	iters: 200, epoch: 41 | loss: 0.3737899
	speed: 0.0697s/iter; left time: 1090.8612s
Epoch: 41 cost time: 18.41211724281311
Epoch: 41, Steps: 264 | Train Loss: 0.3472100 Vali Loss: 0.6420425 Test Loss: 0.3662121
Validation loss decreased (0.643017 --> 0.642043).  Saving model ...
Updating learning rate to 9.99309570348355e-05
	iters: 100, epoch: 42 | loss: 0.3642262
	speed: 0.1539s/iter; left time: 2381.3794s
	iters: 200, epoch: 42 | loss: 0.3450383
	speed: 0.0698s/iter; left time: 1072.9700s
Epoch: 42 cost time: 18.400654077529907
Epoch: 42, Steps: 264 | Train Loss: 0.3458405 Vali Loss: 0.6405435 Test Loss: 0.3652145
Validation loss decreased (0.642043 --> 0.640543).  Saving model ...
Updating learning rate to 9.972505831867712e-05
	iters: 100, epoch: 43 | loss: 0.3250679
	speed: 0.1540s/iter; left time: 2342.2410s
	iters: 200, epoch: 43 | loss: 0.3601606
	speed: 0.0697s/iter; left time: 1053.4223s
Epoch: 43 cost time: 18.392820358276367
Epoch: 43, Steps: 264 | Train Loss: 0.3446408 Vali Loss: 0.6398275 Test Loss: 0.3644548
Validation loss decreased (0.640543 --> 0.639827).  Saving model ...
Updating learning rate to 9.938286722219978e-05
	iters: 100, epoch: 44 | loss: 0.3092460
	speed: 0.1545s/iter; left time: 2309.4015s
	iters: 200, epoch: 44 | loss: 0.3306368
	speed: 0.0697s/iter; left time: 1035.5358s
Epoch: 44 cost time: 18.393149614334106
Epoch: 44, Steps: 264 | Train Loss: 0.3435221 Vali Loss: 0.6396775 Test Loss: 0.3636199
Validation loss decreased (0.639827 --> 0.639678).  Saving model ...
Updating learning rate to 9.890532166741349e-05
	iters: 100, epoch: 45 | loss: 0.3024572
	speed: 0.1523s/iter; left time: 2236.1480s
	iters: 200, epoch: 45 | loss: 0.3592556
	speed: 0.0699s/iter; left time: 1019.4396s
Epoch: 45 cost time: 18.40987753868103
Epoch: 45, Steps: 264 | Train Loss: 0.3424780 Vali Loss: 0.6381060 Test Loss: 0.3627059
Validation loss decreased (0.639678 --> 0.638106).  Saving model ...
Updating learning rate to 9.829373057349015e-05
	iters: 100, epoch: 46 | loss: 0.3502171
	speed: 0.1524s/iter; left time: 2198.2625s
	iters: 200, epoch: 46 | loss: 0.3516471
	speed: 0.0698s/iter; left time: 999.1087s
Epoch: 46 cost time: 18.40491247177124
Epoch: 46, Steps: 264 | Train Loss: 0.3413350 Vali Loss: 0.6377075 Test Loss: 0.3620483
Validation loss decreased (0.638106 --> 0.637708).  Saving model ...
Updating learning rate to 9.754977026910703e-05
	iters: 100, epoch: 47 | loss: 0.3472538
	speed: 0.1525s/iter; left time: 2158.5210s
	iters: 200, epoch: 47 | loss: 0.3378853
	speed: 0.0698s/iter; left time: 980.5616s
Epoch: 47 cost time: 18.386734008789062
Epoch: 47, Steps: 264 | Train Loss: 0.3404323 Vali Loss: 0.6378564 Test Loss: 0.3614169
EarlyStopping counter: 1 out of 20
Updating learning rate to 9.66754798977464e-05
	iters: 100, epoch: 48 | loss: 0.3155128
	speed: 0.1517s/iter; left time: 2107.4745s
	iters: 200, epoch: 48 | loss: 0.3091546
	speed: 0.0698s/iter; left time: 962.5295s
Epoch: 48 cost time: 18.398662090301514
Epoch: 48, Steps: 264 | Train Loss: 0.3393681 Vali Loss: 0.6362608 Test Loss: 0.3609042
Validation loss decreased (0.637708 --> 0.636261).  Saving model ...
Updating learning rate to 9.567325582854496e-05
	iters: 100, epoch: 49 | loss: 0.3181385
	speed: 0.1561s/iter; left time: 2127.1757s
	iters: 200, epoch: 49 | loss: 0.3727335
	speed: 0.0697s/iter; left time: 942.4307s
Epoch: 49 cost time: 18.37428879737854
Epoch: 49, Steps: 264 | Train Loss: 0.3383167 Vali Loss: 0.6367463 Test Loss: 0.3605406
EarlyStopping counter: 1 out of 20
Updating learning rate to 9.454584508801265e-05
	iters: 100, epoch: 50 | loss: 0.3388608
	speed: 0.1510s/iter; left time: 2017.8422s
	iters: 200, epoch: 50 | loss: 0.3599689
	speed: 0.0698s/iter; left time: 926.4426s
Epoch: 50 cost time: 18.412185192108154
Epoch: 50, Steps: 264 | Train Loss: 0.3373578 Vali Loss: 0.6362590 Test Loss: 0.3598949
Validation loss decreased (0.636261 --> 0.636259).  Saving model ...
Updating learning rate to 9.329633783062396e-05
	iters: 100, epoch: 51 | loss: 0.3139115
	speed: 0.1534s/iter; left time: 2009.2121s
	iters: 200, epoch: 51 | loss: 0.3846041
	speed: 0.0698s/iter; left time: 907.4518s
Epoch: 51 cost time: 18.38794469833374
Epoch: 51, Steps: 264 | Train Loss: 0.3367129 Vali Loss: 0.6364007 Test Loss: 0.3599020
EarlyStopping counter: 1 out of 20
Updating learning rate to 9.192815886891915e-05
	iters: 100, epoch: 52 | loss: 0.3392501
	speed: 0.1509s/iter; left time: 1936.9553s
	iters: 200, epoch: 52 | loss: 0.3295878
	speed: 0.0697s/iter; left time: 888.2273s
Epoch: 52 cost time: 18.40262007713318
Epoch: 52, Steps: 264 | Train Loss: 0.3358277 Vali Loss: 0.6352116 Test Loss: 0.3594881
Validation loss decreased (0.636259 --> 0.635212).  Saving model ...
Updating learning rate to 9.044505828633132e-05
	iters: 100, epoch: 53 | loss: 0.3541555
	speed: 0.1550s/iter; left time: 1949.2885s
	iters: 200, epoch: 53 | loss: 0.3474697
	speed: 0.0697s/iter; left time: 869.5373s
Epoch: 53 cost time: 18.370309591293335
Epoch: 53, Steps: 264 | Train Loss: 0.3350646 Vali Loss: 0.6348942 Test Loss: 0.3593780
Validation loss decreased (0.635212 --> 0.634894).  Saving model ...
Updating learning rate to 8.88511011584683e-05
	iters: 100, epoch: 54 | loss: 0.3416942
	speed: 0.1544s/iter; left time: 1900.5284s
	iters: 200, epoch: 54 | loss: 0.3184800
	speed: 0.0697s/iter; left time: 850.7142s
Epoch: 54 cost time: 18.378339290618896
Epoch: 54, Steps: 264 | Train Loss: 0.3339257 Vali Loss: 0.6353289 Test Loss: 0.3590478
EarlyStopping counter: 1 out of 20
Updating learning rate to 8.715065641102294e-05
	iters: 100, epoch: 55 | loss: 0.3440069
	speed: 0.1510s/iter; left time: 1818.4175s
	iters: 200, epoch: 55 | loss: 0.3453314
	speed: 0.0698s/iter; left time: 833.1753s
Epoch: 55 cost time: 18.409924507141113
Epoch: 55, Steps: 264 | Train Loss: 0.3334500 Vali Loss: 0.6345416 Test Loss: 0.3589084
Validation loss decreased (0.634894 --> 0.634542).  Saving model ...
Updating learning rate to 8.534838484485153e-05
	iters: 100, epoch: 56 | loss: 0.3360006
	speed: 0.1537s/iter; left time: 1811.0877s
	iters: 200, epoch: 56 | loss: 0.3596313
	speed: 0.0698s/iter; left time: 815.9148s
Epoch: 56 cost time: 18.393964290618896
Epoch: 56, Steps: 264 | Train Loss: 0.3328639 Vali Loss: 0.6344329 Test Loss: 0.3590730
Validation loss decreased (0.634542 --> 0.634433).  Saving model ...
Updating learning rate to 8.344922636104257e-05
	iters: 100, epoch: 57 | loss: 0.3267961
	speed: 0.1531s/iter; left time: 1763.0331s
	iters: 200, epoch: 57 | loss: 0.3321078
	speed: 0.0698s/iter; left time: 796.4603s
Epoch: 57 cost time: 18.399187803268433
Epoch: 57, Steps: 264 | Train Loss: 0.3321580 Vali Loss: 0.6350266 Test Loss: 0.3589092
EarlyStopping counter: 1 out of 20
Updating learning rate to 8.145838642099132e-05
	iters: 100, epoch: 58 | loss: 0.3151900
	speed: 0.1511s/iter; left time: 1700.7416s
	iters: 200, epoch: 58 | loss: 0.3272193
	speed: 0.0697s/iter; left time: 777.7463s
Epoch: 58 cost time: 18.39096450805664
Epoch: 58, Steps: 264 | Train Loss: 0.3314230 Vali Loss: 0.6338241 Test Loss: 0.3587694
Validation loss decreased (0.634433 --> 0.633824).  Saving model ...
Updating learning rate to 7.938132177859184e-05
	iters: 100, epoch: 59 | loss: 0.3510672
	speed: 0.1532s/iter; left time: 1683.0105s
	iters: 200, epoch: 59 | loss: 0.3329784
	speed: 0.0697s/iter; left time: 758.7322s
Epoch: 59 cost time: 18.37615442276001
Epoch: 59, Steps: 264 | Train Loss: 0.3308367 Vali Loss: 0.6345545 Test Loss: 0.3590317
EarlyStopping counter: 1 out of 20
Updating learning rate to 7.7223725523654e-05
	iters: 100, epoch: 60 | loss: 0.3064542
	speed: 0.1512s/iter; left time: 1621.3289s
	iters: 200, epoch: 60 | loss: 0.3280581
	speed: 0.0698s/iter; left time: 742.0568s
Epoch: 60 cost time: 18.420024394989014
Epoch: 60, Steps: 264 | Train Loss: 0.3302401 Vali Loss: 0.6343176 Test Loss: 0.3587674
EarlyStopping counter: 2 out of 20
Updating learning rate to 7.499151147753989e-05
	iters: 100, epoch: 61 | loss: 0.3571411
	speed: 0.1515s/iter; left time: 1584.8707s
	iters: 200, epoch: 61 | loss: 0.3426176
	speed: 0.0698s/iter; left time: 723.1120s
Epoch: 61 cost time: 18.411060333251953
Epoch: 61, Steps: 264 | Train Loss: 0.3298061 Vali Loss: 0.6334412 Test Loss: 0.3588068
Validation loss decreased (0.633824 --> 0.633441).  Saving model ...
Updating learning rate to 7.269079798379057e-05
	iters: 100, epoch: 62 | loss: 0.3285789
	speed: 0.1538s/iter; left time: 1568.0163s
	iters: 200, epoch: 62 | loss: 0.3310795
	speed: 0.0698s/iter; left time: 705.2319s
Epoch: 62 cost time: 18.393569946289062
Epoch: 62, Steps: 264 | Train Loss: 0.3291214 Vali Loss: 0.6339331 Test Loss: 0.3589336
EarlyStopping counter: 1 out of 20
Updating learning rate to 7.032789113817185e-05
	iters: 100, epoch: 63 | loss: 0.3062806
	speed: 0.1509s/iter; left time: 1498.6592s
	iters: 200, epoch: 63 | loss: 0.3212598
	speed: 0.0697s/iter; left time: 685.3416s
Epoch: 63 cost time: 18.392465829849243
Epoch: 63, Steps: 264 | Train Loss: 0.3284476 Vali Loss: 0.6330491 Test Loss: 0.3590622
Validation loss decreased (0.633441 --> 0.633049).  Saving model ...
Updating learning rate to 6.790926750410386e-05
	iters: 100, epoch: 64 | loss: 0.3290135
	speed: 0.1543s/iter; left time: 1491.7543s
	iters: 200, epoch: 64 | loss: 0.3097242
	speed: 0.0697s/iter; left time: 666.8342s
Epoch: 64 cost time: 18.370908975601196
Epoch: 64, Steps: 264 | Train Loss: 0.3280883 Vali Loss: 0.6331571 Test Loss: 0.3589188
EarlyStopping counter: 1 out of 20
Updating learning rate to 6.544155636085115e-05
	iters: 100, epoch: 65 | loss: 0.3608956
	speed: 0.1515s/iter; left time: 1424.6863s
	iters: 200, epoch: 65 | loss: 0.3060252
	speed: 0.0697s/iter; left time: 648.9632s
Epoch: 65 cost time: 18.39076590538025
Epoch: 65, Steps: 264 | Train Loss: 0.3277648 Vali Loss: 0.6342710 Test Loss: 0.3590982
EarlyStopping counter: 2 out of 20
Updating learning rate to 6.293152153312886e-05
	iters: 100, epoch: 66 | loss: 0.3335374
	speed: 0.1511s/iter; left time: 1381.4840s
	iters: 200, epoch: 66 | loss: 0.3282614
	speed: 0.0697s/iter; left time: 630.2635s
Epoch: 66 cost time: 18.3960177898407
Epoch: 66, Steps: 264 | Train Loss: 0.3272248 Vali Loss: 0.6342438 Test Loss: 0.3593300
EarlyStopping counter: 3 out of 20
Updating learning rate to 6.03860428519294e-05
	iters: 100, epoch: 67 | loss: 0.3714126
	speed: 0.1508s/iter; left time: 1338.4662s
	iters: 200, epoch: 67 | loss: 0.3735874
	speed: 0.0698s/iter; left time: 612.7585s
Epoch: 67 cost time: 18.39684557914734
Epoch: 67, Steps: 264 | Train Loss: 0.3267224 Vali Loss: 0.6342446 Test Loss: 0.3595916
EarlyStopping counter: 4 out of 20
Updating learning rate to 5.781209729738391e-05
	iters: 100, epoch: 68 | loss: 0.3252690
	speed: 0.1510s/iter; left time: 1300.5522s
	iters: 200, epoch: 68 | loss: 0.3561384
	speed: 0.0698s/iter; left time: 594.5738s
Epoch: 68 cost time: 18.405216932296753
Epoch: 68, Steps: 264 | Train Loss: 0.3262578 Vali Loss: 0.6340417 Test Loss: 0.3597467
EarlyStopping counter: 5 out of 20
Updating learning rate to 5.52167398753446e-05
	iters: 100, epoch: 69 | loss: 0.3165814
	speed: 0.1509s/iter; left time: 1259.9656s
	iters: 200, epoch: 69 | loss: 0.3287729
	speed: 0.0697s/iter; left time: 575.1623s
Epoch: 69 cost time: 18.391886234283447
Epoch: 69, Steps: 264 | Train Loss: 0.3260036 Vali Loss: 0.6341330 Test Loss: 0.3598117
EarlyStopping counter: 6 out of 20
Updating learning rate to 5.260708428010421e-05
	iters: 100, epoch: 70 | loss: 0.2830752
	speed: 0.1514s/iter; left time: 1223.8328s
	iters: 200, epoch: 70 | loss: 0.2973428
	speed: 0.0697s/iter; left time: 556.8339s
Epoch: 70 cost time: 18.39213752746582
Epoch: 70, Steps: 264 | Train Loss: 0.3253911 Vali Loss: 0.6343639 Test Loss: 0.3600466
EarlyStopping counter: 7 out of 20
Updating learning rate to 4.9990283396254354e-05
	iters: 100, epoch: 71 | loss: 0.3326230
	speed: 0.1513s/iter; left time: 1183.0037s
	iters: 200, epoch: 71 | loss: 0.3231073
	speed: 0.0697s/iter; left time: 538.0719s
Epoch: 71 cost time: 18.387436866760254
Epoch: 71, Steps: 264 | Train Loss: 0.3251591 Vali Loss: 0.6344939 Test Loss: 0.3603528
EarlyStopping counter: 8 out of 20
Updating learning rate to 4.737350969312607e-05
	iters: 100, epoch: 72 | loss: 0.3031980
	speed: 0.1508s/iter; left time: 1139.7816s
	iters: 200, epoch: 72 | loss: 0.3079457
	speed: 0.0697s/iter; left time: 519.9778s
Epoch: 72 cost time: 18.388652324676514
Epoch: 72, Steps: 264 | Train Loss: 0.3246964 Vali Loss: 0.6337628 Test Loss: 0.3600522
EarlyStopping counter: 9 out of 20
Updating learning rate to 4.476393556554994e-05
	iters: 100, epoch: 73 | loss: 0.3217129
	speed: 0.1510s/iter; left time: 1101.3555s
	iters: 200, epoch: 73 | loss: 0.3346075
	speed: 0.0698s/iter; left time: 502.3010s
Epoch: 73 cost time: 18.395768404006958
Epoch: 73, Steps: 264 | Train Loss: 0.3243662 Vali Loss: 0.6331195 Test Loss: 0.3606274
EarlyStopping counter: 10 out of 20
Updating learning rate to 4.216871367482033e-05
	iters: 100, epoch: 74 | loss: 0.3265666
	speed: 0.1508s/iter; left time: 1060.2517s
	iters: 200, epoch: 74 | loss: 0.3414277
	speed: 0.0697s/iter; left time: 483.0156s
Epoch: 74 cost time: 18.39335823059082
Epoch: 74, Steps: 264 | Train Loss: 0.3242932 Vali Loss: 0.6335474 Test Loss: 0.3605893
EarlyStopping counter: 11 out of 20
Updating learning rate to 3.9594957343748134e-05
	iters: 100, epoch: 75 | loss: 0.3264391
	speed: 0.1509s/iter; left time: 1020.6216s
	iters: 200, epoch: 75 | loss: 0.3518757
	speed: 0.0697s/iter; left time: 464.4216s
Epoch: 75 cost time: 18.37721824645996
Epoch: 75, Steps: 264 | Train Loss: 0.3240148 Vali Loss: 0.6332960 Test Loss: 0.3603387
EarlyStopping counter: 12 out of 20
Updating learning rate to 3.704972105953714e-05
	iters: 100, epoch: 76 | loss: 0.3045453
	speed: 0.1517s/iter; left time: 986.1535s
	iters: 200, epoch: 76 | loss: 0.3111906
	speed: 0.0697s/iter; left time: 446.0937s
Epoch: 76 cost time: 18.381519317626953
Epoch: 76, Steps: 264 | Train Loss: 0.3237574 Vali Loss: 0.6340654 Test Loss: 0.3608741
EarlyStopping counter: 13 out of 20
Updating learning rate to 3.453998113792522e-05
	iters: 100, epoch: 77 | loss: 0.3252362
	speed: 0.1510s/iter; left time: 941.6233s
	iters: 200, epoch: 77 | loss: 0.3578116
	speed: 0.0697s/iter; left time: 427.9544s
Epoch: 77 cost time: 18.394484996795654
Epoch: 77, Steps: 264 | Train Loss: 0.3235189 Vali Loss: 0.6336498 Test Loss: 0.3608546
EarlyStopping counter: 14 out of 20
Updating learning rate to 3.2072616601587606e-05
	iters: 100, epoch: 78 | loss: 0.3763447
	speed: 0.1510s/iter; left time: 902.0950s
	iters: 200, epoch: 78 | loss: 0.3380075
	speed: 0.0698s/iter; left time: 409.7758s
Epoch: 78 cost time: 18.390708446502686
Epoch: 78, Steps: 264 | Train Loss: 0.3230654 Vali Loss: 0.6342712 Test Loss: 0.3613425
EarlyStopping counter: 15 out of 20
Updating learning rate to 2.9654390325214005e-05
	iters: 100, epoch: 79 | loss: 0.3241493
	speed: 0.1507s/iter; left time: 860.5641s
	iters: 200, epoch: 79 | loss: 0.3114273
	speed: 0.0698s/iter; left time: 391.4591s
Epoch: 79 cost time: 18.388286590576172
Epoch: 79, Steps: 264 | Train Loss: 0.3230183 Vali Loss: 0.6322885 Test Loss: 0.3612727
Validation loss decreased (0.633049 --> 0.632288).  Saving model ...
Updating learning rate to 2.729193049893908e-05
	iters: 100, epoch: 80 | loss: 0.3238750
	speed: 0.1542s/iter; left time: 839.4710s
	iters: 200, epoch: 80 | loss: 0.3403579
	speed: 0.0697s/iter; left time: 372.4223s
Epoch: 80 cost time: 18.375549793243408
Epoch: 80, Steps: 264 | Train Loss: 0.3227529 Vali Loss: 0.6347788 Test Loss: 0.3613483
EarlyStopping counter: 1 out of 20
Updating learning rate to 2.4991712460934126e-05
	iters: 100, epoch: 81 | loss: 0.3218359
	speed: 0.1510s/iter; left time: 782.4802s
	iters: 200, epoch: 81 | loss: 0.3424931
	speed: 0.0697s/iter; left time: 354.3266s
Epoch: 81 cost time: 18.390486001968384
Epoch: 81, Steps: 264 | Train Loss: 0.3227382 Vali Loss: 0.6341258 Test Loss: 0.3617503
EarlyStopping counter: 2 out of 20
Updating learning rate to 2.2760040948955092e-05
	iters: 100, epoch: 82 | loss: 0.3217633
	speed: 0.1513s/iter; left time: 744.1227s
	iters: 200, epoch: 82 | loss: 0.3179331
	speed: 0.0697s/iter; left time: 335.8264s
Epoch: 82 cost time: 18.392258167266846
Epoch: 82, Steps: 264 | Train Loss: 0.3224387 Vali Loss: 0.6339906 Test Loss: 0.3616661
EarlyStopping counter: 3 out of 20
Updating learning rate to 2.060303281949472e-05
	iters: 100, epoch: 83 | loss: 0.3029318
	speed: 0.1512s/iter; left time: 703.6697s
	iters: 200, epoch: 83 | loss: 0.3080454
	speed: 0.0698s/iter; left time: 317.5979s
Epoch: 83 cost time: 18.40551996231079
Epoch: 83, Steps: 264 | Train Loss: 0.3221465 Vali Loss: 0.6340681 Test Loss: 0.3620563
EarlyStopping counter: 4 out of 20
Updating learning rate to 1.8526600281904088e-05
	iters: 100, epoch: 84 | loss: 0.3216881
	speed: 0.1508s/iter; left time: 661.9724s
	iters: 200, epoch: 84 | loss: 0.3376500
	speed: 0.0699s/iter; left time: 299.5870s
Epoch: 84 cost time: 18.39310646057129
Epoch: 84, Steps: 264 | Train Loss: 0.3223303 Vali Loss: 0.6337558 Test Loss: 0.3618604
EarlyStopping counter: 5 out of 20
Updating learning rate to 1.653643469343765e-05
	iters: 100, epoch: 85 | loss: 0.2938274
	speed: 0.1508s/iter; left time: 621.9565s
	iters: 200, epoch: 85 | loss: 0.3105859
	speed: 0.0697s/iter; left time: 280.6218s
Epoch: 85 cost time: 18.39385151863098
Epoch: 85, Steps: 264 | Train Loss: 0.3218503 Vali Loss: 0.6331744 Test Loss: 0.3621659
EarlyStopping counter: 6 out of 20
Updating learning rate to 1.4637990959638704e-05
	iters: 100, epoch: 86 | loss: 0.3457808
	speed: 0.1511s/iter; left time: 583.4123s
	iters: 200, epoch: 86 | loss: 0.3175358
	speed: 0.0697s/iter; left time: 262.1024s
Epoch: 86 cost time: 18.38233184814453
Epoch: 86, Steps: 264 | Train Loss: 0.3217149 Vali Loss: 0.6337981 Test Loss: 0.3621853
EarlyStopping counter: 7 out of 20
Updating learning rate to 1.2836472582822378e-05
	iters: 100, epoch: 87 | loss: 0.3540428
	speed: 0.1516s/iter; left time: 545.3355s
	iters: 200, epoch: 87 | loss: 0.3133345
	speed: 0.0697s/iter; left time: 243.8575s
Epoch: 87 cost time: 18.400309801101685
Epoch: 87, Steps: 264 | Train Loss: 0.3217671 Vali Loss: 0.6339739 Test Loss: 0.3621003
EarlyStopping counter: 8 out of 20
Updating learning rate to 1.1136817399637517e-05
	iters: 100, epoch: 88 | loss: 0.2966340
	speed: 0.2174s/iter; left time: 724.5919s
	iters: 200, epoch: 88 | loss: 0.3304941
	speed: 0.0693s/iter; left time: 224.0976s
Epoch: 88 cost time: 18.271376609802246
Epoch: 88, Steps: 264 | Train Loss: 0.3216471 Vali Loss: 0.6339113 Test Loss: 0.3623011
EarlyStopping counter: 9 out of 20
Updating learning rate to 9.543684046799632e-06
	iters: 100, epoch: 89 | loss: 0.3611499
	speed: 0.1509s/iter; left time: 463.0515s
	iters: 200, epoch: 89 | loss: 0.3258081
	speed: 0.0700s/iter; left time: 207.9547s
Epoch: 89 cost time: 18.43209934234619
Epoch: 89, Steps: 264 | Train Loss: 0.3214843 Vali Loss: 0.6331201 Test Loss: 0.3622525
EarlyStopping counter: 10 out of 20
Updating learning rate to 8.061439192091535e-06
	iters: 100, epoch: 90 | loss: 0.3001967
	speed: 0.1513s/iter; left time: 424.3416s
	iters: 200, epoch: 90 | loss: 0.3579370
	speed: 0.0701s/iter; left time: 189.7211s
Epoch: 90 cost time: 18.489290237426758
Epoch: 90, Steps: 264 | Train Loss: 0.3215530 Vali Loss: 0.6341303 Test Loss: 0.3621914
EarlyStopping counter: 11 out of 20
Updating learning rate to 6.694145565630398e-06
	iters: 100, epoch: 91 | loss: 0.3273542
	speed: 0.1517s/iter; left time: 385.4692s
	iters: 200, epoch: 91 | loss: 0.3178126
	speed: 0.0702s/iter; left time: 171.3132s
Epoch: 91 cost time: 18.48753023147583
Epoch: 91, Steps: 264 | Train Loss: 0.3214643 Vali Loss: 0.6331285 Test Loss: 0.3623241
EarlyStopping counter: 12 out of 20
Updating learning rate to 5.445550824206933e-06
	iters: 100, epoch: 92 | loss: 0.3083561
	speed: 0.1520s/iter; left time: 346.1163s
	iters: 200, epoch: 92 | loss: 0.2833886
	speed: 0.0702s/iter; left time: 152.7224s
Epoch: 92 cost time: 18.48391556739807
Epoch: 92, Steps: 264 | Train Loss: 0.3213885 Vali Loss: 0.6341273 Test Loss: 0.3621594
EarlyStopping counter: 13 out of 20
Updating learning rate to 4.319077279218611e-06
	iters: 100, epoch: 93 | loss: 0.3061452
	speed: 0.1517s/iter; left time: 305.4187s
	iters: 200, epoch: 93 | loss: 0.3198696
	speed: 0.0700s/iter; left time: 134.0031s
Epoch: 93 cost time: 18.495993852615356
Epoch: 93, Steps: 264 | Train Loss: 0.3213294 Vali Loss: 0.6332192 Test Loss: 0.3624412
EarlyStopping counter: 14 out of 20
Updating learning rate to 3.317812516352051e-06
	iters: 100, epoch: 94 | loss: 0.3393680
	speed: 0.1515s/iter; left time: 264.9941s
	iters: 200, epoch: 94 | loss: 0.3134768
	speed: 0.0702s/iter; left time: 115.6892s
Epoch: 94 cost time: 18.480369806289673
Epoch: 94, Steps: 264 | Train Loss: 0.3212858 Vali Loss: 0.6339714 Test Loss: 0.3623907
EarlyStopping counter: 15 out of 20
Updating learning rate to 2.444500932725193e-06
	iters: 100, epoch: 95 | loss: 0.3167992
	speed: 0.1515s/iter; left time: 224.9045s
	iters: 200, epoch: 95 | loss: 0.3126736
	speed: 0.0702s/iter; left time: 97.1806s
Epoch: 95 cost time: 18.47673010826111
Epoch: 95, Steps: 264 | Train Loss: 0.3214959 Vali Loss: 0.6332054 Test Loss: 0.3624530
EarlyStopping counter: 16 out of 20
Updating learning rate to 1.701536214685629e-06
	iters: 100, epoch: 96 | loss: 0.3024910
	speed: 0.1516s/iter; left time: 185.1501s
	iters: 200, epoch: 96 | loss: 0.2992355
	speed: 0.0700s/iter; left time: 78.4998s
Epoch: 96 cost time: 18.467317581176758
Epoch: 96, Steps: 264 | Train Loss: 0.3213226 Vali Loss: 0.6338763 Test Loss: 0.3625439
EarlyStopping counter: 17 out of 20
Updating learning rate to 1.0909547768826563e-06
	iters: 100, epoch: 97 | loss: 0.3185306
	speed: 0.1515s/iter; left time: 145.0173s
	iters: 200, epoch: 97 | loss: 0.3231375
	speed: 0.0700s/iter; left time: 59.9898s
Epoch: 97 cost time: 18.454648733139038
Epoch: 97, Steps: 264 | Train Loss: 0.3213322 Vali Loss: 0.6332743 Test Loss: 0.3623861
EarlyStopping counter: 18 out of 20
Updating learning rate to 6.144301805962944e-07
	iters: 100, epoch: 98 | loss: 0.3071149
	speed: 0.1520s/iter; left time: 105.3693s
	iters: 200, epoch: 98 | loss: 0.3217020
	speed: 0.0699s/iter; left time: 41.4530s
Epoch: 98 cost time: 18.439608812332153
Epoch: 98, Steps: 264 | Train Loss: 0.3212845 Vali Loss: 0.6337855 Test Loss: 0.3623557
EarlyStopping counter: 19 out of 20
Updating learning rate to 2.7326854662214547e-07
	iters: 100, epoch: 99 | loss: 0.3154303
	speed: 0.1513s/iter; left time: 64.9001s
	iters: 200, epoch: 99 | loss: 0.2887399
	speed: 0.0699s/iter; left time: 22.9927s
Epoch: 99 cost time: 18.437047958374023
Epoch: 99, Steps: 264 | Train Loss: 0.3213743 Vali Loss: 0.6338806 Test Loss: 0.3624747
EarlyStopping counter: 20 out of 20
Early stopping
>>>>>>>testing : NL_ettm1_cms_lr0.00005_spc_336_336_PatchTST_ETTm1_ftM_sl336_ll48_pl336_dm128_nh16_el3_dl1_df256_fc1_ebtimeF_dtTruelr5e-05_polspc_Nested_Learning_0<<<<<<<<<<<<<<<<<<<<<<<<<<<<<<<<<
test 11185
 Ejecutando Inferencia DINÁMICA (Nested Learning con cms)
  -> Política: spc | LR: 5e-05 | Target: head

RESUMEN: El CMS se actualizó 0 veces de 87 posibles.

mse:0.3612726926803589, mae:0.38917532563209534, rse:0.5718920826911926
Args in experiment:
Namespace(random_seed=2021, is_training=1, model_id='NL_ettm1_cms_lr0.00005_spc_336_720', model='PatchTST', data='ETTm1', root_path='./dataset/', data_path='ETTm1.csv', features='M', target='OT', freq='h', checkpoints='./checkpoints/', seq_len=336, label_len=48, pred_len=720, head_type='cms', cms_lr=5e-05, update_policy='spc', fc_dropout=0.2, head_dropout=0.0, patch_len=16, stride=8, padding_patch='end', revin=1, affine=0, subtract_last=0, decomposition=0, kernel_size=25, individual=0, embed_type=0, enc_in=7, dec_in=7, c_out=7, d_model=128, n_heads=16, e_layers=3, d_layers=1, d_ff=256, moving_avg=25, factor=1, distil=True, dropout=0.2, embed='timeF', activation='gelu', output_attention=False, do_predict=False, num_workers=0, itr=1, train_epochs=100, batch_size=128, patience=20, learning_rate=0.0001, des='Nested_Learning', loss='mse', lradj='TST', pct_start=0.4, use_amp=False, use_gpu=True, gpu=0, use_multi_gpu=False, devices='0,1,2,3', test_flop=False)
Use GPU: cuda:0
>>>>>>>start training : NL_ettm1_cms_lr0.00005_spc_336_720_PatchTST_ETTm1_ftM_sl336_ll48_pl720_dm128_nh16_el3_dl1_df256_fc1_ebtimeF_dtTruelr5e-05_polspc_Nested_Learning_0>>>>>>>>>>>>>>>>>>>>>>>>>>
train 33505
val 10801
test 10801
	iters: 100, epoch: 1 | loss: 0.7076496
	speed: 0.1440s/iter; left time: 3745.3038s
	iters: 200, epoch: 1 | loss: 0.6785392
	speed: 0.0878s/iter; left time: 2273.7034s
Epoch: 1 cost time: 23.069159984588623
Epoch: 1, Steps: 261 | Train Loss: 0.7272033 Vali Loss: 1.5158269 Test Loss: 0.8571708
Validation loss decreased (inf --> 1.515827).  Saving model ...
Updating learning rate to 4.147996316662011e-06
	iters: 100, epoch: 2 | loss: 0.7745665
	speed: 0.1886s/iter; left time: 4855.0220s
	iters: 200, epoch: 2 | loss: 0.7226077
	speed: 0.0889s/iter; left time: 2280.0938s
Epoch: 2 cost time: 23.18358016014099
Epoch: 2, Steps: 261 | Train Loss: 0.7250074 Vali Loss: 1.5129778 Test Loss: 0.8535919
Validation loss decreased (1.515827 --> 1.512978).  Saving model ...
Updating learning rate to 4.591072645408634e-06
	iters: 100, epoch: 3 | loss: 0.7388305
	speed: 0.1900s/iter; left time: 4841.0204s
	iters: 200, epoch: 3 | loss: 0.7184674
	speed: 0.0894s/iter; left time: 2268.7533s
Epoch: 3 cost time: 23.290385246276855
Epoch: 3, Steps: 261 | Train Loss: 0.7225724 Vali Loss: 1.5061222 Test Loss: 0.8494362
Validation loss decreased (1.512978 --> 1.506122).  Saving model ...
Updating learning rate to 5.326496750212602e-06
	iters: 100, epoch: 4 | loss: 0.7012515
	speed: 0.1875s/iter; left time: 4727.6272s
	iters: 200, epoch: 4 | loss: 0.7300369
	speed: 0.0897s/iter; left time: 2252.6312s
Epoch: 4 cost time: 23.35845422744751
Epoch: 4, Steps: 261 | Train Loss: 0.7197600 Vali Loss: 1.5022438 Test Loss: 0.8449968
Validation loss decreased (1.506122 --> 1.502244).  Saving model ...
Updating learning rate to 6.349733628628268e-06
	iters: 100, epoch: 5 | loss: 0.6939642
	speed: 0.1899s/iter; left time: 4738.1750s
	iters: 200, epoch: 5 | loss: 0.7402545
	speed: 0.0897s/iter; left time: 2228.8131s
Epoch: 5 cost time: 23.35355043411255
Epoch: 5, Steps: 261 | Train Loss: 0.7165095 Vali Loss: 1.4949186 Test Loss: 0.8392915
Validation loss decreased (1.502244 --> 1.494919).  Saving model ...
Updating learning rate to 7.654473476944045e-06
	iters: 100, epoch: 6 | loss: 0.7035959
	speed: 0.1894s/iter; left time: 4677.3382s
	iters: 200, epoch: 6 | loss: 0.7323540
	speed: 0.0896s/iter; left time: 2203.1937s
Epoch: 6 cost time: 23.3455593585968
Epoch: 6, Steps: 261 | Train Loss: 0.7124295 Vali Loss: 1.4876790 Test Loss: 0.8326588
Validation loss decreased (1.494919 --> 1.487679).  Saving model ...
Updating learning rate to 9.232670599670218e-06
	iters: 100, epoch: 7 | loss: 0.7395116
	speed: 0.1883s/iter; left time: 4600.7972s
	iters: 200, epoch: 7 | loss: 0.6814171
	speed: 0.0898s/iter; left time: 2186.4219s
Epoch: 7 cost time: 23.38351845741272
Epoch: 7, Steps: 261 | Train Loss: 0.7079736 Vali Loss: 1.4773897 Test Loss: 0.8247287
Validation loss decreased (1.487679 --> 1.477390).  Saving model ...
Updating learning rate to 1.1074593023426382e-05
	iters: 100, epoch: 8 | loss: 0.7004920
	speed: 0.1867s/iter; left time: 4512.7418s
	iters: 200, epoch: 8 | loss: 0.6717406
	speed: 0.0897s/iter; left time: 2159.4226s
Epoch: 8 cost time: 23.368303298950195
Epoch: 8, Steps: 261 | Train Loss: 0.7028266 Vali Loss: 1.4673879 Test Loss: 0.8158206
Validation loss decreased (1.477390 --> 1.467388).  Saving model ...
Updating learning rate to 1.3168882509283648e-05
	iters: 100, epoch: 9 | loss: 0.7267951
	speed: 0.1892s/iter; left time: 4524.0071s
	iters: 200, epoch: 9 | loss: 0.7038806
	speed: 0.0898s/iter; left time: 2139.2690s
Epoch: 9 cost time: 23.383991718292236
Epoch: 9, Steps: 261 | Train Loss: 0.6966403 Vali Loss: 1.4551471 Test Loss: 0.8057680
Validation loss decreased (1.467388 --> 1.455147).  Saving model ...
Updating learning rate to 1.5502624593494887e-05
	iters: 100, epoch: 10 | loss: 0.6554857
	speed: 0.1898s/iter; left time: 4489.6507s
	iters: 200, epoch: 10 | loss: 0.7178425
	speed: 0.0898s/iter; left time: 2115.2617s
Epoch: 10 cost time: 23.374738454818726
Epoch: 10, Steps: 261 | Train Loss: 0.6894155 Vali Loss: 1.4413812 Test Loss: 0.7945856
Validation loss decreased (1.455147 --> 1.441381).  Saving model ...
Updating learning rate to 1.806142822470586e-05
	iters: 100, epoch: 11 | loss: 0.6821358
	speed: 0.1887s/iter; left time: 4414.2627s
	iters: 200, epoch: 11 | loss: 0.6939045
	speed: 0.0896s/iter; left time: 2087.9172s
Epoch: 11 cost time: 23.332923412322998
Epoch: 11, Steps: 261 | Train Loss: 0.6814348 Vali Loss: 1.4260345 Test Loss: 0.7816396
Validation loss decreased (1.441381 --> 1.426034).  Saving model ...
Updating learning rate to 2.0829514506563195e-05
	iters: 100, epoch: 12 | loss: 0.6670689
	speed: 0.1912s/iter; left time: 4422.6003s
	iters: 200, epoch: 12 | loss: 0.6492490
	speed: 0.0894s/iter; left time: 2059.7943s
Epoch: 12 cost time: 23.291495323181152
Epoch: 12, Steps: 261 | Train Loss: 0.6727917 Vali Loss: 1.4093786 Test Loss: 0.7680647
Validation loss decreased (1.426034 --> 1.409379).  Saving model ...
Updating learning rate to 2.3789813998487008e-05
	iters: 100, epoch: 13 | loss: 0.6680545
	speed: 0.1884s/iter; left time: 4309.2276s
	iters: 200, epoch: 13 | loss: 0.6551393
	speed: 0.0895s/iter; left time: 2037.9887s
Epoch: 13 cost time: 23.32097315788269
Epoch: 13, Steps: 261 | Train Loss: 0.6630742 Vali Loss: 1.3905075 Test Loss: 0.7532071
Validation loss decreased (1.409379 --> 1.390507).  Saving model ...
Updating learning rate to 2.6924071974601397e-05
	iters: 100, epoch: 14 | loss: 0.6359736
	speed: 0.1903s/iter; left time: 4302.2896s
	iters: 200, epoch: 14 | loss: 0.6586466
	speed: 0.0894s/iter; left time: 2011.8243s
Epoch: 14 cost time: 23.292030334472656
Epoch: 14, Steps: 261 | Train Loss: 0.6529803 Vali Loss: 1.3704336 Test Loss: 0.7372142
Validation loss decreased (1.390507 --> 1.370434).  Saving model ...
Updating learning rate to 3.0212960991742456e-05
	iters: 100, epoch: 15 | loss: 0.6616366
	speed: 0.1908s/iter; left time: 4264.2214s
	iters: 200, epoch: 15 | loss: 0.6353608
	speed: 0.0894s/iter; left time: 1989.5273s
Epoch: 15 cost time: 23.30822992324829
Epoch: 15, Steps: 261 | Train Loss: 0.6417453 Vali Loss: 1.3500937 Test Loss: 0.7203038
Validation loss decreased (1.370434 --> 1.350094).  Saving model ...
Updating learning rate to 3.363620007239161e-05
	iters: 100, epoch: 16 | loss: 0.6112900
	speed: 0.1873s/iter; left time: 4137.1363s
	iters: 200, epoch: 16 | loss: 0.6182005
	speed: 0.0895s/iter; left time: 1967.4204s
Epoch: 16 cost time: 23.327669382095337
Epoch: 16, Steps: 261 | Train Loss: 0.6297451 Vali Loss: 1.3277512 Test Loss: 0.7026455
Validation loss decreased (1.350094 --> 1.327751).  Saving model ...
Updating learning rate to 3.717267976759092e-05
	iters: 100, epoch: 17 | loss: 0.6250108
	speed: 0.1877s/iter; left time: 4095.8744s
	iters: 200, epoch: 17 | loss: 0.6291180
	speed: 0.0895s/iter; left time: 1943.5847s
Epoch: 17 cost time: 23.31110429763794
Epoch: 17, Steps: 261 | Train Loss: 0.6171418 Vali Loss: 1.3029207 Test Loss: 0.6841087
Validation loss decreased (1.327751 --> 1.302921).  Saving model ...
Updating learning rate to 4.0800592328638756e-05
	iters: 100, epoch: 18 | loss: 0.6059390
	speed: 0.1889s/iter; left time: 4074.2154s
	iters: 200, epoch: 18 | loss: 0.5843976
	speed: 0.0895s/iter; left time: 1920.1216s
Epoch: 18 cost time: 23.306687831878662
Epoch: 18, Steps: 261 | Train Loss: 0.6038035 Vali Loss: 1.2791014 Test Loss: 0.6648926
Validation loss decreased (1.302921 --> 1.279101).  Saving model ...
Updating learning rate to 4.449756618485984e-05
	iters: 100, epoch: 19 | loss: 0.5911042
	speed: 0.1862s/iter; left time: 3967.5056s
	iters: 200, epoch: 19 | loss: 0.5966050
	speed: 0.0896s/iter; left time: 1899.9262s
Epoch: 19 cost time: 23.328479766845703
Epoch: 19, Steps: 261 | Train Loss: 0.5902357 Vali Loss: 1.2533803 Test Loss: 0.6453177
Validation loss decreased (1.279101 --> 1.253380).  Saving model ...
Updating learning rate to 4.824080389819096e-05
	iters: 100, epoch: 20 | loss: 0.5560377
	speed: 0.1872s/iter; left time: 3938.7712s
	iters: 200, epoch: 20 | loss: 0.5837859
	speed: 0.0896s/iter; left time: 1877.4366s
Epoch: 20 cost time: 23.327009916305542
Epoch: 20, Steps: 261 | Train Loss: 0.5760708 Vali Loss: 1.2267812 Test Loss: 0.6253787
Validation loss decreased (1.253380 --> 1.226781).  Saving model ...
Updating learning rate to 5.2007222743883666e-05
	iters: 100, epoch: 21 | loss: 0.5648503
	speed: 0.1875s/iter; left time: 3897.0037s
	iters: 200, epoch: 21 | loss: 0.5695621
	speed: 0.0896s/iter; left time: 1852.6952s
Epoch: 21 cost time: 23.310739278793335
Epoch: 21, Steps: 261 | Train Loss: 0.5616849 Vali Loss: 1.2008982 Test Loss: 0.6052347
Validation loss decreased (1.226781 --> 1.200898).  Saving model ...
Updating learning rate to 5.577359705043091e-05
	iters: 100, epoch: 22 | loss: 0.5037782
	speed: 0.1879s/iter; left time: 3855.7559s
	iters: 200, epoch: 22 | loss: 0.5657948
	speed: 0.0895s/iter; left time: 1828.1128s
Epoch: 22 cost time: 23.29940891265869
Epoch: 22, Steps: 261 | Train Loss: 0.5474568 Vali Loss: 1.1734962 Test Loss: 0.5852706
Validation loss decreased (1.200898 --> 1.173496).  Saving model ...
Updating learning rate to 5.951670142097692e-05
	iters: 100, epoch: 23 | loss: 0.5534140
	speed: 0.1881s/iter; left time: 3811.7295s
	iters: 200, epoch: 23 | loss: 0.5239137
	speed: 0.0895s/iter; left time: 1804.9131s
Epoch: 23 cost time: 23.29548716545105
Epoch: 23, Steps: 261 | Train Loss: 0.5331899 Vali Loss: 1.1473842 Test Loss: 0.5653985
Validation loss decreased (1.173496 --> 1.147384).  Saving model ...
Updating learning rate to 6.321345395303321e-05
	iters: 100, epoch: 24 | loss: 0.5119379
	speed: 0.1866s/iter; left time: 3732.6000s
	iters: 200, epoch: 24 | loss: 0.4951220
	speed: 0.0897s/iter; left time: 1783.9827s
Epoch: 24 cost time: 23.3281033039093
Epoch: 24, Steps: 261 | Train Loss: 0.5196274 Vali Loss: 1.1206584 Test Loss: 0.5459287
Validation loss decreased (1.147384 --> 1.120658).  Saving model ...
Updating learning rate to 6.6841058573335e-05
	iters: 100, epoch: 25 | loss: 0.5096411
	speed: 0.1888s/iter; left time: 3727.0999s
	iters: 200, epoch: 25 | loss: 0.5250233
	speed: 0.0896s/iter; left time: 1758.5356s
Epoch: 25 cost time: 23.31378984451294
Epoch: 25, Steps: 261 | Train Loss: 0.5062863 Vali Loss: 1.0956075 Test Loss: 0.5269623
Validation loss decreased (1.120658 --> 1.095608).  Saving model ...
Updating learning rate to 7.037714561012768e-05
	iters: 100, epoch: 26 | loss: 0.5093920
	speed: 0.1890s/iter; left time: 3681.6656s
	iters: 200, epoch: 26 | loss: 0.4935411
	speed: 0.0895s/iter; left time: 1734.0906s
Epoch: 26 cost time: 23.30078935623169
Epoch: 26, Steps: 261 | Train Loss: 0.4934926 Vali Loss: 1.0705462 Test Loss: 0.5092202
Validation loss decreased (1.095608 --> 1.070546).  Saving model ...
Updating learning rate to 7.379990973604285e-05
	iters: 100, epoch: 27 | loss: 0.4932029
	speed: 0.1873s/iter; left time: 3598.7590s
	iters: 200, epoch: 27 | loss: 0.4548881
	speed: 0.0895s/iter; left time: 1710.3146s
Epoch: 27 cost time: 23.307881832122803
Epoch: 27, Steps: 261 | Train Loss: 0.4817818 Vali Loss: 1.0476873 Test Loss: 0.4927995
Validation loss decreased (1.070546 --> 1.047687).  Saving model ...
Updating learning rate to 7.708824443093723e-05
	iters: 100, epoch: 28 | loss: 0.5104416
	speed: 0.1869s/iter; left time: 3542.7983s
	iters: 200, epoch: 28 | loss: 0.4970213
	speed: 0.0895s/iter; left time: 1686.7811s
Epoch: 28 cost time: 23.317281484603882
Epoch: 28, Steps: 261 | Train Loss: 0.4709702 Vali Loss: 1.0267721 Test Loss: 0.4785578
Validation loss decreased (1.047687 --> 1.026772).  Saving model ...
Updating learning rate to 8.022187213552767e-05
	iters: 100, epoch: 29 | loss: 0.5059443
	speed: 0.1892s/iter; left time: 3536.4853s
	iters: 200, epoch: 29 | loss: 0.4095399
	speed: 0.0894s/iter; left time: 1662.8311s
Epoch: 29 cost time: 23.309601306915283
Epoch: 29, Steps: 261 | Train Loss: 0.4613144 Vali Loss: 1.0093315 Test Loss: 0.4667771
Validation loss decreased (1.026772 --> 1.009331).  Saving model ...
Updating learning rate to 8.318146929322795e-05
	iters: 100, epoch: 30 | loss: 0.4639901
	speed: 0.1886s/iter; left time: 3476.3596s
	iters: 200, epoch: 30 | loss: 0.4624800
	speed: 0.0894s/iter; left time: 1638.5400s
Epoch: 30 cost time: 23.301294803619385
Epoch: 30, Steps: 261 | Train Loss: 0.4531111 Vali Loss: 0.9948117 Test Loss: 0.4577355
Validation loss decreased (1.009331 --> 0.994812).  Saving model ...
Updating learning rate to 8.59487855091154e-05
	iters: 100, epoch: 31 | loss: 0.4529992
	speed: 0.1899s/iter; left time: 3450.0885s
	iters: 200, epoch: 31 | loss: 0.4542687
	speed: 0.0894s/iter; left time: 1616.0825s
Epoch: 31 cost time: 23.305508852005005
Epoch: 31, Steps: 261 | Train Loss: 0.4462629 Vali Loss: 0.9853256 Test Loss: 0.4513800
Validation loss decreased (0.994812 --> 0.985326).  Saving model ...
Updating learning rate to 8.850675609123214e-05
	iters: 100, epoch: 32 | loss: 0.4487281
	speed: 0.1881s/iter; left time: 3369.1694s
	iters: 200, epoch: 32 | loss: 0.4301681
	speed: 0.0891s/iter; left time: 1587.7072s
Epoch: 32 cost time: 23.23007822036743
Epoch: 32, Steps: 261 | Train Loss: 0.4408064 Vali Loss: 0.9787958 Test Loss: 0.4467530
Validation loss decreased (0.985326 --> 0.978796).  Saving model ...
Updating learning rate to 9.083960728023302e-05
	iters: 100, epoch: 33 | loss: 0.4788646
	speed: 0.1875s/iter; left time: 3308.7398s
	iters: 200, epoch: 33 | loss: 0.4189809
	speed: 0.0892s/iter; left time: 1564.5567s
Epoch: 33 cost time: 23.22330379486084
Epoch: 33, Steps: 261 | Train Loss: 0.4366339 Vali Loss: 0.9752015 Test Loss: 0.4429494
Validation loss decreased (0.978796 --> 0.975202).  Saving model ...
Updating learning rate to 9.293295351848083e-05
	iters: 100, epoch: 34 | loss: 0.4227791
	speed: 0.1865s/iter; left time: 3243.6815s
	iters: 200, epoch: 34 | loss: 0.4330557
	speed: 0.0891s/iter; left time: 1540.7318s
Epoch: 34 cost time: 23.21506142616272
Epoch: 34, Steps: 261 | Train Loss: 0.4331612 Vali Loss: 0.9704072 Test Loss: 0.4397105
Validation loss decreased (0.975202 --> 0.970407).  Saving model ...
Updating learning rate to 9.47738861587773e-05
	iters: 100, epoch: 35 | loss: 0.4342143
	speed: 0.1872s/iter; left time: 3205.8827s
	iters: 200, epoch: 35 | loss: 0.3988565
	speed: 0.1163s/iter; left time: 1979.6650s
Epoch: 35 cost time: 25.954060792922974
Epoch: 35, Steps: 261 | Train Loss: 0.4302622 Vali Loss: 0.9675681 Test Loss: 0.4374106
Validation loss decreased (0.970407 --> 0.967568).  Saving model ...
Updating learning rate to 9.635105306570629e-05
	iters: 100, epoch: 36 | loss: 0.4006426
	speed: 0.1905s/iter; left time: 3212.4986s
	iters: 200, epoch: 36 | loss: 0.3921005
	speed: 0.0895s/iter; left time: 1501.1951s
Epoch: 36 cost time: 23.323846101760864
Epoch: 36, Steps: 261 | Train Loss: 0.4281380 Vali Loss: 0.9661461 Test Loss: 0.4350774
Validation loss decreased (0.967568 --> 0.966146).  Saving model ...
Updating learning rate to 9.765472861872672e-05
	iters: 100, epoch: 37 | loss: 0.4222146
	speed: 0.1895s/iter; left time: 3147.3020s
	iters: 200, epoch: 37 | loss: 0.4135032
	speed: 0.0900s/iter; left time: 1485.9223s
Epoch: 37 cost time: 23.417349338531494
Epoch: 37, Steps: 261 | Train Loss: 0.4261380 Vali Loss: 0.9642882 Test Loss: 0.4332553
Validation loss decreased (0.966146 --> 0.964288).  Saving model ...
Updating learning rate to 9.867687368533986e-05
	iters: 100, epoch: 38 | loss: 0.4283015
	speed: 0.1885s/iter; left time: 3080.9266s
	iters: 200, epoch: 38 | loss: 0.4518217
	speed: 0.0900s/iter; left time: 1461.8296s
Epoch: 38 cost time: 23.417139291763306
Epoch: 38, Steps: 261 | Train Loss: 0.4244111 Vali Loss: 0.9615170 Test Loss: 0.4314243
Validation loss decreased (0.964288 --> 0.961517).  Saving model ...
Updating learning rate to 9.941118519450599e-05
	iters: 100, epoch: 39 | loss: 0.4117903
	speed: 0.1878s/iter; left time: 3019.9172s
	iters: 200, epoch: 39 | loss: 0.4425142
	speed: 0.0898s/iter; left time: 1435.0679s
Epoch: 39 cost time: 23.362234592437744
Epoch: 39, Steps: 261 | Train Loss: 0.4227231 Vali Loss: 0.9609039 Test Loss: 0.4297657
Validation loss decreased (0.961517 --> 0.960904).  Saving model ...
Updating learning rate to 9.985313500461516e-05
	iters: 100, epoch: 40 | loss: 0.4276536
	speed: 0.1893s/iter; left time: 2995.6441s
	iters: 200, epoch: 40 | loss: 0.4469979
	speed: 0.0897s/iter; left time: 1410.3437s
Epoch: 40 cost time: 23.356833934783936
Epoch: 40, Steps: 261 | Train Loss: 0.4214852 Vali Loss: 0.9593797 Test Loss: 0.4283023
Validation loss decreased (0.960904 --> 0.959380).  Saving model ...
Updating learning rate to 9.999999899386908e-05
	iters: 100, epoch: 41 | loss: 0.3896726
	speed: 0.1875s/iter; left time: 2918.3978s
	iters: 200, epoch: 41 | loss: 0.3846972
	speed: 0.0897s/iter; left time: 1386.7701s
Epoch: 41 cost time: 23.353663682937622
Epoch: 41, Steps: 261 | Train Loss: 0.4200567 Vali Loss: 0.9574488 Test Loss: 0.4265790
Validation loss decreased (0.959380 --> 0.957449).  Saving model ...
Updating learning rate to 9.993095104667097e-05
	iters: 100, epoch: 42 | loss: 0.4172257
	speed: 0.1870s/iter; left time: 2860.7251s
	iters: 200, epoch: 42 | loss: 0.4402832
	speed: 0.0896s/iter; left time: 1362.6284s
Epoch: 42 cost time: 23.344423532485962
Epoch: 42, Steps: 261 | Train Loss: 0.4187580 Vali Loss: 0.9551963 Test Loss: 0.4246792
Validation loss decreased (0.957449 --> 0.955196).  Saving model ...
Updating learning rate to 9.97250463814979e-05
	iters: 100, epoch: 43 | loss: 0.4106128
	speed: 0.1869s/iter; left time: 2811.4189s
	iters: 200, epoch: 43 | loss: 0.4136334
	speed: 0.0896s/iter; left time: 1338.9522s
Epoch: 43 cost time: 23.34164547920227
Epoch: 43, Steps: 261 | Train Loss: 0.4175969 Vali Loss: 0.9539040 Test Loss: 0.4235978
Validation loss decreased (0.955196 --> 0.953904).  Saving model ...
Updating learning rate to 9.938284936872484e-05
	iters: 100, epoch: 44 | loss: 0.4171998
	speed: 0.1864s/iter; left time: 2754.4815s
	iters: 200, epoch: 44 | loss: 0.4204394
	speed: 0.0896s/iter; left time: 1314.7847s
Epoch: 44 cost time: 23.331097841262817
Epoch: 44, Steps: 261 | Train Loss: 0.4164195 Vali Loss: 0.9528507 Test Loss: 0.4221817
Validation loss decreased (0.953904 --> 0.952851).  Saving model ...
Updating learning rate to 9.890529794657798e-05
	iters: 100, epoch: 45 | loss: 0.3991754
	speed: 0.1861s/iter; left time: 2702.3076s
	iters: 200, epoch: 45 | loss: 0.4143807
	speed: 0.0895s/iter; left time: 1290.3433s
Epoch: 45 cost time: 23.308619260787964
Epoch: 45, Steps: 261 | Train Loss: 0.4152824 Vali Loss: 0.9517162 Test Loss: 0.4205712
Validation loss decreased (0.952851 --> 0.951716).  Saving model ...
Updating learning rate to 9.829370105031122e-05
	iters: 100, epoch: 46 | loss: 0.4253101
	speed: 0.1866s/iter; left time: 2659.8161s
	iters: 200, epoch: 46 | loss: 0.4423397
	speed: 0.0894s/iter; left time: 1265.9625s
Epoch: 46 cost time: 23.29796552658081
Epoch: 46, Steps: 261 | Train Loss: 0.4141298 Vali Loss: 0.9497844 Test Loss: 0.4192824
Validation loss decreased (0.951716 --> 0.949784).  Saving model ...
Updating learning rate to 9.754973502450565e-05
	iters: 100, epoch: 47 | loss: 0.4257545
	speed: 0.1872s/iter; left time: 2619.6960s
	iters: 200, epoch: 47 | loss: 0.4173603
	speed: 0.0894s/iter; left time: 1242.6510s
Epoch: 47 cost time: 23.294001817703247
Epoch: 47, Steps: 261 | Train Loss: 0.4129964 Vali Loss: 0.9492859 Test Loss: 0.4183889
Validation loss decreased (0.949784 --> 0.949286).  Saving model ...
Updating learning rate to 9.667543902832558e-05
	iters: 100, epoch: 48 | loss: 0.4226675
	speed: 0.1893s/iter; left time: 2599.3824s
	iters: 200, epoch: 48 | loss: 0.4027794
	speed: 0.0894s/iter; left time: 1219.4463s
Epoch: 48 cost time: 23.30665373802185
Epoch: 48, Steps: 261 | Train Loss: 0.4120475 Vali Loss: 0.9484466 Test Loss: 0.4169129
Validation loss decreased (0.949286 --> 0.948447).  Saving model ...
Updating learning rate to 9.567320944632494e-05
	iters: 100, epoch: 49 | loss: 0.3842338
	speed: 0.1876s/iter; left time: 2527.2055s
	iters: 200, epoch: 49 | loss: 0.3827103
	speed: 0.0899s/iter; left time: 1202.3625s
Epoch: 49 cost time: 23.38765287399292
Epoch: 49, Steps: 261 | Train Loss: 0.4110354 Vali Loss: 0.9470530 Test Loss: 0.4165419
Validation loss decreased (0.948447 --> 0.947053).  Saving model ...
Updating learning rate to 9.45457933201239e-05
	iters: 100, epoch: 50 | loss: 0.4003014
	speed: 0.1875s/iter; left time: 2477.4279s
	iters: 200, epoch: 50 | loss: 0.3576120
	speed: 0.0901s/iter; left time: 1181.0226s
Epoch: 50 cost time: 23.446078538894653
Epoch: 50, Steps: 261 | Train Loss: 0.4101409 Vali Loss: 0.9465604 Test Loss: 0.4156729
Validation loss decreased (0.947053 --> 0.946560).  Saving model ...
Updating learning rate to 9.329628081895862e-05
	iters: 100, epoch: 51 | loss: 0.4023411
	speed: 0.1871s/iter; left time: 2422.5076s
	iters: 200, epoch: 51 | loss: 0.4103342
	speed: 0.0903s/iter; left time: 1160.5985s
Epoch: 51 cost time: 23.479498863220215
Epoch: 51, Steps: 261 | Train Loss: 0.4092846 Vali Loss: 0.9458458 Test Loss: 0.4148262
Validation loss decreased (0.946560 --> 0.945846).  Saving model ...
Updating learning rate to 9.192809676974225e-05
	iters: 100, epoch: 52 | loss: 0.4292474
	speed: 0.1871s/iter; left time: 2374.0122s
	iters: 200, epoch: 52 | loss: 0.3889595
	speed: 0.0903s/iter; left time: 1136.8237s
Epoch: 52 cost time: 23.49794292449951
Epoch: 52, Steps: 261 | Train Loss: 0.4084588 Vali Loss: 0.9459940 Test Loss: 0.4142109
EarlyStopping counter: 1 out of 20
Updating learning rate to 9.044499126985239e-05
	iters: 100, epoch: 53 | loss: 0.4078856
	speed: 0.1856s/iter; left time: 2306.7189s
	iters: 200, epoch: 53 | loss: 0.4089211
	speed: 0.0906s/iter; left time: 1116.6111s
Epoch: 53 cost time: 23.55795383453369
Epoch: 53, Steps: 261 | Train Loss: 0.4075180 Vali Loss: 0.9452862 Test Loss: 0.4137056
Validation loss decreased (0.945846 --> 0.945286).  Saving model ...
Updating learning rate to 8.885102940837483e-05
	iters: 100, epoch: 54 | loss: 0.4019657
	speed: 0.1911s/iter; left time: 2324.8645s
	iters: 200, epoch: 54 | loss: 0.3965998
	speed: 0.0904s/iter; left time: 1091.4085s
Epoch: 54 cost time: 23.517390251159668
Epoch: 54, Steps: 261 | Train Loss: 0.4068736 Vali Loss: 0.9450784 Test Loss: 0.4133530
Validation loss decreased (0.945286 --> 0.945078).  Saving model ...
Updating learning rate to 8.715058012397698e-05
	iters: 100, epoch: 55 | loss: 0.4145992
	speed: 0.1880s/iter; left time: 2238.6399s
	iters: 200, epoch: 55 | loss: 0.4040160
	speed: 0.0905s/iter; left time: 1068.1205s
Epoch: 55 cost time: 23.533748149871826
Epoch: 55, Steps: 261 | Train Loss: 0.4059888 Vali Loss: 0.9447112 Test Loss: 0.4129809
Validation loss decreased (0.945078 --> 0.944711).  Saving model ...
Updating learning rate to 8.534830422995055e-05
	iters: 100, epoch: 56 | loss: 0.4002309
	speed: 0.1894s/iter; left time: 2205.8339s
	iters: 200, epoch: 56 | loss: 0.4005313
	speed: 0.0906s/iter; left time: 1046.1485s
Epoch: 56 cost time: 23.55619788169861
Epoch: 56, Steps: 261 | Train Loss: 0.4053483 Vali Loss: 0.9432099 Test Loss: 0.4124071
Validation loss decreased (0.944711 --> 0.943210).  Saving model ...
Updating learning rate to 8.344914163924644e-05
	iters: 100, epoch: 57 | loss: 0.4055877
	speed: 0.1890s/iter; left time: 2151.9405s
	iters: 200, epoch: 57 | loss: 0.4395679
	speed: 0.0908s/iter; left time: 1024.1227s
Epoch: 57 cost time: 23.58217763900757
Epoch: 57, Steps: 261 | Train Loss: 0.4045858 Vali Loss: 0.9449895 Test Loss: 0.4119450
EarlyStopping counter: 1 out of 20
Updating learning rate to 8.145829782451657e-05
	iters: 100, epoch: 58 | loss: 0.4078681
	speed: 0.1861s/iter; left time: 2069.6259s
	iters: 200, epoch: 58 | loss: 0.4091967
	speed: 0.0908s/iter; left time: 1001.4317s
Epoch: 58 cost time: 23.63053822517395
Epoch: 58, Steps: 261 | Train Loss: 0.4040553 Vali Loss: 0.9442624 Test Loss: 0.4115542
EarlyStopping counter: 2 out of 20
Updating learning rate to 7.938122955027528e-05
	iters: 100, epoch: 59 | loss: 0.3546574
	speed: 0.1857s/iter; left time: 2017.5493s
	iters: 200, epoch: 59 | loss: 0.4275055
	speed: 0.0909s/iter; left time: 978.1655s
Epoch: 59 cost time: 23.644108533859253
Epoch: 59, Steps: 261 | Train Loss: 0.4034502 Vali Loss: 0.9448159 Test Loss: 0.4111713
EarlyStopping counter: 3 out of 20
Updating learning rate to 7.722362991628698e-05
	iters: 100, epoch: 60 | loss: 0.4117273
	speed: 0.1865s/iter; left time: 1977.3603s
	iters: 200, epoch: 60 | loss: 0.4370078
	speed: 0.0909s/iter; left time: 955.1173s
Epoch: 60 cost time: 23.66173768043518
Epoch: 60, Steps: 261 | Train Loss: 0.4027842 Vali Loss: 0.9439708 Test Loss: 0.4108673
EarlyStopping counter: 4 out of 20
Updating learning rate to 7.499141275317558e-05
	iters: 100, epoch: 61 | loss: 0.4180044
	speed: 0.1859s/iter; left time: 1922.6511s
	iters: 200, epoch: 61 | loss: 0.3891483
	speed: 0.0909s/iter; left time: 931.4134s
Epoch: 61 cost time: 23.665701150894165
Epoch: 61, Steps: 261 | Train Loss: 0.4018458 Vali Loss: 0.9437499 Test Loss: 0.4108091
EarlyStopping counter: 5 out of 20
Updating learning rate to 7.269069641302562e-05
	iters: 100, epoch: 62 | loss: 0.3872053
	speed: 0.1863s/iter; left time: 1877.7112s
	iters: 200, epoch: 62 | loss: 0.4167901
	speed: 0.0911s/iter; left time: 909.3545s
Epoch: 62 cost time: 23.695608615875244
Epoch: 62, Steps: 261 | Train Loss: 0.4013017 Vali Loss: 0.9442565 Test Loss: 0.4110745
EarlyStopping counter: 6 out of 20
Updating learning rate to 7.032778699940462e-05
	iters: 100, epoch: 63 | loss: 0.3932694
	speed: 0.1866s/iter; left time: 1832.2666s
	iters: 200, epoch: 63 | loss: 0.3974135
	speed: 0.0910s/iter; left time: 884.0564s
Epoch: 63 cost time: 23.680269718170166
Epoch: 63, Steps: 261 | Train Loss: 0.4008461 Vali Loss: 0.9441412 Test Loss: 0.4107825
EarlyStopping counter: 7 out of 20
Updating learning rate to 6.79091610827715e-05
	iters: 100, epoch: 64 | loss: 0.3923440
	speed: 0.1862s/iter; left time: 1779.7690s
	iters: 200, epoch: 64 | loss: 0.3916747
	speed: 0.0908s/iter; left time: 858.9940s
Epoch: 64 cost time: 23.635268926620483
Epoch: 64, Steps: 261 | Train Loss: 0.3999817 Vali Loss: 0.9428915 Test Loss: 0.4111992
Validation loss decreased (0.943210 --> 0.942892).  Saving model ...
Updating learning rate to 6.544144794864713e-05
	iters: 100, epoch: 65 | loss: 0.3885984
	speed: 0.1882s/iter; left time: 1750.1156s
	iters: 200, epoch: 65 | loss: 0.4214438
	speed: 0.0904s/iter; left time: 831.6621s
Epoch: 65 cost time: 23.535000324249268
Epoch: 65, Steps: 261 | Train Loss: 0.3996172 Vali Loss: 0.9439309 Test Loss: 0.4109783
EarlyStopping counter: 1 out of 20
Updating learning rate to 6.293141142720349e-05
	iters: 100, epoch: 66 | loss: 0.4021036
	speed: 0.1853s/iter; left time: 1674.0983s
	iters: 200, epoch: 66 | loss: 0.3988330
	speed: 0.0902s/iter; left time: 806.4614s
Epoch: 66 cost time: 23.49440622329712
Epoch: 66, Steps: 261 | Train Loss: 0.3989219 Vali Loss: 0.9453254 Test Loss: 0.4110987
EarlyStopping counter: 2 out of 20
Updating learning rate to 6.038593135407538e-05
	iters: 100, epoch: 67 | loss: 0.3828976
	speed: 0.1849s/iter; left time: 1622.8235s
	iters: 200, epoch: 67 | loss: 0.3872593
	speed: 0.0901s/iter; left time: 781.7721s
Epoch: 67 cost time: 23.469457626342773
Epoch: 67, Steps: 261 | Train Loss: 0.3983524 Vali Loss: 0.9447902 Test Loss: 0.4115289
EarlyStopping counter: 3 out of 20
Updating learning rate to 5.7811984713209085e-05
	iters: 100, epoch: 68 | loss: 0.4309761
	speed: 0.1851s/iter; left time: 1575.9756s
	iters: 200, epoch: 68 | loss: 0.3644533
	speed: 0.0901s/iter; left time: 757.8361s
Epoch: 68 cost time: 23.445589542388916
Epoch: 68, Steps: 261 | Train Loss: 0.3979656 Vali Loss: 0.9443619 Test Loss: 0.4115085
EarlyStopping counter: 4 out of 20
Updating learning rate to 5.5216626513434395e-05
	iters: 100, epoch: 69 | loss: 0.3836704
	speed: 0.1847s/iter; left time: 1524.1342s
	iters: 200, epoch: 69 | loss: 0.4411542
	speed: 0.0899s/iter; left time: 732.8331s
Epoch: 69 cost time: 23.42107391357422
Epoch: 69, Steps: 261 | Train Loss: 0.3975518 Vali Loss: 0.9440814 Test Loss: 0.4120545
EarlyStopping counter: 5 out of 20
Updating learning rate to 5.260697045117572e-05
	iters: 100, epoch: 70 | loss: 0.4018501
	speed: 0.1849s/iter; left time: 1477.8384s
	iters: 200, epoch: 70 | loss: 0.3511649
	speed: 0.0898s/iter; left time: 709.0282s
Epoch: 70 cost time: 23.399997234344482
Epoch: 70, Steps: 261 | Train Loss: 0.3970384 Vali Loss: 0.9446699 Test Loss: 0.4120585
EarlyStopping counter: 6 out of 20
Updating learning rate to 4.999016941230477e-05
	iters: 100, epoch: 71 | loss: 0.3963403
	speed: 0.1843s/iter; left time: 1424.8971s
	iters: 200, epoch: 71 | loss: 0.3733175
	speed: 0.0897s/iter; left time: 684.6375s
Epoch: 71 cost time: 23.383455753326416
Epoch: 71, Steps: 261 | Train Loss: 0.3967084 Vali Loss: 0.9450774 Test Loss: 0.4126621
EarlyStopping counter: 7 out of 20
Updating learning rate to 4.7373395866577476e-05
	iters: 100, epoch: 72 | loss: 0.3899035
	speed: 0.1842s/iter; left time: 1375.8652s
	iters: 200, epoch: 72 | loss: 0.3706498
	speed: 0.0898s/iter; left time: 661.8689s
Epoch: 72 cost time: 23.384554862976074
Epoch: 72, Steps: 261 | Train Loss: 0.3959228 Vali Loss: 0.9451041 Test Loss: 0.4124786
EarlyStopping counter: 8 out of 20
Updating learning rate to 4.476382220839299e-05
	iters: 100, epoch: 73 | loss: 0.4057453
	speed: 0.1845s/iter; left time: 1330.3565s
	iters: 200, epoch: 73 | loss: 0.4338747
	speed: 0.0897s/iter; left time: 637.6224s
Epoch: 73 cost time: 23.370879411697388
Epoch: 73, Steps: 261 | Train Loss: 0.3959742 Vali Loss: 0.9453293 Test Loss: 0.4127175
EarlyStopping counter: 9 out of 20
Updating learning rate to 4.2168601097759126e-05
	iters: 100, epoch: 74 | loss: 0.3980717
	speed: 0.1839s/iter; left time: 1278.0463s
	iters: 200, epoch: 74 | loss: 0.4315480
	speed: 0.0896s/iter; left time: 613.8942s
Epoch: 74 cost time: 23.35129404067993
Epoch: 74, Steps: 261 | Train Loss: 0.3954813 Vali Loss: 0.9463563 Test Loss: 0.4127933
EarlyStopping counter: 10 out of 20
Updating learning rate to 3.959484585534855e-05
	iters: 100, epoch: 75 | loss: 0.4508702
	speed: 0.1839s/iter; left time: 1229.8047s
	iters: 200, epoch: 75 | loss: 0.4100358
	speed: 0.0896s/iter; left time: 590.2767s
Epoch: 75 cost time: 23.355647802352905
Epoch: 75, Steps: 261 | Train Loss: 0.3950124 Vali Loss: 0.9462042 Test Loss: 0.4130926
EarlyStopping counter: 11 out of 20
Updating learning rate to 3.7049610965381156e-05
	iters: 100, epoch: 76 | loss: 0.3558689
	speed: 0.1846s/iter; left time: 1186.0659s
	iters: 200, epoch: 76 | loss: 0.4142731
	speed: 0.0897s/iter; left time: 567.1594s
Epoch: 76 cost time: 23.359567403793335
Epoch: 76, Steps: 261 | Train Loss: 0.3947933 Vali Loss: 0.9450318 Test Loss: 0.4135618
EarlyStopping counter: 12 out of 20
Updating learning rate to 3.4539872739773254e-05
	iters: 100, epoch: 77 | loss: 0.3739158
	speed: 0.1840s/iter; left time: 1134.4186s
	iters: 200, epoch: 77 | loss: 0.3881501
	speed: 0.0897s/iter; left time: 543.7846s
Epoch: 77 cost time: 23.358031272888184
Epoch: 77, Steps: 261 | Train Loss: 0.3944347 Vali Loss: 0.9459497 Test Loss: 0.4137085
EarlyStopping counter: 13 out of 20
Updating learning rate to 3.2072510196551436e-05
	iters: 100, epoch: 78 | loss: 0.3876696
	speed: 0.1845s/iter; left time: 1089.2649s
	iters: 200, epoch: 78 | loss: 0.3840799
	speed: 0.0897s/iter; left time: 520.3459s
Epoch: 78 cost time: 23.34634041786194
Epoch: 78, Steps: 261 | Train Loss: 0.3943132 Vali Loss: 0.9456008 Test Loss: 0.4137565
EarlyStopping counter: 14 out of 20
Updating learning rate to 2.965428620494246e-05
	iters: 100, epoch: 79 | loss: 0.3823625
	speed: 0.1839s/iter; left time: 1037.9480s
	iters: 200, epoch: 79 | loss: 0.3889933
	speed: 0.0896s/iter; left time: 496.6309s
Epoch: 79 cost time: 23.3381085395813
Epoch: 79, Steps: 261 | Train Loss: 0.3938985 Vali Loss: 0.9462180 Test Loss: 0.4146441
EarlyStopping counter: 15 out of 20
Updating learning rate to 2.72918289488186e-05
	iters: 100, epoch: 80 | loss: 0.3717666
	speed: 0.1841s/iter; left time: 990.6721s
	iters: 200, epoch: 80 | loss: 0.3591772
	speed: 0.0896s/iter; left time: 473.4183s
Epoch: 80 cost time: 23.347132205963135
Epoch: 80, Steps: 261 | Train Loss: 0.3936370 Vali Loss: 0.9452527 Test Loss: 0.4140579
EarlyStopping counter: 16 out of 20
Updating learning rate to 2.499161375930652e-05
	iters: 100, epoch: 81 | loss: 0.3942402
	speed: 0.1843s/iter; left time: 943.7939s
	iters: 200, epoch: 81 | loss: 0.4033946
	speed: 0.0895s/iter; left time: 449.5667s
Epoch: 81 cost time: 23.329580068588257
Epoch: 81, Steps: 261 | Train Loss: 0.3935212 Vali Loss: 0.9458498 Test Loss: 0.4143023
EarlyStopping counter: 17 out of 20
Updating learning rate to 2.275994536635464e-05
	iters: 100, epoch: 82 | loss: 0.4146877
	speed: 0.1839s/iter; left time: 893.9434s
	iters: 200, epoch: 82 | loss: 0.3855548
	speed: 0.0895s/iter; left time: 426.1917s
Epoch: 82 cost time: 23.32038402557373
Epoch: 82, Steps: 261 | Train Loss: 0.3933042 Vali Loss: 0.9471595 Test Loss: 0.4145965
EarlyStopping counter: 18 out of 20
Updating learning rate to 2.0602940617906718e-05
	iters: 100, epoch: 83 | loss: 0.3809676
	speed: 0.1838s/iter; left time: 845.4836s
	iters: 200, epoch: 83 | loss: 0.4027999
	speed: 0.0895s/iter; left time: 402.8277s
Epoch: 83 cost time: 23.32934331893921
Epoch: 83, Steps: 261 | Train Loss: 0.3930302 Vali Loss: 0.9468888 Test Loss: 0.4147544
EarlyStopping counter: 19 out of 20
Updating learning rate to 1.8526511714046667e-05
	iters: 100, epoch: 84 | loss: 0.4006227
	speed: 0.1844s/iter; left time: 799.7326s
	iters: 200, epoch: 84 | loss: 0.3721973
	speed: 0.0895s/iter; left time: 379.2913s
Epoch: 84 cost time: 23.31787347793579
Epoch: 84, Steps: 261 | Train Loss: 0.3929387 Vali Loss: 0.9455344 Test Loss: 0.4151960
EarlyStopping counter: 20 out of 20
Early stopping
>>>>>>>testing : NL_ettm1_cms_lr0.00005_spc_336_720_PatchTST_ETTm1_ftM_sl336_ll48_pl720_dm128_nh16_el3_dl1_df256_fc1_ebtimeF_dtTruelr5e-05_polspc_Nested_Learning_0<<<<<<<<<<<<<<<<<<<<<<<<<<<<<<<<<
test 10801
 Ejecutando Inferencia DINÁMICA (Nested Learning con cms)
  -> Política: spc | LR: 5e-05 | Target: head

RESUMEN: El CMS se actualizó 0 veces de 84 posibles.

mse:0.4111992120742798, mae:0.41960495710372925, rse:0.6099764704704285
