==========================================================
SÚPER ARRAY TFG - TAREA ID: 96 / 113
Nodo: dionisio
Dataset: weather | Experimento: NL_weather_cms_lr0.001_always
Cabeza: cms | LR: 0.001 | Política: always
==========================================================
Args in experiment:
Namespace(random_seed=2021, is_training=1, model_id='NL_weather_cms_lr0.001_always_336_96', model='PatchTST', data='custom', root_path='./dataset/', data_path='weather.csv', features='M', target='OT', freq='h', checkpoints='./checkpoints/', seq_len=336, label_len=48, pred_len=96, head_type='cms', cms_lr=0.001, update_policy='always', fc_dropout=0.2, head_dropout=0.0, patch_len=16, stride=8, padding_patch='end', revin=1, affine=0, subtract_last=0, decomposition=0, kernel_size=25, individual=0, embed_type=0, enc_in=21, dec_in=7, c_out=7, d_model=128, n_heads=16, e_layers=3, d_layers=1, d_ff=256, moving_avg=25, factor=1, distil=True, dropout=0.2, embed='timeF', activation='gelu', output_attention=False, do_predict=False, num_workers=0, itr=1, train_epochs=100, batch_size=128, patience=20, learning_rate=0.0001, des='Nested_Learning', loss='mse', lradj='type3', pct_start=0.3, use_amp=False, use_gpu=True, gpu=0, use_multi_gpu=False, devices='0,1,2,3', test_flop=False)
Use GPU: cuda:0
>>>>>>>start training : NL_weather_cms_lr0.001_always_336_96_PatchTST_custom_ftM_sl336_ll48_pl96_dm128_nh16_el3_dl1_df256_fc1_ebtimeF_dtTruelr0.001_polalways_Nested_Learning_0>>>>>>>>>>>>>>>>>>>>>>>>>>
train 36456
val 5175
test 10444
	iters: 100, epoch: 1 | loss: 0.8795122
	speed: 0.1795s/iter; left time: 5080.3918s
	iters: 200, epoch: 1 | loss: 1.1340853
	speed: 0.1256s/iter; left time: 3541.3838s
Epoch: 1 cost time: 36.956419706344604
Epoch: 1, Steps: 284 | Train Loss: 0.7139826 Vali Loss: 0.6494144 Test Loss: 0.2615979
Validation loss decreased (inf --> 0.649414).  Saving model ...
Updating learning rate to 0.0001
	iters: 100, epoch: 2 | loss: 0.6768756
	speed: 0.2915s/iter; left time: 8166.0507s
	iters: 200, epoch: 2 | loss: 0.6507708
	speed: 0.1264s/iter; left time: 3527.5717s
Epoch: 2 cost time: 35.88752889633179
Epoch: 2, Steps: 284 | Train Loss: 0.6952121 Vali Loss: 0.6234767 Test Loss: 0.2539821
Validation loss decreased (0.649414 --> 0.623477).  Saving model ...
Updating learning rate to 0.0001
	iters: 100, epoch: 3 | loss: 0.6064348
	speed: 0.2930s/iter; left time: 8124.6519s
	iters: 200, epoch: 3 | loss: 0.8121944
	speed: 0.1266s/iter; left time: 3496.9616s
Epoch: 3 cost time: 35.93628644943237
Epoch: 3, Steps: 284 | Train Loss: 0.6643475 Vali Loss: 0.6003206 Test Loss: 0.2471382
Validation loss decreased (0.623477 --> 0.600321).  Saving model ...
Updating learning rate to 0.0001
	iters: 100, epoch: 4 | loss: 0.6539865
	speed: 0.2927s/iter; left time: 8034.4307s
	iters: 200, epoch: 4 | loss: 0.6149548
	speed: 0.1266s/iter; left time: 3462.3112s
Epoch: 4 cost time: 35.97388768196106
Epoch: 4, Steps: 284 | Train Loss: 0.6356693 Vali Loss: 0.5760390 Test Loss: 0.2401021
Validation loss decreased (0.600321 --> 0.576039).  Saving model ...
Updating learning rate to 9e-05
	iters: 100, epoch: 5 | loss: 0.7941765
	speed: 0.2930s/iter; left time: 7960.0927s
	iters: 200, epoch: 5 | loss: 0.6159636
	speed: 0.1270s/iter; left time: 3438.2833s
Epoch: 5 cost time: 36.04153537750244
Epoch: 5, Steps: 284 | Train Loss: 0.6092792 Vali Loss: 0.5547292 Test Loss: 0.2335416
Validation loss decreased (0.576039 --> 0.554729).  Saving model ...
Updating learning rate to 8.1e-05
	iters: 100, epoch: 6 | loss: 0.7115458
	speed: 0.2931s/iter; left time: 7879.6410s
	iters: 200, epoch: 6 | loss: 0.6727081
	speed: 0.1269s/iter; left time: 3399.1401s
Epoch: 6 cost time: 36.05618667602539
Epoch: 6, Steps: 284 | Train Loss: 0.5857054 Vali Loss: 0.5355697 Test Loss: 0.2276776
Validation loss decreased (0.554729 --> 0.535570).  Saving model ...
Updating learning rate to 7.290000000000001e-05
	iters: 100, epoch: 7 | loss: 0.6293351
	speed: 0.2935s/iter; left time: 7805.5893s
	iters: 200, epoch: 7 | loss: 0.9657043
	speed: 0.1270s/iter; left time: 3364.7447s
Epoch: 7 cost time: 36.06820845603943
Epoch: 7, Steps: 284 | Train Loss: 0.5669923 Vali Loss: 0.5232662 Test Loss: 0.2224616
Validation loss decreased (0.535570 --> 0.523266).  Saving model ...
Updating learning rate to 6.561e-05
	iters: 100, epoch: 8 | loss: 0.6904352
	speed: 0.2943s/iter; left time: 7743.6477s
	iters: 200, epoch: 8 | loss: 0.4235383
	speed: 0.1271s/iter; left time: 3330.5461s
Epoch: 8 cost time: 36.082204818725586
Epoch: 8, Steps: 284 | Train Loss: 0.5509555 Vali Loss: 0.5126475 Test Loss: 0.2178356
Validation loss decreased (0.523266 --> 0.512648).  Saving model ...
Updating learning rate to 5.904900000000001e-05
	iters: 100, epoch: 9 | loss: 0.4875848
	speed: 0.2930s/iter; left time: 7627.4322s
	iters: 200, epoch: 9 | loss: 0.7053368
	speed: 0.1271s/iter; left time: 3294.8760s
Epoch: 9 cost time: 36.10401368141174
Epoch: 9, Steps: 284 | Train Loss: 0.5376040 Vali Loss: 0.5028275 Test Loss: 0.2137140
Validation loss decreased (0.512648 --> 0.502828).  Saving model ...
Updating learning rate to 5.3144100000000005e-05
	iters: 100, epoch: 10 | loss: 0.4822943
	speed: 0.2938s/iter; left time: 7563.1989s
	iters: 200, epoch: 10 | loss: 0.8455534
	speed: 0.1272s/iter; left time: 3261.6613s
Epoch: 10 cost time: 36.0924015045166
Epoch: 10, Steps: 284 | Train Loss: 0.5268328 Vali Loss: 0.4943694 Test Loss: 0.2100782
Validation loss decreased (0.502828 --> 0.494369).  Saving model ...
Updating learning rate to 4.782969000000001e-05
	iters: 100, epoch: 11 | loss: 0.5175180
	speed: 0.2937s/iter; left time: 7477.1346s
	iters: 200, epoch: 11 | loss: 0.4274307
	speed: 0.1271s/iter; left time: 3222.9374s
Epoch: 11 cost time: 36.109394550323486
Epoch: 11, Steps: 284 | Train Loss: 0.5174558 Vali Loss: 0.4850903 Test Loss: 0.2068385
Validation loss decreased (0.494369 --> 0.485090).  Saving model ...
Updating learning rate to 4.304672100000001e-05
	iters: 100, epoch: 12 | loss: 0.4030546
	speed: 0.2930s/iter; left time: 7376.0131s
	iters: 200, epoch: 12 | loss: 0.4368415
	speed: 0.1271s/iter; left time: 3186.2933s
Epoch: 12 cost time: 36.08859872817993
Epoch: 12, Steps: 284 | Train Loss: 0.5089998 Vali Loss: 0.4767431 Test Loss: 0.2038481
Validation loss decreased (0.485090 --> 0.476743).  Saving model ...
Updating learning rate to 3.874204890000001e-05
	iters: 100, epoch: 13 | loss: 0.9690695
	speed: 0.2947s/iter; left time: 7335.6725s
	iters: 200, epoch: 13 | loss: 0.4259936
	speed: 0.1271s/iter; left time: 3150.2993s
Epoch: 13 cost time: 36.09879279136658
Epoch: 13, Steps: 284 | Train Loss: 0.5029943 Vali Loss: 0.4715870 Test Loss: 0.2012351
Validation loss decreased (0.476743 --> 0.471587).  Saving model ...
Updating learning rate to 3.486784401000001e-05
	iters: 100, epoch: 14 | loss: 0.7452316
	speed: 0.2941s/iter; left time: 7236.9007s
	iters: 200, epoch: 14 | loss: 0.5525131
	speed: 0.1271s/iter; left time: 3115.3747s
Epoch: 14 cost time: 36.11607789993286
Epoch: 14, Steps: 284 | Train Loss: 0.4974868 Vali Loss: 0.4683126 Test Loss: 0.1988847
Validation loss decreased (0.471587 --> 0.468313).  Saving model ...
Updating learning rate to 3.138105960900001e-05
	iters: 100, epoch: 15 | loss: 0.3965946
	speed: 0.2958s/iter; left time: 7196.1780s
	iters: 200, epoch: 15 | loss: 0.3422827
	speed: 0.1273s/iter; left time: 3083.3272s
Epoch: 15 cost time: 36.12119388580322
Epoch: 15, Steps: 284 | Train Loss: 0.4925213 Vali Loss: 0.4628537 Test Loss: 0.1968041
Validation loss decreased (0.468313 --> 0.462854).  Saving model ...
Updating learning rate to 2.824295364810001e-05
	iters: 100, epoch: 16 | loss: 0.6607872
	speed: 0.2930s/iter; left time: 7045.1167s
	iters: 200, epoch: 16 | loss: 0.7826985
	speed: 0.1271s/iter; left time: 3043.2861s
Epoch: 16 cost time: 36.1239538192749
Epoch: 16, Steps: 284 | Train Loss: 0.4883469 Vali Loss: 0.4592041 Test Loss: 0.1949657
Validation loss decreased (0.462854 --> 0.459204).  Saving model ...
Updating learning rate to 2.541865828329001e-05
	iters: 100, epoch: 17 | loss: 0.4163558
	speed: 0.2931s/iter; left time: 6962.6093s
	iters: 200, epoch: 17 | loss: 0.9223975
	speed: 0.1271s/iter; left time: 3007.6072s
Epoch: 17 cost time: 36.10941219329834
Epoch: 17, Steps: 284 | Train Loss: 0.4844132 Vali Loss: 0.4559277 Test Loss: 0.1932850
Validation loss decreased (0.459204 --> 0.455928).  Saving model ...
Updating learning rate to 2.287679245496101e-05
	iters: 100, epoch: 18 | loss: 0.3098554
	speed: 0.2946s/iter; left time: 6916.1987s
	iters: 200, epoch: 18 | loss: 0.5564102
	speed: 0.1272s/iter; left time: 2972.7097s
Epoch: 18 cost time: 37.50288414955139
Epoch: 18, Steps: 284 | Train Loss: 0.4816337 Vali Loss: 0.4526796 Test Loss: 0.1918160
Validation loss decreased (0.455928 --> 0.452680).  Saving model ...
Updating learning rate to 2.0589113209464907e-05
	iters: 100, epoch: 19 | loss: 0.8622241
	speed: 0.3118s/iter; left time: 7229.3971s
	iters: 200, epoch: 19 | loss: 0.5757689
	speed: 0.1274s/iter; left time: 2942.6196s
Epoch: 19 cost time: 36.18881869316101
Epoch: 19, Steps: 284 | Train Loss: 0.4790389 Vali Loss: 0.4506392 Test Loss: 0.1904850
Validation loss decreased (0.452680 --> 0.450639).  Saving model ...
Updating learning rate to 1.8530201888518416e-05
	iters: 100, epoch: 20 | loss: 0.4972667
	speed: 0.2935s/iter; left time: 6722.9113s
	iters: 200, epoch: 20 | loss: 0.4217461
	speed: 0.1273s/iter; left time: 2902.5663s
Epoch: 20 cost time: 36.156431674957275
Epoch: 20, Steps: 284 | Train Loss: 0.4766280 Vali Loss: 0.4474467 Test Loss: 0.1893371
Validation loss decreased (0.450639 --> 0.447447).  Saving model ...
Updating learning rate to 1.6677181699666577e-05
	iters: 100, epoch: 21 | loss: 0.3350156
	speed: 0.2935s/iter; left time: 6640.3737s
	iters: 200, epoch: 21 | loss: 0.3977734
	speed: 0.1273s/iter; left time: 2866.2093s
Epoch: 21 cost time: 36.1498749256134
Epoch: 21, Steps: 284 | Train Loss: 0.4736050 Vali Loss: 0.4438177 Test Loss: 0.1882610
Validation loss decreased (0.447447 --> 0.443818).  Saving model ...
Updating learning rate to 1.5009463529699919e-05
	iters: 100, epoch: 22 | loss: 0.3381528
	speed: 0.2946s/iter; left time: 6580.0613s
	iters: 200, epoch: 22 | loss: 0.4643404
	speed: 0.1273s/iter; left time: 2830.2695s
Epoch: 22 cost time: 36.156479597091675
Epoch: 22, Steps: 284 | Train Loss: 0.4723901 Vali Loss: 0.4438381 Test Loss: 0.1873091
EarlyStopping counter: 1 out of 20
Updating learning rate to 1.3508517176729929e-05
	iters: 100, epoch: 23 | loss: 0.3331021
	speed: 0.2926s/iter; left time: 6453.3166s
	iters: 200, epoch: 23 | loss: 0.4319974
	speed: 0.1273s/iter; left time: 2793.7412s
Epoch: 23 cost time: 36.15494203567505
Epoch: 23, Steps: 284 | Train Loss: 0.4703730 Vali Loss: 0.4413720 Test Loss: 0.1864690
Validation loss decreased (0.443818 --> 0.441372).  Saving model ...
Updating learning rate to 1.2157665459056936e-05
	iters: 100, epoch: 24 | loss: 0.5163978
	speed: 0.2937s/iter; left time: 6393.0252s
	iters: 200, epoch: 24 | loss: 0.4056202
	speed: 0.1273s/iter; left time: 2758.7642s
Epoch: 24 cost time: 36.16629648208618
Epoch: 24, Steps: 284 | Train Loss: 0.4694338 Vali Loss: 0.4411941 Test Loss: 0.1856985
Validation loss decreased (0.441372 --> 0.441194).  Saving model ...
Updating learning rate to 1.0941898913151242e-05
	iters: 100, epoch: 25 | loss: 0.3917590
	speed: 0.2933s/iter; left time: 6302.4116s
	iters: 200, epoch: 25 | loss: 0.5671700
	speed: 0.1273s/iter; left time: 2723.2900s
Epoch: 25 cost time: 36.172351121902466
Epoch: 25, Steps: 284 | Train Loss: 0.4672012 Vali Loss: 0.4391509 Test Loss: 0.1849963
Validation loss decreased (0.441194 --> 0.439151).  Saving model ...
Updating learning rate to 9.847709021836118e-06
	iters: 100, epoch: 26 | loss: 0.3423560
	speed: 0.2936s/iter; left time: 6224.5100s
	iters: 200, epoch: 26 | loss: 0.3688796
	speed: 0.1273s/iter; left time: 2685.7275s
Epoch: 26 cost time: 36.14915466308594
Epoch: 26, Steps: 284 | Train Loss: 0.4675480 Vali Loss: 0.4357657 Test Loss: 0.1843918
Validation loss decreased (0.439151 --> 0.435766).  Saving model ...
Updating learning rate to 8.862938119652508e-06
	iters: 100, epoch: 27 | loss: 0.3985012
	speed: 0.2941s/iter; left time: 6151.0209s
	iters: 200, epoch: 27 | loss: 0.3427353
	speed: 0.1273s/iter; left time: 2649.6748s
Epoch: 27 cost time: 36.15026259422302
Epoch: 27, Steps: 284 | Train Loss: 0.4663338 Vali Loss: 0.4371709 Test Loss: 0.1838611
EarlyStopping counter: 1 out of 20
Updating learning rate to 7.976644307687255e-06
	iters: 100, epoch: 28 | loss: 0.3299627
	speed: 0.2925s/iter; left time: 6035.4297s
	iters: 200, epoch: 28 | loss: 0.4065857
	speed: 0.1273s/iter; left time: 2613.3927s
Epoch: 28 cost time: 36.13928771018982
Epoch: 28, Steps: 284 | Train Loss: 0.4655398 Vali Loss: 0.4355083 Test Loss: 0.1833784
Validation loss decreased (0.435766 --> 0.435508).  Saving model ...
Updating learning rate to 7.178979876918531e-06
	iters: 100, epoch: 29 | loss: 0.3796584
	speed: 0.2934s/iter; left time: 5971.1137s
	iters: 200, epoch: 29 | loss: 0.4307025
	speed: 0.1272s/iter; left time: 2576.5864s
Epoch: 29 cost time: 36.12807106971741
Epoch: 29, Steps: 284 | Train Loss: 0.4639155 Vali Loss: 0.4336246 Test Loss: 0.1829600
Validation loss decreased (0.435508 --> 0.433625).  Saving model ...
Updating learning rate to 6.4610818892266776e-06
	iters: 100, epoch: 30 | loss: 0.4388607
	speed: 0.2934s/iter; left time: 5886.2363s
	iters: 200, epoch: 30 | loss: 0.6794112
	speed: 0.1271s/iter; left time: 2536.6336s
Epoch: 30 cost time: 36.074806451797485
Epoch: 30, Steps: 284 | Train Loss: 0.4638741 Vali Loss: 0.4315298 Test Loss: 0.1825643
Validation loss decreased (0.433625 --> 0.431530).  Saving model ...
Updating learning rate to 5.8149737003040096e-06
	iters: 100, epoch: 31 | loss: 0.3282621
	speed: 0.2940s/iter; left time: 5814.8400s
	iters: 200, epoch: 31 | loss: 0.3493136
	speed: 0.1270s/iter; left time: 2500.0852s
Epoch: 31 cost time: 36.06646275520325
Epoch: 31, Steps: 284 | Train Loss: 0.4634788 Vali Loss: 0.4335492 Test Loss: 0.1822155
EarlyStopping counter: 1 out of 20
Updating learning rate to 5.23347633027361e-06
	iters: 100, epoch: 32 | loss: 0.4969068
	speed: 0.2921s/iter; left time: 5694.2496s
	iters: 200, epoch: 32 | loss: 0.5851378
	speed: 0.1270s/iter; left time: 2463.8920s
Epoch: 32 cost time: 36.06431293487549
Epoch: 32, Steps: 284 | Train Loss: 0.4628776 Vali Loss: 0.4326325 Test Loss: 0.1819285
EarlyStopping counter: 2 out of 20
Updating learning rate to 4.710128697246249e-06
	iters: 100, epoch: 33 | loss: 0.5578185
	speed: 0.2918s/iter; left time: 5607.1458s
	iters: 200, epoch: 33 | loss: 0.3306556
	speed: 0.1270s/iter; left time: 2426.9753s
Epoch: 33 cost time: 36.06111693382263
Epoch: 33, Steps: 284 | Train Loss: 0.4624771 Vali Loss: 0.4319844 Test Loss: 0.1816232
EarlyStopping counter: 3 out of 20
Updating learning rate to 4.239115827521624e-06
	iters: 100, epoch: 34 | loss: 0.4111667
	speed: 0.2919s/iter; left time: 5526.1503s
	iters: 200, epoch: 34 | loss: 0.3153997
	speed: 0.1270s/iter; left time: 2391.0565s
Epoch: 34 cost time: 36.05441904067993
Epoch: 34, Steps: 284 | Train Loss: 0.4622909 Vali Loss: 0.4317534 Test Loss: 0.1813607
EarlyStopping counter: 4 out of 20
Updating learning rate to 3.815204244769462e-06
	iters: 100, epoch: 35 | loss: 0.7522467
	speed: 0.2919s/iter; left time: 5442.9302s
	iters: 200, epoch: 35 | loss: 0.6140480
	speed: 0.1269s/iter; left time: 2354.2456s
Epoch: 35 cost time: 36.05011320114136
Epoch: 35, Steps: 284 | Train Loss: 0.4618009 Vali Loss: 0.4320849 Test Loss: 0.1811665
EarlyStopping counter: 5 out of 20
Updating learning rate to 3.4336838202925152e-06
	iters: 100, epoch: 36 | loss: 0.4236911
	speed: 0.2917s/iter; left time: 5355.9342s
	iters: 200, epoch: 36 | loss: 0.5918340
	speed: 0.1269s/iter; left time: 2318.1149s
Epoch: 36 cost time: 36.04955983161926
Epoch: 36, Steps: 284 | Train Loss: 0.4613064 Vali Loss: 0.4273940 Test Loss: 0.1809520
Validation loss decreased (0.431530 --> 0.427394).  Saving model ...
Updating learning rate to 3.090315438263264e-06
	iters: 100, epoch: 37 | loss: 0.3830486
	speed: 0.2928s/iter; left time: 5292.4425s
	iters: 200, epoch: 37 | loss: 0.3828122
	speed: 0.1269s/iter; left time: 2281.8639s
Epoch: 37 cost time: 36.05392551422119
Epoch: 37, Steps: 284 | Train Loss: 0.4613090 Vali Loss: 0.4311922 Test Loss: 0.1807552
EarlyStopping counter: 1 out of 20
Updating learning rate to 2.7812838944369375e-06
	iters: 100, epoch: 38 | loss: 0.3903782
	speed: 0.2920s/iter; left time: 5195.3002s
	iters: 200, epoch: 38 | loss: 0.4124317
	speed: 0.1269s/iter; left time: 2245.6651s
Epoch: 38 cost time: 36.05564880371094
Epoch: 38, Steps: 284 | Train Loss: 0.4609530 Vali Loss: 0.4294620 Test Loss: 0.1806346
EarlyStopping counter: 2 out of 20
Updating learning rate to 2.503155504993244e-06
	iters: 100, epoch: 39 | loss: 0.6603526
	speed: 0.2919s/iter; left time: 5110.7291s
	iters: 200, epoch: 39 | loss: 0.3612082
	speed: 0.1269s/iter; left time: 2209.6412s
Epoch: 39 cost time: 36.04879355430603
Epoch: 39, Steps: 284 | Train Loss: 0.4606276 Vali Loss: 0.4289051 Test Loss: 0.1804715
EarlyStopping counter: 3 out of 20
Updating learning rate to 2.2528399544939195e-06
	iters: 100, epoch: 40 | loss: 0.6668804
	speed: 0.2917s/iter; left time: 5025.3469s
	iters: 200, epoch: 40 | loss: 0.8516286
	speed: 0.1269s/iter; left time: 2173.3139s
Epoch: 40 cost time: 36.04657602310181
Epoch: 40, Steps: 284 | Train Loss: 0.4594317 Vali Loss: 0.4287480 Test Loss: 0.1803614
EarlyStopping counter: 4 out of 20
Updating learning rate to 2.0275559590445276e-06
	iters: 100, epoch: 41 | loss: 0.5890918
	speed: 0.2919s/iter; left time: 4944.6717s
	iters: 200, epoch: 41 | loss: 0.4275652
	speed: 0.1269s/iter; left time: 2136.6830s
Epoch: 41 cost time: 36.03898572921753
Epoch: 41, Steps: 284 | Train Loss: 0.4603469 Vali Loss: 0.4275596 Test Loss: 0.1802363
EarlyStopping counter: 5 out of 20
Updating learning rate to 1.8248003631400751e-06
	iters: 100, epoch: 42 | loss: 0.7279712
	speed: 0.2918s/iter; left time: 4860.9062s
	iters: 200, epoch: 42 | loss: 0.4962341
	speed: 0.1269s/iter; left time: 2100.3395s
Epoch: 42 cost time: 36.036089181900024
Epoch: 42, Steps: 284 | Train Loss: 0.4601085 Vali Loss: 0.4286183 Test Loss: 0.1801248
EarlyStopping counter: 6 out of 20
Updating learning rate to 1.6423203268260676e-06
	iters: 100, epoch: 43 | loss: 0.3882435
	speed: 0.2917s/iter; left time: 4776.1064s
	iters: 200, epoch: 43 | loss: 0.3657343
	speed: 0.1269s/iter; left time: 2064.6051s
Epoch: 43 cost time: 36.04350733757019
Epoch: 43, Steps: 284 | Train Loss: 0.4599712 Vali Loss: 0.4298387 Test Loss: 0.1800196
EarlyStopping counter: 7 out of 20
Updating learning rate to 1.4780882941434609e-06
	iters: 100, epoch: 44 | loss: 0.4136123
	speed: 0.2919s/iter; left time: 4696.6091s
	iters: 200, epoch: 44 | loss: 0.4688861
	speed: 0.1269s/iter; left time: 2029.4317s
Epoch: 44 cost time: 36.04726958274841
Epoch: 44, Steps: 284 | Train Loss: 0.4587997 Vali Loss: 0.4275982 Test Loss: 0.1799307
EarlyStopping counter: 8 out of 20
Updating learning rate to 1.3302794647291146e-06
	iters: 100, epoch: 45 | loss: 0.3441027
	speed: 0.2921s/iter; left time: 4616.0307s
	iters: 200, epoch: 45 | loss: 0.3851859
	speed: 0.1269s/iter; left time: 1993.4990s
Epoch: 45 cost time: 36.049073457717896
Epoch: 45, Steps: 284 | Train Loss: 0.4596780 Vali Loss: 0.4287741 Test Loss: 0.1798529
EarlyStopping counter: 9 out of 20
Updating learning rate to 1.1972515182562034e-06
	iters: 100, epoch: 46 | loss: 0.4347934
	speed: 0.2921s/iter; left time: 4533.4653s
	iters: 200, epoch: 46 | loss: 0.5675303
	speed: 0.1269s/iter; left time: 1957.3390s
Epoch: 46 cost time: 36.045939922332764
Epoch: 46, Steps: 284 | Train Loss: 0.4594701 Vali Loss: 0.4274287 Test Loss: 0.1797960
EarlyStopping counter: 10 out of 20
Updating learning rate to 1.077526366430583e-06
	iters: 100, epoch: 47 | loss: 0.5367127
	speed: 0.2920s/iter; left time: 4449.9160s
	iters: 200, epoch: 47 | loss: 0.3200125
	speed: 0.1269s/iter; left time: 1920.9547s
Epoch: 47 cost time: 36.03932595252991
Epoch: 47, Steps: 284 | Train Loss: 0.4591849 Vali Loss: 0.4288994 Test Loss: 0.1797486
EarlyStopping counter: 11 out of 20
Updating learning rate to 9.697737297875248e-07
	iters: 100, epoch: 48 | loss: 0.4170287
	speed: 0.2918s/iter; left time: 4363.9015s
	iters: 200, epoch: 48 | loss: 0.4323808
	speed: 0.1268s/iter; left time: 1883.4923s
Epoch: 48 cost time: 36.02041029930115
Epoch: 48, Steps: 284 | Train Loss: 0.4592526 Vali Loss: 0.4282052 Test Loss: 0.1796807
EarlyStopping counter: 12 out of 20
Updating learning rate to 8.727963568087723e-07
	iters: 100, epoch: 49 | loss: 0.4387473
	speed: 0.2920s/iter; left time: 4283.2851s
	iters: 200, epoch: 49 | loss: 0.8606305
	speed: 0.1268s/iter; left time: 1848.0054s
Epoch: 49 cost time: 36.02960681915283
Epoch: 49, Steps: 284 | Train Loss: 0.4589074 Vali Loss: 0.4297145 Test Loss: 0.1796360
EarlyStopping counter: 13 out of 20
Updating learning rate to 7.855167211278951e-07
	iters: 100, epoch: 50 | loss: 0.5370785
	speed: 0.2921s/iter; left time: 4202.0424s
	iters: 200, epoch: 50 | loss: 0.3044509
	speed: 0.1269s/iter; left time: 1812.3203s
Epoch: 50 cost time: 36.034793853759766
Epoch: 50, Steps: 284 | Train Loss: 0.4591741 Vali Loss: 0.4277344 Test Loss: 0.1795958
EarlyStopping counter: 14 out of 20
Updating learning rate to 7.069650490151056e-07
	iters: 100, epoch: 51 | loss: 0.3923686
	speed: 0.2923s/iter; left time: 4121.4570s
	iters: 200, epoch: 51 | loss: 0.6041805
	speed: 0.1269s/iter; left time: 1776.4743s
Epoch: 51 cost time: 36.041544675827026
Epoch: 51, Steps: 284 | Train Loss: 0.4580874 Vali Loss: 0.4276117 Test Loss: 0.1795458
EarlyStopping counter: 15 out of 20
Updating learning rate to 6.36268544113595e-07
	iters: 100, epoch: 52 | loss: 0.3863958
	speed: 0.2920s/iter; left time: 4033.8945s
	iters: 200, epoch: 52 | loss: 0.4992284
	speed: 0.1269s/iter; left time: 1740.3597s
Epoch: 52 cost time: 36.03907823562622
Epoch: 52, Steps: 284 | Train Loss: 0.4582900 Vali Loss: 0.4282660 Test Loss: 0.1795198
EarlyStopping counter: 16 out of 20
Updating learning rate to 5.726416897022355e-07
	iters: 100, epoch: 53 | loss: 0.4147825
	speed: 0.2918s/iter; left time: 3948.7341s
	iters: 200, epoch: 53 | loss: 0.3964478
	speed: 0.1268s/iter; left time: 1703.4667s
Epoch: 53 cost time: 36.024497985839844
Epoch: 53, Steps: 284 | Train Loss: 0.4586355 Vali Loss: 0.4287410 Test Loss: 0.1794735
EarlyStopping counter: 17 out of 20
Updating learning rate to 5.15377520732012e-07
	iters: 100, epoch: 54 | loss: 0.4703161
	speed: 0.2917s/iter; left time: 3864.7307s
	iters: 200, epoch: 54 | loss: 0.4850835
	speed: 0.1269s/iter; left time: 1668.2031s
Epoch: 54 cost time: 36.033995628356934
Epoch: 54, Steps: 284 | Train Loss: 0.4573757 Vali Loss: 0.4274544 Test Loss: 0.1794489
EarlyStopping counter: 18 out of 20
Updating learning rate to 4.6383976865881085e-07
	iters: 100, epoch: 55 | loss: 0.6734722
	speed: 0.2917s/iter; left time: 3781.9478s
	iters: 200, epoch: 55 | loss: 0.4175501
	speed: 0.1269s/iter; left time: 1632.3339s
Epoch: 55 cost time: 36.03902268409729
Epoch: 55, Steps: 284 | Train Loss: 0.4588270 Vali Loss: 0.4272786 Test Loss: 0.1794205
Validation loss decreased (0.427394 --> 0.427279).  Saving model ...
Updating learning rate to 4.174557917929298e-07
	iters: 100, epoch: 56 | loss: 0.6114542
	speed: 0.2955s/iter; left time: 3747.1625s
	iters: 200, epoch: 56 | loss: 0.3575478
	speed: 0.1268s/iter; left time: 1595.1507s
Epoch: 56 cost time: 36.021870613098145
Epoch: 56, Steps: 284 | Train Loss: 0.4579707 Vali Loss: 0.4285241 Test Loss: 0.1794028
EarlyStopping counter: 1 out of 20
Updating learning rate to 3.7571021261363677e-07
	iters: 100, epoch: 57 | loss: 0.4141568
	speed: 0.2917s/iter; left time: 3616.4557s
	iters: 200, epoch: 57 | loss: 0.5444677
	speed: 0.1268s/iter; left time: 1559.8360s
Epoch: 57 cost time: 36.02894163131714
Epoch: 57, Steps: 284 | Train Loss: 0.4588584 Vali Loss: 0.4279856 Test Loss: 0.1793779
EarlyStopping counter: 2 out of 20
Updating learning rate to 3.381391913522731e-07
	iters: 100, epoch: 58 | loss: 0.8481523
	speed: 0.2917s/iter; left time: 3533.3026s
	iters: 200, epoch: 58 | loss: 0.3956369
	speed: 0.1269s/iter; left time: 1524.2145s
Epoch: 58 cost time: 36.03743004798889
Epoch: 58, Steps: 284 | Train Loss: 0.4588470 Vali Loss: 0.4285416 Test Loss: 0.1793795
EarlyStopping counter: 3 out of 20
Updating learning rate to 3.043252722170458e-07
	iters: 100, epoch: 59 | loss: 0.6404077
	speed: 0.2916s/iter; left time: 3449.1438s
	iters: 200, epoch: 59 | loss: 0.4541190
	speed: 0.1268s/iter; left time: 1487.6233s
Epoch: 59 cost time: 36.02465534210205
Epoch: 59, Steps: 284 | Train Loss: 0.4588082 Vali Loss: 0.4263577 Test Loss: 0.1793385
Validation loss decreased (0.427279 --> 0.426358).  Saving model ...
Updating learning rate to 2.7389274499534124e-07
	iters: 100, epoch: 60 | loss: 0.5478584
	speed: 0.2932s/iter; left time: 3384.9041s
	iters: 200, epoch: 60 | loss: 0.5625528
	speed: 0.1268s/iter; left time: 1451.7873s
Epoch: 60 cost time: 36.02812385559082
Epoch: 60, Steps: 284 | Train Loss: 0.4585916 Vali Loss: 0.4262099 Test Loss: 0.1793195
Validation loss decreased (0.426358 --> 0.426210).  Saving model ...
Updating learning rate to 2.465034704958071e-07
	iters: 100, epoch: 61 | loss: 0.3617737
	speed: 0.2930s/iter; left time: 3298.9436s
	iters: 200, epoch: 61 | loss: 0.5990158
	speed: 0.1268s/iter; left time: 1415.5363s
Epoch: 61 cost time: 36.025235176086426
Epoch: 61, Steps: 284 | Train Loss: 0.4579644 Vali Loss: 0.4293559 Test Loss: 0.1793230
EarlyStopping counter: 1 out of 20
Updating learning rate to 2.218531234462264e-07
	iters: 100, epoch: 62 | loss: 0.6662077
	speed: 0.2918s/iter; left time: 3202.5709s
	iters: 200, epoch: 62 | loss: 0.3925961
	speed: 0.1268s/iter; left time: 1379.6201s
Epoch: 62 cost time: 36.02764344215393
Epoch: 62, Steps: 284 | Train Loss: 0.4588498 Vali Loss: 0.4250932 Test Loss: 0.1793056
Validation loss decreased (0.426210 --> 0.425093).  Saving model ...
Updating learning rate to 1.9966781110160376e-07
	iters: 100, epoch: 63 | loss: 0.6118515
	speed: 0.2929s/iter; left time: 3131.7728s
	iters: 200, epoch: 63 | loss: 0.7718121
	speed: 0.1268s/iter; left time: 1343.4789s
Epoch: 63 cost time: 36.023396730422974
Epoch: 63, Steps: 284 | Train Loss: 0.4586256 Vali Loss: 0.4282823 Test Loss: 0.1792969
EarlyStopping counter: 1 out of 20
Updating learning rate to 1.797010299914434e-07
	iters: 100, epoch: 64 | loss: 0.4135823
	speed: 0.2916s/iter; left time: 3035.6413s
	iters: 200, epoch: 64 | loss: 0.6134180
	speed: 0.1269s/iter; left time: 1307.8613s
Epoch: 64 cost time: 36.02092361450195
Epoch: 64, Steps: 284 | Train Loss: 0.4583118 Vali Loss: 0.4277767 Test Loss: 0.1792830
EarlyStopping counter: 2 out of 20
Updating learning rate to 1.6173092699229907e-07
	iters: 100, epoch: 65 | loss: 0.3124897
	speed: 0.2915s/iter; left time: 2951.4580s
	iters: 200, epoch: 65 | loss: 0.4028349
	speed: 0.1268s/iter; left time: 1271.3688s
Epoch: 65 cost time: 36.015153884887695
Epoch: 65, Steps: 284 | Train Loss: 0.4576897 Vali Loss: 0.4275519 Test Loss: 0.1793033
EarlyStopping counter: 3 out of 20
Updating learning rate to 1.4555783429306916e-07
	iters: 100, epoch: 66 | loss: 0.4384994
	speed: 0.2914s/iter; left time: 2867.9568s
	iters: 200, epoch: 66 | loss: 0.3723636
	speed: 0.1268s/iter; left time: 1235.4928s
Epoch: 66 cost time: 36.01255249977112
Epoch: 66, Steps: 284 | Train Loss: 0.4575733 Vali Loss: 0.4261888 Test Loss: 0.1792671
EarlyStopping counter: 4 out of 20
Updating learning rate to 1.3100205086376224e-07
	iters: 100, epoch: 67 | loss: 0.4038475
	speed: 0.2916s/iter; left time: 2786.6523s
	iters: 200, epoch: 67 | loss: 0.3559267
	speed: 0.1268s/iter; left time: 1199.3018s
Epoch: 67 cost time: 36.014222383499146
Epoch: 67, Steps: 284 | Train Loss: 0.4584691 Vali Loss: 0.4283253 Test Loss: 0.1792583
EarlyStopping counter: 5 out of 20
Updating learning rate to 1.1790184577738603e-07
	iters: 100, epoch: 68 | loss: 0.3781273
	speed: 0.2915s/iter; left time: 2703.2138s
	iters: 200, epoch: 68 | loss: 0.4152892
	speed: 0.1269s/iter; left time: 1163.6420s
Epoch: 68 cost time: 36.01782846450806
Epoch: 68, Steps: 284 | Train Loss: 0.4584920 Vali Loss: 0.4283874 Test Loss: 0.1792509
EarlyStopping counter: 6 out of 20
Updating learning rate to 1.0611166119964742e-07
	iters: 100, epoch: 69 | loss: 0.8624681
	speed: 0.2916s/iter; left time: 2621.5322s
	iters: 200, epoch: 69 | loss: 0.3719784
	speed: 0.1268s/iter; left time: 1127.4845s
Epoch: 69 cost time: 36.01298141479492
Epoch: 69, Steps: 284 | Train Loss: 0.4585729 Vali Loss: 0.4290392 Test Loss: 0.1792498
EarlyStopping counter: 7 out of 20
Updating learning rate to 9.550049507968268e-08
	iters: 100, epoch: 70 | loss: 0.4456156
	speed: 0.2914s/iter; left time: 2536.5489s
	iters: 200, epoch: 70 | loss: 0.3792808
	speed: 0.1268s/iter; left time: 1091.4355s
Epoch: 70 cost time: 36.01143217086792
Epoch: 70, Steps: 284 | Train Loss: 0.4583158 Vali Loss: 0.4268613 Test Loss: 0.1792614
EarlyStopping counter: 8 out of 20
Updating learning rate to 8.595044557171442e-08
	iters: 100, epoch: 71 | loss: 0.6113641
	speed: 0.2916s/iter; left time: 2455.5092s
	iters: 200, epoch: 71 | loss: 0.3954841
	speed: 0.1269s/iter; left time: 1055.9500s
Epoch: 71 cost time: 36.02443790435791
Epoch: 71, Steps: 284 | Train Loss: 0.4583544 Vali Loss: 0.4273593 Test Loss: 0.1792520
EarlyStopping counter: 9 out of 20
Updating learning rate to 7.735540101454298e-08
	iters: 100, epoch: 72 | loss: 0.4185601
	speed: 0.2916s/iter; left time: 2372.8939s
	iters: 200, epoch: 72 | loss: 0.4056435
	speed: 0.1269s/iter; left time: 1019.5940s
Epoch: 72 cost time: 36.02044367790222
Epoch: 72, Steps: 284 | Train Loss: 0.4584207 Vali Loss: 0.4275898 Test Loss: 0.1792409
EarlyStopping counter: 10 out of 20
Updating learning rate to 6.961986091308869e-08
	iters: 100, epoch: 73 | loss: 0.3574686
	speed: 0.2917s/iter; left time: 2290.9756s
	iters: 200, epoch: 73 | loss: 0.3991082
	speed: 0.1269s/iter; left time: 983.6042s
Epoch: 73 cost time: 36.02474570274353
Epoch: 73, Steps: 284 | Train Loss: 0.4583703 Vali Loss: 0.4261162 Test Loss: 0.1792227
EarlyStopping counter: 11 out of 20
Updating learning rate to 6.265787482177981e-08
	iters: 100, epoch: 74 | loss: 0.6546997
	speed: 0.2916s/iter; left time: 2207.3368s
	iters: 200, epoch: 74 | loss: 0.8722960
	speed: 0.1268s/iter; left time: 947.0389s
Epoch: 74 cost time: 36.009562730789185
Epoch: 74, Steps: 284 | Train Loss: 0.4584232 Vali Loss: 0.4282680 Test Loss: 0.1792042
EarlyStopping counter: 12 out of 20
Updating learning rate to 5.639208733960184e-08
	iters: 100, epoch: 75 | loss: 0.4417629
	speed: 0.2915s/iter; left time: 2123.7065s
	iters: 200, epoch: 75 | loss: 0.8208559
	speed: 0.1269s/iter; left time: 911.4899s
Epoch: 75 cost time: 36.02224564552307
Epoch: 75, Steps: 284 | Train Loss: 0.4583367 Vali Loss: 0.4280015 Test Loss: 0.1792201
EarlyStopping counter: 13 out of 20
Updating learning rate to 5.075287860564165e-08
	iters: 100, epoch: 76 | loss: 0.8568006
	speed: 0.2916s/iter; left time: 2041.7674s
	iters: 200, epoch: 76 | loss: 0.3900802
	speed: 0.1268s/iter; left time: 875.0447s
Epoch: 76 cost time: 36.016982078552246
Epoch: 76, Steps: 284 | Train Loss: 0.4580163 Vali Loss: 0.4285766 Test Loss: 0.1792324
EarlyStopping counter: 14 out of 20
Updating learning rate to 4.567759074507749e-08
	iters: 100, epoch: 77 | loss: 0.6282422
	speed: 0.2916s/iter; left time: 1958.4289s
	iters: 200, epoch: 77 | loss: 0.3566559
	speed: 0.1268s/iter; left time: 838.9072s
Epoch: 77 cost time: 36.01197409629822
Epoch: 77, Steps: 284 | Train Loss: 0.4584346 Vali Loss: 0.4269987 Test Loss: 0.1792316
EarlyStopping counter: 15 out of 20
Updating learning rate to 4.1109831670569744e-08
	iters: 100, epoch: 78 | loss: 0.4365305
	speed: 0.2915s/iter; left time: 1874.9106s
	iters: 200, epoch: 78 | loss: 0.5335653
	speed: 0.1268s/iter; left time: 802.7567s
Epoch: 78 cost time: 36.00848054885864
Epoch: 78, Steps: 284 | Train Loss: 0.4586331 Vali Loss: 0.4282417 Test Loss: 0.1792066
EarlyStopping counter: 16 out of 20
Updating learning rate to 3.6998848503512764e-08
	iters: 100, epoch: 79 | loss: 0.4301879
	speed: 0.2917s/iter; left time: 1793.5106s
	iters: 200, epoch: 79 | loss: 0.4290060
	speed: 0.1268s/iter; left time: 766.9522s
Epoch: 79 cost time: 36.01275300979614
Epoch: 79, Steps: 284 | Train Loss: 0.4586194 Vali Loss: 0.4268988 Test Loss: 0.1792175
EarlyStopping counter: 17 out of 20
Updating learning rate to 3.3298963653161496e-08
	iters: 100, epoch: 80 | loss: 0.3346730
	speed: 0.2914s/iter; left time: 1709.3278s
	iters: 200, epoch: 80 | loss: 0.3943370
	speed: 0.1270s/iter; left time: 731.9817s
Epoch: 80 cost time: 36.056485176086426
Epoch: 80, Steps: 284 | Train Loss: 0.4586729 Vali Loss: 0.4272614 Test Loss: 0.1792417
EarlyStopping counter: 18 out of 20
Updating learning rate to 2.996906728784534e-08
	iters: 100, epoch: 81 | loss: 0.4058227
	speed: 0.2939s/iter; left time: 1640.2693s
	iters: 200, epoch: 81 | loss: 0.3573840
	speed: 0.1270s/iter; left time: 696.2782s
Epoch: 81 cost time: 36.08691954612732
Epoch: 81, Steps: 284 | Train Loss: 0.4576152 Vali Loss: 0.4263671 Test Loss: 0.1792090
EarlyStopping counter: 19 out of 20
Updating learning rate to 2.697216055906081e-08
	iters: 100, epoch: 82 | loss: 0.4974497
	speed: 0.2939s/iter; left time: 1557.0032s
	iters: 200, epoch: 82 | loss: 0.3394765
	speed: 0.1270s/iter; left time: 660.2587s
Epoch: 82 cost time: 36.08992385864258
Epoch: 82, Steps: 284 | Train Loss: 0.4569001 Vali Loss: 0.4258917 Test Loss: 0.1792241
EarlyStopping counter: 20 out of 20
Early stopping
>>>>>>>testing : NL_weather_cms_lr0.001_always_336_96_PatchTST_custom_ftM_sl336_ll48_pl96_dm128_nh16_el3_dl1_df256_fc1_ebtimeF_dtTruelr0.001_polalways_Nested_Learning_0<<<<<<<<<<<<<<<<<<<<<<<<<<<<<<<<<
test 10444
 Ejecutando Inferencia DINÁMICA (Nested Learning con cms)
  -> Política: always | LR: 0.001 | Target: head

RESUMEN: El CMS se actualizó 81 veces de 81 posibles.

mse:0.17644017934799194, mae:0.228867769241333, rse:0.5533612966537476
Args in experiment:
Namespace(random_seed=2021, is_training=1, model_id='NL_weather_cms_lr0.001_always_336_192', model='PatchTST', data='custom', root_path='./dataset/', data_path='weather.csv', features='M', target='OT', freq='h', checkpoints='./checkpoints/', seq_len=336, label_len=48, pred_len=192, head_type='cms', cms_lr=0.001, update_policy='always', fc_dropout=0.2, head_dropout=0.0, patch_len=16, stride=8, padding_patch='end', revin=1, affine=0, subtract_last=0, decomposition=0, kernel_size=25, individual=0, embed_type=0, enc_in=21, dec_in=7, c_out=7, d_model=128, n_heads=16, e_layers=3, d_layers=1, d_ff=256, moving_avg=25, factor=1, distil=True, dropout=0.2, embed='timeF', activation='gelu', output_attention=False, do_predict=False, num_workers=0, itr=1, train_epochs=100, batch_size=128, patience=20, learning_rate=0.0001, des='Nested_Learning', loss='mse', lradj='type3', pct_start=0.3, use_amp=False, use_gpu=True, gpu=0, use_multi_gpu=False, devices='0,1,2,3', test_flop=False)
Use GPU: cuda:0
>>>>>>>start training : NL_weather_cms_lr0.001_always_336_192_PatchTST_custom_ftM_sl336_ll48_pl192_dm128_nh16_el3_dl1_df256_fc1_ebtimeF_dtTruelr0.001_polalways_Nested_Learning_0>>>>>>>>>>>>>>>>>>>>>>>>>>
train 36360
val 5079
test 10348
	iters: 100, epoch: 1 | loss: 1.1537951
	speed: 0.1751s/iter; left time: 4954.5184s
	iters: 200, epoch: 1 | loss: 0.8635261
	speed: 0.1268s/iter; left time: 3576.2401s
Epoch: 1 cost time: 36.288450717926025
Epoch: 1, Steps: 284 | Train Loss: 0.7379149 Vali Loss: 0.6898259 Test Loss: 0.2907935
Validation loss decreased (inf --> 0.689826).  Saving model ...
Updating learning rate to 0.0001
	iters: 100, epoch: 2 | loss: 0.6599317
	speed: 0.2960s/iter; left time: 8291.8408s
	iters: 200, epoch: 2 | loss: 0.7145351
	speed: 0.1272s/iter; left time: 3550.9066s
Epoch: 2 cost time: 36.13136601448059
Epoch: 2, Steps: 284 | Train Loss: 0.7227833 Vali Loss: 0.6733642 Test Loss: 0.2846979
Validation loss decreased (0.689826 --> 0.673364).  Saving model ...
Updating learning rate to 0.0001
	iters: 100, epoch: 3 | loss: 0.7638225
	speed: 0.2964s/iter; left time: 8220.8355s
	iters: 200, epoch: 3 | loss: 0.6418471
	speed: 0.1274s/iter; left time: 3521.1341s
Epoch: 3 cost time: 36.19622468948364
Epoch: 3, Steps: 284 | Train Loss: 0.6990525 Vali Loss: 0.6546797 Test Loss: 0.2798426
Validation loss decreased (0.673364 --> 0.654680).  Saving model ...
Updating learning rate to 0.0001
	iters: 100, epoch: 4 | loss: 0.6386155
	speed: 0.2963s/iter; left time: 8133.9358s
	iters: 200, epoch: 4 | loss: 0.5687319
	speed: 0.1275s/iter; left time: 3485.7242s
Epoch: 4 cost time: 36.21003270149231
Epoch: 4, Steps: 284 | Train Loss: 0.6791177 Vali Loss: 0.6402060 Test Loss: 0.2751996
Validation loss decreased (0.654680 --> 0.640206).  Saving model ...
Updating learning rate to 9e-05
	iters: 100, epoch: 5 | loss: 0.5646478
	speed: 0.2966s/iter; left time: 8057.7998s
	iters: 200, epoch: 5 | loss: 0.7793804
	speed: 0.1275s/iter; left time: 3452.0335s
Epoch: 5 cost time: 36.22983121871948
Epoch: 5, Steps: 284 | Train Loss: 0.6614836 Vali Loss: 0.6243441 Test Loss: 0.2709977
Validation loss decreased (0.640206 --> 0.624344).  Saving model ...
Updating learning rate to 8.1e-05
	iters: 100, epoch: 6 | loss: 0.5485039
	speed: 0.2967s/iter; left time: 7974.9345s
	iters: 200, epoch: 6 | loss: 0.5654926
	speed: 0.1275s/iter; left time: 3413.9199s
Epoch: 6 cost time: 36.21735668182373
Epoch: 6, Steps: 284 | Train Loss: 0.6465085 Vali Loss: 0.6148970 Test Loss: 0.2672601
Validation loss decreased (0.624344 --> 0.614897).  Saving model ...
Updating learning rate to 7.290000000000001e-05
	iters: 100, epoch: 7 | loss: 0.7745852
	speed: 0.2961s/iter; left time: 7875.2686s
	iters: 200, epoch: 7 | loss: 0.6938705
	speed: 0.1275s/iter; left time: 3379.4954s
Epoch: 7 cost time: 36.23092579841614
Epoch: 7, Steps: 284 | Train Loss: 0.6333198 Vali Loss: 0.6051697 Test Loss: 0.2639011
Validation loss decreased (0.614897 --> 0.605170).  Saving model ...
Updating learning rate to 6.561e-05
	iters: 100, epoch: 8 | loss: 0.6136878
	speed: 0.2962s/iter; left time: 7794.2779s
	iters: 200, epoch: 8 | loss: 0.8822095
	speed: 0.1276s/iter; left time: 3344.4446s
Epoch: 8 cost time: 36.25221109390259
Epoch: 8, Steps: 284 | Train Loss: 0.6229857 Vali Loss: 0.5981140 Test Loss: 0.2609039
Validation loss decreased (0.605170 --> 0.598114).  Saving model ...
Updating learning rate to 5.904900000000001e-05
	iters: 100, epoch: 9 | loss: 0.5575641
	speed: 0.2970s/iter; left time: 7730.7768s
	iters: 200, epoch: 9 | loss: 0.6666059
	speed: 0.1277s/iter; left time: 3310.4180s
Epoch: 9 cost time: 36.26384973526001
Epoch: 9, Steps: 284 | Train Loss: 0.6138027 Vali Loss: 0.5908878 Test Loss: 0.2582430
Validation loss decreased (0.598114 --> 0.590888).  Saving model ...
Updating learning rate to 5.3144100000000005e-05
	iters: 100, epoch: 10 | loss: 0.5677416
	speed: 0.2962s/iter; left time: 7626.7816s
	iters: 200, epoch: 10 | loss: 0.7443504
	speed: 0.1277s/iter; left time: 3274.5983s
Epoch: 10 cost time: 36.27477240562439
Epoch: 10, Steps: 284 | Train Loss: 0.6059978 Vali Loss: 0.5845540 Test Loss: 0.2558736
Validation loss decreased (0.590888 --> 0.584554).  Saving model ...
Updating learning rate to 4.782969000000001e-05
	iters: 100, epoch: 11 | loss: 0.5127570
	speed: 0.2974s/iter; left time: 7571.1171s
	iters: 200, epoch: 11 | loss: 0.6169022
	speed: 0.1277s/iter; left time: 3238.7233s
Epoch: 11 cost time: 36.27689456939697
Epoch: 11, Steps: 284 | Train Loss: 0.5991318 Vali Loss: 0.5811357 Test Loss: 0.2537588
Validation loss decreased (0.584554 --> 0.581136).  Saving model ...
Updating learning rate to 4.304672100000001e-05
	iters: 100, epoch: 12 | loss: 0.4781171
	speed: 0.2973s/iter; left time: 7485.2396s
	iters: 200, epoch: 12 | loss: 0.6286411
	speed: 0.1277s/iter; left time: 3203.2959s
Epoch: 12 cost time: 36.283374547958374
Epoch: 12, Steps: 284 | Train Loss: 0.5932290 Vali Loss: 0.5745522 Test Loss: 0.2519077
Validation loss decreased (0.581136 --> 0.574552).  Saving model ...
Updating learning rate to 3.874204890000001e-05
	iters: 100, epoch: 13 | loss: 0.4918184
	speed: 0.2973s/iter; left time: 7401.1408s
	iters: 200, epoch: 13 | loss: 0.5142100
	speed: 0.1278s/iter; left time: 3167.3703s
Epoch: 13 cost time: 36.27639675140381
Epoch: 13, Steps: 284 | Train Loss: 0.5880430 Vali Loss: 0.5681275 Test Loss: 0.2502197
Validation loss decreased (0.574552 --> 0.568127).  Saving model ...
Updating learning rate to 3.486784401000001e-05
	iters: 100, epoch: 14 | loss: 0.5869973
	speed: 0.2968s/iter; left time: 7304.1622s
	iters: 200, epoch: 14 | loss: 0.5295752
	speed: 0.1278s/iter; left time: 3131.4671s
Epoch: 14 cost time: 36.29793071746826
Epoch: 14, Steps: 284 | Train Loss: 0.5834995 Vali Loss: 0.5656658 Test Loss: 0.2487322
Validation loss decreased (0.568127 --> 0.565666).  Saving model ...
Updating learning rate to 3.138105960900001e-05
	iters: 100, epoch: 15 | loss: 0.5336002
	speed: 0.2972s/iter; left time: 7228.3245s
	iters: 200, epoch: 15 | loss: 0.6068735
	speed: 0.1278s/iter; left time: 3095.7537s
Epoch: 15 cost time: 36.2951078414917
Epoch: 15, Steps: 284 | Train Loss: 0.5794377 Vali Loss: 0.5613621 Test Loss: 0.2473853
Validation loss decreased (0.565666 --> 0.561362).  Saving model ...
Updating learning rate to 2.824295364810001e-05
	iters: 100, epoch: 16 | loss: 0.5101416
	speed: 0.2964s/iter; left time: 7126.7387s
	iters: 200, epoch: 16 | loss: 0.4822541
	speed: 0.1278s/iter; left time: 3060.1465s
Epoch: 16 cost time: 36.291948556900024
Epoch: 16, Steps: 284 | Train Loss: 0.5758538 Vali Loss: 0.5573219 Test Loss: 0.2462099
Validation loss decreased (0.561362 --> 0.557322).  Saving model ...
Updating learning rate to 2.541865828329001e-05
	iters: 100, epoch: 17 | loss: 0.4634120
	speed: 0.2969s/iter; left time: 7054.5151s
	iters: 200, epoch: 17 | loss: 0.5627590
	speed: 0.1278s/iter; left time: 3024.0406s
Epoch: 17 cost time: 36.29840970039368
Epoch: 17, Steps: 284 | Train Loss: 0.5726387 Vali Loss: 0.5559655 Test Loss: 0.2451105
Validation loss decreased (0.557322 --> 0.555966).  Saving model ...
Updating learning rate to 2.287679245496101e-05
	iters: 100, epoch: 18 | loss: 0.5136840
	speed: 0.2966s/iter; left time: 6961.8361s
	iters: 200, epoch: 18 | loss: 0.4950870
	speed: 0.1278s/iter; left time: 2987.4282s
Epoch: 18 cost time: 36.295100927352905
Epoch: 18, Steps: 284 | Train Loss: 0.5698163 Vali Loss: 0.5519058 Test Loss: 0.2441450
Validation loss decreased (0.555966 --> 0.551906).  Saving model ...
Updating learning rate to 2.0589113209464907e-05
	iters: 100, epoch: 19 | loss: 0.5437232
	speed: 0.2973s/iter; left time: 6894.9972s
	iters: 200, epoch: 19 | loss: 0.7396288
	speed: 0.1278s/iter; left time: 2951.5498s
Epoch: 19 cost time: 36.296895265579224
Epoch: 19, Steps: 284 | Train Loss: 0.5668175 Vali Loss: 0.5514541 Test Loss: 0.2432449
Validation loss decreased (0.551906 --> 0.551454).  Saving model ...
Updating learning rate to 1.8530201888518416e-05
	iters: 100, epoch: 20 | loss: 0.4897373
	speed: 0.2970s/iter; left time: 6803.2055s
	iters: 200, epoch: 20 | loss: 0.5844694
	speed: 0.1279s/iter; left time: 2916.9918s
Epoch: 20 cost time: 36.31873440742493
Epoch: 20, Steps: 284 | Train Loss: 0.5650370 Vali Loss: 0.5489076 Test Loss: 0.2424678
Validation loss decreased (0.551454 --> 0.548908).  Saving model ...
Updating learning rate to 1.6677181699666577e-05
	iters: 100, epoch: 21 | loss: 0.6036339
	speed: 0.2970s/iter; left time: 6718.1925s
	iters: 200, epoch: 21 | loss: 0.5651570
	speed: 0.1280s/iter; left time: 2881.6697s
Epoch: 21 cost time: 36.34275937080383
Epoch: 21, Steps: 284 | Train Loss: 0.5629901 Vali Loss: 0.5475785 Test Loss: 0.2417494
Validation loss decreased (0.548908 --> 0.547579).  Saving model ...
Updating learning rate to 1.5009463529699919e-05
	iters: 100, epoch: 22 | loss: 0.4648451
	speed: 0.2979s/iter; left time: 6654.0082s
	iters: 200, epoch: 22 | loss: 0.4690712
	speed: 0.1278s/iter; left time: 2842.1246s
Epoch: 22 cost time: 36.31623935699463
Epoch: 22, Steps: 284 | Train Loss: 0.5612163 Vali Loss: 0.5462312 Test Loss: 0.2411062
Validation loss decreased (0.547579 --> 0.546231).  Saving model ...
Updating learning rate to 1.3508517176729929e-05
	iters: 100, epoch: 23 | loss: 0.7267868
	speed: 0.2969s/iter; left time: 6547.4465s
	iters: 200, epoch: 23 | loss: 0.4948929
	speed: 0.1278s/iter; left time: 2805.6325s
Epoch: 23 cost time: 36.303786516189575
Epoch: 23, Steps: 284 | Train Loss: 0.5595909 Vali Loss: 0.5430639 Test Loss: 0.2405304
Validation loss decreased (0.546231 --> 0.543064).  Saving model ...
Updating learning rate to 1.2157665459056936e-05
	iters: 100, epoch: 24 | loss: 0.4584599
	speed: 0.2969s/iter; left time: 6462.7789s
	iters: 200, epoch: 24 | loss: 0.5012758
	speed: 0.1277s/iter; left time: 2767.7877s
Epoch: 24 cost time: 36.297192335128784
Epoch: 24, Steps: 284 | Train Loss: 0.5582288 Vali Loss: 0.5437155 Test Loss: 0.2400169
EarlyStopping counter: 1 out of 20
Updating learning rate to 1.0941898913151242e-05
	iters: 100, epoch: 25 | loss: 0.4727783
	speed: 0.2960s/iter; left time: 6360.2279s
	iters: 200, epoch: 25 | loss: 0.4889067
	speed: 0.1277s/iter; left time: 2731.1998s
Epoch: 25 cost time: 36.291157960891724
Epoch: 25, Steps: 284 | Train Loss: 0.5567735 Vali Loss: 0.5416865 Test Loss: 0.2395475
Validation loss decreased (0.543064 --> 0.541687).  Saving model ...
Updating learning rate to 9.847709021836118e-06
	iters: 100, epoch: 26 | loss: 0.4768012
	speed: 0.2973s/iter; left time: 6302.0018s
	iters: 200, epoch: 26 | loss: 0.5445753
	speed: 0.1277s/iter; left time: 2694.5186s
Epoch: 26 cost time: 36.28497290611267
Epoch: 26, Steps: 284 | Train Loss: 0.5553641 Vali Loss: 0.5403722 Test Loss: 0.2391351
Validation loss decreased (0.541687 --> 0.540372).  Saving model ...
Updating learning rate to 8.862938119652508e-06
	iters: 100, epoch: 27 | loss: 0.5943208
	speed: 0.2970s/iter; left time: 6212.3843s
	iters: 200, epoch: 27 | loss: 0.4441509
	speed: 0.1278s/iter; left time: 2659.5143s
Epoch: 27 cost time: 36.28772187232971
Epoch: 27, Steps: 284 | Train Loss: 0.5547807 Vali Loss: 0.5375923 Test Loss: 0.2387665
Validation loss decreased (0.540372 --> 0.537592).  Saving model ...
Updating learning rate to 7.976644307687255e-06
	iters: 100, epoch: 28 | loss: 0.5015479
	speed: 0.2975s/iter; left time: 6139.3415s
	iters: 200, epoch: 28 | loss: 0.5115452
	speed: 0.1277s/iter; left time: 2621.4143s
Epoch: 28 cost time: 36.273348808288574
Epoch: 28, Steps: 284 | Train Loss: 0.5537676 Vali Loss: 0.5389155 Test Loss: 0.2384220
EarlyStopping counter: 1 out of 20
Updating learning rate to 7.178979876918531e-06
	iters: 100, epoch: 29 | loss: 0.6833125
	speed: 0.2960s/iter; left time: 6023.5634s
	iters: 200, epoch: 29 | loss: 0.6026061
	speed: 0.1277s/iter; left time: 2585.3856s
Epoch: 29 cost time: 36.27328896522522
Epoch: 29, Steps: 284 | Train Loss: 0.5529723 Vali Loss: 0.5344686 Test Loss: 0.2381397
Validation loss decreased (0.537592 --> 0.534469).  Saving model ...
Updating learning rate to 6.4610818892266776e-06
	iters: 100, epoch: 30 | loss: 0.4497566
	speed: 0.2964s/iter; left time: 5947.3325s
	iters: 200, epoch: 30 | loss: 0.5791829
	speed: 0.1277s/iter; left time: 2549.0269s
Epoch: 30 cost time: 36.27309226989746
Epoch: 30, Steps: 284 | Train Loss: 0.5522460 Vali Loss: 0.5380270 Test Loss: 0.2378591
EarlyStopping counter: 1 out of 20
Updating learning rate to 5.8149737003040096e-06
	iters: 100, epoch: 31 | loss: 0.4886404
	speed: 0.2958s/iter; left time: 5851.8370s
	iters: 200, epoch: 31 | loss: 0.4925292
	speed: 0.1277s/iter; left time: 2512.3486s
Epoch: 31 cost time: 36.26456308364868
Epoch: 31, Steps: 284 | Train Loss: 0.5515740 Vali Loss: 0.5364011 Test Loss: 0.2376154
EarlyStopping counter: 2 out of 20
Updating learning rate to 5.23347633027361e-06
	iters: 100, epoch: 32 | loss: 0.4066021
	speed: 0.2958s/iter; left time: 5767.0978s
	iters: 200, epoch: 32 | loss: 0.4591862
	speed: 0.1277s/iter; left time: 2476.7512s
Epoch: 32 cost time: 36.26519179344177
Epoch: 32, Steps: 284 | Train Loss: 0.5510201 Vali Loss: 0.5372007 Test Loss: 0.2373848
EarlyStopping counter: 3 out of 20
Updating learning rate to 4.710128697246249e-06
	iters: 100, epoch: 33 | loss: 0.4486483
	speed: 0.2957s/iter; left time: 5681.0570s
	iters: 200, epoch: 33 | loss: 0.4199053
	speed: 0.1277s/iter; left time: 2440.4068s
Epoch: 33 cost time: 36.255391120910645
Epoch: 33, Steps: 284 | Train Loss: 0.5504968 Vali Loss: 0.5362555 Test Loss: 0.2371761
EarlyStopping counter: 4 out of 20
Updating learning rate to 4.239115827521624e-06
	iters: 100, epoch: 34 | loss: 0.4999165
	speed: 0.2957s/iter; left time: 5596.8825s
	iters: 200, epoch: 34 | loss: 0.4878771
	speed: 0.1276s/iter; left time: 2403.2478s
Epoch: 34 cost time: 36.245084047317505
Epoch: 34, Steps: 284 | Train Loss: 0.5500677 Vali Loss: 0.5366177 Test Loss: 0.2370042
EarlyStopping counter: 5 out of 20
Updating learning rate to 3.815204244769462e-06
	iters: 100, epoch: 35 | loss: 0.5581366
	speed: 0.2956s/iter; left time: 5510.6471s
	iters: 200, epoch: 35 | loss: 0.5311889
	speed: 0.1277s/iter; left time: 2368.2706s
Epoch: 35 cost time: 36.25826144218445
Epoch: 35, Steps: 284 | Train Loss: 0.5495182 Vali Loss: 0.5343819 Test Loss: 0.2368384
Validation loss decreased (0.534469 --> 0.534382).  Saving model ...
Updating learning rate to 3.4336838202925152e-06
	iters: 100, epoch: 36 | loss: 0.4287356
	speed: 0.2977s/iter; left time: 5465.7922s
	iters: 200, epoch: 36 | loss: 0.5774452
	speed: 0.1277s/iter; left time: 2331.7708s
Epoch: 36 cost time: 36.24776077270508
Epoch: 36, Steps: 284 | Train Loss: 0.5492737 Vali Loss: 0.5328591 Test Loss: 0.2366999
Validation loss decreased (0.534382 --> 0.532859).  Saving model ...
Updating learning rate to 3.090315438263264e-06
	iters: 100, epoch: 37 | loss: 0.5672703
	speed: 0.2970s/iter; left time: 5368.0003s
	iters: 200, epoch: 37 | loss: 0.5927269
	speed: 0.1277s/iter; left time: 2296.0382s
Epoch: 37 cost time: 36.258299350738525
Epoch: 37, Steps: 284 | Train Loss: 0.5488951 Vali Loss: 0.5313119 Test Loss: 0.2365698
Validation loss decreased (0.532859 --> 0.531312).  Saving model ...
Updating learning rate to 2.7812838944369375e-06
	iters: 100, epoch: 38 | loss: 0.5835510
	speed: 0.2963s/iter; left time: 5272.6443s
	iters: 200, epoch: 38 | loss: 0.5515906
	speed: 0.1277s/iter; left time: 2259.5868s
Epoch: 38 cost time: 36.25563359260559
Epoch: 38, Steps: 284 | Train Loss: 0.5485884 Vali Loss: 0.5339170 Test Loss: 0.2364581
EarlyStopping counter: 1 out of 20
Updating learning rate to 2.503155504993244e-06
	iters: 100, epoch: 39 | loss: 0.6391242
	speed: 0.2957s/iter; left time: 5177.7655s
	iters: 200, epoch: 39 | loss: 0.5760640
	speed: 0.1277s/iter; left time: 2223.4675s
Epoch: 39 cost time: 36.25647330284119
Epoch: 39, Steps: 284 | Train Loss: 0.5483115 Vali Loss: 0.5320523 Test Loss: 0.2363483
EarlyStopping counter: 2 out of 20
Updating learning rate to 2.2528399544939195e-06
	iters: 100, epoch: 40 | loss: 0.4936373
	speed: 0.2956s/iter; left time: 5091.2934s
	iters: 200, epoch: 40 | loss: 0.4393919
	speed: 0.1277s/iter; left time: 2186.9546s
Epoch: 40 cost time: 36.25637412071228
Epoch: 40, Steps: 284 | Train Loss: 0.5479774 Vali Loss: 0.5317380 Test Loss: 0.2362458
EarlyStopping counter: 3 out of 20
Updating learning rate to 2.0275559590445276e-06
	iters: 100, epoch: 41 | loss: 0.4600308
	speed: 0.2955s/iter; left time: 5006.6823s
	iters: 200, epoch: 41 | loss: 0.7159316
	speed: 0.1277s/iter; left time: 2150.9817s
Epoch: 41 cost time: 36.25273656845093
Epoch: 41, Steps: 284 | Train Loss: 0.5477922 Vali Loss: 0.5348638 Test Loss: 0.2361613
EarlyStopping counter: 4 out of 20
Updating learning rate to 1.8248003631400751e-06
	iters: 100, epoch: 42 | loss: 0.8203567
	speed: 0.2957s/iter; left time: 4925.7042s
	iters: 200, epoch: 42 | loss: 0.5122700
	speed: 0.1277s/iter; left time: 2114.8086s
Epoch: 42 cost time: 36.24974513053894
Epoch: 42, Steps: 284 | Train Loss: 0.5476120 Vali Loss: 0.5318936 Test Loss: 0.2360835
EarlyStopping counter: 5 out of 20
Updating learning rate to 1.6423203268260676e-06
	iters: 100, epoch: 43 | loss: 0.7053675
	speed: 0.2958s/iter; left time: 4843.0903s
	iters: 200, epoch: 43 | loss: 0.4991916
	speed: 0.1277s/iter; left time: 2078.3253s
Epoch: 43 cost time: 36.26003813743591
Epoch: 43, Steps: 284 | Train Loss: 0.5474735 Vali Loss: 0.5329578 Test Loss: 0.2360226
EarlyStopping counter: 6 out of 20
Updating learning rate to 1.4780882941434609e-06
	iters: 100, epoch: 44 | loss: 0.6645530
	speed: 0.2957s/iter; left time: 4757.6379s
	iters: 200, epoch: 44 | loss: 0.4283544
	speed: 0.1277s/iter; left time: 2041.2433s
Epoch: 44 cost time: 36.25197124481201
Epoch: 44, Steps: 284 | Train Loss: 0.5473564 Vali Loss: 0.5317736 Test Loss: 0.2359626
EarlyStopping counter: 7 out of 20
Updating learning rate to 1.3302794647291146e-06
	iters: 100, epoch: 45 | loss: 0.4401187
	speed: 0.2956s/iter; left time: 4671.3617s
	iters: 200, epoch: 45 | loss: 0.8208098
	speed: 0.1276s/iter; left time: 2004.7396s
Epoch: 45 cost time: 36.24677348136902
Epoch: 45, Steps: 284 | Train Loss: 0.5471828 Vali Loss: 0.5336314 Test Loss: 0.2358991
EarlyStopping counter: 8 out of 20
Updating learning rate to 1.1972515182562034e-06
	iters: 100, epoch: 46 | loss: 0.5653747
	speed: 0.2956s/iter; left time: 4587.7592s
	iters: 200, epoch: 46 | loss: 0.5863145
	speed: 0.1277s/iter; left time: 1968.7057s
Epoch: 46 cost time: 36.24982810020447
Epoch: 46, Steps: 284 | Train Loss: 0.5469883 Vali Loss: 0.5327947 Test Loss: 0.2358525
EarlyStopping counter: 9 out of 20
Updating learning rate to 1.077526366430583e-06
	iters: 100, epoch: 47 | loss: 0.6676638
	speed: 0.2957s/iter; left time: 4504.8613s
	iters: 200, epoch: 47 | loss: 0.6850027
	speed: 0.1276s/iter; left time: 1931.0791s
Epoch: 47 cost time: 36.240912199020386
Epoch: 47, Steps: 284 | Train Loss: 0.5468725 Vali Loss: 0.5308703 Test Loss: 0.2358167
Validation loss decreased (0.531312 --> 0.530870).  Saving model ...
Updating learning rate to 9.697737297875248e-07
	iters: 100, epoch: 48 | loss: 0.7040223
	speed: 0.2972s/iter; left time: 4444.2946s
	iters: 200, epoch: 48 | loss: 0.7349619
	speed: 0.1276s/iter; left time: 1894.5666s
Epoch: 48 cost time: 36.240500926971436
Epoch: 48, Steps: 284 | Train Loss: 0.5468046 Vali Loss: 0.5305194 Test Loss: 0.2357626
Validation loss decreased (0.530870 --> 0.530519).  Saving model ...
Updating learning rate to 8.727963568087723e-07
	iters: 100, epoch: 49 | loss: 0.5711025
	speed: 0.2992s/iter; left time: 4388.6956s
	iters: 200, epoch: 49 | loss: 0.6407759
	speed: 0.1275s/iter; left time: 1858.1582s
Epoch: 49 cost time: 36.23428750038147
Epoch: 49, Steps: 284 | Train Loss: 0.5466712 Vali Loss: 0.5311896 Test Loss: 0.2357369
EarlyStopping counter: 1 out of 20
Updating learning rate to 7.855167211278951e-07
	iters: 100, epoch: 50 | loss: 0.8070272
	speed: 0.2956s/iter; left time: 4251.5858s
	iters: 200, epoch: 50 | loss: 0.4508717
	speed: 0.1275s/iter; left time: 1821.9532s
Epoch: 50 cost time: 36.23297452926636
Epoch: 50, Steps: 284 | Train Loss: 0.5462559 Vali Loss: 0.5320760 Test Loss: 0.2357023
EarlyStopping counter: 2 out of 20
Updating learning rate to 7.069650490151056e-07
	iters: 100, epoch: 51 | loss: 0.5323609
	speed: 0.2955s/iter; left time: 4166.7741s
	iters: 200, epoch: 51 | loss: 0.4539715
	speed: 0.1275s/iter; left time: 1785.1491s
Epoch: 51 cost time: 36.22769594192505
Epoch: 51, Steps: 284 | Train Loss: 0.5465085 Vali Loss: 0.5302587 Test Loss: 0.2356735
Validation loss decreased (0.530519 --> 0.530259).  Saving model ...
Updating learning rate to 6.36268544113595e-07
	iters: 100, epoch: 52 | loss: 0.4401470
	speed: 0.2969s/iter; left time: 4101.8586s
	iters: 200, epoch: 52 | loss: 0.4958839
	speed: 0.1275s/iter; left time: 1749.3161s
Epoch: 52 cost time: 36.23560881614685
Epoch: 52, Steps: 284 | Train Loss: 0.5465301 Vali Loss: 0.5322175 Test Loss: 0.2356402
EarlyStopping counter: 1 out of 20
Updating learning rate to 5.726416897022355e-07
	iters: 100, epoch: 53 | loss: 0.5613459
	speed: 0.2957s/iter; left time: 4001.4265s
	iters: 200, epoch: 53 | loss: 0.5545288
	speed: 0.1276s/iter; left time: 1713.6954s
Epoch: 53 cost time: 36.2405571937561
Epoch: 53, Steps: 284 | Train Loss: 0.5464348 Vali Loss: 0.5324842 Test Loss: 0.2356197
EarlyStopping counter: 2 out of 20
Updating learning rate to 5.15377520732012e-07
	iters: 100, epoch: 54 | loss: 0.6021998
	speed: 0.2957s/iter; left time: 3917.4109s
	iters: 200, epoch: 54 | loss: 0.5397642
	speed: 0.1275s/iter; left time: 1677.0269s
Epoch: 54 cost time: 36.23651742935181
Epoch: 54, Steps: 284 | Train Loss: 0.5462995 Vali Loss: 0.5306738 Test Loss: 0.2355965
EarlyStopping counter: 3 out of 20
Updating learning rate to 4.6383976865881085e-07
	iters: 100, epoch: 55 | loss: 0.5085790
	speed: 0.2955s/iter; left time: 3831.3578s
	iters: 200, epoch: 55 | loss: 0.4539655
	speed: 0.1275s/iter; left time: 1640.8911s
Epoch: 55 cost time: 36.235817193984985
Epoch: 55, Steps: 284 | Train Loss: 0.5462882 Vali Loss: 0.5311009 Test Loss: 0.2355833
EarlyStopping counter: 4 out of 20
Updating learning rate to 4.174557917929298e-07
	iters: 100, epoch: 56 | loss: 0.5040349
	speed: 0.2956s/iter; left time: 3748.0608s
	iters: 200, epoch: 56 | loss: 0.4558879
	speed: 0.1275s/iter; left time: 1604.2570s
Epoch: 56 cost time: 36.23345923423767
Epoch: 56, Steps: 284 | Train Loss: 0.5462295 Vali Loss: 0.5287461 Test Loss: 0.2355693
Validation loss decreased (0.530259 --> 0.528746).  Saving model ...
Updating learning rate to 3.7571021261363677e-07
	iters: 100, epoch: 57 | loss: 0.4634724
	speed: 0.2967s/iter; left time: 3678.3549s
	iters: 200, epoch: 57 | loss: 0.5294611
	speed: 0.1275s/iter; left time: 1567.9292s
Epoch: 57 cost time: 36.22406268119812
Epoch: 57, Steps: 284 | Train Loss: 0.5461853 Vali Loss: 0.5300142 Test Loss: 0.2355490
EarlyStopping counter: 1 out of 20
Updating learning rate to 3.381391913522731e-07
	iters: 100, epoch: 58 | loss: 0.5620571
	speed: 0.2958s/iter; left time: 3582.4784s
	iters: 200, epoch: 58 | loss: 0.6868003
	speed: 0.1275s/iter; left time: 1531.6591s
Epoch: 58 cost time: 36.222336769104004
Epoch: 58, Steps: 284 | Train Loss: 0.5462300 Vali Loss: 0.5299265 Test Loss: 0.2355297
EarlyStopping counter: 2 out of 20
Updating learning rate to 3.043252722170458e-07
	iters: 100, epoch: 59 | loss: 0.4489143
	speed: 0.2958s/iter; left time: 3498.4476s
	iters: 200, epoch: 59 | loss: 0.4480975
	speed: 0.1275s/iter; left time: 1495.4228s
Epoch: 59 cost time: 36.22091627120972
Epoch: 59, Steps: 284 | Train Loss: 0.5461508 Vali Loss: 0.5336914 Test Loss: 0.2355086
EarlyStopping counter: 3 out of 20
Updating learning rate to 2.7389274499534124e-07
	iters: 100, epoch: 60 | loss: 0.4529791
	speed: 0.2957s/iter; left time: 3413.8639s
	iters: 200, epoch: 60 | loss: 0.6867939
	speed: 0.1278s/iter; left time: 1462.6963s
Epoch: 60 cost time: 36.24396347999573
Epoch: 60, Steps: 284 | Train Loss: 0.5460891 Vali Loss: 0.5300772 Test Loss: 0.2355112
EarlyStopping counter: 4 out of 20
Updating learning rate to 2.465034704958071e-07
	iters: 100, epoch: 61 | loss: 0.4907494
	speed: 0.2949s/iter; left time: 3320.8131s
	iters: 200, epoch: 61 | loss: 0.6621423
	speed: 0.1273s/iter; left time: 1420.3515s
Epoch: 61 cost time: 36.14027547836304
Epoch: 61, Steps: 284 | Train Loss: 0.5460455 Vali Loss: 0.5319644 Test Loss: 0.2355103
EarlyStopping counter: 5 out of 20
Updating learning rate to 2.218531234462264e-07
	iters: 100, epoch: 62 | loss: 0.4532899
	speed: 0.2936s/iter; left time: 3223.2798s
	iters: 200, epoch: 62 | loss: 0.6722898
	speed: 0.1272s/iter; left time: 1383.9255s
Epoch: 62 cost time: 36.135178565979004
Epoch: 62, Steps: 284 | Train Loss: 0.5461300 Vali Loss: 0.5327992 Test Loss: 0.2354899
EarlyStopping counter: 6 out of 20
Updating learning rate to 1.9966781110160376e-07
	iters: 100, epoch: 63 | loss: 0.5077162
	speed: 0.2938s/iter; left time: 3142.0249s
	iters: 200, epoch: 63 | loss: 0.5666845
	speed: 0.1272s/iter; left time: 1347.7665s
Epoch: 63 cost time: 36.1411452293396
Epoch: 63, Steps: 284 | Train Loss: 0.5459806 Vali Loss: 0.5307032 Test Loss: 0.2354802
EarlyStopping counter: 7 out of 20
Updating learning rate to 1.797010299914434e-07
	iters: 100, epoch: 64 | loss: 0.4884307
	speed: 0.2935s/iter; left time: 3055.3217s
	iters: 200, epoch: 64 | loss: 0.6197031
	speed: 0.1272s/iter; left time: 1311.3982s
Epoch: 64 cost time: 36.13638377189636
Epoch: 64, Steps: 284 | Train Loss: 0.5460328 Vali Loss: 0.5323550 Test Loss: 0.2354721
EarlyStopping counter: 8 out of 20
Updating learning rate to 1.6173092699229907e-07
	iters: 100, epoch: 65 | loss: 0.5445558
	speed: 0.2935s/iter; left time: 2971.8291s
	iters: 200, epoch: 65 | loss: 0.5513679
	speed: 0.1272s/iter; left time: 1275.2074s
Epoch: 65 cost time: 36.138060092926025
Epoch: 65, Steps: 284 | Train Loss: 0.5459934 Vali Loss: 0.5285319 Test Loss: 0.2354696
Validation loss decreased (0.528746 --> 0.528532).  Saving model ...
Updating learning rate to 1.4555783429306916e-07
	iters: 100, epoch: 66 | loss: 0.4552207
	speed: 0.2941s/iter; left time: 2893.7893s
	iters: 200, epoch: 66 | loss: 0.4710066
	speed: 0.1273s/iter; left time: 1239.6678s
Epoch: 66 cost time: 36.150962591171265
Epoch: 66, Steps: 284 | Train Loss: 0.5459716 Vali Loss: 0.5297747 Test Loss: 0.2354639
EarlyStopping counter: 1 out of 20
Updating learning rate to 1.3100205086376224e-07
	iters: 100, epoch: 67 | loss: 0.5466564
	speed: 0.2936s/iter; left time: 2805.6444s
	iters: 200, epoch: 67 | loss: 0.6167881
	speed: 0.1272s/iter; left time: 1203.0606s
Epoch: 67 cost time: 36.142072677612305
Epoch: 67, Steps: 284 | Train Loss: 0.5459534 Vali Loss: 0.5317140 Test Loss: 0.2354649
EarlyStopping counter: 2 out of 20
Updating learning rate to 1.1790184577738603e-07
	iters: 100, epoch: 68 | loss: 0.5874982
	speed: 0.2934s/iter; left time: 2720.2724s
	iters: 200, epoch: 68 | loss: 0.6075368
	speed: 0.1273s/iter; left time: 1167.4179s
Epoch: 68 cost time: 36.15672063827515
Epoch: 68, Steps: 284 | Train Loss: 0.5459783 Vali Loss: 0.5282226 Test Loss: 0.2354545
Validation loss decreased (0.528532 --> 0.528223).  Saving model ...
Updating learning rate to 1.0611166119964742e-07
	iters: 100, epoch: 69 | loss: 0.5768793
	speed: 0.2946s/iter; left time: 2647.8745s
	iters: 200, epoch: 69 | loss: 0.6008216
	speed: 0.1273s/iter; left time: 1131.2332s
Epoch: 69 cost time: 36.15437316894531
Epoch: 69, Steps: 284 | Train Loss: 0.5458899 Vali Loss: 0.5318332 Test Loss: 0.2354489
EarlyStopping counter: 1 out of 20
Updating learning rate to 9.550049507968268e-08
	iters: 100, epoch: 70 | loss: 0.6082133
	speed: 0.2935s/iter; left time: 2554.9553s
	iters: 200, epoch: 70 | loss: 0.4297516
	speed: 0.1273s/iter; left time: 1095.1978s
Epoch: 70 cost time: 36.15119695663452
Epoch: 70, Steps: 284 | Train Loss: 0.5459517 Vali Loss: 0.5283458 Test Loss: 0.2354447
EarlyStopping counter: 2 out of 20
Updating learning rate to 8.595044557171442e-08
	iters: 100, epoch: 71 | loss: 0.6586846
	speed: 0.2935s/iter; left time: 2471.2133s
	iters: 200, epoch: 71 | loss: 0.4147677
	speed: 0.1273s/iter; left time: 1058.8589s
Epoch: 71 cost time: 36.14726114273071
Epoch: 71, Steps: 284 | Train Loss: 0.5458370 Vali Loss: 0.5285935 Test Loss: 0.2354375
EarlyStopping counter: 3 out of 20
Updating learning rate to 7.735540101454298e-08
	iters: 100, epoch: 72 | loss: 0.3913526
	speed: 0.2934s/iter; left time: 2387.2760s
	iters: 200, epoch: 72 | loss: 0.4699973
	speed: 0.1273s/iter; left time: 1022.8089s
Epoch: 72 cost time: 36.15425133705139
Epoch: 72, Steps: 284 | Train Loss: 0.5459417 Vali Loss: 0.5284089 Test Loss: 0.2354354
EarlyStopping counter: 4 out of 20
Updating learning rate to 6.961986091308869e-08
	iters: 100, epoch: 73 | loss: 0.5304852
	speed: 0.2936s/iter; left time: 2305.4888s
	iters: 200, epoch: 73 | loss: 0.5250291
	speed: 0.1272s/iter; left time: 986.4902s
Epoch: 73 cost time: 36.149232625961304
Epoch: 73, Steps: 284 | Train Loss: 0.5458455 Vali Loss: 0.5302389 Test Loss: 0.2354368
EarlyStopping counter: 5 out of 20
Updating learning rate to 6.265787482177981e-08
	iters: 100, epoch: 74 | loss: 0.4835256
	speed: 0.2934s/iter; left time: 2220.9699s
	iters: 200, epoch: 74 | loss: 0.4768670
	speed: 0.1273s/iter; left time: 950.5686s
Epoch: 74 cost time: 36.15729475021362
Epoch: 74, Steps: 284 | Train Loss: 0.5459494 Vali Loss: 0.5282630 Test Loss: 0.2354298
EarlyStopping counter: 6 out of 20
Updating learning rate to 5.639208733960184e-08
	iters: 100, epoch: 75 | loss: 0.5925002
	speed: 0.2935s/iter; left time: 2138.4279s
	iters: 200, epoch: 75 | loss: 0.7066672
	speed: 0.1273s/iter; left time: 914.4888s
Epoch: 75 cost time: 36.147258281707764
Epoch: 75, Steps: 284 | Train Loss: 0.5459598 Vali Loss: 0.5291843 Test Loss: 0.2354387
EarlyStopping counter: 7 out of 20
Updating learning rate to 5.075287860564165e-08
	iters: 100, epoch: 76 | loss: 0.6163394
	speed: 0.2932s/iter; left time: 2052.7895s
	iters: 200, epoch: 76 | loss: 0.4760475
	speed: 0.1273s/iter; left time: 878.4747s
Epoch: 76 cost time: 36.149999141693115
Epoch: 76, Steps: 284 | Train Loss: 0.5459349 Vali Loss: 0.5293993 Test Loss: 0.2354360
EarlyStopping counter: 8 out of 20
Updating learning rate to 4.567759074507749e-08
	iters: 100, epoch: 77 | loss: 0.6825406
	speed: 0.2933s/iter; left time: 1970.0247s
	iters: 200, epoch: 77 | loss: 0.5880679
	speed: 0.1273s/iter; left time: 842.4491s
Epoch: 77 cost time: 36.15371131896973
Epoch: 77, Steps: 284 | Train Loss: 0.5459562 Vali Loss: 0.5299087 Test Loss: 0.2354355
EarlyStopping counter: 9 out of 20
Updating learning rate to 4.1109831670569744e-08
	iters: 100, epoch: 78 | loss: 0.6264197
	speed: 0.2935s/iter; left time: 1888.0527s
	iters: 200, epoch: 78 | loss: 0.5256649
	speed: 0.1274s/iter; left time: 806.6056s
Epoch: 78 cost time: 36.16121292114258
Epoch: 78, Steps: 284 | Train Loss: 0.5458768 Vali Loss: 0.5299210 Test Loss: 0.2354362
EarlyStopping counter: 10 out of 20
Updating learning rate to 3.6998848503512764e-08
	iters: 100, epoch: 79 | loss: 0.4659806
	speed: 0.2936s/iter; left time: 1805.2289s
	iters: 200, epoch: 79 | loss: 0.4884103
	speed: 0.1274s/iter; left time: 770.4845s
Epoch: 79 cost time: 36.163342237472534
Epoch: 79, Steps: 284 | Train Loss: 0.5458656 Vali Loss: 0.5310136 Test Loss: 0.2354345
EarlyStopping counter: 11 out of 20
Updating learning rate to 3.3298963653161496e-08
	iters: 100, epoch: 80 | loss: 0.4877351
	speed: 0.2936s/iter; left time: 1722.1418s
	iters: 200, epoch: 80 | loss: 0.5391998
	speed: 0.1273s/iter; left time: 734.0964s
Epoch: 80 cost time: 36.16025424003601
Epoch: 80, Steps: 284 | Train Loss: 0.5459455 Vali Loss: 0.5276568 Test Loss: 0.2354353
Validation loss decreased (0.528223 --> 0.527657).  Saving model ...
Updating learning rate to 2.996906728784534e-08
	iters: 100, epoch: 81 | loss: 0.4489390
	speed: 0.2938s/iter; left time: 1639.9320s
	iters: 200, epoch: 81 | loss: 0.5277611
	speed: 0.1274s/iter; left time: 698.0310s
Epoch: 81 cost time: 36.15781259536743
Epoch: 81, Steps: 284 | Train Loss: 0.5458871 Vali Loss: 0.5301263 Test Loss: 0.2354324
EarlyStopping counter: 1 out of 20
Updating learning rate to 2.697216055906081e-08
	iters: 100, epoch: 82 | loss: 0.4621906
	speed: 0.2934s/iter; left time: 1554.1030s
	iters: 200, epoch: 82 | loss: 0.4400244
	speed: 0.1274s/iter; left time: 661.8537s
Epoch: 82 cost time: 36.15163803100586
Epoch: 82, Steps: 284 | Train Loss: 0.5459343 Vali Loss: 0.5319000 Test Loss: 0.2354207
EarlyStopping counter: 2 out of 20
Updating learning rate to 2.427494450315473e-08
	iters: 100, epoch: 83 | loss: 0.4252651
	speed: 0.2934s/iter; left time: 1470.8184s
	iters: 200, epoch: 83 | loss: 0.5474616
	speed: 0.1273s/iter; left time: 625.3934s
Epoch: 83 cost time: 36.139965534210205
Epoch: 83, Steps: 284 | Train Loss: 0.5458510 Vali Loss: 0.5300044 Test Loss: 0.2354224
EarlyStopping counter: 3 out of 20
Updating learning rate to 2.1847450052839257e-08
	iters: 100, epoch: 84 | loss: 0.5662798
	speed: 0.2932s/iter; left time: 1386.5919s
	iters: 200, epoch: 84 | loss: 0.5335263
	speed: 0.1273s/iter; left time: 589.4167s
Epoch: 84 cost time: 36.14894104003906
Epoch: 84, Steps: 284 | Train Loss: 0.5459098 Vali Loss: 0.5319440 Test Loss: 0.2354206
EarlyStopping counter: 4 out of 20
Updating learning rate to 1.9662705047555332e-08
	iters: 100, epoch: 85 | loss: 0.6443511
	speed: 0.2932s/iter; left time: 1303.4524s
	iters: 200, epoch: 85 | loss: 0.5097573
	speed: 0.1273s/iter; left time: 553.1218s
Epoch: 85 cost time: 36.150304317474365
Epoch: 85, Steps: 284 | Train Loss: 0.5459253 Vali Loss: 0.5290125 Test Loss: 0.2354294
EarlyStopping counter: 5 out of 20
Updating learning rate to 1.7696434542799797e-08
	iters: 100, epoch: 86 | loss: 0.6359162
	speed: 0.2934s/iter; left time: 1220.8595s
	iters: 200, epoch: 86 | loss: 0.5439474
	speed: 0.1273s/iter; left time: 517.0090s
Epoch: 86 cost time: 36.14181470870972
Epoch: 86, Steps: 284 | Train Loss: 0.5458405 Vali Loss: 0.5322340 Test Loss: 0.2354221
EarlyStopping counter: 6 out of 20
Updating learning rate to 1.5926791088519817e-08
	iters: 100, epoch: 87 | loss: 0.4237602
	speed: 0.2934s/iter; left time: 1137.5209s
	iters: 200, epoch: 87 | loss: 0.6991901
	speed: 0.1273s/iter; left time: 480.8033s
Epoch: 87 cost time: 36.15172076225281
Epoch: 87, Steps: 284 | Train Loss: 0.5459168 Vali Loss: 0.5302325 Test Loss: 0.2354350
EarlyStopping counter: 7 out of 20
Updating learning rate to 1.4334111979667836e-08
	iters: 100, epoch: 88 | loss: 0.4553170
	speed: 0.2936s/iter; left time: 1054.8894s
	iters: 200, epoch: 88 | loss: 0.4591522
	speed: 0.1274s/iter; left time: 444.8418s
Epoch: 88 cost time: 36.17425537109375
Epoch: 88, Steps: 284 | Train Loss: 0.5458966 Vali Loss: 0.5310065 Test Loss: 0.2354259
EarlyStopping counter: 8 out of 20
Updating learning rate to 1.2900700781701054e-08
	iters: 100, epoch: 89 | loss: 0.5025890
	speed: 0.2936s/iter; left time: 971.5866s
	iters: 200, epoch: 89 | loss: 0.4549448
	speed: 0.1274s/iter; left time: 408.7857s
Epoch: 89 cost time: 36.179070711135864
Epoch: 89, Steps: 284 | Train Loss: 0.5458468 Vali Loss: 0.5277588 Test Loss: 0.2354336
EarlyStopping counter: 9 out of 20
Updating learning rate to 1.161063070353095e-08
	iters: 100, epoch: 90 | loss: 0.4415288
	speed: 0.2935s/iter; left time: 887.7018s
	iters: 200, epoch: 90 | loss: 0.5380870
	speed: 0.1274s/iter; left time: 372.5659s
Epoch: 90 cost time: 36.18690466880798
Epoch: 90, Steps: 284 | Train Loss: 0.5459507 Vali Loss: 0.5301123 Test Loss: 0.2354163
EarlyStopping counter: 10 out of 20
Updating learning rate to 1.0449567633177854e-08
	iters: 100, epoch: 91 | loss: 0.5361303
	speed: 0.2939s/iter; left time: 805.4661s
	iters: 200, epoch: 91 | loss: 0.4385761
	speed: 0.1275s/iter; left time: 336.6467s
Epoch: 91 cost time: 36.204020500183105
Epoch: 91, Steps: 284 | Train Loss: 0.5458771 Vali Loss: 0.5300984 Test Loss: 0.2354232
EarlyStopping counter: 11 out of 20
Updating learning rate to 9.404610869860069e-09
	iters: 100, epoch: 92 | loss: 0.6156245
	speed: 0.2939s/iter; left time: 722.0260s
	iters: 200, epoch: 92 | loss: 0.4308326
	speed: 0.1274s/iter; left time: 300.3323s
Epoch: 92 cost time: 36.19441199302673
Epoch: 92, Steps: 284 | Train Loss: 0.5459293 Vali Loss: 0.5299570 Test Loss: 0.2354255
EarlyStopping counter: 12 out of 20
Updating learning rate to 8.464149782874063e-09
	iters: 100, epoch: 93 | loss: 0.4897921
	speed: 0.2939s/iter; left time: 638.5617s
	iters: 200, epoch: 93 | loss: 0.4460497
	speed: 0.1274s/iter; left time: 264.1762s
Epoch: 93 cost time: 36.200002908706665
Epoch: 93, Steps: 284 | Train Loss: 0.5458255 Vali Loss: 0.5306340 Test Loss: 0.2354260
EarlyStopping counter: 13 out of 20
Updating learning rate to 7.617734804586658e-09
	iters: 100, epoch: 94 | loss: 0.4533491
	speed: 0.2938s/iter; left time: 554.9402s
	iters: 200, epoch: 94 | loss: 0.6017368
	speed: 0.1274s/iter; left time: 227.9842s
Epoch: 94 cost time: 36.199400424957275
Epoch: 94, Steps: 284 | Train Loss: 0.5458966 Vali Loss: 0.5296777 Test Loss: 0.2354260
EarlyStopping counter: 14 out of 20
Updating learning rate to 6.855961324127991e-09
	iters: 100, epoch: 95 | loss: 0.4444141
	speed: 0.2940s/iter; left time: 471.7904s
	iters: 200, epoch: 95 | loss: 0.8535975
	speed: 0.1275s/iter; left time: 191.9147s
Epoch: 95 cost time: 36.2191219329834
Epoch: 95, Steps: 284 | Train Loss: 0.5458716 Vali Loss: 0.5295405 Test Loss: 0.2354194
EarlyStopping counter: 15 out of 20
Updating learning rate to 6.170365191715193e-09
	iters: 100, epoch: 96 | loss: 0.4875511
	speed: 0.2942s/iter; left time: 388.6926s
	iters: 200, epoch: 96 | loss: 0.4691989
	speed: 0.1275s/iter; left time: 155.6941s
Epoch: 96 cost time: 36.21648931503296
Epoch: 96, Steps: 284 | Train Loss: 0.5458674 Vali Loss: 0.5301608 Test Loss: 0.2354373
EarlyStopping counter: 16 out of 20
Updating learning rate to 5.5533286725436726e-09
	iters: 100, epoch: 97 | loss: 0.5546998
	speed: 0.2944s/iter; left time: 305.2578s
	iters: 200, epoch: 97 | loss: 0.4368321
	speed: 0.1275s/iter; left time: 119.4907s
Epoch: 97 cost time: 36.21681070327759
Epoch: 97, Steps: 284 | Train Loss: 0.5459144 Vali Loss: 0.5311386 Test Loss: 0.2354272
EarlyStopping counter: 17 out of 20
Updating learning rate to 4.997995805289306e-09
	iters: 100, epoch: 98 | loss: 0.4619548
	speed: 0.2944s/iter; left time: 221.6643s
	iters: 200, epoch: 98 | loss: 0.4343381
	speed: 0.1275s/iter; left time: 83.2564s
Epoch: 98 cost time: 36.20866298675537
Epoch: 98, Steps: 284 | Train Loss: 0.5458646 Vali Loss: 0.5300320 Test Loss: 0.2354293
EarlyStopping counter: 18 out of 20
Updating learning rate to 4.498196224760375e-09
	iters: 100, epoch: 99 | loss: 0.4942138
	speed: 0.2943s/iter; left time: 138.0076s
	iters: 200, epoch: 99 | loss: 0.4720764
	speed: 0.1275s/iter; left time: 47.0491s
Epoch: 99 cost time: 36.21156930923462
Epoch: 99, Steps: 284 | Train Loss: 0.5458470 Vali Loss: 0.5286864 Test Loss: 0.2354307
EarlyStopping counter: 19 out of 20
Updating learning rate to 4.048376602284338e-09
	iters: 100, epoch: 100 | loss: 0.5579063
	speed: 0.2944s/iter; left time: 54.4611s
	iters: 200, epoch: 100 | loss: 0.5281359
	speed: 0.1275s/iter; left time: 10.8404s
Epoch: 100 cost time: 36.22437834739685
Epoch: 100, Steps: 284 | Train Loss: 0.5459075 Vali Loss: 0.5309297 Test Loss: 0.2354243
EarlyStopping counter: 20 out of 20
Early stopping
>>>>>>>testing : NL_weather_cms_lr0.001_always_336_192_PatchTST_custom_ftM_sl336_ll48_pl192_dm128_nh16_el3_dl1_df256_fc1_ebtimeF_dtTruelr0.001_polalways_Nested_Learning_0<<<<<<<<<<<<<<<<<<<<<<<<<<<<<<<<<
test 10348
 Ejecutando Inferencia DINÁMICA (Nested Learning con cms)
  -> Política: always | LR: 0.001 | Target: head

RESUMEN: El CMS se actualizó 80 veces de 80 posibles.

mse:0.23413608968257904, mae:0.27901649475097656, rse:0.6365753412246704
Args in experiment:
Namespace(random_seed=2021, is_training=1, model_id='NL_weather_cms_lr0.001_always_336_336', model='PatchTST', data='custom', root_path='./dataset/', data_path='weather.csv', features='M', target='OT', freq='h', checkpoints='./checkpoints/', seq_len=336, label_len=48, pred_len=336, head_type='cms', cms_lr=0.001, update_policy='always', fc_dropout=0.2, head_dropout=0.0, patch_len=16, stride=8, padding_patch='end', revin=1, affine=0, subtract_last=0, decomposition=0, kernel_size=25, individual=0, embed_type=0, enc_in=21, dec_in=7, c_out=7, d_model=128, n_heads=16, e_layers=3, d_layers=1, d_ff=256, moving_avg=25, factor=1, distil=True, dropout=0.2, embed='timeF', activation='gelu', output_attention=False, do_predict=False, num_workers=0, itr=1, train_epochs=100, batch_size=128, patience=20, learning_rate=0.0001, des='Nested_Learning', loss='mse', lradj='type3', pct_start=0.3, use_amp=False, use_gpu=True, gpu=0, use_multi_gpu=False, devices='0,1,2,3', test_flop=False)
Use GPU: cuda:0
>>>>>>>start training : NL_weather_cms_lr0.001_always_336_336_PatchTST_custom_ftM_sl336_ll48_pl336_dm128_nh16_el3_dl1_df256_fc1_ebtimeF_dtTruelr0.001_polalways_Nested_Learning_0>>>>>>>>>>>>>>>>>>>>>>>>>>
train 36216
val 4935
test 10204
	iters: 100, epoch: 1 | loss: 0.8740338
	speed: 0.1953s/iter; left time: 5487.8417s
	iters: 200, epoch: 1 | loss: 0.6780472
	speed: 0.1281s/iter; left time: 3586.4465s
Epoch: 1 cost time: 36.40416145324707
Epoch: 1, Steps: 282 | Train Loss: 0.7712859 Vali Loss: 0.7535701 Test Loss: 0.3234365
Validation loss decreased (inf --> 0.753570).  Saving model ...
Updating learning rate to 0.0001
	iters: 100, epoch: 2 | loss: 0.6413537
	speed: 0.3000s/iter; left time: 8345.0679s
	iters: 200, epoch: 2 | loss: 0.6410370
	speed: 0.1283s/iter; left time: 3555.1126s
Epoch: 2 cost time: 36.174851417541504
Epoch: 2, Steps: 282 | Train Loss: 0.7582087 Vali Loss: 0.7372511 Test Loss: 0.3186308
Validation loss decreased (0.753570 --> 0.737251).  Saving model ...
Updating learning rate to 0.0001
	iters: 100, epoch: 3 | loss: 0.9038645
	speed: 0.2977s/iter; left time: 8198.1471s
	iters: 200, epoch: 3 | loss: 0.7278942
	speed: 0.1283s/iter; left time: 3520.4658s
Epoch: 3 cost time: 36.191059827804565
Epoch: 3, Steps: 282 | Train Loss: 0.7386597 Vali Loss: 0.7223105 Test Loss: 0.3150874
Validation loss decreased (0.737251 --> 0.722311).  Saving model ...
Updating learning rate to 0.0001
	iters: 100, epoch: 4 | loss: 0.6715759
	speed: 0.2970s/iter; left time: 8094.6076s
	iters: 200, epoch: 4 | loss: 0.6746550
	speed: 0.1283s/iter; left time: 3483.4826s
Epoch: 4 cost time: 36.186965227127075
Epoch: 4, Steps: 282 | Train Loss: 0.7240812 Vali Loss: 0.7137987 Test Loss: 0.3120842
Validation loss decreased (0.722311 --> 0.713799).  Saving model ...
Updating learning rate to 9e-05
	iters: 100, epoch: 5 | loss: 0.7198508
	speed: 0.2981s/iter; left time: 8041.7810s
	iters: 200, epoch: 5 | loss: 0.6794372
	speed: 0.1283s/iter; left time: 3448.8413s
Epoch: 5 cost time: 36.18014717102051
Epoch: 5, Steps: 282 | Train Loss: 0.7102879 Vali Loss: 0.7035013 Test Loss: 0.3094829
Validation loss decreased (0.713799 --> 0.703501).  Saving model ...
Updating learning rate to 8.1e-05
	iters: 100, epoch: 6 | loss: 0.6550003
	speed: 0.2966s/iter; left time: 7917.1855s
	iters: 200, epoch: 6 | loss: 0.6826877
	speed: 0.1283s/iter; left time: 3412.2277s
Epoch: 6 cost time: 36.173516035079956
Epoch: 6, Steps: 282 | Train Loss: 0.7005946 Vali Loss: 0.6964518 Test Loss: 0.3072267
Validation loss decreased (0.703501 --> 0.696452).  Saving model ...
Updating learning rate to 7.290000000000001e-05
	iters: 100, epoch: 7 | loss: 0.6268625
	speed: 0.2975s/iter; left time: 7855.4889s
	iters: 200, epoch: 7 | loss: 0.6027457
	speed: 0.1283s/iter; left time: 3375.6221s
Epoch: 7 cost time: 36.17127752304077
Epoch: 7, Steps: 282 | Train Loss: 0.6923657 Vali Loss: 0.6913652 Test Loss: 0.3052831
Validation loss decreased (0.696452 --> 0.691365).  Saving model ...
Updating learning rate to 6.561e-05
	iters: 100, epoch: 8 | loss: 0.6622774
	speed: 0.2973s/iter; left time: 7766.8946s
	iters: 200, epoch: 8 | loss: 0.7013002
	speed: 0.1284s/iter; left time: 3340.9547s
Epoch: 8 cost time: 36.1809983253479
Epoch: 8, Steps: 282 | Train Loss: 0.6852088 Vali Loss: 0.6839967 Test Loss: 0.3035779
Validation loss decreased (0.691365 --> 0.683997).  Saving model ...
Updating learning rate to 5.904900000000001e-05
	iters: 100, epoch: 9 | loss: 0.6233189
	speed: 0.2978s/iter; left time: 7696.7732s
	iters: 200, epoch: 9 | loss: 0.7775642
	speed: 0.1283s/iter; left time: 3303.3879s
Epoch: 9 cost time: 36.171339988708496
Epoch: 9, Steps: 282 | Train Loss: 0.6797414 Vali Loss: 0.6810385 Test Loss: 0.3020715
Validation loss decreased (0.683997 --> 0.681038).  Saving model ...
Updating learning rate to 5.3144100000000005e-05
	iters: 100, epoch: 10 | loss: 0.6472657
	speed: 0.2976s/iter; left time: 7608.7781s
	iters: 200, epoch: 10 | loss: 0.5848090
	speed: 0.1284s/iter; left time: 3268.2712s
Epoch: 10 cost time: 36.1784234046936
Epoch: 10, Steps: 282 | Train Loss: 0.6745063 Vali Loss: 0.6767564 Test Loss: 0.3007608
Validation loss decreased (0.681038 --> 0.676756).  Saving model ...
Updating learning rate to 4.782969000000001e-05
	iters: 100, epoch: 11 | loss: 0.6664801
	speed: 0.2975s/iter; left time: 7521.9199s
	iters: 200, epoch: 11 | loss: 0.6625676
	speed: 0.1283s/iter; left time: 3231.1760s
Epoch: 11 cost time: 36.17477774620056
Epoch: 11, Steps: 282 | Train Loss: 0.6701788 Vali Loss: 0.6752383 Test Loss: 0.2996034
Validation loss decreased (0.676756 --> 0.675238).  Saving model ...
Updating learning rate to 4.304672100000001e-05
	iters: 100, epoch: 12 | loss: 0.6479710
	speed: 0.2969s/iter; left time: 7421.8937s
	iters: 200, epoch: 12 | loss: 0.6266950
	speed: 0.1283s/iter; left time: 3195.2992s
Epoch: 12 cost time: 36.171650886535645
Epoch: 12, Steps: 282 | Train Loss: 0.6660407 Vali Loss: 0.6711548 Test Loss: 0.2985478
Validation loss decreased (0.675238 --> 0.671155).  Saving model ...
Updating learning rate to 3.874204890000001e-05
	iters: 100, epoch: 13 | loss: 0.8021377
	speed: 0.2971s/iter; left time: 7344.6389s
	iters: 200, epoch: 13 | loss: 0.7075384
	speed: 0.1283s/iter; left time: 3158.4492s
Epoch: 13 cost time: 36.16232633590698
Epoch: 13, Steps: 282 | Train Loss: 0.6630256 Vali Loss: 0.6663092 Test Loss: 0.2976087
Validation loss decreased (0.671155 --> 0.666309).  Saving model ...
Updating learning rate to 3.486784401000001e-05
	iters: 100, epoch: 14 | loss: 0.6477634
	speed: 0.2965s/iter; left time: 7244.6382s
	iters: 200, epoch: 14 | loss: 0.6575838
	speed: 0.1283s/iter; left time: 3121.3852s
Epoch: 14 cost time: 36.15828204154968
Epoch: 14, Steps: 282 | Train Loss: 0.6601138 Vali Loss: 0.6662605 Test Loss: 0.2967679
Validation loss decreased (0.666309 --> 0.666261).  Saving model ...
Updating learning rate to 3.138105960900001e-05
	iters: 100, epoch: 15 | loss: 0.5494598
	speed: 0.2971s/iter; left time: 7175.1696s
	iters: 200, epoch: 15 | loss: 0.7673786
	speed: 0.1283s/iter; left time: 3086.5173s
Epoch: 15 cost time: 36.17324876785278
Epoch: 15, Steps: 282 | Train Loss: 0.6574617 Vali Loss: 0.6629511 Test Loss: 0.2959838
Validation loss decreased (0.666261 --> 0.662951).  Saving model ...
Updating learning rate to 2.824295364810001e-05
	iters: 100, epoch: 16 | loss: 0.6816151
	speed: 0.2967s/iter; left time: 7081.7985s
	iters: 200, epoch: 16 | loss: 0.7170838
	speed: 0.1283s/iter; left time: 3049.2420s
Epoch: 16 cost time: 36.15523886680603
Epoch: 16, Steps: 282 | Train Loss: 0.6547228 Vali Loss: 0.6620987 Test Loss: 0.2952978
Validation loss decreased (0.662951 --> 0.662099).  Saving model ...
Updating learning rate to 2.541865828329001e-05
	iters: 100, epoch: 17 | loss: 0.8349438
	speed: 0.2970s/iter; left time: 7004.8247s
	iters: 200, epoch: 17 | loss: 0.6968265
	speed: 0.1283s/iter; left time: 3014.2116s
Epoch: 17 cost time: 36.16331648826599
Epoch: 17, Steps: 282 | Train Loss: 0.6526999 Vali Loss: 0.6581060 Test Loss: 0.2946628
Validation loss decreased (0.662099 --> 0.658106).  Saving model ...
Updating learning rate to 2.287679245496101e-05
	iters: 100, epoch: 18 | loss: 0.5908064
	speed: 0.2982s/iter; left time: 6951.1259s
	iters: 200, epoch: 18 | loss: 0.5553580
	speed: 0.1283s/iter; left time: 2977.6820s
Epoch: 18 cost time: 36.16700768470764
Epoch: 18, Steps: 282 | Train Loss: 0.6498763 Vali Loss: 0.6577807 Test Loss: 0.2941082
Validation loss decreased (0.658106 --> 0.657781).  Saving model ...
Updating learning rate to 2.0589113209464907e-05
	iters: 100, epoch: 19 | loss: 0.5611944
	speed: 0.2994s/iter; left time: 6893.6800s
	iters: 200, epoch: 19 | loss: 0.6614047
	speed: 0.1284s/iter; left time: 2942.5506s
Epoch: 19 cost time: 36.17568254470825
Epoch: 19, Steps: 282 | Train Loss: 0.6490818 Vali Loss: 0.6575309 Test Loss: 0.2935899
Validation loss decreased (0.657781 --> 0.657531).  Saving model ...
Updating learning rate to 1.8530201888518416e-05
	iters: 100, epoch: 20 | loss: 0.5798252
	speed: 0.2972s/iter; left time: 6760.2500s
	iters: 200, epoch: 20 | loss: 0.6188320
	speed: 0.1283s/iter; left time: 2904.9342s
Epoch: 20 cost time: 36.1656596660614
Epoch: 20, Steps: 282 | Train Loss: 0.6475249 Vali Loss: 0.6539341 Test Loss: 0.2931243
Validation loss decreased (0.657531 --> 0.653934).  Saving model ...
Updating learning rate to 1.6677181699666577e-05
	iters: 100, epoch: 21 | loss: 0.6177940
	speed: 0.2979s/iter; left time: 6691.3787s
	iters: 200, epoch: 21 | loss: 0.5949728
	speed: 0.1283s/iter; left time: 2869.5407s
Epoch: 21 cost time: 36.16356158256531
Epoch: 21, Steps: 282 | Train Loss: 0.6460365 Vali Loss: 0.6525375 Test Loss: 0.2927043
Validation loss decreased (0.653934 --> 0.652538).  Saving model ...
Updating learning rate to 1.5009463529699919e-05
	iters: 100, epoch: 22 | loss: 0.7088618
	speed: 0.2974s/iter; left time: 6595.5546s
	iters: 200, epoch: 22 | loss: 0.5878767
	speed: 0.1283s/iter; left time: 2832.6975s
Epoch: 22 cost time: 36.183833360672
Epoch: 22, Steps: 282 | Train Loss: 0.6446553 Vali Loss: 0.6507221 Test Loss: 0.2923438
Validation loss decreased (0.652538 --> 0.650722).  Saving model ...
Updating learning rate to 1.3508517176729929e-05
	iters: 100, epoch: 23 | loss: 0.5748571
	speed: 0.2977s/iter; left time: 6519.6996s
	iters: 200, epoch: 23 | loss: 0.5606191
	speed: 0.1284s/iter; left time: 2798.5888s
Epoch: 23 cost time: 36.2030348777771
Epoch: 23, Steps: 282 | Train Loss: 0.6437746 Vali Loss: 0.6510774 Test Loss: 0.2919872
EarlyStopping counter: 1 out of 20
Updating learning rate to 1.2157665459056936e-05
	iters: 100, epoch: 24 | loss: 0.6511763
	speed: 0.2965s/iter; left time: 6408.0527s
	iters: 200, epoch: 24 | loss: 0.6073760
	speed: 0.1282s/iter; left time: 2759.0240s
Epoch: 24 cost time: 36.18860125541687
Epoch: 24, Steps: 282 | Train Loss: 0.6425243 Vali Loss: 0.6502159 Test Loss: 0.2916580
Validation loss decreased (0.650722 --> 0.650216).  Saving model ...
Updating learning rate to 1.0941898913151242e-05
	iters: 100, epoch: 25 | loss: 0.5999889
	speed: 0.2970s/iter; left time: 6334.9874s
	iters: 200, epoch: 25 | loss: 0.6374312
	speed: 0.1282s/iter; left time: 2721.7335s
Epoch: 25 cost time: 36.18260073661804
Epoch: 25, Steps: 282 | Train Loss: 0.6415019 Vali Loss: 0.6494629 Test Loss: 0.2913805
Validation loss decreased (0.650216 --> 0.649463).  Saving model ...
Updating learning rate to 9.847709021836118e-06
	iters: 100, epoch: 26 | loss: 0.5573357
	speed: 0.2978s/iter; left time: 6268.1663s
	iters: 200, epoch: 26 | loss: 0.7644222
	speed: 0.1282s/iter; left time: 2686.5549s
Epoch: 26 cost time: 36.18479371070862
Epoch: 26, Steps: 282 | Train Loss: 0.6409370 Vali Loss: 0.6470409 Test Loss: 0.2911270
Validation loss decreased (0.649463 --> 0.647041).  Saving model ...
Updating learning rate to 8.862938119652508e-06
	iters: 100, epoch: 27 | loss: 0.6247576
	speed: 0.2980s/iter; left time: 6189.1707s
	iters: 200, epoch: 27 | loss: 0.5359736
	speed: 0.1282s/iter; left time: 2650.2828s
Epoch: 27 cost time: 36.174811363220215
Epoch: 27, Steps: 282 | Train Loss: 0.6399358 Vali Loss: 0.6471451 Test Loss: 0.2909057
EarlyStopping counter: 1 out of 20
Updating learning rate to 7.976644307687255e-06
	iters: 100, epoch: 28 | loss: 0.7369490
	speed: 0.2963s/iter; left time: 6071.0724s
	iters: 200, epoch: 28 | loss: 0.6405725
	speed: 0.1282s/iter; left time: 2613.5756s
Epoch: 28 cost time: 36.173479080200195
Epoch: 28, Steps: 282 | Train Loss: 0.6394849 Vali Loss: 0.6491441 Test Loss: 0.2907004
EarlyStopping counter: 2 out of 20
Updating learning rate to 7.178979876918531e-06
	iters: 100, epoch: 29 | loss: 0.5901630
	speed: 0.2963s/iter; left time: 5986.9209s
	iters: 200, epoch: 29 | loss: 0.6621105
	speed: 0.1283s/iter; left time: 2578.4885s
Epoch: 29 cost time: 36.18536925315857
Epoch: 29, Steps: 282 | Train Loss: 0.6383895 Vali Loss: 0.6468166 Test Loss: 0.2905212
Validation loss decreased (0.647041 --> 0.646817).  Saving model ...
Updating learning rate to 6.4610818892266776e-06
	iters: 100, epoch: 30 | loss: 0.6583972
	speed: 0.2974s/iter; left time: 5924.1192s
	iters: 200, epoch: 30 | loss: 0.7200536
	speed: 0.1283s/iter; left time: 2543.0837s
Epoch: 30 cost time: 36.186161041259766
Epoch: 30, Steps: 282 | Train Loss: 0.6380843 Vali Loss: 0.6467772 Test Loss: 0.2903589
Validation loss decreased (0.646817 --> 0.646777).  Saving model ...
Updating learning rate to 5.8149737003040096e-06
	iters: 100, epoch: 31 | loss: 0.6523286
	speed: 0.2951s/iter; left time: 5795.5259s
	iters: 200, epoch: 31 | loss: 0.6426660
	speed: 0.1279s/iter; left time: 2500.0553s
Epoch: 31 cost time: 36.08182096481323
Epoch: 31, Steps: 282 | Train Loss: 0.6378966 Vali Loss: 0.6455303 Test Loss: 0.2902091
Validation loss decreased (0.646777 --> 0.645530).  Saving model ...
Updating learning rate to 5.23347633027361e-06
	iters: 100, epoch: 32 | loss: 0.6064892
	speed: 0.2947s/iter; left time: 5705.9772s
	iters: 200, epoch: 32 | loss: 0.6271086
	speed: 0.1280s/iter; left time: 2464.4708s
Epoch: 32 cost time: 36.084502935409546
Epoch: 32, Steps: 282 | Train Loss: 0.6369979 Vali Loss: 0.6446115 Test Loss: 0.2900731
Validation loss decreased (0.645530 --> 0.644612).  Saving model ...
Updating learning rate to 4.710128697246249e-06
	iters: 100, epoch: 33 | loss: 0.5677989
	speed: 0.2953s/iter; left time: 5632.4939s
	iters: 200, epoch: 33 | loss: 0.7407425
	speed: 0.1280s/iter; left time: 2429.1874s
Epoch: 33 cost time: 36.09304761886597
Epoch: 33, Steps: 282 | Train Loss: 0.6367053 Vali Loss: 0.6457252 Test Loss: 0.2899519
EarlyStopping counter: 1 out of 20
Updating learning rate to 4.239115827521624e-06
	iters: 100, epoch: 34 | loss: 0.6876518
	speed: 0.2940s/iter; left time: 5526.4617s
	iters: 200, epoch: 34 | loss: 0.5729892
	speed: 0.1280s/iter; left time: 2392.9684s
Epoch: 34 cost time: 36.0854058265686
Epoch: 34, Steps: 282 | Train Loss: 0.6356300 Vali Loss: 0.6443775 Test Loss: 0.2898426
Validation loss decreased (0.644612 --> 0.644378).  Saving model ...
Updating learning rate to 3.815204244769462e-06
	iters: 100, epoch: 35 | loss: 0.6419750
	speed: 0.2960s/iter; left time: 5479.1149s
	iters: 200, epoch: 35 | loss: 0.6485985
	speed: 0.1280s/iter; left time: 2357.5397s
Epoch: 35 cost time: 36.11407971382141
Epoch: 35, Steps: 282 | Train Loss: 0.6364329 Vali Loss: 0.6438869 Test Loss: 0.2897455
Validation loss decreased (0.644378 --> 0.643887).  Saving model ...
Updating learning rate to 3.4336838202925152e-06
	iters: 100, epoch: 36 | loss: 0.5982656
	speed: 0.2956s/iter; left time: 5389.5765s
	iters: 200, epoch: 36 | loss: 0.6158340
	speed: 0.1281s/iter; left time: 2322.4334s
Epoch: 36 cost time: 36.09649658203125
Epoch: 36, Steps: 282 | Train Loss: 0.6353622 Vali Loss: 0.6422212 Test Loss: 0.2896569
Validation loss decreased (0.643887 --> 0.642221).  Saving model ...
Updating learning rate to 3.090315438263264e-06
	iters: 100, epoch: 37 | loss: 0.6773385
	speed: 0.2945s/iter; left time: 5286.5553s
	iters: 200, epoch: 37 | loss: 0.6238047
	speed: 0.1280s/iter; left time: 2284.6732s
Epoch: 37 cost time: 36.087262868881226
Epoch: 37, Steps: 282 | Train Loss: 0.6354363 Vali Loss: 0.6441824 Test Loss: 0.2895751
EarlyStopping counter: 1 out of 20
Updating learning rate to 2.7812838944369375e-06
	iters: 100, epoch: 38 | loss: 0.5336254
	speed: 0.2939s/iter; left time: 5192.1487s
	iters: 200, epoch: 38 | loss: 0.6787978
	speed: 0.1280s/iter; left time: 2248.5192s
Epoch: 38 cost time: 36.078603744506836
Epoch: 38, Steps: 282 | Train Loss: 0.6349552 Vali Loss: 0.6428122 Test Loss: 0.2895063
EarlyStopping counter: 2 out of 20
Updating learning rate to 2.503155504993244e-06
	iters: 100, epoch: 39 | loss: 0.6174505
	speed: 0.2941s/iter; left time: 5112.6982s
	iters: 200, epoch: 39 | loss: 0.6695483
	speed: 0.1280s/iter; left time: 2212.9915s
Epoch: 39 cost time: 36.082969427108765
Epoch: 39, Steps: 282 | Train Loss: 0.6348248 Vali Loss: 0.6424320 Test Loss: 0.2894371
EarlyStopping counter: 3 out of 20
Updating learning rate to 2.2528399544939195e-06
	iters: 100, epoch: 40 | loss: 0.6169069
	speed: 0.2941s/iter; left time: 5030.2402s
	iters: 200, epoch: 40 | loss: 0.5258318
	speed: 0.1281s/iter; left time: 2177.4416s
Epoch: 40 cost time: 36.09195280075073
Epoch: 40, Steps: 282 | Train Loss: 0.6352465 Vali Loss: 0.6428944 Test Loss: 0.2893794
EarlyStopping counter: 4 out of 20
Updating learning rate to 2.0275559590445276e-06
	iters: 100, epoch: 41 | loss: 0.6529119
	speed: 0.2938s/iter; left time: 4941.4772s
	iters: 200, epoch: 41 | loss: 0.8454029
	speed: 0.1280s/iter; left time: 2140.4603s
Epoch: 41 cost time: 36.09232020378113
Epoch: 41, Steps: 282 | Train Loss: 0.6347037 Vali Loss: 0.6431929 Test Loss: 0.2893279
EarlyStopping counter: 5 out of 20
Updating learning rate to 1.8248003631400751e-06
	iters: 100, epoch: 42 | loss: 0.6250832
	speed: 0.2941s/iter; left time: 4864.5080s
	iters: 200, epoch: 42 | loss: 0.7361284
	speed: 0.1280s/iter; left time: 2103.7747s
Epoch: 42 cost time: 36.081167697906494
Epoch: 42, Steps: 282 | Train Loss: 0.6347137 Vali Loss: 0.6429346 Test Loss: 0.2892796
EarlyStopping counter: 6 out of 20
Updating learning rate to 1.6423203268260676e-06
	iters: 100, epoch: 43 | loss: 0.7401677
	speed: 0.2941s/iter; left time: 4781.5489s
	iters: 200, epoch: 43 | loss: 0.5402693
	speed: 0.1280s/iter; left time: 2067.4896s
Epoch: 43 cost time: 36.08525848388672
Epoch: 43, Steps: 282 | Train Loss: 0.6343160 Vali Loss: 0.6433919 Test Loss: 0.2892391
EarlyStopping counter: 7 out of 20
Updating learning rate to 1.4780882941434609e-06
	iters: 100, epoch: 44 | loss: 0.7364187
	speed: 0.2938s/iter; left time: 4693.7537s
	iters: 200, epoch: 44 | loss: 0.5897439
	speed: 0.1279s/iter; left time: 2030.8995s
Epoch: 44 cost time: 36.082876682281494
Epoch: 44, Steps: 282 | Train Loss: 0.6345208 Vali Loss: 0.6427709 Test Loss: 0.2891960
EarlyStopping counter: 8 out of 20
Updating learning rate to 1.3302794647291146e-06
	iters: 100, epoch: 45 | loss: 0.5281681
	speed: 0.2941s/iter; left time: 4615.9651s
	iters: 200, epoch: 45 | loss: 0.7427824
	speed: 0.1279s/iter; left time: 1994.6738s
Epoch: 45 cost time: 36.08908200263977
Epoch: 45, Steps: 282 | Train Loss: 0.6340220 Vali Loss: 0.6432362 Test Loss: 0.2891679
EarlyStopping counter: 9 out of 20
Updating learning rate to 1.1972515182562034e-06
	iters: 100, epoch: 46 | loss: 0.7302399
	speed: 0.2942s/iter; left time: 4534.3640s
	iters: 200, epoch: 46 | loss: 0.6639391
	speed: 0.1279s/iter; left time: 1958.6725s
Epoch: 46 cost time: 36.08218812942505
Epoch: 46, Steps: 282 | Train Loss: 0.6342584 Vali Loss: 0.6429834 Test Loss: 0.2891329
EarlyStopping counter: 10 out of 20
Updating learning rate to 1.077526366430583e-06
	iters: 100, epoch: 47 | loss: 0.6122336
	speed: 0.2938s/iter; left time: 4445.6421s
	iters: 200, epoch: 47 | loss: 0.7182388
	speed: 0.1279s/iter; left time: 1922.8882s
Epoch: 47 cost time: 36.08734703063965
Epoch: 47, Steps: 282 | Train Loss: 0.6344187 Vali Loss: 0.6426730 Test Loss: 0.2891083
EarlyStopping counter: 11 out of 20
Updating learning rate to 9.697737297875248e-07
	iters: 100, epoch: 48 | loss: 0.5389640
	speed: 0.2940s/iter; left time: 4365.6384s
	iters: 200, epoch: 48 | loss: 0.7040195
	speed: 0.1279s/iter; left time: 1885.7019s
Epoch: 48 cost time: 36.071905851364136
Epoch: 48, Steps: 282 | Train Loss: 0.6341901 Vali Loss: 0.6418012 Test Loss: 0.2890804
Validation loss decreased (0.642221 --> 0.641801).  Saving model ...
Updating learning rate to 8.727963568087723e-07
	iters: 100, epoch: 49 | loss: 0.7644297
	speed: 0.2953s/iter; left time: 4300.8996s
	iters: 200, epoch: 49 | loss: 0.5401690
	speed: 0.1279s/iter; left time: 1849.7784s
Epoch: 49 cost time: 36.084036111831665
Epoch: 49, Steps: 282 | Train Loss: 0.6337045 Vali Loss: 0.6429909 Test Loss: 0.2890602
EarlyStopping counter: 1 out of 20
Updating learning rate to 7.855167211278951e-07
	iters: 100, epoch: 50 | loss: 0.6542560
	speed: 0.2945s/iter; left time: 4206.7804s
	iters: 200, epoch: 50 | loss: 0.6645715
	speed: 0.1280s/iter; left time: 1814.7414s
Epoch: 50 cost time: 36.092686891555786
Epoch: 50, Steps: 282 | Train Loss: 0.6337653 Vali Loss: 0.6428577 Test Loss: 0.2890376
EarlyStopping counter: 2 out of 20
Updating learning rate to 7.069650490151056e-07
	iters: 100, epoch: 51 | loss: 0.6734098
	speed: 0.2945s/iter; left time: 4123.0607s
	iters: 200, epoch: 51 | loss: 0.5861124
	speed: 0.1279s/iter; left time: 1778.1048s
Epoch: 51 cost time: 36.08098316192627
Epoch: 51, Steps: 282 | Train Loss: 0.6334971 Vali Loss: 0.6428890 Test Loss: 0.2890195
EarlyStopping counter: 3 out of 20
Updating learning rate to 6.36268544113595e-07
	iters: 100, epoch: 52 | loss: 0.6254177
	speed: 0.2943s/iter; left time: 4037.4227s
	iters: 200, epoch: 52 | loss: 0.6285864
	speed: 0.1278s/iter; left time: 1740.3803s
Epoch: 52 cost time: 36.06509041786194
Epoch: 52, Steps: 282 | Train Loss: 0.6330286 Vali Loss: 0.6411950 Test Loss: 0.2889999
Validation loss decreased (0.641801 --> 0.641195).  Saving model ...
Updating learning rate to 5.726416897022355e-07
	iters: 100, epoch: 53 | loss: 0.5259830
	speed: 0.2957s/iter; left time: 3972.7159s
	iters: 200, epoch: 53 | loss: 0.6297258
	speed: 0.1279s/iter; left time: 1706.4138s
Epoch: 53 cost time: 36.06876182556152
Epoch: 53, Steps: 282 | Train Loss: 0.6329904 Vali Loss: 0.6417441 Test Loss: 0.2889848
EarlyStopping counter: 1 out of 20
Updating learning rate to 5.15377520732012e-07
	iters: 100, epoch: 54 | loss: 0.6117463
	speed: 0.2951s/iter; left time: 3881.5806s
	iters: 200, epoch: 54 | loss: 0.6809967
	speed: 0.1279s/iter; left time: 1670.2756s
Epoch: 54 cost time: 36.07932639122009
Epoch: 54, Steps: 282 | Train Loss: 0.6335861 Vali Loss: 0.6433011 Test Loss: 0.2889710
EarlyStopping counter: 2 out of 20
Updating learning rate to 4.6383976865881085e-07
	iters: 100, epoch: 55 | loss: 0.6051004
	speed: 0.2944s/iter; left time: 3790.0633s
	iters: 200, epoch: 55 | loss: 0.6005000
	speed: 0.1279s/iter; left time: 1633.5302s
Epoch: 55 cost time: 36.069231271743774
Epoch: 55, Steps: 282 | Train Loss: 0.6335341 Vali Loss: 0.6423032 Test Loss: 0.2889614
EarlyStopping counter: 3 out of 20
Updating learning rate to 4.174557917929298e-07
	iters: 100, epoch: 56 | loss: 0.6205384
	speed: 0.2946s/iter; left time: 3709.3850s
	iters: 200, epoch: 56 | loss: 0.6104786
	speed: 0.1279s/iter; left time: 1598.0694s
Epoch: 56 cost time: 36.0796160697937
Epoch: 56, Steps: 282 | Train Loss: 0.6333394 Vali Loss: 0.6417951 Test Loss: 0.2889510
EarlyStopping counter: 4 out of 20
Updating learning rate to 3.7571021261363677e-07
	iters: 100, epoch: 57 | loss: 0.6198115
	speed: 0.2947s/iter; left time: 3626.9039s
	iters: 200, epoch: 57 | loss: 0.7312545
	speed: 0.1279s/iter; left time: 1561.8308s
Epoch: 57 cost time: 36.08170413970947
Epoch: 57, Steps: 282 | Train Loss: 0.6332624 Vali Loss: 0.6434054 Test Loss: 0.2889460
EarlyStopping counter: 5 out of 20
Updating learning rate to 3.381391913522731e-07
	iters: 100, epoch: 58 | loss: 0.8126976
	speed: 0.2944s/iter; left time: 3541.0323s
	iters: 200, epoch: 58 | loss: 0.7760555
	speed: 0.1280s/iter; left time: 1526.1162s
Epoch: 58 cost time: 36.09265422821045
Epoch: 58, Steps: 282 | Train Loss: 0.6333245 Vali Loss: 0.6431574 Test Loss: 0.2889321
EarlyStopping counter: 6 out of 20
Updating learning rate to 3.043252722170458e-07
	iters: 100, epoch: 59 | loss: 0.5027623
	speed: 0.2941s/iter; left time: 3454.1687s
	iters: 200, epoch: 59 | loss: 0.5175639
	speed: 0.1280s/iter; left time: 1490.4441s
Epoch: 59 cost time: 36.10645771026611
Epoch: 59, Steps: 282 | Train Loss: 0.6330165 Vali Loss: 0.6424540 Test Loss: 0.2889263
EarlyStopping counter: 7 out of 20
Updating learning rate to 2.7389274499534124e-07
	iters: 100, epoch: 60 | loss: 0.5315386
	speed: 0.2944s/iter; left time: 3374.5535s
	iters: 200, epoch: 60 | loss: 0.5566677
	speed: 0.1280s/iter; left time: 1454.6703s
Epoch: 60 cost time: 36.11649823188782
Epoch: 60, Steps: 282 | Train Loss: 0.6336284 Vali Loss: 0.6421861 Test Loss: 0.2889171
EarlyStopping counter: 8 out of 20
Updating learning rate to 2.465034704958071e-07
	iters: 100, epoch: 61 | loss: 0.6522927
	speed: 0.2945s/iter; left time: 3293.2375s
	iters: 200, epoch: 61 | loss: 0.6491284
	speed: 0.1280s/iter; left time: 1418.9005s
Epoch: 61 cost time: 36.1203989982605
Epoch: 61, Steps: 282 | Train Loss: 0.6333358 Vali Loss: 0.6417267 Test Loss: 0.2889133
EarlyStopping counter: 9 out of 20
Updating learning rate to 2.218531234462264e-07
	iters: 100, epoch: 62 | loss: 0.5307639
	speed: 0.2944s/iter; left time: 3208.7618s
	iters: 200, epoch: 62 | loss: 0.6078799
	speed: 0.1280s/iter; left time: 1382.6472s
Epoch: 62 cost time: 36.1164870262146
Epoch: 62, Steps: 282 | Train Loss: 0.6334013 Vali Loss: 0.6415813 Test Loss: 0.2889081
EarlyStopping counter: 10 out of 20
Updating learning rate to 1.9966781110160376e-07
	iters: 100, epoch: 63 | loss: 0.7728245
	speed: 0.2941s/iter; left time: 3122.2239s
	iters: 200, epoch: 63 | loss: 0.5519969
	speed: 0.1281s/iter; left time: 1346.9719s
Epoch: 63 cost time: 36.1229612827301
Epoch: 63, Steps: 282 | Train Loss: 0.6331446 Vali Loss: 0.6421239 Test Loss: 0.2889040
EarlyStopping counter: 11 out of 20
Updating learning rate to 1.797010299914434e-07
	iters: 100, epoch: 64 | loss: 0.6512018
	speed: 0.2945s/iter; left time: 3043.4450s
	iters: 200, epoch: 64 | loss: 0.6271934
	speed: 0.1281s/iter; left time: 1310.7461s
Epoch: 64 cost time: 36.12433695793152
Epoch: 64, Steps: 282 | Train Loss: 0.6333470 Vali Loss: 0.6408500 Test Loss: 0.2888988
Validation loss decreased (0.641195 --> 0.640850).  Saving model ...
Updating learning rate to 1.6173092699229907e-07
	iters: 100, epoch: 65 | loss: 0.7227126
	speed: 0.2951s/iter; left time: 2966.8857s
	iters: 200, epoch: 65 | loss: 0.5267339
	speed: 0.1281s/iter; left time: 1274.7575s
Epoch: 65 cost time: 36.124399185180664
Epoch: 65, Steps: 282 | Train Loss: 0.6333034 Vali Loss: 0.6414825 Test Loss: 0.2888938
EarlyStopping counter: 1 out of 20
Updating learning rate to 1.4555783429306916e-07
	iters: 100, epoch: 66 | loss: 0.5957723
	speed: 0.2945s/iter; left time: 2877.3143s
	iters: 200, epoch: 66 | loss: 0.5867146
	speed: 0.1281s/iter; left time: 1239.1130s
Epoch: 66 cost time: 36.12358212471008
Epoch: 66, Steps: 282 | Train Loss: 0.6333834 Vali Loss: 0.6388475 Test Loss: 0.2888881
Validation loss decreased (0.640850 --> 0.638848).  Saving model ...
Updating learning rate to 1.3100205086376224e-07
	iters: 100, epoch: 67 | loss: 0.7246032
	speed: 0.2956s/iter; left time: 2804.5559s
	iters: 200, epoch: 67 | loss: 0.6327865
	speed: 0.1282s/iter; left time: 1203.4534s
Epoch: 67 cost time: 36.134687662124634
Epoch: 67, Steps: 282 | Train Loss: 0.6336229 Vali Loss: 0.6409478 Test Loss: 0.2888862
EarlyStopping counter: 1 out of 20
Updating learning rate to 1.1790184577738603e-07
	iters: 100, epoch: 68 | loss: 0.5906249
	speed: 0.2941s/iter; left time: 2707.8090s
	iters: 200, epoch: 68 | loss: 0.6860608
	speed: 0.1282s/iter; left time: 1167.0827s
Epoch: 68 cost time: 36.129594802856445
Epoch: 68, Steps: 282 | Train Loss: 0.6332825 Vali Loss: 0.6420651 Test Loss: 0.2888818
EarlyStopping counter: 2 out of 20
Updating learning rate to 1.0611166119964742e-07
	iters: 100, epoch: 69 | loss: 0.7235301
	speed: 0.2945s/iter; left time: 2628.7698s
	iters: 200, epoch: 69 | loss: 0.5389036
	speed: 0.1282s/iter; left time: 1131.4715s
Epoch: 69 cost time: 36.14591360092163
Epoch: 69, Steps: 282 | Train Loss: 0.6333060 Vali Loss: 0.6411506 Test Loss: 0.2888824
EarlyStopping counter: 3 out of 20
Updating learning rate to 9.550049507968268e-08
	iters: 100, epoch: 70 | loss: 0.7985086
	speed: 0.2946s/iter; left time: 2546.3989s
	iters: 200, epoch: 70 | loss: 0.7636647
	speed: 0.1283s/iter; left time: 1095.6879s
Epoch: 70 cost time: 36.153727531433105
Epoch: 70, Steps: 282 | Train Loss: 0.6325163 Vali Loss: 0.6423521 Test Loss: 0.2888802
EarlyStopping counter: 4 out of 20
Updating learning rate to 8.595044557171442e-08
	iters: 100, epoch: 71 | loss: 0.6590100
	speed: 0.2945s/iter; left time: 2462.1973s
	iters: 200, epoch: 71 | loss: 0.5674737
	speed: 0.1282s/iter; left time: 1058.9951s
Epoch: 71 cost time: 36.13966655731201
Epoch: 71, Steps: 282 | Train Loss: 0.6329919 Vali Loss: 0.6425956 Test Loss: 0.2888800
EarlyStopping counter: 5 out of 20
Updating learning rate to 7.735540101454298e-08
	iters: 100, epoch: 72 | loss: 0.5224455
	speed: 0.2943s/iter; left time: 2377.3839s
	iters: 200, epoch: 72 | loss: 0.6507150
	speed: 0.1282s/iter; left time: 1023.0085s
Epoch: 72 cost time: 36.135668992996216
Epoch: 72, Steps: 282 | Train Loss: 0.6325121 Vali Loss: 0.6438912 Test Loss: 0.2888767
EarlyStopping counter: 6 out of 20
Updating learning rate to 6.961986091308869e-08
	iters: 100, epoch: 73 | loss: 0.5280300
	speed: 0.2946s/iter; left time: 2297.2461s
	iters: 200, epoch: 73 | loss: 0.6328990
	speed: 0.1282s/iter; left time: 986.4437s
Epoch: 73 cost time: 36.12824201583862
Epoch: 73, Steps: 282 | Train Loss: 0.6325510 Vali Loss: 0.6416867 Test Loss: 0.2888783
EarlyStopping counter: 7 out of 20
Updating learning rate to 6.265787482177981e-08
	iters: 100, epoch: 74 | loss: 0.6707076
	speed: 0.2944s/iter; left time: 2212.4894s
	iters: 200, epoch: 74 | loss: 0.5514354
	speed: 0.1281s/iter; left time: 949.9181s
Epoch: 74 cost time: 36.11653780937195
Epoch: 74, Steps: 282 | Train Loss: 0.6332243 Vali Loss: 0.6420798 Test Loss: 0.2888758
EarlyStopping counter: 8 out of 20
Updating learning rate to 5.639208733960184e-08
	iters: 100, epoch: 75 | loss: 0.6340125
	speed: 0.2939s/iter; left time: 2125.6634s
	iters: 200, epoch: 75 | loss: 0.6991920
	speed: 0.1280s/iter; left time: 913.2200s
Epoch: 75 cost time: 36.10178303718567
Epoch: 75, Steps: 282 | Train Loss: 0.6328577 Vali Loss: 0.6420674 Test Loss: 0.2888728
EarlyStopping counter: 9 out of 20
Updating learning rate to 5.075287860564165e-08
	iters: 100, epoch: 76 | loss: 0.5567427
	speed: 0.2944s/iter; left time: 2046.6797s
	iters: 200, epoch: 76 | loss: 0.5905148
	speed: 0.1280s/iter; left time: 877.0337s
Epoch: 76 cost time: 36.10757803916931
Epoch: 76, Steps: 282 | Train Loss: 0.6337172 Vali Loss: 0.6403995 Test Loss: 0.2888742
EarlyStopping counter: 10 out of 20
Updating learning rate to 4.567759074507749e-08
	iters: 100, epoch: 77 | loss: 0.7148243
	speed: 0.2944s/iter; left time: 1963.5633s
	iters: 200, epoch: 77 | loss: 0.5828450
	speed: 0.1280s/iter; left time: 840.9826s
Epoch: 77 cost time: 36.113364458084106
Epoch: 77, Steps: 282 | Train Loss: 0.6326662 Vali Loss: 0.6424174 Test Loss: 0.2888733
EarlyStopping counter: 11 out of 20
Updating learning rate to 4.1109831670569744e-08
	iters: 100, epoch: 78 | loss: 0.5789220
	speed: 0.2940s/iter; left time: 1878.0809s
	iters: 200, epoch: 78 | loss: 0.5856651
	speed: 0.1279s/iter; left time: 804.3904s
Epoch: 78 cost time: 36.104424715042114
Epoch: 78, Steps: 282 | Train Loss: 0.6334004 Vali Loss: 0.6410080 Test Loss: 0.2888737
EarlyStopping counter: 12 out of 20
Updating learning rate to 3.6998848503512764e-08
	iters: 100, epoch: 79 | loss: 0.6387329
	speed: 0.2946s/iter; left time: 1798.3149s
	iters: 200, epoch: 79 | loss: 0.6688262
	speed: 0.1279s/iter; left time: 768.3260s
Epoch: 79 cost time: 36.10472321510315
Epoch: 79, Steps: 282 | Train Loss: 0.6330495 Vali Loss: 0.6407335 Test Loss: 0.2888745
EarlyStopping counter: 13 out of 20
Updating learning rate to 3.3298963653161496e-08
	iters: 100, epoch: 80 | loss: 0.6232070
	speed: 0.2943s/iter; left time: 1713.8083s
	iters: 200, epoch: 80 | loss: 0.6583113
	speed: 0.1280s/iter; left time: 732.2640s
Epoch: 80 cost time: 36.099772691726685
Epoch: 80, Steps: 282 | Train Loss: 0.6331897 Vali Loss: 0.6417310 Test Loss: 0.2888725
EarlyStopping counter: 14 out of 20
Updating learning rate to 2.996906728784534e-08
	iters: 100, epoch: 81 | loss: 0.5982053
	speed: 0.2941s/iter; left time: 1629.5137s
	iters: 200, epoch: 81 | loss: 0.6424406
	speed: 0.1280s/iter; left time: 696.1791s
Epoch: 81 cost time: 36.09645438194275
Epoch: 81, Steps: 282 | Train Loss: 0.6325450 Vali Loss: 0.6431462 Test Loss: 0.2888753
EarlyStopping counter: 15 out of 20
Updating learning rate to 2.697216055906081e-08
	iters: 100, epoch: 82 | loss: 0.6570950
	speed: 0.2943s/iter; left time: 1547.8068s
	iters: 200, epoch: 82 | loss: 0.5682189
	speed: 0.1280s/iter; left time: 660.0955s
Epoch: 82 cost time: 36.09490489959717
Epoch: 82, Steps: 282 | Train Loss: 0.6329921 Vali Loss: 0.6424183 Test Loss: 0.2888751
EarlyStopping counter: 16 out of 20
Updating learning rate to 2.427494450315473e-08
	iters: 100, epoch: 83 | loss: 0.6205354
	speed: 0.2945s/iter; left time: 1465.4940s
	iters: 200, epoch: 83 | loss: 0.6915305
	speed: 0.1280s/iter; left time: 624.0744s
Epoch: 83 cost time: 36.092714071273804
Epoch: 83, Steps: 282 | Train Loss: 0.6335765 Vali Loss: 0.6411481 Test Loss: 0.2888723
EarlyStopping counter: 17 out of 20
Updating learning rate to 2.1847450052839257e-08
	iters: 100, epoch: 84 | loss: 0.5907084
	speed: 0.2946s/iter; left time: 1383.0274s
	iters: 200, epoch: 84 | loss: 0.5750018
	speed: 0.1279s/iter; left time: 587.5487s
Epoch: 84 cost time: 36.07473659515381
Epoch: 84, Steps: 282 | Train Loss: 0.6332939 Vali Loss: 0.6419027 Test Loss: 0.2888697
EarlyStopping counter: 18 out of 20
Updating learning rate to 1.9662705047555332e-08
	iters: 100, epoch: 85 | loss: 0.5492773
	speed: 0.2943s/iter; left time: 1298.9471s
	iters: 200, epoch: 85 | loss: 0.6769436
	speed: 0.1279s/iter; left time: 551.5146s
Epoch: 85 cost time: 36.0760440826416
Epoch: 85, Steps: 282 | Train Loss: 0.6332396 Vali Loss: 0.6416563 Test Loss: 0.2888705
EarlyStopping counter: 19 out of 20
Updating learning rate to 1.7696434542799797e-08
	iters: 100, epoch: 86 | loss: 0.6162147
	speed: 0.2946s/iter; left time: 1217.0301s
	iters: 200, epoch: 86 | loss: 0.8407391
	speed: 0.1280s/iter; left time: 515.8124s
Epoch: 86 cost time: 36.085901737213135
Epoch: 86, Steps: 282 | Train Loss: 0.6332356 Vali Loss: 0.6412947 Test Loss: 0.2888705
EarlyStopping counter: 20 out of 20
Early stopping
>>>>>>>testing : NL_weather_cms_lr0.001_always_336_336_PatchTST_custom_ftM_sl336_ll48_pl336_dm128_nh16_el3_dl1_df256_fc1_ebtimeF_dtTruelr0.001_polalways_Nested_Learning_0<<<<<<<<<<<<<<<<<<<<<<<<<<<<<<<<<
test 10204
 Ejecutando Inferencia DINÁMICA (Nested Learning con cms)
  -> Política: always | LR: 0.001 | Target: head

RESUMEN: El CMS se actualizó 79 veces de 79 posibles.

mse:0.2884056270122528, mae:0.318968266248703, rse:0.7054463624954224
Args in experiment:
Namespace(random_seed=2021, is_training=1, model_id='NL_weather_cms_lr0.001_always_336_720', model='PatchTST', data='custom', root_path='./dataset/', data_path='weather.csv', features='M', target='OT', freq='h', checkpoints='./checkpoints/', seq_len=336, label_len=48, pred_len=720, head_type='cms', cms_lr=0.001, update_policy='always', fc_dropout=0.2, head_dropout=0.0, patch_len=16, stride=8, padding_patch='end', revin=1, affine=0, subtract_last=0, decomposition=0, kernel_size=25, individual=0, embed_type=0, enc_in=21, dec_in=7, c_out=7, d_model=128, n_heads=16, e_layers=3, d_layers=1, d_ff=256, moving_avg=25, factor=1, distil=True, dropout=0.2, embed='timeF', activation='gelu', output_attention=False, do_predict=False, num_workers=0, itr=1, train_epochs=100, batch_size=128, patience=20, learning_rate=0.0001, des='Nested_Learning', loss='mse', lradj='type3', pct_start=0.3, use_amp=False, use_gpu=True, gpu=0, use_multi_gpu=False, devices='0,1,2,3', test_flop=False)
Use GPU: cuda:0
>>>>>>>start training : NL_weather_cms_lr0.001_always_336_720_PatchTST_custom_ftM_sl336_ll48_pl720_dm128_nh16_el3_dl1_df256_fc1_ebtimeF_dtTruelr0.001_polalways_Nested_Learning_0>>>>>>>>>>>>>>>>>>>>>>>>>>
train 35832
val 4551
test 9820
	iters: 100, epoch: 1 | loss: 0.8219075
	speed: 0.1787s/iter; left time: 4967.9054s
	iters: 200, epoch: 1 | loss: 0.7852589
	speed: 0.1300s/iter; left time: 3599.9255s
Epoch: 1 cost time: 36.589444398880005
Epoch: 1, Steps: 279 | Train Loss: 0.8205384 Vali Loss: 0.8267306 Test Loss: 0.3719314
Validation loss decreased (inf --> 0.826731).  Saving model ...
Updating learning rate to 0.0001
	iters: 100, epoch: 2 | loss: 0.9464221
	speed: 0.3017s/iter; left time: 8304.1031s
	iters: 200, epoch: 2 | loss: 0.7936048
	speed: 0.1299s/iter; left time: 3560.8860s
Epoch: 2 cost time: 36.25231075286865
Epoch: 2, Steps: 279 | Train Loss: 0.8097755 Vali Loss: 0.8110506 Test Loss: 0.3681251
Validation loss decreased (0.826731 --> 0.811051).  Saving model ...
Updating learning rate to 0.0001
	iters: 100, epoch: 3 | loss: 0.8181406
	speed: 0.3021s/iter; left time: 8228.9583s
	iters: 200, epoch: 3 | loss: 0.7468982
	speed: 0.1300s/iter; left time: 3529.7066s
Epoch: 3 cost time: 36.29553771018982
Epoch: 3, Steps: 279 | Train Loss: 0.7939115 Vali Loss: 0.8024928 Test Loss: 0.3656498
Validation loss decreased (0.811051 --> 0.802493).  Saving model ...
Updating learning rate to 0.0001
	iters: 100, epoch: 4 | loss: 0.7403489
	speed: 0.2993s/iter; left time: 8069.8682s
	iters: 200, epoch: 4 | loss: 0.7678035
	speed: 0.1300s/iter; left time: 3492.3848s
Epoch: 4 cost time: 36.31207275390625
Epoch: 4, Steps: 279 | Train Loss: 0.7826827 Vali Loss: 0.7963278 Test Loss: 0.3639464
Validation loss decreased (0.802493 --> 0.796328).  Saving model ...
Updating learning rate to 9e-05
	iters: 100, epoch: 5 | loss: 0.7134247
	speed: 0.2996s/iter; left time: 7994.6440s
	iters: 200, epoch: 5 | loss: 0.8543808
	speed: 0.1300s/iter; left time: 3456.6619s
Epoch: 5 cost time: 36.3269362449646
Epoch: 5, Steps: 279 | Train Loss: 0.7747313 Vali Loss: 0.7912534 Test Loss: 0.3627419
Validation loss decreased (0.796328 --> 0.791253).  Saving model ...
Updating learning rate to 8.1e-05
	iters: 100, epoch: 6 | loss: 0.7422176
	speed: 0.3007s/iter; left time: 7939.7691s
	iters: 200, epoch: 6 | loss: 0.8020919
	speed: 0.1301s/iter; left time: 3423.1392s
Epoch: 6 cost time: 36.323084592819214
Epoch: 6, Steps: 279 | Train Loss: 0.7690675 Vali Loss: 0.7890465 Test Loss: 0.3618111
Validation loss decreased (0.791253 --> 0.789046).  Saving model ...
Updating learning rate to 7.290000000000001e-05
	iters: 100, epoch: 7 | loss: 0.6929943
	speed: 0.3001s/iter; left time: 7841.8417s
	iters: 200, epoch: 7 | loss: 0.8010648
	speed: 0.1301s/iter; left time: 3386.4375s
Epoch: 7 cost time: 36.320252895355225
Epoch: 7, Steps: 279 | Train Loss: 0.7647615 Vali Loss: 0.7862793 Test Loss: 0.3610837
Validation loss decreased (0.789046 --> 0.786279).  Saving model ...
Updating learning rate to 6.561e-05
	iters: 100, epoch: 8 | loss: 0.7813687
	speed: 0.3002s/iter; left time: 7759.7930s
	iters: 200, epoch: 8 | loss: 0.6834116
	speed: 0.1301s/iter; left time: 3350.0452s
Epoch: 8 cost time: 36.31203770637512
Epoch: 8, Steps: 279 | Train Loss: 0.7615656 Vali Loss: 0.7838634 Test Loss: 0.3604524
Validation loss decreased (0.786279 --> 0.783863).  Saving model ...
Updating learning rate to 5.904900000000001e-05
	iters: 100, epoch: 9 | loss: 0.8039351
	speed: 0.2991s/iter; left time: 7646.5590s
	iters: 200, epoch: 9 | loss: 0.6584473
	speed: 0.1301s/iter; left time: 3314.2901s
Epoch: 9 cost time: 36.32102847099304
Epoch: 9, Steps: 279 | Train Loss: 0.7587128 Vali Loss: 0.7823138 Test Loss: 0.3599084
Validation loss decreased (0.783863 --> 0.782314).  Saving model ...
Updating learning rate to 5.3144100000000005e-05
	iters: 100, epoch: 10 | loss: 0.7110285
	speed: 0.2994s/iter; left time: 7570.7933s
	iters: 200, epoch: 10 | loss: 0.8310870
	speed: 0.1302s/iter; left time: 3280.3681s
Epoch: 10 cost time: 36.33023738861084
Epoch: 10, Steps: 279 | Train Loss: 0.7562126 Vali Loss: 0.7797863 Test Loss: 0.3594406
Validation loss decreased (0.782314 --> 0.779786).  Saving model ...
Updating learning rate to 4.782969000000001e-05
	iters: 100, epoch: 11 | loss: 0.8292353
	speed: 0.2986s/iter; left time: 7467.2810s
	iters: 200, epoch: 11 | loss: 0.7584910
	speed: 0.1301s/iter; left time: 3241.3837s
Epoch: 11 cost time: 36.30256104469299
Epoch: 11, Steps: 279 | Train Loss: 0.7542712 Vali Loss: 0.7771769 Test Loss: 0.3590171
Validation loss decreased (0.779786 --> 0.777177).  Saving model ...
Updating learning rate to 4.304672100000001e-05
	iters: 100, epoch: 12 | loss: 0.6812665
	speed: 0.2992s/iter; left time: 7398.8910s
	iters: 200, epoch: 12 | loss: 0.6926200
	speed: 0.1302s/iter; left time: 3206.9803s
Epoch: 12 cost time: 36.316155195236206
Epoch: 12, Steps: 279 | Train Loss: 0.7522628 Vali Loss: 0.7768842 Test Loss: 0.3586586
Validation loss decreased (0.777177 --> 0.776884).  Saving model ...
Updating learning rate to 3.874204890000001e-05
	iters: 100, epoch: 13 | loss: 0.7278957
	speed: 0.2990s/iter; left time: 7311.5770s
	iters: 200, epoch: 13 | loss: 0.6842533
	speed: 0.1300s/iter; left time: 3166.1196s
Epoch: 13 cost time: 36.2668342590332
Epoch: 13, Steps: 279 | Train Loss: 0.7506543 Vali Loss: 0.7756452 Test Loss: 0.3583531
Validation loss decreased (0.776884 --> 0.775645).  Saving model ...
Updating learning rate to 3.486784401000001e-05
	iters: 100, epoch: 14 | loss: 0.7791761
	speed: 0.2984s/iter; left time: 7213.7497s
	iters: 200, epoch: 14 | loss: 0.7896931
	speed: 0.1298s/iter; left time: 3124.0263s
Epoch: 14 cost time: 36.202815532684326
Epoch: 14, Steps: 279 | Train Loss: 0.7493486 Vali Loss: 0.7745212 Test Loss: 0.3580852
Validation loss decreased (0.775645 --> 0.774521).  Saving model ...
Updating learning rate to 3.138105960900001e-05
	iters: 100, epoch: 15 | loss: 0.7631520
	speed: 0.2983s/iter; left time: 7127.4440s
	iters: 200, epoch: 15 | loss: 0.7800224
	speed: 0.1298s/iter; left time: 3088.8330s
Epoch: 15 cost time: 36.19950723648071
Epoch: 15, Steps: 279 | Train Loss: 0.7475832 Vali Loss: 0.7740985 Test Loss: 0.3578483
Validation loss decreased (0.774521 --> 0.774099).  Saving model ...
Updating learning rate to 2.824295364810001e-05
	iters: 100, epoch: 16 | loss: 0.8360546
	speed: 0.2988s/iter; left time: 7055.9467s
	iters: 200, epoch: 16 | loss: 0.7844514
	speed: 0.1298s/iter; left time: 3052.6487s
Epoch: 16 cost time: 36.19885563850403
Epoch: 16, Steps: 279 | Train Loss: 0.7468603 Vali Loss: 0.7742493 Test Loss: 0.3576109
EarlyStopping counter: 1 out of 20
Updating learning rate to 2.541865828329001e-05
	iters: 100, epoch: 17 | loss: 0.7656749
	speed: 0.2975s/iter; left time: 6943.9185s
	iters: 200, epoch: 17 | loss: 0.7309209
	speed: 0.1299s/iter; left time: 3018.8275s
Epoch: 17 cost time: 36.1990864276886
Epoch: 17, Steps: 279 | Train Loss: 0.7458191 Vali Loss: 0.7723924 Test Loss: 0.3574142
Validation loss decreased (0.774099 --> 0.772392).  Saving model ...
Updating learning rate to 2.287679245496101e-05
	iters: 100, epoch: 18 | loss: 0.7499723
	speed: 0.2979s/iter; left time: 6869.7404s
	iters: 200, epoch: 18 | loss: 0.8404113
	speed: 0.1299s/iter; left time: 2982.6765s
Epoch: 18 cost time: 36.20084357261658
Epoch: 18, Steps: 279 | Train Loss: 0.7446303 Vali Loss: 0.7708706 Test Loss: 0.3572320
Validation loss decreased (0.772392 --> 0.770871).  Saving model ...
Updating learning rate to 2.0589113209464907e-05
	iters: 100, epoch: 19 | loss: 0.7488044
	speed: 0.2986s/iter; left time: 6800.9579s
	iters: 200, epoch: 19 | loss: 0.6671141
	speed: 0.1299s/iter; left time: 2946.1733s
Epoch: 19 cost time: 36.2165322303772
Epoch: 19, Steps: 279 | Train Loss: 0.7437629 Vali Loss: 0.7720307 Test Loss: 0.3570594
EarlyStopping counter: 1 out of 20
Updating learning rate to 1.8530201888518416e-05
	iters: 100, epoch: 20 | loss: 0.7084507
	speed: 0.2972s/iter; left time: 6686.4106s
	iters: 200, epoch: 20 | loss: 0.7334884
	speed: 0.1299s/iter; left time: 2908.8888s
Epoch: 20 cost time: 36.198898792266846
Epoch: 20, Steps: 279 | Train Loss: 0.7431972 Vali Loss: 0.7710668 Test Loss: 0.3569100
EarlyStopping counter: 2 out of 20
Updating learning rate to 1.6677181699666577e-05
	iters: 100, epoch: 21 | loss: 0.7154905
	speed: 0.2977s/iter; left time: 6615.5364s
	iters: 200, epoch: 21 | loss: 0.8025387
	speed: 0.1299s/iter; left time: 2873.1563s
Epoch: 21 cost time: 36.18661308288574
Epoch: 21, Steps: 279 | Train Loss: 0.7427085 Vali Loss: 0.7703565 Test Loss: 0.3567716
Validation loss decreased (0.770871 --> 0.770357).  Saving model ...
Updating learning rate to 1.5009463529699919e-05
	iters: 100, epoch: 22 | loss: 0.6696545
	speed: 0.2985s/iter; left time: 6550.4588s
	iters: 200, epoch: 22 | loss: 0.7255620
	speed: 0.1299s/iter; left time: 2837.0463s
Epoch: 22 cost time: 36.20213961601257
Epoch: 22, Steps: 279 | Train Loss: 0.7419175 Vali Loss: 0.7691584 Test Loss: 0.3566482
Validation loss decreased (0.770357 --> 0.769158).  Saving model ...
Updating learning rate to 1.3508517176729929e-05
	iters: 100, epoch: 23 | loss: 0.7735471
	speed: 0.2982s/iter; left time: 6460.5856s
	iters: 200, epoch: 23 | loss: 0.7563169
	speed: 0.1299s/iter; left time: 2801.6485s
Epoch: 23 cost time: 36.18973350524902
Epoch: 23, Steps: 279 | Train Loss: 0.7415064 Vali Loss: 0.7681068 Test Loss: 0.3565377
Validation loss decreased (0.769158 --> 0.768107).  Saving model ...
Updating learning rate to 1.2157665459056936e-05
	iters: 100, epoch: 24 | loss: 0.7674162
	speed: 0.2974s/iter; left time: 6360.3060s
	iters: 200, epoch: 24 | loss: 0.6819463
	speed: 0.1300s/iter; left time: 2766.0344s
Epoch: 24 cost time: 36.23359942436218
Epoch: 24, Steps: 279 | Train Loss: 0.7405258 Vali Loss: 0.7689117 Test Loss: 0.3564284
EarlyStopping counter: 1 out of 20
Updating learning rate to 1.0941898913151242e-05
	iters: 100, epoch: 25 | loss: 0.7264424
	speed: 0.2976s/iter; left time: 6279.8418s
	iters: 200, epoch: 25 | loss: 0.7766419
	speed: 0.1298s/iter; left time: 2727.2655s
Epoch: 25 cost time: 36.29478430747986
Epoch: 25, Steps: 279 | Train Loss: 0.7403870 Vali Loss: 0.7691305 Test Loss: 0.3563327
EarlyStopping counter: 2 out of 20
Updating learning rate to 9.847709021836118e-06
	iters: 100, epoch: 26 | loss: 0.7380027
	speed: 0.3019s/iter; left time: 6286.7530s
	iters: 200, epoch: 26 | loss: 0.7022711
	speed: 0.1308s/iter; left time: 2710.2269s
Epoch: 26 cost time: 36.540847301483154
Epoch: 26, Steps: 279 | Train Loss: 0.7395963 Vali Loss: 0.7681531 Test Loss: 0.3562456
EarlyStopping counter: 3 out of 20
Updating learning rate to 8.862938119652508e-06
	iters: 100, epoch: 27 | loss: 0.6811593
	speed: 0.3012s/iter; left time: 6189.5369s
	iters: 200, epoch: 27 | loss: 0.7049796
	speed: 0.1306s/iter; left time: 2670.7458s
Epoch: 27 cost time: 36.53253197669983
Epoch: 27, Steps: 279 | Train Loss: 0.7392127 Vali Loss: 0.7681217 Test Loss: 0.3561688
EarlyStopping counter: 4 out of 20
Updating learning rate to 7.976644307687255e-06
	iters: 100, epoch: 28 | loss: 0.6993161
	speed: 0.3012s/iter; left time: 6105.6995s
	iters: 200, epoch: 28 | loss: 0.7131910
	speed: 0.1306s/iter; left time: 2633.7087s
Epoch: 28 cost time: 36.52273893356323
Epoch: 28, Steps: 279 | Train Loss: 0.7389044 Vali Loss: 0.7674074 Test Loss: 0.3561037
Validation loss decreased (0.768107 --> 0.767407).  Saving model ...
Updating learning rate to 7.178979876918531e-06
	iters: 100, epoch: 29 | loss: 0.7526059
	speed: 0.3024s/iter; left time: 6043.8357s
	iters: 200, epoch: 29 | loss: 0.7257698
	speed: 0.1307s/iter; left time: 2599.0031s
Epoch: 29 cost time: 36.517794132232666
Epoch: 29, Steps: 279 | Train Loss: 0.7387451 Vali Loss: 0.7684682 Test Loss: 0.3560399
EarlyStopping counter: 1 out of 20
Updating learning rate to 6.4610818892266776e-06
	iters: 100, epoch: 30 | loss: 0.7320573
	speed: 0.3012s/iter; left time: 5936.4251s
	iters: 200, epoch: 30 | loss: 0.7021886
	speed: 0.1308s/iter; left time: 2564.4765s
Epoch: 30 cost time: 36.530579566955566
Epoch: 30, Steps: 279 | Train Loss: 0.7381311 Vali Loss: 0.7665914 Test Loss: 0.3559788
Validation loss decreased (0.767407 --> 0.766591).  Saving model ...
Updating learning rate to 5.8149737003040096e-06
	iters: 100, epoch: 31 | loss: 0.7630336
	speed: 0.3025s/iter; left time: 5877.8510s
	iters: 200, epoch: 31 | loss: 0.7578024
	speed: 0.1307s/iter; left time: 2526.3485s
Epoch: 31 cost time: 36.5217661857605
Epoch: 31, Steps: 279 | Train Loss: 0.7379109 Vali Loss: 0.7670400 Test Loss: 0.3559287
EarlyStopping counter: 1 out of 20
Updating learning rate to 5.23347633027361e-06
	iters: 100, epoch: 32 | loss: 0.7659268
	speed: 0.3013s/iter; left time: 5770.4668s
	iters: 200, epoch: 32 | loss: 0.6934600
	speed: 0.1307s/iter; left time: 2489.5156s
Epoch: 32 cost time: 36.508782148361206
Epoch: 32, Steps: 279 | Train Loss: 0.7379242 Vali Loss: 0.7653186 Test Loss: 0.3558815
Validation loss decreased (0.766591 --> 0.765319).  Saving model ...
Updating learning rate to 4.710128697246249e-06
	iters: 100, epoch: 33 | loss: 0.7050295
	speed: 0.3015s/iter; left time: 5690.7942s
	iters: 200, epoch: 33 | loss: 0.6953979
	speed: 0.1308s/iter; left time: 2454.6116s
Epoch: 33 cost time: 36.51460266113281
Epoch: 33, Steps: 279 | Train Loss: 0.7377870 Vali Loss: 0.7658913 Test Loss: 0.3558413
EarlyStopping counter: 1 out of 20
Updating learning rate to 4.239115827521624e-06
	iters: 100, epoch: 34 | loss: 0.6940724
	speed: 0.3009s/iter; left time: 5594.7966s
	iters: 200, epoch: 34 | loss: 0.7604086
	speed: 0.1308s/iter; left time: 2418.2309s
Epoch: 34 cost time: 36.524049520492554
Epoch: 34, Steps: 279 | Train Loss: 0.7374323 Vali Loss: 0.7674614 Test Loss: 0.3558043
EarlyStopping counter: 2 out of 20
Updating learning rate to 3.815204244769462e-06
	iters: 100, epoch: 35 | loss: 0.7197312
	speed: 0.3020s/iter; left time: 5531.4792s
	iters: 200, epoch: 35 | loss: 0.6792018
	speed: 0.1306s/iter; left time: 2378.9252s
Epoch: 35 cost time: 36.54325866699219
Epoch: 35, Steps: 279 | Train Loss: 0.7375391 Vali Loss: 0.7663592 Test Loss: 0.3557727
EarlyStopping counter: 3 out of 20
Updating learning rate to 3.4336838202925152e-06
	iters: 100, epoch: 36 | loss: 0.7688407
	speed: 0.3011s/iter; left time: 5431.4105s
	iters: 200, epoch: 36 | loss: 0.6627493
	speed: 0.1306s/iter; left time: 2341.9190s
Epoch: 36 cost time: 36.513967752456665
Epoch: 36, Steps: 279 | Train Loss: 0.7372224 Vali Loss: 0.7664309 Test Loss: 0.3557403
EarlyStopping counter: 4 out of 20
Updating learning rate to 3.090315438263264e-06
	iters: 100, epoch: 37 | loss: 0.7529576
	speed: 0.3009s/iter; left time: 5342.5546s
	iters: 200, epoch: 37 | loss: 0.6470068
	speed: 0.1308s/iter; left time: 2309.1933s
Epoch: 37 cost time: 36.515981912612915
Epoch: 37, Steps: 279 | Train Loss: 0.7370476 Vali Loss: 0.7664836 Test Loss: 0.3557142
EarlyStopping counter: 5 out of 20
Updating learning rate to 2.7812838944369375e-06
	iters: 100, epoch: 38 | loss: 0.7278892
	speed: 0.3008s/iter; left time: 5257.1505s
	iters: 200, epoch: 38 | loss: 0.7350784
	speed: 0.1307s/iter; left time: 2272.1044s
Epoch: 38 cost time: 36.526429891586304
Epoch: 38, Steps: 279 | Train Loss: 0.7372089 Vali Loss: 0.7656341 Test Loss: 0.3556871
EarlyStopping counter: 6 out of 20
Updating learning rate to 2.503155504993244e-06
	iters: 100, epoch: 39 | loss: 0.7021723
	speed: 0.3015s/iter; left time: 5186.2944s
	iters: 200, epoch: 39 | loss: 0.6694991
	speed: 0.1308s/iter; left time: 2236.8446s
Epoch: 39 cost time: 36.52696132659912
Epoch: 39, Steps: 279 | Train Loss: 0.7368738 Vali Loss: 0.7666979 Test Loss: 0.3556633
EarlyStopping counter: 7 out of 20
Updating learning rate to 2.2528399544939195e-06
	iters: 100, epoch: 40 | loss: 0.6723060
	speed: 0.3005s/iter; left time: 5085.2356s
	iters: 200, epoch: 40 | loss: 0.8291563
	speed: 0.1299s/iter; left time: 2185.2072s
Epoch: 40 cost time: 36.28989768028259
Epoch: 40, Steps: 279 | Train Loss: 0.7366937 Vali Loss: 0.7655607 Test Loss: 0.3556424
EarlyStopping counter: 8 out of 20
Updating learning rate to 2.0275559590445276e-06
	iters: 100, epoch: 41 | loss: 0.8269649
	speed: 0.2976s/iter; left time: 4951.8541s
	iters: 200, epoch: 41 | loss: 0.7109914
	speed: 0.1300s/iter; left time: 2150.1972s
Epoch: 41 cost time: 36.24622821807861
Epoch: 41, Steps: 279 | Train Loss: 0.7364777 Vali Loss: 0.7659444 Test Loss: 0.3556251
EarlyStopping counter: 9 out of 20
Updating learning rate to 1.8248003631400751e-06
	iters: 100, epoch: 42 | loss: 0.6286245
	speed: 0.2977s/iter; left time: 4870.4835s
	iters: 200, epoch: 42 | loss: 0.7262446
	speed: 0.1302s/iter; left time: 2116.9130s
Epoch: 42 cost time: 36.25212526321411
Epoch: 42, Steps: 279 | Train Loss: 0.7365051 Vali Loss: 0.7649782 Test Loss: 0.3556089
Validation loss decreased (0.765319 --> 0.764978).  Saving model ...
Updating learning rate to 1.6423203268260676e-06
	iters: 100, epoch: 43 | loss: 0.8094946
	speed: 0.2984s/iter; left time: 4799.0090s
	iters: 200, epoch: 43 | loss: 0.7311928
	speed: 0.1302s/iter; left time: 2081.4372s
Epoch: 43 cost time: 36.2696270942688
Epoch: 43, Steps: 279 | Train Loss: 0.7366468 Vali Loss: 0.7657343 Test Loss: 0.3555938
EarlyStopping counter: 1 out of 20
Updating learning rate to 1.4780882941434609e-06
	iters: 100, epoch: 44 | loss: 0.6755132
	speed: 0.2977s/iter; left time: 4704.1301s
	iters: 200, epoch: 44 | loss: 0.7199634
	speed: 0.1303s/iter; left time: 2045.6186s
Epoch: 44 cost time: 36.26522397994995
Epoch: 44, Steps: 279 | Train Loss: 0.7366256 Vali Loss: 0.7660898 Test Loss: 0.3555810
EarlyStopping counter: 2 out of 20
Updating learning rate to 1.3302794647291146e-06
	iters: 100, epoch: 45 | loss: 0.8337577
	speed: 0.2975s/iter; left time: 4619.1143s
	iters: 200, epoch: 45 | loss: 0.8295317
	speed: 0.1304s/iter; left time: 2012.1785s
Epoch: 45 cost time: 36.29235506057739
Epoch: 45, Steps: 279 | Train Loss: 0.7362756 Vali Loss: 0.7651567 Test Loss: 0.3555702
EarlyStopping counter: 3 out of 20
Updating learning rate to 1.1972515182562034e-06
	iters: 100, epoch: 46 | loss: 0.7831665
	speed: 0.2983s/iter; left time: 4547.3845s
	iters: 200, epoch: 46 | loss: 0.7392926
	speed: 0.1306s/iter; left time: 1978.0882s
Epoch: 46 cost time: 36.366848945617676
Epoch: 46, Steps: 279 | Train Loss: 0.7364503 Vali Loss: 0.7658908 Test Loss: 0.3555585
EarlyStopping counter: 4 out of 20
Updating learning rate to 1.077526366430583e-06
	iters: 100, epoch: 47 | loss: 0.7302338
	speed: 0.2988s/iter; left time: 4472.1488s
	iters: 200, epoch: 47 | loss: 0.6420350
	speed: 0.1307s/iter; left time: 1943.3532s
Epoch: 47 cost time: 36.394116163253784
Epoch: 47, Steps: 279 | Train Loss: 0.7364370 Vali Loss: 0.7648926 Test Loss: 0.3555487
Validation loss decreased (0.764978 --> 0.764893).  Saving model ...
Updating learning rate to 9.697737297875248e-07
	iters: 100, epoch: 48 | loss: 0.7404497
	speed: 0.2990s/iter; left time: 4391.1768s
	iters: 200, epoch: 48 | loss: 0.7832591
	speed: 0.1308s/iter; left time: 1907.4528s
Epoch: 48 cost time: 36.395551443099976
Epoch: 48, Steps: 279 | Train Loss: 0.7361518 Vali Loss: 0.7645426 Test Loss: 0.3555396
Validation loss decreased (0.764893 --> 0.764543).  Saving model ...
Updating learning rate to 8.727963568087723e-07
	iters: 100, epoch: 49 | loss: 0.6243009
	speed: 0.2987s/iter; left time: 4304.1674s
	iters: 200, epoch: 49 | loss: 0.7676584
	speed: 0.1306s/iter; left time: 1869.1907s
Epoch: 49 cost time: 36.3862829208374
Epoch: 49, Steps: 279 | Train Loss: 0.7363150 Vali Loss: 0.7649463 Test Loss: 0.3555323
EarlyStopping counter: 1 out of 20
Updating learning rate to 7.855167211278951e-07
	iters: 100, epoch: 50 | loss: 0.7436953
	speed: 0.2986s/iter; left time: 4219.8676s
	iters: 200, epoch: 50 | loss: 0.7558656
	speed: 0.1306s/iter; left time: 1832.2817s
Epoch: 50 cost time: 36.41169857978821
Epoch: 50, Steps: 279 | Train Loss: 0.7363452 Vali Loss: 0.7654974 Test Loss: 0.3555248
EarlyStopping counter: 2 out of 20
Updating learning rate to 7.069650490151056e-07
	iters: 100, epoch: 51 | loss: 0.7681211
	speed: 0.2990s/iter; left time: 4140.9180s
	iters: 200, epoch: 51 | loss: 0.8212634
	speed: 0.1306s/iter; left time: 1795.3492s
Epoch: 51 cost time: 36.40760946273804
Epoch: 51, Steps: 279 | Train Loss: 0.7363251 Vali Loss: 0.7643991 Test Loss: 0.3555182
Validation loss decreased (0.764543 --> 0.764399).  Saving model ...
Updating learning rate to 6.36268544113595e-07
	iters: 100, epoch: 52 | loss: 0.7079388
	speed: 0.2996s/iter; left time: 4065.9771s
	iters: 200, epoch: 52 | loss: 0.7271627
	speed: 0.1305s/iter; left time: 1757.8992s
Epoch: 52 cost time: 36.401989459991455
Epoch: 52, Steps: 279 | Train Loss: 0.7360274 Vali Loss: 0.7642442 Test Loss: 0.3555129
Validation loss decreased (0.764399 --> 0.764244).  Saving model ...
Updating learning rate to 5.726416897022355e-07
	iters: 100, epoch: 53 | loss: 0.6418076
	speed: 0.2995s/iter; left time: 3981.2530s
	iters: 200, epoch: 53 | loss: 0.7648751
	speed: 0.1304s/iter; left time: 1720.3160s
Epoch: 53 cost time: 36.40184235572815
Epoch: 53, Steps: 279 | Train Loss: 0.7361376 Vali Loss: 0.7658396 Test Loss: 0.3555070
EarlyStopping counter: 1 out of 20
Updating learning rate to 5.15377520732012e-07
	iters: 100, epoch: 54 | loss: 0.8284734
	speed: 0.2988s/iter; left time: 3888.4707s
	iters: 200, epoch: 54 | loss: 0.9167191
	speed: 0.1303s/iter; left time: 1682.7176s
Epoch: 54 cost time: 36.39872908592224
Epoch: 54, Steps: 279 | Train Loss: 0.7361960 Vali Loss: 0.7648613 Test Loss: 0.3555033
EarlyStopping counter: 2 out of 20
Updating learning rate to 4.6383976865881085e-07
	iters: 100, epoch: 55 | loss: 0.7466159
	speed: 0.2989s/iter; left time: 3806.1853s
	iters: 200, epoch: 55 | loss: 0.6452845
	speed: 0.1303s/iter; left time: 1646.8393s
Epoch: 55 cost time: 36.39383411407471
Epoch: 55, Steps: 279 | Train Loss: 0.7362039 Vali Loss: 0.7641633 Test Loss: 0.3554977
Validation loss decreased (0.764244 --> 0.764163).  Saving model ...
Updating learning rate to 4.174557917929298e-07
	iters: 100, epoch: 56 | loss: 0.7828810
	speed: 0.2999s/iter; left time: 3735.7540s
	iters: 200, epoch: 56 | loss: 0.7281950
	speed: 0.1303s/iter; left time: 1610.1211s
Epoch: 56 cost time: 36.40897512435913
Epoch: 56, Steps: 279 | Train Loss: 0.7360054 Vali Loss: 0.7656721 Test Loss: 0.3554940
EarlyStopping counter: 1 out of 20
Updating learning rate to 3.7571021261363677e-07
	iters: 100, epoch: 57 | loss: 0.7106677
	speed: 0.2993s/iter; left time: 3644.3084s
	iters: 200, epoch: 57 | loss: 0.6601925
	speed: 0.1304s/iter; left time: 1574.2484s
Epoch: 57 cost time: 36.408223152160645
Epoch: 57, Steps: 279 | Train Loss: 0.7359595 Vali Loss: 0.7651171 Test Loss: 0.3554915
EarlyStopping counter: 2 out of 20
Updating learning rate to 3.381391913522731e-07
	iters: 100, epoch: 58 | loss: 0.8312681
	speed: 0.2990s/iter; left time: 3557.3435s
	iters: 200, epoch: 58 | loss: 0.7394334
	speed: 0.1304s/iter; left time: 1537.9238s
Epoch: 58 cost time: 36.40151286125183
Epoch: 58, Steps: 279 | Train Loss: 0.7361660 Vali Loss: 0.7651951 Test Loss: 0.3554880
EarlyStopping counter: 3 out of 20
Updating learning rate to 3.043252722170458e-07
	iters: 100, epoch: 59 | loss: 0.7847983
	speed: 0.2992s/iter; left time: 3476.2329s
	iters: 200, epoch: 59 | loss: 0.7483074
	speed: 0.1304s/iter; left time: 1502.1623s
Epoch: 59 cost time: 36.39816069602966
Epoch: 59, Steps: 279 | Train Loss: 0.7359704 Vali Loss: 0.7646347 Test Loss: 0.3554858
EarlyStopping counter: 4 out of 20
Updating learning rate to 2.7389274499534124e-07
	iters: 100, epoch: 60 | loss: 0.6810447
	speed: 0.2994s/iter; left time: 3395.2086s
	iters: 200, epoch: 60 | loss: 0.7367512
	speed: 0.1304s/iter; left time: 1465.3816s
Epoch: 60 cost time: 36.39393901824951
Epoch: 60, Steps: 279 | Train Loss: 0.7360264 Vali Loss: 0.7659755 Test Loss: 0.3554829
EarlyStopping counter: 5 out of 20
Updating learning rate to 2.465034704958071e-07
	iters: 100, epoch: 61 | loss: 0.7805101
	speed: 0.2999s/iter; left time: 3317.1863s
	iters: 200, epoch: 61 | loss: 0.7730888
	speed: 0.1303s/iter; left time: 1428.6388s
Epoch: 61 cost time: 36.37662076950073
Epoch: 61, Steps: 279 | Train Loss: 0.7359173 Vali Loss: 0.7663965 Test Loss: 0.3554816
EarlyStopping counter: 6 out of 20
Updating learning rate to 2.218531234462264e-07
	iters: 100, epoch: 62 | loss: 0.7982760
	speed: 0.3000s/iter; left time: 3234.7842s
	iters: 200, epoch: 62 | loss: 0.8040853
	speed: 0.1303s/iter; left time: 1392.2088s
Epoch: 62 cost time: 36.36813282966614
Epoch: 62, Steps: 279 | Train Loss: 0.7361188 Vali Loss: 0.7632700 Test Loss: 0.3554815
Validation loss decreased (0.764163 --> 0.763270).  Saving model ...
Updating learning rate to 1.9966781110160376e-07
	iters: 100, epoch: 63 | loss: 0.7108096
	speed: 0.3025s/iter; left time: 3176.9275s
	iters: 200, epoch: 63 | loss: 0.7785542
	speed: 0.1304s/iter; left time: 1356.1566s
Epoch: 63 cost time: 36.371848344802856
Epoch: 63, Steps: 279 | Train Loss: 0.7360241 Vali Loss: 0.7643345 Test Loss: 0.3554789
EarlyStopping counter: 1 out of 20
Updating learning rate to 1.797010299914434e-07
	iters: 100, epoch: 64 | loss: 0.8417584
	speed: 0.3001s/iter; left time: 3067.8946s
	iters: 200, epoch: 64 | loss: 0.8009102
	speed: 0.1303s/iter; left time: 1319.5509s
Epoch: 64 cost time: 36.38414216041565
Epoch: 64, Steps: 279 | Train Loss: 0.7358268 Vali Loss: 0.7646000 Test Loss: 0.3554779
EarlyStopping counter: 2 out of 20
Updating learning rate to 1.6173092699229907e-07
	iters: 100, epoch: 65 | loss: 0.7700559
	speed: 0.3000s/iter; left time: 2983.5250s
	iters: 200, epoch: 65 | loss: 0.8109562
	speed: 0.1304s/iter; left time: 1283.4357s
Epoch: 65 cost time: 36.39816761016846
Epoch: 65, Steps: 279 | Train Loss: 0.7358781 Vali Loss: 0.7655674 Test Loss: 0.3554751
EarlyStopping counter: 3 out of 20
Updating learning rate to 1.4555783429306916e-07
	iters: 100, epoch: 66 | loss: 0.6858451
	speed: 0.2999s/iter; left time: 2898.5454s
	iters: 200, epoch: 66 | loss: 0.7955383
	speed: 0.1304s/iter; left time: 1247.2646s
Epoch: 66 cost time: 36.40275263786316
Epoch: 66, Steps: 279 | Train Loss: 0.7360165 Vali Loss: 0.7651551 Test Loss: 0.3554753
EarlyStopping counter: 4 out of 20
Updating learning rate to 1.3100205086376224e-07
	iters: 100, epoch: 67 | loss: 0.7008898
	speed: 0.2995s/iter; left time: 2811.8014s
	iters: 200, epoch: 67 | loss: 0.8068447
	speed: 0.1304s/iter; left time: 1210.7476s
Epoch: 67 cost time: 36.424487590789795
Epoch: 67, Steps: 279 | Train Loss: 0.7359701 Vali Loss: 0.7650586 Test Loss: 0.3554741
EarlyStopping counter: 5 out of 20
Updating learning rate to 1.1790184577738603e-07
	iters: 100, epoch: 68 | loss: 0.7505770
	speed: 0.2990s/iter; left time: 2723.0784s
	iters: 200, epoch: 68 | loss: 0.6929000
	speed: 0.1304s/iter; left time: 1174.9243s
Epoch: 68 cost time: 36.42693495750427
Epoch: 68, Steps: 279 | Train Loss: 0.7360541 Vali Loss: 0.7647887 Test Loss: 0.3554736
EarlyStopping counter: 6 out of 20
Updating learning rate to 1.0611166119964742e-07
	iters: 100, epoch: 69 | loss: 0.7817500
	speed: 0.2991s/iter; left time: 2641.1327s
	iters: 200, epoch: 69 | loss: 0.7768246
	speed: 0.1304s/iter; left time: 1138.1405s
Epoch: 69 cost time: 36.42738389968872
Epoch: 69, Steps: 279 | Train Loss: 0.7360828 Vali Loss: 0.7649474 Test Loss: 0.3554727
EarlyStopping counter: 7 out of 20
Updating learning rate to 9.550049507968268e-08
	iters: 100, epoch: 70 | loss: 0.7701548
	speed: 0.2993s/iter; left time: 2558.7189s
	iters: 200, epoch: 70 | loss: 0.7876763
	speed: 0.1304s/iter; left time: 1101.6046s
Epoch: 70 cost time: 36.4166476726532
Epoch: 70, Steps: 279 | Train Loss: 0.7359102 Vali Loss: 0.7655292 Test Loss: 0.3554715
EarlyStopping counter: 8 out of 20
Updating learning rate to 8.595044557171442e-08
	iters: 100, epoch: 71 | loss: 0.6426688
	speed: 0.2994s/iter; left time: 2476.1235s
	iters: 200, epoch: 71 | loss: 0.6742880
	speed: 0.1304s/iter; left time: 1065.3165s
Epoch: 71 cost time: 36.42727756500244
Epoch: 71, Steps: 279 | Train Loss: 0.7361634 Vali Loss: 0.7664211 Test Loss: 0.3554728
EarlyStopping counter: 9 out of 20
Updating learning rate to 7.735540101454298e-08
	iters: 100, epoch: 72 | loss: 0.7459986
	speed: 0.2990s/iter; left time: 2389.8254s
	iters: 200, epoch: 72 | loss: 0.7431751
	speed: 0.1304s/iter; left time: 1029.3311s
Epoch: 72 cost time: 36.43185305595398
Epoch: 72, Steps: 279 | Train Loss: 0.7359681 Vali Loss: 0.7651730 Test Loss: 0.3554726
EarlyStopping counter: 10 out of 20
Updating learning rate to 6.961986091308869e-08
	iters: 100, epoch: 73 | loss: 0.7394177
	speed: 0.2989s/iter; left time: 2305.2390s
	iters: 200, epoch: 73 | loss: 0.7777658
	speed: 0.1306s/iter; left time: 994.3568s
Epoch: 73 cost time: 36.435224294662476
Epoch: 73, Steps: 279 | Train Loss: 0.7358294 Vali Loss: 0.7656410 Test Loss: 0.3554717
EarlyStopping counter: 11 out of 20
Updating learning rate to 6.265787482177981e-08
	iters: 100, epoch: 74 | loss: 0.7490609
	speed: 0.2988s/iter; left time: 2221.2058s
	iters: 200, epoch: 74 | loss: 0.7628524
	speed: 0.1306s/iter; left time: 957.5206s
Epoch: 74 cost time: 36.431639671325684
Epoch: 74, Steps: 279 | Train Loss: 0.7358518 Vali Loss: 0.7659507 Test Loss: 0.3554705
EarlyStopping counter: 12 out of 20
Updating learning rate to 5.639208733960184e-08
	iters: 100, epoch: 75 | loss: 0.7146256
	speed: 0.2990s/iter; left time: 2139.1628s
	iters: 200, epoch: 75 | loss: 0.6459944
	speed: 0.1306s/iter; left time: 921.4791s
Epoch: 75 cost time: 36.41293954849243
Epoch: 75, Steps: 279 | Train Loss: 0.7362239 Vali Loss: 0.7658955 Test Loss: 0.3554701
EarlyStopping counter: 13 out of 20
Updating learning rate to 5.075287860564165e-08
	iters: 100, epoch: 76 | loss: 0.7389326
	speed: 0.2987s/iter; left time: 2053.6666s
	iters: 200, epoch: 76 | loss: 0.7509903
	speed: 0.1306s/iter; left time: 885.0032s
Epoch: 76 cost time: 36.3883171081543
Epoch: 76, Steps: 279 | Train Loss: 0.7359140 Vali Loss: 0.7651314 Test Loss: 0.3554703
EarlyStopping counter: 14 out of 20
Updating learning rate to 4.567759074507749e-08
	iters: 100, epoch: 77 | loss: 0.6171532
	speed: 0.2984s/iter; left time: 1968.4457s
	iters: 200, epoch: 77 | loss: 0.6671246
	speed: 0.1307s/iter; left time: 849.3973s
Epoch: 77 cost time: 36.4052209854126
Epoch: 77, Steps: 279 | Train Loss: 0.7359507 Vali Loss: 0.7636140 Test Loss: 0.3554696
EarlyStopping counter: 15 out of 20
Updating learning rate to 4.1109831670569744e-08
	iters: 100, epoch: 78 | loss: 0.7697101
	speed: 0.2986s/iter; left time: 1886.8271s
	iters: 200, epoch: 78 | loss: 0.7187101
	speed: 0.1307s/iter; left time: 812.9491s
Epoch: 78 cost time: 36.40518593788147
Epoch: 78, Steps: 279 | Train Loss: 0.7359366 Vali Loss: 0.7651032 Test Loss: 0.3554706
EarlyStopping counter: 16 out of 20
Updating learning rate to 3.6998848503512764e-08
	iters: 100, epoch: 79 | loss: 0.6762819
	speed: 0.2985s/iter; left time: 1802.3958s
	iters: 200, epoch: 79 | loss: 0.7105474
	speed: 0.1308s/iter; left time: 776.7525s
Epoch: 79 cost time: 36.39677882194519
Epoch: 79, Steps: 279 | Train Loss: 0.7361262 Vali Loss: 0.7662543 Test Loss: 0.3554700
EarlyStopping counter: 17 out of 20
Updating learning rate to 3.3298963653161496e-08
	iters: 100, epoch: 80 | loss: 0.7454988
	speed: 0.2985s/iter; left time: 1719.1335s
	iters: 200, epoch: 80 | loss: 0.7303830
	speed: 0.1307s/iter; left time: 739.5711s
Epoch: 80 cost time: 36.381433963775635
Epoch: 80, Steps: 279 | Train Loss: 0.7359548 Vali Loss: 0.7637526 Test Loss: 0.3554700
EarlyStopping counter: 18 out of 20
Updating learning rate to 2.996906728784534e-08
	iters: 100, epoch: 81 | loss: 0.6531674
	speed: 0.2987s/iter; left time: 1637.1821s
	iters: 200, epoch: 81 | loss: 0.7293543
	speed: 0.1307s/iter; left time: 703.3584s
Epoch: 81 cost time: 36.38786482810974
Epoch: 81, Steps: 279 | Train Loss: 0.7358864 Vali Loss: 0.7654915 Test Loss: 0.3554679
EarlyStopping counter: 19 out of 20
Updating learning rate to 2.697216055906081e-08
	iters: 100, epoch: 82 | loss: 0.6707690
	speed: 0.2985s/iter; left time: 1552.7833s
	iters: 200, epoch: 82 | loss: 0.7259706
	speed: 0.1306s/iter; left time: 666.4417s
Epoch: 82 cost time: 36.37885880470276
Epoch: 82, Steps: 279 | Train Loss: 0.7360291 Vali Loss: 0.7644167 Test Loss: 0.3554706
EarlyStopping counter: 20 out of 20
Early stopping
>>>>>>>testing : NL_weather_cms_lr0.001_always_336_720_PatchTST_custom_ftM_sl336_ll48_pl720_dm128_nh16_el3_dl1_df256_fc1_ebtimeF_dtTruelr0.001_polalways_Nested_Learning_0<<<<<<<<<<<<<<<<<<<<<<<<<<<<<<<<<
test 9820
 Ejecutando Inferencia DINÁMICA (Nested Learning con cms)
  -> Política: always | LR: 0.001 | Target: head

RESUMEN: El CMS se actualizó 76 veces de 76 posibles.

mse:0.3553818464279175, mae:0.3678584098815918, rse:0.7864407896995544
