==========================================================
SÚPER ARRAY TFG - TAREA ID: 99 / 113
Nodo: dionisio
Dataset: weather | Experimento: NL_weather_cms_lr0.0001_always
Cabeza: cms | LR: 0.0001 | Política: always
==========================================================
Args in experiment:
Namespace(random_seed=2021, is_training=1, model_id='NL_weather_cms_lr0.0001_always_336_96', model='PatchTST', data='custom', root_path='./dataset/', data_path='weather.csv', features='M', target='OT', freq='h', checkpoints='./checkpoints/', seq_len=336, label_len=48, pred_len=96, head_type='cms', cms_lr=0.0001, update_policy='always', fc_dropout=0.2, head_dropout=0.0, patch_len=16, stride=8, padding_patch='end', revin=1, affine=0, subtract_last=0, decomposition=0, kernel_size=25, individual=0, embed_type=0, enc_in=21, dec_in=7, c_out=7, d_model=128, n_heads=16, e_layers=3, d_layers=1, d_ff=256, moving_avg=25, factor=1, distil=True, dropout=0.2, embed='timeF', activation='gelu', output_attention=False, do_predict=False, num_workers=0, itr=1, train_epochs=100, batch_size=128, patience=20, learning_rate=0.0001, des='Nested_Learning', loss='mse', lradj='type3', pct_start=0.3, use_amp=False, use_gpu=True, gpu=0, use_multi_gpu=False, devices='0,1,2,3', test_flop=False)
Use GPU: cuda:0
>>>>>>>start training : NL_weather_cms_lr0.0001_always_336_96_PatchTST_custom_ftM_sl336_ll48_pl96_dm128_nh16_el3_dl1_df256_fc1_ebtimeF_dtTruelr0.0001_polalways_Nested_Learning_0>>>>>>>>>>>>>>>>>>>>>>>>>>
train 36456
val 5175
test 10444
	iters: 100, epoch: 1 | loss: 0.8795122
	speed: 0.1506s/iter; left time: 4263.3872s
	iters: 200, epoch: 1 | loss: 1.1340853
	speed: 0.1291s/iter; left time: 3640.6119s
Epoch: 1 cost time: 36.78614902496338
Epoch: 1, Steps: 284 | Train Loss: 0.7139826 Vali Loss: 0.6494144 Test Loss: 0.2615979
Validation loss decreased (inf --> 0.649414).  Saving model ...
Updating learning rate to 0.0001
	iters: 100, epoch: 2 | loss: 0.6768756
	speed: 0.2995s/iter; left time: 8392.3286s
	iters: 200, epoch: 2 | loss: 0.6507708
	speed: 0.1302s/iter; left time: 3633.4560s
Epoch: 2 cost time: 36.94922733306885
Epoch: 2, Steps: 284 | Train Loss: 0.6952121 Vali Loss: 0.6234767 Test Loss: 0.2539821
Validation loss decreased (0.649414 --> 0.623477).  Saving model ...
Updating learning rate to 0.0001
	iters: 100, epoch: 3 | loss: 0.6064348
	speed: 0.3138s/iter; left time: 8701.2957s
	iters: 200, epoch: 3 | loss: 0.8121944
	speed: 0.1303s/iter; left time: 3600.9550s
Epoch: 3 cost time: 36.97964906692505
Epoch: 3, Steps: 284 | Train Loss: 0.6643475 Vali Loss: 0.6003206 Test Loss: 0.2471382
Validation loss decreased (0.623477 --> 0.600321).  Saving model ...
Updating learning rate to 0.0001
	iters: 100, epoch: 4 | loss: 0.6539865
	speed: 0.3000s/iter; left time: 8235.6485s
	iters: 200, epoch: 4 | loss: 0.6149548
	speed: 0.1305s/iter; left time: 3569.4078s
Epoch: 4 cost time: 37.05368232727051
Epoch: 4, Steps: 284 | Train Loss: 0.6356693 Vali Loss: 0.5760390 Test Loss: 0.2401021
Validation loss decreased (0.600321 --> 0.576039).  Saving model ...
Updating learning rate to 9e-05
	iters: 100, epoch: 5 | loss: 0.7941765
	speed: 0.3002s/iter; left time: 8156.2465s
	iters: 200, epoch: 5 | loss: 0.6159636
	speed: 0.1306s/iter; left time: 3534.3807s
Epoch: 5 cost time: 37.0569908618927
Epoch: 5, Steps: 284 | Train Loss: 0.6092792 Vali Loss: 0.5547292 Test Loss: 0.2335416
Validation loss decreased (0.576039 --> 0.554729).  Saving model ...
Updating learning rate to 8.1e-05
	iters: 100, epoch: 6 | loss: 0.7115458
	speed: 0.3001s/iter; left time: 8067.0522s
	iters: 200, epoch: 6 | loss: 0.6727081
	speed: 0.1304s/iter; left time: 3493.0686s
Epoch: 6 cost time: 37.0301833152771
Epoch: 6, Steps: 284 | Train Loss: 0.5857054 Vali Loss: 0.5355697 Test Loss: 0.2276776
Validation loss decreased (0.554729 --> 0.535570).  Saving model ...
Updating learning rate to 7.290000000000001e-05
	iters: 100, epoch: 7 | loss: 0.6293351
	speed: 0.3000s/iter; left time: 7978.5519s
	iters: 200, epoch: 7 | loss: 0.9657043
	speed: 0.1304s/iter; left time: 3456.4814s
Epoch: 7 cost time: 37.02733540534973
Epoch: 7, Steps: 284 | Train Loss: 0.5669923 Vali Loss: 0.5232662 Test Loss: 0.2224616
Validation loss decreased (0.535570 --> 0.523266).  Saving model ...
Updating learning rate to 6.561e-05
	iters: 100, epoch: 8 | loss: 0.6904352
	speed: 0.3009s/iter; left time: 7916.3129s
	iters: 200, epoch: 8 | loss: 0.4235383
	speed: 0.1303s/iter; left time: 3416.3750s
Epoch: 8 cost time: 36.99728775024414
Epoch: 8, Steps: 284 | Train Loss: 0.5509555 Vali Loss: 0.5126475 Test Loss: 0.2178356
Validation loss decreased (0.523266 --> 0.512648).  Saving model ...
Updating learning rate to 5.904900000000001e-05
	iters: 100, epoch: 9 | loss: 0.4875848
	speed: 0.2998s/iter; left time: 7802.3487s
	iters: 200, epoch: 9 | loss: 0.7053368
	speed: 0.1303s/iter; left time: 3378.8658s
Epoch: 9 cost time: 37.00091886520386
Epoch: 9, Steps: 284 | Train Loss: 0.5376040 Vali Loss: 0.5028275 Test Loss: 0.2137140
Validation loss decreased (0.512648 --> 0.502828).  Saving model ...
Updating learning rate to 5.3144100000000005e-05
	iters: 100, epoch: 10 | loss: 0.4822943
	speed: 0.2996s/iter; left time: 7712.6849s
	iters: 200, epoch: 10 | loss: 0.8455534
	speed: 0.1302s/iter; left time: 3339.8288s
Epoch: 10 cost time: 36.97619080543518
Epoch: 10, Steps: 284 | Train Loss: 0.5268328 Vali Loss: 0.4943694 Test Loss: 0.2100782
Validation loss decreased (0.502828 --> 0.494369).  Saving model ...
Updating learning rate to 4.782969000000001e-05
	iters: 100, epoch: 11 | loss: 0.5175180
	speed: 0.2995s/iter; left time: 7625.2260s
	iters: 200, epoch: 11 | loss: 0.4274307
	speed: 0.1302s/iter; left time: 3302.2752s
Epoch: 11 cost time: 36.97072505950928
Epoch: 11, Steps: 284 | Train Loss: 0.5174558 Vali Loss: 0.4850903 Test Loss: 0.2068385
Validation loss decreased (0.494369 --> 0.485090).  Saving model ...
Updating learning rate to 4.304672100000001e-05
	iters: 100, epoch: 12 | loss: 0.4030546
	speed: 0.2995s/iter; left time: 7541.6349s
	iters: 200, epoch: 12 | loss: 0.4368415
	speed: 0.1302s/iter; left time: 3264.9479s
Epoch: 12 cost time: 36.97126245498657
Epoch: 12, Steps: 284 | Train Loss: 0.5089998 Vali Loss: 0.4767431 Test Loss: 0.2038481
Validation loss decreased (0.485090 --> 0.476743).  Saving model ...
Updating learning rate to 3.874204890000001e-05
	iters: 100, epoch: 13 | loss: 0.9690695
	speed: 0.3003s/iter; left time: 7475.7940s
	iters: 200, epoch: 13 | loss: 0.4259936
	speed: 0.1302s/iter; left time: 3227.0175s
Epoch: 13 cost time: 36.96110200881958
Epoch: 13, Steps: 284 | Train Loss: 0.5029943 Vali Loss: 0.4715870 Test Loss: 0.2012351
Validation loss decreased (0.476743 --> 0.471587).  Saving model ...
Updating learning rate to 3.486784401000001e-05
	iters: 100, epoch: 14 | loss: 0.7452316
	speed: 0.2996s/iter; left time: 7371.9935s
	iters: 200, epoch: 14 | loss: 0.5525131
	speed: 0.1302s/iter; left time: 3191.6582s
Epoch: 14 cost time: 36.98034310340881
Epoch: 14, Steps: 284 | Train Loss: 0.4974868 Vali Loss: 0.4683126 Test Loss: 0.1988847
Validation loss decreased (0.471587 --> 0.468313).  Saving model ...
Updating learning rate to 3.138105960900001e-05
	iters: 100, epoch: 15 | loss: 0.3965946
	speed: 0.2995s/iter; left time: 7285.8041s
	iters: 200, epoch: 15 | loss: 0.3422827
	speed: 0.1302s/iter; left time: 3153.6744s
Epoch: 15 cost time: 36.96484112739563
Epoch: 15, Steps: 284 | Train Loss: 0.4925213 Vali Loss: 0.4628537 Test Loss: 0.1968041
Validation loss decreased (0.468313 --> 0.462854).  Saving model ...
Updating learning rate to 2.824295364810001e-05
	iters: 100, epoch: 16 | loss: 0.6607872
	speed: 0.2994s/iter; left time: 7198.4878s
	iters: 200, epoch: 16 | loss: 0.7826985
	speed: 0.1301s/iter; left time: 3115.0915s
Epoch: 16 cost time: 36.95295286178589
Epoch: 16, Steps: 284 | Train Loss: 0.4883469 Vali Loss: 0.4592041 Test Loss: 0.1949657
Validation loss decreased (0.462854 --> 0.459204).  Saving model ...
Updating learning rate to 2.541865828329001e-05
	iters: 100, epoch: 17 | loss: 0.4163558
	speed: 0.2995s/iter; left time: 7114.9620s
	iters: 200, epoch: 17 | loss: 0.9223975
	speed: 0.1301s/iter; left time: 3078.5737s
Epoch: 17 cost time: 36.9547119140625
Epoch: 17, Steps: 284 | Train Loss: 0.4844132 Vali Loss: 0.4559277 Test Loss: 0.1932850
Validation loss decreased (0.459204 --> 0.455928).  Saving model ...
Updating learning rate to 2.287679245496101e-05
	iters: 100, epoch: 18 | loss: 0.3098554
	speed: 0.2994s/iter; left time: 7028.6408s
	iters: 200, epoch: 18 | loss: 0.5564102
	speed: 0.1302s/iter; left time: 3042.3745s
Epoch: 18 cost time: 36.9674654006958
Epoch: 18, Steps: 284 | Train Loss: 0.4816337 Vali Loss: 0.4526796 Test Loss: 0.1918160
Validation loss decreased (0.455928 --> 0.452680).  Saving model ...
Updating learning rate to 2.0589113209464907e-05
	iters: 100, epoch: 19 | loss: 0.8622241
	speed: 0.2994s/iter; left time: 6942.6658s
	iters: 200, epoch: 19 | loss: 0.5757689
	speed: 0.1301s/iter; left time: 3003.6659s
Epoch: 19 cost time: 36.953959465026855
Epoch: 19, Steps: 284 | Train Loss: 0.4790389 Vali Loss: 0.4506392 Test Loss: 0.1904850
Validation loss decreased (0.452680 --> 0.450639).  Saving model ...
Updating learning rate to 1.8530201888518416e-05
	iters: 100, epoch: 20 | loss: 0.4972667
	speed: 0.2995s/iter; left time: 6859.0726s
	iters: 200, epoch: 20 | loss: 0.4217461
	speed: 0.1301s/iter; left time: 2966.5268s
Epoch: 20 cost time: 36.951056480407715
Epoch: 20, Steps: 284 | Train Loss: 0.4766280 Vali Loss: 0.4474467 Test Loss: 0.1893371
Validation loss decreased (0.450639 --> 0.447447).  Saving model ...
Updating learning rate to 1.6677181699666577e-05
	iters: 100, epoch: 21 | loss: 0.3350156
	speed: 0.2996s/iter; left time: 6776.2797s
	iters: 200, epoch: 21 | loss: 0.3977734
	speed: 0.1301s/iter; left time: 2930.3769s
Epoch: 21 cost time: 36.963778018951416
Epoch: 21, Steps: 284 | Train Loss: 0.4736050 Vali Loss: 0.4438177 Test Loss: 0.1882610
Validation loss decreased (0.447447 --> 0.443818).  Saving model ...
Updating learning rate to 1.5009463529699919e-05
	iters: 100, epoch: 22 | loss: 0.3381528
	speed: 0.2995s/iter; left time: 6689.5851s
	iters: 200, epoch: 22 | loss: 0.4643404
	speed: 0.1302s/iter; left time: 2894.6825s
Epoch: 22 cost time: 36.96716833114624
Epoch: 22, Steps: 284 | Train Loss: 0.4723901 Vali Loss: 0.4438381 Test Loss: 0.1873091
EarlyStopping counter: 1 out of 20
Updating learning rate to 1.3508517176729929e-05
	iters: 100, epoch: 23 | loss: 0.3331021
	speed: 0.2989s/iter; left time: 6592.5252s
	iters: 200, epoch: 23 | loss: 0.4319974
	speed: 0.1301s/iter; left time: 2856.3217s
Epoch: 23 cost time: 36.95994210243225
Epoch: 23, Steps: 284 | Train Loss: 0.4703730 Vali Loss: 0.4413720 Test Loss: 0.1864690
Validation loss decreased (0.443818 --> 0.441372).  Saving model ...
Updating learning rate to 1.2157665459056936e-05
	iters: 100, epoch: 24 | loss: 0.5163978
	speed: 0.2995s/iter; left time: 6520.5013s
	iters: 200, epoch: 24 | loss: 0.4056202
	speed: 0.1302s/iter; left time: 2820.6892s
Epoch: 24 cost time: 36.96674704551697
Epoch: 24, Steps: 284 | Train Loss: 0.4694338 Vali Loss: 0.4411941 Test Loss: 0.1856985
Validation loss decreased (0.441372 --> 0.441194).  Saving model ...
Updating learning rate to 1.0941898913151242e-05
	iters: 100, epoch: 25 | loss: 0.3917590
	speed: 0.2994s/iter; left time: 6432.4326s
	iters: 200, epoch: 25 | loss: 0.5671700
	speed: 0.1301s/iter; left time: 2782.3725s
Epoch: 25 cost time: 36.956790924072266
Epoch: 25, Steps: 284 | Train Loss: 0.4672012 Vali Loss: 0.4391509 Test Loss: 0.1849963
Validation loss decreased (0.441194 --> 0.439151).  Saving model ...
Updating learning rate to 9.847709021836118e-06
	iters: 100, epoch: 26 | loss: 0.3423560
	speed: 0.2992s/iter; left time: 6344.1679s
	iters: 200, epoch: 26 | loss: 0.3688796
	speed: 0.1301s/iter; left time: 2745.0835s
Epoch: 26 cost time: 36.954251527786255
Epoch: 26, Steps: 284 | Train Loss: 0.4675480 Vali Loss: 0.4357657 Test Loss: 0.1843918
Validation loss decreased (0.439151 --> 0.435766).  Saving model ...
Updating learning rate to 8.862938119652508e-06
	iters: 100, epoch: 27 | loss: 0.3985012
	speed: 0.2995s/iter; left time: 6265.3179s
	iters: 200, epoch: 27 | loss: 0.3427353
	speed: 0.1301s/iter; left time: 2709.1082s
Epoch: 27 cost time: 36.963799476623535
Epoch: 27, Steps: 284 | Train Loss: 0.4663338 Vali Loss: 0.4371709 Test Loss: 0.1838611
EarlyStopping counter: 1 out of 20
Updating learning rate to 7.976644307687255e-06
	iters: 100, epoch: 28 | loss: 0.3299627
	speed: 0.2990s/iter; left time: 6169.5351s
	iters: 200, epoch: 28 | loss: 0.4065857
	speed: 0.1302s/iter; left time: 2672.7081s
Epoch: 28 cost time: 36.97183084487915
Epoch: 28, Steps: 284 | Train Loss: 0.4655398 Vali Loss: 0.4355083 Test Loss: 0.1833784
Validation loss decreased (0.435766 --> 0.435508).  Saving model ...
Updating learning rate to 7.178979876918531e-06
	iters: 100, epoch: 29 | loss: 0.3796584
	speed: 0.2997s/iter; left time: 6097.7690s
	iters: 200, epoch: 29 | loss: 0.4307025
	speed: 0.1301s/iter; left time: 2635.3826s
Epoch: 29 cost time: 36.96555423736572
Epoch: 29, Steps: 284 | Train Loss: 0.4639155 Vali Loss: 0.4336246 Test Loss: 0.1829600
Validation loss decreased (0.435508 --> 0.433625).  Saving model ...
Updating learning rate to 6.4610818892266776e-06
	iters: 100, epoch: 30 | loss: 0.4388607
	speed: 0.2988s/iter; left time: 5994.6471s
	iters: 200, epoch: 30 | loss: 0.6794112
	speed: 0.1294s/iter; left time: 2583.3162s
Epoch: 30 cost time: 36.747124433517456
Epoch: 30, Steps: 284 | Train Loss: 0.4638741 Vali Loss: 0.4315298 Test Loss: 0.1825643
Validation loss decreased (0.433625 --> 0.431530).  Saving model ...
Updating learning rate to 5.8149737003040096e-06
	iters: 100, epoch: 31 | loss: 0.3282621
	speed: 0.2983s/iter; left time: 5899.9938s
	iters: 200, epoch: 31 | loss: 0.3493136
	speed: 0.1294s/iter; left time: 2546.3202s
Epoch: 31 cost time: 36.75502157211304
Epoch: 31, Steps: 284 | Train Loss: 0.4634788 Vali Loss: 0.4335492 Test Loss: 0.1822155
EarlyStopping counter: 1 out of 20
Updating learning rate to 5.23347633027361e-06
	iters: 100, epoch: 32 | loss: 0.4969068
	speed: 0.2976s/iter; left time: 5803.0710s
	iters: 200, epoch: 32 | loss: 0.5851378
	speed: 0.1295s/iter; left time: 2510.9842s
Epoch: 32 cost time: 36.75648832321167
Epoch: 32, Steps: 284 | Train Loss: 0.4628776 Vali Loss: 0.4326325 Test Loss: 0.1819285
EarlyStopping counter: 2 out of 20
Updating learning rate to 4.710128697246249e-06
	iters: 100, epoch: 33 | loss: 0.5578185
	speed: 0.2976s/iter; left time: 5718.5595s
	iters: 200, epoch: 33 | loss: 0.3306556
	speed: 0.1293s/iter; left time: 2471.7580s
Epoch: 33 cost time: 36.73073768615723
Epoch: 33, Steps: 284 | Train Loss: 0.4624771 Vali Loss: 0.4319844 Test Loss: 0.1816232
EarlyStopping counter: 3 out of 20
Updating learning rate to 4.239115827521624e-06
	iters: 100, epoch: 34 | loss: 0.4111667
	speed: 0.2974s/iter; left time: 5630.0701s
	iters: 200, epoch: 34 | loss: 0.3153997
	speed: 0.1293s/iter; left time: 2435.2858s
Epoch: 34 cost time: 36.73780131340027
Epoch: 34, Steps: 284 | Train Loss: 0.4622909 Vali Loss: 0.4317534 Test Loss: 0.1813607
EarlyStopping counter: 4 out of 20
Updating learning rate to 3.815204244769462e-06
	iters: 100, epoch: 35 | loss: 0.7522467
	speed: 0.2976s/iter; left time: 5548.7858s
	iters: 200, epoch: 35 | loss: 0.6140480
	speed: 0.1294s/iter; left time: 2399.1219s
Epoch: 35 cost time: 36.74094915390015
Epoch: 35, Steps: 284 | Train Loss: 0.4618009 Vali Loss: 0.4320849 Test Loss: 0.1811665
EarlyStopping counter: 5 out of 20
Updating learning rate to 3.4336838202925152e-06
	iters: 100, epoch: 36 | loss: 0.4236911
	speed: 0.2973s/iter; left time: 5459.3512s
	iters: 200, epoch: 36 | loss: 0.5918340
	speed: 0.1294s/iter; left time: 2363.1310s
Epoch: 36 cost time: 36.75077939033508
Epoch: 36, Steps: 284 | Train Loss: 0.4613064 Vali Loss: 0.4273940 Test Loss: 0.1809520
Validation loss decreased (0.431530 --> 0.427394).  Saving model ...
Updating learning rate to 3.090315438263264e-06
	iters: 100, epoch: 37 | loss: 0.3830486
	speed: 0.2980s/iter; left time: 5387.6519s
	iters: 200, epoch: 37 | loss: 0.3828122
	speed: 0.1294s/iter; left time: 2325.3856s
Epoch: 37 cost time: 36.74297070503235
Epoch: 37, Steps: 284 | Train Loss: 0.4613090 Vali Loss: 0.4311922 Test Loss: 0.1807552
EarlyStopping counter: 1 out of 20
Updating learning rate to 2.7812838944369375e-06
	iters: 100, epoch: 38 | loss: 0.3903782
	speed: 0.2974s/iter; left time: 5292.0816s
	iters: 200, epoch: 38 | loss: 0.4124317
	speed: 0.1293s/iter; left time: 2288.5655s
Epoch: 38 cost time: 36.737736225128174
Epoch: 38, Steps: 284 | Train Loss: 0.4609530 Vali Loss: 0.4294620 Test Loss: 0.1806346
EarlyStopping counter: 2 out of 20
Updating learning rate to 2.503155504993244e-06
	iters: 100, epoch: 39 | loss: 0.6603526
	speed: 0.2974s/iter; left time: 5207.9800s
	iters: 200, epoch: 39 | loss: 0.3612082
	speed: 0.1294s/iter; left time: 2252.8278s
Epoch: 39 cost time: 36.771923780441284
Epoch: 39, Steps: 284 | Train Loss: 0.4606276 Vali Loss: 0.4289051 Test Loss: 0.1804715
EarlyStopping counter: 3 out of 20
Updating learning rate to 2.2528399544939195e-06
	iters: 100, epoch: 40 | loss: 0.6668804
	speed: 0.2984s/iter; left time: 5139.1812s
	iters: 200, epoch: 40 | loss: 0.8516286
	speed: 0.1301s/iter; left time: 2227.9014s
Epoch: 40 cost time: 36.967058420181274
Epoch: 40, Steps: 284 | Train Loss: 0.4594317 Vali Loss: 0.4287480 Test Loss: 0.1803614
EarlyStopping counter: 4 out of 20
Updating learning rate to 2.0275559590445276e-06
	iters: 100, epoch: 41 | loss: 0.5890918
	speed: 0.2989s/iter; left time: 5063.6115s
	iters: 200, epoch: 41 | loss: 0.4275652
	speed: 0.1301s/iter; left time: 2191.6431s
Epoch: 41 cost time: 36.954909324645996
Epoch: 41, Steps: 284 | Train Loss: 0.4603469 Vali Loss: 0.4275596 Test Loss: 0.1802363
EarlyStopping counter: 5 out of 20
Updating learning rate to 1.8248003631400751e-06
	iters: 100, epoch: 42 | loss: 0.7279712
	speed: 0.2987s/iter; left time: 4975.4603s
	iters: 200, epoch: 42 | loss: 0.4962341
	speed: 0.1301s/iter; left time: 2154.2401s
Epoch: 42 cost time: 36.95693230628967
Epoch: 42, Steps: 284 | Train Loss: 0.4601085 Vali Loss: 0.4286183 Test Loss: 0.1801248
EarlyStopping counter: 6 out of 20
Updating learning rate to 1.6423203268260676e-06
	iters: 100, epoch: 43 | loss: 0.3882435
	speed: 0.2990s/iter; left time: 4895.4771s
	iters: 200, epoch: 43 | loss: 0.3657343
	speed: 0.1302s/iter; left time: 2119.5009s
Epoch: 43 cost time: 36.9979772567749
Epoch: 43, Steps: 284 | Train Loss: 0.4599712 Vali Loss: 0.4298387 Test Loss: 0.1800196
EarlyStopping counter: 7 out of 20
Updating learning rate to 1.4780882941434609e-06
	iters: 100, epoch: 44 | loss: 0.4136123
	speed: 0.2996s/iter; left time: 4819.7367s
	iters: 200, epoch: 44 | loss: 0.4688861
	speed: 0.1306s/iter; left time: 2088.0724s
Epoch: 44 cost time: 37.09191536903381
Epoch: 44, Steps: 284 | Train Loss: 0.4587997 Vali Loss: 0.4275982 Test Loss: 0.1799307
EarlyStopping counter: 8 out of 20
Updating learning rate to 1.3302794647291146e-06
	iters: 100, epoch: 45 | loss: 0.3441027
	speed: 0.3001s/iter; left time: 4742.6822s
	iters: 200, epoch: 45 | loss: 0.3851859
	speed: 0.1309s/iter; left time: 2055.5534s
Epoch: 45 cost time: 37.15074038505554
Epoch: 45, Steps: 284 | Train Loss: 0.4596780 Vali Loss: 0.4287741 Test Loss: 0.1798529
EarlyStopping counter: 9 out of 20
Updating learning rate to 1.1972515182562034e-06
	iters: 100, epoch: 46 | loss: 0.4347934
	speed: 0.3006s/iter; left time: 4664.9888s
	iters: 200, epoch: 46 | loss: 0.5675303
	speed: 0.1311s/iter; left time: 2020.9884s
Epoch: 46 cost time: 37.20532202720642
Epoch: 46, Steps: 284 | Train Loss: 0.4594701 Vali Loss: 0.4274287 Test Loss: 0.1797960
EarlyStopping counter: 10 out of 20
Updating learning rate to 1.077526366430583e-06
	iters: 100, epoch: 47 | loss: 0.5367127
	speed: 0.3007s/iter; left time: 4582.1751s
	iters: 200, epoch: 47 | loss: 0.3200125
	speed: 0.1312s/iter; left time: 1985.5426s
Epoch: 47 cost time: 37.24312782287598
Epoch: 47, Steps: 284 | Train Loss: 0.4591849 Vali Loss: 0.4288994 Test Loss: 0.1797486
EarlyStopping counter: 11 out of 20
Updating learning rate to 9.697737297875248e-07
	iters: 100, epoch: 48 | loss: 0.4170287
	speed: 0.3011s/iter; left time: 4502.7415s
	iters: 200, epoch: 48 | loss: 0.4323808
	speed: 0.1312s/iter; left time: 1949.2878s
Epoch: 48 cost time: 37.25891876220703
Epoch: 48, Steps: 284 | Train Loss: 0.4592526 Vali Loss: 0.4282052 Test Loss: 0.1796807
EarlyStopping counter: 12 out of 20
Updating learning rate to 8.727963568087723e-07
	iters: 100, epoch: 49 | loss: 0.4387473
	speed: 0.3013s/iter; left time: 4419.1608s
	iters: 200, epoch: 49 | loss: 0.8606305
	speed: 0.1314s/iter; left time: 1914.8264s
Epoch: 49 cost time: 37.30328559875488
Epoch: 49, Steps: 284 | Train Loss: 0.4589074 Vali Loss: 0.4297145 Test Loss: 0.1796360
EarlyStopping counter: 13 out of 20
Updating learning rate to 7.855167211278951e-07
	iters: 100, epoch: 50 | loss: 0.5370785
	speed: 0.3016s/iter; left time: 4338.8920s
	iters: 200, epoch: 50 | loss: 0.3044509
	speed: 0.1315s/iter; left time: 1877.9117s
Epoch: 50 cost time: 37.33317232131958
Epoch: 50, Steps: 284 | Train Loss: 0.4591741 Vali Loss: 0.4277344 Test Loss: 0.1795958
EarlyStopping counter: 14 out of 20
Updating learning rate to 7.069650490151056e-07
	iters: 100, epoch: 51 | loss: 0.3923686
	speed: 0.3019s/iter; left time: 4257.2182s
	iters: 200, epoch: 51 | loss: 0.6041805
	speed: 0.1316s/iter; left time: 1842.5076s
Epoch: 51 cost time: 37.36645174026489
Epoch: 51, Steps: 284 | Train Loss: 0.4580874 Vali Loss: 0.4276117 Test Loss: 0.1795458
EarlyStopping counter: 15 out of 20
Updating learning rate to 6.36268544113595e-07
	iters: 100, epoch: 52 | loss: 0.3863958
	speed: 0.3019s/iter; left time: 4170.9680s
	iters: 200, epoch: 52 | loss: 0.4992284
	speed: 0.1317s/iter; left time: 1806.1673s
Epoch: 52 cost time: 37.374568462371826
Epoch: 52, Steps: 284 | Train Loss: 0.4582900 Vali Loss: 0.4282660 Test Loss: 0.1795198
EarlyStopping counter: 16 out of 20
Updating learning rate to 5.726416897022355e-07
	iters: 100, epoch: 53 | loss: 0.4147825
	speed: 0.3021s/iter; left time: 4087.9196s
	iters: 200, epoch: 53 | loss: 0.3964478
	speed: 0.1317s/iter; left time: 1769.1323s
Epoch: 53 cost time: 37.401365756988525
Epoch: 53, Steps: 284 | Train Loss: 0.4586355 Vali Loss: 0.4287410 Test Loss: 0.1794735
EarlyStopping counter: 17 out of 20
Updating learning rate to 5.15377520732012e-07
	iters: 100, epoch: 54 | loss: 0.4703161
	speed: 0.3022s/iter; left time: 4004.2011s
	iters: 200, epoch: 54 | loss: 0.4850835
	speed: 0.1318s/iter; left time: 1732.5371s
Epoch: 54 cost time: 37.41841793060303
Epoch: 54, Steps: 284 | Train Loss: 0.4573757 Vali Loss: 0.4274544 Test Loss: 0.1794489
EarlyStopping counter: 18 out of 20
Updating learning rate to 4.6383976865881085e-07
	iters: 100, epoch: 55 | loss: 0.6734722
	speed: 0.3023s/iter; left time: 3919.3274s
	iters: 200, epoch: 55 | loss: 0.4175501
	speed: 0.1316s/iter; left time: 1692.9825s
Epoch: 55 cost time: 37.38015580177307
Epoch: 55, Steps: 284 | Train Loss: 0.4588270 Vali Loss: 0.4272786 Test Loss: 0.1794205
Validation loss decreased (0.427394 --> 0.427279).  Saving model ...
Updating learning rate to 4.174557917929298e-07
	iters: 100, epoch: 56 | loss: 0.6114542
	speed: 0.3024s/iter; left time: 3834.3899s
	iters: 200, epoch: 56 | loss: 0.3575478
	speed: 0.1313s/iter; left time: 1652.0590s
Epoch: 56 cost time: 37.29287791252136
Epoch: 56, Steps: 284 | Train Loss: 0.4579707 Vali Loss: 0.4285241 Test Loss: 0.1794028
EarlyStopping counter: 1 out of 20
Updating learning rate to 3.7571021261363677e-07
	iters: 100, epoch: 57 | loss: 0.4141568
	speed: 0.3011s/iter; left time: 3732.9576s
	iters: 200, epoch: 57 | loss: 0.5444677
	speed: 0.1310s/iter; left time: 1611.1125s
Epoch: 57 cost time: 37.21115803718567
Epoch: 57, Steps: 284 | Train Loss: 0.4588584 Vali Loss: 0.4279856 Test Loss: 0.1793779
EarlyStopping counter: 2 out of 20
Updating learning rate to 3.381391913522731e-07
	iters: 100, epoch: 58 | loss: 0.8481523
	speed: 0.3005s/iter; left time: 3639.7119s
	iters: 200, epoch: 58 | loss: 0.3956369
	speed: 0.1307s/iter; left time: 1570.5195s
Epoch: 58 cost time: 37.136096477508545
Epoch: 58, Steps: 284 | Train Loss: 0.4588470 Vali Loss: 0.4285416 Test Loss: 0.1793795
EarlyStopping counter: 3 out of 20
Updating learning rate to 3.043252722170458e-07
	iters: 100, epoch: 59 | loss: 0.6404077
	speed: 0.3001s/iter; left time: 3550.4600s
	iters: 200, epoch: 59 | loss: 0.4541190
	speed: 0.1307s/iter; left time: 1533.2411s
Epoch: 59 cost time: 37.113479137420654
Epoch: 59, Steps: 284 | Train Loss: 0.4588082 Vali Loss: 0.4263577 Test Loss: 0.1793385
Validation loss decreased (0.427279 --> 0.426358).  Saving model ...
Updating learning rate to 2.7389274499534124e-07
	iters: 100, epoch: 60 | loss: 0.5478584
	speed: 0.3003s/iter; left time: 3466.9404s
	iters: 200, epoch: 60 | loss: 0.5625528
	speed: 0.1304s/iter; left time: 1492.8651s
Epoch: 60 cost time: 37.04771852493286
Epoch: 60, Steps: 284 | Train Loss: 0.4585916 Vali Loss: 0.4262099 Test Loss: 0.1793195
Validation loss decreased (0.426358 --> 0.426210).  Saving model ...
Updating learning rate to 2.465034704958071e-07
	iters: 100, epoch: 61 | loss: 0.3617737
	speed: 0.3001s/iter; left time: 3379.7886s
	iters: 200, epoch: 61 | loss: 0.5990158
	speed: 0.1304s/iter; left time: 1455.4417s
Epoch: 61 cost time: 37.0302836894989
Epoch: 61, Steps: 284 | Train Loss: 0.4579644 Vali Loss: 0.4293559 Test Loss: 0.1793230
EarlyStopping counter: 1 out of 20
Updating learning rate to 2.218531234462264e-07
	iters: 100, epoch: 62 | loss: 0.6662077
	speed: 0.2994s/iter; left time: 3286.4850s
	iters: 200, epoch: 62 | loss: 0.3925961
	speed: 0.1304s/iter; left time: 1418.5786s
Epoch: 62 cost time: 37.01857614517212
Epoch: 62, Steps: 284 | Train Loss: 0.4588498 Vali Loss: 0.4250932 Test Loss: 0.1793056
Validation loss decreased (0.426210 --> 0.425093).  Saving model ...
Updating learning rate to 1.9966781110160376e-07
	iters: 100, epoch: 63 | loss: 0.6118515
	speed: 0.2997s/iter; left time: 3205.0112s
	iters: 200, epoch: 63 | loss: 0.7718121
	speed: 0.1304s/iter; left time: 1381.0871s
Epoch: 63 cost time: 37.01172184944153
Epoch: 63, Steps: 284 | Train Loss: 0.4586256 Vali Loss: 0.4282823 Test Loss: 0.1792969
EarlyStopping counter: 1 out of 20
Updating learning rate to 1.797010299914434e-07
	iters: 100, epoch: 64 | loss: 0.4135823
	speed: 0.2992s/iter; left time: 3114.6860s
	iters: 200, epoch: 64 | loss: 0.6134180
	speed: 0.1303s/iter; left time: 1343.2466s
Epoch: 64 cost time: 36.999064445495605
Epoch: 64, Steps: 284 | Train Loss: 0.4583118 Vali Loss: 0.4277767 Test Loss: 0.1792830
EarlyStopping counter: 2 out of 20
Updating learning rate to 1.6173092699229907e-07
	iters: 100, epoch: 65 | loss: 0.3124897
	speed: 0.2993s/iter; left time: 3030.4402s
	iters: 200, epoch: 65 | loss: 0.4028349
	speed: 0.1303s/iter; left time: 1306.2855s
Epoch: 65 cost time: 37.003915786743164
Epoch: 65, Steps: 284 | Train Loss: 0.4576897 Vali Loss: 0.4275519 Test Loss: 0.1793033
EarlyStopping counter: 3 out of 20
Updating learning rate to 1.4555783429306916e-07
	iters: 100, epoch: 66 | loss: 0.4384994
	speed: 0.2991s/iter; left time: 2943.7967s
	iters: 200, epoch: 66 | loss: 0.3723636
	speed: 0.1303s/iter; left time: 1269.5281s
Epoch: 66 cost time: 37.00198316574097
Epoch: 66, Steps: 284 | Train Loss: 0.4575733 Vali Loss: 0.4261888 Test Loss: 0.1792671
EarlyStopping counter: 4 out of 20
Updating learning rate to 1.3100205086376224e-07
	iters: 100, epoch: 67 | loss: 0.4038475
	speed: 0.2991s/iter; left time: 2858.8679s
	iters: 200, epoch: 67 | loss: 0.3559267
	speed: 0.1303s/iter; left time: 1232.0817s
Epoch: 67 cost time: 36.98190665245056
Epoch: 67, Steps: 284 | Train Loss: 0.4584691 Vali Loss: 0.4283253 Test Loss: 0.1792583
EarlyStopping counter: 5 out of 20
Updating learning rate to 1.1790184577738603e-07
	iters: 100, epoch: 68 | loss: 0.3781273
	speed: 0.2988s/iter; left time: 2771.0196s
	iters: 200, epoch: 68 | loss: 0.4152892
	speed: 0.1303s/iter; left time: 1194.9263s
Epoch: 68 cost time: 36.98349165916443
Epoch: 68, Steps: 284 | Train Loss: 0.4584920 Vali Loss: 0.4283874 Test Loss: 0.1792509
EarlyStopping counter: 6 out of 20
Updating learning rate to 1.0611166119964742e-07
	iters: 100, epoch: 69 | loss: 0.8624681
	speed: 0.2990s/iter; left time: 2687.8668s
	iters: 200, epoch: 69 | loss: 0.3719784
	speed: 0.1303s/iter; left time: 1157.9933s
Epoch: 69 cost time: 36.98771548271179
Epoch: 69, Steps: 284 | Train Loss: 0.4585729 Vali Loss: 0.4290392 Test Loss: 0.1792498
EarlyStopping counter: 7 out of 20
Updating learning rate to 9.550049507968268e-08
	iters: 100, epoch: 70 | loss: 0.4456156
	speed: 0.2990s/iter; left time: 2603.1620s
	iters: 200, epoch: 70 | loss: 0.3792808
	speed: 0.1303s/iter; left time: 1121.0146s
Epoch: 70 cost time: 36.990246057510376
Epoch: 70, Steps: 284 | Train Loss: 0.4583158 Vali Loss: 0.4268613 Test Loss: 0.1792614
EarlyStopping counter: 8 out of 20
Updating learning rate to 8.595044557171442e-08
	iters: 100, epoch: 71 | loss: 0.6113641
	speed: 0.2992s/iter; left time: 2519.6391s
	iters: 200, epoch: 71 | loss: 0.3954841
	speed: 0.1303s/iter; left time: 1084.1019s
Epoch: 71 cost time: 36.98947286605835
Epoch: 71, Steps: 284 | Train Loss: 0.4583544 Vali Loss: 0.4273593 Test Loss: 0.1792520
EarlyStopping counter: 9 out of 20
Updating learning rate to 7.735540101454298e-08
	iters: 100, epoch: 72 | loss: 0.4185601
	speed: 0.2989s/iter; left time: 2432.1471s
	iters: 200, epoch: 72 | loss: 0.4056435
	speed: 0.1303s/iter; left time: 1046.8563s
Epoch: 72 cost time: 36.98480439186096
Epoch: 72, Steps: 284 | Train Loss: 0.4584207 Vali Loss: 0.4275898 Test Loss: 0.1792409
EarlyStopping counter: 10 out of 20
Updating learning rate to 6.961986091308869e-08
	iters: 100, epoch: 73 | loss: 0.3574686
	speed: 0.2990s/iter; left time: 2348.4135s
	iters: 200, epoch: 73 | loss: 0.3991082
	speed: 0.1302s/iter; left time: 1009.7695s
Epoch: 73 cost time: 36.98098278045654
Epoch: 73, Steps: 284 | Train Loss: 0.4583703 Vali Loss: 0.4261162 Test Loss: 0.1792227
EarlyStopping counter: 11 out of 20
Updating learning rate to 6.265787482177981e-08
	iters: 100, epoch: 74 | loss: 0.6546997
	speed: 0.2990s/iter; left time: 2263.1515s
	iters: 200, epoch: 74 | loss: 0.8722960
	speed: 0.1302s/iter; left time: 972.4581s
Epoch: 74 cost time: 36.97055435180664
Epoch: 74, Steps: 284 | Train Loss: 0.4584232 Vali Loss: 0.4282680 Test Loss: 0.1792042
EarlyStopping counter: 12 out of 20
Updating learning rate to 5.639208733960184e-08
	iters: 100, epoch: 75 | loss: 0.4417629
	speed: 0.2990s/iter; left time: 2178.0842s
	iters: 200, epoch: 75 | loss: 0.8208559
	speed: 0.1302s/iter; left time: 935.7358s
Epoch: 75 cost time: 36.98130464553833
Epoch: 75, Steps: 284 | Train Loss: 0.4583367 Vali Loss: 0.4280015 Test Loss: 0.1792201
EarlyStopping counter: 13 out of 20
Updating learning rate to 5.075287860564165e-08
	iters: 100, epoch: 76 | loss: 0.8568006
	speed: 0.2989s/iter; left time: 2092.8842s
	iters: 200, epoch: 76 | loss: 0.3900802
	speed: 0.1302s/iter; left time: 898.2429s
Epoch: 76 cost time: 36.96976327896118
Epoch: 76, Steps: 284 | Train Loss: 0.4580163 Vali Loss: 0.4285766 Test Loss: 0.1792324
EarlyStopping counter: 14 out of 20
Updating learning rate to 4.567759074507749e-08
	iters: 100, epoch: 77 | loss: 0.6282422
	speed: 0.2990s/iter; left time: 2008.3456s
	iters: 200, epoch: 77 | loss: 0.3566559
	speed: 0.1302s/iter; left time: 861.7263s
Epoch: 77 cost time: 36.97782039642334
Epoch: 77, Steps: 284 | Train Loss: 0.4584346 Vali Loss: 0.4269987 Test Loss: 0.1792316
EarlyStopping counter: 15 out of 20
Updating learning rate to 4.1109831670569744e-08
	iters: 100, epoch: 78 | loss: 0.4365305
	speed: 0.2988s/iter; left time: 1922.4946s
	iters: 200, epoch: 78 | loss: 0.5335653
	speed: 0.1302s/iter; left time: 824.3372s
Epoch: 78 cost time: 36.963581562042236
Epoch: 78, Steps: 284 | Train Loss: 0.4586331 Vali Loss: 0.4282417 Test Loss: 0.1792066
EarlyStopping counter: 16 out of 20
Updating learning rate to 3.6998848503512764e-08
	iters: 100, epoch: 79 | loss: 0.4301879
	speed: 0.2989s/iter; left time: 1838.2001s
	iters: 200, epoch: 79 | loss: 0.4290060
	speed: 0.1302s/iter; left time: 787.5625s
Epoch: 79 cost time: 36.96969985961914
Epoch: 79, Steps: 284 | Train Loss: 0.4586194 Vali Loss: 0.4268988 Test Loss: 0.1792175
EarlyStopping counter: 17 out of 20
Updating learning rate to 3.3298963653161496e-08
	iters: 100, epoch: 80 | loss: 0.3346730
	speed: 0.2988s/iter; left time: 1752.6332s
	iters: 200, epoch: 80 | loss: 0.3943370
	speed: 0.1302s/iter; left time: 750.3929s
Epoch: 80 cost time: 36.96976280212402
Epoch: 80, Steps: 284 | Train Loss: 0.4586729 Vali Loss: 0.4272614 Test Loss: 0.1792417
EarlyStopping counter: 18 out of 20
Updating learning rate to 2.996906728784534e-08
	iters: 100, epoch: 81 | loss: 0.4058227
	speed: 0.2989s/iter; left time: 1668.1637s
	iters: 200, epoch: 81 | loss: 0.3573840
	speed: 0.1302s/iter; left time: 713.4455s
Epoch: 81 cost time: 36.97187614440918
Epoch: 81, Steps: 284 | Train Loss: 0.4576152 Vali Loss: 0.4263671 Test Loss: 0.1792090
EarlyStopping counter: 19 out of 20
Updating learning rate to 2.697216055906081e-08
	iters: 100, epoch: 82 | loss: 0.4974497
	speed: 0.2990s/iter; left time: 1583.6288s
	iters: 200, epoch: 82 | loss: 0.3394765
	speed: 0.1302s/iter; left time: 676.6050s
Epoch: 82 cost time: 36.973156213760376
Epoch: 82, Steps: 284 | Train Loss: 0.4569001 Vali Loss: 0.4258917 Test Loss: 0.1792241
EarlyStopping counter: 20 out of 20
Early stopping
>>>>>>>testing : NL_weather_cms_lr0.0001_always_336_96_PatchTST_custom_ftM_sl336_ll48_pl96_dm128_nh16_el3_dl1_df256_fc1_ebtimeF_dtTruelr0.0001_polalways_Nested_Learning_0<<<<<<<<<<<<<<<<<<<<<<<<<<<<<<<<<
test 10444
 Ejecutando Inferencia DINÁMICA (Nested Learning con cms)
  -> Política: always | LR: 0.0001 | Target: head

RESUMEN: El CMS se actualizó 81 veces de 81 posibles.

mse:0.17894329130649567, mae:0.23109234869480133, rse:0.5572726726531982
Args in experiment:
Namespace(random_seed=2021, is_training=1, model_id='NL_weather_cms_lr0.0001_always_336_192', model='PatchTST', data='custom', root_path='./dataset/', data_path='weather.csv', features='M', target='OT', freq='h', checkpoints='./checkpoints/', seq_len=336, label_len=48, pred_len=192, head_type='cms', cms_lr=0.0001, update_policy='always', fc_dropout=0.2, head_dropout=0.0, patch_len=16, stride=8, padding_patch='end', revin=1, affine=0, subtract_last=0, decomposition=0, kernel_size=25, individual=0, embed_type=0, enc_in=21, dec_in=7, c_out=7, d_model=128, n_heads=16, e_layers=3, d_layers=1, d_ff=256, moving_avg=25, factor=1, distil=True, dropout=0.2, embed='timeF', activation='gelu', output_attention=False, do_predict=False, num_workers=0, itr=1, train_epochs=100, batch_size=128, patience=20, learning_rate=0.0001, des='Nested_Learning', loss='mse', lradj='type3', pct_start=0.3, use_amp=False, use_gpu=True, gpu=0, use_multi_gpu=False, devices='0,1,2,3', test_flop=False)
Use GPU: cuda:0
>>>>>>>start training : NL_weather_cms_lr0.0001_always_336_192_PatchTST_custom_ftM_sl336_ll48_pl192_dm128_nh16_el3_dl1_df256_fc1_ebtimeF_dtTruelr0.0001_polalways_Nested_Learning_0>>>>>>>>>>>>>>>>>>>>>>>>>>
train 36360
val 5079
test 10348
	iters: 100, epoch: 1 | loss: 1.1537951
	speed: 0.1480s/iter; left time: 4189.7432s
	iters: 200, epoch: 1 | loss: 0.8635261
	speed: 0.1301s/iter; left time: 3668.8369s
Epoch: 1 cost time: 37.08875608444214
Epoch: 1, Steps: 284 | Train Loss: 0.7379149 Vali Loss: 0.6898259 Test Loss: 0.2907935
Validation loss decreased (inf --> 0.689826).  Saving model ...
Updating learning rate to 0.0001
	iters: 100, epoch: 2 | loss: 0.6599317
	speed: 0.3014s/iter; left time: 8444.1444s
	iters: 200, epoch: 2 | loss: 0.7145351
	speed: 0.1308s/iter; left time: 3651.4932s
Epoch: 2 cost time: 37.13851308822632
Epoch: 2, Steps: 284 | Train Loss: 0.7227833 Vali Loss: 0.6733642 Test Loss: 0.2846979
Validation loss decreased (0.689826 --> 0.673364).  Saving model ...
Updating learning rate to 0.0001
	iters: 100, epoch: 3 | loss: 0.7638225
	speed: 0.3025s/iter; left time: 8389.7377s
	iters: 200, epoch: 3 | loss: 0.6418471
	speed: 0.1310s/iter; left time: 3620.3175s
Epoch: 3 cost time: 37.207642555236816
Epoch: 3, Steps: 284 | Train Loss: 0.6990525 Vali Loss: 0.6546797 Test Loss: 0.2798426
Validation loss decreased (0.673364 --> 0.654680).  Saving model ...
Updating learning rate to 0.0001
	iters: 100, epoch: 4 | loss: 0.6386155
	speed: 0.3022s/iter; left time: 8296.4211s
	iters: 200, epoch: 4 | loss: 0.5687319
	speed: 0.1309s/iter; left time: 3580.5938s
Epoch: 4 cost time: 37.176971435546875
Epoch: 4, Steps: 284 | Train Loss: 0.6791177 Vali Loss: 0.6402060 Test Loss: 0.2751996
Validation loss decreased (0.654680 --> 0.640206).  Saving model ...
Updating learning rate to 9e-05
	iters: 100, epoch: 5 | loss: 0.5646478
	speed: 0.3024s/iter; left time: 8214.0897s
	iters: 200, epoch: 5 | loss: 0.7793804
	speed: 0.1309s/iter; left time: 3543.2180s
Epoch: 5 cost time: 37.17222714424133
Epoch: 5, Steps: 284 | Train Loss: 0.6614836 Vali Loss: 0.6243441 Test Loss: 0.2709977
Validation loss decreased (0.640206 --> 0.624344).  Saving model ...
Updating learning rate to 8.1e-05
	iters: 100, epoch: 6 | loss: 0.5485039
	speed: 0.3022s/iter; left time: 8124.5568s
	iters: 200, epoch: 6 | loss: 0.5654926
	speed: 0.1309s/iter; left time: 3504.8551s
Epoch: 6 cost time: 37.167171001434326
Epoch: 6, Steps: 284 | Train Loss: 0.6465085 Vali Loss: 0.6148970 Test Loss: 0.2672601
Validation loss decreased (0.624344 --> 0.614897).  Saving model ...
Updating learning rate to 7.290000000000001e-05
	iters: 100, epoch: 7 | loss: 0.7745852
	speed: 0.3024s/iter; left time: 8043.0560s
	iters: 200, epoch: 7 | loss: 0.6938705
	speed: 0.1309s/iter; left time: 3467.1525s
Epoch: 7 cost time: 37.15842247009277
Epoch: 7, Steps: 284 | Train Loss: 0.6333198 Vali Loss: 0.6051697 Test Loss: 0.2639011
Validation loss decreased (0.614897 --> 0.605170).  Saving model ...
Updating learning rate to 6.561e-05
	iters: 100, epoch: 8 | loss: 0.6136878
	speed: 0.3017s/iter; left time: 7938.8682s
	iters: 200, epoch: 8 | loss: 0.8822095
	speed: 0.1307s/iter; left time: 3426.1771s
Epoch: 8 cost time: 37.115304708480835
Epoch: 8, Steps: 284 | Train Loss: 0.6229857 Vali Loss: 0.5981140 Test Loss: 0.2609039
Validation loss decreased (0.605170 --> 0.598114).  Saving model ...
Updating learning rate to 5.904900000000001e-05
	iters: 100, epoch: 9 | loss: 0.5575641
	speed: 0.3017s/iter; left time: 7853.7100s
	iters: 200, epoch: 9 | loss: 0.6666059
	speed: 0.1306s/iter; left time: 3387.4785s
Epoch: 9 cost time: 37.10436153411865
Epoch: 9, Steps: 284 | Train Loss: 0.6138027 Vali Loss: 0.5908878 Test Loss: 0.2582430
Validation loss decreased (0.598114 --> 0.590888).  Saving model ...
Updating learning rate to 5.3144100000000005e-05
	iters: 100, epoch: 10 | loss: 0.5677416
	speed: 0.3014s/iter; left time: 7759.1382s
	iters: 200, epoch: 10 | loss: 0.7443504
	speed: 0.1307s/iter; left time: 3352.3139s
Epoch: 10 cost time: 37.116495847702026
Epoch: 10, Steps: 284 | Train Loss: 0.6059978 Vali Loss: 0.5845540 Test Loss: 0.2558736
Validation loss decreased (0.590888 --> 0.584554).  Saving model ...
Updating learning rate to 4.782969000000001e-05
	iters: 100, epoch: 11 | loss: 0.5127570
	speed: 0.3014s/iter; left time: 7673.1846s
	iters: 200, epoch: 11 | loss: 0.6169022
	speed: 0.1307s/iter; left time: 3314.3594s
Epoch: 11 cost time: 37.105143308639526
Epoch: 11, Steps: 284 | Train Loss: 0.5991318 Vali Loss: 0.5811357 Test Loss: 0.2537588
Validation loss decreased (0.584554 --> 0.581136).  Saving model ...
Updating learning rate to 4.304672100000001e-05
	iters: 100, epoch: 12 | loss: 0.4781171
	speed: 0.3018s/iter; left time: 7597.4714s
	iters: 200, epoch: 12 | loss: 0.6286411
	speed: 0.1307s/iter; left time: 3278.2174s
Epoch: 12 cost time: 37.11097764968872
Epoch: 12, Steps: 284 | Train Loss: 0.5932290 Vali Loss: 0.5745522 Test Loss: 0.2519077
Validation loss decreased (0.581136 --> 0.574552).  Saving model ...
Updating learning rate to 3.874204890000001e-05
	iters: 100, epoch: 13 | loss: 0.4918184
	speed: 0.3014s/iter; left time: 7502.7375s
	iters: 200, epoch: 13 | loss: 0.5142100
	speed: 0.1307s/iter; left time: 3239.5746s
Epoch: 13 cost time: 37.10122108459473
Epoch: 13, Steps: 284 | Train Loss: 0.5880430 Vali Loss: 0.5681275 Test Loss: 0.2502197
Validation loss decreased (0.574552 --> 0.568127).  Saving model ...
Updating learning rate to 3.486784401000001e-05
	iters: 100, epoch: 14 | loss: 0.5869973
	speed: 0.3014s/iter; left time: 7416.9236s
	iters: 200, epoch: 14 | loss: 0.5295752
	speed: 0.1307s/iter; left time: 3202.9847s
Epoch: 14 cost time: 37.10663199424744
Epoch: 14, Steps: 284 | Train Loss: 0.5834995 Vali Loss: 0.5656658 Test Loss: 0.2487322
Validation loss decreased (0.568127 --> 0.565666).  Saving model ...
Updating learning rate to 3.138105960900001e-05
	iters: 100, epoch: 15 | loss: 0.5336002
	speed: 0.3017s/iter; left time: 7339.0292s
	iters: 200, epoch: 15 | loss: 0.6068735
	speed: 0.1307s/iter; left time: 3166.1602s
Epoch: 15 cost time: 37.11182355880737
Epoch: 15, Steps: 284 | Train Loss: 0.5794377 Vali Loss: 0.5613621 Test Loss: 0.2473853
Validation loss decreased (0.565666 --> 0.561362).  Saving model ...
Updating learning rate to 2.824295364810001e-05
	iters: 100, epoch: 16 | loss: 0.5101416
	speed: 0.3012s/iter; left time: 7240.3997s
	iters: 200, epoch: 16 | loss: 0.4822541
	speed: 0.1307s/iter; left time: 3128.6193s
Epoch: 16 cost time: 37.10025429725647
Epoch: 16, Steps: 284 | Train Loss: 0.5758538 Vali Loss: 0.5573219 Test Loss: 0.2462099
Validation loss decreased (0.561362 --> 0.557322).  Saving model ...
Updating learning rate to 2.541865828329001e-05
	iters: 100, epoch: 17 | loss: 0.4634120
	speed: 0.3014s/iter; left time: 7161.3104s
	iters: 200, epoch: 17 | loss: 0.5627590
	speed: 0.1307s/iter; left time: 3091.8173s
Epoch: 17 cost time: 37.09946393966675
Epoch: 17, Steps: 284 | Train Loss: 0.5726387 Vali Loss: 0.5559655 Test Loss: 0.2451105
Validation loss decreased (0.557322 --> 0.555966).  Saving model ...
Updating learning rate to 2.287679245496101e-05
	iters: 100, epoch: 18 | loss: 0.5136840
	speed: 0.3022s/iter; left time: 7093.5040s
	iters: 200, epoch: 18 | loss: 0.4950870
	speed: 0.1307s/iter; left time: 3053.7390s
Epoch: 18 cost time: 37.09574866294861
Epoch: 18, Steps: 284 | Train Loss: 0.5698163 Vali Loss: 0.5519058 Test Loss: 0.2441450
Validation loss decreased (0.555966 --> 0.551906).  Saving model ...
Updating learning rate to 2.0589113209464907e-05
	iters: 100, epoch: 19 | loss: 0.5437232
	speed: 0.3015s/iter; left time: 6991.9044s
	iters: 200, epoch: 19 | loss: 0.7396288
	speed: 0.1306s/iter; left time: 3016.2150s
Epoch: 19 cost time: 37.100181102752686
Epoch: 19, Steps: 284 | Train Loss: 0.5668175 Vali Loss: 0.5514541 Test Loss: 0.2432449
Validation loss decreased (0.551906 --> 0.551454).  Saving model ...
Updating learning rate to 1.8530201888518416e-05
	iters: 100, epoch: 20 | loss: 0.4897373
	speed: 0.3017s/iter; left time: 6910.9203s
	iters: 200, epoch: 20 | loss: 0.5844694
	speed: 0.1306s/iter; left time: 2979.2770s
Epoch: 20 cost time: 37.098344564437866
Epoch: 20, Steps: 284 | Train Loss: 0.5650370 Vali Loss: 0.5489076 Test Loss: 0.2424678
Validation loss decreased (0.551454 --> 0.548908).  Saving model ...
Updating learning rate to 1.6677181699666577e-05
	iters: 100, epoch: 21 | loss: 0.6036339
	speed: 0.3020s/iter; left time: 6831.6242s
	iters: 200, epoch: 21 | loss: 0.5651570
	speed: 0.1307s/iter; left time: 2942.6566s
Epoch: 21 cost time: 37.104265451431274
Epoch: 21, Steps: 284 | Train Loss: 0.5629901 Vali Loss: 0.5475785 Test Loss: 0.2417494
Validation loss decreased (0.548908 --> 0.547579).  Saving model ...
Updating learning rate to 1.5009463529699919e-05
	iters: 100, epoch: 22 | loss: 0.4648451
	speed: 0.3018s/iter; left time: 6741.7271s
	iters: 200, epoch: 22 | loss: 0.4690712
	speed: 0.1306s/iter; left time: 2904.5043s
Epoch: 22 cost time: 37.103580713272095
Epoch: 22, Steps: 284 | Train Loss: 0.5612163 Vali Loss: 0.5462312 Test Loss: 0.2411062
Validation loss decreased (0.547579 --> 0.546231).  Saving model ...
Updating learning rate to 1.3508517176729929e-05
	iters: 100, epoch: 23 | loss: 0.7267868
	speed: 0.3018s/iter; left time: 6655.0662s
	iters: 200, epoch: 23 | loss: 0.4948929
	speed: 0.1306s/iter; left time: 2867.5957s
Epoch: 23 cost time: 37.10133600234985
Epoch: 23, Steps: 284 | Train Loss: 0.5595909 Vali Loss: 0.5430639 Test Loss: 0.2405304
Validation loss decreased (0.546231 --> 0.543064).  Saving model ...
Updating learning rate to 1.2157665459056936e-05
	iters: 100, epoch: 24 | loss: 0.4584599
	speed: 0.3018s/iter; left time: 6569.5931s
	iters: 200, epoch: 24 | loss: 0.5012758
	speed: 0.1306s/iter; left time: 2830.7832s
Epoch: 24 cost time: 37.10312104225159
Epoch: 24, Steps: 284 | Train Loss: 0.5582288 Vali Loss: 0.5437155 Test Loss: 0.2400169
EarlyStopping counter: 1 out of 20
Updating learning rate to 1.0941898913151242e-05
	iters: 100, epoch: 25 | loss: 0.4727783
	speed: 0.3008s/iter; left time: 6462.4852s
	iters: 200, epoch: 25 | loss: 0.4889067
	speed: 0.1306s/iter; left time: 2792.4152s
Epoch: 25 cost time: 37.0934202671051
Epoch: 25, Steps: 284 | Train Loss: 0.5567735 Vali Loss: 0.5416865 Test Loss: 0.2395475
Validation loss decreased (0.543064 --> 0.541687).  Saving model ...
Updating learning rate to 9.847709021836118e-06
	iters: 100, epoch: 26 | loss: 0.4768012
	speed: 0.3018s/iter; left time: 6398.0811s
	iters: 200, epoch: 26 | loss: 0.5445753
	speed: 0.1306s/iter; left time: 2756.3722s
Epoch: 26 cost time: 37.09740710258484
Epoch: 26, Steps: 284 | Train Loss: 0.5553641 Vali Loss: 0.5403722 Test Loss: 0.2391351
Validation loss decreased (0.541687 --> 0.540372).  Saving model ...
Updating learning rate to 8.862938119652508e-06
	iters: 100, epoch: 27 | loss: 0.5943208
	speed: 0.3018s/iter; left time: 6311.9148s
	iters: 200, epoch: 27 | loss: 0.4441509
	speed: 0.1307s/iter; left time: 2720.7794s
Epoch: 27 cost time: 37.135141372680664
Epoch: 27, Steps: 284 | Train Loss: 0.5547807 Vali Loss: 0.5375923 Test Loss: 0.2387665
Validation loss decreased (0.540372 --> 0.537592).  Saving model ...
Updating learning rate to 7.976644307687255e-06
	iters: 100, epoch: 28 | loss: 0.5015479
	speed: 0.3019s/iter; left time: 6229.8068s
	iters: 200, epoch: 28 | loss: 0.5115452
	speed: 0.1311s/iter; left time: 2691.5761s
Epoch: 28 cost time: 37.22245693206787
Epoch: 28, Steps: 284 | Train Loss: 0.5537676 Vali Loss: 0.5389155 Test Loss: 0.2384220
EarlyStopping counter: 1 out of 20
Updating learning rate to 7.178979876918531e-06
	iters: 100, epoch: 29 | loss: 0.6833125
	speed: 0.3019s/iter; left time: 6142.6034s
	iters: 200, epoch: 29 | loss: 0.6026061
	speed: 0.1312s/iter; left time: 2657.2261s
Epoch: 29 cost time: 37.26822781562805
Epoch: 29, Steps: 284 | Train Loss: 0.5529723 Vali Loss: 0.5344686 Test Loss: 0.2381397
Validation loss decreased (0.537592 --> 0.534469).  Saving model ...
Updating learning rate to 6.4610818892266776e-06
	iters: 100, epoch: 30 | loss: 0.4497566
	speed: 0.3026s/iter; left time: 6071.2816s
	iters: 200, epoch: 30 | loss: 0.5791829
	speed: 0.1313s/iter; left time: 2622.1518s
Epoch: 30 cost time: 37.305405616760254
Epoch: 30, Steps: 284 | Train Loss: 0.5522460 Vali Loss: 0.5380270 Test Loss: 0.2378591
EarlyStopping counter: 1 out of 20
Updating learning rate to 5.8149737003040096e-06
	iters: 100, epoch: 31 | loss: 0.4886404
	speed: 0.3029s/iter; left time: 5990.8126s
	iters: 200, epoch: 31 | loss: 0.4925292
	speed: 0.1316s/iter; left time: 2589.5155s
Epoch: 31 cost time: 37.37021470069885
Epoch: 31, Steps: 284 | Train Loss: 0.5515740 Vali Loss: 0.5364011 Test Loss: 0.2376154
EarlyStopping counter: 2 out of 20
Updating learning rate to 5.23347633027361e-06
	iters: 100, epoch: 32 | loss: 0.4066021
	speed: 0.3035s/iter; left time: 5917.6078s
	iters: 200, epoch: 32 | loss: 0.4591862
	speed: 0.1317s/iter; left time: 2554.5785s
Epoch: 32 cost time: 37.40531802177429
Epoch: 32, Steps: 284 | Train Loss: 0.5510201 Vali Loss: 0.5372007 Test Loss: 0.2373848
EarlyStopping counter: 3 out of 20
Updating learning rate to 4.710128697246249e-06
	iters: 100, epoch: 33 | loss: 0.4486483
	speed: 0.3037s/iter; left time: 5835.4559s
	iters: 200, epoch: 33 | loss: 0.4199053
	speed: 0.1319s/iter; left time: 2520.8699s
Epoch: 33 cost time: 37.443031549453735
Epoch: 33, Steps: 284 | Train Loss: 0.5504968 Vali Loss: 0.5362555 Test Loss: 0.2371761
EarlyStopping counter: 4 out of 20
Updating learning rate to 4.239115827521624e-06
	iters: 100, epoch: 34 | loss: 0.4999165
	speed: 0.3042s/iter; left time: 5757.3867s
	iters: 200, epoch: 34 | loss: 0.4878771
	speed: 0.1320s/iter; left time: 2484.6501s
Epoch: 34 cost time: 37.4697105884552
Epoch: 34, Steps: 284 | Train Loss: 0.5500677 Vali Loss: 0.5366177 Test Loss: 0.2370042
EarlyStopping counter: 5 out of 20
Updating learning rate to 3.815204244769462e-06
	iters: 100, epoch: 35 | loss: 0.5581366
	speed: 0.3044s/iter; left time: 5675.8480s
	iters: 200, epoch: 35 | loss: 0.5311889
	speed: 0.1320s/iter; left time: 2448.8374s
Epoch: 35 cost time: 37.50940775871277
Epoch: 35, Steps: 284 | Train Loss: 0.5495182 Vali Loss: 0.5343819 Test Loss: 0.2368384
Validation loss decreased (0.534469 --> 0.534382).  Saving model ...
Updating learning rate to 3.4336838202925152e-06
	iters: 100, epoch: 36 | loss: 0.4287356
	speed: 0.3047s/iter; left time: 5594.0820s
	iters: 200, epoch: 36 | loss: 0.5774452
	speed: 0.1322s/iter; left time: 2413.5093s
Epoch: 36 cost time: 37.54232358932495
Epoch: 36, Steps: 284 | Train Loss: 0.5492737 Vali Loss: 0.5328591 Test Loss: 0.2366999
Validation loss decreased (0.534382 --> 0.532859).  Saving model ...
Updating learning rate to 3.090315438263264e-06
	iters: 100, epoch: 37 | loss: 0.5672703
	speed: 0.3048s/iter; left time: 5509.7586s
	iters: 200, epoch: 37 | loss: 0.5927269
	speed: 0.1321s/iter; left time: 2375.5385s
Epoch: 37 cost time: 37.53613829612732
Epoch: 37, Steps: 284 | Train Loss: 0.5488951 Vali Loss: 0.5313119 Test Loss: 0.2365698
Validation loss decreased (0.532859 --> 0.531312).  Saving model ...
Updating learning rate to 2.7812838944369375e-06
	iters: 100, epoch: 38 | loss: 0.5835510
	speed: 0.3052s/iter; left time: 5429.9847s
	iters: 200, epoch: 38 | loss: 0.5515906
	speed: 0.1323s/iter; left time: 2340.2552s
Epoch: 38 cost time: 37.552923917770386
Epoch: 38, Steps: 284 | Train Loss: 0.5485884 Vali Loss: 0.5339170 Test Loss: 0.2364581
EarlyStopping counter: 1 out of 20
Updating learning rate to 2.503155504993244e-06
	iters: 100, epoch: 39 | loss: 0.6391242
	speed: 0.3036s/iter; left time: 5316.0867s
	iters: 200, epoch: 39 | loss: 0.5760640
	speed: 0.1318s/iter; left time: 2295.1088s
Epoch: 39 cost time: 37.45137023925781
Epoch: 39, Steps: 284 | Train Loss: 0.5483115 Vali Loss: 0.5320523 Test Loss: 0.2363483
EarlyStopping counter: 2 out of 20
Updating learning rate to 2.2528399544939195e-06
	iters: 100, epoch: 40 | loss: 0.4936373
	speed: 0.3035s/iter; left time: 5228.1756s
	iters: 200, epoch: 40 | loss: 0.4393919
	speed: 0.1315s/iter; left time: 2252.3243s
Epoch: 40 cost time: 37.340930223464966
Epoch: 40, Steps: 284 | Train Loss: 0.5479774 Vali Loss: 0.5317380 Test Loss: 0.2362458
EarlyStopping counter: 3 out of 20
Updating learning rate to 2.0275559590445276e-06
	iters: 100, epoch: 41 | loss: 0.4600308
	speed: 0.3027s/iter; left time: 5128.2939s
	iters: 200, epoch: 41 | loss: 0.7159316
	speed: 0.1313s/iter; left time: 2210.6118s
Epoch: 41 cost time: 37.28591561317444
Epoch: 41, Steps: 284 | Train Loss: 0.5477922 Vali Loss: 0.5348638 Test Loss: 0.2361613
EarlyStopping counter: 4 out of 20
Updating learning rate to 1.8248003631400751e-06
	iters: 100, epoch: 42 | loss: 0.8203567
	speed: 0.3025s/iter; left time: 5037.9620s
	iters: 200, epoch: 42 | loss: 0.5122700
	speed: 0.1311s/iter; left time: 2170.4533s
Epoch: 42 cost time: 37.23963737487793
Epoch: 42, Steps: 284 | Train Loss: 0.5476120 Vali Loss: 0.5318936 Test Loss: 0.2360835
EarlyStopping counter: 5 out of 20
Updating learning rate to 1.6423203268260676e-06
	iters: 100, epoch: 43 | loss: 0.7053675
	speed: 0.3015s/iter; left time: 4936.4992s
	iters: 200, epoch: 43 | loss: 0.4991916
	speed: 0.1310s/iter; left time: 2131.5800s
Epoch: 43 cost time: 37.201597929000854
Epoch: 43, Steps: 284 | Train Loss: 0.5474735 Vali Loss: 0.5329578 Test Loss: 0.2360226
EarlyStopping counter: 6 out of 20
Updating learning rate to 1.4780882941434609e-06
	iters: 100, epoch: 44 | loss: 0.6645530
	speed: 0.3013s/iter; left time: 4847.0840s
	iters: 200, epoch: 44 | loss: 0.4283544
	speed: 0.1309s/iter; left time: 2092.5961s
Epoch: 44 cost time: 37.16418719291687
Epoch: 44, Steps: 284 | Train Loss: 0.5473564 Vali Loss: 0.5317736 Test Loss: 0.2359626
EarlyStopping counter: 7 out of 20
Updating learning rate to 1.3302794647291146e-06
	iters: 100, epoch: 45 | loss: 0.4401187
	speed: 0.3017s/iter; left time: 4768.6066s
	iters: 200, epoch: 45 | loss: 0.8208098
	speed: 0.1309s/iter; left time: 2055.0428s
Epoch: 45 cost time: 37.150475025177
Epoch: 45, Steps: 284 | Train Loss: 0.5471828 Vali Loss: 0.5336314 Test Loss: 0.2358991
EarlyStopping counter: 8 out of 20
Updating learning rate to 1.1972515182562034e-06
	iters: 100, epoch: 46 | loss: 0.5653747
	speed: 0.3014s/iter; left time: 4678.1068s
	iters: 200, epoch: 46 | loss: 0.5863145
	speed: 0.1308s/iter; left time: 2017.3433s
Epoch: 46 cost time: 37.13753890991211
Epoch: 46, Steps: 284 | Train Loss: 0.5469883 Vali Loss: 0.5327947 Test Loss: 0.2358525
EarlyStopping counter: 9 out of 20
Updating learning rate to 1.077526366430583e-06
	iters: 100, epoch: 47 | loss: 0.6676638
	speed: 0.3014s/iter; left time: 4592.5344s
	iters: 200, epoch: 47 | loss: 0.6850027
	speed: 0.1308s/iter; left time: 1979.5739s
Epoch: 47 cost time: 37.13184666633606
Epoch: 47, Steps: 284 | Train Loss: 0.5468725 Vali Loss: 0.5308703 Test Loss: 0.2358167
Validation loss decreased (0.531312 --> 0.530870).  Saving model ...
Updating learning rate to 9.697737297875248e-07
	iters: 100, epoch: 48 | loss: 0.7040223
	speed: 0.3018s/iter; left time: 4513.5356s
	iters: 200, epoch: 48 | loss: 0.7349619
	speed: 0.1307s/iter; left time: 1941.6238s
Epoch: 48 cost time: 37.11918354034424
Epoch: 48, Steps: 284 | Train Loss: 0.5468046 Vali Loss: 0.5305194 Test Loss: 0.2357626
Validation loss decreased (0.530870 --> 0.530519).  Saving model ...
Updating learning rate to 8.727963568087723e-07
	iters: 100, epoch: 49 | loss: 0.5711025
	speed: 0.3017s/iter; left time: 4425.4016s
	iters: 200, epoch: 49 | loss: 0.6407759
	speed: 0.1307s/iter; left time: 1904.5038s
Epoch: 49 cost time: 37.11503791809082
Epoch: 49, Steps: 284 | Train Loss: 0.5466712 Vali Loss: 0.5311896 Test Loss: 0.2357369
EarlyStopping counter: 1 out of 20
Updating learning rate to 7.855167211278951e-07
	iters: 100, epoch: 50 | loss: 0.8070272
	speed: 0.3014s/iter; left time: 4335.6594s
	iters: 200, epoch: 50 | loss: 0.4508717
	speed: 0.1308s/iter; left time: 1868.2583s
Epoch: 50 cost time: 37.129395961761475
Epoch: 50, Steps: 284 | Train Loss: 0.5462559 Vali Loss: 0.5320760 Test Loss: 0.2357023
EarlyStopping counter: 2 out of 20
Updating learning rate to 7.069650490151056e-07
	iters: 100, epoch: 51 | loss: 0.5323609
	speed: 0.3006s/iter; left time: 4238.8544s
	iters: 200, epoch: 51 | loss: 0.4539715
	speed: 0.1308s/iter; left time: 1830.8890s
Epoch: 51 cost time: 37.12138628959656
Epoch: 51, Steps: 284 | Train Loss: 0.5465085 Vali Loss: 0.5302587 Test Loss: 0.2356735
Validation loss decreased (0.530519 --> 0.530259).  Saving model ...
Updating learning rate to 6.36268544113595e-07
	iters: 100, epoch: 52 | loss: 0.4401470
	speed: 0.3018s/iter; left time: 4170.6479s
	iters: 200, epoch: 52 | loss: 0.4958839
	speed: 0.1307s/iter; left time: 1793.3550s
Epoch: 52 cost time: 37.11992120742798
Epoch: 52, Steps: 284 | Train Loss: 0.5465301 Vali Loss: 0.5322175 Test Loss: 0.2356402
EarlyStopping counter: 1 out of 20
Updating learning rate to 5.726416897022355e-07
	iters: 100, epoch: 53 | loss: 0.5613459
	speed: 0.3014s/iter; left time: 4079.4438s
	iters: 200, epoch: 53 | loss: 0.5545288
	speed: 0.1307s/iter; left time: 1755.9063s
Epoch: 53 cost time: 37.11487865447998
Epoch: 53, Steps: 284 | Train Loss: 0.5464348 Vali Loss: 0.5324842 Test Loss: 0.2356197
EarlyStopping counter: 2 out of 20
Updating learning rate to 5.15377520732012e-07
	iters: 100, epoch: 54 | loss: 0.6021998
	speed: 0.3011s/iter; left time: 3989.7447s
	iters: 200, epoch: 54 | loss: 0.5397642
	speed: 0.1307s/iter; left time: 1718.7472s
Epoch: 54 cost time: 37.113359212875366
Epoch: 54, Steps: 284 | Train Loss: 0.5462995 Vali Loss: 0.5306738 Test Loss: 0.2355965
EarlyStopping counter: 3 out of 20
Updating learning rate to 4.6383976865881085e-07
	iters: 100, epoch: 55 | loss: 0.5085790
	speed: 0.3012s/iter; left time: 3905.4060s
	iters: 200, epoch: 55 | loss: 0.4539655
	speed: 0.1308s/iter; left time: 1682.4374s
Epoch: 55 cost time: 37.12437462806702
Epoch: 55, Steps: 284 | Train Loss: 0.5462882 Vali Loss: 0.5311009 Test Loss: 0.2355833
EarlyStopping counter: 4 out of 20
Updating learning rate to 4.174557917929298e-07
	iters: 100, epoch: 56 | loss: 0.5040349
	speed: 0.3013s/iter; left time: 3821.1169s
	iters: 200, epoch: 56 | loss: 0.4558879
	speed: 0.1307s/iter; left time: 1644.2597s
Epoch: 56 cost time: 37.11444878578186
Epoch: 56, Steps: 284 | Train Loss: 0.5462295 Vali Loss: 0.5287461 Test Loss: 0.2355693
Validation loss decreased (0.530259 --> 0.528746).  Saving model ...
Updating learning rate to 3.7571021261363677e-07
	iters: 100, epoch: 57 | loss: 0.4634724
	speed: 0.3018s/iter; left time: 3741.4586s
	iters: 200, epoch: 57 | loss: 0.5294611
	speed: 0.1307s/iter; left time: 1607.3539s
Epoch: 57 cost time: 37.11086368560791
Epoch: 57, Steps: 284 | Train Loss: 0.5461853 Vali Loss: 0.5300142 Test Loss: 0.2355490
EarlyStopping counter: 1 out of 20
Updating learning rate to 3.381391913522731e-07
	iters: 100, epoch: 58 | loss: 0.5620571
	speed: 0.3009s/iter; left time: 3644.9046s
	iters: 200, epoch: 58 | loss: 0.6868003
	speed: 0.1307s/iter; left time: 1570.4945s
Epoch: 58 cost time: 37.12437415122986
Epoch: 58, Steps: 284 | Train Loss: 0.5462300 Vali Loss: 0.5299265 Test Loss: 0.2355297
EarlyStopping counter: 2 out of 20
Updating learning rate to 3.043252722170458e-07
	iters: 100, epoch: 59 | loss: 0.4489143
	speed: 0.3015s/iter; left time: 3566.0709s
	iters: 200, epoch: 59 | loss: 0.4480975
	speed: 0.1307s/iter; left time: 1532.9439s
Epoch: 59 cost time: 37.12056303024292
Epoch: 59, Steps: 284 | Train Loss: 0.5461508 Vali Loss: 0.5336914 Test Loss: 0.2355086
EarlyStopping counter: 3 out of 20
Updating learning rate to 2.7389274499534124e-07
	iters: 100, epoch: 60 | loss: 0.4529791
	speed: 0.3014s/iter; left time: 3479.6585s
	iters: 200, epoch: 60 | loss: 0.6867939
	speed: 0.1306s/iter; left time: 1495.0740s
Epoch: 60 cost time: 37.10714769363403
Epoch: 60, Steps: 284 | Train Loss: 0.5460891 Vali Loss: 0.5300772 Test Loss: 0.2355112
EarlyStopping counter: 4 out of 20
Updating learning rate to 2.465034704958071e-07
	iters: 100, epoch: 61 | loss: 0.4907494
	speed: 0.3013s/iter; left time: 3392.8324s
	iters: 200, epoch: 61 | loss: 0.6621423
	speed: 0.1307s/iter; left time: 1458.5705s
Epoch: 61 cost time: 37.11381006240845
Epoch: 61, Steps: 284 | Train Loss: 0.5460455 Vali Loss: 0.5319644 Test Loss: 0.2355103
EarlyStopping counter: 5 out of 20
Updating learning rate to 2.218531234462264e-07
	iters: 100, epoch: 62 | loss: 0.4532899
	speed: 0.3015s/iter; left time: 3309.1211s
	iters: 200, epoch: 62 | loss: 0.6722898
	speed: 0.1307s/iter; left time: 1421.3845s
Epoch: 62 cost time: 37.11694312095642
Epoch: 62, Steps: 284 | Train Loss: 0.5461300 Vali Loss: 0.5327992 Test Loss: 0.2354899
EarlyStopping counter: 6 out of 20
Updating learning rate to 1.9966781110160376e-07
	iters: 100, epoch: 63 | loss: 0.5077162
	speed: 0.3014s/iter; left time: 3222.6709s
	iters: 200, epoch: 63 | loss: 0.5666845
	speed: 0.1307s/iter; left time: 1384.5317s
Epoch: 63 cost time: 37.12584710121155
Epoch: 63, Steps: 284 | Train Loss: 0.5459806 Vali Loss: 0.5307032 Test Loss: 0.2354802
EarlyStopping counter: 7 out of 20
Updating learning rate to 1.797010299914434e-07
	iters: 100, epoch: 64 | loss: 0.4884307
	speed: 0.3009s/iter; left time: 3131.7450s
	iters: 200, epoch: 64 | loss: 0.6197031
	speed: 0.1307s/iter; left time: 1347.0632s
Epoch: 64 cost time: 37.11755323410034
Epoch: 64, Steps: 284 | Train Loss: 0.5460328 Vali Loss: 0.5323550 Test Loss: 0.2354721
EarlyStopping counter: 8 out of 20
Updating learning rate to 1.6173092699229907e-07
	iters: 100, epoch: 65 | loss: 0.5445558
	speed: 0.3014s/iter; left time: 3051.4418s
	iters: 200, epoch: 65 | loss: 0.5513679
	speed: 0.1307s/iter; left time: 1310.1557s
Epoch: 65 cost time: 37.12439227104187
Epoch: 65, Steps: 284 | Train Loss: 0.5459934 Vali Loss: 0.5285319 Test Loss: 0.2354696
Validation loss decreased (0.528746 --> 0.528532).  Saving model ...
Updating learning rate to 1.4555783429306916e-07
	iters: 100, epoch: 66 | loss: 0.4552207
	speed: 0.3014s/iter; left time: 2966.0101s
	iters: 200, epoch: 66 | loss: 0.4710066
	speed: 0.1307s/iter; left time: 1272.8301s
Epoch: 66 cost time: 37.11322259902954
Epoch: 66, Steps: 284 | Train Loss: 0.5459716 Vali Loss: 0.5297747 Test Loss: 0.2354639
EarlyStopping counter: 1 out of 20
Updating learning rate to 1.3100205086376224e-07
	iters: 100, epoch: 67 | loss: 0.5466564
	speed: 0.3011s/iter; left time: 2878.0374s
	iters: 200, epoch: 67 | loss: 0.6167881
	speed: 0.1306s/iter; left time: 1235.3183s
Epoch: 67 cost time: 37.10869836807251
Epoch: 67, Steps: 284 | Train Loss: 0.5459534 Vali Loss: 0.5317140 Test Loss: 0.2354649
EarlyStopping counter: 2 out of 20
Updating learning rate to 1.1790184577738603e-07
	iters: 100, epoch: 68 | loss: 0.5874982
	speed: 0.3013s/iter; left time: 2794.2431s
	iters: 200, epoch: 68 | loss: 0.6075368
	speed: 0.1306s/iter; left time: 1198.3419s
Epoch: 68 cost time: 37.110897064208984
Epoch: 68, Steps: 284 | Train Loss: 0.5459783 Vali Loss: 0.5282226 Test Loss: 0.2354545
Validation loss decreased (0.528532 --> 0.528223).  Saving model ...
Updating learning rate to 1.0611166119964742e-07
	iters: 100, epoch: 69 | loss: 0.5768793
	speed: 0.3020s/iter; left time: 2715.0896s
	iters: 200, epoch: 69 | loss: 0.6008216
	speed: 0.1306s/iter; left time: 1161.2927s
Epoch: 69 cost time: 37.11577868461609
Epoch: 69, Steps: 284 | Train Loss: 0.5458899 Vali Loss: 0.5318332 Test Loss: 0.2354489
EarlyStopping counter: 1 out of 20
Updating learning rate to 9.550049507968268e-08
	iters: 100, epoch: 70 | loss: 0.6082133
	speed: 0.3012s/iter; left time: 2622.3294s
	iters: 200, epoch: 70 | loss: 0.4297516
	speed: 0.1306s/iter; left time: 1123.7139s
Epoch: 70 cost time: 37.095330238342285
Epoch: 70, Steps: 284 | Train Loss: 0.5459517 Vali Loss: 0.5283458 Test Loss: 0.2354447
EarlyStopping counter: 2 out of 20
Updating learning rate to 8.595044557171442e-08
	iters: 100, epoch: 71 | loss: 0.6586846
	speed: 0.3016s/iter; left time: 2539.9988s
	iters: 200, epoch: 71 | loss: 0.4147677
	speed: 0.1308s/iter; left time: 1088.4922s
Epoch: 71 cost time: 37.151225566864014
Epoch: 71, Steps: 284 | Train Loss: 0.5458370 Vali Loss: 0.5285935 Test Loss: 0.2354375
EarlyStopping counter: 3 out of 20
Updating learning rate to 7.735540101454298e-08
	iters: 100, epoch: 72 | loss: 0.3913526
	speed: 0.3019s/iter; left time: 2456.5963s
	iters: 200, epoch: 72 | loss: 0.4699973
	speed: 0.1309s/iter; left time: 1051.7701s
Epoch: 72 cost time: 37.15047073364258
Epoch: 72, Steps: 284 | Train Loss: 0.5459417 Vali Loss: 0.5284089 Test Loss: 0.2354354
EarlyStopping counter: 4 out of 20
Updating learning rate to 6.961986091308869e-08
	iters: 100, epoch: 73 | loss: 0.5304852
	speed: 0.3010s/iter; left time: 2363.9258s
	iters: 200, epoch: 73 | loss: 0.5250291
	speed: 0.1308s/iter; left time: 1013.9917s
Epoch: 73 cost time: 37.13070321083069
Epoch: 73, Steps: 284 | Train Loss: 0.5458455 Vali Loss: 0.5302389 Test Loss: 0.2354368
EarlyStopping counter: 5 out of 20
Updating learning rate to 6.265787482177981e-08
	iters: 100, epoch: 74 | loss: 0.4835256
	speed: 0.3010s/iter; left time: 2278.1660s
	iters: 200, epoch: 74 | loss: 0.4768670
	speed: 0.1307s/iter; left time: 976.2633s
Epoch: 74 cost time: 37.11998391151428
Epoch: 74, Steps: 284 | Train Loss: 0.5459494 Vali Loss: 0.5282630 Test Loss: 0.2354298
EarlyStopping counter: 6 out of 20
Updating learning rate to 5.639208733960184e-08
	iters: 100, epoch: 75 | loss: 0.5925002
	speed: 0.3013s/iter; left time: 2194.8108s
	iters: 200, epoch: 75 | loss: 0.7066672
	speed: 0.1307s/iter; left time: 939.3065s
Epoch: 75 cost time: 37.12173819541931
Epoch: 75, Steps: 284 | Train Loss: 0.5459598 Vali Loss: 0.5291843 Test Loss: 0.2354387
EarlyStopping counter: 7 out of 20
Updating learning rate to 5.075287860564165e-08
	iters: 100, epoch: 76 | loss: 0.6163394
	speed: 0.3013s/iter; left time: 2109.4335s
	iters: 200, epoch: 76 | loss: 0.4760475
	speed: 0.1307s/iter; left time: 902.2348s
Epoch: 76 cost time: 37.12524604797363
Epoch: 76, Steps: 284 | Train Loss: 0.5459349 Vali Loss: 0.5293993 Test Loss: 0.2354360
EarlyStopping counter: 8 out of 20
Updating learning rate to 4.567759074507749e-08
	iters: 100, epoch: 77 | loss: 0.6825406
	speed: 0.3014s/iter; left time: 2024.6596s
	iters: 200, epoch: 77 | loss: 0.5880679
	speed: 0.1307s/iter; left time: 864.7650s
Epoch: 77 cost time: 37.117610454559326
Epoch: 77, Steps: 284 | Train Loss: 0.5459562 Vali Loss: 0.5299087 Test Loss: 0.2354355
EarlyStopping counter: 9 out of 20
Updating learning rate to 4.1109831670569744e-08
	iters: 100, epoch: 78 | loss: 0.6264197
	speed: 0.3014s/iter; left time: 1939.1044s
	iters: 200, epoch: 78 | loss: 0.5256649
	speed: 0.1307s/iter; left time: 828.0151s
Epoch: 78 cost time: 37.12540149688721
Epoch: 78, Steps: 284 | Train Loss: 0.5458768 Vali Loss: 0.5299210 Test Loss: 0.2354362
EarlyStopping counter: 10 out of 20
Updating learning rate to 3.6998848503512764e-08
	iters: 100, epoch: 79 | loss: 0.4659806
	speed: 0.3014s/iter; left time: 1853.2076s
	iters: 200, epoch: 79 | loss: 0.4884103
	speed: 0.1306s/iter; left time: 790.2809s
Epoch: 79 cost time: 37.11435127258301
Epoch: 79, Steps: 284 | Train Loss: 0.5458656 Vali Loss: 0.5310136 Test Loss: 0.2354345
EarlyStopping counter: 11 out of 20
Updating learning rate to 3.3298963653161496e-08
	iters: 100, epoch: 80 | loss: 0.4877351
	speed: 0.3015s/iter; left time: 1768.2089s
	iters: 200, epoch: 80 | loss: 0.5391998
	speed: 0.1307s/iter; left time: 753.3869s
Epoch: 80 cost time: 37.12840008735657
Epoch: 80, Steps: 284 | Train Loss: 0.5459455 Vali Loss: 0.5276568 Test Loss: 0.2354353
Validation loss decreased (0.528223 --> 0.527657).  Saving model ...
Updating learning rate to 2.996906728784534e-08
	iters: 100, epoch: 81 | loss: 0.4489390
	speed: 0.3021s/iter; left time: 1685.8301s
	iters: 200, epoch: 81 | loss: 0.5277611
	speed: 0.1307s/iter; left time: 716.1798s
Epoch: 81 cost time: 37.12041664123535
Epoch: 81, Steps: 284 | Train Loss: 0.5458871 Vali Loss: 0.5301263 Test Loss: 0.2354324
EarlyStopping counter: 1 out of 20
Updating learning rate to 2.697216055906081e-08
	iters: 100, epoch: 82 | loss: 0.4621906
	speed: 0.3010s/iter; left time: 1594.3958s
	iters: 200, epoch: 82 | loss: 0.4400244
	speed: 0.1307s/iter; left time: 679.3567s
Epoch: 82 cost time: 37.12829303741455
Epoch: 82, Steps: 284 | Train Loss: 0.5459343 Vali Loss: 0.5319000 Test Loss: 0.2354207
EarlyStopping counter: 2 out of 20
Updating learning rate to 2.427494450315473e-08
	iters: 100, epoch: 83 | loss: 0.4252651
	speed: 0.3008s/iter; left time: 1508.0199s
	iters: 200, epoch: 83 | loss: 0.5474616
	speed: 0.1307s/iter; left time: 642.1865s
Epoch: 83 cost time: 37.11884808540344
Epoch: 83, Steps: 284 | Train Loss: 0.5458510 Vali Loss: 0.5300044 Test Loss: 0.2354224
EarlyStopping counter: 3 out of 20
Updating learning rate to 2.1847450052839257e-08
	iters: 100, epoch: 84 | loss: 0.5662798
	speed: 0.3011s/iter; left time: 1424.0288s
	iters: 200, epoch: 84 | loss: 0.5335263
	speed: 0.1307s/iter; left time: 604.8452s
Epoch: 84 cost time: 37.12117624282837
Epoch: 84, Steps: 284 | Train Loss: 0.5459098 Vali Loss: 0.5319440 Test Loss: 0.2354206
EarlyStopping counter: 4 out of 20
Updating learning rate to 1.9662705047555332e-08
	iters: 100, epoch: 85 | loss: 0.6443511
	speed: 0.3013s/iter; left time: 1339.2866s
	iters: 200, epoch: 85 | loss: 0.5097573
	speed: 0.1306s/iter; left time: 567.4175s
Epoch: 85 cost time: 37.11164140701294
Epoch: 85, Steps: 284 | Train Loss: 0.5459253 Vali Loss: 0.5290125 Test Loss: 0.2354294
EarlyStopping counter: 5 out of 20
Updating learning rate to 1.7696434542799797e-08
	iters: 100, epoch: 86 | loss: 0.6359162
	speed: 0.3011s/iter; left time: 1252.8787s
	iters: 200, epoch: 86 | loss: 0.5439474
	speed: 0.1307s/iter; left time: 530.6928s
Epoch: 86 cost time: 37.11856698989868
Epoch: 86, Steps: 284 | Train Loss: 0.5458405 Vali Loss: 0.5322340 Test Loss: 0.2354221
EarlyStopping counter: 6 out of 20
Updating learning rate to 1.5926791088519817e-08
	iters: 100, epoch: 87 | loss: 0.4237602
	speed: 0.3013s/iter; left time: 1168.1782s
	iters: 200, epoch: 87 | loss: 0.6991901
	speed: 0.1307s/iter; left time: 493.5834s
Epoch: 87 cost time: 37.12505626678467
Epoch: 87, Steps: 284 | Train Loss: 0.5459168 Vali Loss: 0.5302325 Test Loss: 0.2354350
EarlyStopping counter: 7 out of 20
Updating learning rate to 1.4334111979667836e-08
	iters: 100, epoch: 88 | loss: 0.4553170
	speed: 0.3014s/iter; left time: 1082.8717s
	iters: 200, epoch: 88 | loss: 0.4591522
	speed: 0.1307s/iter; left time: 456.4036s
Epoch: 88 cost time: 37.124701499938965
Epoch: 88, Steps: 284 | Train Loss: 0.5458966 Vali Loss: 0.5310065 Test Loss: 0.2354259
EarlyStopping counter: 8 out of 20
Updating learning rate to 1.2900700781701054e-08
	iters: 100, epoch: 89 | loss: 0.5025890
	speed: 0.3015s/iter; left time: 997.6124s
	iters: 200, epoch: 89 | loss: 0.4549448
	speed: 0.1307s/iter; left time: 419.4508s
Epoch: 89 cost time: 37.14664578437805
Epoch: 89, Steps: 284 | Train Loss: 0.5458468 Vali Loss: 0.5277588 Test Loss: 0.2354336
EarlyStopping counter: 9 out of 20
Updating learning rate to 1.161063070353095e-08
	iters: 100, epoch: 90 | loss: 0.4415288
	speed: 0.3022s/iter; left time: 914.0728s
	iters: 200, epoch: 90 | loss: 0.5380870
	speed: 0.1310s/iter; left time: 383.1659s
Epoch: 90 cost time: 37.21305799484253
Epoch: 90, Steps: 284 | Train Loss: 0.5459507 Vali Loss: 0.5301123 Test Loss: 0.2354163
EarlyStopping counter: 10 out of 20
Updating learning rate to 1.0449567633177854e-08
	iters: 100, epoch: 91 | loss: 0.5361303
	speed: 0.3022s/iter; left time: 828.3459s
	iters: 200, epoch: 91 | loss: 0.4385761
	speed: 0.1313s/iter; left time: 346.6718s
Epoch: 91 cost time: 37.27517819404602
Epoch: 91, Steps: 284 | Train Loss: 0.5458771 Vali Loss: 0.5300984 Test Loss: 0.2354232
EarlyStopping counter: 11 out of 20
Updating learning rate to 9.404610869860069e-09
	iters: 100, epoch: 92 | loss: 0.6156245
	speed: 0.3027s/iter; left time: 743.7589s
	iters: 200, epoch: 92 | loss: 0.4308326
	speed: 0.1314s/iter; left time: 309.6857s
Epoch: 92 cost time: 37.31989908218384
Epoch: 92, Steps: 284 | Train Loss: 0.5459293 Vali Loss: 0.5299570 Test Loss: 0.2354255
EarlyStopping counter: 12 out of 20
Updating learning rate to 8.464149782874063e-09
	iters: 100, epoch: 93 | loss: 0.4897921
	speed: 0.3036s/iter; left time: 659.7288s
	iters: 200, epoch: 93 | loss: 0.4460497
	speed: 0.1315s/iter; left time: 272.5395s
Epoch: 93 cost time: 37.35450625419617
Epoch: 93, Steps: 284 | Train Loss: 0.5458255 Vali Loss: 0.5306340 Test Loss: 0.2354260
EarlyStopping counter: 13 out of 20
Updating learning rate to 7.617734804586658e-09
	iters: 100, epoch: 94 | loss: 0.4533491
	speed: 0.3036s/iter; left time: 573.4705s
	iters: 200, epoch: 94 | loss: 0.6017368
	speed: 0.1317s/iter; left time: 235.5254s
Epoch: 94 cost time: 37.39706301689148
Epoch: 94, Steps: 284 | Train Loss: 0.5458966 Vali Loss: 0.5296777 Test Loss: 0.2354260
EarlyStopping counter: 14 out of 20
Updating learning rate to 6.855961324127991e-09
	iters: 100, epoch: 95 | loss: 0.4444141
	speed: 0.3039s/iter; left time: 487.6931s
	iters: 200, epoch: 95 | loss: 0.8535975
	speed: 0.1318s/iter; left time: 198.4115s
Epoch: 95 cost time: 37.452590465545654
Epoch: 95, Steps: 284 | Train Loss: 0.5458716 Vali Loss: 0.5295405 Test Loss: 0.2354194
EarlyStopping counter: 15 out of 20
Updating learning rate to 6.170365191715193e-09
	iters: 100, epoch: 96 | loss: 0.4875511
	speed: 0.3037s/iter; left time: 401.2424s
	iters: 200, epoch: 96 | loss: 0.4691989
	speed: 0.1320s/iter; left time: 161.1361s
Epoch: 96 cost time: 37.47688269615173
Epoch: 96, Steps: 284 | Train Loss: 0.5458674 Vali Loss: 0.5301608 Test Loss: 0.2354373
EarlyStopping counter: 16 out of 20
Updating learning rate to 5.5533286725436726e-09
	iters: 100, epoch: 97 | loss: 0.5546998
	speed: 0.3043s/iter; left time: 315.5783s
	iters: 200, epoch: 97 | loss: 0.4368321
	speed: 0.1321s/iter; left time: 123.7564s
Epoch: 97 cost time: 37.50412368774414
Epoch: 97, Steps: 284 | Train Loss: 0.5459144 Vali Loss: 0.5311386 Test Loss: 0.2354272
EarlyStopping counter: 17 out of 20
Updating learning rate to 4.997995805289306e-09
	iters: 100, epoch: 98 | loss: 0.4619548
	speed: 0.3042s/iter; left time: 229.0986s
	iters: 200, epoch: 98 | loss: 0.4343381
	speed: 0.1321s/iter; left time: 86.2476s
Epoch: 98 cost time: 37.517884254455566
Epoch: 98, Steps: 284 | Train Loss: 0.5458646 Vali Loss: 0.5300320 Test Loss: 0.2354293
EarlyStopping counter: 18 out of 20
Updating learning rate to 4.498196224760375e-09
	iters: 100, epoch: 99 | loss: 0.4942138
	speed: 0.3044s/iter; left time: 142.7412s
	iters: 200, epoch: 99 | loss: 0.4720764
	speed: 0.1322s/iter; left time: 48.7999s
Epoch: 99 cost time: 37.55517935752869
Epoch: 99, Steps: 284 | Train Loss: 0.5458470 Vali Loss: 0.5286864 Test Loss: 0.2354307
EarlyStopping counter: 19 out of 20
Updating learning rate to 4.048376602284338e-09
	iters: 100, epoch: 100 | loss: 0.5579063
	speed: 0.3049s/iter; left time: 56.4013s
	iters: 200, epoch: 100 | loss: 0.5281359
	speed: 0.1322s/iter; left time: 11.2380s
Epoch: 100 cost time: 37.56318235397339
Epoch: 100, Steps: 284 | Train Loss: 0.5459075 Vali Loss: 0.5309297 Test Loss: 0.2354243
EarlyStopping counter: 20 out of 20
Early stopping
>>>>>>>testing : NL_weather_cms_lr0.0001_always_336_192_PatchTST_custom_ftM_sl336_ll48_pl192_dm128_nh16_el3_dl1_df256_fc1_ebtimeF_dtTruelr0.0001_polalways_Nested_Learning_0<<<<<<<<<<<<<<<<<<<<<<<<<<<<<<<<<
test 10348
 Ejecutando Inferencia DINÁMICA (Nested Learning con cms)
  -> Política: always | LR: 0.0001 | Target: head

RESUMEN: El CMS se actualizó 80 veces de 80 posibles.

mse:0.2352927327156067, mae:0.2800045907497406, rse:0.6381457448005676
Args in experiment:
Namespace(random_seed=2021, is_training=1, model_id='NL_weather_cms_lr0.0001_always_336_336', model='PatchTST', data='custom', root_path='./dataset/', data_path='weather.csv', features='M', target='OT', freq='h', checkpoints='./checkpoints/', seq_len=336, label_len=48, pred_len=336, head_type='cms', cms_lr=0.0001, update_policy='always', fc_dropout=0.2, head_dropout=0.0, patch_len=16, stride=8, padding_patch='end', revin=1, affine=0, subtract_last=0, decomposition=0, kernel_size=25, individual=0, embed_type=0, enc_in=21, dec_in=7, c_out=7, d_model=128, n_heads=16, e_layers=3, d_layers=1, d_ff=256, moving_avg=25, factor=1, distil=True, dropout=0.2, embed='timeF', activation='gelu', output_attention=False, do_predict=False, num_workers=0, itr=1, train_epochs=100, batch_size=128, patience=20, learning_rate=0.0001, des='Nested_Learning', loss='mse', lradj='type3', pct_start=0.3, use_amp=False, use_gpu=True, gpu=0, use_multi_gpu=False, devices='0,1,2,3', test_flop=False)
Use GPU: cuda:0
>>>>>>>start training : NL_weather_cms_lr0.0001_always_336_336_PatchTST_custom_ftM_sl336_ll48_pl336_dm128_nh16_el3_dl1_df256_fc1_ebtimeF_dtTruelr0.0001_polalways_Nested_Learning_0>>>>>>>>>>>>>>>>>>>>>>>>>>
train 36216
val 4935
test 10204
	iters: 100, epoch: 1 | loss: 0.8740338
	speed: 0.1443s/iter; left time: 4053.9233s
	iters: 200, epoch: 1 | loss: 0.6780472
	speed: 0.1325s/iter; left time: 3709.6386s
Epoch: 1 cost time: 37.46298861503601
Epoch: 1, Steps: 282 | Train Loss: 0.7712859 Vali Loss: 0.7535701 Test Loss: 0.3234365
Validation loss decreased (inf --> 0.753570).  Saving model ...
Updating learning rate to 0.0001
	iters: 100, epoch: 2 | loss: 0.6413537
	speed: 0.3073s/iter; left time: 8547.4426s
	iters: 200, epoch: 2 | loss: 0.6410370
	speed: 0.1330s/iter; left time: 3686.5077s
Epoch: 2 cost time: 37.460776805877686
Epoch: 2, Steps: 282 | Train Loss: 0.7582087 Vali Loss: 0.7372511 Test Loss: 0.3186308
Validation loss decreased (0.753570 --> 0.737251).  Saving model ...
Updating learning rate to 0.0001
	iters: 100, epoch: 3 | loss: 0.9038645
	speed: 0.3051s/iter; left time: 8401.8964s
	iters: 200, epoch: 3 | loss: 0.7278942
	speed: 0.1327s/iter; left time: 3640.4260s
Epoch: 3 cost time: 37.41816306114197
Epoch: 3, Steps: 282 | Train Loss: 0.7386597 Vali Loss: 0.7223105 Test Loss: 0.3150874
Validation loss decreased (0.737251 --> 0.722311).  Saving model ...
Updating learning rate to 0.0001
	iters: 100, epoch: 4 | loss: 0.6715759
	speed: 0.3050s/iter; left time: 8312.4265s
	iters: 200, epoch: 4 | loss: 0.6746550
	speed: 0.1326s/iter; left time: 3600.5213s
Epoch: 4 cost time: 37.385268688201904
Epoch: 4, Steps: 282 | Train Loss: 0.7240812 Vali Loss: 0.7137987 Test Loss: 0.3120842
Validation loss decreased (0.722311 --> 0.713799).  Saving model ...
Updating learning rate to 9e-05
	iters: 100, epoch: 5 | loss: 0.7198508
	speed: 0.3047s/iter; left time: 8217.7139s
	iters: 200, epoch: 5 | loss: 0.6794372
	speed: 0.1323s/iter; left time: 3554.6737s
Epoch: 5 cost time: 37.29797720909119
Epoch: 5, Steps: 282 | Train Loss: 0.7102879 Vali Loss: 0.7035013 Test Loss: 0.3094829
Validation loss decreased (0.713799 --> 0.703501).  Saving model ...
Updating learning rate to 8.1e-05
	iters: 100, epoch: 6 | loss: 0.6550003
	speed: 0.3036s/iter; left time: 8102.9780s
	iters: 200, epoch: 6 | loss: 0.6826877
	speed: 0.1319s/iter; left time: 3507.4366s
Epoch: 6 cost time: 37.1978805065155
Epoch: 6, Steps: 282 | Train Loss: 0.7005946 Vali Loss: 0.6964518 Test Loss: 0.3072267
Validation loss decreased (0.703501 --> 0.696452).  Saving model ...
Updating learning rate to 7.290000000000001e-05
	iters: 100, epoch: 7 | loss: 0.6268625
	speed: 0.3084s/iter; left time: 8144.7930s
	iters: 200, epoch: 7 | loss: 0.6027457
	speed: 0.1318s/iter; left time: 3466.5619s
Epoch: 7 cost time: 37.13583183288574
Epoch: 7, Steps: 282 | Train Loss: 0.6923657 Vali Loss: 0.6913652 Test Loss: 0.3052831
Validation loss decreased (0.696452 --> 0.691365).  Saving model ...
Updating learning rate to 6.561e-05
	iters: 100, epoch: 8 | loss: 0.6622774
	speed: 0.3033s/iter; left time: 7924.4888s
	iters: 200, epoch: 8 | loss: 0.7013002
	speed: 0.1318s/iter; left time: 3429.2705s
Epoch: 8 cost time: 37.15137839317322
Epoch: 8, Steps: 282 | Train Loss: 0.6852088 Vali Loss: 0.6839967 Test Loss: 0.3035779
Validation loss decreased (0.691365 --> 0.683997).  Saving model ...
Updating learning rate to 5.904900000000001e-05
	iters: 100, epoch: 9 | loss: 0.6233189
	speed: 0.3025s/iter; left time: 7818.2908s
	iters: 200, epoch: 9 | loss: 0.7775642
	speed: 0.1315s/iter; left time: 3385.0770s
Epoch: 9 cost time: 37.077595949172974
Epoch: 9, Steps: 282 | Train Loss: 0.6797414 Vali Loss: 0.6810385 Test Loss: 0.3020715
Validation loss decreased (0.683997 --> 0.681038).  Saving model ...
Updating learning rate to 5.3144100000000005e-05
	iters: 100, epoch: 10 | loss: 0.6472657
	speed: 0.3030s/iter; left time: 7746.8401s
	iters: 200, epoch: 10 | loss: 0.5848090
	speed: 0.1314s/iter; left time: 3346.7676s
Epoch: 10 cost time: 37.09096312522888
Epoch: 10, Steps: 282 | Train Loss: 0.6745063 Vali Loss: 0.6767564 Test Loss: 0.3007608
Validation loss decreased (0.681038 --> 0.676756).  Saving model ...
Updating learning rate to 4.782969000000001e-05
	iters: 100, epoch: 11 | loss: 0.6664801
	speed: 0.3029s/iter; left time: 7658.2647s
	iters: 200, epoch: 11 | loss: 0.6625676
	speed: 0.1313s/iter; left time: 3306.7929s
Epoch: 11 cost time: 37.039955377578735
Epoch: 11, Steps: 282 | Train Loss: 0.6701788 Vali Loss: 0.6752383 Test Loss: 0.2996034
Validation loss decreased (0.676756 --> 0.675238).  Saving model ...
Updating learning rate to 4.304672100000001e-05
	iters: 100, epoch: 12 | loss: 0.6479710
	speed: 0.3020s/iter; left time: 7549.3297s
	iters: 200, epoch: 12 | loss: 0.6266950
	speed: 0.1313s/iter; left time: 3268.6766s
Epoch: 12 cost time: 37.021833181381226
Epoch: 12, Steps: 282 | Train Loss: 0.6660407 Vali Loss: 0.6711548 Test Loss: 0.2985478
Validation loss decreased (0.675238 --> 0.671155).  Saving model ...
Updating learning rate to 3.874204890000001e-05
	iters: 100, epoch: 13 | loss: 0.8021377
	speed: 0.3023s/iter; left time: 7472.8687s
	iters: 200, epoch: 13 | loss: 0.7075384
	speed: 0.1313s/iter; left time: 3232.6475s
Epoch: 13 cost time: 37.03500533103943
Epoch: 13, Steps: 282 | Train Loss: 0.6630256 Vali Loss: 0.6663092 Test Loss: 0.2976087
Validation loss decreased (0.671155 --> 0.666309).  Saving model ...
Updating learning rate to 3.486784401000001e-05
	iters: 100, epoch: 14 | loss: 0.6477634
	speed: 0.3024s/iter; left time: 7388.2488s
	iters: 200, epoch: 14 | loss: 0.6575838
	speed: 0.1313s/iter; left time: 3194.3900s
Epoch: 14 cost time: 37.01879000663757
Epoch: 14, Steps: 282 | Train Loss: 0.6601138 Vali Loss: 0.6662605 Test Loss: 0.2967679
Validation loss decreased (0.666309 --> 0.666261).  Saving model ...
Updating learning rate to 3.138105960900001e-05
	iters: 100, epoch: 15 | loss: 0.5494598
	speed: 0.3023s/iter; left time: 7301.1891s
	iters: 200, epoch: 15 | loss: 0.7673786
	speed: 0.1312s/iter; left time: 3155.9489s
Epoch: 15 cost time: 37.01148796081543
Epoch: 15, Steps: 282 | Train Loss: 0.6574617 Vali Loss: 0.6629511 Test Loss: 0.2959838
Validation loss decreased (0.666261 --> 0.662951).  Saving model ...
Updating learning rate to 2.824295364810001e-05
	iters: 100, epoch: 16 | loss: 0.6816151
	speed: 0.3017s/iter; left time: 7202.3944s
	iters: 200, epoch: 16 | loss: 0.7170838
	speed: 0.1312s/iter; left time: 3118.8764s
Epoch: 16 cost time: 37.011821269989014
Epoch: 16, Steps: 282 | Train Loss: 0.6547228 Vali Loss: 0.6620987 Test Loss: 0.2952978
Validation loss decreased (0.662951 --> 0.662099).  Saving model ...
Updating learning rate to 2.541865828329001e-05
	iters: 100, epoch: 17 | loss: 0.8349438
	speed: 0.3022s/iter; left time: 7127.4465s
	iters: 200, epoch: 17 | loss: 0.6968265
	speed: 0.1312s/iter; left time: 3082.5763s
Epoch: 17 cost time: 37.01221799850464
Epoch: 17, Steps: 282 | Train Loss: 0.6526999 Vali Loss: 0.6581060 Test Loss: 0.2946628
Validation loss decreased (0.662099 --> 0.658106).  Saving model ...
Updating learning rate to 2.287679245496101e-05
	iters: 100, epoch: 18 | loss: 0.5908064
	speed: 0.3024s/iter; left time: 7047.3100s
	iters: 200, epoch: 18 | loss: 0.5553580
	speed: 0.1312s/iter; left time: 3045.0622s
Epoch: 18 cost time: 37.00605344772339
Epoch: 18, Steps: 282 | Train Loss: 0.6498763 Vali Loss: 0.6577807 Test Loss: 0.2941082
Validation loss decreased (0.658106 --> 0.657781).  Saving model ...
Updating learning rate to 2.0589113209464907e-05
	iters: 100, epoch: 19 | loss: 0.5611944
	speed: 0.3019s/iter; left time: 6951.6752s
	iters: 200, epoch: 19 | loss: 0.6614047
	speed: 0.1311s/iter; left time: 3006.3632s
Epoch: 19 cost time: 36.98913049697876
Epoch: 19, Steps: 282 | Train Loss: 0.6490818 Vali Loss: 0.6575309 Test Loss: 0.2935899
Validation loss decreased (0.657781 --> 0.657531).  Saving model ...
Updating learning rate to 1.8530201888518416e-05
	iters: 100, epoch: 20 | loss: 0.5798252
	speed: 0.3020s/iter; left time: 6868.6926s
	iters: 200, epoch: 20 | loss: 0.6188320
	speed: 0.1312s/iter; left time: 2970.6533s
Epoch: 20 cost time: 36.99734687805176
Epoch: 20, Steps: 282 | Train Loss: 0.6475249 Vali Loss: 0.6539341 Test Loss: 0.2931243
Validation loss decreased (0.657531 --> 0.653934).  Saving model ...
Updating learning rate to 1.6677181699666577e-05
	iters: 100, epoch: 21 | loss: 0.6177940
	speed: 0.3021s/iter; left time: 6784.7397s
	iters: 200, epoch: 21 | loss: 0.5949728
	speed: 0.1312s/iter; left time: 2933.5770s
Epoch: 21 cost time: 36.996230363845825
Epoch: 21, Steps: 282 | Train Loss: 0.6460365 Vali Loss: 0.6525375 Test Loss: 0.2927043
Validation loss decreased (0.653934 --> 0.652538).  Saving model ...
Updating learning rate to 1.5009463529699919e-05
	iters: 100, epoch: 22 | loss: 0.7088618
	speed: 0.3019s/iter; left time: 6695.0080s
	iters: 200, epoch: 22 | loss: 0.5878767
	speed: 0.1311s/iter; left time: 2895.2694s
Epoch: 22 cost time: 36.99691319465637
Epoch: 22, Steps: 282 | Train Loss: 0.6446553 Vali Loss: 0.6507221 Test Loss: 0.2923438
Validation loss decreased (0.652538 --> 0.650722).  Saving model ...
Updating learning rate to 1.3508517176729929e-05
	iters: 100, epoch: 23 | loss: 0.5748571
	speed: 0.3022s/iter; left time: 6616.2810s
	iters: 200, epoch: 23 | loss: 0.5606191
	speed: 0.1312s/iter; left time: 2860.2025s
Epoch: 23 cost time: 37.006540060043335
Epoch: 23, Steps: 282 | Train Loss: 0.6437746 Vali Loss: 0.6510774 Test Loss: 0.2919872
EarlyStopping counter: 1 out of 20
Updating learning rate to 1.2157665459056936e-05
	iters: 100, epoch: 24 | loss: 0.6511763
	speed: 0.3009s/iter; left time: 6503.3632s
	iters: 200, epoch: 24 | loss: 0.6073760
	speed: 0.1311s/iter; left time: 2820.8660s
Epoch: 24 cost time: 36.990480184555054
Epoch: 24, Steps: 282 | Train Loss: 0.6425243 Vali Loss: 0.6502159 Test Loss: 0.2916580
Validation loss decreased (0.650722 --> 0.650216).  Saving model ...
Updating learning rate to 1.0941898913151242e-05
	iters: 100, epoch: 25 | loss: 0.5999889
	speed: 0.3018s/iter; left time: 6437.3655s
	iters: 200, epoch: 25 | loss: 0.6374312
	speed: 0.1311s/iter; left time: 2783.1670s
Epoch: 25 cost time: 36.99212288856506
Epoch: 25, Steps: 282 | Train Loss: 0.6415019 Vali Loss: 0.6494629 Test Loss: 0.2913805
Validation loss decreased (0.650216 --> 0.649463).  Saving model ...
Updating learning rate to 9.847709021836118e-06
	iters: 100, epoch: 26 | loss: 0.5573357
	speed: 0.3016s/iter; left time: 6349.7798s
	iters: 200, epoch: 26 | loss: 0.7644222
	speed: 0.1312s/iter; left time: 2748.5440s
Epoch: 26 cost time: 37.00338053703308
Epoch: 26, Steps: 282 | Train Loss: 0.6409370 Vali Loss: 0.6470409 Test Loss: 0.2911270
Validation loss decreased (0.649463 --> 0.647041).  Saving model ...
Updating learning rate to 8.862938119652508e-06
	iters: 100, epoch: 27 | loss: 0.6247576
	speed: 0.3020s/iter; left time: 6272.8069s
	iters: 200, epoch: 27 | loss: 0.5359736
	speed: 0.1312s/iter; left time: 2711.4582s
Epoch: 27 cost time: 37.0031898021698
Epoch: 27, Steps: 282 | Train Loss: 0.6399358 Vali Loss: 0.6471451 Test Loss: 0.2909057
EarlyStopping counter: 1 out of 20
Updating learning rate to 7.976644307687255e-06
	iters: 100, epoch: 28 | loss: 0.7369490
	speed: 0.3012s/iter; left time: 6169.9830s
	iters: 200, epoch: 28 | loss: 0.6405725
	speed: 0.1312s/iter; left time: 2675.4251s
Epoch: 28 cost time: 37.01204872131348
Epoch: 28, Steps: 282 | Train Loss: 0.6394849 Vali Loss: 0.6491441 Test Loss: 0.2907004
EarlyStopping counter: 2 out of 20
Updating learning rate to 7.178979876918531e-06
	iters: 100, epoch: 29 | loss: 0.5901630
	speed: 0.3013s/iter; left time: 6088.5539s
	iters: 200, epoch: 29 | loss: 0.6621105
	speed: 0.1313s/iter; left time: 2638.8694s
Epoch: 29 cost time: 37.01606464385986
Epoch: 29, Steps: 282 | Train Loss: 0.6383895 Vali Loss: 0.6468166 Test Loss: 0.2905212
Validation loss decreased (0.647041 --> 0.646817).  Saving model ...
Updating learning rate to 6.4610818892266776e-06
	iters: 100, epoch: 30 | loss: 0.6583972
	speed: 0.3020s/iter; left time: 6016.2255s
	iters: 200, epoch: 30 | loss: 0.7200536
	speed: 0.1313s/iter; left time: 2601.8171s
Epoch: 30 cost time: 37.014007568359375
Epoch: 30, Steps: 282 | Train Loss: 0.6380843 Vali Loss: 0.6467772 Test Loss: 0.2903589
Validation loss decreased (0.646817 --> 0.646777).  Saving model ...
Updating learning rate to 5.8149737003040096e-06
	iters: 100, epoch: 31 | loss: 0.6523286
	speed: 0.3022s/iter; left time: 5935.5399s
	iters: 200, epoch: 31 | loss: 0.6426660
	speed: 0.1312s/iter; left time: 2564.0291s
Epoch: 31 cost time: 37.003628969192505
Epoch: 31, Steps: 282 | Train Loss: 0.6378966 Vali Loss: 0.6455303 Test Loss: 0.2902091
Validation loss decreased (0.646777 --> 0.645530).  Saving model ...
Updating learning rate to 5.23347633027361e-06
	iters: 100, epoch: 32 | loss: 0.6064892
	speed: 0.3017s/iter; left time: 5840.0591s
	iters: 200, epoch: 32 | loss: 0.6271086
	speed: 0.1313s/iter; left time: 2528.8437s
Epoch: 32 cost time: 37.01167631149292
Epoch: 32, Steps: 282 | Train Loss: 0.6369979 Vali Loss: 0.6446115 Test Loss: 0.2900731
Validation loss decreased (0.645530 --> 0.644612).  Saving model ...
Updating learning rate to 4.710128697246249e-06
	iters: 100, epoch: 33 | loss: 0.5677989
	speed: 0.3019s/iter; left time: 5759.2943s
	iters: 200, epoch: 33 | loss: 0.7407425
	speed: 0.1312s/iter; left time: 2490.1831s
Epoch: 33 cost time: 36.999205350875854
Epoch: 33, Steps: 282 | Train Loss: 0.6367053 Vali Loss: 0.6457252 Test Loss: 0.2899519
EarlyStopping counter: 1 out of 20
Updating learning rate to 4.239115827521624e-06
	iters: 100, epoch: 34 | loss: 0.6876518
	speed: 0.3010s/iter; left time: 5657.5138s
	iters: 200, epoch: 34 | loss: 0.5729892
	speed: 0.1313s/iter; left time: 2454.7594s
Epoch: 34 cost time: 37.00635552406311
Epoch: 34, Steps: 282 | Train Loss: 0.6356300 Vali Loss: 0.6443775 Test Loss: 0.2898426
Validation loss decreased (0.644612 --> 0.644378).  Saving model ...
Updating learning rate to 3.815204244769462e-06
	iters: 100, epoch: 35 | loss: 0.6419750
	speed: 0.3018s/iter; left time: 5586.3260s
	iters: 200, epoch: 35 | loss: 0.6485985
	speed: 0.1312s/iter; left time: 2416.3033s
Epoch: 35 cost time: 37.00395154953003
Epoch: 35, Steps: 282 | Train Loss: 0.6364329 Vali Loss: 0.6438869 Test Loss: 0.2897455
Validation loss decreased (0.644378 --> 0.643887).  Saving model ...
Updating learning rate to 3.4336838202925152e-06
	iters: 100, epoch: 36 | loss: 0.5982656
	speed: 0.3019s/iter; left time: 5503.1743s
	iters: 200, epoch: 36 | loss: 0.6158340
	speed: 0.1313s/iter; left time: 2380.8456s
Epoch: 36 cost time: 37.01189732551575
Epoch: 36, Steps: 282 | Train Loss: 0.6353622 Vali Loss: 0.6422212 Test Loss: 0.2896569
Validation loss decreased (0.643887 --> 0.642221).  Saving model ...
Updating learning rate to 3.090315438263264e-06
	iters: 100, epoch: 37 | loss: 0.6773385
	speed: 0.3018s/iter; left time: 5417.5028s
	iters: 200, epoch: 37 | loss: 0.6238047
	speed: 0.1313s/iter; left time: 2344.1828s
Epoch: 37 cost time: 37.011268854141235
Epoch: 37, Steps: 282 | Train Loss: 0.6354363 Vali Loss: 0.6441824 Test Loss: 0.2895751
EarlyStopping counter: 1 out of 20
Updating learning rate to 2.7812838944369375e-06
	iters: 100, epoch: 38 | loss: 0.5336254
	speed: 0.3013s/iter; left time: 5322.6716s
	iters: 200, epoch: 38 | loss: 0.6787978
	speed: 0.1313s/iter; left time: 2306.7683s
Epoch: 38 cost time: 37.013148069381714
Epoch: 38, Steps: 282 | Train Loss: 0.6349552 Vali Loss: 0.6428122 Test Loss: 0.2895063
EarlyStopping counter: 2 out of 20
Updating learning rate to 2.503155504993244e-06
	iters: 100, epoch: 39 | loss: 0.6174505
	speed: 0.3014s/iter; left time: 5238.9835s
	iters: 200, epoch: 39 | loss: 0.6695483
	speed: 0.1313s/iter; left time: 2269.7792s
Epoch: 39 cost time: 37.00591802597046
Epoch: 39, Steps: 282 | Train Loss: 0.6348248 Vali Loss: 0.6424320 Test Loss: 0.2894371
EarlyStopping counter: 3 out of 20
Updating learning rate to 2.2528399544939195e-06
	iters: 100, epoch: 40 | loss: 0.6169069
	speed: 0.3013s/iter; left time: 5153.0982s
	iters: 200, epoch: 40 | loss: 0.5258318
	speed: 0.1313s/iter; left time: 2233.1904s
Epoch: 40 cost time: 37.012584924697876
Epoch: 40, Steps: 282 | Train Loss: 0.6352465 Vali Loss: 0.6428944 Test Loss: 0.2893794
EarlyStopping counter: 4 out of 20
Updating learning rate to 2.0275559590445276e-06
	iters: 100, epoch: 41 | loss: 0.6529119
	speed: 0.3013s/iter; left time: 5068.5635s
	iters: 200, epoch: 41 | loss: 0.8454029
	speed: 0.1313s/iter; left time: 2194.7571s
Epoch: 41 cost time: 37.0039496421814
Epoch: 41, Steps: 282 | Train Loss: 0.6347037 Vali Loss: 0.6431929 Test Loss: 0.2893279
EarlyStopping counter: 5 out of 20
Updating learning rate to 1.8248003631400751e-06
	iters: 100, epoch: 42 | loss: 0.6250832
	speed: 0.3010s/iter; left time: 4978.7263s
	iters: 200, epoch: 42 | loss: 0.7361284
	speed: 0.1313s/iter; left time: 2158.7772s
Epoch: 42 cost time: 37.00936412811279
Epoch: 42, Steps: 282 | Train Loss: 0.6347137 Vali Loss: 0.6429346 Test Loss: 0.2892796
EarlyStopping counter: 6 out of 20
Updating learning rate to 1.6423203268260676e-06
	iters: 100, epoch: 43 | loss: 0.7401677
	speed: 0.3015s/iter; left time: 4901.4958s
	iters: 200, epoch: 43 | loss: 0.5402693
	speed: 0.1312s/iter; left time: 2120.0495s
Epoch: 43 cost time: 37.012293338775635
Epoch: 43, Steps: 282 | Train Loss: 0.6343160 Vali Loss: 0.6433919 Test Loss: 0.2892391
EarlyStopping counter: 7 out of 20
Updating learning rate to 1.4780882941434609e-06
	iters: 100, epoch: 44 | loss: 0.7364187
	speed: 0.3009s/iter; left time: 4806.1238s
	iters: 200, epoch: 44 | loss: 0.5897439
	speed: 0.1313s/iter; left time: 2083.8284s
Epoch: 44 cost time: 37.00567150115967
Epoch: 44, Steps: 282 | Train Loss: 0.6345208 Vali Loss: 0.6427709 Test Loss: 0.2891960
EarlyStopping counter: 8 out of 20
Updating learning rate to 1.3302794647291146e-06
	iters: 100, epoch: 45 | loss: 0.5281681
	speed: 0.3011s/iter; left time: 4725.2375s
	iters: 200, epoch: 45 | loss: 0.7427824
	speed: 0.1312s/iter; left time: 2046.2232s
Epoch: 45 cost time: 37.00370121002197
Epoch: 45, Steps: 282 | Train Loss: 0.6340220 Vali Loss: 0.6432362 Test Loss: 0.2891679
EarlyStopping counter: 9 out of 20
Updating learning rate to 1.1972515182562034e-06
	iters: 100, epoch: 46 | loss: 0.7302399
	speed: 0.3014s/iter; left time: 4644.3119s
	iters: 200, epoch: 46 | loss: 0.6639391
	speed: 0.1312s/iter; left time: 2009.1044s
Epoch: 46 cost time: 36.99544620513916
Epoch: 46, Steps: 282 | Train Loss: 0.6342584 Vali Loss: 0.6429834 Test Loss: 0.2891329
EarlyStopping counter: 10 out of 20
Updating learning rate to 1.077526366430583e-06
	iters: 100, epoch: 47 | loss: 0.6122336
	speed: 0.3012s/iter; left time: 4557.4816s
	iters: 200, epoch: 47 | loss: 0.7182388
	speed: 0.1312s/iter; left time: 1972.4778s
Epoch: 47 cost time: 37.01402187347412
Epoch: 47, Steps: 282 | Train Loss: 0.6344187 Vali Loss: 0.6426730 Test Loss: 0.2891083
EarlyStopping counter: 11 out of 20
Updating learning rate to 9.697737297875248e-07
	iters: 100, epoch: 48 | loss: 0.5389640
	speed: 0.3013s/iter; left time: 4474.0895s
	iters: 200, epoch: 48 | loss: 0.7040195
	speed: 0.1312s/iter; left time: 1934.1592s
Epoch: 48 cost time: 36.98888063430786
Epoch: 48, Steps: 282 | Train Loss: 0.6341901 Vali Loss: 0.6418012 Test Loss: 0.2890804
Validation loss decreased (0.642221 --> 0.641801).  Saving model ...
Updating learning rate to 8.727963568087723e-07
	iters: 100, epoch: 49 | loss: 0.7644297
	speed: 0.3020s/iter; left time: 4398.8991s
	iters: 200, epoch: 49 | loss: 0.5401690
	speed: 0.1312s/iter; left time: 1897.2128s
Epoch: 49 cost time: 37.00437593460083
Epoch: 49, Steps: 282 | Train Loss: 0.6337045 Vali Loss: 0.6429909 Test Loss: 0.2890602
EarlyStopping counter: 1 out of 20
Updating learning rate to 7.855167211278951e-07
	iters: 100, epoch: 50 | loss: 0.6542560
	speed: 0.3012s/iter; left time: 4302.5710s
	iters: 200, epoch: 50 | loss: 0.6645715
	speed: 0.1312s/iter; left time: 1860.1149s
Epoch: 50 cost time: 36.98913383483887
Epoch: 50, Steps: 282 | Train Loss: 0.6337653 Vali Loss: 0.6428577 Test Loss: 0.2890376
EarlyStopping counter: 2 out of 20
Updating learning rate to 7.069650490151056e-07
	iters: 100, epoch: 51 | loss: 0.6734098
	speed: 0.3015s/iter; left time: 4221.3454s
	iters: 200, epoch: 51 | loss: 0.5861124
	speed: 0.1311s/iter; left time: 1822.6587s
Epoch: 51 cost time: 36.99951481819153
Epoch: 51, Steps: 282 | Train Loss: 0.6334971 Vali Loss: 0.6428890 Test Loss: 0.2890195
EarlyStopping counter: 3 out of 20
Updating learning rate to 6.36268544113595e-07
	iters: 100, epoch: 52 | loss: 0.6254177
	speed: 0.3011s/iter; left time: 4130.8240s
	iters: 200, epoch: 52 | loss: 0.6285864
	speed: 0.1312s/iter; left time: 1786.5800s
Epoch: 52 cost time: 37.00373888015747
Epoch: 52, Steps: 282 | Train Loss: 0.6330286 Vali Loss: 0.6411950 Test Loss: 0.2889999
Validation loss decreased (0.641801 --> 0.641195).  Saving model ...
Updating learning rate to 5.726416897022355e-07
	iters: 100, epoch: 53 | loss: 0.5259830
	speed: 0.3038s/iter; left time: 4082.8089s
	iters: 200, epoch: 53 | loss: 0.6297258
	speed: 0.1312s/iter; left time: 1749.9071s
Epoch: 53 cost time: 37.013039350509644
Epoch: 53, Steps: 282 | Train Loss: 0.6329904 Vali Loss: 0.6417441 Test Loss: 0.2889848
EarlyStopping counter: 1 out of 20
Updating learning rate to 5.15377520732012e-07
	iters: 100, epoch: 54 | loss: 0.6117463
	speed: 0.3019s/iter; left time: 3970.8560s
	iters: 200, epoch: 54 | loss: 0.6809967
	speed: 0.1317s/iter; left time: 1718.8044s
Epoch: 54 cost time: 37.12239956855774
Epoch: 54, Steps: 282 | Train Loss: 0.6335861 Vali Loss: 0.6433011 Test Loss: 0.2889710
EarlyStopping counter: 2 out of 20
Updating learning rate to 4.6383976865881085e-07
	iters: 100, epoch: 55 | loss: 0.6051004
	speed: 0.3030s/iter; left time: 3900.5046s
	iters: 200, epoch: 55 | loss: 0.6005000
	speed: 0.1320s/iter; left time: 1686.3757s
Epoch: 55 cost time: 37.23200082778931
Epoch: 55, Steps: 282 | Train Loss: 0.6335341 Vali Loss: 0.6423032 Test Loss: 0.2889614
EarlyStopping counter: 3 out of 20
Updating learning rate to 4.174557917929298e-07
	iters: 100, epoch: 56 | loss: 0.6205384
	speed: 0.3036s/iter; left time: 3822.1167s
	iters: 200, epoch: 56 | loss: 0.6104786
	speed: 0.1323s/iter; left time: 1652.7415s
Epoch: 56 cost time: 37.27800893783569
Epoch: 56, Steps: 282 | Train Loss: 0.6333394 Vali Loss: 0.6417951 Test Loss: 0.2889510
EarlyStopping counter: 4 out of 20
Updating learning rate to 3.7571021261363677e-07
	iters: 100, epoch: 57 | loss: 0.6198115
	speed: 0.3035s/iter; left time: 3735.5765s
	iters: 200, epoch: 57 | loss: 0.7312545
	speed: 0.1324s/iter; left time: 1616.8678s
Epoch: 57 cost time: 37.30774998664856
Epoch: 57, Steps: 282 | Train Loss: 0.6332624 Vali Loss: 0.6434054 Test Loss: 0.2889460
EarlyStopping counter: 5 out of 20
Updating learning rate to 3.381391913522731e-07
	iters: 100, epoch: 58 | loss: 0.8126976
	speed: 0.3038s/iter; left time: 3653.4932s
	iters: 200, epoch: 58 | loss: 0.7760555
	speed: 0.1324s/iter; left time: 1579.4939s
Epoch: 58 cost time: 37.318458795547485
Epoch: 58, Steps: 282 | Train Loss: 0.6333245 Vali Loss: 0.6431574 Test Loss: 0.2889321
EarlyStopping counter: 6 out of 20
Updating learning rate to 3.043252722170458e-07
	iters: 100, epoch: 59 | loss: 0.5027623
	speed: 0.3039s/iter; left time: 3569.6556s
	iters: 200, epoch: 59 | loss: 0.5175639
	speed: 0.1326s/iter; left time: 1544.2166s
Epoch: 59 cost time: 37.350547313690186
Epoch: 59, Steps: 282 | Train Loss: 0.6330165 Vali Loss: 0.6424540 Test Loss: 0.2889263
EarlyStopping counter: 7 out of 20
Updating learning rate to 2.7389274499534124e-07
	iters: 100, epoch: 60 | loss: 0.5315386
	speed: 0.3038s/iter; left time: 3482.3812s
	iters: 200, epoch: 60 | loss: 0.5566677
	speed: 0.1326s/iter; left time: 1506.4375s
Epoch: 60 cost time: 37.37618660926819
Epoch: 60, Steps: 282 | Train Loss: 0.6336284 Vali Loss: 0.6421861 Test Loss: 0.2889171
EarlyStopping counter: 8 out of 20
Updating learning rate to 2.465034704958071e-07
	iters: 100, epoch: 61 | loss: 0.6522927
	speed: 0.3043s/iter; left time: 3402.9129s
	iters: 200, epoch: 61 | loss: 0.6491284
	speed: 0.1327s/iter; left time: 1470.2280s
Epoch: 61 cost time: 37.391605615615845
Epoch: 61, Steps: 282 | Train Loss: 0.6333358 Vali Loss: 0.6417267 Test Loss: 0.2889133
EarlyStopping counter: 9 out of 20
Updating learning rate to 2.218531234462264e-07
	iters: 100, epoch: 62 | loss: 0.5307639
	speed: 0.3043s/iter; left time: 3316.4206s
	iters: 200, epoch: 62 | loss: 0.6078799
	speed: 0.1328s/iter; left time: 1434.2047s
Epoch: 62 cost time: 37.433839559555054
Epoch: 62, Steps: 282 | Train Loss: 0.6334013 Vali Loss: 0.6415813 Test Loss: 0.2889081
EarlyStopping counter: 10 out of 20
Updating learning rate to 1.9966781110160376e-07
	iters: 100, epoch: 63 | loss: 0.7728245
	speed: 0.3048s/iter; left time: 3235.7738s
	iters: 200, epoch: 63 | loss: 0.5519969
	speed: 0.1329s/iter; left time: 1397.8103s
Epoch: 63 cost time: 37.471906423568726
Epoch: 63, Steps: 282 | Train Loss: 0.6331446 Vali Loss: 0.6421239 Test Loss: 0.2889040
EarlyStopping counter: 11 out of 20
Updating learning rate to 1.797010299914434e-07
	iters: 100, epoch: 64 | loss: 0.6512018
	speed: 0.3048s/iter; left time: 3149.6289s
	iters: 200, epoch: 64 | loss: 0.6271934
	speed: 0.1328s/iter; left time: 1359.5665s
Epoch: 64 cost time: 37.46251916885376
Epoch: 64, Steps: 282 | Train Loss: 0.6333470 Vali Loss: 0.6408500 Test Loss: 0.2888988
Validation loss decreased (0.641195 --> 0.640850).  Saving model ...
Updating learning rate to 1.6173092699229907e-07
	iters: 100, epoch: 65 | loss: 0.7227126
	speed: 0.3055s/iter; left time: 3071.4975s
	iters: 200, epoch: 65 | loss: 0.5267339
	speed: 0.1329s/iter; left time: 1322.2784s
Epoch: 65 cost time: 37.45733690261841
Epoch: 65, Steps: 282 | Train Loss: 0.6333034 Vali Loss: 0.6414825 Test Loss: 0.2888938
EarlyStopping counter: 1 out of 20
Updating learning rate to 1.4555783429306916e-07
	iters: 100, epoch: 66 | loss: 0.5957723
	speed: 0.3051s/iter; left time: 2981.3067s
	iters: 200, epoch: 66 | loss: 0.5867146
	speed: 0.1329s/iter; left time: 1285.2003s
Epoch: 66 cost time: 37.49864912033081
Epoch: 66, Steps: 282 | Train Loss: 0.6333834 Vali Loss: 0.6388475 Test Loss: 0.2888881
Validation loss decreased (0.640850 --> 0.638848).  Saving model ...
Updating learning rate to 1.3100205086376224e-07
	iters: 100, epoch: 67 | loss: 0.7246032
	speed: 0.3053s/iter; left time: 2897.3596s
	iters: 200, epoch: 67 | loss: 0.6327865
	speed: 0.1330s/iter; left time: 1248.6577s
Epoch: 67 cost time: 37.516531229019165
Epoch: 67, Steps: 282 | Train Loss: 0.6336229 Vali Loss: 0.6409478 Test Loss: 0.2888862
EarlyStopping counter: 1 out of 20
Updating learning rate to 1.1790184577738603e-07
	iters: 100, epoch: 68 | loss: 0.5906249
	speed: 0.3053s/iter; left time: 2810.9715s
	iters: 200, epoch: 68 | loss: 0.6860608
	speed: 0.1330s/iter; left time: 1211.0499s
Epoch: 68 cost time: 37.5239098072052
Epoch: 68, Steps: 282 | Train Loss: 0.6332825 Vali Loss: 0.6420651 Test Loss: 0.2888818
EarlyStopping counter: 2 out of 20
Updating learning rate to 1.0611166119964742e-07
	iters: 100, epoch: 69 | loss: 0.7235301
	speed: 0.3052s/iter; left time: 2724.0436s
	iters: 200, epoch: 69 | loss: 0.5389036
	speed: 0.1330s/iter; left time: 1174.1303s
Epoch: 69 cost time: 37.53336787223816
Epoch: 69, Steps: 282 | Train Loss: 0.6333060 Vali Loss: 0.6411506 Test Loss: 0.2888824
EarlyStopping counter: 3 out of 20
Updating learning rate to 9.550049507968268e-08
	iters: 100, epoch: 70 | loss: 0.7985086
	speed: 0.3056s/iter; left time: 2641.6357s
	iters: 200, epoch: 70 | loss: 0.7636647
	speed: 0.1333s/iter; left time: 1138.3662s
Epoch: 70 cost time: 37.579373836517334
Epoch: 70, Steps: 282 | Train Loss: 0.6325163 Vali Loss: 0.6423521 Test Loss: 0.2888802
EarlyStopping counter: 4 out of 20
Updating learning rate to 8.595044557171442e-08
	iters: 100, epoch: 71 | loss: 0.6590100
	speed: 0.3057s/iter; left time: 2556.3461s
	iters: 200, epoch: 71 | loss: 0.5674737
	speed: 0.1331s/iter; left time: 1099.8282s
Epoch: 71 cost time: 37.54999089241028
Epoch: 71, Steps: 282 | Train Loss: 0.6329919 Vali Loss: 0.6425956 Test Loss: 0.2888800
EarlyStopping counter: 5 out of 20
Updating learning rate to 7.735540101454298e-08
	iters: 100, epoch: 72 | loss: 0.5224455
	speed: 0.3053s/iter; left time: 2466.6787s
	iters: 200, epoch: 72 | loss: 0.6507150
	speed: 0.1328s/iter; left time: 1059.5574s
Epoch: 72 cost time: 37.46701693534851
Epoch: 72, Steps: 282 | Train Loss: 0.6325121 Vali Loss: 0.6438912 Test Loss: 0.2888767
EarlyStopping counter: 6 out of 20
Updating learning rate to 6.961986091308869e-08
	iters: 100, epoch: 73 | loss: 0.5280300
	speed: 0.3045s/iter; left time: 2374.1315s
	iters: 200, epoch: 73 | loss: 0.6328990
	speed: 0.1325s/iter; left time: 1019.8377s
Epoch: 73 cost time: 37.36829423904419
Epoch: 73, Steps: 282 | Train Loss: 0.6325510 Vali Loss: 0.6416867 Test Loss: 0.2888783
EarlyStopping counter: 7 out of 20
Updating learning rate to 6.265787482177981e-08
	iters: 100, epoch: 74 | loss: 0.6707076
	speed: 0.3037s/iter; left time: 2282.2098s
	iters: 200, epoch: 74 | loss: 0.5514354
	speed: 0.1321s/iter; left time: 979.8656s
Epoch: 74 cost time: 37.28577399253845
Epoch: 74, Steps: 282 | Train Loss: 0.6332243 Vali Loss: 0.6420798 Test Loss: 0.2888758
EarlyStopping counter: 8 out of 20
Updating learning rate to 5.639208733960184e-08
	iters: 100, epoch: 75 | loss: 0.6340125
	speed: 0.3035s/iter; left time: 2195.4319s
	iters: 200, epoch: 75 | loss: 0.6991920
	speed: 0.1320s/iter; left time: 941.3521s
Epoch: 75 cost time: 37.21472406387329
Epoch: 75, Steps: 282 | Train Loss: 0.6328577 Vali Loss: 0.6420674 Test Loss: 0.2888728
EarlyStopping counter: 9 out of 20
Updating learning rate to 5.075287860564165e-08
	iters: 100, epoch: 76 | loss: 0.5567427
	speed: 0.3034s/iter; left time: 2108.6109s
	iters: 200, epoch: 76 | loss: 0.5905148
	speed: 0.1311s/iter; left time: 897.9861s
Epoch: 76 cost time: 37.03412079811096
Epoch: 76, Steps: 282 | Train Loss: 0.6337172 Vali Loss: 0.6403995 Test Loss: 0.2888742
EarlyStopping counter: 10 out of 20
Updating learning rate to 4.567759074507749e-08
	iters: 100, epoch: 77 | loss: 0.7148243
	speed: 0.3015s/iter; left time: 2010.8314s
	iters: 200, epoch: 77 | loss: 0.5828450
	speed: 0.1310s/iter; left time: 860.2536s
Epoch: 77 cost time: 36.93827486038208
Epoch: 77, Steps: 282 | Train Loss: 0.6326662 Vali Loss: 0.6424174 Test Loss: 0.2888733
EarlyStopping counter: 11 out of 20
Updating learning rate to 4.1109831670569744e-08
	iters: 100, epoch: 78 | loss: 0.5789220
	speed: 0.3017s/iter; left time: 1926.8332s
	iters: 200, epoch: 78 | loss: 0.5856651
	speed: 0.1309s/iter; left time: 822.9621s
Epoch: 78 cost time: 36.90779256820679
Epoch: 78, Steps: 282 | Train Loss: 0.6334004 Vali Loss: 0.6410080 Test Loss: 0.2888737
EarlyStopping counter: 12 out of 20
Updating learning rate to 3.6998848503512764e-08
	iters: 100, epoch: 79 | loss: 0.6387329
	speed: 0.3022s/iter; left time: 1844.8375s
	iters: 200, epoch: 79 | loss: 0.6688262
	speed: 0.1316s/iter; left time: 790.1089s
Epoch: 79 cost time: 37.074100732803345
Epoch: 79, Steps: 282 | Train Loss: 0.6330495 Vali Loss: 0.6407335 Test Loss: 0.2888745
EarlyStopping counter: 13 out of 20
Updating learning rate to 3.3298963653161496e-08
	iters: 100, epoch: 80 | loss: 0.6232070
	speed: 0.3031s/iter; left time: 1764.9957s
	iters: 200, epoch: 80 | loss: 0.6583113
	speed: 0.1315s/iter; left time: 752.3416s
Epoch: 80 cost time: 37.10174226760864
Epoch: 80, Steps: 282 | Train Loss: 0.6331897 Vali Loss: 0.6417310 Test Loss: 0.2888725
EarlyStopping counter: 14 out of 20
Updating learning rate to 2.996906728784534e-08
	iters: 100, epoch: 81 | loss: 0.5982053
	speed: 0.3027s/iter; left time: 1677.3272s
	iters: 200, epoch: 81 | loss: 0.6424406
	speed: 0.1315s/iter; left time: 715.3110s
Epoch: 81 cost time: 37.06812834739685
Epoch: 81, Steps: 282 | Train Loss: 0.6325450 Vali Loss: 0.6431462 Test Loss: 0.2888753
EarlyStopping counter: 15 out of 20
Updating learning rate to 2.697216055906081e-08
	iters: 100, epoch: 82 | loss: 0.6570950
	speed: 0.3027s/iter; left time: 1591.8800s
	iters: 200, epoch: 82 | loss: 0.5682189
	speed: 0.1315s/iter; left time: 678.2049s
Epoch: 82 cost time: 37.072776556015015
Epoch: 82, Steps: 282 | Train Loss: 0.6329921 Vali Loss: 0.6424183 Test Loss: 0.2888751
EarlyStopping counter: 16 out of 20
Updating learning rate to 2.427494450315473e-08
	iters: 100, epoch: 83 | loss: 0.6205354
	speed: 0.3028s/iter; left time: 1506.9671s
	iters: 200, epoch: 83 | loss: 0.6915305
	speed: 0.1314s/iter; left time: 640.6359s
Epoch: 83 cost time: 37.06548762321472
Epoch: 83, Steps: 282 | Train Loss: 0.6335765 Vali Loss: 0.6411481 Test Loss: 0.2888723
EarlyStopping counter: 17 out of 20
Updating learning rate to 2.1847450052839257e-08
	iters: 100, epoch: 84 | loss: 0.5907084
	speed: 0.3028s/iter; left time: 1421.5945s
	iters: 200, epoch: 84 | loss: 0.5750018
	speed: 0.1314s/iter; left time: 603.8940s
Epoch: 84 cost time: 37.070884227752686
Epoch: 84, Steps: 282 | Train Loss: 0.6332939 Vali Loss: 0.6419027 Test Loss: 0.2888697
EarlyStopping counter: 18 out of 20
Updating learning rate to 1.9662705047555332e-08
	iters: 100, epoch: 85 | loss: 0.5492773
	speed: 0.3024s/iter; left time: 1334.6137s
	iters: 200, epoch: 85 | loss: 0.6769436
	speed: 0.1315s/iter; left time: 567.2209s
Epoch: 85 cost time: 37.060821533203125
Epoch: 85, Steps: 282 | Train Loss: 0.6332396 Vali Loss: 0.6416563 Test Loss: 0.2888705
EarlyStopping counter: 19 out of 20
Updating learning rate to 1.7696434542799797e-08
	iters: 100, epoch: 86 | loss: 0.6162147
	speed: 0.3028s/iter; left time: 1250.8686s
	iters: 200, epoch: 86 | loss: 0.8407391
	speed: 0.1313s/iter; left time: 529.3071s
Epoch: 86 cost time: 37.0531280040741
Epoch: 86, Steps: 282 | Train Loss: 0.6332356 Vali Loss: 0.6412947 Test Loss: 0.2888705
EarlyStopping counter: 20 out of 20
Early stopping
>>>>>>>testing : NL_weather_cms_lr0.0001_always_336_336_PatchTST_custom_ftM_sl336_ll48_pl336_dm128_nh16_el3_dl1_df256_fc1_ebtimeF_dtTruelr0.0001_polalways_Nested_Learning_0<<<<<<<<<<<<<<<<<<<<<<<<<<<<<<<<<
test 10204
 Ejecutando Inferencia DINÁMICA (Nested Learning con cms)
  -> Política: always | LR: 0.0001 | Target: head

RESUMEN: El CMS se actualizó 79 veces de 79 posibles.

mse:0.2888356149196625, mae:0.3193588852882385, rse:0.7059720158576965
Args in experiment:
Namespace(random_seed=2021, is_training=1, model_id='NL_weather_cms_lr0.0001_always_336_720', model='PatchTST', data='custom', root_path='./dataset/', data_path='weather.csv', features='M', target='OT', freq='h', checkpoints='./checkpoints/', seq_len=336, label_len=48, pred_len=720, head_type='cms', cms_lr=0.0001, update_policy='always', fc_dropout=0.2, head_dropout=0.0, patch_len=16, stride=8, padding_patch='end', revin=1, affine=0, subtract_last=0, decomposition=0, kernel_size=25, individual=0, embed_type=0, enc_in=21, dec_in=7, c_out=7, d_model=128, n_heads=16, e_layers=3, d_layers=1, d_ff=256, moving_avg=25, factor=1, distil=True, dropout=0.2, embed='timeF', activation='gelu', output_attention=False, do_predict=False, num_workers=0, itr=1, train_epochs=100, batch_size=128, patience=20, learning_rate=0.0001, des='Nested_Learning', loss='mse', lradj='type3', pct_start=0.3, use_amp=False, use_gpu=True, gpu=0, use_multi_gpu=False, devices='0,1,2,3', test_flop=False)
Use GPU: cuda:0
>>>>>>>start training : NL_weather_cms_lr0.0001_always_336_720_PatchTST_custom_ftM_sl336_ll48_pl720_dm128_nh16_el3_dl1_df256_fc1_ebtimeF_dtTruelr0.0001_polalways_Nested_Learning_0>>>>>>>>>>>>>>>>>>>>>>>>>>
train 35832
val 4551
test 9820
	iters: 100, epoch: 1 | loss: 0.8219075
	speed: 0.1488s/iter; left time: 4137.5913s
	iters: 200, epoch: 1 | loss: 0.7852589
	speed: 0.1339s/iter; left time: 3707.9968s
Epoch: 1 cost time: 37.48671770095825
Epoch: 1, Steps: 279 | Train Loss: 0.8205384 Vali Loss: 0.8267306 Test Loss: 0.3719314
Validation loss decreased (inf --> 0.826731).  Saving model ...
Updating learning rate to 0.0001
	iters: 100, epoch: 2 | loss: 0.9464221
	speed: 0.3083s/iter; left time: 8483.6685s
	iters: 200, epoch: 2 | loss: 0.7936048
	speed: 0.1338s/iter; left time: 3668.9375s
Epoch: 2 cost time: 37.22568941116333
Epoch: 2, Steps: 279 | Train Loss: 0.8097755 Vali Loss: 0.8110506 Test Loss: 0.3681251
Validation loss decreased (0.826731 --> 0.811051).  Saving model ...
Updating learning rate to 0.0001
	iters: 100, epoch: 3 | loss: 0.8181406
	speed: 0.3061s/iter; left time: 8338.8929s
	iters: 200, epoch: 3 | loss: 0.7468982
	speed: 0.1339s/iter; left time: 3633.1903s
Epoch: 3 cost time: 37.24695920944214
Epoch: 3, Steps: 279 | Train Loss: 0.7939115 Vali Loss: 0.8024928 Test Loss: 0.3656498
Validation loss decreased (0.811051 --> 0.802493).  Saving model ...
Updating learning rate to 0.0001
	iters: 100, epoch: 4 | loss: 0.7403489
	speed: 0.3062s/iter; left time: 8257.6635s
	iters: 200, epoch: 4 | loss: 0.7678035
	speed: 0.1337s/iter; left time: 3590.4774s
Epoch: 4 cost time: 37.241534948349
Epoch: 4, Steps: 279 | Train Loss: 0.7826827 Vali Loss: 0.7963278 Test Loss: 0.3639464
Validation loss decreased (0.802493 --> 0.796328).  Saving model ...
Updating learning rate to 9e-05
	iters: 100, epoch: 5 | loss: 0.7134247
	speed: 0.3067s/iter; left time: 8184.4650s
	iters: 200, epoch: 5 | loss: 0.8543808
	speed: 0.1338s/iter; left time: 3555.9323s
Epoch: 5 cost time: 37.249074935913086
Epoch: 5, Steps: 279 | Train Loss: 0.7747313 Vali Loss: 0.7912534 Test Loss: 0.3627419
Validation loss decreased (0.796328 --> 0.791253).  Saving model ...
Updating learning rate to 8.1e-05
	iters: 100, epoch: 6 | loss: 0.7422176
	speed: 0.3064s/iter; left time: 8089.7246s
	iters: 200, epoch: 6 | loss: 0.8020919
	speed: 0.1338s/iter; left time: 3520.3219s
Epoch: 6 cost time: 37.231428146362305
Epoch: 6, Steps: 279 | Train Loss: 0.7690675 Vali Loss: 0.7890465 Test Loss: 0.3618111
Validation loss decreased (0.791253 --> 0.789046).  Saving model ...
Updating learning rate to 7.290000000000001e-05
	iters: 100, epoch: 7 | loss: 0.6929943
	speed: 0.3063s/iter; left time: 8003.5457s
	iters: 200, epoch: 7 | loss: 0.8010648
	speed: 0.1337s/iter; left time: 3478.9012s
Epoch: 7 cost time: 37.222026348114014
Epoch: 7, Steps: 279 | Train Loss: 0.7647615 Vali Loss: 0.7862793 Test Loss: 0.3610837
Validation loss decreased (0.789046 --> 0.786279).  Saving model ...
Updating learning rate to 6.561e-05
	iters: 100, epoch: 8 | loss: 0.7813687
	speed: 0.3057s/iter; left time: 7901.9522s
	iters: 200, epoch: 8 | loss: 0.6834116
	speed: 0.1336s/iter; left time: 3440.2565s
Epoch: 8 cost time: 37.210692167282104
Epoch: 8, Steps: 279 | Train Loss: 0.7615656 Vali Loss: 0.7838634 Test Loss: 0.3604524
Validation loss decreased (0.786279 --> 0.783863).  Saving model ...
Updating learning rate to 5.904900000000001e-05
	iters: 100, epoch: 9 | loss: 0.8039351
	speed: 0.3056s/iter; left time: 7814.5690s
	iters: 200, epoch: 9 | loss: 0.6584473
	speed: 0.1335s/iter; left time: 3400.4767s
Epoch: 9 cost time: 37.178528785705566
Epoch: 9, Steps: 279 | Train Loss: 0.7587128 Vali Loss: 0.7823138 Test Loss: 0.3599084
Validation loss decreased (0.783863 --> 0.782314).  Saving model ...
Updating learning rate to 5.3144100000000005e-05
	iters: 100, epoch: 10 | loss: 0.7110285
	speed: 0.3069s/iter; left time: 7762.4496s
	iters: 200, epoch: 10 | loss: 0.8310870
	speed: 0.1333s/iter; left time: 3358.6545s
Epoch: 10 cost time: 37.13773822784424
Epoch: 10, Steps: 279 | Train Loss: 0.7562126 Vali Loss: 0.7797863 Test Loss: 0.3594406
Validation loss decreased (0.782314 --> 0.779786).  Saving model ...
Updating learning rate to 4.782969000000001e-05
	iters: 100, epoch: 11 | loss: 0.8292353
	speed: 0.3060s/iter; left time: 7652.6795s
	iters: 200, epoch: 11 | loss: 0.7584910
	speed: 0.1334s/iter; left time: 3322.1331s
Epoch: 11 cost time: 37.15889048576355
Epoch: 11, Steps: 279 | Train Loss: 0.7542712 Vali Loss: 0.7771769 Test Loss: 0.3590171
Validation loss decreased (0.779786 --> 0.777177).  Saving model ...
Updating learning rate to 4.304672100000001e-05
	iters: 100, epoch: 12 | loss: 0.6812665
	speed: 0.3060s/iter; left time: 7567.5124s
	iters: 200, epoch: 12 | loss: 0.6926200
	speed: 0.1333s/iter; left time: 3283.2979s
Epoch: 12 cost time: 37.14496397972107
Epoch: 12, Steps: 279 | Train Loss: 0.7522628 Vali Loss: 0.7768842 Test Loss: 0.3586586
Validation loss decreased (0.777177 --> 0.776884).  Saving model ...
Updating learning rate to 3.874204890000001e-05
	iters: 100, epoch: 13 | loss: 0.7278957
	speed: 0.3053s/iter; left time: 7464.2811s
	iters: 200, epoch: 13 | loss: 0.6842533
	speed: 0.1332s/iter; left time: 3243.6150s
Epoch: 13 cost time: 37.14210510253906
Epoch: 13, Steps: 279 | Train Loss: 0.7506543 Vali Loss: 0.7756452 Test Loss: 0.3583531
Validation loss decreased (0.776884 --> 0.775645).  Saving model ...
Updating learning rate to 3.486784401000001e-05
	iters: 100, epoch: 14 | loss: 0.7791761
	speed: 0.3058s/iter; left time: 7392.8598s
	iters: 200, epoch: 14 | loss: 0.7896931
	speed: 0.1332s/iter; left time: 3206.0826s
Epoch: 14 cost time: 37.1466805934906
Epoch: 14, Steps: 279 | Train Loss: 0.7493486 Vali Loss: 0.7745212 Test Loss: 0.3580852
Validation loss decreased (0.775645 --> 0.774521).  Saving model ...
Updating learning rate to 3.138105960900001e-05
	iters: 100, epoch: 15 | loss: 0.7631520
	speed: 0.3055s/iter; left time: 7299.3816s
	iters: 200, epoch: 15 | loss: 0.7800224
	speed: 0.1332s/iter; left time: 3168.3564s
Epoch: 15 cost time: 37.12934112548828
Epoch: 15, Steps: 279 | Train Loss: 0.7475832 Vali Loss: 0.7740985 Test Loss: 0.3578483
Validation loss decreased (0.774521 --> 0.774099).  Saving model ...
Updating learning rate to 2.824295364810001e-05
	iters: 100, epoch: 16 | loss: 0.8360546
	speed: 0.3059s/iter; left time: 7223.4977s
	iters: 200, epoch: 16 | loss: 0.7844514
	speed: 0.1331s/iter; left time: 3129.7179s
Epoch: 16 cost time: 37.147547245025635
Epoch: 16, Steps: 279 | Train Loss: 0.7468603 Vali Loss: 0.7742493 Test Loss: 0.3576109
EarlyStopping counter: 1 out of 20
Updating learning rate to 2.541865828329001e-05
	iters: 100, epoch: 17 | loss: 0.7656749
	speed: 0.3056s/iter; left time: 7130.9629s
	iters: 200, epoch: 17 | loss: 0.7309209
	speed: 0.1331s/iter; left time: 3093.5563s
Epoch: 17 cost time: 37.141475439071655
Epoch: 17, Steps: 279 | Train Loss: 0.7458191 Vali Loss: 0.7723924 Test Loss: 0.3574142
Validation loss decreased (0.774099 --> 0.772392).  Saving model ...
Updating learning rate to 2.287679245496101e-05
	iters: 100, epoch: 18 | loss: 0.7499723
	speed: 0.3055s/iter; left time: 7044.1813s
	iters: 200, epoch: 18 | loss: 0.8404113
	speed: 0.1330s/iter; left time: 3054.4987s
Epoch: 18 cost time: 37.15117835998535
Epoch: 18, Steps: 279 | Train Loss: 0.7446303 Vali Loss: 0.7708706 Test Loss: 0.3572320
Validation loss decreased (0.772392 --> 0.770871).  Saving model ...
Updating learning rate to 2.0589113209464907e-05
	iters: 100, epoch: 19 | loss: 0.7488044
	speed: 0.3061s/iter; left time: 6973.0604s
	iters: 200, epoch: 19 | loss: 0.6671141
	speed: 0.1330s/iter; left time: 3016.9623s
Epoch: 19 cost time: 37.154096364974976
Epoch: 19, Steps: 279 | Train Loss: 0.7437629 Vali Loss: 0.7720307 Test Loss: 0.3570594
EarlyStopping counter: 1 out of 20
Updating learning rate to 1.8530201888518416e-05
	iters: 100, epoch: 20 | loss: 0.7084507
	speed: 0.3047s/iter; left time: 6855.0265s
	iters: 200, epoch: 20 | loss: 0.7334884
	speed: 0.1330s/iter; left time: 2978.4039s
Epoch: 20 cost time: 37.145495891571045
Epoch: 20, Steps: 279 | Train Loss: 0.7431972 Vali Loss: 0.7710668 Test Loss: 0.3569100
EarlyStopping counter: 2 out of 20
Updating learning rate to 1.6677181699666577e-05
	iters: 100, epoch: 21 | loss: 0.7154905
	speed: 0.3055s/iter; left time: 6789.4249s
	iters: 200, epoch: 21 | loss: 0.8025387
	speed: 0.1330s/iter; left time: 2942.6198s
Epoch: 21 cost time: 37.13243055343628
Epoch: 21, Steps: 279 | Train Loss: 0.7427085 Vali Loss: 0.7703565 Test Loss: 0.3567716
Validation loss decreased (0.770871 --> 0.770357).  Saving model ...
Updating learning rate to 1.5009463529699919e-05
	iters: 100, epoch: 22 | loss: 0.6696545
	speed: 0.3054s/iter; left time: 6701.8903s
	iters: 200, epoch: 22 | loss: 0.7255620
	speed: 0.1331s/iter; left time: 2906.4107s
Epoch: 22 cost time: 37.15871000289917
Epoch: 22, Steps: 279 | Train Loss: 0.7419175 Vali Loss: 0.7691584 Test Loss: 0.3566482
Validation loss decreased (0.770357 --> 0.769158).  Saving model ...
Updating learning rate to 1.3508517176729929e-05
	iters: 100, epoch: 23 | loss: 0.7735471
	speed: 0.3050s/iter; left time: 6606.8065s
	iters: 200, epoch: 23 | loss: 0.7563169
	speed: 0.1330s/iter; left time: 2867.0845s
Epoch: 23 cost time: 37.13514280319214
Epoch: 23, Steps: 279 | Train Loss: 0.7415064 Vali Loss: 0.7681068 Test Loss: 0.3565377
Validation loss decreased (0.769158 --> 0.768107).  Saving model ...
Updating learning rate to 1.2157665459056936e-05
	iters: 100, epoch: 24 | loss: 0.7674162
	speed: 0.3049s/iter; left time: 6520.3525s
	iters: 200, epoch: 24 | loss: 0.6819463
	speed: 0.1330s/iter; left time: 2831.3439s
Epoch: 24 cost time: 37.144036054611206
Epoch: 24, Steps: 279 | Train Loss: 0.7405258 Vali Loss: 0.7689117 Test Loss: 0.3564284
EarlyStopping counter: 1 out of 20
Updating learning rate to 1.0941898913151242e-05
	iters: 100, epoch: 25 | loss: 0.7264424
	speed: 0.3041s/iter; left time: 6418.8479s
	iters: 200, epoch: 25 | loss: 0.7766419
	speed: 0.1330s/iter; left time: 2793.9251s
Epoch: 25 cost time: 37.12919044494629
Epoch: 25, Steps: 279 | Train Loss: 0.7403870 Vali Loss: 0.7691305 Test Loss: 0.3563327
EarlyStopping counter: 2 out of 20
Updating learning rate to 9.847709021836118e-06
	iters: 100, epoch: 26 | loss: 0.7380027
	speed: 0.3046s/iter; left time: 6343.0893s
	iters: 200, epoch: 26 | loss: 0.7022711
	speed: 0.1329s/iter; left time: 2753.4589s
Epoch: 26 cost time: 37.113364934921265
Epoch: 26, Steps: 279 | Train Loss: 0.7395963 Vali Loss: 0.7681531 Test Loss: 0.3562456
EarlyStopping counter: 3 out of 20
Updating learning rate to 8.862938119652508e-06
	iters: 100, epoch: 27 | loss: 0.6811593
	speed: 0.3039s/iter; left time: 6243.3248s
	iters: 200, epoch: 27 | loss: 0.7049796
	speed: 0.1329s/iter; left time: 2718.2470s
Epoch: 27 cost time: 37.12686276435852
Epoch: 27, Steps: 279 | Train Loss: 0.7392127 Vali Loss: 0.7681217 Test Loss: 0.3561688
EarlyStopping counter: 4 out of 20
Updating learning rate to 7.976644307687255e-06
	iters: 100, epoch: 28 | loss: 0.6993161
	speed: 0.3040s/iter; left time: 6161.5237s
	iters: 200, epoch: 28 | loss: 0.7131910
	speed: 0.1330s/iter; left time: 2682.2301s
Epoch: 28 cost time: 37.12859106063843
Epoch: 28, Steps: 279 | Train Loss: 0.7389044 Vali Loss: 0.7674074 Test Loss: 0.3561037
Validation loss decreased (0.768107 --> 0.767407).  Saving model ...
Updating learning rate to 7.178979876918531e-06
	iters: 100, epoch: 29 | loss: 0.7526059
	speed: 0.3050s/iter; left time: 6097.5463s
	iters: 200, epoch: 29 | loss: 0.7257698
	speed: 0.1329s/iter; left time: 2644.0611s
Epoch: 29 cost time: 37.10884737968445
Epoch: 29, Steps: 279 | Train Loss: 0.7387451 Vali Loss: 0.7684682 Test Loss: 0.3560399
EarlyStopping counter: 1 out of 20
Updating learning rate to 6.4610818892266776e-06
	iters: 100, epoch: 30 | loss: 0.7320573
	speed: 0.3040s/iter; left time: 5990.9947s
	iters: 200, epoch: 30 | loss: 0.7021886
	speed: 0.1331s/iter; left time: 2609.4843s
Epoch: 30 cost time: 37.145790100097656
Epoch: 30, Steps: 279 | Train Loss: 0.7381311 Vali Loss: 0.7665914 Test Loss: 0.3559788
Validation loss decreased (0.767407 --> 0.766591).  Saving model ...
Updating learning rate to 5.8149737003040096e-06
	iters: 100, epoch: 31 | loss: 0.7630336
	speed: 0.3046s/iter; left time: 5918.6184s
	iters: 200, epoch: 31 | loss: 0.7578024
	speed: 0.1330s/iter; left time: 2570.3391s
Epoch: 31 cost time: 37.1260507106781
Epoch: 31, Steps: 279 | Train Loss: 0.7379109 Vali Loss: 0.7670400 Test Loss: 0.3559287
EarlyStopping counter: 1 out of 20
Updating learning rate to 5.23347633027361e-06
	iters: 100, epoch: 32 | loss: 0.7659268
	speed: 0.3050s/iter; left time: 5841.2378s
	iters: 200, epoch: 32 | loss: 0.6934600
	speed: 0.1330s/iter; left time: 2533.1504s
Epoch: 32 cost time: 37.12360382080078
Epoch: 32, Steps: 279 | Train Loss: 0.7379242 Vali Loss: 0.7653186 Test Loss: 0.3558815
Validation loss decreased (0.766591 --> 0.765319).  Saving model ...
Updating learning rate to 4.710128697246249e-06
	iters: 100, epoch: 33 | loss: 0.7050295
	speed: 0.3057s/iter; left time: 5770.3485s
	iters: 200, epoch: 33 | loss: 0.6953979
	speed: 0.1329s/iter; left time: 2495.2982s
Epoch: 33 cost time: 37.11083173751831
Epoch: 33, Steps: 279 | Train Loss: 0.7377870 Vali Loss: 0.7658913 Test Loss: 0.3558413
EarlyStopping counter: 1 out of 20
Updating learning rate to 4.239115827521624e-06
	iters: 100, epoch: 34 | loss: 0.6940724
	speed: 0.3051s/iter; left time: 5672.9049s
	iters: 200, epoch: 34 | loss: 0.7604086
	speed: 0.1329s/iter; left time: 2458.7069s
Epoch: 34 cost time: 37.13158965110779
Epoch: 34, Steps: 279 | Train Loss: 0.7374323 Vali Loss: 0.7674614 Test Loss: 0.3558043
EarlyStopping counter: 2 out of 20
Updating learning rate to 3.815204244769462e-06
	iters: 100, epoch: 35 | loss: 0.7197312
	speed: 0.3054s/iter; left time: 5593.6798s
	iters: 200, epoch: 35 | loss: 0.6792018
	speed: 0.1329s/iter; left time: 2420.5757s
Epoch: 35 cost time: 37.10693001747131
Epoch: 35, Steps: 279 | Train Loss: 0.7375391 Vali Loss: 0.7663592 Test Loss: 0.3557727
EarlyStopping counter: 3 out of 20
Updating learning rate to 3.4336838202925152e-06
	iters: 100, epoch: 36 | loss: 0.7688407
	speed: 0.3051s/iter; left time: 5503.4960s
	iters: 200, epoch: 36 | loss: 0.6627493
	speed: 0.1330s/iter; left time: 2385.5721s
Epoch: 36 cost time: 37.113224506378174
Epoch: 36, Steps: 279 | Train Loss: 0.7372224 Vali Loss: 0.7664309 Test Loss: 0.3557403
EarlyStopping counter: 4 out of 20
Updating learning rate to 3.090315438263264e-06
	iters: 100, epoch: 37 | loss: 0.7529576
	speed: 0.3049s/iter; left time: 5413.9680s
	iters: 200, epoch: 37 | loss: 0.6470068
	speed: 0.1333s/iter; left time: 2353.5303s
Epoch: 37 cost time: 37.176852226257324
Epoch: 37, Steps: 279 | Train Loss: 0.7370476 Vali Loss: 0.7664836 Test Loss: 0.3557142
EarlyStopping counter: 5 out of 20
Updating learning rate to 2.7812838944369375e-06
	iters: 100, epoch: 38 | loss: 0.7278892
	speed: 0.3058s/iter; left time: 5344.7914s
	iters: 200, epoch: 38 | loss: 0.7350784
	speed: 0.1335s/iter; left time: 2320.0729s
Epoch: 38 cost time: 37.238853216171265
Epoch: 38, Steps: 279 | Train Loss: 0.7372089 Vali Loss: 0.7656341 Test Loss: 0.3556871
EarlyStopping counter: 6 out of 20
Updating learning rate to 2.503155504993244e-06
	iters: 100, epoch: 39 | loss: 0.7021723
	speed: 0.3070s/iter; left time: 5280.2616s
	iters: 200, epoch: 39 | loss: 0.6694991
	speed: 0.1337s/iter; left time: 2285.9142s
Epoch: 39 cost time: 37.28999376296997
Epoch: 39, Steps: 279 | Train Loss: 0.7368738 Vali Loss: 0.7666979 Test Loss: 0.3556633
EarlyStopping counter: 7 out of 20
Updating learning rate to 2.2528399544939195e-06
	iters: 100, epoch: 40 | loss: 0.6723060
	speed: 0.3069s/iter; left time: 5192.1452s
	iters: 200, epoch: 40 | loss: 0.8291563
	speed: 0.1339s/iter; left time: 2252.2300s
Epoch: 40 cost time: 37.35429310798645
Epoch: 40, Steps: 279 | Train Loss: 0.7366937 Vali Loss: 0.7655607 Test Loss: 0.3556424
EarlyStopping counter: 8 out of 20
Updating learning rate to 2.0275559590445276e-06
	iters: 100, epoch: 41 | loss: 0.8269649
	speed: 0.3078s/iter; left time: 5121.4317s
	iters: 200, epoch: 41 | loss: 0.7109914
	speed: 0.1342s/iter; left time: 2219.3278s
Epoch: 41 cost time: 37.40148115158081
Epoch: 41, Steps: 279 | Train Loss: 0.7364777 Vali Loss: 0.7659444 Test Loss: 0.3556251
EarlyStopping counter: 9 out of 20
Updating learning rate to 1.8248003631400751e-06
	iters: 100, epoch: 42 | loss: 0.6286245
	speed: 0.3075s/iter; left time: 5031.0257s
	iters: 200, epoch: 42 | loss: 0.7262446
	speed: 0.1341s/iter; left time: 2181.4145s
Epoch: 42 cost time: 37.41396951675415
Epoch: 42, Steps: 279 | Train Loss: 0.7365051 Vali Loss: 0.7649782 Test Loss: 0.3556089
Validation loss decreased (0.765319 --> 0.764978).  Saving model ...
Updating learning rate to 1.6423203268260676e-06
	iters: 100, epoch: 43 | loss: 0.8094946
	speed: 0.3084s/iter; left time: 4960.5354s
	iters: 200, epoch: 43 | loss: 0.7311928
	speed: 0.1342s/iter; left time: 2144.8764s
Epoch: 43 cost time: 37.457228899002075
Epoch: 43, Steps: 279 | Train Loss: 0.7366468 Vali Loss: 0.7657343 Test Loss: 0.3555938
EarlyStopping counter: 1 out of 20
Updating learning rate to 1.4780882941434609e-06
	iters: 100, epoch: 44 | loss: 0.6755132
	speed: 0.3076s/iter; left time: 4861.3510s
	iters: 200, epoch: 44 | loss: 0.7199634
	speed: 0.1343s/iter; left time: 2109.3266s
Epoch: 44 cost time: 37.49065613746643
Epoch: 44, Steps: 279 | Train Loss: 0.7366256 Vali Loss: 0.7660898 Test Loss: 0.3555810
EarlyStopping counter: 2 out of 20
Updating learning rate to 1.3302794647291146e-06
	iters: 100, epoch: 45 | loss: 0.8337577
	speed: 0.3074s/iter; left time: 4772.3726s
	iters: 200, epoch: 45 | loss: 0.8295317
	speed: 0.1344s/iter; left time: 2072.9422s
Epoch: 45 cost time: 37.51979112625122
Epoch: 45, Steps: 279 | Train Loss: 0.7362756 Vali Loss: 0.7651567 Test Loss: 0.3555702
EarlyStopping counter: 3 out of 20
Updating learning rate to 1.1972515182562034e-06
	iters: 100, epoch: 46 | loss: 0.7831665
	speed: 0.3078s/iter; left time: 4692.1511s
	iters: 200, epoch: 46 | loss: 0.7392926
	speed: 0.1345s/iter; left time: 2037.2503s
Epoch: 46 cost time: 37.552560567855835
Epoch: 46, Steps: 279 | Train Loss: 0.7364503 Vali Loss: 0.7658908 Test Loss: 0.3555585
EarlyStopping counter: 4 out of 20
Updating learning rate to 1.077526366430583e-06
	iters: 100, epoch: 47 | loss: 0.7302338
	speed: 0.3076s/iter; left time: 4603.8012s
	iters: 200, epoch: 47 | loss: 0.6420350
	speed: 0.1347s/iter; left time: 2001.8996s
Epoch: 47 cost time: 37.58536338806152
Epoch: 47, Steps: 279 | Train Loss: 0.7364370 Vali Loss: 0.7648926 Test Loss: 0.3555487
Validation loss decreased (0.764978 --> 0.764893).  Saving model ...
Updating learning rate to 9.697737297875248e-07
	iters: 100, epoch: 48 | loss: 0.7404497
	speed: 0.3086s/iter; left time: 4532.1061s
	iters: 200, epoch: 48 | loss: 0.7832591
	speed: 0.1346s/iter; left time: 1963.3074s
Epoch: 48 cost time: 37.55710983276367
Epoch: 48, Steps: 279 | Train Loss: 0.7361518 Vali Loss: 0.7645426 Test Loss: 0.3555396
Validation loss decreased (0.764893 --> 0.764543).  Saving model ...
Updating learning rate to 8.727963568087723e-07
	iters: 100, epoch: 49 | loss: 0.6243009
	speed: 0.3081s/iter; left time: 4439.0203s
	iters: 200, epoch: 49 | loss: 0.7676584
	speed: 0.1342s/iter; left time: 1920.3516s
Epoch: 49 cost time: 37.45547914505005
Epoch: 49, Steps: 279 | Train Loss: 0.7363150 Vali Loss: 0.7649463 Test Loss: 0.3555323
EarlyStopping counter: 1 out of 20
Updating learning rate to 7.855167211278951e-07
	iters: 100, epoch: 50 | loss: 0.7436953
	speed: 0.3172s/iter; left time: 4481.5975s
	iters: 200, epoch: 50 | loss: 0.7558656
	speed: 0.1339s/iter; left time: 1879.1136s
Epoch: 50 cost time: 38.25019121170044
Epoch: 50, Steps: 279 | Train Loss: 0.7363452 Vali Loss: 0.7654974 Test Loss: 0.3555248
EarlyStopping counter: 2 out of 20
Updating learning rate to 7.069650490151056e-07
	iters: 100, epoch: 51 | loss: 0.7681211
	speed: 0.3059s/iter; left time: 4237.7126s
	iters: 200, epoch: 51 | loss: 0.8212634
	speed: 0.1337s/iter; left time: 1838.0491s
Epoch: 51 cost time: 37.29457330703735
Epoch: 51, Steps: 279 | Train Loss: 0.7363251 Vali Loss: 0.7643991 Test Loss: 0.3555182
Validation loss decreased (0.764543 --> 0.764399).  Saving model ...
Updating learning rate to 6.36268544113595e-07
	iters: 100, epoch: 52 | loss: 0.7079388
	speed: 0.3056s/iter; left time: 4147.7412s
	iters: 200, epoch: 52 | loss: 0.7271627
	speed: 0.1334s/iter; left time: 1797.7821s
Epoch: 52 cost time: 37.21139740943909
Epoch: 52, Steps: 279 | Train Loss: 0.7360274 Vali Loss: 0.7642442 Test Loss: 0.3555129
Validation loss decreased (0.764399 --> 0.764244).  Saving model ...
Updating learning rate to 5.726416897022355e-07
	iters: 100, epoch: 53 | loss: 0.6418076
	speed: 0.3053s/iter; left time: 4058.3489s
	iters: 200, epoch: 53 | loss: 0.7648751
	speed: 0.1332s/iter; left time: 1757.9263s
Epoch: 53 cost time: 37.16247606277466
Epoch: 53, Steps: 279 | Train Loss: 0.7361376 Vali Loss: 0.7658396 Test Loss: 0.3555070
EarlyStopping counter: 1 out of 20
Updating learning rate to 5.15377520732012e-07
	iters: 100, epoch: 54 | loss: 0.8284734
	speed: 0.3047s/iter; left time: 3964.8992s
	iters: 200, epoch: 54 | loss: 0.9167191
	speed: 0.1331s/iter; left time: 1719.4815s
Epoch: 54 cost time: 37.12749624252319
Epoch: 54, Steps: 279 | Train Loss: 0.7361960 Vali Loss: 0.7648613 Test Loss: 0.3555033
EarlyStopping counter: 2 out of 20
Updating learning rate to 4.6383976865881085e-07
	iters: 100, epoch: 55 | loss: 0.7466159
	speed: 0.3041s/iter; left time: 3872.6941s
	iters: 200, epoch: 55 | loss: 0.6452845
	speed: 0.1331s/iter; left time: 1681.0889s
Epoch: 55 cost time: 37.10950565338135
Epoch: 55, Steps: 279 | Train Loss: 0.7362039 Vali Loss: 0.7641633 Test Loss: 0.3554977
Validation loss decreased (0.764244 --> 0.764163).  Saving model ...
Updating learning rate to 4.174557917929298e-07
	iters: 100, epoch: 56 | loss: 0.7828810
	speed: 0.3049s/iter; left time: 3797.4364s
	iters: 200, epoch: 56 | loss: 0.7281950
	speed: 0.1330s/iter; left time: 1643.2000s
Epoch: 56 cost time: 37.11377286911011
Epoch: 56, Steps: 279 | Train Loss: 0.7360054 Vali Loss: 0.7656721 Test Loss: 0.3554940
EarlyStopping counter: 1 out of 20
Updating learning rate to 3.7571021261363677e-07
	iters: 100, epoch: 57 | loss: 0.7106677
	speed: 0.3043s/iter; left time: 3704.9856s
	iters: 200, epoch: 57 | loss: 0.6601925
	speed: 0.1329s/iter; left time: 1605.1894s
Epoch: 57 cost time: 37.09120011329651
Epoch: 57, Steps: 279 | Train Loss: 0.7359595 Vali Loss: 0.7651171 Test Loss: 0.3554915
EarlyStopping counter: 2 out of 20
Updating learning rate to 3.381391913522731e-07
	iters: 100, epoch: 58 | loss: 0.8312681
	speed: 0.3044s/iter; left time: 3622.2286s
	iters: 200, epoch: 58 | loss: 0.7394334
	speed: 0.1329s/iter; left time: 1568.4838s
Epoch: 58 cost time: 37.095186710357666
Epoch: 58, Steps: 279 | Train Loss: 0.7361660 Vali Loss: 0.7651951 Test Loss: 0.3554880
EarlyStopping counter: 3 out of 20
Updating learning rate to 3.043252722170458e-07
	iters: 100, epoch: 59 | loss: 0.7847983
	speed: 0.3041s/iter; left time: 3533.6925s
	iters: 200, epoch: 59 | loss: 0.7483074
	speed: 0.1329s/iter; left time: 1531.2052s
Epoch: 59 cost time: 37.091530323028564
Epoch: 59, Steps: 279 | Train Loss: 0.7359704 Vali Loss: 0.7646347 Test Loss: 0.3554858
EarlyStopping counter: 4 out of 20
Updating learning rate to 2.7389274499534124e-07
	iters: 100, epoch: 60 | loss: 0.6810447
	speed: 0.3040s/iter; left time: 3446.8640s
	iters: 200, epoch: 60 | loss: 0.7367512
	speed: 0.1330s/iter; left time: 1494.5040s
Epoch: 60 cost time: 37.10674333572388
Epoch: 60, Steps: 279 | Train Loss: 0.7360264 Vali Loss: 0.7659755 Test Loss: 0.3554829
EarlyStopping counter: 5 out of 20
Updating learning rate to 2.465034704958071e-07
	iters: 100, epoch: 61 | loss: 0.7805101
	speed: 0.3042s/iter; left time: 3364.4073s
	iters: 200, epoch: 61 | loss: 0.7730888
	speed: 0.1330s/iter; left time: 1457.3777s
Epoch: 61 cost time: 37.10094618797302
Epoch: 61, Steps: 279 | Train Loss: 0.7359173 Vali Loss: 0.7663965 Test Loss: 0.3554816
EarlyStopping counter: 6 out of 20
Updating learning rate to 2.218531234462264e-07
	iters: 100, epoch: 62 | loss: 0.7982760
	speed: 0.3045s/iter; left time: 3282.6173s
	iters: 200, epoch: 62 | loss: 0.8040853
	speed: 0.1330s/iter; left time: 1420.6248s
Epoch: 62 cost time: 37.103291511535645
Epoch: 62, Steps: 279 | Train Loss: 0.7361188 Vali Loss: 0.7632700 Test Loss: 0.3554815
Validation loss decreased (0.764163 --> 0.763270).  Saving model ...
Updating learning rate to 1.9966781110160376e-07
	iters: 100, epoch: 63 | loss: 0.7108096
	speed: 0.3050s/iter; left time: 3203.6117s
	iters: 200, epoch: 63 | loss: 0.7785542
	speed: 0.1329s/iter; left time: 1382.7904s
Epoch: 63 cost time: 37.09284734725952
Epoch: 63, Steps: 279 | Train Loss: 0.7360241 Vali Loss: 0.7643345 Test Loss: 0.3554789
EarlyStopping counter: 1 out of 20
Updating learning rate to 1.797010299914434e-07
	iters: 100, epoch: 64 | loss: 0.8417584
	speed: 0.3041s/iter; left time: 3109.2284s
	iters: 200, epoch: 64 | loss: 0.8009102
	speed: 0.1330s/iter; left time: 1346.2153s
Epoch: 64 cost time: 37.091233015060425
Epoch: 64, Steps: 279 | Train Loss: 0.7358268 Vali Loss: 0.7646000 Test Loss: 0.3554779
EarlyStopping counter: 2 out of 20
Updating learning rate to 1.6173092699229907e-07
	iters: 100, epoch: 65 | loss: 0.7700559
	speed: 0.3045s/iter; left time: 3027.9933s
	iters: 200, epoch: 65 | loss: 0.8109562
	speed: 0.1330s/iter; left time: 1309.0598s
Epoch: 65 cost time: 37.0852735042572
Epoch: 65, Steps: 279 | Train Loss: 0.7358781 Vali Loss: 0.7655674 Test Loss: 0.3554751
EarlyStopping counter: 3 out of 20
Updating learning rate to 1.4555783429306916e-07
	iters: 100, epoch: 66 | loss: 0.6858451
	speed: 0.3042s/iter; left time: 2940.2570s
	iters: 200, epoch: 66 | loss: 0.7955383
	speed: 0.1330s/iter; left time: 1272.0237s
Epoch: 66 cost time: 37.08679270744324
Epoch: 66, Steps: 279 | Train Loss: 0.7360165 Vali Loss: 0.7651551 Test Loss: 0.3554753
EarlyStopping counter: 4 out of 20
Updating learning rate to 1.3100205086376224e-07
	iters: 100, epoch: 67 | loss: 0.7008898
	speed: 0.3048s/iter; left time: 2860.9386s
	iters: 200, epoch: 67 | loss: 0.8068447
	speed: 0.1330s/iter; left time: 1234.7178s
Epoch: 67 cost time: 37.09192371368408
Epoch: 67, Steps: 279 | Train Loss: 0.7359701 Vali Loss: 0.7650586 Test Loss: 0.3554741
EarlyStopping counter: 5 out of 20
Updating learning rate to 1.1790184577738603e-07
	iters: 100, epoch: 68 | loss: 0.7505770
	speed: 0.3045s/iter; left time: 2773.0892s
	iters: 200, epoch: 68 | loss: 0.6929000
	speed: 0.1329s/iter; left time: 1196.8844s
Epoch: 68 cost time: 37.07120180130005
Epoch: 68, Steps: 279 | Train Loss: 0.7360541 Vali Loss: 0.7647887 Test Loss: 0.3554736
EarlyStopping counter: 6 out of 20
Updating learning rate to 1.0611166119964742e-07
	iters: 100, epoch: 69 | loss: 0.7817500
	speed: 0.3038s/iter; left time: 2682.5111s
	iters: 200, epoch: 69 | loss: 0.7768246
	speed: 0.1328s/iter; left time: 1159.5983s
Epoch: 69 cost time: 37.071436166763306
Epoch: 69, Steps: 279 | Train Loss: 0.7360828 Vali Loss: 0.7649474 Test Loss: 0.3554727
EarlyStopping counter: 7 out of 20
Updating learning rate to 9.550049507968268e-08
	iters: 100, epoch: 70 | loss: 0.7701548
	speed: 0.3038s/iter; left time: 2597.3490s
	iters: 200, epoch: 70 | loss: 0.7876763
	speed: 0.1328s/iter; left time: 1122.4233s
Epoch: 70 cost time: 37.07042479515076
Epoch: 70, Steps: 279 | Train Loss: 0.7359102 Vali Loss: 0.7655292 Test Loss: 0.3554715
EarlyStopping counter: 8 out of 20
Updating learning rate to 8.595044557171442e-08
	iters: 100, epoch: 71 | loss: 0.6426688
	speed: 0.3038s/iter; left time: 2512.3816s
	iters: 200, epoch: 71 | loss: 0.6742880
	speed: 0.1328s/iter; left time: 1085.3354s
Epoch: 71 cost time: 37.06192088127136
Epoch: 71, Steps: 279 | Train Loss: 0.7361634 Vali Loss: 0.7664211 Test Loss: 0.3554728
EarlyStopping counter: 9 out of 20
Updating learning rate to 7.735540101454298e-08
	iters: 100, epoch: 72 | loss: 0.7459986
	speed: 0.3039s/iter; left time: 2428.9004s
	iters: 200, epoch: 72 | loss: 0.7431751
	speed: 0.1328s/iter; left time: 1048.4287s
Epoch: 72 cost time: 37.06225061416626
Epoch: 72, Steps: 279 | Train Loss: 0.7359681 Vali Loss: 0.7651730 Test Loss: 0.3554726
EarlyStopping counter: 10 out of 20
Updating learning rate to 6.961986091308869e-08
	iters: 100, epoch: 73 | loss: 0.7394177
	speed: 0.3042s/iter; left time: 2346.1986s
	iters: 200, epoch: 73 | loss: 0.7777658
	speed: 0.1330s/iter; left time: 1012.6323s
Epoch: 73 cost time: 37.07959985733032
Epoch: 73, Steps: 279 | Train Loss: 0.7358294 Vali Loss: 0.7656410 Test Loss: 0.3554717
EarlyStopping counter: 11 out of 20
Updating learning rate to 6.265787482177981e-08
	iters: 100, epoch: 74 | loss: 0.7490609
	speed: 0.3036s/iter; left time: 2257.2490s
	iters: 200, epoch: 74 | loss: 0.7628524
	speed: 0.1329s/iter; left time: 974.5000s
Epoch: 74 cost time: 37.05465507507324
Epoch: 74, Steps: 279 | Train Loss: 0.7358518 Vali Loss: 0.7659507 Test Loss: 0.3554705
EarlyStopping counter: 12 out of 20
Updating learning rate to 5.639208733960184e-08
	iters: 100, epoch: 75 | loss: 0.7146256
	speed: 0.3035s/iter; left time: 2171.6971s
	iters: 200, epoch: 75 | loss: 0.6459944
	speed: 0.1328s/iter; left time: 937.0236s
Epoch: 75 cost time: 37.05055499076843
Epoch: 75, Steps: 279 | Train Loss: 0.7362239 Vali Loss: 0.7658955 Test Loss: 0.3554701
EarlyStopping counter: 13 out of 20
Updating learning rate to 5.075287860564165e-08
	iters: 100, epoch: 76 | loss: 0.7389326
	speed: 0.3037s/iter; left time: 2088.4826s
	iters: 200, epoch: 76 | loss: 0.7509903
	speed: 0.1329s/iter; left time: 900.2094s
Epoch: 76 cost time: 37.0529899597168
Epoch: 76, Steps: 279 | Train Loss: 0.7359140 Vali Loss: 0.7651314 Test Loss: 0.3554703
EarlyStopping counter: 14 out of 20
Updating learning rate to 4.567759074507749e-08
	iters: 100, epoch: 77 | loss: 0.6171532
	speed: 0.3041s/iter; left time: 2006.1791s
	iters: 200, epoch: 77 | loss: 0.6671246
	speed: 0.1329s/iter; left time: 863.3725s
Epoch: 77 cost time: 37.05803465843201
Epoch: 77, Steps: 279 | Train Loss: 0.7359507 Vali Loss: 0.7636140 Test Loss: 0.3554696
EarlyStopping counter: 15 out of 20
Updating learning rate to 4.1109831670569744e-08
	iters: 100, epoch: 78 | loss: 0.7697101
	speed: 0.3036s/iter; left time: 1918.2050s
	iters: 200, epoch: 78 | loss: 0.7187101
	speed: 0.1329s/iter; left time: 826.2987s
Epoch: 78 cost time: 37.05759572982788
Epoch: 78, Steps: 279 | Train Loss: 0.7359366 Vali Loss: 0.7651032 Test Loss: 0.3554706
EarlyStopping counter: 16 out of 20
Updating learning rate to 3.6998848503512764e-08
	iters: 100, epoch: 79 | loss: 0.6762819
	speed: 0.3036s/iter; left time: 1833.6195s
	iters: 200, epoch: 79 | loss: 0.7105474
	speed: 0.1328s/iter; left time: 788.9839s
Epoch: 79 cost time: 37.04728078842163
Epoch: 79, Steps: 279 | Train Loss: 0.7361262 Vali Loss: 0.7662543 Test Loss: 0.3554700
EarlyStopping counter: 17 out of 20
Updating learning rate to 3.3298963653161496e-08
	iters: 100, epoch: 80 | loss: 0.7454988
	speed: 0.3034s/iter; left time: 1747.7974s
	iters: 200, epoch: 80 | loss: 0.7303830
	speed: 0.1329s/iter; left time: 751.9870s
Epoch: 80 cost time: 37.053592681884766
Epoch: 80, Steps: 279 | Train Loss: 0.7359548 Vali Loss: 0.7637526 Test Loss: 0.3554700
EarlyStopping counter: 18 out of 20
Updating learning rate to 2.996906728784534e-08
	iters: 100, epoch: 81 | loss: 0.6531674
	speed: 0.3037s/iter; left time: 1664.4926s
	iters: 200, epoch: 81 | loss: 0.7293543
	speed: 0.1328s/iter; left time: 714.6643s
Epoch: 81 cost time: 37.0528609752655
Epoch: 81, Steps: 279 | Train Loss: 0.7358864 Vali Loss: 0.7654915 Test Loss: 0.3554679
EarlyStopping counter: 19 out of 20
Updating learning rate to 2.697216055906081e-08
	iters: 100, epoch: 82 | loss: 0.6707690
	speed: 0.3043s/iter; left time: 1582.9451s
	iters: 200, epoch: 82 | loss: 0.7259706
	speed: 0.1328s/iter; left time: 677.6971s
Epoch: 82 cost time: 37.05453586578369
Epoch: 82, Steps: 279 | Train Loss: 0.7360291 Vali Loss: 0.7644167 Test Loss: 0.3554706
EarlyStopping counter: 20 out of 20
Early stopping
>>>>>>>testing : NL_weather_cms_lr0.0001_always_336_720_PatchTST_custom_ftM_sl336_ll48_pl720_dm128_nh16_el3_dl1_df256_fc1_ebtimeF_dtTruelr0.0001_polalways_Nested_Learning_0<<<<<<<<<<<<<<<<<<<<<<<<<<<<<<<<<
test 9820
 Ejecutando Inferencia DINÁMICA (Nested Learning con cms)
  -> Política: always | LR: 0.0001 | Target: head

RESUMEN: El CMS se actualizó 76 veces de 76 posibles.

mse:0.3554703891277313, mae:0.36795660853385925, rse:0.7865387797355652
