==========================================================
SÚPER ARRAY TFG - TAREA ID: 98 / 113
Nodo: dionisio
Dataset: weather | Experimento: NL_weather_cms_lr0.001_spc
Cabeza: cms | LR: 0.001 | Política: spc
==========================================================
Args in experiment:
Namespace(random_seed=2021, is_training=1, model_id='NL_weather_cms_lr0.001_spc_336_96', model='PatchTST', data='custom', root_path='./dataset/', data_path='weather.csv', features='M', target='OT', freq='h', checkpoints='./checkpoints/', seq_len=336, label_len=48, pred_len=96, head_type='cms', cms_lr=0.001, update_policy='spc', fc_dropout=0.2, head_dropout=0.0, patch_len=16, stride=8, padding_patch='end', revin=1, affine=0, subtract_last=0, decomposition=0, kernel_size=25, individual=0, embed_type=0, enc_in=21, dec_in=7, c_out=7, d_model=128, n_heads=16, e_layers=3, d_layers=1, d_ff=256, moving_avg=25, factor=1, distil=True, dropout=0.2, embed='timeF', activation='gelu', output_attention=False, do_predict=False, num_workers=0, itr=1, train_epochs=100, batch_size=128, patience=20, learning_rate=0.0001, des='Nested_Learning', loss='mse', lradj='type3', pct_start=0.3, use_amp=False, use_gpu=True, gpu=0, use_multi_gpu=False, devices='0,1,2,3', test_flop=False)
Use GPU: cuda:0
>>>>>>>start training : NL_weather_cms_lr0.001_spc_336_96_PatchTST_custom_ftM_sl336_ll48_pl96_dm128_nh16_el3_dl1_df256_fc1_ebtimeF_dtTruelr0.001_polspc_Nested_Learning_0>>>>>>>>>>>>>>>>>>>>>>>>>>
train 36456
val 5175
test 10444
	iters: 100, epoch: 1 | loss: 0.8795122
	speed: 0.2427s/iter; left time: 6868.8822s
	iters: 200, epoch: 1 | loss: 1.1340853
	speed: 0.1264s/iter; left time: 3565.2549s
Epoch: 1 cost time: 38.58564734458923
Epoch: 1, Steps: 284 | Train Loss: 0.7139826 Vali Loss: 0.6494144 Test Loss: 0.2615979
Validation loss decreased (inf --> 0.649414).  Saving model ...
Updating learning rate to 0.0001
	iters: 100, epoch: 2 | loss: 0.6768756
	speed: 0.2925s/iter; left time: 8196.3028s
	iters: 200, epoch: 2 | loss: 0.6507708
	speed: 0.1271s/iter; left time: 3548.1105s
Epoch: 2 cost time: 36.071359634399414
Epoch: 2, Steps: 284 | Train Loss: 0.6952121 Vali Loss: 0.6234767 Test Loss: 0.2539821
Validation loss decreased (0.649414 --> 0.623477).  Saving model ...
Updating learning rate to 0.0001
	iters: 100, epoch: 3 | loss: 0.6064348
	speed: 0.2930s/iter; left time: 8126.9770s
	iters: 200, epoch: 3 | loss: 0.8121944
	speed: 0.1274s/iter; left time: 3520.0060s
Epoch: 3 cost time: 36.14010238647461
Epoch: 3, Steps: 284 | Train Loss: 0.6643475 Vali Loss: 0.6003206 Test Loss: 0.2471382
Validation loss decreased (0.623477 --> 0.600321).  Saving model ...
Updating learning rate to 0.0001
	iters: 100, epoch: 4 | loss: 0.6539865
	speed: 0.2935s/iter; left time: 8057.0556s
	iters: 200, epoch: 4 | loss: 0.6149548
	speed: 0.1274s/iter; left time: 3483.1775s
Epoch: 4 cost time: 36.15255856513977
Epoch: 4, Steps: 284 | Train Loss: 0.6356693 Vali Loss: 0.5760390 Test Loss: 0.2401021
Validation loss decreased (0.600321 --> 0.576039).  Saving model ...
Updating learning rate to 9e-05
	iters: 100, epoch: 5 | loss: 0.7941765
	speed: 0.2931s/iter; left time: 7962.2022s
	iters: 200, epoch: 5 | loss: 0.6159636
	speed: 0.1273s/iter; left time: 3445.5529s
Epoch: 5 cost time: 36.155275106430054
Epoch: 5, Steps: 284 | Train Loss: 0.6092792 Vali Loss: 0.5547292 Test Loss: 0.2335416
Validation loss decreased (0.576039 --> 0.554729).  Saving model ...
Updating learning rate to 8.1e-05
	iters: 100, epoch: 6 | loss: 0.7115458
	speed: 0.2940s/iter; left time: 7902.3679s
	iters: 200, epoch: 6 | loss: 0.6727081
	speed: 0.1273s/iter; left time: 3408.2479s
Epoch: 6 cost time: 36.15024256706238
Epoch: 6, Steps: 284 | Train Loss: 0.5857054 Vali Loss: 0.5355697 Test Loss: 0.2276776
Validation loss decreased (0.554729 --> 0.535570).  Saving model ...
Updating learning rate to 7.290000000000001e-05
	iters: 100, epoch: 7 | loss: 0.6293351
	speed: 0.2939s/iter; left time: 7817.0481s
	iters: 200, epoch: 7 | loss: 0.9657043
	speed: 0.1272s/iter; left time: 3371.2018s
Epoch: 7 cost time: 36.1559317111969
Epoch: 7, Steps: 284 | Train Loss: 0.5669923 Vali Loss: 0.5232662 Test Loss: 0.2224616
Validation loss decreased (0.535570 --> 0.523266).  Saving model ...
Updating learning rate to 6.561e-05
	iters: 100, epoch: 8 | loss: 0.6904352
	speed: 0.2933s/iter; left time: 7718.3060s
	iters: 200, epoch: 8 | loss: 0.4235383
	speed: 0.1272s/iter; left time: 3335.4540s
Epoch: 8 cost time: 36.164517402648926
Epoch: 8, Steps: 284 | Train Loss: 0.5509555 Vali Loss: 0.5126475 Test Loss: 0.2178356
Validation loss decreased (0.523266 --> 0.512648).  Saving model ...
Updating learning rate to 5.904900000000001e-05
	iters: 100, epoch: 9 | loss: 0.4875848
	speed: 0.2932s/iter; left time: 7631.4952s
	iters: 200, epoch: 9 | loss: 0.7053368
	speed: 0.1272s/iter; left time: 3298.8564s
Epoch: 9 cost time: 36.156373262405396
Epoch: 9, Steps: 284 | Train Loss: 0.5376040 Vali Loss: 0.5028275 Test Loss: 0.2137140
Validation loss decreased (0.512648 --> 0.502828).  Saving model ...
Updating learning rate to 5.3144100000000005e-05
	iters: 100, epoch: 10 | loss: 0.4822943
	speed: 0.2933s/iter; left time: 7552.1419s
	iters: 200, epoch: 10 | loss: 0.8455534
	speed: 0.1272s/iter; left time: 3263.3043s
Epoch: 10 cost time: 36.15522813796997
Epoch: 10, Steps: 284 | Train Loss: 0.5268328 Vali Loss: 0.4943694 Test Loss: 0.2100782
Validation loss decreased (0.502828 --> 0.494369).  Saving model ...
Updating learning rate to 4.782969000000001e-05
	iters: 100, epoch: 11 | loss: 0.5175180
	speed: 0.2934s/iter; left time: 7471.1953s
	iters: 200, epoch: 11 | loss: 0.4274307
	speed: 0.1272s/iter; left time: 3226.9800s
Epoch: 11 cost time: 36.14349389076233
Epoch: 11, Steps: 284 | Train Loss: 0.5174558 Vali Loss: 0.4850903 Test Loss: 0.2068385
Validation loss decreased (0.494369 --> 0.485090).  Saving model ...
Updating learning rate to 4.304672100000001e-05
	iters: 100, epoch: 12 | loss: 0.4030546
	speed: 0.2935s/iter; left time: 7389.6978s
	iters: 200, epoch: 12 | loss: 0.4368415
	speed: 0.1272s/iter; left time: 3190.1690s
Epoch: 12 cost time: 36.13856363296509
Epoch: 12, Steps: 284 | Train Loss: 0.5089998 Vali Loss: 0.4767431 Test Loss: 0.2038481
Validation loss decreased (0.485090 --> 0.476743).  Saving model ...
Updating learning rate to 3.874204890000001e-05
	iters: 100, epoch: 13 | loss: 0.9690695
	speed: 0.2940s/iter; left time: 7318.7690s
	iters: 200, epoch: 13 | loss: 0.4259936
	speed: 0.1273s/iter; left time: 3155.0585s
Epoch: 13 cost time: 36.143532514572144
Epoch: 13, Steps: 284 | Train Loss: 0.5029943 Vali Loss: 0.4715870 Test Loss: 0.2012351
Validation loss decreased (0.476743 --> 0.471587).  Saving model ...
Updating learning rate to 3.486784401000001e-05
	iters: 100, epoch: 14 | loss: 0.7452316
	speed: 0.2941s/iter; left time: 7238.6229s
	iters: 200, epoch: 14 | loss: 0.5525131
	speed: 0.1273s/iter; left time: 3119.0594s
Epoch: 14 cost time: 36.14583373069763
Epoch: 14, Steps: 284 | Train Loss: 0.4974868 Vali Loss: 0.4683126 Test Loss: 0.1988847
Validation loss decreased (0.471587 --> 0.468313).  Saving model ...
Updating learning rate to 3.138105960900001e-05
	iters: 100, epoch: 15 | loss: 0.3965946
	speed: 0.2941s/iter; left time: 7153.6210s
	iters: 200, epoch: 15 | loss: 0.3422827
	speed: 0.1273s/iter; left time: 3084.3322s
Epoch: 15 cost time: 36.1632444858551
Epoch: 15, Steps: 284 | Train Loss: 0.4925213 Vali Loss: 0.4628537 Test Loss: 0.1968041
Validation loss decreased (0.468313 --> 0.462854).  Saving model ...
Updating learning rate to 2.824295364810001e-05
	iters: 100, epoch: 16 | loss: 0.6607872
	speed: 0.2938s/iter; left time: 7062.3133s
	iters: 200, epoch: 16 | loss: 0.7826985
	speed: 0.1273s/iter; left time: 3048.2146s
Epoch: 16 cost time: 36.16376829147339
Epoch: 16, Steps: 284 | Train Loss: 0.4883469 Vali Loss: 0.4592041 Test Loss: 0.1949657
Validation loss decreased (0.462854 --> 0.459204).  Saving model ...
Updating learning rate to 2.541865828329001e-05
	iters: 100, epoch: 17 | loss: 0.4163558
	speed: 0.2937s/iter; left time: 6977.3429s
	iters: 200, epoch: 17 | loss: 0.9223975
	speed: 0.1273s/iter; left time: 3011.2624s
Epoch: 17 cost time: 36.16565799713135
Epoch: 17, Steps: 284 | Train Loss: 0.4844132 Vali Loss: 0.4559277 Test Loss: 0.1932850
Validation loss decreased (0.459204 --> 0.455928).  Saving model ...
Updating learning rate to 2.287679245496101e-05
	iters: 100, epoch: 18 | loss: 0.3098554
	speed: 0.2933s/iter; left time: 6885.4015s
	iters: 200, epoch: 18 | loss: 0.5564102
	speed: 0.1272s/iter; left time: 2973.7031s
Epoch: 18 cost time: 36.158764123916626
Epoch: 18, Steps: 284 | Train Loss: 0.4816337 Vali Loss: 0.4526796 Test Loss: 0.1918160
Validation loss decreased (0.455928 --> 0.452680).  Saving model ...
Updating learning rate to 2.0589113209464907e-05
	iters: 100, epoch: 19 | loss: 0.8622241
	speed: 0.2940s/iter; left time: 6816.4763s
	iters: 200, epoch: 19 | loss: 0.5757689
	speed: 0.1273s/iter; left time: 2938.7882s
Epoch: 19 cost time: 36.16482090950012
Epoch: 19, Steps: 284 | Train Loss: 0.4790389 Vali Loss: 0.4506392 Test Loss: 0.1904850
Validation loss decreased (0.452680 --> 0.450639).  Saving model ...
Updating learning rate to 1.8530201888518416e-05
	iters: 100, epoch: 20 | loss: 0.4972667
	speed: 0.2940s/iter; left time: 6732.9902s
	iters: 200, epoch: 20 | loss: 0.4217461
	speed: 0.1273s/iter; left time: 2902.7808s
Epoch: 20 cost time: 36.161174297332764
Epoch: 20, Steps: 284 | Train Loss: 0.4766280 Vali Loss: 0.4474467 Test Loss: 0.1893371
Validation loss decreased (0.450639 --> 0.447447).  Saving model ...
Updating learning rate to 1.6677181699666577e-05
	iters: 100, epoch: 21 | loss: 0.3350156
	speed: 0.2933s/iter; left time: 6634.8494s
	iters: 200, epoch: 21 | loss: 0.3977734
	speed: 0.1273s/iter; left time: 2865.9323s
Epoch: 21 cost time: 36.15777039527893
Epoch: 21, Steps: 284 | Train Loss: 0.4736050 Vali Loss: 0.4438177 Test Loss: 0.1882610
Validation loss decreased (0.447447 --> 0.443818).  Saving model ...
Updating learning rate to 1.5009463529699919e-05
	iters: 100, epoch: 22 | loss: 0.3381528
	speed: 0.2934s/iter; left time: 6553.3913s
	iters: 200, epoch: 22 | loss: 0.4643404
	speed: 0.1273s/iter; left time: 2831.0922s
Epoch: 22 cost time: 36.16482591629028
Epoch: 22, Steps: 284 | Train Loss: 0.4723901 Vali Loss: 0.4438381 Test Loss: 0.1873091
EarlyStopping counter: 1 out of 20
Updating learning rate to 1.3508517176729929e-05
	iters: 100, epoch: 23 | loss: 0.3331021
	speed: 0.2924s/iter; left time: 6448.2761s
	iters: 200, epoch: 23 | loss: 0.4319974
	speed: 0.1274s/iter; left time: 2795.9018s
Epoch: 23 cost time: 36.157381772994995
Epoch: 23, Steps: 284 | Train Loss: 0.4703730 Vali Loss: 0.4413720 Test Loss: 0.1864690
Validation loss decreased (0.443818 --> 0.441372).  Saving model ...
Updating learning rate to 1.2157665459056936e-05
	iters: 100, epoch: 24 | loss: 0.5163978
	speed: 0.2934s/iter; left time: 6387.3836s
	iters: 200, epoch: 24 | loss: 0.4056202
	speed: 0.1274s/iter; left time: 2760.1978s
Epoch: 24 cost time: 36.160059213638306
Epoch: 24, Steps: 284 | Train Loss: 0.4694338 Vali Loss: 0.4411941 Test Loss: 0.1856985
Validation loss decreased (0.441372 --> 0.441194).  Saving model ...
Updating learning rate to 1.0941898913151242e-05
	iters: 100, epoch: 25 | loss: 0.3917590
	speed: 0.2938s/iter; left time: 6311.5714s
	iters: 200, epoch: 25 | loss: 0.5671700
	speed: 0.1274s/iter; left time: 2725.0491s
Epoch: 25 cost time: 36.16186022758484
Epoch: 25, Steps: 284 | Train Loss: 0.4672012 Vali Loss: 0.4391509 Test Loss: 0.1849963
Validation loss decreased (0.441194 --> 0.439151).  Saving model ...
Updating learning rate to 9.847709021836118e-06
	iters: 100, epoch: 26 | loss: 0.3423560
	speed: 0.2930s/iter; left time: 6212.2524s
	iters: 200, epoch: 26 | loss: 0.3688796
	speed: 0.1275s/iter; left time: 2689.7446s
Epoch: 26 cost time: 36.183836460113525
Epoch: 26, Steps: 284 | Train Loss: 0.4675480 Vali Loss: 0.4357657 Test Loss: 0.1843918
Validation loss decreased (0.439151 --> 0.435766).  Saving model ...
Updating learning rate to 8.862938119652508e-06
	iters: 100, epoch: 27 | loss: 0.3985012
	speed: 0.3141s/iter; left time: 6570.0644s
	iters: 200, epoch: 27 | loss: 0.3427353
	speed: 0.1273s/iter; left time: 2650.7855s
Epoch: 27 cost time: 38.2447943687439
Epoch: 27, Steps: 284 | Train Loss: 0.4663338 Vali Loss: 0.4371709 Test Loss: 0.1838611
EarlyStopping counter: 1 out of 20
Updating learning rate to 7.976644307687255e-06
	iters: 100, epoch: 28 | loss: 0.3299627
	speed: 0.2926s/iter; left time: 6037.5869s
	iters: 200, epoch: 28 | loss: 0.4065857
	speed: 0.1272s/iter; left time: 2612.6351s
Epoch: 28 cost time: 36.13963866233826
Epoch: 28, Steps: 284 | Train Loss: 0.4655398 Vali Loss: 0.4355083 Test Loss: 0.1833784
Validation loss decreased (0.435766 --> 0.435508).  Saving model ...
Updating learning rate to 7.178979876918531e-06
	iters: 100, epoch: 29 | loss: 0.3796584
	speed: 0.3410s/iter; left time: 6938.7568s
	iters: 200, epoch: 29 | loss: 0.4307025
	speed: 0.1269s/iter; left time: 2568.5953s
Epoch: 29 cost time: 36.054800271987915
Epoch: 29, Steps: 284 | Train Loss: 0.4639155 Vali Loss: 0.4336246 Test Loss: 0.1829600
Validation loss decreased (0.435508 --> 0.433625).  Saving model ...
Updating learning rate to 6.4610818892266776e-06
	iters: 100, epoch: 30 | loss: 0.4388607
	speed: 0.2934s/iter; left time: 5887.5407s
	iters: 200, epoch: 30 | loss: 0.6794112
	speed: 0.1272s/iter; left time: 2538.5591s
Epoch: 30 cost time: 36.119200706481934
Epoch: 30, Steps: 284 | Train Loss: 0.4638741 Vali Loss: 0.4315298 Test Loss: 0.1825643
Validation loss decreased (0.433625 --> 0.431530).  Saving model ...
Updating learning rate to 5.8149737003040096e-06
	iters: 100, epoch: 31 | loss: 0.3282621
	speed: 0.2928s/iter; left time: 5791.3097s
	iters: 200, epoch: 31 | loss: 0.3493136
	speed: 0.1272s/iter; left time: 2503.2625s
Epoch: 31 cost time: 36.12389540672302
Epoch: 31, Steps: 284 | Train Loss: 0.4634788 Vali Loss: 0.4335492 Test Loss: 0.1822155
EarlyStopping counter: 1 out of 20
Updating learning rate to 5.23347633027361e-06
	iters: 100, epoch: 32 | loss: 0.4969068
	speed: 0.2920s/iter; left time: 5693.9652s
	iters: 200, epoch: 32 | loss: 0.5851378
	speed: 0.1272s/iter; left time: 2466.7201s
Epoch: 32 cost time: 36.116251945495605
Epoch: 32, Steps: 284 | Train Loss: 0.4628776 Vali Loss: 0.4326325 Test Loss: 0.1819285
EarlyStopping counter: 2 out of 20
Updating learning rate to 4.710128697246249e-06
	iters: 100, epoch: 33 | loss: 0.5578185
	speed: 0.2921s/iter; left time: 5612.6161s
	iters: 200, epoch: 33 | loss: 0.3306556
	speed: 0.1272s/iter; left time: 2430.4925s
Epoch: 33 cost time: 36.11185550689697
Epoch: 33, Steps: 284 | Train Loss: 0.4624771 Vali Loss: 0.4319844 Test Loss: 0.1816232
EarlyStopping counter: 3 out of 20
Updating learning rate to 4.239115827521624e-06
	iters: 100, epoch: 34 | loss: 0.4111667
	speed: 0.2921s/iter; left time: 5529.3374s
	iters: 200, epoch: 34 | loss: 0.3153997
	speed: 0.1272s/iter; left time: 2394.4122s
Epoch: 34 cost time: 36.10550570487976
Epoch: 34, Steps: 284 | Train Loss: 0.4622909 Vali Loss: 0.4317534 Test Loss: 0.1813607
EarlyStopping counter: 4 out of 20
Updating learning rate to 3.815204244769462e-06
	iters: 100, epoch: 35 | loss: 0.7522467
	speed: 0.2920s/iter; left time: 5443.9581s
	iters: 200, epoch: 35 | loss: 0.6140480
	speed: 0.1272s/iter; left time: 2359.1484s
Epoch: 35 cost time: 36.11564874649048
Epoch: 35, Steps: 284 | Train Loss: 0.4618009 Vali Loss: 0.4320849 Test Loss: 0.1811665
EarlyStopping counter: 5 out of 20
Updating learning rate to 3.4336838202925152e-06
	iters: 100, epoch: 36 | loss: 0.4236911
	speed: 0.2920s/iter; left time: 5362.0227s
	iters: 200, epoch: 36 | loss: 0.5918340
	speed: 0.1272s/iter; left time: 2322.2507s
Epoch: 36 cost time: 36.11006760597229
Epoch: 36, Steps: 284 | Train Loss: 0.4613064 Vali Loss: 0.4273940 Test Loss: 0.1809520
Validation loss decreased (0.431530 --> 0.427394).  Saving model ...
Updating learning rate to 3.090315438263264e-06
	iters: 100, epoch: 37 | loss: 0.3830486
	speed: 0.2925s/iter; left time: 5288.0796s
	iters: 200, epoch: 37 | loss: 0.3828122
	speed: 0.1271s/iter; left time: 2285.4170s
Epoch: 37 cost time: 36.096821784973145
Epoch: 37, Steps: 284 | Train Loss: 0.4613090 Vali Loss: 0.4311922 Test Loss: 0.1807552
EarlyStopping counter: 1 out of 20
Updating learning rate to 2.7812838944369375e-06
	iters: 100, epoch: 38 | loss: 0.3903782
	speed: 0.2920s/iter; left time: 5195.3033s
	iters: 200, epoch: 38 | loss: 0.4124317
	speed: 0.1272s/iter; left time: 2250.3534s
Epoch: 38 cost time: 36.1157112121582
Epoch: 38, Steps: 284 | Train Loss: 0.4609530 Vali Loss: 0.4294620 Test Loss: 0.1806346
EarlyStopping counter: 2 out of 20
Updating learning rate to 2.503155504993244e-06
	iters: 100, epoch: 39 | loss: 0.6603526
	speed: 0.2920s/iter; left time: 5111.8205s
	iters: 200, epoch: 39 | loss: 0.3612082
	speed: 0.1272s/iter; left time: 2213.8978s
Epoch: 39 cost time: 36.10768103599548
Epoch: 39, Steps: 284 | Train Loss: 0.4606276 Vali Loss: 0.4289051 Test Loss: 0.1804715
EarlyStopping counter: 3 out of 20
Updating learning rate to 2.2528399544939195e-06
	iters: 100, epoch: 40 | loss: 0.6668804
	speed: 0.2921s/iter; left time: 5031.1227s
	iters: 200, epoch: 40 | loss: 0.8516286
	speed: 0.1272s/iter; left time: 2178.3547s
Epoch: 40 cost time: 36.114598512649536
Epoch: 40, Steps: 284 | Train Loss: 0.4594317 Vali Loss: 0.4287480 Test Loss: 0.1803614
EarlyStopping counter: 4 out of 20
Updating learning rate to 2.0275559590445276e-06
	iters: 100, epoch: 41 | loss: 0.5890918
	speed: 0.2921s/iter; left time: 4948.0010s
	iters: 200, epoch: 41 | loss: 0.4275652
	speed: 0.1272s/iter; left time: 2141.9861s
Epoch: 41 cost time: 36.11506676673889
Epoch: 41, Steps: 284 | Train Loss: 0.4603469 Vali Loss: 0.4275596 Test Loss: 0.1802363
EarlyStopping counter: 5 out of 20
Updating learning rate to 1.8248003631400751e-06
	iters: 100, epoch: 42 | loss: 0.7279712
	speed: 0.2920s/iter; left time: 4863.1664s
	iters: 200, epoch: 42 | loss: 0.4962341
	speed: 0.1272s/iter; left time: 2105.4484s
Epoch: 42 cost time: 36.11000347137451
Epoch: 42, Steps: 284 | Train Loss: 0.4601085 Vali Loss: 0.4286183 Test Loss: 0.1801248
EarlyStopping counter: 6 out of 20
Updating learning rate to 1.6423203268260676e-06
	iters: 100, epoch: 43 | loss: 0.3882435
	speed: 0.2921s/iter; left time: 4782.5907s
	iters: 200, epoch: 43 | loss: 0.3657343
	speed: 0.1272s/iter; left time: 2069.3623s
Epoch: 43 cost time: 36.10859203338623
Epoch: 43, Steps: 284 | Train Loss: 0.4599712 Vali Loss: 0.4298387 Test Loss: 0.1800196
EarlyStopping counter: 7 out of 20
Updating learning rate to 1.4780882941434609e-06
	iters: 100, epoch: 44 | loss: 0.4136123
	speed: 0.2921s/iter; left time: 4699.8111s
	iters: 200, epoch: 44 | loss: 0.4688861
	speed: 0.1272s/iter; left time: 2033.3123s
Epoch: 44 cost time: 36.11119794845581
Epoch: 44, Steps: 284 | Train Loss: 0.4587997 Vali Loss: 0.4275982 Test Loss: 0.1799307
EarlyStopping counter: 8 out of 20
Updating learning rate to 1.3302794647291146e-06
	iters: 100, epoch: 45 | loss: 0.3441027
	speed: 0.2920s/iter; left time: 4615.5263s
	iters: 200, epoch: 45 | loss: 0.3851859
	speed: 0.1271s/iter; left time: 1996.6365s
Epoch: 45 cost time: 36.10997033119202
Epoch: 45, Steps: 284 | Train Loss: 0.4596780 Vali Loss: 0.4287741 Test Loss: 0.1798529
EarlyStopping counter: 9 out of 20
Updating learning rate to 1.1972515182562034e-06
	iters: 100, epoch: 46 | loss: 0.4347934
	speed: 0.2919s/iter; left time: 4531.1243s
	iters: 200, epoch: 46 | loss: 0.5675303
	speed: 0.1271s/iter; left time: 1959.9730s
Epoch: 46 cost time: 36.09485340118408
Epoch: 46, Steps: 284 | Train Loss: 0.4594701 Vali Loss: 0.4274287 Test Loss: 0.1797960
EarlyStopping counter: 10 out of 20
Updating learning rate to 1.077526366430583e-06
	iters: 100, epoch: 47 | loss: 0.5367127
	speed: 0.2919s/iter; left time: 4448.0687s
	iters: 200, epoch: 47 | loss: 0.3200125
	speed: 0.1271s/iter; left time: 1923.2233s
Epoch: 47 cost time: 36.09192991256714
Epoch: 47, Steps: 284 | Train Loss: 0.4591849 Vali Loss: 0.4288994 Test Loss: 0.1797486
EarlyStopping counter: 11 out of 20
Updating learning rate to 9.697737297875248e-07
	iters: 100, epoch: 48 | loss: 0.4170287
	speed: 0.2920s/iter; left time: 4366.3780s
	iters: 200, epoch: 48 | loss: 0.4323808
	speed: 0.1271s/iter; left time: 1887.6223s
Epoch: 48 cost time: 36.10675883293152
Epoch: 48, Steps: 284 | Train Loss: 0.4592526 Vali Loss: 0.4282052 Test Loss: 0.1796807
EarlyStopping counter: 12 out of 20
Updating learning rate to 8.727963568087723e-07
	iters: 100, epoch: 49 | loss: 0.4387473
	speed: 0.2921s/iter; left time: 4284.5161s
	iters: 200, epoch: 49 | loss: 0.8606305
	speed: 0.1271s/iter; left time: 1852.1771s
Epoch: 49 cost time: 36.10950016975403
Epoch: 49, Steps: 284 | Train Loss: 0.4589074 Vali Loss: 0.4297145 Test Loss: 0.1796360
EarlyStopping counter: 13 out of 20
Updating learning rate to 7.855167211278951e-07
	iters: 100, epoch: 50 | loss: 0.5370785
	speed: 0.2920s/iter; left time: 4200.3051s
	iters: 200, epoch: 50 | loss: 0.3044509
	speed: 0.1271s/iter; left time: 1816.0010s
Epoch: 50 cost time: 36.11009430885315
Epoch: 50, Steps: 284 | Train Loss: 0.4591741 Vali Loss: 0.4277344 Test Loss: 0.1795958
EarlyStopping counter: 14 out of 20
Updating learning rate to 7.069650490151056e-07
	iters: 100, epoch: 51 | loss: 0.3923686
	speed: 0.2919s/iter; left time: 4116.6488s
	iters: 200, epoch: 51 | loss: 0.6041805
	speed: 0.1271s/iter; left time: 1779.7017s
Epoch: 51 cost time: 36.10842704772949
Epoch: 51, Steps: 284 | Train Loss: 0.4580874 Vali Loss: 0.4276117 Test Loss: 0.1795458
EarlyStopping counter: 15 out of 20
Updating learning rate to 6.36268544113595e-07
	iters: 100, epoch: 52 | loss: 0.3863958
	speed: 0.2921s/iter; left time: 4035.6584s
	iters: 200, epoch: 52 | loss: 0.4992284
	speed: 0.1271s/iter; left time: 1743.2974s
Epoch: 52 cost time: 36.096440076828
Epoch: 52, Steps: 284 | Train Loss: 0.4582900 Vali Loss: 0.4282660 Test Loss: 0.1795198
EarlyStopping counter: 16 out of 20
Updating learning rate to 5.726416897022355e-07
	iters: 100, epoch: 53 | loss: 0.4147825
	speed: 0.2920s/iter; left time: 3951.4699s
	iters: 200, epoch: 53 | loss: 0.3964478
	speed: 0.1271s/iter; left time: 1707.2187s
Epoch: 53 cost time: 36.09507989883423
Epoch: 53, Steps: 284 | Train Loss: 0.4586355 Vali Loss: 0.4287410 Test Loss: 0.1794735
EarlyStopping counter: 17 out of 20
Updating learning rate to 5.15377520732012e-07
	iters: 100, epoch: 54 | loss: 0.4703161
	speed: 0.2920s/iter; left time: 3868.4283s
	iters: 200, epoch: 54 | loss: 0.4850835
	speed: 0.1271s/iter; left time: 1671.2365s
Epoch: 54 cost time: 36.09986448287964
Epoch: 54, Steps: 284 | Train Loss: 0.4573757 Vali Loss: 0.4274544 Test Loss: 0.1794489
EarlyStopping counter: 18 out of 20
Updating learning rate to 4.6383976865881085e-07
	iters: 100, epoch: 55 | loss: 0.6734722
	speed: 0.2921s/iter; left time: 3786.4889s
	iters: 200, epoch: 55 | loss: 0.4175501
	speed: 0.1272s/iter; left time: 1635.9297s
Epoch: 55 cost time: 36.11671328544617
Epoch: 55, Steps: 284 | Train Loss: 0.4588270 Vali Loss: 0.4272786 Test Loss: 0.1794205
Validation loss decreased (0.427394 --> 0.427279).  Saving model ...
Updating learning rate to 4.174557917929298e-07
	iters: 100, epoch: 56 | loss: 0.6114542
	speed: 0.2929s/iter; left time: 3714.6474s
	iters: 200, epoch: 56 | loss: 0.3575478
	speed: 0.1271s/iter; left time: 1599.2044s
Epoch: 56 cost time: 36.10574746131897
Epoch: 56, Steps: 284 | Train Loss: 0.4579707 Vali Loss: 0.4285241 Test Loss: 0.1794028
EarlyStopping counter: 1 out of 20
Updating learning rate to 3.7571021261363677e-07
	iters: 100, epoch: 57 | loss: 0.4141568
	speed: 0.2923s/iter; left time: 3624.1967s
	iters: 200, epoch: 57 | loss: 0.5444677
	speed: 0.1271s/iter; left time: 1563.3089s
Epoch: 57 cost time: 36.11220860481262
Epoch: 57, Steps: 284 | Train Loss: 0.4588584 Vali Loss: 0.4279856 Test Loss: 0.1793779
EarlyStopping counter: 2 out of 20
Updating learning rate to 3.381391913522731e-07
	iters: 100, epoch: 58 | loss: 0.8481523
	speed: 0.2923s/iter; left time: 3540.5502s
	iters: 200, epoch: 58 | loss: 0.3956369
	speed: 0.1271s/iter; left time: 1527.3072s
Epoch: 58 cost time: 36.1058304309845
Epoch: 58, Steps: 284 | Train Loss: 0.4588470 Vali Loss: 0.4285416 Test Loss: 0.1793795
EarlyStopping counter: 3 out of 20
Updating learning rate to 3.043252722170458e-07
	iters: 100, epoch: 59 | loss: 0.6404077
	speed: 0.2923s/iter; left time: 3458.0973s
	iters: 200, epoch: 59 | loss: 0.4541190
	speed: 0.1271s/iter; left time: 1490.8482s
Epoch: 59 cost time: 36.11096239089966
Epoch: 59, Steps: 284 | Train Loss: 0.4588082 Vali Loss: 0.4263577 Test Loss: 0.1793385
Validation loss decreased (0.427279 --> 0.426358).  Saving model ...
Updating learning rate to 2.7389274499534124e-07
	iters: 100, epoch: 60 | loss: 0.5478584
	speed: 0.2943s/iter; left time: 3397.3241s
	iters: 200, epoch: 60 | loss: 0.5625528
	speed: 0.1271s/iter; left time: 1455.0967s
Epoch: 60 cost time: 36.10709095001221
Epoch: 60, Steps: 284 | Train Loss: 0.4585916 Vali Loss: 0.4262099 Test Loss: 0.1793195
Validation loss decreased (0.426358 --> 0.426210).  Saving model ...
Updating learning rate to 2.465034704958071e-07
	iters: 100, epoch: 61 | loss: 0.3617737
	speed: 0.2929s/iter; left time: 3298.3332s
	iters: 200, epoch: 61 | loss: 0.5990158
	speed: 0.1271s/iter; left time: 1418.5486s
Epoch: 61 cost time: 36.10620641708374
Epoch: 61, Steps: 284 | Train Loss: 0.4579644 Vali Loss: 0.4293559 Test Loss: 0.1793230
EarlyStopping counter: 1 out of 20
Updating learning rate to 2.218531234462264e-07
	iters: 100, epoch: 62 | loss: 0.6662077
	speed: 0.2922s/iter; left time: 3207.0845s
	iters: 200, epoch: 62 | loss: 0.3925961
	speed: 0.1271s/iter; left time: 1382.9219s
Epoch: 62 cost time: 36.113078117370605
Epoch: 62, Steps: 284 | Train Loss: 0.4588498 Vali Loss: 0.4250932 Test Loss: 0.1793056
Validation loss decreased (0.426210 --> 0.425093).  Saving model ...
Updating learning rate to 1.9966781110160376e-07
	iters: 100, epoch: 63 | loss: 0.6118515
	speed: 0.2920s/iter; left time: 3122.7927s
	iters: 200, epoch: 63 | loss: 0.7718121
	speed: 0.1263s/iter; left time: 1338.3696s
Epoch: 63 cost time: 35.88743472099304
Epoch: 63, Steps: 284 | Train Loss: 0.4586256 Vali Loss: 0.4282823 Test Loss: 0.1792969
EarlyStopping counter: 1 out of 20
Updating learning rate to 1.797010299914434e-07
	iters: 100, epoch: 64 | loss: 0.4135823
	speed: 0.2926s/iter; left time: 3046.0613s
	iters: 200, epoch: 64 | loss: 0.6134180
	speed: 0.1270s/iter; left time: 1309.3099s
Epoch: 64 cost time: 36.020137310028076
Epoch: 64, Steps: 284 | Train Loss: 0.4583118 Vali Loss: 0.4277767 Test Loss: 0.1792830
EarlyStopping counter: 2 out of 20
Updating learning rate to 1.6173092699229907e-07
	iters: 100, epoch: 65 | loss: 0.3124897
	speed: 0.2937s/iter; left time: 2974.1723s
	iters: 200, epoch: 65 | loss: 0.4028349
	speed: 0.1269s/iter; left time: 1272.6105s
Epoch: 65 cost time: 36.06386113166809
Epoch: 65, Steps: 284 | Train Loss: 0.4576897 Vali Loss: 0.4275519 Test Loss: 0.1793033
EarlyStopping counter: 3 out of 20
Updating learning rate to 1.4555783429306916e-07
	iters: 100, epoch: 66 | loss: 0.4384994
	speed: 0.2937s/iter; left time: 2890.1110s
	iters: 200, epoch: 66 | loss: 0.3723636
	speed: 0.1270s/iter; left time: 1236.9057s
Epoch: 66 cost time: 36.05411648750305
Epoch: 66, Steps: 284 | Train Loss: 0.4575733 Vali Loss: 0.4261888 Test Loss: 0.1792671
EarlyStopping counter: 4 out of 20
Updating learning rate to 1.3100205086376224e-07
	iters: 100, epoch: 67 | loss: 0.4038475
	speed: 0.2914s/iter; left time: 2785.1256s
	iters: 200, epoch: 67 | loss: 0.3559267
	speed: 0.1267s/iter; left time: 1198.4892s
Epoch: 67 cost time: 35.998860120773315
Epoch: 67, Steps: 284 | Train Loss: 0.4584691 Vali Loss: 0.4283253 Test Loss: 0.1792583
EarlyStopping counter: 5 out of 20
Updating learning rate to 1.1790184577738603e-07
	iters: 100, epoch: 68 | loss: 0.3781273
	speed: 0.2915s/iter; left time: 2703.4821s
	iters: 200, epoch: 68 | loss: 0.4152892
	speed: 0.1268s/iter; left time: 1162.8095s
Epoch: 68 cost time: 36.01387095451355
Epoch: 68, Steps: 284 | Train Loss: 0.4584920 Vali Loss: 0.4283874 Test Loss: 0.1792509
EarlyStopping counter: 6 out of 20
Updating learning rate to 1.0611166119964742e-07
	iters: 100, epoch: 69 | loss: 0.8624681
	speed: 0.2913s/iter; left time: 2618.2284s
	iters: 200, epoch: 69 | loss: 0.3719784
	speed: 0.1268s/iter; left time: 1126.7913s
Epoch: 69 cost time: 36.005112648010254
Epoch: 69, Steps: 284 | Train Loss: 0.4585729 Vali Loss: 0.4290392 Test Loss: 0.1792498
EarlyStopping counter: 7 out of 20
Updating learning rate to 9.550049507968268e-08
	iters: 100, epoch: 70 | loss: 0.4456156
	speed: 0.2915s/iter; left time: 2537.2062s
	iters: 200, epoch: 70 | loss: 0.3792808
	speed: 0.1268s/iter; left time: 1090.9222s
Epoch: 70 cost time: 36.01556134223938
Epoch: 70, Steps: 284 | Train Loss: 0.4583158 Vali Loss: 0.4268613 Test Loss: 0.1792614
EarlyStopping counter: 8 out of 20
Updating learning rate to 8.595044557171442e-08
	iters: 100, epoch: 71 | loss: 0.6113641
	speed: 0.2915s/iter; left time: 2454.8093s
	iters: 200, epoch: 71 | loss: 0.3954841
	speed: 0.1268s/iter; left time: 1055.1123s
Epoch: 71 cost time: 36.020747423172
Epoch: 71, Steps: 284 | Train Loss: 0.4583544 Vali Loss: 0.4273593 Test Loss: 0.1792520
EarlyStopping counter: 9 out of 20
Updating learning rate to 7.735540101454298e-08
	iters: 100, epoch: 72 | loss: 0.4185601
	speed: 0.2917s/iter; left time: 2373.1752s
	iters: 200, epoch: 72 | loss: 0.4056435
	speed: 0.1268s/iter; left time: 1019.3222s
Epoch: 72 cost time: 36.03608179092407
Epoch: 72, Steps: 284 | Train Loss: 0.4584207 Vali Loss: 0.4275898 Test Loss: 0.1792409
EarlyStopping counter: 10 out of 20
Updating learning rate to 6.961986091308869e-08
	iters: 100, epoch: 73 | loss: 0.3574686
	speed: 0.2917s/iter; left time: 2290.5961s
	iters: 200, epoch: 73 | loss: 0.3991082
	speed: 0.1269s/iter; left time: 983.7149s
Epoch: 73 cost time: 36.03745675086975
Epoch: 73, Steps: 284 | Train Loss: 0.4583703 Vali Loss: 0.4261162 Test Loss: 0.1792227
EarlyStopping counter: 11 out of 20
Updating learning rate to 6.265787482177981e-08
	iters: 100, epoch: 74 | loss: 0.6546997
	speed: 0.2916s/iter; left time: 2207.2591s
	iters: 200, epoch: 74 | loss: 0.8722960
	speed: 0.1269s/iter; left time: 947.5529s
Epoch: 74 cost time: 36.03975224494934
Epoch: 74, Steps: 284 | Train Loss: 0.4584232 Vali Loss: 0.4282680 Test Loss: 0.1792042
EarlyStopping counter: 12 out of 20
Updating learning rate to 5.639208733960184e-08
	iters: 100, epoch: 75 | loss: 0.4417629
	speed: 0.2917s/iter; left time: 2125.0095s
	iters: 200, epoch: 75 | loss: 0.8208559
	speed: 0.1269s/iter; left time: 912.0215s
Epoch: 75 cost time: 36.04401397705078
Epoch: 75, Steps: 284 | Train Loss: 0.4583367 Vali Loss: 0.4280015 Test Loss: 0.1792201
EarlyStopping counter: 13 out of 20
Updating learning rate to 5.075287860564165e-08
	iters: 100, epoch: 76 | loss: 0.8568006
	speed: 0.2917s/iter; left time: 2042.5316s
	iters: 200, epoch: 76 | loss: 0.3900802
	speed: 0.1270s/iter; left time: 876.2383s
Epoch: 76 cost time: 36.05228924751282
Epoch: 76, Steps: 284 | Train Loss: 0.4580163 Vali Loss: 0.4285766 Test Loss: 0.1792324
EarlyStopping counter: 14 out of 20
Updating learning rate to 4.567759074507749e-08
	iters: 100, epoch: 77 | loss: 0.6282422
	speed: 0.2918s/iter; left time: 1959.7294s
	iters: 200, epoch: 77 | loss: 0.3566559
	speed: 0.1270s/iter; left time: 840.4922s
Epoch: 77 cost time: 36.059723138809204
Epoch: 77, Steps: 284 | Train Loss: 0.4584346 Vali Loss: 0.4269987 Test Loss: 0.1792316
EarlyStopping counter: 15 out of 20
Updating learning rate to 4.1109831670569744e-08
	iters: 100, epoch: 78 | loss: 0.4365305
	speed: 0.2917s/iter; left time: 1876.8244s
	iters: 200, epoch: 78 | loss: 0.5335653
	speed: 0.1270s/iter; left time: 804.5648s
Epoch: 78 cost time: 36.06476092338562
Epoch: 78, Steps: 284 | Train Loss: 0.4586331 Vali Loss: 0.4282417 Test Loss: 0.1792066
EarlyStopping counter: 16 out of 20
Updating learning rate to 3.6998848503512764e-08
	iters: 100, epoch: 79 | loss: 0.4301879
	speed: 0.2919s/iter; left time: 1794.8223s
	iters: 200, epoch: 79 | loss: 0.4290060
	speed: 0.1270s/iter; left time: 768.3701s
Epoch: 79 cost time: 36.06603240966797
Epoch: 79, Steps: 284 | Train Loss: 0.4586194 Vali Loss: 0.4268988 Test Loss: 0.1792175
EarlyStopping counter: 17 out of 20
Updating learning rate to 3.3298963653161496e-08
	iters: 100, epoch: 80 | loss: 0.3346730
	speed: 0.2918s/iter; left time: 1711.5094s
	iters: 200, epoch: 80 | loss: 0.3943370
	speed: 0.1270s/iter; left time: 732.2241s
Epoch: 80 cost time: 36.06765365600586
Epoch: 80, Steps: 284 | Train Loss: 0.4586729 Vali Loss: 0.4272614 Test Loss: 0.1792417
EarlyStopping counter: 18 out of 20
Updating learning rate to 2.996906728784534e-08
	iters: 100, epoch: 81 | loss: 0.4058227
	speed: 0.2918s/iter; left time: 1628.6263s
	iters: 200, epoch: 81 | loss: 0.3573840
	speed: 0.1271s/iter; left time: 696.3944s
Epoch: 81 cost time: 36.07579183578491
Epoch: 81, Steps: 284 | Train Loss: 0.4576152 Vali Loss: 0.4263671 Test Loss: 0.1792090
EarlyStopping counter: 19 out of 20
Updating learning rate to 2.697216055906081e-08
	iters: 100, epoch: 82 | loss: 0.4974497
	speed: 0.2920s/iter; left time: 1546.6430s
	iters: 200, epoch: 82 | loss: 0.3394765
	speed: 0.1271s/iter; left time: 660.5602s
Epoch: 82 cost time: 36.08423566818237
Epoch: 82, Steps: 284 | Train Loss: 0.4569001 Vali Loss: 0.4258917 Test Loss: 0.1792241
EarlyStopping counter: 20 out of 20
Early stopping
>>>>>>>testing : NL_weather_cms_lr0.001_spc_336_96_PatchTST_custom_ftM_sl336_ll48_pl96_dm128_nh16_el3_dl1_df256_fc1_ebtimeF_dtTruelr0.001_polspc_Nested_Learning_0<<<<<<<<<<<<<<<<<<<<<<<<<<<<<<<<<
test 10444
 Ejecutando Inferencia DINÁMICA (Nested Learning con cms)
  -> Política: spc | LR: 0.001 | Target: head

RESUMEN: El CMS se actualizó 0 veces de 81 posibles.

mse:0.17930562794208527, mae:0.23141364753246307, rse:0.5578365921974182
Args in experiment:
Namespace(random_seed=2021, is_training=1, model_id='NL_weather_cms_lr0.001_spc_336_192', model='PatchTST', data='custom', root_path='./dataset/', data_path='weather.csv', features='M', target='OT', freq='h', checkpoints='./checkpoints/', seq_len=336, label_len=48, pred_len=192, head_type='cms', cms_lr=0.001, update_policy='spc', fc_dropout=0.2, head_dropout=0.0, patch_len=16, stride=8, padding_patch='end', revin=1, affine=0, subtract_last=0, decomposition=0, kernel_size=25, individual=0, embed_type=0, enc_in=21, dec_in=7, c_out=7, d_model=128, n_heads=16, e_layers=3, d_layers=1, d_ff=256, moving_avg=25, factor=1, distil=True, dropout=0.2, embed='timeF', activation='gelu', output_attention=False, do_predict=False, num_workers=0, itr=1, train_epochs=100, batch_size=128, patience=20, learning_rate=0.0001, des='Nested_Learning', loss='mse', lradj='type3', pct_start=0.3, use_amp=False, use_gpu=True, gpu=0, use_multi_gpu=False, devices='0,1,2,3', test_flop=False)
Use GPU: cuda:0
>>>>>>>start training : NL_weather_cms_lr0.001_spc_336_192_PatchTST_custom_ftM_sl336_ll48_pl192_dm128_nh16_el3_dl1_df256_fc1_ebtimeF_dtTruelr0.001_polspc_Nested_Learning_0>>>>>>>>>>>>>>>>>>>>>>>>>>
train 36360
val 5079
test 10348
	iters: 100, epoch: 1 | loss: 1.1537951
	speed: 0.1522s/iter; left time: 4306.6441s
	iters: 200, epoch: 1 | loss: 0.8635261
	speed: 0.1274s/iter; left time: 3593.5756s
Epoch: 1 cost time: 36.44851016998291
Epoch: 1, Steps: 284 | Train Loss: 0.7379149 Vali Loss: 0.6898259 Test Loss: 0.2907935
Validation loss decreased (inf --> 0.689826).  Saving model ...
Updating learning rate to 0.0001
	iters: 100, epoch: 2 | loss: 0.6599317
	speed: 0.2948s/iter; left time: 8260.8083s
	iters: 200, epoch: 2 | loss: 0.7145351
	speed: 0.1273s/iter; left time: 3554.6838s
Epoch: 2 cost time: 36.17396688461304
Epoch: 2, Steps: 284 | Train Loss: 0.7227833 Vali Loss: 0.6733642 Test Loss: 0.2846979
Validation loss decreased (0.689826 --> 0.673364).  Saving model ...
Updating learning rate to 0.0001
	iters: 100, epoch: 3 | loss: 0.7638225
	speed: 0.2944s/iter; left time: 8165.7174s
	iters: 200, epoch: 3 | loss: 0.6418471
	speed: 0.1273s/iter; left time: 3518.9803s
Epoch: 3 cost time: 36.18028521537781
Epoch: 3, Steps: 284 | Train Loss: 0.6990525 Vali Loss: 0.6546797 Test Loss: 0.2798426
Validation loss decreased (0.673364 --> 0.654680).  Saving model ...
Updating learning rate to 0.0001
	iters: 100, epoch: 4 | loss: 0.6386155
	speed: 0.2951s/iter; left time: 8100.0576s
	iters: 200, epoch: 4 | loss: 0.5687319
	speed: 0.1274s/iter; left time: 3483.4119s
Epoch: 4 cost time: 36.18226599693298
Epoch: 4, Steps: 284 | Train Loss: 0.6791177 Vali Loss: 0.6402060 Test Loss: 0.2751996
Validation loss decreased (0.654680 --> 0.640206).  Saving model ...
Updating learning rate to 9e-05
	iters: 100, epoch: 5 | loss: 0.5646478
	speed: 0.2947s/iter; left time: 8004.6810s
	iters: 200, epoch: 5 | loss: 0.7793804
	speed: 0.1274s/iter; left time: 3447.2459s
Epoch: 5 cost time: 36.18702936172485
Epoch: 5, Steps: 284 | Train Loss: 0.6614836 Vali Loss: 0.6243441 Test Loss: 0.2709977
Validation loss decreased (0.640206 --> 0.624344).  Saving model ...
Updating learning rate to 8.1e-05
	iters: 100, epoch: 6 | loss: 0.5485039
	speed: 0.2945s/iter; left time: 7916.1773s
	iters: 200, epoch: 6 | loss: 0.5654926
	speed: 0.1273s/iter; left time: 3409.7405s
Epoch: 6 cost time: 36.1752827167511
Epoch: 6, Steps: 284 | Train Loss: 0.6465085 Vali Loss: 0.6148970 Test Loss: 0.2672601
Validation loss decreased (0.624344 --> 0.614897).  Saving model ...
Updating learning rate to 7.290000000000001e-05
	iters: 100, epoch: 7 | loss: 0.7745852
	speed: 0.2941s/iter; left time: 7822.6959s
	iters: 200, epoch: 7 | loss: 0.6938705
	speed: 0.1274s/iter; left time: 3374.5157s
Epoch: 7 cost time: 36.173036098480225
Epoch: 7, Steps: 284 | Train Loss: 0.6333198 Vali Loss: 0.6051697 Test Loss: 0.2639011
Validation loss decreased (0.614897 --> 0.605170).  Saving model ...
Updating learning rate to 6.561e-05
	iters: 100, epoch: 8 | loss: 0.6136878
	speed: 0.2945s/iter; left time: 7749.6254s
	iters: 200, epoch: 8 | loss: 0.8822095
	speed: 0.1273s/iter; left time: 3338.0865s
Epoch: 8 cost time: 36.170329570770264
Epoch: 8, Steps: 284 | Train Loss: 0.6229857 Vali Loss: 0.5981140 Test Loss: 0.2609039
Validation loss decreased (0.605170 --> 0.598114).  Saving model ...
Updating learning rate to 5.904900000000001e-05
	iters: 100, epoch: 9 | loss: 0.5575641
	speed: 0.2943s/iter; left time: 7659.1926s
	iters: 200, epoch: 9 | loss: 0.6666059
	speed: 0.1273s/iter; left time: 3300.0350s
Epoch: 9 cost time: 36.15152859687805
Epoch: 9, Steps: 284 | Train Loss: 0.6138027 Vali Loss: 0.5908878 Test Loss: 0.2582430
Validation loss decreased (0.598114 --> 0.590888).  Saving model ...
Updating learning rate to 5.3144100000000005e-05
	iters: 100, epoch: 10 | loss: 0.5677416
	speed: 0.2942s/iter; left time: 7573.9271s
	iters: 200, epoch: 10 | loss: 0.7443504
	speed: 0.1274s/iter; left time: 3266.1667s
Epoch: 10 cost time: 36.16629338264465
Epoch: 10, Steps: 284 | Train Loss: 0.6059978 Vali Loss: 0.5845540 Test Loss: 0.2558736
Validation loss decreased (0.590888 --> 0.584554).  Saving model ...
Updating learning rate to 4.782969000000001e-05
	iters: 100, epoch: 11 | loss: 0.5127570
	speed: 0.2943s/iter; left time: 7492.2003s
	iters: 200, epoch: 11 | loss: 0.6169022
	speed: 0.1273s/iter; left time: 3229.5150s
Epoch: 11 cost time: 36.16181993484497
Epoch: 11, Steps: 284 | Train Loss: 0.5991318 Vali Loss: 0.5811357 Test Loss: 0.2537588
Validation loss decreased (0.584554 --> 0.581136).  Saving model ...
Updating learning rate to 4.304672100000001e-05
	iters: 100, epoch: 12 | loss: 0.4781171
	speed: 0.2941s/iter; left time: 7403.8535s
	iters: 200, epoch: 12 | loss: 0.6286411
	speed: 0.1273s/iter; left time: 3192.5282s
Epoch: 12 cost time: 36.15030479431152
Epoch: 12, Steps: 284 | Train Loss: 0.5932290 Vali Loss: 0.5745522 Test Loss: 0.2519077
Validation loss decreased (0.581136 --> 0.574552).  Saving model ...
Updating learning rate to 3.874204890000001e-05
	iters: 100, epoch: 13 | loss: 0.4918184
	speed: 0.2943s/iter; left time: 7324.7928s
	iters: 200, epoch: 13 | loss: 0.5142100
	speed: 0.1273s/iter; left time: 3155.2703s
Epoch: 13 cost time: 36.137612104415894
Epoch: 13, Steps: 284 | Train Loss: 0.5880430 Vali Loss: 0.5681275 Test Loss: 0.2502197
Validation loss decreased (0.574552 --> 0.568127).  Saving model ...
Updating learning rate to 3.486784401000001e-05
	iters: 100, epoch: 14 | loss: 0.5869973
	speed: 0.2940s/iter; left time: 7236.0554s
	iters: 200, epoch: 14 | loss: 0.5295752
	speed: 0.1273s/iter; left time: 3119.7335s
Epoch: 14 cost time: 36.145559310913086
Epoch: 14, Steps: 284 | Train Loss: 0.5834995 Vali Loss: 0.5656658 Test Loss: 0.2487322
Validation loss decreased (0.568127 --> 0.565666).  Saving model ...
Updating learning rate to 3.138105960900001e-05
	iters: 100, epoch: 15 | loss: 0.5336002
	speed: 0.2942s/iter; left time: 7155.9454s
	iters: 200, epoch: 15 | loss: 0.6068735
	speed: 0.1273s/iter; left time: 3083.8673s
Epoch: 15 cost time: 36.14757966995239
Epoch: 15, Steps: 284 | Train Loss: 0.5794377 Vali Loss: 0.5613621 Test Loss: 0.2473853
Validation loss decreased (0.565666 --> 0.561362).  Saving model ...
Updating learning rate to 2.824295364810001e-05
	iters: 100, epoch: 16 | loss: 0.5101416
	speed: 0.2942s/iter; left time: 7072.2608s
	iters: 200, epoch: 16 | loss: 0.4822541
	speed: 0.1273s/iter; left time: 3048.3620s
Epoch: 16 cost time: 36.15356922149658
Epoch: 16, Steps: 284 | Train Loss: 0.5758538 Vali Loss: 0.5573219 Test Loss: 0.2462099
Validation loss decreased (0.561362 --> 0.557322).  Saving model ...
Updating learning rate to 2.541865828329001e-05
	iters: 100, epoch: 17 | loss: 0.4634120
	speed: 0.2942s/iter; left time: 6988.9539s
	iters: 200, epoch: 17 | loss: 0.5627590
	speed: 0.1273s/iter; left time: 3012.3457s
Epoch: 17 cost time: 36.15288496017456
Epoch: 17, Steps: 284 | Train Loss: 0.5726387 Vali Loss: 0.5559655 Test Loss: 0.2451105
Validation loss decreased (0.557322 --> 0.555966).  Saving model ...
Updating learning rate to 2.287679245496101e-05
	iters: 100, epoch: 18 | loss: 0.5136840
	speed: 0.2943s/iter; left time: 6907.2798s
	iters: 200, epoch: 18 | loss: 0.4950870
	speed: 0.1273s/iter; left time: 2976.0425s
Epoch: 18 cost time: 36.152183532714844
Epoch: 18, Steps: 284 | Train Loss: 0.5698163 Vali Loss: 0.5519058 Test Loss: 0.2441450
Validation loss decreased (0.555966 --> 0.551906).  Saving model ...
Updating learning rate to 2.0589113209464907e-05
	iters: 100, epoch: 19 | loss: 0.5437232
	speed: 0.2944s/iter; left time: 6826.2079s
	iters: 200, epoch: 19 | loss: 0.7396288
	speed: 0.1273s/iter; left time: 2939.6518s
Epoch: 19 cost time: 36.14855074882507
Epoch: 19, Steps: 284 | Train Loss: 0.5668175 Vali Loss: 0.5514541 Test Loss: 0.2432449
Validation loss decreased (0.551906 --> 0.551454).  Saving model ...
Updating learning rate to 1.8530201888518416e-05
	iters: 100, epoch: 20 | loss: 0.4897373
	speed: 0.2941s/iter; left time: 6736.3826s
	iters: 200, epoch: 20 | loss: 0.5844694
	speed: 0.1273s/iter; left time: 2902.6253s
Epoch: 20 cost time: 36.14669346809387
Epoch: 20, Steps: 284 | Train Loss: 0.5650370 Vali Loss: 0.5489076 Test Loss: 0.2424678
Validation loss decreased (0.551454 --> 0.548908).  Saving model ...
Updating learning rate to 1.6677181699666577e-05
	iters: 100, epoch: 21 | loss: 0.6036339
	speed: 0.2943s/iter; left time: 6657.6444s
	iters: 200, epoch: 21 | loss: 0.5651570
	speed: 0.1273s/iter; left time: 2867.7084s
Epoch: 21 cost time: 36.15385556221008
Epoch: 21, Steps: 284 | Train Loss: 0.5629901 Vali Loss: 0.5475785 Test Loss: 0.2417494
Validation loss decreased (0.548908 --> 0.547579).  Saving model ...
Updating learning rate to 1.5009463529699919e-05
	iters: 100, epoch: 22 | loss: 0.4648451
	speed: 0.2942s/iter; left time: 6571.9483s
	iters: 200, epoch: 22 | loss: 0.4690712
	speed: 0.1273s/iter; left time: 2830.1054s
Epoch: 22 cost time: 36.13795447349548
Epoch: 22, Steps: 284 | Train Loss: 0.5612163 Vali Loss: 0.5462312 Test Loss: 0.2411062
Validation loss decreased (0.547579 --> 0.546231).  Saving model ...
Updating learning rate to 1.3508517176729929e-05
	iters: 100, epoch: 23 | loss: 0.7267868
	speed: 0.2940s/iter; left time: 6483.9483s
	iters: 200, epoch: 23 | loss: 0.4948929
	speed: 0.1272s/iter; left time: 2793.2013s
Epoch: 23 cost time: 36.13227915763855
Epoch: 23, Steps: 284 | Train Loss: 0.5595909 Vali Loss: 0.5430639 Test Loss: 0.2405304
Validation loss decreased (0.546231 --> 0.543064).  Saving model ...
Updating learning rate to 1.2157665459056936e-05
	iters: 100, epoch: 24 | loss: 0.4584599
	speed: 0.2941s/iter; left time: 6402.6379s
	iters: 200, epoch: 24 | loss: 0.5012758
	speed: 0.1272s/iter; left time: 2757.0552s
Epoch: 24 cost time: 36.132203102111816
Epoch: 24, Steps: 284 | Train Loss: 0.5582288 Vali Loss: 0.5437155 Test Loss: 0.2400169
EarlyStopping counter: 1 out of 20
Updating learning rate to 1.0941898913151242e-05
	iters: 100, epoch: 25 | loss: 0.4727783
	speed: 0.2936s/iter; left time: 6307.9896s
	iters: 200, epoch: 25 | loss: 0.4889067
	speed: 0.1272s/iter; left time: 2720.4737s
Epoch: 25 cost time: 36.12927293777466
Epoch: 25, Steps: 284 | Train Loss: 0.5567735 Vali Loss: 0.5416865 Test Loss: 0.2395475
Validation loss decreased (0.543064 --> 0.541687).  Saving model ...
Updating learning rate to 9.847709021836118e-06
	iters: 100, epoch: 26 | loss: 0.4768012
	speed: 0.2940s/iter; left time: 6232.6750s
	iters: 200, epoch: 26 | loss: 0.5445753
	speed: 0.1272s/iter; left time: 2683.5734s
Epoch: 26 cost time: 36.12465810775757
Epoch: 26, Steps: 284 | Train Loss: 0.5553641 Vali Loss: 0.5403722 Test Loss: 0.2391351
Validation loss decreased (0.541687 --> 0.540372).  Saving model ...
Updating learning rate to 8.862938119652508e-06
	iters: 100, epoch: 27 | loss: 0.5943208
	speed: 0.2941s/iter; left time: 6152.2324s
	iters: 200, epoch: 27 | loss: 0.4441509
	speed: 0.1272s/iter; left time: 2647.8337s
Epoch: 27 cost time: 36.12983274459839
Epoch: 27, Steps: 284 | Train Loss: 0.5547807 Vali Loss: 0.5375923 Test Loss: 0.2387665
Validation loss decreased (0.540372 --> 0.537592).  Saving model ...
Updating learning rate to 7.976644307687255e-06
	iters: 100, epoch: 28 | loss: 0.5015479
	speed: 0.2938s/iter; left time: 6060.9594s
	iters: 200, epoch: 28 | loss: 0.5115452
	speed: 0.1272s/iter; left time: 2611.9512s
Epoch: 28 cost time: 36.14531373977661
Epoch: 28, Steps: 284 | Train Loss: 0.5537676 Vali Loss: 0.5389155 Test Loss: 0.2384220
EarlyStopping counter: 1 out of 20
Updating learning rate to 7.178979876918531e-06
	iters: 100, epoch: 29 | loss: 0.6833125
	speed: 0.2960s/iter; left time: 6024.0250s
	iters: 200, epoch: 29 | loss: 0.6026061
	speed: 0.1275s/iter; left time: 2581.6660s
Epoch: 29 cost time: 36.2106397151947
Epoch: 29, Steps: 284 | Train Loss: 0.5529723 Vali Loss: 0.5344686 Test Loss: 0.2381397
Validation loss decreased (0.537592 --> 0.534469).  Saving model ...
Updating learning rate to 6.4610818892266776e-06
	iters: 100, epoch: 30 | loss: 0.4497566
	speed: 0.2962s/iter; left time: 5942.9544s
	iters: 200, epoch: 30 | loss: 0.5791829
	speed: 0.1274s/iter; left time: 2544.2313s
Epoch: 30 cost time: 36.20286965370178
Epoch: 30, Steps: 284 | Train Loss: 0.5522460 Vali Loss: 0.5380270 Test Loss: 0.2378591
EarlyStopping counter: 1 out of 20
Updating learning rate to 5.8149737003040096e-06
	iters: 100, epoch: 31 | loss: 0.4886404
	speed: 0.2957s/iter; left time: 5849.8446s
	iters: 200, epoch: 31 | loss: 0.4925292
	speed: 0.1274s/iter; left time: 2508.2806s
Epoch: 31 cost time: 36.21317911148071
Epoch: 31, Steps: 284 | Train Loss: 0.5515740 Vali Loss: 0.5364011 Test Loss: 0.2376154
EarlyStopping counter: 2 out of 20
Updating learning rate to 5.23347633027361e-06
	iters: 100, epoch: 32 | loss: 0.4066021
	speed: 0.2954s/iter; left time: 5759.4589s
	iters: 200, epoch: 32 | loss: 0.4591862
	speed: 0.1272s/iter; left time: 2466.6865s
Epoch: 32 cost time: 36.13254427909851
Epoch: 32, Steps: 284 | Train Loss: 0.5510201 Vali Loss: 0.5372007 Test Loss: 0.2373848
EarlyStopping counter: 3 out of 20
Updating learning rate to 4.710128697246249e-06
	iters: 100, epoch: 33 | loss: 0.4486483
	speed: 0.2937s/iter; left time: 5642.6600s
	iters: 200, epoch: 33 | loss: 0.4199053
	speed: 0.1272s/iter; left time: 2431.5100s
Epoch: 33 cost time: 36.13340663909912
Epoch: 33, Steps: 284 | Train Loss: 0.5504968 Vali Loss: 0.5362555 Test Loss: 0.2371761
EarlyStopping counter: 4 out of 20
Updating learning rate to 4.239115827521624e-06
	iters: 100, epoch: 34 | loss: 0.4999165
	speed: 0.2935s/iter; left time: 5556.2522s
	iters: 200, epoch: 34 | loss: 0.4878771
	speed: 0.1272s/iter; left time: 2394.4379s
Epoch: 34 cost time: 36.12773680686951
Epoch: 34, Steps: 284 | Train Loss: 0.5500677 Vali Loss: 0.5366177 Test Loss: 0.2370042
EarlyStopping counter: 5 out of 20
Updating learning rate to 3.815204244769462e-06
	iters: 100, epoch: 35 | loss: 0.5581366
	speed: 0.2933s/iter; left time: 5468.9527s
	iters: 200, epoch: 35 | loss: 0.5311889
	speed: 0.1272s/iter; left time: 2358.4298s
Epoch: 35 cost time: 36.13101887702942
Epoch: 35, Steps: 284 | Train Loss: 0.5495182 Vali Loss: 0.5343819 Test Loss: 0.2368384
Validation loss decreased (0.534469 --> 0.534382).  Saving model ...
Updating learning rate to 3.4336838202925152e-06
	iters: 100, epoch: 36 | loss: 0.4287356
	speed: 0.2943s/iter; left time: 5404.0207s
	iters: 200, epoch: 36 | loss: 0.5774452
	speed: 0.1272s/iter; left time: 2322.7136s
Epoch: 36 cost time: 36.1277642250061
Epoch: 36, Steps: 284 | Train Loss: 0.5492737 Vali Loss: 0.5328591 Test Loss: 0.2366999
Validation loss decreased (0.534382 --> 0.532859).  Saving model ...
Updating learning rate to 3.090315438263264e-06
	iters: 100, epoch: 37 | loss: 0.5672703
	speed: 0.2940s/iter; left time: 5315.4464s
	iters: 200, epoch: 37 | loss: 0.5927269
	speed: 0.1272s/iter; left time: 2285.9291s
Epoch: 37 cost time: 36.12660264968872
Epoch: 37, Steps: 284 | Train Loss: 0.5488951 Vali Loss: 0.5313119 Test Loss: 0.2365698
Validation loss decreased (0.532859 --> 0.531312).  Saving model ...
Updating learning rate to 2.7812838944369375e-06
	iters: 100, epoch: 38 | loss: 0.5835510
	speed: 0.2939s/iter; left time: 5228.8165s
	iters: 200, epoch: 38 | loss: 0.5515906
	speed: 0.1272s/iter; left time: 2250.7650s
Epoch: 38 cost time: 36.13582944869995
Epoch: 38, Steps: 284 | Train Loss: 0.5485884 Vali Loss: 0.5339170 Test Loss: 0.2364581
EarlyStopping counter: 1 out of 20
Updating learning rate to 2.503155504993244e-06
	iters: 100, epoch: 39 | loss: 0.6391242
	speed: 0.2937s/iter; left time: 5142.1227s
	iters: 200, epoch: 39 | loss: 0.5760640
	speed: 0.1272s/iter; left time: 2214.6730s
Epoch: 39 cost time: 36.140915393829346
Epoch: 39, Steps: 284 | Train Loss: 0.5483115 Vali Loss: 0.5320523 Test Loss: 0.2363483
EarlyStopping counter: 2 out of 20
Updating learning rate to 2.2528399544939195e-06
	iters: 100, epoch: 40 | loss: 0.4936373
	speed: 0.2931s/iter; left time: 5048.6156s
	iters: 200, epoch: 40 | loss: 0.4393919
	speed: 0.1273s/iter; left time: 2179.9634s
Epoch: 40 cost time: 36.14738392829895
Epoch: 40, Steps: 284 | Train Loss: 0.5479774 Vali Loss: 0.5317380 Test Loss: 0.2362458
EarlyStopping counter: 3 out of 20
Updating learning rate to 2.0275559590445276e-06
	iters: 100, epoch: 41 | loss: 0.4600308
	speed: 0.2938s/iter; left time: 4976.6920s
	iters: 200, epoch: 41 | loss: 0.7159316
	speed: 0.1273s/iter; left time: 2144.4069s
Epoch: 41 cost time: 36.14983320236206
Epoch: 41, Steps: 284 | Train Loss: 0.5477922 Vali Loss: 0.5348638 Test Loss: 0.2361613
EarlyStopping counter: 4 out of 20
Updating learning rate to 1.8248003631400751e-06
	iters: 100, epoch: 42 | loss: 0.8203567
	speed: 0.2937s/iter; left time: 4892.7726s
	iters: 200, epoch: 42 | loss: 0.5122700
	speed: 0.1273s/iter; left time: 2107.8333s
Epoch: 42 cost time: 36.14305233955383
Epoch: 42, Steps: 284 | Train Loss: 0.5476120 Vali Loss: 0.5318936 Test Loss: 0.2360835
EarlyStopping counter: 5 out of 20
Updating learning rate to 1.6423203268260676e-06
	iters: 100, epoch: 43 | loss: 0.7053675
	speed: 0.2933s/iter; left time: 4802.8367s
	iters: 200, epoch: 43 | loss: 0.4991916
	speed: 0.1273s/iter; left time: 2071.3799s
Epoch: 43 cost time: 36.13910722732544
Epoch: 43, Steps: 284 | Train Loss: 0.5474735 Vali Loss: 0.5329578 Test Loss: 0.2360226
EarlyStopping counter: 6 out of 20
Updating learning rate to 1.4780882941434609e-06
	iters: 100, epoch: 44 | loss: 0.6645530
	speed: 0.2931s/iter; left time: 4715.5982s
	iters: 200, epoch: 44 | loss: 0.4283544
	speed: 0.1273s/iter; left time: 2035.8781s
Epoch: 44 cost time: 36.14732122421265
Epoch: 44, Steps: 284 | Train Loss: 0.5473564 Vali Loss: 0.5317736 Test Loss: 0.2359626
EarlyStopping counter: 7 out of 20
Updating learning rate to 1.3302794647291146e-06
	iters: 100, epoch: 45 | loss: 0.4401187
	speed: 0.2933s/iter; left time: 4635.4149s
	iters: 200, epoch: 45 | loss: 0.8208098
	speed: 0.1273s/iter; left time: 1998.9149s
Epoch: 45 cost time: 36.134461641311646
Epoch: 45, Steps: 284 | Train Loss: 0.5471828 Vali Loss: 0.5336314 Test Loss: 0.2358991
EarlyStopping counter: 8 out of 20
Updating learning rate to 1.1972515182562034e-06
	iters: 100, epoch: 46 | loss: 0.5653747
	speed: 0.2934s/iter; left time: 4553.7743s
	iters: 200, epoch: 46 | loss: 0.5863145
	speed: 0.1273s/iter; left time: 1963.1847s
Epoch: 46 cost time: 36.14470601081848
Epoch: 46, Steps: 284 | Train Loss: 0.5469883 Vali Loss: 0.5327947 Test Loss: 0.2358525
EarlyStopping counter: 9 out of 20
Updating learning rate to 1.077526366430583e-06
	iters: 100, epoch: 47 | loss: 0.6676638
	speed: 0.2931s/iter; left time: 4465.7655s
	iters: 200, epoch: 47 | loss: 0.6850027
	speed: 0.1273s/iter; left time: 1927.1861s
Epoch: 47 cost time: 36.144290924072266
Epoch: 47, Steps: 284 | Train Loss: 0.5468725 Vali Loss: 0.5308703 Test Loss: 0.2358167
Validation loss decreased (0.531312 --> 0.530870).  Saving model ...
Updating learning rate to 9.697737297875248e-07
	iters: 100, epoch: 48 | loss: 0.7040223
	speed: 0.2939s/iter; left time: 4394.2184s
	iters: 200, epoch: 48 | loss: 0.7349619
	speed: 0.1273s/iter; left time: 1891.0084s
Epoch: 48 cost time: 36.141369104385376
Epoch: 48, Steps: 284 | Train Loss: 0.5468046 Vali Loss: 0.5305194 Test Loss: 0.2357626
Validation loss decreased (0.530870 --> 0.530519).  Saving model ...
Updating learning rate to 8.727963568087723e-07
	iters: 100, epoch: 49 | loss: 0.5711025
	speed: 0.2938s/iter; left time: 4310.3678s
	iters: 200, epoch: 49 | loss: 0.6407759
	speed: 0.1273s/iter; left time: 1854.5001s
Epoch: 49 cost time: 36.143423318862915
Epoch: 49, Steps: 284 | Train Loss: 0.5466712 Vali Loss: 0.5311896 Test Loss: 0.2357369
EarlyStopping counter: 1 out of 20
Updating learning rate to 7.855167211278951e-07
	iters: 100, epoch: 50 | loss: 0.8070272
	speed: 0.2931s/iter; left time: 4216.0580s
	iters: 200, epoch: 50 | loss: 0.4508717
	speed: 0.1273s/iter; left time: 1817.8727s
Epoch: 50 cost time: 36.1398651599884
Epoch: 50, Steps: 284 | Train Loss: 0.5462559 Vali Loss: 0.5320760 Test Loss: 0.2357023
EarlyStopping counter: 2 out of 20
Updating learning rate to 7.069650490151056e-07
	iters: 100, epoch: 51 | loss: 0.5323609
	speed: 0.2935s/iter; left time: 4138.6624s
	iters: 200, epoch: 51 | loss: 0.4539715
	speed: 0.1272s/iter; left time: 1781.6008s
Epoch: 51 cost time: 36.145955324172974
Epoch: 51, Steps: 284 | Train Loss: 0.5465085 Vali Loss: 0.5302587 Test Loss: 0.2356735
Validation loss decreased (0.530519 --> 0.530259).  Saving model ...
Updating learning rate to 6.36268544113595e-07
	iters: 100, epoch: 52 | loss: 0.4401470
	speed: 0.2942s/iter; left time: 4065.1238s
	iters: 200, epoch: 52 | loss: 0.4958839
	speed: 0.1273s/iter; left time: 1745.5103s
Epoch: 52 cost time: 36.14537334442139
Epoch: 52, Steps: 284 | Train Loss: 0.5465301 Vali Loss: 0.5322175 Test Loss: 0.2356402
EarlyStopping counter: 1 out of 20
Updating learning rate to 5.726416897022355e-07
	iters: 100, epoch: 53 | loss: 0.5613459
	speed: 0.2936s/iter; left time: 3973.3850s
	iters: 200, epoch: 53 | loss: 0.5545288
	speed: 0.1272s/iter; left time: 1708.9840s
Epoch: 53 cost time: 36.142632484436035
Epoch: 53, Steps: 284 | Train Loss: 0.5464348 Vali Loss: 0.5324842 Test Loss: 0.2356197
EarlyStopping counter: 2 out of 20
Updating learning rate to 5.15377520732012e-07
	iters: 100, epoch: 54 | loss: 0.6021998
	speed: 0.2938s/iter; left time: 3892.5229s
	iters: 200, epoch: 54 | loss: 0.5397642
	speed: 0.1272s/iter; left time: 1672.6166s
Epoch: 54 cost time: 36.140663862228394
Epoch: 54, Steps: 284 | Train Loss: 0.5462995 Vali Loss: 0.5306738 Test Loss: 0.2355965
EarlyStopping counter: 3 out of 20
Updating learning rate to 4.6383976865881085e-07
	iters: 100, epoch: 55 | loss: 0.5085790
	speed: 0.2939s/iter; left time: 3810.1603s
	iters: 200, epoch: 55 | loss: 0.4539655
	speed: 0.1272s/iter; left time: 1636.7546s
Epoch: 55 cost time: 36.14160442352295
Epoch: 55, Steps: 284 | Train Loss: 0.5462882 Vali Loss: 0.5311009 Test Loss: 0.2355833
EarlyStopping counter: 4 out of 20
Updating learning rate to 4.174557917929298e-07
	iters: 100, epoch: 56 | loss: 0.5040349
	speed: 0.2937s/iter; left time: 3724.1263s
	iters: 200, epoch: 56 | loss: 0.4558879
	speed: 0.1272s/iter; left time: 1600.6593s
Epoch: 56 cost time: 36.14167094230652
Epoch: 56, Steps: 284 | Train Loss: 0.5462295 Vali Loss: 0.5287461 Test Loss: 0.2355693
Validation loss decreased (0.530259 --> 0.528746).  Saving model ...
Updating learning rate to 3.7571021261363677e-07
	iters: 100, epoch: 57 | loss: 0.4634724
	speed: 0.2944s/iter; left time: 3649.7353s
	iters: 200, epoch: 57 | loss: 0.5294611
	speed: 0.1273s/iter; left time: 1564.9248s
Epoch: 57 cost time: 36.15427803993225
Epoch: 57, Steps: 284 | Train Loss: 0.5461853 Vali Loss: 0.5300142 Test Loss: 0.2355490
EarlyStopping counter: 1 out of 20
Updating learning rate to 3.381391913522731e-07
	iters: 100, epoch: 58 | loss: 0.5620571
	speed: 0.2937s/iter; left time: 3557.6753s
	iters: 200, epoch: 58 | loss: 0.6868003
	speed: 0.1273s/iter; left time: 1529.2085s
Epoch: 58 cost time: 36.15798568725586
Epoch: 58, Steps: 284 | Train Loss: 0.5462300 Vali Loss: 0.5299265 Test Loss: 0.2355297
EarlyStopping counter: 2 out of 20
Updating learning rate to 3.043252722170458e-07
	iters: 100, epoch: 59 | loss: 0.4489143
	speed: 0.2940s/iter; left time: 3477.2113s
	iters: 200, epoch: 59 | loss: 0.4480975
	speed: 0.1273s/iter; left time: 1493.4212s
Epoch: 59 cost time: 36.16251349449158
Epoch: 59, Steps: 284 | Train Loss: 0.5461508 Vali Loss: 0.5336914 Test Loss: 0.2355086
EarlyStopping counter: 3 out of 20
Updating learning rate to 2.7389274499534124e-07
	iters: 100, epoch: 60 | loss: 0.4529791
	speed: 0.2940s/iter; left time: 3394.1686s
	iters: 200, epoch: 60 | loss: 0.6867939
	speed: 0.1273s/iter; left time: 1456.7652s
Epoch: 60 cost time: 36.15988302230835
Epoch: 60, Steps: 284 | Train Loss: 0.5460891 Vali Loss: 0.5300772 Test Loss: 0.2355112
EarlyStopping counter: 4 out of 20
Updating learning rate to 2.465034704958071e-07
	iters: 100, epoch: 61 | loss: 0.4907494
	speed: 0.2942s/iter; left time: 3312.5235s
	iters: 200, epoch: 61 | loss: 0.6621423
	speed: 0.1274s/iter; left time: 1422.1067s
Epoch: 61 cost time: 36.18036651611328
Epoch: 61, Steps: 284 | Train Loss: 0.5460455 Vali Loss: 0.5319644 Test Loss: 0.2355103
EarlyStopping counter: 5 out of 20
Updating learning rate to 2.218531234462264e-07
	iters: 100, epoch: 62 | loss: 0.4532899
	speed: 0.2944s/iter; left time: 3232.1378s
	iters: 200, epoch: 62 | loss: 0.6722898
	speed: 0.1274s/iter; left time: 1385.3505s
Epoch: 62 cost time: 36.18233108520508
Epoch: 62, Steps: 284 | Train Loss: 0.5461300 Vali Loss: 0.5327992 Test Loss: 0.2354899
EarlyStopping counter: 6 out of 20
Updating learning rate to 1.9966781110160376e-07
	iters: 100, epoch: 63 | loss: 0.5077162
	speed: 0.2946s/iter; left time: 3149.6571s
	iters: 200, epoch: 63 | loss: 0.5666845
	speed: 0.1274s/iter; left time: 1349.9221s
Epoch: 63 cost time: 36.1950843334198
Epoch: 63, Steps: 284 | Train Loss: 0.5459806 Vali Loss: 0.5307032 Test Loss: 0.2354802
EarlyStopping counter: 7 out of 20
Updating learning rate to 1.797010299914434e-07
	iters: 100, epoch: 64 | loss: 0.4884307
	speed: 0.2943s/iter; left time: 3063.1326s
	iters: 200, epoch: 64 | loss: 0.6197031
	speed: 0.1274s/iter; left time: 1313.5348s
Epoch: 64 cost time: 36.18738102912903
Epoch: 64, Steps: 284 | Train Loss: 0.5460328 Vali Loss: 0.5323550 Test Loss: 0.2354721
EarlyStopping counter: 8 out of 20
Updating learning rate to 1.6173092699229907e-07
	iters: 100, epoch: 65 | loss: 0.5445558
	speed: 0.2946s/iter; left time: 2982.4055s
	iters: 200, epoch: 65 | loss: 0.5513679
	speed: 0.1278s/iter; left time: 1280.8626s
Epoch: 65 cost time: 36.28200340270996
Epoch: 65, Steps: 284 | Train Loss: 0.5459934 Vali Loss: 0.5285319 Test Loss: 0.2354696
Validation loss decreased (0.528746 --> 0.528532).  Saving model ...
Updating learning rate to 1.4555783429306916e-07
	iters: 100, epoch: 66 | loss: 0.4552207
	speed: 0.2970s/iter; left time: 2923.1451s
	iters: 200, epoch: 66 | loss: 0.4710066
	speed: 0.1277s/iter; left time: 1243.7899s
Epoch: 66 cost time: 36.27713131904602
Epoch: 66, Steps: 284 | Train Loss: 0.5459716 Vali Loss: 0.5297747 Test Loss: 0.2354639
EarlyStopping counter: 1 out of 20
Updating learning rate to 1.3100205086376224e-07
	iters: 100, epoch: 67 | loss: 0.5466564
	speed: 0.2963s/iter; left time: 2831.5533s
	iters: 200, epoch: 67 | loss: 0.6167881
	speed: 0.1277s/iter; left time: 1207.4780s
Epoch: 67 cost time: 36.27811050415039
Epoch: 67, Steps: 284 | Train Loss: 0.5459534 Vali Loss: 0.5317140 Test Loss: 0.2354649
EarlyStopping counter: 2 out of 20
Updating learning rate to 1.1790184577738603e-07
	iters: 100, epoch: 68 | loss: 0.5874982
	speed: 0.2963s/iter; left time: 2747.2910s
	iters: 200, epoch: 68 | loss: 0.6075368
	speed: 0.1277s/iter; left time: 1171.0546s
Epoch: 68 cost time: 36.275102376937866
Epoch: 68, Steps: 284 | Train Loss: 0.5459783 Vali Loss: 0.5282226 Test Loss: 0.2354545
Validation loss decreased (0.528532 --> 0.528223).  Saving model ...
Updating learning rate to 1.0611166119964742e-07
	iters: 100, epoch: 69 | loss: 0.5768793
	speed: 0.2968s/iter; left time: 2668.2483s
	iters: 200, epoch: 69 | loss: 0.6008216
	speed: 0.1278s/iter; left time: 1135.7817s
Epoch: 69 cost time: 36.30055499076843
Epoch: 69, Steps: 284 | Train Loss: 0.5458899 Vali Loss: 0.5318332 Test Loss: 0.2354489
EarlyStopping counter: 1 out of 20
Updating learning rate to 9.550049507968268e-08
	iters: 100, epoch: 70 | loss: 0.6082133
	speed: 0.2948s/iter; left time: 2566.0330s
	iters: 200, epoch: 70 | loss: 0.4297516
	speed: 0.1278s/iter; left time: 1099.3669s
Epoch: 70 cost time: 36.29843544960022
Epoch: 70, Steps: 284 | Train Loss: 0.5459517 Vali Loss: 0.5283458 Test Loss: 0.2354447
EarlyStopping counter: 2 out of 20
Updating learning rate to 8.595044557171442e-08
	iters: 100, epoch: 71 | loss: 0.6586846
	speed: 0.2949s/iter; left time: 2483.1046s
	iters: 200, epoch: 71 | loss: 0.4147677
	speed: 0.1278s/iter; left time: 1063.0286s
Epoch: 71 cost time: 36.29246759414673
Epoch: 71, Steps: 284 | Train Loss: 0.5458370 Vali Loss: 0.5285935 Test Loss: 0.2354375
EarlyStopping counter: 3 out of 20
Updating learning rate to 7.735540101454298e-08
	iters: 100, epoch: 72 | loss: 0.3913526
	speed: 0.2945s/iter; left time: 2396.4336s
	iters: 200, epoch: 72 | loss: 0.4699973
	speed: 0.1277s/iter; left time: 1026.4307s
Epoch: 72 cost time: 36.27824807167053
Epoch: 72, Steps: 284 | Train Loss: 0.5459417 Vali Loss: 0.5284089 Test Loss: 0.2354354
EarlyStopping counter: 4 out of 20
Updating learning rate to 6.961986091308869e-08
	iters: 100, epoch: 73 | loss: 0.5304852
	speed: 0.2949s/iter; left time: 2315.5978s
	iters: 200, epoch: 73 | loss: 0.5250291
	speed: 0.1277s/iter; left time: 989.9860s
Epoch: 73 cost time: 36.28090262413025
Epoch: 73, Steps: 284 | Train Loss: 0.5458455 Vali Loss: 0.5302389 Test Loss: 0.2354368
EarlyStopping counter: 5 out of 20
Updating learning rate to 6.265787482177981e-08
	iters: 100, epoch: 74 | loss: 0.4835256
	speed: 0.2945s/iter; left time: 2229.1113s
	iters: 200, epoch: 74 | loss: 0.4768670
	speed: 0.1277s/iter; left time: 953.6176s
Epoch: 74 cost time: 36.2710907459259
Epoch: 74, Steps: 284 | Train Loss: 0.5459494 Vali Loss: 0.5282630 Test Loss: 0.2354298
EarlyStopping counter: 6 out of 20
Updating learning rate to 5.639208733960184e-08
	iters: 100, epoch: 75 | loss: 0.5925002
	speed: 0.2944s/iter; left time: 2144.8271s
	iters: 200, epoch: 75 | loss: 0.7066672
	speed: 0.1277s/iter; left time: 917.8028s
Epoch: 75 cost time: 36.282326459884644
Epoch: 75, Steps: 284 | Train Loss: 0.5459598 Vali Loss: 0.5291843 Test Loss: 0.2354387
EarlyStopping counter: 7 out of 20
Updating learning rate to 5.075287860564165e-08
	iters: 100, epoch: 76 | loss: 0.6163394
	speed: 0.2944s/iter; left time: 2061.1110s
	iters: 200, epoch: 76 | loss: 0.4760475
	speed: 0.1277s/iter; left time: 881.4955s
Epoch: 76 cost time: 36.27419900894165
Epoch: 76, Steps: 284 | Train Loss: 0.5459349 Vali Loss: 0.5293993 Test Loss: 0.2354360
EarlyStopping counter: 8 out of 20
Updating learning rate to 4.567759074507749e-08
	iters: 100, epoch: 77 | loss: 0.6825406
	speed: 0.2943s/iter; left time: 1976.9116s
	iters: 200, epoch: 77 | loss: 0.5880679
	speed: 0.1277s/iter; left time: 845.1405s
Epoch: 77 cost time: 36.26991057395935
Epoch: 77, Steps: 284 | Train Loss: 0.5459562 Vali Loss: 0.5299087 Test Loss: 0.2354355
EarlyStopping counter: 9 out of 20
Updating learning rate to 4.1109831670569744e-08
	iters: 100, epoch: 78 | loss: 0.6264197
	speed: 0.2947s/iter; left time: 1895.8573s
	iters: 200, epoch: 78 | loss: 0.5256649
	speed: 0.1277s/iter; left time: 808.6493s
Epoch: 78 cost time: 36.25914192199707
Epoch: 78, Steps: 284 | Train Loss: 0.5458768 Vali Loss: 0.5299210 Test Loss: 0.2354362
EarlyStopping counter: 10 out of 20
Updating learning rate to 3.6998848503512764e-08
	iters: 100, epoch: 79 | loss: 0.4659806
	speed: 0.2943s/iter; left time: 1809.5147s
	iters: 200, epoch: 79 | loss: 0.4884103
	speed: 0.1278s/iter; left time: 773.2079s
Epoch: 79 cost time: 36.271339654922485
Epoch: 79, Steps: 284 | Train Loss: 0.5458656 Vali Loss: 0.5310136 Test Loss: 0.2354345
EarlyStopping counter: 11 out of 20
Updating learning rate to 3.3298963653161496e-08
	iters: 100, epoch: 80 | loss: 0.4877351
	speed: 0.2946s/iter; left time: 1727.8616s
	iters: 200, epoch: 80 | loss: 0.5391998
	speed: 0.1277s/iter; left time: 736.2122s
Epoch: 80 cost time: 36.262890100479126
Epoch: 80, Steps: 284 | Train Loss: 0.5459455 Vali Loss: 0.5276568 Test Loss: 0.2354353
Validation loss decreased (0.528223 --> 0.527657).  Saving model ...
Updating learning rate to 2.996906728784534e-08
	iters: 100, epoch: 81 | loss: 0.4489390
	speed: 0.2952s/iter; left time: 1647.5555s
	iters: 200, epoch: 81 | loss: 0.5277611
	speed: 0.1277s/iter; left time: 699.9019s
Epoch: 81 cost time: 36.256481885910034
Epoch: 81, Steps: 284 | Train Loss: 0.5458871 Vali Loss: 0.5301263 Test Loss: 0.2354324
EarlyStopping counter: 1 out of 20
Updating learning rate to 2.697216055906081e-08
	iters: 100, epoch: 82 | loss: 0.4621906
	speed: 0.2944s/iter; left time: 1559.2703s
	iters: 200, epoch: 82 | loss: 0.4400244
	speed: 0.1278s/iter; left time: 663.9543s
Epoch: 82 cost time: 36.26300930976868
Epoch: 82, Steps: 284 | Train Loss: 0.5459343 Vali Loss: 0.5319000 Test Loss: 0.2354207
EarlyStopping counter: 2 out of 20
Updating learning rate to 2.427494450315473e-08
	iters: 100, epoch: 83 | loss: 0.4252651
	speed: 0.2942s/iter; left time: 1474.9280s
	iters: 200, epoch: 83 | loss: 0.5474616
	speed: 0.1277s/iter; left time: 627.5478s
Epoch: 83 cost time: 36.26033616065979
Epoch: 83, Steps: 284 | Train Loss: 0.5458510 Vali Loss: 0.5300044 Test Loss: 0.2354224
EarlyStopping counter: 3 out of 20
Updating learning rate to 2.1847450052839257e-08
	iters: 100, epoch: 84 | loss: 0.5662798
	speed: 0.2946s/iter; left time: 1393.3275s
	iters: 200, epoch: 84 | loss: 0.5335263
	speed: 0.1277s/iter; left time: 591.2450s
Epoch: 84 cost time: 36.2701690196991
Epoch: 84, Steps: 284 | Train Loss: 0.5459098 Vali Loss: 0.5319440 Test Loss: 0.2354206
EarlyStopping counter: 4 out of 20
Updating learning rate to 1.9662705047555332e-08
	iters: 100, epoch: 85 | loss: 0.6443511
	speed: 0.2945s/iter; left time: 1308.8593s
	iters: 200, epoch: 85 | loss: 0.5097573
	speed: 0.1277s/iter; left time: 555.0002s
Epoch: 85 cost time: 36.26074409484863
Epoch: 85, Steps: 284 | Train Loss: 0.5459253 Vali Loss: 0.5290125 Test Loss: 0.2354294
EarlyStopping counter: 5 out of 20
Updating learning rate to 1.7696434542799797e-08
	iters: 100, epoch: 86 | loss: 0.6359162
	speed: 0.2945s/iter; left time: 1225.4012s
	iters: 200, epoch: 86 | loss: 0.5439474
	speed: 0.1277s/iter; left time: 518.4746s
Epoch: 86 cost time: 36.25017833709717
Epoch: 86, Steps: 284 | Train Loss: 0.5458405 Vali Loss: 0.5322340 Test Loss: 0.2354221
EarlyStopping counter: 6 out of 20
Updating learning rate to 1.5926791088519817e-08
	iters: 100, epoch: 87 | loss: 0.4237602
	speed: 0.2943s/iter; left time: 1140.8144s
	iters: 200, epoch: 87 | loss: 0.6991901
	speed: 0.1277s/iter; left time: 482.1902s
Epoch: 87 cost time: 36.24839425086975
Epoch: 87, Steps: 284 | Train Loss: 0.5459168 Vali Loss: 0.5302325 Test Loss: 0.2354350
EarlyStopping counter: 7 out of 20
Updating learning rate to 1.4334111979667836e-08
	iters: 100, epoch: 88 | loss: 0.4553170
	speed: 0.2940s/iter; left time: 1056.4995s
	iters: 200, epoch: 88 | loss: 0.4591522
	speed: 0.1277s/iter; left time: 446.0569s
Epoch: 88 cost time: 36.26072978973389
Epoch: 88, Steps: 284 | Train Loss: 0.5458966 Vali Loss: 0.5310065 Test Loss: 0.2354259
EarlyStopping counter: 8 out of 20
Updating learning rate to 1.2900700781701054e-08
	iters: 100, epoch: 89 | loss: 0.5025890
	speed: 0.2945s/iter; left time: 974.6503s
	iters: 200, epoch: 89 | loss: 0.4549448
	speed: 0.1277s/iter; left time: 409.7488s
Epoch: 89 cost time: 36.26173257827759
Epoch: 89, Steps: 284 | Train Loss: 0.5458468 Vali Loss: 0.5277588 Test Loss: 0.2354336
EarlyStopping counter: 9 out of 20
Updating learning rate to 1.161063070353095e-08
	iters: 100, epoch: 90 | loss: 0.4415288
	speed: 0.2941s/iter; left time: 889.5148s
	iters: 200, epoch: 90 | loss: 0.5380870
	speed: 0.1276s/iter; left time: 373.1409s
Epoch: 90 cost time: 36.24392127990723
Epoch: 90, Steps: 284 | Train Loss: 0.5459507 Vali Loss: 0.5301123 Test Loss: 0.2354163
EarlyStopping counter: 10 out of 20
Updating learning rate to 1.0449567633177854e-08
	iters: 100, epoch: 91 | loss: 0.5361303
	speed: 0.2943s/iter; left time: 806.7990s
	iters: 200, epoch: 91 | loss: 0.4385761
	speed: 0.1276s/iter; left time: 337.0488s
Epoch: 91 cost time: 36.25496745109558
Epoch: 91, Steps: 284 | Train Loss: 0.5458771 Vali Loss: 0.5300984 Test Loss: 0.2354232
EarlyStopping counter: 11 out of 20
Updating learning rate to 9.404610869860069e-09
	iters: 100, epoch: 92 | loss: 0.6156245
	speed: 0.2944s/iter; left time: 723.3886s
	iters: 200, epoch: 92 | loss: 0.4308326
	speed: 0.1276s/iter; left time: 300.7628s
Epoch: 92 cost time: 36.249738454818726
Epoch: 92, Steps: 284 | Train Loss: 0.5459293 Vali Loss: 0.5299570 Test Loss: 0.2354255
EarlyStopping counter: 12 out of 20
Updating learning rate to 8.464149782874063e-09
	iters: 100, epoch: 93 | loss: 0.4897921
	speed: 0.2946s/iter; left time: 640.1561s
	iters: 200, epoch: 93 | loss: 0.4460497
	speed: 0.1276s/iter; left time: 264.5689s
Epoch: 93 cost time: 36.25581955909729
Epoch: 93, Steps: 284 | Train Loss: 0.5458255 Vali Loss: 0.5306340 Test Loss: 0.2354260
EarlyStopping counter: 13 out of 20
Updating learning rate to 7.617734804586658e-09
	iters: 100, epoch: 94 | loss: 0.4533491
	speed: 0.2944s/iter; left time: 556.1705s
	iters: 200, epoch: 94 | loss: 0.6017368
	speed: 0.1276s/iter; left time: 228.2784s
Epoch: 94 cost time: 36.24820280075073
Epoch: 94, Steps: 284 | Train Loss: 0.5458966 Vali Loss: 0.5296777 Test Loss: 0.2354260
EarlyStopping counter: 14 out of 20
Updating learning rate to 6.855961324127991e-09
	iters: 100, epoch: 95 | loss: 0.4444141
	speed: 0.2944s/iter; left time: 472.5825s
	iters: 200, epoch: 95 | loss: 0.8535975
	speed: 0.1276s/iter; left time: 192.0394s
Epoch: 95 cost time: 36.25541687011719
Epoch: 95, Steps: 284 | Train Loss: 0.5458716 Vali Loss: 0.5295405 Test Loss: 0.2354194
EarlyStopping counter: 15 out of 20
Updating learning rate to 6.170365191715193e-09
	iters: 100, epoch: 96 | loss: 0.4875511
	speed: 0.2944s/iter; left time: 388.9481s
	iters: 200, epoch: 96 | loss: 0.4691989
	speed: 0.1276s/iter; left time: 155.7670s
Epoch: 96 cost time: 36.236958265304565
Epoch: 96, Steps: 284 | Train Loss: 0.5458674 Vali Loss: 0.5301608 Test Loss: 0.2354373
EarlyStopping counter: 16 out of 20
Updating learning rate to 5.5533286725436726e-09
	iters: 100, epoch: 97 | loss: 0.5546998
	speed: 0.2942s/iter; left time: 305.1218s
	iters: 200, epoch: 97 | loss: 0.4368321
	speed: 0.1276s/iter; left time: 119.5436s
Epoch: 97 cost time: 36.242220401763916
Epoch: 97, Steps: 284 | Train Loss: 0.5459144 Vali Loss: 0.5311386 Test Loss: 0.2354272
EarlyStopping counter: 17 out of 20
Updating learning rate to 4.997995805289306e-09
	iters: 100, epoch: 98 | loss: 0.4619548
	speed: 0.2943s/iter; left time: 221.6441s
	iters: 200, epoch: 98 | loss: 0.4343381
	speed: 0.1276s/iter; left time: 83.3064s
Epoch: 98 cost time: 36.237178802490234
Epoch: 98, Steps: 284 | Train Loss: 0.5458646 Vali Loss: 0.5300320 Test Loss: 0.2354293
EarlyStopping counter: 18 out of 20
Updating learning rate to 4.498196224760375e-09
	iters: 100, epoch: 99 | loss: 0.4942138
	speed: 0.2945s/iter; left time: 138.1277s
	iters: 200, epoch: 99 | loss: 0.4720764
	speed: 0.1276s/iter; left time: 47.0679s
Epoch: 99 cost time: 36.23186445236206
Epoch: 99, Steps: 284 | Train Loss: 0.5458470 Vali Loss: 0.5286864 Test Loss: 0.2354307
EarlyStopping counter: 19 out of 20
Updating learning rate to 4.048376602284338e-09
	iters: 100, epoch: 100 | loss: 0.5579063
	speed: 0.2946s/iter; left time: 54.4958s
	iters: 200, epoch: 100 | loss: 0.5281359
	speed: 0.1275s/iter; left time: 10.8392s
Epoch: 100 cost time: 36.23131799697876
Epoch: 100, Steps: 284 | Train Loss: 0.5459075 Vali Loss: 0.5309297 Test Loss: 0.2354243
EarlyStopping counter: 20 out of 20
Early stopping
>>>>>>>testing : NL_weather_cms_lr0.001_spc_336_192_PatchTST_custom_ftM_sl336_ll48_pl192_dm128_nh16_el3_dl1_df256_fc1_ebtimeF_dtTruelr0.001_polspc_Nested_Learning_0<<<<<<<<<<<<<<<<<<<<<<<<<<<<<<<<<
test 10348
 Ejecutando Inferencia DINÁMICA (Nested Learning con cms)
  -> Política: spc | LR: 0.001 | Target: head

RESUMEN: El CMS se actualizó 0 veces de 80 posibles.

mse:0.2354353666305542, mae:0.28012698888778687, rse:0.638339102268219
Args in experiment:
Namespace(random_seed=2021, is_training=1, model_id='NL_weather_cms_lr0.001_spc_336_336', model='PatchTST', data='custom', root_path='./dataset/', data_path='weather.csv', features='M', target='OT', freq='h', checkpoints='./checkpoints/', seq_len=336, label_len=48, pred_len=336, head_type='cms', cms_lr=0.001, update_policy='spc', fc_dropout=0.2, head_dropout=0.0, patch_len=16, stride=8, padding_patch='end', revin=1, affine=0, subtract_last=0, decomposition=0, kernel_size=25, individual=0, embed_type=0, enc_in=21, dec_in=7, c_out=7, d_model=128, n_heads=16, e_layers=3, d_layers=1, d_ff=256, moving_avg=25, factor=1, distil=True, dropout=0.2, embed='timeF', activation='gelu', output_attention=False, do_predict=False, num_workers=0, itr=1, train_epochs=100, batch_size=128, patience=20, learning_rate=0.0001, des='Nested_Learning', loss='mse', lradj='type3', pct_start=0.3, use_amp=False, use_gpu=True, gpu=0, use_multi_gpu=False, devices='0,1,2,3', test_flop=False)
Use GPU: cuda:0
>>>>>>>start training : NL_weather_cms_lr0.001_spc_336_336_PatchTST_custom_ftM_sl336_ll48_pl336_dm128_nh16_el3_dl1_df256_fc1_ebtimeF_dtTruelr0.001_polspc_Nested_Learning_0>>>>>>>>>>>>>>>>>>>>>>>>>>
train 36216
val 4935
test 10204
	iters: 100, epoch: 1 | loss: 0.8740338
	speed: 0.1467s/iter; left time: 4121.8310s
	iters: 200, epoch: 1 | loss: 0.6780472
	speed: 0.1283s/iter; left time: 3592.5134s
Epoch: 1 cost time: 36.41300678253174
Epoch: 1, Steps: 282 | Train Loss: 0.7712859 Vali Loss: 0.7535701 Test Loss: 0.3234365
Validation loss decreased (inf --> 0.753570).  Saving model ...
Updating learning rate to 0.0001
	iters: 100, epoch: 2 | loss: 0.6413537
	speed: 0.2963s/iter; left time: 8243.6661s
	iters: 200, epoch: 2 | loss: 0.6410370
	speed: 0.1283s/iter; left time: 3556.6381s
Epoch: 2 cost time: 36.166879177093506
Epoch: 2, Steps: 282 | Train Loss: 0.7582087 Vali Loss: 0.7372511 Test Loss: 0.3186308
Validation loss decreased (0.753570 --> 0.737251).  Saving model ...
Updating learning rate to 0.0001
	iters: 100, epoch: 3 | loss: 0.9038645
	speed: 0.2957s/iter; left time: 8141.8288s
	iters: 200, epoch: 3 | loss: 0.7278942
	speed: 0.1284s/iter; left time: 3521.6716s
Epoch: 3 cost time: 36.192946672439575
Epoch: 3, Steps: 282 | Train Loss: 0.7386597 Vali Loss: 0.7223105 Test Loss: 0.3150874
Validation loss decreased (0.737251 --> 0.722311).  Saving model ...
Updating learning rate to 0.0001
	iters: 100, epoch: 4 | loss: 0.6715759
	speed: 0.2957s/iter; left time: 8059.3186s
	iters: 200, epoch: 4 | loss: 0.6746550
	speed: 0.1284s/iter; left time: 3485.4858s
Epoch: 4 cost time: 36.1902174949646
Epoch: 4, Steps: 282 | Train Loss: 0.7240812 Vali Loss: 0.7137987 Test Loss: 0.3120842
Validation loss decreased (0.722311 --> 0.713799).  Saving model ...
Updating learning rate to 9e-05
	iters: 100, epoch: 5 | loss: 0.7198508
	speed: 0.2955s/iter; left time: 7969.7248s
	iters: 200, epoch: 5 | loss: 0.6794372
	speed: 0.1284s/iter; left time: 3449.4067s
Epoch: 5 cost time: 36.19130897521973
Epoch: 5, Steps: 282 | Train Loss: 0.7102879 Vali Loss: 0.7035013 Test Loss: 0.3094829
Validation loss decreased (0.713799 --> 0.703501).  Saving model ...
Updating learning rate to 8.1e-05
	iters: 100, epoch: 6 | loss: 0.6550003
	speed: 0.2958s/iter; left time: 7895.5029s
	iters: 200, epoch: 6 | loss: 0.6826877
	speed: 0.1284s/iter; left time: 3413.6334s
Epoch: 6 cost time: 36.19993543624878
Epoch: 6, Steps: 282 | Train Loss: 0.7005946 Vali Loss: 0.6964518 Test Loss: 0.3072267
Validation loss decreased (0.703501 --> 0.696452).  Saving model ...
Updating learning rate to 7.290000000000001e-05
	iters: 100, epoch: 7 | loss: 0.6268625
	speed: 0.2954s/iter; left time: 7801.3322s
	iters: 200, epoch: 7 | loss: 0.6027457
	speed: 0.1283s/iter; left time: 3376.5953s
Epoch: 7 cost time: 36.187769651412964
Epoch: 7, Steps: 282 | Train Loss: 0.6923657 Vali Loss: 0.6913652 Test Loss: 0.3052831
Validation loss decreased (0.696452 --> 0.691365).  Saving model ...
Updating learning rate to 6.561e-05
	iters: 100, epoch: 8 | loss: 0.6622774
	speed: 0.2953s/iter; left time: 7716.0305s
	iters: 200, epoch: 8 | loss: 0.7013002
	speed: 0.1284s/iter; left time: 3342.2478s
Epoch: 8 cost time: 36.1988480091095
Epoch: 8, Steps: 282 | Train Loss: 0.6852088 Vali Loss: 0.6839967 Test Loss: 0.3035779
Validation loss decreased (0.691365 --> 0.683997).  Saving model ...
Updating learning rate to 5.904900000000001e-05
	iters: 100, epoch: 9 | loss: 0.6233189
	speed: 0.2951s/iter; left time: 7627.9179s
	iters: 200, epoch: 9 | loss: 0.7775642
	speed: 0.1283s/iter; left time: 3304.0569s
Epoch: 9 cost time: 36.18723106384277
Epoch: 9, Steps: 282 | Train Loss: 0.6797414 Vali Loss: 0.6810385 Test Loss: 0.3020715
Validation loss decreased (0.683997 --> 0.681038).  Saving model ...
Updating learning rate to 5.3144100000000005e-05
	iters: 100, epoch: 10 | loss: 0.6472657
	speed: 0.2954s/iter; left time: 7550.1473s
	iters: 200, epoch: 10 | loss: 0.5848090
	speed: 0.1283s/iter; left time: 3267.4065s
Epoch: 10 cost time: 36.19433069229126
Epoch: 10, Steps: 282 | Train Loss: 0.6745063 Vali Loss: 0.6767564 Test Loss: 0.3007608
Validation loss decreased (0.681038 --> 0.676756).  Saving model ...
Updating learning rate to 4.782969000000001e-05
	iters: 100, epoch: 11 | loss: 0.6664801
	speed: 0.2955s/iter; left time: 7470.2652s
	iters: 200, epoch: 11 | loss: 0.6625676
	speed: 0.1283s/iter; left time: 3230.1289s
Epoch: 11 cost time: 36.18433165550232
Epoch: 11, Steps: 282 | Train Loss: 0.6701788 Vali Loss: 0.6752383 Test Loss: 0.2996034
Validation loss decreased (0.676756 --> 0.675238).  Saving model ...
Updating learning rate to 4.304672100000001e-05
	iters: 100, epoch: 12 | loss: 0.6479710
	speed: 0.2951s/iter; left time: 7377.8892s
	iters: 200, epoch: 12 | loss: 0.6266950
	speed: 0.1283s/iter; left time: 3194.2221s
Epoch: 12 cost time: 36.18822979927063
Epoch: 12, Steps: 282 | Train Loss: 0.6660407 Vali Loss: 0.6711548 Test Loss: 0.2985478
Validation loss decreased (0.675238 --> 0.671155).  Saving model ...
Updating learning rate to 3.874204890000001e-05
	iters: 100, epoch: 13 | loss: 0.8021377
	speed: 0.2953s/iter; left time: 7298.7400s
	iters: 200, epoch: 13 | loss: 0.7075384
	speed: 0.1282s/iter; left time: 3157.0774s
Epoch: 13 cost time: 36.19453740119934
Epoch: 13, Steps: 282 | Train Loss: 0.6630256 Vali Loss: 0.6663092 Test Loss: 0.2976087
Validation loss decreased (0.671155 --> 0.666309).  Saving model ...
Updating learning rate to 3.486784401000001e-05
	iters: 100, epoch: 14 | loss: 0.6477634
	speed: 0.2955s/iter; left time: 7221.6787s
	iters: 200, epoch: 14 | loss: 0.6575838
	speed: 0.1283s/iter; left time: 3121.7223s
Epoch: 14 cost time: 36.18440914154053
Epoch: 14, Steps: 282 | Train Loss: 0.6601138 Vali Loss: 0.6662605 Test Loss: 0.2967679
Validation loss decreased (0.666309 --> 0.666261).  Saving model ...
Updating learning rate to 3.138105960900001e-05
	iters: 100, epoch: 15 | loss: 0.5494598
	speed: 0.2951s/iter; left time: 7127.6170s
	iters: 200, epoch: 15 | loss: 0.7673786
	speed: 0.1282s/iter; left time: 3084.5608s
Epoch: 15 cost time: 36.17255234718323
Epoch: 15, Steps: 282 | Train Loss: 0.6574617 Vali Loss: 0.6629511 Test Loss: 0.2959838
Validation loss decreased (0.666261 --> 0.662951).  Saving model ...
Updating learning rate to 2.824295364810001e-05
	iters: 100, epoch: 16 | loss: 0.6816151
	speed: 0.2953s/iter; left time: 7049.1054s
	iters: 200, epoch: 16 | loss: 0.7170838
	speed: 0.1283s/iter; left time: 3050.4297s
Epoch: 16 cost time: 36.188912868499756
Epoch: 16, Steps: 282 | Train Loss: 0.6547228 Vali Loss: 0.6620987 Test Loss: 0.2952978
Validation loss decreased (0.662951 --> 0.662099).  Saving model ...
Updating learning rate to 2.541865828329001e-05
	iters: 100, epoch: 17 | loss: 0.8349438
	speed: 0.2955s/iter; left time: 6971.4015s
	iters: 200, epoch: 17 | loss: 0.6968265
	speed: 0.1283s/iter; left time: 3012.7714s
Epoch: 17 cost time: 36.18506360054016
Epoch: 17, Steps: 282 | Train Loss: 0.6526999 Vali Loss: 0.6581060 Test Loss: 0.2946628
Validation loss decreased (0.662099 --> 0.658106).  Saving model ...
Updating learning rate to 2.287679245496101e-05
	iters: 100, epoch: 18 | loss: 0.5908064
	speed: 0.2953s/iter; left time: 6883.5066s
	iters: 200, epoch: 18 | loss: 0.5553580
	speed: 0.1282s/iter; left time: 2975.8824s
Epoch: 18 cost time: 36.176573038101196
Epoch: 18, Steps: 282 | Train Loss: 0.6498763 Vali Loss: 0.6577807 Test Loss: 0.2941082
Validation loss decreased (0.658106 --> 0.657781).  Saving model ...
Updating learning rate to 2.0589113209464907e-05
	iters: 100, epoch: 19 | loss: 0.5611944
	speed: 0.2954s/iter; left time: 6801.7106s
	iters: 200, epoch: 19 | loss: 0.6614047
	speed: 0.1283s/iter; left time: 2940.5089s
Epoch: 19 cost time: 36.17738604545593
Epoch: 19, Steps: 282 | Train Loss: 0.6490818 Vali Loss: 0.6575309 Test Loss: 0.2935899
Validation loss decreased (0.657781 --> 0.657531).  Saving model ...
Updating learning rate to 1.8530201888518416e-05
	iters: 100, epoch: 20 | loss: 0.5798252
	speed: 0.2957s/iter; left time: 6725.1338s
	iters: 200, epoch: 20 | loss: 0.6188320
	speed: 0.1283s/iter; left time: 2904.7433s
Epoch: 20 cost time: 36.17782688140869
Epoch: 20, Steps: 282 | Train Loss: 0.6475249 Vali Loss: 0.6539341 Test Loss: 0.2931243
Validation loss decreased (0.657531 --> 0.653934).  Saving model ...
Updating learning rate to 1.6677181699666577e-05
	iters: 100, epoch: 21 | loss: 0.6177940
	speed: 0.2958s/iter; left time: 6644.0297s
	iters: 200, epoch: 21 | loss: 0.5949728
	speed: 0.1283s/iter; left time: 2869.8512s
Epoch: 21 cost time: 36.19470024108887
Epoch: 21, Steps: 282 | Train Loss: 0.6460365 Vali Loss: 0.6525375 Test Loss: 0.2927043
Validation loss decreased (0.653934 --> 0.652538).  Saving model ...
Updating learning rate to 1.5009463529699919e-05
	iters: 100, epoch: 22 | loss: 0.7088618
	speed: 0.2958s/iter; left time: 6560.7198s
	iters: 200, epoch: 22 | loss: 0.5878767
	speed: 0.1284s/iter; left time: 2834.4710s
Epoch: 22 cost time: 36.207093954086304
Epoch: 22, Steps: 282 | Train Loss: 0.6446553 Vali Loss: 0.6507221 Test Loss: 0.2923438
Validation loss decreased (0.652538 --> 0.650722).  Saving model ...
Updating learning rate to 1.3508517176729929e-05
	iters: 100, epoch: 23 | loss: 0.5748571
	speed: 0.2958s/iter; left time: 6478.0221s
	iters: 200, epoch: 23 | loss: 0.5606191
	speed: 0.1284s/iter; left time: 2798.6174s
Epoch: 23 cost time: 36.20871448516846
Epoch: 23, Steps: 282 | Train Loss: 0.6437746 Vali Loss: 0.6510774 Test Loss: 0.2919872
EarlyStopping counter: 1 out of 20
Updating learning rate to 1.2157665459056936e-05
	iters: 100, epoch: 24 | loss: 0.6511763
	speed: 0.2956s/iter; left time: 6388.8465s
	iters: 200, epoch: 24 | loss: 0.6073760
	speed: 0.1284s/iter; left time: 2762.5008s
Epoch: 24 cost time: 36.210541009902954
Epoch: 24, Steps: 282 | Train Loss: 0.6425243 Vali Loss: 0.6502159 Test Loss: 0.2916580
Validation loss decreased (0.650722 --> 0.650216).  Saving model ...
Updating learning rate to 1.0941898913151242e-05
	iters: 100, epoch: 25 | loss: 0.5999889
	speed: 0.2963s/iter; left time: 6320.3001s
	iters: 200, epoch: 25 | loss: 0.6374312
	speed: 0.1277s/iter; left time: 2710.7918s
Epoch: 25 cost time: 36.01549768447876
Epoch: 25, Steps: 282 | Train Loss: 0.6415019 Vali Loss: 0.6494629 Test Loss: 0.2913805
Validation loss decreased (0.650216 --> 0.649463).  Saving model ...
Updating learning rate to 9.847709021836118e-06
	iters: 100, epoch: 26 | loss: 0.5573357
	speed: 0.2963s/iter; left time: 6236.6798s
	iters: 200, epoch: 26 | loss: 0.7644222
	speed: 0.1277s/iter; left time: 2675.9061s
Epoch: 26 cost time: 36.02996563911438
Epoch: 26, Steps: 282 | Train Loss: 0.6409370 Vali Loss: 0.6470409 Test Loss: 0.2911270
Validation loss decreased (0.649463 --> 0.647041).  Saving model ...
Updating learning rate to 8.862938119652508e-06
	iters: 100, epoch: 27 | loss: 0.6247576
	speed: 0.2966s/iter; left time: 6160.2769s
	iters: 200, epoch: 27 | loss: 0.5359736
	speed: 0.1284s/iter; left time: 2654.2961s
Epoch: 27 cost time: 36.19381761550903
Epoch: 27, Steps: 282 | Train Loss: 0.6399358 Vali Loss: 0.6471451 Test Loss: 0.2909057
EarlyStopping counter: 1 out of 20
Updating learning rate to 7.976644307687255e-06
	iters: 100, epoch: 28 | loss: 0.7369490
	speed: 0.2970s/iter; left time: 6084.4584s
	iters: 200, epoch: 28 | loss: 0.6405725
	speed: 0.1284s/iter; left time: 2617.6494s
Epoch: 28 cost time: 36.22421216964722
Epoch: 28, Steps: 282 | Train Loss: 0.6394849 Vali Loss: 0.6491441 Test Loss: 0.2907004
EarlyStopping counter: 2 out of 20
Updating learning rate to 7.178979876918531e-06
	iters: 100, epoch: 29 | loss: 0.5901630
	speed: 0.2969s/iter; left time: 5998.8623s
	iters: 200, epoch: 29 | loss: 0.6621105
	speed: 0.1284s/iter; left time: 2581.7122s
Epoch: 29 cost time: 36.225672245025635
Epoch: 29, Steps: 282 | Train Loss: 0.6383895 Vali Loss: 0.6468166 Test Loss: 0.2905212
Validation loss decreased (0.647041 --> 0.646817).  Saving model ...
Updating learning rate to 6.4610818892266776e-06
	iters: 100, epoch: 30 | loss: 0.6583972
	speed: 0.2971s/iter; left time: 5919.0900s
	iters: 200, epoch: 30 | loss: 0.7200536
	speed: 0.1284s/iter; left time: 2545.9107s
Epoch: 30 cost time: 36.238224029541016
Epoch: 30, Steps: 282 | Train Loss: 0.6380843 Vali Loss: 0.6467772 Test Loss: 0.2903589
Validation loss decreased (0.646817 --> 0.646777).  Saving model ...
Updating learning rate to 5.8149737003040096e-06
	iters: 100, epoch: 31 | loss: 0.6523286
	speed: 0.2977s/iter; left time: 5846.6732s
	iters: 200, epoch: 31 | loss: 0.6426660
	speed: 0.1287s/iter; left time: 2514.7367s
Epoch: 31 cost time: 36.27398991584778
Epoch: 31, Steps: 282 | Train Loss: 0.6378966 Vali Loss: 0.6455303 Test Loss: 0.2902091
Validation loss decreased (0.646777 --> 0.645530).  Saving model ...
Updating learning rate to 5.23347633027361e-06
	iters: 100, epoch: 32 | loss: 0.6064892
	speed: 0.2976s/iter; left time: 5761.8819s
	iters: 200, epoch: 32 | loss: 0.6271086
	speed: 0.1287s/iter; left time: 2478.3461s
Epoch: 32 cost time: 36.259591817855835
Epoch: 32, Steps: 282 | Train Loss: 0.6369979 Vali Loss: 0.6446115 Test Loss: 0.2900731
Validation loss decreased (0.645530 --> 0.644612).  Saving model ...
Updating learning rate to 4.710128697246249e-06
	iters: 100, epoch: 33 | loss: 0.5677989
	speed: 0.2970s/iter; left time: 5665.1083s
	iters: 200, epoch: 33 | loss: 0.7407425
	speed: 0.1286s/iter; left time: 2440.9660s
Epoch: 33 cost time: 36.232924938201904
Epoch: 33, Steps: 282 | Train Loss: 0.6367053 Vali Loss: 0.6457252 Test Loss: 0.2899519
EarlyStopping counter: 1 out of 20
Updating learning rate to 4.239115827521624e-06
	iters: 100, epoch: 34 | loss: 0.6876518
	speed: 0.2965s/iter; left time: 5573.0605s
	iters: 200, epoch: 34 | loss: 0.5729892
	speed: 0.1285s/iter; left time: 2403.0347s
Epoch: 34 cost time: 36.2230384349823
Epoch: 34, Steps: 282 | Train Loss: 0.6356300 Vali Loss: 0.6443775 Test Loss: 0.2898426
Validation loss decreased (0.644612 --> 0.644378).  Saving model ...
Updating learning rate to 3.815204244769462e-06
	iters: 100, epoch: 35 | loss: 0.6419750
	speed: 0.2970s/iter; left time: 5497.5227s
	iters: 200, epoch: 35 | loss: 0.6485985
	speed: 0.1285s/iter; left time: 2366.8123s
Epoch: 35 cost time: 36.22734498977661
Epoch: 35, Steps: 282 | Train Loss: 0.6364329 Vali Loss: 0.6438869 Test Loss: 0.2897455
Validation loss decreased (0.644378 --> 0.643887).  Saving model ...
Updating learning rate to 3.4336838202925152e-06
	iters: 100, epoch: 36 | loss: 0.5982656
	speed: 0.2970s/iter; left time: 5415.4321s
	iters: 200, epoch: 36 | loss: 0.6158340
	speed: 0.1284s/iter; left time: 2328.2552s
Epoch: 36 cost time: 36.20530366897583
Epoch: 36, Steps: 282 | Train Loss: 0.6353622 Vali Loss: 0.6422212 Test Loss: 0.2896569
Validation loss decreased (0.643887 --> 0.642221).  Saving model ...
Updating learning rate to 3.090315438263264e-06
	iters: 100, epoch: 37 | loss: 0.6773385
	speed: 0.2972s/iter; left time: 5333.9861s
	iters: 200, epoch: 37 | loss: 0.6238047
	speed: 0.1283s/iter; left time: 2290.5299s
Epoch: 37 cost time: 36.18594670295715
Epoch: 37, Steps: 282 | Train Loss: 0.6354363 Vali Loss: 0.6441824 Test Loss: 0.2895751
EarlyStopping counter: 1 out of 20
Updating learning rate to 2.7812838944369375e-06
	iters: 100, epoch: 38 | loss: 0.5336254
	speed: 0.2960s/iter; left time: 5230.1920s
	iters: 200, epoch: 38 | loss: 0.6787978
	speed: 0.1283s/iter; left time: 2253.1962s
Epoch: 38 cost time: 36.19397473335266
Epoch: 38, Steps: 282 | Train Loss: 0.6349552 Vali Loss: 0.6428122 Test Loss: 0.2895063
EarlyStopping counter: 2 out of 20
Updating learning rate to 2.503155504993244e-06
	iters: 100, epoch: 39 | loss: 0.6174505
	speed: 0.2967s/iter; left time: 5158.8088s
	iters: 200, epoch: 39 | loss: 0.6695483
	speed: 0.1283s/iter; left time: 2217.3944s
Epoch: 39 cost time: 36.19990801811218
Epoch: 39, Steps: 282 | Train Loss: 0.6348248 Vali Loss: 0.6424320 Test Loss: 0.2894371
EarlyStopping counter: 3 out of 20
Updating learning rate to 2.2528399544939195e-06
	iters: 100, epoch: 40 | loss: 0.6169069
	speed: 0.2962s/iter; left time: 5065.5984s
	iters: 200, epoch: 40 | loss: 0.5258318
	speed: 0.1282s/iter; left time: 2180.4348s
Epoch: 40 cost time: 36.19161796569824
Epoch: 40, Steps: 282 | Train Loss: 0.6352465 Vali Loss: 0.6428944 Test Loss: 0.2893794
EarlyStopping counter: 4 out of 20
Updating learning rate to 2.0275559590445276e-06
	iters: 100, epoch: 41 | loss: 0.6529119
	speed: 0.2966s/iter; left time: 4988.6971s
	iters: 200, epoch: 41 | loss: 0.8454029
	speed: 0.1283s/iter; left time: 2144.9150s
Epoch: 41 cost time: 36.20320153236389
Epoch: 41, Steps: 282 | Train Loss: 0.6347037 Vali Loss: 0.6431929 Test Loss: 0.2893279
EarlyStopping counter: 5 out of 20
Updating learning rate to 1.8248003631400751e-06
	iters: 100, epoch: 42 | loss: 0.6250832
	speed: 0.2965s/iter; left time: 4903.6944s
	iters: 200, epoch: 42 | loss: 0.7361284
	speed: 0.1280s/iter; left time: 2103.6803s
Epoch: 42 cost time: 36.09836745262146
Epoch: 42, Steps: 282 | Train Loss: 0.6347137 Vali Loss: 0.6429346 Test Loss: 0.2892796
EarlyStopping counter: 6 out of 20
Updating learning rate to 1.6423203268260676e-06
	iters: 100, epoch: 43 | loss: 0.7401677
	speed: 0.2942s/iter; left time: 4782.0286s
	iters: 200, epoch: 43 | loss: 0.5402693
	speed: 0.1279s/iter; left time: 2067.0582s
Epoch: 43 cost time: 36.090503454208374
Epoch: 43, Steps: 282 | Train Loss: 0.6343160 Vali Loss: 0.6433919 Test Loss: 0.2892391
EarlyStopping counter: 7 out of 20
Updating learning rate to 1.4780882941434609e-06
	iters: 100, epoch: 44 | loss: 0.7364187
	speed: 0.2944s/iter; left time: 4702.5175s
	iters: 200, epoch: 44 | loss: 0.5897439
	speed: 0.1280s/iter; left time: 2031.3736s
Epoch: 44 cost time: 36.096224546432495
Epoch: 44, Steps: 282 | Train Loss: 0.6345208 Vali Loss: 0.6427709 Test Loss: 0.2891960
EarlyStopping counter: 8 out of 20
Updating learning rate to 1.3302794647291146e-06
	iters: 100, epoch: 45 | loss: 0.5281681
	speed: 0.2944s/iter; left time: 4620.7674s
	iters: 200, epoch: 45 | loss: 0.7427824
	speed: 0.1279s/iter; left time: 1994.9174s
Epoch: 45 cost time: 36.09618163108826
Epoch: 45, Steps: 282 | Train Loss: 0.6340220 Vali Loss: 0.6432362 Test Loss: 0.2891679
EarlyStopping counter: 9 out of 20
Updating learning rate to 1.1972515182562034e-06
	iters: 100, epoch: 46 | loss: 0.7302399
	speed: 0.2945s/iter; left time: 4538.1368s
	iters: 200, epoch: 46 | loss: 0.6639391
	speed: 0.1279s/iter; left time: 1958.8826s
Epoch: 46 cost time: 36.08728265762329
Epoch: 46, Steps: 282 | Train Loss: 0.6342584 Vali Loss: 0.6429834 Test Loss: 0.2891329
EarlyStopping counter: 10 out of 20
Updating learning rate to 1.077526366430583e-06
	iters: 100, epoch: 47 | loss: 0.6122336
	speed: 0.2948s/iter; left time: 4460.3652s
	iters: 200, epoch: 47 | loss: 0.7182388
	speed: 0.1280s/iter; left time: 1923.9115s
Epoch: 47 cost time: 36.10016965866089
Epoch: 47, Steps: 282 | Train Loss: 0.6344187 Vali Loss: 0.6426730 Test Loss: 0.2891083
EarlyStopping counter: 11 out of 20
Updating learning rate to 9.697737297875248e-07
	iters: 100, epoch: 48 | loss: 0.5389640
	speed: 0.2948s/iter; left time: 4377.0263s
	iters: 200, epoch: 48 | loss: 0.7040195
	speed: 0.1280s/iter; left time: 1887.1408s
Epoch: 48 cost time: 36.09275031089783
Epoch: 48, Steps: 282 | Train Loss: 0.6341901 Vali Loss: 0.6418012 Test Loss: 0.2890804
Validation loss decreased (0.642221 --> 0.641801).  Saving model ...
Updating learning rate to 8.727963568087723e-07
	iters: 100, epoch: 49 | loss: 0.7644297
	speed: 0.2957s/iter; left time: 4306.6905s
	iters: 200, epoch: 49 | loss: 0.5401690
	speed: 0.1280s/iter; left time: 1851.4022s
Epoch: 49 cost time: 36.098838329315186
Epoch: 49, Steps: 282 | Train Loss: 0.6337045 Vali Loss: 0.6429909 Test Loss: 0.2890602
EarlyStopping counter: 1 out of 20
Updating learning rate to 7.855167211278951e-07
	iters: 100, epoch: 50 | loss: 0.6542560
	speed: 0.2951s/iter; left time: 4214.6267s
	iters: 200, epoch: 50 | loss: 0.6645715
	speed: 0.1280s/iter; left time: 1815.4481s
Epoch: 50 cost time: 36.096943378448486
Epoch: 50, Steps: 282 | Train Loss: 0.6337653 Vali Loss: 0.6428577 Test Loss: 0.2890376
EarlyStopping counter: 2 out of 20
Updating learning rate to 7.069650490151056e-07
	iters: 100, epoch: 51 | loss: 0.6734098
	speed: 0.2946s/iter; left time: 4124.7931s
	iters: 200, epoch: 51 | loss: 0.5861124
	speed: 0.1280s/iter; left time: 1778.8488s
Epoch: 51 cost time: 36.08385968208313
Epoch: 51, Steps: 282 | Train Loss: 0.6334971 Vali Loss: 0.6428890 Test Loss: 0.2890195
EarlyStopping counter: 3 out of 20
Updating learning rate to 6.36268544113595e-07
	iters: 100, epoch: 52 | loss: 0.6254177
	speed: 0.2947s/iter; left time: 4042.8954s
	iters: 200, epoch: 52 | loss: 0.6285864
	speed: 0.1280s/iter; left time: 1743.0895s
Epoch: 52 cost time: 36.09630846977234
Epoch: 52, Steps: 282 | Train Loss: 0.6330286 Vali Loss: 0.6411950 Test Loss: 0.2889999
Validation loss decreased (0.641801 --> 0.641195).  Saving model ...
Updating learning rate to 5.726416897022355e-07
	iters: 100, epoch: 53 | loss: 0.5259830
	speed: 0.2950s/iter; left time: 3963.4494s
	iters: 200, epoch: 53 | loss: 0.6297258
	speed: 0.1280s/iter; left time: 1706.8626s
Epoch: 53 cost time: 36.09274458885193
Epoch: 53, Steps: 282 | Train Loss: 0.6329904 Vali Loss: 0.6417441 Test Loss: 0.2889848
EarlyStopping counter: 1 out of 20
Updating learning rate to 5.15377520732012e-07
	iters: 100, epoch: 54 | loss: 0.6117463
	speed: 0.2945s/iter; left time: 3874.4086s
	iters: 200, epoch: 54 | loss: 0.6809967
	speed: 0.1280s/iter; left time: 1670.7618s
Epoch: 54 cost time: 36.10243105888367
Epoch: 54, Steps: 282 | Train Loss: 0.6335861 Vali Loss: 0.6433011 Test Loss: 0.2889710
EarlyStopping counter: 2 out of 20
Updating learning rate to 4.6383976865881085e-07
	iters: 100, epoch: 55 | loss: 0.6051004
	speed: 0.2943s/iter; left time: 3788.7321s
	iters: 200, epoch: 55 | loss: 0.6005000
	speed: 0.1279s/iter; left time: 1633.8791s
Epoch: 55 cost time: 36.09351348876953
Epoch: 55, Steps: 282 | Train Loss: 0.6335341 Vali Loss: 0.6423032 Test Loss: 0.2889614
EarlyStopping counter: 3 out of 20
Updating learning rate to 4.174557917929298e-07
	iters: 100, epoch: 56 | loss: 0.6205384
	speed: 0.2944s/iter; left time: 3706.7708s
	iters: 200, epoch: 56 | loss: 0.6104786
	speed: 0.1279s/iter; left time: 1598.1692s
Epoch: 56 cost time: 36.097015142440796
Epoch: 56, Steps: 282 | Train Loss: 0.6333394 Vali Loss: 0.6417951 Test Loss: 0.2889510
EarlyStopping counter: 4 out of 20
Updating learning rate to 3.7571021261363677e-07
	iters: 100, epoch: 57 | loss: 0.6198115
	speed: 0.2941s/iter; left time: 3620.1022s
	iters: 200, epoch: 57 | loss: 0.7312545
	speed: 0.1279s/iter; left time: 1561.8935s
Epoch: 57 cost time: 36.093995571136475
Epoch: 57, Steps: 282 | Train Loss: 0.6332624 Vali Loss: 0.6434054 Test Loss: 0.2889460
EarlyStopping counter: 5 out of 20
Updating learning rate to 3.381391913522731e-07
	iters: 100, epoch: 58 | loss: 0.8126976
	speed: 0.2946s/iter; left time: 3542.9068s
	iters: 200, epoch: 58 | loss: 0.7760555
	speed: 0.1280s/iter; left time: 1526.3096s
Epoch: 58 cost time: 36.101699113845825
Epoch: 58, Steps: 282 | Train Loss: 0.6333245 Vali Loss: 0.6431574 Test Loss: 0.2889321
EarlyStopping counter: 6 out of 20
Updating learning rate to 3.043252722170458e-07
	iters: 100, epoch: 59 | loss: 0.5027623
	speed: 0.2939s/iter; left time: 3452.3634s
	iters: 200, epoch: 59 | loss: 0.5175639
	speed: 0.1279s/iter; left time: 1489.8443s
Epoch: 59 cost time: 36.098345041275024
Epoch: 59, Steps: 282 | Train Loss: 0.6330165 Vali Loss: 0.6424540 Test Loss: 0.2889263
EarlyStopping counter: 7 out of 20
Updating learning rate to 2.7389274499534124e-07
	iters: 100, epoch: 60 | loss: 0.5315386
	speed: 0.2944s/iter; left time: 3374.7452s
	iters: 200, epoch: 60 | loss: 0.5566677
	speed: 0.1280s/iter; left time: 1454.3373s
Epoch: 60 cost time: 36.1028847694397
Epoch: 60, Steps: 282 | Train Loss: 0.6336284 Vali Loss: 0.6421861 Test Loss: 0.2889171
EarlyStopping counter: 8 out of 20
Updating learning rate to 2.465034704958071e-07
	iters: 100, epoch: 61 | loss: 0.6522927
	speed: 0.2942s/iter; left time: 3288.9288s
	iters: 200, epoch: 61 | loss: 0.6491284
	speed: 0.1279s/iter; left time: 1417.6780s
Epoch: 61 cost time: 36.0954065322876
Epoch: 61, Steps: 282 | Train Loss: 0.6333358 Vali Loss: 0.6417267 Test Loss: 0.2889133
EarlyStopping counter: 9 out of 20
Updating learning rate to 2.218531234462264e-07
	iters: 100, epoch: 62 | loss: 0.5307639
	speed: 0.2943s/iter; left time: 3207.6513s
	iters: 200, epoch: 62 | loss: 0.6078799
	speed: 0.1279s/iter; left time: 1381.1135s
Epoch: 62 cost time: 36.08418869972229
Epoch: 62, Steps: 282 | Train Loss: 0.6334013 Vali Loss: 0.6415813 Test Loss: 0.2889081
EarlyStopping counter: 10 out of 20
Updating learning rate to 1.9966781110160376e-07
	iters: 100, epoch: 63 | loss: 0.7728245
	speed: 0.2941s/iter; left time: 3122.5670s
	iters: 200, epoch: 63 | loss: 0.5519969
	speed: 0.1280s/iter; left time: 1345.7403s
Epoch: 63 cost time: 36.10182809829712
Epoch: 63, Steps: 282 | Train Loss: 0.6331446 Vali Loss: 0.6421239 Test Loss: 0.2889040
EarlyStopping counter: 11 out of 20
Updating learning rate to 1.797010299914434e-07
	iters: 100, epoch: 64 | loss: 0.6512018
	speed: 0.2943s/iter; left time: 3041.8908s
	iters: 200, epoch: 64 | loss: 0.6271934
	speed: 0.1280s/iter; left time: 1310.0321s
Epoch: 64 cost time: 36.09243178367615
Epoch: 64, Steps: 282 | Train Loss: 0.6333470 Vali Loss: 0.6408500 Test Loss: 0.2888988
Validation loss decreased (0.641195 --> 0.640850).  Saving model ...
Updating learning rate to 1.6173092699229907e-07
	iters: 100, epoch: 65 | loss: 0.7227126
	speed: 0.2947s/iter; left time: 2962.8369s
	iters: 200, epoch: 65 | loss: 0.5267339
	speed: 0.1280s/iter; left time: 1273.9835s
Epoch: 65 cost time: 36.09117817878723
Epoch: 65, Steps: 282 | Train Loss: 0.6333034 Vali Loss: 0.6414825 Test Loss: 0.2888938
EarlyStopping counter: 1 out of 20
Updating learning rate to 1.4555783429306916e-07
	iters: 100, epoch: 66 | loss: 0.5957723
	speed: 0.2939s/iter; left time: 2871.3548s
	iters: 200, epoch: 66 | loss: 0.5867146
	speed: 0.1279s/iter; left time: 1237.3761s
Epoch: 66 cost time: 36.07003474235535
Epoch: 66, Steps: 282 | Train Loss: 0.6333834 Vali Loss: 0.6388475 Test Loss: 0.2888881
Validation loss decreased (0.640850 --> 0.638848).  Saving model ...
Updating learning rate to 1.3100205086376224e-07
	iters: 100, epoch: 67 | loss: 0.7246032
	speed: 0.2945s/iter; left time: 2794.9530s
	iters: 200, epoch: 67 | loss: 0.6327865
	speed: 0.1280s/iter; left time: 1201.3941s
Epoch: 67 cost time: 36.076494455337524
Epoch: 67, Steps: 282 | Train Loss: 0.6336229 Vali Loss: 0.6409478 Test Loss: 0.2888862
EarlyStopping counter: 1 out of 20
Updating learning rate to 1.1790184577738603e-07
	iters: 100, epoch: 68 | loss: 0.5906249
	speed: 0.2945s/iter; left time: 2711.1923s
	iters: 200, epoch: 68 | loss: 0.6860608
	speed: 0.1280s/iter; left time: 1165.3495s
Epoch: 68 cost time: 36.070308685302734
Epoch: 68, Steps: 282 | Train Loss: 0.6332825 Vali Loss: 0.6420651 Test Loss: 0.2888818
EarlyStopping counter: 2 out of 20
Updating learning rate to 1.0611166119964742e-07
	iters: 100, epoch: 69 | loss: 0.7235301
	speed: 0.2943s/iter; left time: 2626.9380s
	iters: 200, epoch: 69 | loss: 0.5389036
	speed: 0.1280s/iter; left time: 1129.5228s
Epoch: 69 cost time: 36.079527378082275
Epoch: 69, Steps: 282 | Train Loss: 0.6333060 Vali Loss: 0.6411506 Test Loss: 0.2888824
EarlyStopping counter: 3 out of 20
Updating learning rate to 9.550049507968268e-08
	iters: 100, epoch: 70 | loss: 0.7985086
	speed: 0.2937s/iter; left time: 2538.3347s
	iters: 200, epoch: 70 | loss: 0.7636647
	speed: 0.1280s/iter; left time: 1093.6393s
Epoch: 70 cost time: 36.08553910255432
Epoch: 70, Steps: 282 | Train Loss: 0.6325163 Vali Loss: 0.6423521 Test Loss: 0.2888802
EarlyStopping counter: 4 out of 20
Updating learning rate to 8.595044557171442e-08
	iters: 100, epoch: 71 | loss: 0.6590100
	speed: 0.2942s/iter; left time: 2460.0171s
	iters: 200, epoch: 71 | loss: 0.5674737
	speed: 0.1281s/iter; left time: 1057.9743s
Epoch: 71 cost time: 36.09933090209961
Epoch: 71, Steps: 282 | Train Loss: 0.6329919 Vali Loss: 0.6425956 Test Loss: 0.2888800
EarlyStopping counter: 5 out of 20
Updating learning rate to 7.735540101454298e-08
	iters: 100, epoch: 72 | loss: 0.5224455
	speed: 0.2944s/iter; left time: 2378.2003s
	iters: 200, epoch: 72 | loss: 0.6507150
	speed: 0.1280s/iter; left time: 1021.0545s
Epoch: 72 cost time: 36.06977391242981
Epoch: 72, Steps: 282 | Train Loss: 0.6325121 Vali Loss: 0.6438912 Test Loss: 0.2888767
EarlyStopping counter: 6 out of 20
Updating learning rate to 6.961986091308869e-08
	iters: 100, epoch: 73 | loss: 0.5280300
	speed: 0.2941s/iter; left time: 2293.4192s
	iters: 200, epoch: 73 | loss: 0.6328990
	speed: 0.1280s/iter; left time: 985.2280s
Epoch: 73 cost time: 36.08156228065491
Epoch: 73, Steps: 282 | Train Loss: 0.6325510 Vali Loss: 0.6416867 Test Loss: 0.2888783
EarlyStopping counter: 7 out of 20
Updating learning rate to 6.265787482177981e-08
	iters: 100, epoch: 74 | loss: 0.6707076
	speed: 0.2939s/iter; left time: 2208.7649s
	iters: 200, epoch: 74 | loss: 0.5514354
	speed: 0.1280s/iter; left time: 949.3721s
Epoch: 74 cost time: 36.09438228607178
Epoch: 74, Steps: 282 | Train Loss: 0.6332243 Vali Loss: 0.6420798 Test Loss: 0.2888758
EarlyStopping counter: 8 out of 20
Updating learning rate to 5.639208733960184e-08
	iters: 100, epoch: 75 | loss: 0.6340125
	speed: 0.2943s/iter; left time: 2128.4681s
	iters: 200, epoch: 75 | loss: 0.6991920
	speed: 0.1280s/iter; left time: 913.2262s
Epoch: 75 cost time: 36.09810972213745
Epoch: 75, Steps: 282 | Train Loss: 0.6328577 Vali Loss: 0.6420674 Test Loss: 0.2888728
EarlyStopping counter: 9 out of 20
Updating learning rate to 5.075287860564165e-08
	iters: 100, epoch: 76 | loss: 0.5567427
	speed: 0.2944s/iter; left time: 2046.4502s
	iters: 200, epoch: 76 | loss: 0.5905148
	speed: 0.1280s/iter; left time: 876.7343s
Epoch: 76 cost time: 36.08682441711426
Epoch: 76, Steps: 282 | Train Loss: 0.6337172 Vali Loss: 0.6403995 Test Loss: 0.2888742
EarlyStopping counter: 10 out of 20
Updating learning rate to 4.567759074507749e-08
	iters: 100, epoch: 77 | loss: 0.7148243
	speed: 0.2938s/iter; left time: 1959.6125s
	iters: 200, epoch: 77 | loss: 0.5828450
	speed: 0.1280s/iter; left time: 840.8330s
Epoch: 77 cost time: 36.09082746505737
Epoch: 77, Steps: 282 | Train Loss: 0.6326662 Vali Loss: 0.6424174 Test Loss: 0.2888733
EarlyStopping counter: 11 out of 20
Updating learning rate to 4.1109831670569744e-08
	iters: 100, epoch: 78 | loss: 0.5789220
	speed: 0.2943s/iter; left time: 1879.9955s
	iters: 200, epoch: 78 | loss: 0.5856651
	speed: 0.1280s/iter; left time: 804.5973s
Epoch: 78 cost time: 36.093724727630615
Epoch: 78, Steps: 282 | Train Loss: 0.6334004 Vali Loss: 0.6410080 Test Loss: 0.2888737
EarlyStopping counter: 12 out of 20
Updating learning rate to 3.6998848503512764e-08
	iters: 100, epoch: 79 | loss: 0.6387329
	speed: 0.2940s/iter; left time: 1794.8484s
	iters: 200, epoch: 79 | loss: 0.6688262
	speed: 0.1279s/iter; left time: 768.3168s
Epoch: 79 cost time: 36.09604334831238
Epoch: 79, Steps: 282 | Train Loss: 0.6330495 Vali Loss: 0.6407335 Test Loss: 0.2888745
EarlyStopping counter: 13 out of 20
Updating learning rate to 3.3298963653161496e-08
	iters: 100, epoch: 80 | loss: 0.6232070
	speed: 0.2942s/iter; left time: 1713.1260s
	iters: 200, epoch: 80 | loss: 0.6583113
	speed: 0.1279s/iter; left time: 732.1367s
Epoch: 80 cost time: 36.09009504318237
Epoch: 80, Steps: 282 | Train Loss: 0.6331897 Vali Loss: 0.6417310 Test Loss: 0.2888725
EarlyStopping counter: 14 out of 20
Updating learning rate to 2.996906728784534e-08
	iters: 100, epoch: 81 | loss: 0.5982053
	speed: 0.2942s/iter; left time: 1629.9173s
	iters: 200, epoch: 81 | loss: 0.6424406
	speed: 0.1279s/iter; left time: 696.1503s
Epoch: 81 cost time: 36.08920216560364
Epoch: 81, Steps: 282 | Train Loss: 0.6325450 Vali Loss: 0.6431462 Test Loss: 0.2888753
EarlyStopping counter: 15 out of 20
Updating learning rate to 2.697216055906081e-08
	iters: 100, epoch: 82 | loss: 0.6570950
	speed: 0.2942s/iter; left time: 1547.2112s
	iters: 200, epoch: 82 | loss: 0.5682189
	speed: 0.1278s/iter; left time: 659.3020s
Epoch: 82 cost time: 36.07238411903381
Epoch: 82, Steps: 282 | Train Loss: 0.6329921 Vali Loss: 0.6424183 Test Loss: 0.2888751
EarlyStopping counter: 16 out of 20
Updating learning rate to 2.427494450315473e-08
	iters: 100, epoch: 83 | loss: 0.6205354
	speed: 0.2942s/iter; left time: 1464.0088s
	iters: 200, epoch: 83 | loss: 0.6915305
	speed: 0.1280s/iter; left time: 624.0288s
Epoch: 83 cost time: 36.087822914123535
Epoch: 83, Steps: 282 | Train Loss: 0.6335765 Vali Loss: 0.6411481 Test Loss: 0.2888723
EarlyStopping counter: 17 out of 20
Updating learning rate to 2.1847450052839257e-08
	iters: 100, epoch: 84 | loss: 0.5907084
	speed: 0.2942s/iter; left time: 1381.1519s
	iters: 200, epoch: 84 | loss: 0.5750018
	speed: 0.1280s/iter; left time: 587.9308s
Epoch: 84 cost time: 36.09921407699585
Epoch: 84, Steps: 282 | Train Loss: 0.6332939 Vali Loss: 0.6419027 Test Loss: 0.2888697
EarlyStopping counter: 18 out of 20
Updating learning rate to 1.9662705047555332e-08
	iters: 100, epoch: 85 | loss: 0.5492773
	speed: 0.2941s/iter; left time: 1298.0255s
	iters: 200, epoch: 85 | loss: 0.6769436
	speed: 0.1279s/iter; left time: 551.8341s
Epoch: 85 cost time: 36.09379768371582
Epoch: 85, Steps: 282 | Train Loss: 0.6332396 Vali Loss: 0.6416563 Test Loss: 0.2888705
EarlyStopping counter: 19 out of 20
Updating learning rate to 1.7696434542799797e-08
	iters: 100, epoch: 86 | loss: 0.6162147
	speed: 0.2945s/iter; left time: 1216.6397s
	iters: 200, epoch: 86 | loss: 0.8407391
	speed: 0.1280s/iter; left time: 515.7953s
Epoch: 86 cost time: 36.0963454246521
Epoch: 86, Steps: 282 | Train Loss: 0.6332356 Vali Loss: 0.6412947 Test Loss: 0.2888705
EarlyStopping counter: 20 out of 20
Early stopping
>>>>>>>testing : NL_weather_cms_lr0.001_spc_336_336_PatchTST_custom_ftM_sl336_ll48_pl336_dm128_nh16_el3_dl1_df256_fc1_ebtimeF_dtTruelr0.001_polspc_Nested_Learning_0<<<<<<<<<<<<<<<<<<<<<<<<<<<<<<<<<
test 10204
 Ejecutando Inferencia DINÁMICA (Nested Learning con cms)
  -> Política: spc | LR: 0.001 | Target: head

RESUMEN: El CMS se actualizó 0 veces de 79 posibles.

mse:0.288888156414032, mae:0.3194066882133484, rse:0.7060362100601196
Args in experiment:
Namespace(random_seed=2021, is_training=1, model_id='NL_weather_cms_lr0.001_spc_336_720', model='PatchTST', data='custom', root_path='./dataset/', data_path='weather.csv', features='M', target='OT', freq='h', checkpoints='./checkpoints/', seq_len=336, label_len=48, pred_len=720, head_type='cms', cms_lr=0.001, update_policy='spc', fc_dropout=0.2, head_dropout=0.0, patch_len=16, stride=8, padding_patch='end', revin=1, affine=0, subtract_last=0, decomposition=0, kernel_size=25, individual=0, embed_type=0, enc_in=21, dec_in=7, c_out=7, d_model=128, n_heads=16, e_layers=3, d_layers=1, d_ff=256, moving_avg=25, factor=1, distil=True, dropout=0.2, embed='timeF', activation='gelu', output_attention=False, do_predict=False, num_workers=0, itr=1, train_epochs=100, batch_size=128, patience=20, learning_rate=0.0001, des='Nested_Learning', loss='mse', lradj='type3', pct_start=0.3, use_amp=False, use_gpu=True, gpu=0, use_multi_gpu=False, devices='0,1,2,3', test_flop=False)
Use GPU: cuda:0
>>>>>>>start training : NL_weather_cms_lr0.001_spc_336_720_PatchTST_custom_ftM_sl336_ll48_pl720_dm128_nh16_el3_dl1_df256_fc1_ebtimeF_dtTruelr0.001_polspc_Nested_Learning_0>>>>>>>>>>>>>>>>>>>>>>>>>>
train 35832
val 4551
test 9820
	iters: 100, epoch: 1 | loss: 0.8219075
	speed: 0.1472s/iter; left time: 4093.0852s
	iters: 200, epoch: 1 | loss: 0.7852589
	speed: 0.1304s/iter; left time: 3611.7952s
Epoch: 1 cost time: 36.59348773956299
Epoch: 1, Steps: 279 | Train Loss: 0.8205384 Vali Loss: 0.8267306 Test Loss: 0.3719314
Validation loss decreased (inf --> 0.826731).  Saving model ...
Updating learning rate to 0.0001
	iters: 100, epoch: 2 | loss: 0.9464221
	speed: 0.3001s/iter; left time: 8258.8828s
	iters: 200, epoch: 2 | loss: 0.7936048
	speed: 0.1300s/iter; left time: 3564.0170s
Epoch: 2 cost time: 36.21968197822571
Epoch: 2, Steps: 279 | Train Loss: 0.8097755 Vali Loss: 0.8110506 Test Loss: 0.3681251
Validation loss decreased (0.826731 --> 0.811051).  Saving model ...
Updating learning rate to 0.0001
	iters: 100, epoch: 3 | loss: 0.8181406
	speed: 0.2988s/iter; left time: 8140.6734s
	iters: 200, epoch: 3 | loss: 0.7468982
	speed: 0.1300s/iter; left time: 3529.5938s
Epoch: 3 cost time: 36.23113393783569
Epoch: 3, Steps: 279 | Train Loss: 0.7939115 Vali Loss: 0.8024928 Test Loss: 0.3656498
Validation loss decreased (0.811051 --> 0.802493).  Saving model ...
Updating learning rate to 0.0001
	iters: 100, epoch: 4 | loss: 0.7403489
	speed: 0.2986s/iter; left time: 8052.1103s
	iters: 200, epoch: 4 | loss: 0.7678035
	speed: 0.1300s/iter; left time: 3493.2911s
Epoch: 4 cost time: 36.24117302894592
Epoch: 4, Steps: 279 | Train Loss: 0.7826827 Vali Loss: 0.7963278 Test Loss: 0.3639464
Validation loss decreased (0.802493 --> 0.796328).  Saving model ...
Updating learning rate to 9e-05
	iters: 100, epoch: 5 | loss: 0.7134247
	speed: 0.2988s/iter; left time: 7973.0299s
	iters: 200, epoch: 5 | loss: 0.8543808
	speed: 0.1301s/iter; left time: 3457.6078s
Epoch: 5 cost time: 36.24802923202515
Epoch: 5, Steps: 279 | Train Loss: 0.7747313 Vali Loss: 0.7912534 Test Loss: 0.3627419
Validation loss decreased (0.796328 --> 0.791253).  Saving model ...
Updating learning rate to 8.1e-05
	iters: 100, epoch: 6 | loss: 0.7422176
	speed: 0.2986s/iter; left time: 7883.9893s
	iters: 200, epoch: 6 | loss: 0.8020919
	speed: 0.1301s/iter; left time: 3422.1346s
Epoch: 6 cost time: 36.241841316223145
Epoch: 6, Steps: 279 | Train Loss: 0.7690675 Vali Loss: 0.7890465 Test Loss: 0.3618111
Validation loss decreased (0.791253 --> 0.789046).  Saving model ...
Updating learning rate to 7.290000000000001e-05
	iters: 100, epoch: 7 | loss: 0.6929943
	speed: 0.2986s/iter; left time: 7800.4587s
	iters: 200, epoch: 7 | loss: 0.8010648
	speed: 0.1300s/iter; left time: 3384.7762s
Epoch: 7 cost time: 36.24240446090698
Epoch: 7, Steps: 279 | Train Loss: 0.7647615 Vali Loss: 0.7862793 Test Loss: 0.3610837
Validation loss decreased (0.789046 --> 0.786279).  Saving model ...
Updating learning rate to 6.561e-05
	iters: 100, epoch: 8 | loss: 0.7813687
	speed: 0.2987s/iter; left time: 7719.7550s
	iters: 200, epoch: 8 | loss: 0.6834116
	speed: 0.1302s/iter; left time: 3351.1273s
Epoch: 8 cost time: 36.2640962600708
Epoch: 8, Steps: 279 | Train Loss: 0.7615656 Vali Loss: 0.7838634 Test Loss: 0.3604524
Validation loss decreased (0.786279 --> 0.783863).  Saving model ...
Updating learning rate to 5.904900000000001e-05
	iters: 100, epoch: 9 | loss: 0.8039351
	speed: 0.2986s/iter; left time: 7634.7165s
	iters: 200, epoch: 9 | loss: 0.6584473
	speed: 0.1300s/iter; left time: 3311.3440s
Epoch: 9 cost time: 36.2552924156189
Epoch: 9, Steps: 279 | Train Loss: 0.7587128 Vali Loss: 0.7823138 Test Loss: 0.3599084
Validation loss decreased (0.783863 --> 0.782314).  Saving model ...
Updating learning rate to 5.3144100000000005e-05
	iters: 100, epoch: 10 | loss: 0.7110285
	speed: 0.2981s/iter; left time: 7540.1343s
	iters: 200, epoch: 10 | loss: 0.8310870
	speed: 0.1301s/iter; left time: 3276.9734s
Epoch: 10 cost time: 36.27020263671875
Epoch: 10, Steps: 279 | Train Loss: 0.7562126 Vali Loss: 0.7797863 Test Loss: 0.3594406
Validation loss decreased (0.782314 --> 0.779786).  Saving model ...
Updating learning rate to 4.782969000000001e-05
	iters: 100, epoch: 11 | loss: 0.8292353
	speed: 0.2989s/iter; left time: 7474.6598s
	iters: 200, epoch: 11 | loss: 0.7584910
	speed: 0.1300s/iter; left time: 3237.8210s
Epoch: 11 cost time: 36.26175546646118
Epoch: 11, Steps: 279 | Train Loss: 0.7542712 Vali Loss: 0.7771769 Test Loss: 0.3590171
Validation loss decreased (0.779786 --> 0.777177).  Saving model ...
Updating learning rate to 4.304672100000001e-05
	iters: 100, epoch: 12 | loss: 0.6812665
	speed: 0.2989s/iter; left time: 7391.9713s
	iters: 200, epoch: 12 | loss: 0.6926200
	speed: 0.1300s/iter; left time: 3201.0253s
Epoch: 12 cost time: 36.26038670539856
Epoch: 12, Steps: 279 | Train Loss: 0.7522628 Vali Loss: 0.7768842 Test Loss: 0.3586586
Validation loss decreased (0.777177 --> 0.776884).  Saving model ...
Updating learning rate to 3.874204890000001e-05
	iters: 100, epoch: 13 | loss: 0.7278957
	speed: 0.2987s/iter; left time: 7304.5382s
	iters: 200, epoch: 13 | loss: 0.6842533
	speed: 0.1299s/iter; left time: 3164.0296s
Epoch: 13 cost time: 36.2655234336853
Epoch: 13, Steps: 279 | Train Loss: 0.7506543 Vali Loss: 0.7756452 Test Loss: 0.3583531
Validation loss decreased (0.776884 --> 0.775645).  Saving model ...
Updating learning rate to 3.486784401000001e-05
	iters: 100, epoch: 14 | loss: 0.7791761
	speed: 0.2990s/iter; left time: 7227.1420s
	iters: 200, epoch: 14 | loss: 0.7896931
	speed: 0.1299s/iter; left time: 3126.1578s
Epoch: 14 cost time: 36.26771664619446
Epoch: 14, Steps: 279 | Train Loss: 0.7493486 Vali Loss: 0.7745212 Test Loss: 0.3580852
Validation loss decreased (0.775645 --> 0.774521).  Saving model ...
Updating learning rate to 3.138105960900001e-05
	iters: 100, epoch: 15 | loss: 0.7631520
	speed: 0.2989s/iter; left time: 7141.7305s
	iters: 200, epoch: 15 | loss: 0.7800224
	speed: 0.1299s/iter; left time: 3091.1662s
Epoch: 15 cost time: 36.269994020462036
Epoch: 15, Steps: 279 | Train Loss: 0.7475832 Vali Loss: 0.7740985 Test Loss: 0.3578483
Validation loss decreased (0.774521 --> 0.774099).  Saving model ...
Updating learning rate to 2.824295364810001e-05
	iters: 100, epoch: 16 | loss: 0.8360546
	speed: 0.2984s/iter; left time: 7046.7222s
	iters: 200, epoch: 16 | loss: 0.7844514
	speed: 0.1299s/iter; left time: 3055.4153s
Epoch: 16 cost time: 36.286633253097534
Epoch: 16, Steps: 279 | Train Loss: 0.7468603 Vali Loss: 0.7742493 Test Loss: 0.3576109
EarlyStopping counter: 1 out of 20
Updating learning rate to 2.541865828329001e-05
	iters: 100, epoch: 17 | loss: 0.7656749
	speed: 0.2986s/iter; left time: 6969.5512s
	iters: 200, epoch: 17 | loss: 0.7309209
	speed: 0.1299s/iter; left time: 3019.4948s
Epoch: 17 cost time: 36.28707551956177
Epoch: 17, Steps: 279 | Train Loss: 0.7458191 Vali Loss: 0.7723924 Test Loss: 0.3574142
Validation loss decreased (0.774099 --> 0.772392).  Saving model ...
Updating learning rate to 2.287679245496101e-05
	iters: 100, epoch: 18 | loss: 0.7499723
	speed: 0.2985s/iter; left time: 6882.7481s
	iters: 200, epoch: 18 | loss: 0.8404113
	speed: 0.1299s/iter; left time: 2982.1058s
Epoch: 18 cost time: 36.26493835449219
Epoch: 18, Steps: 279 | Train Loss: 0.7446303 Vali Loss: 0.7708706 Test Loss: 0.3572320
Validation loss decreased (0.772392 --> 0.770871).  Saving model ...
Updating learning rate to 2.0589113209464907e-05
	iters: 100, epoch: 19 | loss: 0.7488044
	speed: 0.2991s/iter; left time: 6814.1965s
	iters: 200, epoch: 19 | loss: 0.6671141
	speed: 0.1299s/iter; left time: 2944.8753s
Epoch: 19 cost time: 36.258890867233276
Epoch: 19, Steps: 279 | Train Loss: 0.7437629 Vali Loss: 0.7720307 Test Loss: 0.3570594
EarlyStopping counter: 1 out of 20
Updating learning rate to 1.8530201888518416e-05
	iters: 100, epoch: 20 | loss: 0.7084507
	speed: 0.2978s/iter; left time: 6699.4426s
	iters: 200, epoch: 20 | loss: 0.7334884
	speed: 0.1299s/iter; left time: 2909.1679s
Epoch: 20 cost time: 36.25055909156799
Epoch: 20, Steps: 279 | Train Loss: 0.7431972 Vali Loss: 0.7710668 Test Loss: 0.3569100
EarlyStopping counter: 2 out of 20
Updating learning rate to 1.6677181699666577e-05
	iters: 100, epoch: 21 | loss: 0.7154905
	speed: 0.2985s/iter; left time: 6633.8869s
	iters: 200, epoch: 21 | loss: 0.8025387
	speed: 0.1298s/iter; left time: 2871.8165s
Epoch: 21 cost time: 36.238093852996826
Epoch: 21, Steps: 279 | Train Loss: 0.7427085 Vali Loss: 0.7703565 Test Loss: 0.3567716
Validation loss decreased (0.770871 --> 0.770357).  Saving model ...
Updating learning rate to 1.5009463529699919e-05
	iters: 100, epoch: 22 | loss: 0.6696545
	speed: 0.2984s/iter; left time: 6548.2920s
	iters: 200, epoch: 22 | loss: 0.7255620
	speed: 0.1298s/iter; left time: 2834.6680s
Epoch: 22 cost time: 36.22078847885132
Epoch: 22, Steps: 279 | Train Loss: 0.7419175 Vali Loss: 0.7691584 Test Loss: 0.3566482
Validation loss decreased (0.770357 --> 0.769158).  Saving model ...
Updating learning rate to 1.3508517176729929e-05
	iters: 100, epoch: 23 | loss: 0.7735471
	speed: 0.2988s/iter; left time: 6472.7665s
	iters: 200, epoch: 23 | loss: 0.7563169
	speed: 0.1298s/iter; left time: 2798.4357s
Epoch: 23 cost time: 36.21481966972351
Epoch: 23, Steps: 279 | Train Loss: 0.7415064 Vali Loss: 0.7681068 Test Loss: 0.3565377
Validation loss decreased (0.769158 --> 0.768107).  Saving model ...
Updating learning rate to 1.2157665459056936e-05
	iters: 100, epoch: 24 | loss: 0.7674162
	speed: 0.2988s/iter; left time: 6390.3028s
	iters: 200, epoch: 24 | loss: 0.6819463
	speed: 0.1298s/iter; left time: 2762.4360s
Epoch: 24 cost time: 36.2173810005188
Epoch: 24, Steps: 279 | Train Loss: 0.7405258 Vali Loss: 0.7689117 Test Loss: 0.3564284
EarlyStopping counter: 1 out of 20
Updating learning rate to 1.0941898913151242e-05
	iters: 100, epoch: 25 | loss: 0.7264424
	speed: 0.2979s/iter; left time: 6287.1653s
	iters: 200, epoch: 25 | loss: 0.7766419
	speed: 0.1308s/iter; left time: 2748.1577s
Epoch: 25 cost time: 36.40611672401428
Epoch: 25, Steps: 279 | Train Loss: 0.7403870 Vali Loss: 0.7691305 Test Loss: 0.3563327
EarlyStopping counter: 2 out of 20
Updating learning rate to 9.847709021836118e-06
	iters: 100, epoch: 26 | loss: 0.7380027
	speed: 0.3017s/iter; left time: 6282.4257s
	iters: 200, epoch: 26 | loss: 0.7022711
	speed: 0.1308s/iter; left time: 2711.5098s
Epoch: 26 cost time: 36.501837491989136
Epoch: 26, Steps: 279 | Train Loss: 0.7395963 Vali Loss: 0.7681531 Test Loss: 0.3562456
EarlyStopping counter: 3 out of 20
Updating learning rate to 8.862938119652508e-06
	iters: 100, epoch: 27 | loss: 0.6811593
	speed: 0.3014s/iter; left time: 6192.1853s
	iters: 200, epoch: 27 | loss: 0.7049796
	speed: 0.1306s/iter; left time: 2669.5375s
Epoch: 27 cost time: 36.466084003448486
Epoch: 27, Steps: 279 | Train Loss: 0.7392127 Vali Loss: 0.7681217 Test Loss: 0.3561688
EarlyStopping counter: 4 out of 20
Updating learning rate to 7.976644307687255e-06
	iters: 100, epoch: 28 | loss: 0.6993161
	speed: 0.3015s/iter; left time: 6110.7923s
	iters: 200, epoch: 28 | loss: 0.7131910
	speed: 0.1308s/iter; left time: 2638.7542s
Epoch: 28 cost time: 36.474648237228394
Epoch: 28, Steps: 279 | Train Loss: 0.7389044 Vali Loss: 0.7674074 Test Loss: 0.3561037
Validation loss decreased (0.768107 --> 0.767407).  Saving model ...
Updating learning rate to 7.178979876918531e-06
	iters: 100, epoch: 29 | loss: 0.7526059
	speed: 0.3023s/iter; left time: 6042.6102s
	iters: 200, epoch: 29 | loss: 0.7257698
	speed: 0.1307s/iter; left time: 2598.7694s
Epoch: 29 cost time: 36.48949885368347
Epoch: 29, Steps: 279 | Train Loss: 0.7387451 Vali Loss: 0.7684682 Test Loss: 0.3560399
EarlyStopping counter: 1 out of 20
Updating learning rate to 6.4610818892266776e-06
	iters: 100, epoch: 30 | loss: 0.7320573
	speed: 0.3014s/iter; left time: 5941.0445s
	iters: 200, epoch: 30 | loss: 0.7021886
	speed: 0.1305s/iter; left time: 2558.9224s
Epoch: 30 cost time: 36.49084281921387
Epoch: 30, Steps: 279 | Train Loss: 0.7381311 Vali Loss: 0.7665914 Test Loss: 0.3559788
Validation loss decreased (0.767407 --> 0.766591).  Saving model ...
Updating learning rate to 5.8149737003040096e-06
	iters: 100, epoch: 31 | loss: 0.7630336
	speed: 0.3021s/iter; left time: 5869.6929s
	iters: 200, epoch: 31 | loss: 0.7578024
	speed: 0.1307s/iter; left time: 2527.4770s
Epoch: 31 cost time: 36.501503229141235
Epoch: 31, Steps: 279 | Train Loss: 0.7379109 Vali Loss: 0.7670400 Test Loss: 0.3559287
EarlyStopping counter: 1 out of 20
Updating learning rate to 5.23347633027361e-06
	iters: 100, epoch: 32 | loss: 0.7659268
	speed: 0.3016s/iter; left time: 5775.5759s
	iters: 200, epoch: 32 | loss: 0.6934600
	speed: 0.1307s/iter; left time: 2489.5866s
Epoch: 32 cost time: 36.46013402938843
Epoch: 32, Steps: 279 | Train Loss: 0.7379242 Vali Loss: 0.7653186 Test Loss: 0.3558815
Validation loss decreased (0.766591 --> 0.765319).  Saving model ...
Updating learning rate to 4.710128697246249e-06
	iters: 100, epoch: 33 | loss: 0.7050295
	speed: 0.3026s/iter; left time: 5710.4062s
	iters: 200, epoch: 33 | loss: 0.6953979
	speed: 0.1307s/iter; left time: 2453.5340s
Epoch: 33 cost time: 36.53660488128662
Epoch: 33, Steps: 279 | Train Loss: 0.7377870 Vali Loss: 0.7658913 Test Loss: 0.3558413
EarlyStopping counter: 1 out of 20
Updating learning rate to 4.239115827521624e-06
	iters: 100, epoch: 34 | loss: 0.6940724
	speed: 0.3011s/iter; left time: 5598.2784s
	iters: 200, epoch: 34 | loss: 0.7604086
	speed: 0.1312s/iter; left time: 2426.7724s
Epoch: 34 cost time: 36.55180311203003
Epoch: 34, Steps: 279 | Train Loss: 0.7374323 Vali Loss: 0.7674614 Test Loss: 0.3558043
EarlyStopping counter: 2 out of 20
Updating learning rate to 3.815204244769462e-06
	iters: 100, epoch: 35 | loss: 0.7197312
	speed: 0.3009s/iter; left time: 5510.2258s
	iters: 200, epoch: 35 | loss: 0.6792018
	speed: 0.1312s/iter; left time: 2390.5611s
Epoch: 35 cost time: 36.52957463264465
Epoch: 35, Steps: 279 | Train Loss: 0.7375391 Vali Loss: 0.7663592 Test Loss: 0.3557727
EarlyStopping counter: 3 out of 20
Updating learning rate to 3.4336838202925152e-06
	iters: 100, epoch: 36 | loss: 0.7688407
	speed: 0.3008s/iter; left time: 5425.4945s
	iters: 200, epoch: 36 | loss: 0.6627493
	speed: 0.1314s/iter; left time: 2356.3949s
Epoch: 36 cost time: 36.53040599822998
Epoch: 36, Steps: 279 | Train Loss: 0.7372224 Vali Loss: 0.7664309 Test Loss: 0.3557403
EarlyStopping counter: 4 out of 20
Updating learning rate to 3.090315438263264e-06
	iters: 100, epoch: 37 | loss: 0.7529576
	speed: 0.3003s/iter; left time: 5332.6690s
	iters: 200, epoch: 37 | loss: 0.6470068
	speed: 0.1314s/iter; left time: 2319.9032s
Epoch: 37 cost time: 36.548991441726685
Epoch: 37, Steps: 279 | Train Loss: 0.7370476 Vali Loss: 0.7664836 Test Loss: 0.3557142
EarlyStopping counter: 5 out of 20
Updating learning rate to 2.7812838944369375e-06
	iters: 100, epoch: 38 | loss: 0.7278892
	speed: 0.3007s/iter; left time: 5255.2419s
	iters: 200, epoch: 38 | loss: 0.7350784
	speed: 0.1314s/iter; left time: 2282.9139s
Epoch: 38 cost time: 36.54171347618103
Epoch: 38, Steps: 279 | Train Loss: 0.7372089 Vali Loss: 0.7656341 Test Loss: 0.3556871
EarlyStopping counter: 6 out of 20
Updating learning rate to 2.503155504993244e-06
	iters: 100, epoch: 39 | loss: 0.7021723
	speed: 0.3005s/iter; left time: 5169.1594s
	iters: 200, epoch: 39 | loss: 0.6694991
	speed: 0.1313s/iter; left time: 2244.8852s
Epoch: 39 cost time: 36.53744053840637
Epoch: 39, Steps: 279 | Train Loss: 0.7368738 Vali Loss: 0.7666979 Test Loss: 0.3556633
EarlyStopping counter: 7 out of 20
Updating learning rate to 2.2528399544939195e-06
	iters: 100, epoch: 40 | loss: 0.6723060
	speed: 0.3010s/iter; left time: 5092.6588s
	iters: 200, epoch: 40 | loss: 0.8291563
	speed: 0.1314s/iter; left time: 2210.9731s
Epoch: 40 cost time: 36.5434296131134
Epoch: 40, Steps: 279 | Train Loss: 0.7366937 Vali Loss: 0.7655607 Test Loss: 0.3556424
EarlyStopping counter: 8 out of 20
Updating learning rate to 2.0275559590445276e-06
	iters: 100, epoch: 41 | loss: 0.8269649
	speed: 0.3004s/iter; left time: 4998.6309s
	iters: 200, epoch: 41 | loss: 0.7109914
	speed: 0.1313s/iter; left time: 2172.1425s
Epoch: 41 cost time: 36.53956079483032
Epoch: 41, Steps: 279 | Train Loss: 0.7364777 Vali Loss: 0.7659444 Test Loss: 0.3556251
EarlyStopping counter: 9 out of 20
Updating learning rate to 1.8248003631400751e-06
	iters: 100, epoch: 42 | loss: 0.6286245
	speed: 0.3005s/iter; left time: 4916.6218s
	iters: 200, epoch: 42 | loss: 0.7262446
	speed: 0.1313s/iter; left time: 2135.2191s
Epoch: 42 cost time: 36.53629684448242
Epoch: 42, Steps: 279 | Train Loss: 0.7365051 Vali Loss: 0.7649782 Test Loss: 0.3556089
Validation loss decreased (0.765319 --> 0.764978).  Saving model ...
Updating learning rate to 1.6423203268260676e-06
	iters: 100, epoch: 43 | loss: 0.8094946
	speed: 0.3014s/iter; left time: 4847.2558s
	iters: 200, epoch: 43 | loss: 0.7311928
	speed: 0.1312s/iter; left time: 2096.8508s
Epoch: 43 cost time: 36.52262997627258
Epoch: 43, Steps: 279 | Train Loss: 0.7366468 Vali Loss: 0.7657343 Test Loss: 0.3555938
EarlyStopping counter: 1 out of 20
Updating learning rate to 1.4780882941434609e-06
	iters: 100, epoch: 44 | loss: 0.6755132
	speed: 0.3009s/iter; left time: 4755.3442s
	iters: 200, epoch: 44 | loss: 0.7199634
	speed: 0.1314s/iter; left time: 2063.1368s
Epoch: 44 cost time: 36.554126262664795
Epoch: 44, Steps: 279 | Train Loss: 0.7366256 Vali Loss: 0.7660898 Test Loss: 0.3555810
EarlyStopping counter: 2 out of 20
Updating learning rate to 1.3302794647291146e-06
	iters: 100, epoch: 45 | loss: 0.8337577
	speed: 0.3008s/iter; left time: 4669.2443s
	iters: 200, epoch: 45 | loss: 0.8295317
	speed: 0.1314s/iter; left time: 2026.6430s
Epoch: 45 cost time: 36.52760028839111
Epoch: 45, Steps: 279 | Train Loss: 0.7362756 Vali Loss: 0.7651567 Test Loss: 0.3555702
EarlyStopping counter: 3 out of 20
Updating learning rate to 1.1972515182562034e-06
	iters: 100, epoch: 46 | loss: 0.7831665
	speed: 0.3004s/iter; left time: 4580.6209s
	iters: 200, epoch: 46 | loss: 0.7392926
	speed: 0.1313s/iter; left time: 1988.9581s
Epoch: 46 cost time: 36.547598123550415
Epoch: 46, Steps: 279 | Train Loss: 0.7364503 Vali Loss: 0.7658908 Test Loss: 0.3555585
EarlyStopping counter: 4 out of 20
Updating learning rate to 1.077526366430583e-06
	iters: 100, epoch: 47 | loss: 0.7302338
	speed: 0.3008s/iter; left time: 4502.2230s
	iters: 200, epoch: 47 | loss: 0.6420350
	speed: 0.1312s/iter; left time: 1950.7880s
Epoch: 47 cost time: 36.52676606178284
Epoch: 47, Steps: 279 | Train Loss: 0.7364370 Vali Loss: 0.7648926 Test Loss: 0.3555487
Validation loss decreased (0.764978 --> 0.764893).  Saving model ...
Updating learning rate to 9.697737297875248e-07
	iters: 100, epoch: 48 | loss: 0.7404497
	speed: 0.3015s/iter; left time: 4429.0631s
	iters: 200, epoch: 48 | loss: 0.7832591
	speed: 0.1311s/iter; left time: 1912.8514s
Epoch: 48 cost time: 36.554502725601196
Epoch: 48, Steps: 279 | Train Loss: 0.7361518 Vali Loss: 0.7645426 Test Loss: 0.3555396
Validation loss decreased (0.764893 --> 0.764543).  Saving model ...
Updating learning rate to 8.727963568087723e-07
	iters: 100, epoch: 49 | loss: 0.6243009
	speed: 0.3016s/iter; left time: 4345.6735s
	iters: 200, epoch: 49 | loss: 0.7676584
	speed: 0.1311s/iter; left time: 1875.4975s
Epoch: 49 cost time: 36.54063582420349
Epoch: 49, Steps: 279 | Train Loss: 0.7363150 Vali Loss: 0.7649463 Test Loss: 0.3555323
EarlyStopping counter: 1 out of 20
Updating learning rate to 7.855167211278951e-07
	iters: 100, epoch: 50 | loss: 0.7436953
	speed: 0.3006s/iter; left time: 4247.9377s
	iters: 200, epoch: 50 | loss: 0.7558656
	speed: 0.1310s/iter; left time: 1837.9605s
Epoch: 50 cost time: 36.55093240737915
Epoch: 50, Steps: 279 | Train Loss: 0.7363452 Vali Loss: 0.7654974 Test Loss: 0.3555248
EarlyStopping counter: 2 out of 20
Updating learning rate to 7.069650490151056e-07
	iters: 100, epoch: 51 | loss: 0.7681211
	speed: 0.3012s/iter; left time: 4172.0228s
	iters: 200, epoch: 51 | loss: 0.8212634
	speed: 0.1310s/iter; left time: 1800.7074s
Epoch: 51 cost time: 36.55030393600464
Epoch: 51, Steps: 279 | Train Loss: 0.7363251 Vali Loss: 0.7643991 Test Loss: 0.3555182
Validation loss decreased (0.764543 --> 0.764399).  Saving model ...
Updating learning rate to 6.36268544113595e-07
	iters: 100, epoch: 52 | loss: 0.7079388
	speed: 0.3017s/iter; left time: 4095.0580s
	iters: 200, epoch: 52 | loss: 0.7271627
	speed: 0.1310s/iter; left time: 1764.2600s
Epoch: 52 cost time: 36.54829502105713
Epoch: 52, Steps: 279 | Train Loss: 0.7360274 Vali Loss: 0.7642442 Test Loss: 0.3555129
Validation loss decreased (0.764399 --> 0.764244).  Saving model ...
Updating learning rate to 5.726416897022355e-07
	iters: 100, epoch: 53 | loss: 0.6418076
	speed: 0.3015s/iter; left time: 4007.8685s
	iters: 200, epoch: 53 | loss: 0.7648751
	speed: 0.1309s/iter; left time: 1727.3361s
Epoch: 53 cost time: 36.523239612579346
Epoch: 53, Steps: 279 | Train Loss: 0.7361376 Vali Loss: 0.7658396 Test Loss: 0.3555070
EarlyStopping counter: 1 out of 20
Updating learning rate to 5.15377520732012e-07
	iters: 100, epoch: 54 | loss: 0.8284734
	speed: 0.3009s/iter; left time: 3915.6722s
	iters: 200, epoch: 54 | loss: 0.9167191
	speed: 0.1308s/iter; left time: 1689.6931s
Epoch: 54 cost time: 36.531954288482666
Epoch: 54, Steps: 279 | Train Loss: 0.7361960 Vali Loss: 0.7648613 Test Loss: 0.3555033
EarlyStopping counter: 2 out of 20
Updating learning rate to 4.6383976865881085e-07
	iters: 100, epoch: 55 | loss: 0.7466159
	speed: 0.3014s/iter; left time: 3837.8485s
	iters: 200, epoch: 55 | loss: 0.6452845
	speed: 0.1308s/iter; left time: 1652.0516s
Epoch: 55 cost time: 36.546342611312866
Epoch: 55, Steps: 279 | Train Loss: 0.7362039 Vali Loss: 0.7641633 Test Loss: 0.3554977
Validation loss decreased (0.764244 --> 0.764163).  Saving model ...
Updating learning rate to 4.174557917929298e-07
	iters: 100, epoch: 56 | loss: 0.7828810
	speed: 0.3019s/iter; left time: 3759.8720s
	iters: 200, epoch: 56 | loss: 0.7281950
	speed: 0.1308s/iter; left time: 1615.8385s
Epoch: 56 cost time: 36.55142140388489
Epoch: 56, Steps: 279 | Train Loss: 0.7360054 Vali Loss: 0.7656721 Test Loss: 0.3554940
EarlyStopping counter: 1 out of 20
Updating learning rate to 3.7571021261363677e-07
	iters: 100, epoch: 57 | loss: 0.7106677
	speed: 0.3013s/iter; left time: 3668.6637s
	iters: 200, epoch: 57 | loss: 0.6601925
	speed: 0.1306s/iter; left time: 1577.0748s
Epoch: 57 cost time: 36.5458197593689
Epoch: 57, Steps: 279 | Train Loss: 0.7359595 Vali Loss: 0.7651171 Test Loss: 0.3554915
EarlyStopping counter: 2 out of 20
Updating learning rate to 3.381391913522731e-07
	iters: 100, epoch: 58 | loss: 0.8312681
	speed: 0.3014s/iter; left time: 3586.3127s
	iters: 200, epoch: 58 | loss: 0.7394334
	speed: 0.1306s/iter; left time: 1541.0837s
Epoch: 58 cost time: 36.519352436065674
Epoch: 58, Steps: 279 | Train Loss: 0.7361660 Vali Loss: 0.7651951 Test Loss: 0.3554880
EarlyStopping counter: 3 out of 20
Updating learning rate to 3.043252722170458e-07
	iters: 100, epoch: 59 | loss: 0.7847983
	speed: 0.3011s/iter; left time: 3498.5062s
	iters: 200, epoch: 59 | loss: 0.7483074
	speed: 0.1307s/iter; left time: 1505.5244s
Epoch: 59 cost time: 36.53846335411072
Epoch: 59, Steps: 279 | Train Loss: 0.7359704 Vali Loss: 0.7646347 Test Loss: 0.3554858
EarlyStopping counter: 4 out of 20
Updating learning rate to 2.7389274499534124e-07
	iters: 100, epoch: 60 | loss: 0.6810447
	speed: 0.3014s/iter; left time: 3418.4191s
	iters: 200, epoch: 60 | loss: 0.7367512
	speed: 0.1308s/iter; left time: 1470.1138s
Epoch: 60 cost time: 36.529064416885376
Epoch: 60, Steps: 279 | Train Loss: 0.7360264 Vali Loss: 0.7659755 Test Loss: 0.3554829
EarlyStopping counter: 5 out of 20
Updating learning rate to 2.465034704958071e-07
	iters: 100, epoch: 61 | loss: 0.7805101
	speed: 0.3009s/iter; left time: 3328.5184s
	iters: 200, epoch: 61 | loss: 0.7730888
	speed: 0.1307s/iter; left time: 1433.0885s
Epoch: 61 cost time: 36.53477692604065
Epoch: 61, Steps: 279 | Train Loss: 0.7359173 Vali Loss: 0.7663965 Test Loss: 0.3554816
EarlyStopping counter: 6 out of 20
Updating learning rate to 2.218531234462264e-07
	iters: 100, epoch: 62 | loss: 0.7982760
	speed: 0.3010s/iter; left time: 3245.5323s
	iters: 200, epoch: 62 | loss: 0.8040853
	speed: 0.1308s/iter; left time: 1397.0416s
Epoch: 62 cost time: 36.54269337654114
Epoch: 62, Steps: 279 | Train Loss: 0.7361188 Vali Loss: 0.7632700 Test Loss: 0.3554815
Validation loss decreased (0.764163 --> 0.763270).  Saving model ...
Updating learning rate to 1.9966781110160376e-07
	iters: 100, epoch: 63 | loss: 0.7108096
	speed: 0.3018s/iter; left time: 3169.6490s
	iters: 200, epoch: 63 | loss: 0.7785542
	speed: 0.1307s/iter; left time: 1359.9343s
Epoch: 63 cost time: 36.54504084587097
Epoch: 63, Steps: 279 | Train Loss: 0.7360241 Vali Loss: 0.7643345 Test Loss: 0.3554789
EarlyStopping counter: 1 out of 20
Updating learning rate to 1.797010299914434e-07
	iters: 100, epoch: 64 | loss: 0.8417584
	speed: 0.3017s/iter; left time: 3084.7311s
	iters: 200, epoch: 64 | loss: 0.8009102
	speed: 0.1308s/iter; left time: 1323.9798s
Epoch: 64 cost time: 36.534748792648315
Epoch: 64, Steps: 279 | Train Loss: 0.7358268 Vali Loss: 0.7646000 Test Loss: 0.3554779
EarlyStopping counter: 2 out of 20
Updating learning rate to 1.6173092699229907e-07
	iters: 100, epoch: 65 | loss: 0.7700559
	speed: 0.3012s/iter; left time: 2995.0001s
	iters: 200, epoch: 65 | loss: 0.8109562
	speed: 0.1306s/iter; left time: 1285.8286s
Epoch: 65 cost time: 36.52577877044678
Epoch: 65, Steps: 279 | Train Loss: 0.7358781 Vali Loss: 0.7655674 Test Loss: 0.3554751
EarlyStopping counter: 3 out of 20
Updating learning rate to 1.4555783429306916e-07
	iters: 100, epoch: 66 | loss: 0.6858451
	speed: 0.3012s/iter; left time: 2911.6603s
	iters: 200, epoch: 66 | loss: 0.7955383
	speed: 0.1307s/iter; left time: 1250.4593s
Epoch: 66 cost time: 36.514914751052856
Epoch: 66, Steps: 279 | Train Loss: 0.7360165 Vali Loss: 0.7651551 Test Loss: 0.3554753
EarlyStopping counter: 4 out of 20
Updating learning rate to 1.3100205086376224e-07
	iters: 100, epoch: 67 | loss: 0.7008898
	speed: 0.3017s/iter; left time: 2831.9594s
	iters: 200, epoch: 67 | loss: 0.8068447
	speed: 0.1308s/iter; left time: 1214.4978s
Epoch: 67 cost time: 36.525219678878784
Epoch: 67, Steps: 279 | Train Loss: 0.7359701 Vali Loss: 0.7650586 Test Loss: 0.3554741
EarlyStopping counter: 5 out of 20
Updating learning rate to 1.1790184577738603e-07
	iters: 100, epoch: 68 | loss: 0.7505770
	speed: 0.3022s/iter; left time: 2752.3190s
	iters: 200, epoch: 68 | loss: 0.6929000
	speed: 0.1307s/iter; left time: 1177.3295s
Epoch: 68 cost time: 36.50299572944641
Epoch: 68, Steps: 279 | Train Loss: 0.7360541 Vali Loss: 0.7647887 Test Loss: 0.3554736
EarlyStopping counter: 6 out of 20
Updating learning rate to 1.0611166119964742e-07
	iters: 100, epoch: 69 | loss: 0.7817500
	speed: 0.3014s/iter; left time: 2661.3780s
	iters: 200, epoch: 69 | loss: 0.7768246
	speed: 0.1306s/iter; left time: 1140.4133s
Epoch: 69 cost time: 36.495728969573975
Epoch: 69, Steps: 279 | Train Loss: 0.7360828 Vali Loss: 0.7649474 Test Loss: 0.3554727
EarlyStopping counter: 7 out of 20
Updating learning rate to 9.550049507968268e-08
	iters: 100, epoch: 70 | loss: 0.7701548
	speed: 0.3012s/iter; left time: 2575.1215s
	iters: 200, epoch: 70 | loss: 0.7876763
	speed: 0.1307s/iter; left time: 1104.6467s
Epoch: 70 cost time: 36.48568511009216
Epoch: 70, Steps: 279 | Train Loss: 0.7359102 Vali Loss: 0.7655292 Test Loss: 0.3554715
EarlyStopping counter: 8 out of 20
Updating learning rate to 8.595044557171442e-08
	iters: 100, epoch: 71 | loss: 0.6426688
	speed: 0.3017s/iter; left time: 2495.1108s
	iters: 200, epoch: 71 | loss: 0.6742880
	speed: 0.1307s/iter; left time: 1067.7019s
Epoch: 71 cost time: 36.492790937423706
Epoch: 71, Steps: 279 | Train Loss: 0.7361634 Vali Loss: 0.7664211 Test Loss: 0.3554728
EarlyStopping counter: 9 out of 20
Updating learning rate to 7.735540101454298e-08
	iters: 100, epoch: 72 | loss: 0.7459986
	speed: 0.3024s/iter; left time: 2416.7281s
	iters: 200, epoch: 72 | loss: 0.7431751
	speed: 0.1307s/iter; left time: 1031.4722s
Epoch: 72 cost time: 36.481974601745605
Epoch: 72, Steps: 279 | Train Loss: 0.7359681 Vali Loss: 0.7651730 Test Loss: 0.3554726
EarlyStopping counter: 10 out of 20
Updating learning rate to 6.961986091308869e-08
	iters: 100, epoch: 73 | loss: 0.7394177
	speed: 0.3023s/iter; left time: 2331.5527s
	iters: 200, epoch: 73 | loss: 0.7777658
	speed: 0.1308s/iter; left time: 995.8553s
Epoch: 73 cost time: 36.512627363204956
Epoch: 73, Steps: 279 | Train Loss: 0.7358294 Vali Loss: 0.7656410 Test Loss: 0.3554717
EarlyStopping counter: 11 out of 20
Updating learning rate to 6.265787482177981e-08
	iters: 100, epoch: 74 | loss: 0.7490609
	speed: 0.3022s/iter; left time: 2246.9093s
	iters: 200, epoch: 74 | loss: 0.7628524
	speed: 0.1308s/iter; left time: 959.6148s
Epoch: 74 cost time: 36.45556378364563
Epoch: 74, Steps: 279 | Train Loss: 0.7358518 Vali Loss: 0.7659507 Test Loss: 0.3554705
EarlyStopping counter: 12 out of 20
Updating learning rate to 5.639208733960184e-08
	iters: 100, epoch: 75 | loss: 0.7146256
	speed: 0.2994s/iter; left time: 2142.3152s
	iters: 200, epoch: 75 | loss: 0.6459944
	speed: 0.1299s/iter; left time: 916.7177s
Epoch: 75 cost time: 36.247178077697754
Epoch: 75, Steps: 279 | Train Loss: 0.7362239 Vali Loss: 0.7658955 Test Loss: 0.3554701
EarlyStopping counter: 13 out of 20
Updating learning rate to 5.075287860564165e-08
	iters: 100, epoch: 76 | loss: 0.7389326
	speed: 0.2994s/iter; left time: 2058.7243s
	iters: 200, epoch: 76 | loss: 0.7509903
	speed: 0.1300s/iter; left time: 880.6178s
Epoch: 76 cost time: 36.280877113342285
Epoch: 76, Steps: 279 | Train Loss: 0.7359140 Vali Loss: 0.7651314 Test Loss: 0.3554703
EarlyStopping counter: 14 out of 20
Updating learning rate to 4.567759074507749e-08
	iters: 100, epoch: 77 | loss: 0.6171532
	speed: 0.2993s/iter; left time: 1974.2194s
	iters: 200, epoch: 77 | loss: 0.6671246
	speed: 0.1299s/iter; left time: 843.9036s
Epoch: 77 cost time: 36.26939630508423
Epoch: 77, Steps: 279 | Train Loss: 0.7359507 Vali Loss: 0.7636140 Test Loss: 0.3554696
EarlyStopping counter: 15 out of 20
Updating learning rate to 4.1109831670569744e-08
	iters: 100, epoch: 78 | loss: 0.7697101
	speed: 0.2983s/iter; left time: 1884.6096s
	iters: 200, epoch: 78 | loss: 0.7187101
	speed: 0.1300s/iter; left time: 808.1100s
Epoch: 78 cost time: 36.29650378227234
Epoch: 78, Steps: 279 | Train Loss: 0.7359366 Vali Loss: 0.7651032 Test Loss: 0.3554706
EarlyStopping counter: 16 out of 20
Updating learning rate to 3.6998848503512764e-08
	iters: 100, epoch: 79 | loss: 0.6762819
	speed: 0.2982s/iter; left time: 1800.9461s
	iters: 200, epoch: 79 | loss: 0.7105474
	speed: 0.1300s/iter; left time: 771.7846s
Epoch: 79 cost time: 36.3147828578949
Epoch: 79, Steps: 279 | Train Loss: 0.7361262 Vali Loss: 0.7662543 Test Loss: 0.3554700
EarlyStopping counter: 17 out of 20
Updating learning rate to 3.3298963653161496e-08
	iters: 100, epoch: 80 | loss: 0.7454988
	speed: 0.2989s/iter; left time: 1721.4704s
	iters: 200, epoch: 80 | loss: 0.7303830
	speed: 0.1300s/iter; left time: 735.8596s
Epoch: 80 cost time: 36.32295370101929
Epoch: 80, Steps: 279 | Train Loss: 0.7359548 Vali Loss: 0.7637526 Test Loss: 0.3554700
EarlyStopping counter: 18 out of 20
Updating learning rate to 2.996906728784534e-08
	iters: 100, epoch: 81 | loss: 0.6531674
	speed: 0.2982s/iter; left time: 1634.2598s
	iters: 200, epoch: 81 | loss: 0.7293543
	speed: 0.1300s/iter; left time: 699.5735s
Epoch: 81 cost time: 36.320305824279785
Epoch: 81, Steps: 279 | Train Loss: 0.7358864 Vali Loss: 0.7654915 Test Loss: 0.3554679
EarlyStopping counter: 19 out of 20
Updating learning rate to 2.697216055906081e-08
	iters: 100, epoch: 82 | loss: 0.6707690
	speed: 0.2986s/iter; left time: 1553.4976s
	iters: 200, epoch: 82 | loss: 0.7259706
	speed: 0.1300s/iter; left time: 663.4148s
Epoch: 82 cost time: 36.31716442108154
Epoch: 82, Steps: 279 | Train Loss: 0.7360291 Vali Loss: 0.7644167 Test Loss: 0.3554706
EarlyStopping counter: 20 out of 20
Early stopping
>>>>>>>testing : NL_weather_cms_lr0.001_spc_336_720_PatchTST_custom_ftM_sl336_ll48_pl720_dm128_nh16_el3_dl1_df256_fc1_ebtimeF_dtTruelr0.001_polspc_Nested_Learning_0<<<<<<<<<<<<<<<<<<<<<<<<<<<<<<<<<
test 9820
 Ejecutando Inferencia DINÁMICA (Nested Learning con cms)
  -> Política: spc | LR: 0.001 | Target: head

RESUMEN: El CMS se actualizó 0 veces de 76 posibles.

mse:0.35548147559165955, mae:0.36796849966049194, rse:0.7865510582923889
