==========================================================
SÚPER ARRAY TFG - TAREA ID: 39 / 113
Nodo: dionisio
Dataset: ettm1 | Experimento: NL_ettm1_flatten_lr0.00005_always
Cabeza: flatten | LR: 0.00005 | Política: always
==========================================================
Args in experiment:
Namespace(random_seed=2021, is_training=1, model_id='NL_ettm1_flatten_lr0.00005_always_336_96', model='PatchTST', data='ETTm1', root_path='./dataset/', data_path='ETTm1.csv', features='M', target='OT', freq='h', checkpoints='./checkpoints/', seq_len=336, label_len=48, pred_len=96, head_type='flatten', cms_lr=5e-05, update_policy='always', fc_dropout=0.2, head_dropout=0.0, patch_len=16, stride=8, padding_patch='end', revin=1, affine=0, subtract_last=0, decomposition=0, kernel_size=25, individual=0, embed_type=0, enc_in=7, dec_in=7, c_out=7, d_model=128, n_heads=16, e_layers=3, d_layers=1, d_ff=256, moving_avg=25, factor=1, distil=True, dropout=0.2, embed='timeF', activation='gelu', output_attention=False, do_predict=False, num_workers=0, itr=1, train_epochs=100, batch_size=128, patience=20, learning_rate=0.0001, des='Nested_Learning', loss='mse', lradj='TST', pct_start=0.4, use_amp=False, use_gpu=True, gpu=0, use_multi_gpu=False, devices='0,1,2,3', test_flop=False)
Use GPU: cuda:0
>>>>>>>start training : NL_ettm1_flatten_lr0.00005_always_336_96_PatchTST_ETTm1_ftM_sl336_ll48_pl96_dm128_nh16_el3_dl1_df256_fc1_ebtimeF_dtTruelr5e-05_polalways_Nested_Learning_0>>>>>>>>>>>>>>>>>>>>>>>>>>
train 34129
val 11425
test 11425
	iters: 100, epoch: 1 | loss: 0.6175359
	speed: 0.0675s/iter; left time: 1788.0765s
	iters: 200, epoch: 1 | loss: 0.6071963
	speed: 0.0488s/iter; left time: 1287.5356s
Epoch: 1 cost time: 13.244463443756104
Epoch: 1, Steps: 266 | Train Loss: 0.6219812 Vali Loss: 1.0478907 Test Loss: 0.8187307
Validation loss decreased (inf --> 1.047891).  Saving model ...
Updating learning rate to 4.147995783958166e-06
	iters: 100, epoch: 2 | loss: 0.6405858
	speed: 0.1161s/iter; left time: 3046.0839s
	iters: 200, epoch: 2 | loss: 0.6364462
	speed: 0.0494s/iter; left time: 1290.2628s
Epoch: 2 cost time: 13.120134115219116
Epoch: 2, Steps: 266 | Train Loss: 0.6175924 Vali Loss: 1.0386237 Test Loss: 0.8111872
Validation loss decreased (1.047891 --> 1.038624).  Saving model ...
Updating learning rate to 4.591070521163098e-06
	iters: 100, epoch: 3 | loss: 0.6168072
	speed: 0.1166s/iter; left time: 3028.7345s
	iters: 200, epoch: 3 | loss: 0.6146550
	speed: 0.0496s/iter; left time: 1282.9404s
Epoch: 3 cost time: 13.175503015518188
Epoch: 3, Steps: 266 | Train Loss: 0.6131199 Vali Loss: 1.0280600 Test Loss: 0.8021303
Validation loss decreased (1.038624 --> 1.028060).  Saving model ...
Updating learning rate to 5.326491995236255e-06
	iters: 100, epoch: 4 | loss: 0.6268844
	speed: 0.1171s/iter; left time: 3010.5278s
	iters: 200, epoch: 4 | loss: 0.6426608
	speed: 0.0497s/iter; left time: 1272.7053s
Epoch: 4 cost time: 13.210594654083252
Epoch: 4, Steps: 266 | Train Loss: 0.6080492 Vali Loss: 1.0158006 Test Loss: 0.7919399
Validation loss decreased (1.028060 --> 1.015801).  Saving model ...
Updating learning rate to 6.349725236277868e-06
	iters: 100, epoch: 5 | loss: 0.5756713
	speed: 0.1171s/iter; left time: 2978.4104s
	iters: 200, epoch: 5 | loss: 0.5867544
	speed: 0.0497s/iter; left time: 1260.0414s
Epoch: 5 cost time: 13.214069128036499
Epoch: 5, Steps: 266 | Train Loss: 0.6020366 Vali Loss: 1.0022206 Test Loss: 0.7799113
Validation loss decreased (1.015801 --> 1.002221).  Saving model ...
Updating learning rate to 7.654460485717921e-06
	iters: 100, epoch: 6 | loss: 0.5506979
	speed: 0.1172s/iter; left time: 2950.4515s
	iters: 200, epoch: 6 | loss: 0.6005452
	speed: 0.0497s/iter; left time: 1246.4125s
Epoch: 6 cost time: 13.217456102371216
Epoch: 6, Steps: 266 | Train Loss: 0.5945963 Vali Loss: 0.9857408 Test Loss: 0.7658860
Validation loss decreased (1.002221 --> 0.985741).  Saving model ...
Updating learning rate to 9.232652105385623e-06
	iters: 100, epoch: 7 | loss: 0.5622962
	speed: 0.1171s/iter; left time: 2915.9331s
	iters: 200, epoch: 7 | loss: 0.6287186
	speed: 0.0497s/iter; left time: 1233.3142s
Epoch: 7 cost time: 13.215782880783081
Epoch: 7, Steps: 266 | Train Loss: 0.5864539 Vali Loss: 0.9663115 Test Loss: 0.7492576
Validation loss decreased (0.985741 --> 0.966312).  Saving model ...
Updating learning rate to 1.1074568190864783e-05
	iters: 100, epoch: 8 | loss: 0.5506600
	speed: 0.1172s/iter; left time: 2887.5509s
	iters: 200, epoch: 8 | loss: 0.6320218
	speed: 0.0497s/iter; left time: 1220.2433s
Epoch: 8 cost time: 13.221558094024658
Epoch: 8, Steps: 266 | Train Loss: 0.5762023 Vali Loss: 0.9436068 Test Loss: 0.7301461
Validation loss decreased (0.966312 --> 0.943607).  Saving model ...
Updating learning rate to 1.316885058319476e-05
	iters: 100, epoch: 9 | loss: 0.5399780
	speed: 0.1177s/iter; left time: 2867.9010s
	iters: 200, epoch: 9 | loss: 0.5227401
	speed: 0.0497s/iter; left time: 1207.2167s
Epoch: 9 cost time: 13.216386079788208
Epoch: 9, Steps: 266 | Train Loss: 0.5649474 Vali Loss: 0.9171296 Test Loss: 0.7081375
Validation loss decreased (0.943607 --> 0.917130).  Saving model ...
Updating learning rate to 1.5502584908855415e-05
	iters: 100, epoch: 10 | loss: 0.5214974
	speed: 0.1202s/iter; left time: 2897.3047s
	iters: 200, epoch: 10 | loss: 0.5199033
	speed: 0.0497s/iter; left time: 1192.9461s
Epoch: 10 cost time: 13.20209527015686
Epoch: 10, Steps: 266 | Train Loss: 0.5518684 Vali Loss: 0.8882828 Test Loss: 0.6836405
Validation loss decreased (0.917130 --> 0.888283).  Saving model ...
Updating learning rate to 1.806138021613527e-05
	iters: 100, epoch: 11 | loss: 0.5570078
	speed: 0.1172s/iter; left time: 2793.7102s
	iters: 200, epoch: 11 | loss: 0.5113636
	speed: 0.0497s/iter; left time: 1180.0019s
Epoch: 11 cost time: 13.21872878074646
Epoch: 11, Steps: 266 | Train Loss: 0.5371552 Vali Loss: 0.8556883 Test Loss: 0.6566201
Validation loss decreased (0.888283 --> 0.855688).  Saving model ...
Updating learning rate to 2.0829457716805565e-05
	iters: 100, epoch: 12 | loss: 0.5364614
	speed: 0.1172s/iter; left time: 2762.6986s
	iters: 200, epoch: 12 | loss: 0.5119464
	speed: 0.0498s/iter; left time: 1168.2769s
Epoch: 12 cost time: 13.228076219558716
Epoch: 12, Steps: 266 | Train Loss: 0.5207439 Vali Loss: 0.8206384 Test Loss: 0.6272501
Validation loss decreased (0.855688 --> 0.820638).  Saving model ...
Updating learning rate to 2.3789748085875986e-05
	iters: 100, epoch: 13 | loss: 0.5121714
	speed: 0.1173s/iter; left time: 2733.6168s
	iters: 200, epoch: 13 | loss: 0.4731852
	speed: 0.0497s/iter; left time: 1154.2084s
Epoch: 13 cost time: 13.2316153049469
Epoch: 13, Steps: 266 | Train Loss: 0.5032815 Vali Loss: 0.7829676 Test Loss: 0.5958550
Validation loss decreased (0.820638 --> 0.782968).  Saving model ...
Updating learning rate to 2.6923996719433387e-05
	iters: 100, epoch: 14 | loss: 0.4775460
	speed: 0.1172s/iter; left time: 2700.4140s
	iters: 200, epoch: 14 | loss: 0.4881574
	speed: 0.0497s/iter; left time: 1139.6234s
Epoch: 14 cost time: 13.214702606201172
Epoch: 14, Steps: 266 | Train Loss: 0.4845553 Vali Loss: 0.7427943 Test Loss: 0.5627398
Validation loss decreased (0.782968 --> 0.742794).  Saving model ...
Updating learning rate to 3.021287630149266e-05
	iters: 100, epoch: 15 | loss: 0.4859639
	speed: 0.1172s/iter; left time: 2670.5748s
	iters: 200, epoch: 15 | loss: 0.4513434
	speed: 0.0497s/iter; left time: 1127.8641s
Epoch: 15 cost time: 13.226134538650513
Epoch: 15, Steps: 266 | Train Loss: 0.4646641 Vali Loss: 0.7008706 Test Loss: 0.5284923
Validation loss decreased (0.742794 --> 0.700871).  Saving model ...
Updating learning rate to 3.363610598571669e-05
	iters: 100, epoch: 16 | loss: 0.4531232
	speed: 0.1172s/iter; left time: 2637.5883s
	iters: 200, epoch: 16 | loss: 0.4222868
	speed: 0.0497s/iter; left time: 1113.2941s
Epoch: 16 cost time: 13.210322141647339
Epoch: 16, Steps: 266 | Train Loss: 0.4440094 Vali Loss: 0.6572770 Test Loss: 0.4936312
Validation loss decreased (0.700871 --> 0.657277).  Saving model ...
Updating learning rate to 3.717257645707274e-05
	iters: 100, epoch: 17 | loss: 0.4564517
	speed: 0.1173s/iter; left time: 2610.4197s
	iters: 200, epoch: 17 | loss: 0.4261243
	speed: 0.0497s/iter; left time: 1100.3973s
Epoch: 17 cost time: 13.211956977844238
Epoch: 17, Steps: 266 | Train Loss: 0.4229012 Vali Loss: 0.6132822 Test Loss: 0.4589662
Validation loss decreased (0.657277 --> 0.613282).  Saving model ...
Updating learning rate to 4.08004801022336e-05
	iters: 100, epoch: 18 | loss: 0.4239262
	speed: 0.1171s/iter; left time: 2574.5585s
	iters: 200, epoch: 18 | loss: 0.3701582
	speed: 0.0497s/iter; left time: 1087.8594s
Epoch: 18 cost time: 13.212854385375977
Epoch: 18, Steps: 266 | Train Loss: 0.4016973 Vali Loss: 0.5703441 Test Loss: 0.4255993
Validation loss decreased (0.613282 --> 0.570344).  Saving model ...
Updating learning rate to 4.4497445486028815e-05
	iters: 100, epoch: 19 | loss: 0.3893031
	speed: 0.1171s/iter; left time: 2541.7837s
	iters: 200, epoch: 19 | loss: 0.3712959
	speed: 0.0496s/iter; left time: 1072.8153s
Epoch: 19 cost time: 13.200382709503174
Epoch: 19, Steps: 266 | Train Loss: 0.3813583 Vali Loss: 0.5292431 Test Loss: 0.3949319
Validation loss decreased (0.570344 --> 0.529243).  Saving model ...
Updating learning rate to 4.8240675304698384e-05
	iters: 100, epoch: 20 | loss: 0.3948283
	speed: 0.1172s/iter; left time: 2512.6189s
	iters: 200, epoch: 20 | loss: 0.3727324
	speed: 0.0497s/iter; left time: 1059.9224s
Epoch: 20 cost time: 13.20025110244751
Epoch: 20, Steps: 266 | Train Loss: 0.3623447 Vali Loss: 0.4931473 Test Loss: 0.3688785
Validation loss decreased (0.529243 --> 0.493147).  Saving model ...
Updating learning rate to 5.2007086965261054e-05
	iters: 100, epoch: 21 | loss: 0.3279774
	speed: 0.1172s/iter; left time: 2481.9936s
	iters: 200, epoch: 21 | loss: 0.3258130
	speed: 0.0497s/iter; left time: 1046.9644s
Epoch: 21 cost time: 13.208516120910645
Epoch: 21, Steps: 266 | Train Loss: 0.3457066 Vali Loss: 0.4640505 Test Loss: 0.3493285
Validation loss decreased (0.493147 --> 0.464050).  Saving model ...
Updating learning rate to 5.5773454924116216e-05
	iters: 100, epoch: 22 | loss: 0.3415131
	speed: 0.1171s/iter; left time: 2449.0911s
	iters: 200, epoch: 22 | loss: 0.3426581
	speed: 0.0497s/iter; left time: 1033.5661s
Epoch: 22 cost time: 13.202637434005737
Epoch: 22, Steps: 266 | Train Loss: 0.3325372 Vali Loss: 0.4456291 Test Loss: 0.3368262
Validation loss decreased (0.464050 --> 0.445629).  Saving model ...
Updating learning rate to 5.95165539071495e-05
	iters: 100, epoch: 23 | loss: 0.3643304
	speed: 0.1171s/iter; left time: 2417.0152s
	iters: 200, epoch: 23 | loss: 0.3053068
	speed: 0.0496s/iter; left time: 1019.1839s
Epoch: 23 cost time: 13.18603515625
Epoch: 23, Steps: 266 | Train Loss: 0.3219187 Vali Loss: 0.4325486 Test Loss: 0.3286202
Validation loss decreased (0.445629 --> 0.432549).  Saving model ...
Updating learning rate to 6.321330212817643e-05
	iters: 100, epoch: 24 | loss: 0.3246642
	speed: 0.1169s/iter; left time: 2383.5718s
	iters: 200, epoch: 24 | loss: 0.3119724
	speed: 0.0495s/iter; left time: 1004.8635s
Epoch: 24 cost time: 13.179326295852661
Epoch: 24, Steps: 266 | Train Loss: 0.3134164 Vali Loss: 0.4222449 Test Loss: 0.3228120
Validation loss decreased (0.432549 --> 0.422245).  Saving model ...
Updating learning rate to 6.684090362256924e-05
	iters: 100, epoch: 25 | loss: 0.3007568
	speed: 0.1169s/iter; left time: 2352.6368s
	iters: 200, epoch: 25 | loss: 0.2879632
	speed: 0.0496s/iter; left time: 992.4658s
Epoch: 25 cost time: 13.185663938522339
Epoch: 25, Steps: 266 | Train Loss: 0.3059892 Vali Loss: 0.4146966 Test Loss: 0.3179977
Validation loss decreased (0.422245 --> 0.414697).  Saving model ...
Updating learning rate to 7.037698881836747e-05
	iters: 100, epoch: 26 | loss: 0.2699786
	speed: 0.1169s/iter; left time: 2320.6201s
	iters: 200, epoch: 26 | loss: 0.3121137
	speed: 0.0496s/iter; left time: 979.9477s
Epoch: 26 cost time: 13.184033870697021
Epoch: 26, Steps: 266 | Train Loss: 0.2998621 Vali Loss: 0.4081144 Test Loss: 0.3142853
Validation loss decreased (0.414697 --> 0.408114).  Saving model ...
Updating learning rate to 7.379975247804219e-05
	iters: 100, epoch: 27 | loss: 0.2999356
	speed: 0.1168s/iter; left time: 2287.4655s
	iters: 200, epoch: 27 | loss: 0.2753040
	speed: 0.0496s/iter; left time: 965.8703s
Epoch: 27 cost time: 13.180928468704224
Epoch: 27, Steps: 266 | Train Loss: 0.2947834 Vali Loss: 0.4026805 Test Loss: 0.3112003
Validation loss decreased (0.408114 --> 0.402680).  Saving model ...
Updating learning rate to 7.70880881602968e-05
	iters: 100, epoch: 28 | loss: 0.2763828
	speed: 0.1171s/iter; left time: 2261.3299s
	iters: 200, epoch: 28 | loss: 0.2939671
	speed: 0.0496s/iter; left time: 952.5032s
Epoch: 28 cost time: 13.179352521896362
Epoch: 28, Steps: 266 | Train Loss: 0.2903089 Vali Loss: 0.3982295 Test Loss: 0.3088244
Validation loss decreased (0.402680 --> 0.398229).  Saving model ...
Updating learning rate to 8.02217183727475e-05
	iters: 100, epoch: 29 | loss: 0.2871507
	speed: 0.1168s/iter; left time: 2224.7085s
	iters: 200, epoch: 29 | loss: 0.2719600
	speed: 0.0728s/iter; left time: 1379.4070s
Epoch: 29 cost time: 15.488491296768188
Epoch: 29, Steps: 266 | Train Loss: 0.2864449 Vali Loss: 0.3948506 Test Loss: 0.3067132
Validation loss decreased (0.398229 --> 0.394851).  Saving model ...
Updating learning rate to 8.318131961289731e-05
	iters: 100, epoch: 30 | loss: 0.2857488
	speed: 0.1245s/iter; left time: 2338.1146s
	iters: 200, epoch: 30 | loss: 0.2760623
	speed: 0.0494s/iter; left time: 922.5974s
Epoch: 30 cost time: 13.127117156982422
Epoch: 30, Steps: 266 | Train Loss: 0.2832078 Vali Loss: 0.3916260 Test Loss: 0.3048027
Validation loss decreased (0.394851 --> 0.391626).  Saving model ...
Updating learning rate to 8.59486415263404e-05
	iters: 100, epoch: 31 | loss: 0.2855654
	speed: 0.1170s/iter; left time: 2167.0031s
	iters: 200, epoch: 31 | loss: 0.2694983
	speed: 0.0495s/iter; left time: 912.2368s
Epoch: 31 cost time: 13.166145086288452
Epoch: 31, Steps: 266 | Train Loss: 0.2801944 Vali Loss: 0.3885144 Test Loss: 0.3029352
Validation loss decreased (0.391626 --> 0.388514).  Saving model ...
Updating learning rate to 8.850661944740828e-05
	iters: 100, epoch: 32 | loss: 0.3060424
	speed: 0.1169s/iter; left time: 2134.5832s
	iters: 200, epoch: 32 | loss: 0.2373413
	speed: 0.0496s/iter; left time: 900.9946s
Epoch: 32 cost time: 13.190637826919556
Epoch: 32, Steps: 266 | Train Loss: 0.2773339 Vali Loss: 0.3862895 Test Loss: 0.3013839
Validation loss decreased (0.388514 --> 0.386290).  Saving model ...
Updating learning rate to 9.083947962827694e-05
	iters: 100, epoch: 33 | loss: 0.2945598
	speed: 0.1170s/iter; left time: 2105.3892s
	iters: 200, epoch: 33 | loss: 0.2855099
	speed: 0.0496s/iter; left time: 886.9809s
Epoch: 33 cost time: 13.182963848114014
Epoch: 33, Steps: 266 | Train Loss: 0.2747909 Vali Loss: 0.3844745 Test Loss: 0.2998393
Validation loss decreased (0.386290 --> 0.384474).  Saving model ...
Updating learning rate to 9.293283650764084e-05
	iters: 100, epoch: 34 | loss: 0.2938446
	speed: 0.1169s/iter; left time: 2071.6840s
	iters: 200, epoch: 34 | loss: 0.2537177
	speed: 0.0496s/iter; left time: 873.8324s
Epoch: 34 cost time: 13.183397769927979
Epoch: 34, Steps: 266 | Train Loss: 0.2721285 Vali Loss: 0.3819793 Test Loss: 0.2983769
Validation loss decreased (0.384474 --> 0.381979).  Saving model ...
Updating learning rate to 9.477378141914727e-05
	iters: 100, epoch: 35 | loss: 0.2863258
	speed: 0.1169s/iter; left time: 2040.0494s
	iters: 200, epoch: 35 | loss: 0.2625177
	speed: 0.0496s/iter; left time: 860.7860s
Epoch: 35 cost time: 13.190906047821045
Epoch: 35, Steps: 266 | Train Loss: 0.2695384 Vali Loss: 0.3802189 Test Loss: 0.2972943
Validation loss decreased (0.381979 --> 0.380219).  Saving model ...
Updating learning rate to 9.635096219257111e-05
	iters: 100, epoch: 36 | loss: 0.2611853
	speed: 0.1170s/iter; left time: 2011.4982s
	iters: 200, epoch: 36 | loss: 0.2907807
	speed: 0.0496s/iter; left time: 847.5168s
Epoch: 36 cost time: 13.18621015548706
Epoch: 36, Steps: 266 | Train Loss: 0.2673053 Vali Loss: 0.3796198 Test Loss: 0.2962902
Validation loss decreased (0.380219 --> 0.379620).  Saving model ...
Updating learning rate to 9.765465315687045e-05
	iters: 100, epoch: 37 | loss: 0.2763563
	speed: 0.1169s/iter; left time: 1978.7781s
	iters: 200, epoch: 37 | loss: 0.2381036
	speed: 0.0496s/iter; left time: 835.2912s
Epoch: 37 cost time: 13.188222408294678
Epoch: 37, Steps: 266 | Train Loss: 0.2648713 Vali Loss: 0.3781350 Test Loss: 0.2951487
Validation loss decreased (0.379620 --> 0.378135).  Saving model ...
Updating learning rate to 9.867681511344941e-05
	iters: 100, epoch: 38 | loss: 0.2846773
	speed: 0.1170s/iter; left time: 1949.0871s
	iters: 200, epoch: 38 | loss: 0.2723518
	speed: 0.0496s/iter; left time: 821.1620s
Epoch: 38 cost time: 13.179945230484009
Epoch: 38, Steps: 266 | Train Loss: 0.2627019 Vali Loss: 0.3763107 Test Loss: 0.2940269
Validation loss decreased (0.378135 --> 0.376311).  Saving model ...
Updating learning rate to 9.941114490980398e-05
	iters: 100, epoch: 39 | loss: 0.2633112
	speed: 0.1168s/iter; left time: 1914.7375s
	iters: 200, epoch: 39 | loss: 0.2614193
	speed: 0.0495s/iter; left time: 807.0421s
Epoch: 39 cost time: 13.176611185073853
Epoch: 39, Steps: 266 | Train Loss: 0.2608781 Vali Loss: 0.3742921 Test Loss: 0.2930559
Validation loss decreased (0.376311 --> 0.374292).  Saving model ...
Updating learning rate to 9.98531143078552e-05
	iters: 100, epoch: 40 | loss: 0.2637383
	speed: 0.1169s/iter; left time: 1884.5392s
	iters: 200, epoch: 40 | loss: 0.2258638
	speed: 0.0496s/iter; left time: 794.4293s
Epoch: 40 cost time: 13.17518949508667
Epoch: 40, Steps: 266 | Train Loss: 0.2590065 Vali Loss: 0.3736978 Test Loss: 0.2923594
Validation loss decreased (0.374292 --> 0.373698).  Saving model ...
Updating learning rate to 9.999999903133806e-05
	iters: 100, epoch: 41 | loss: 0.2383985
	speed: 0.1167s/iter; left time: 1851.2851s
	iters: 200, epoch: 41 | loss: 0.2455036
	speed: 0.0495s/iter; left time: 780.4152s
Epoch: 41 cost time: 13.172079086303711
Epoch: 41, Steps: 266 | Train Loss: 0.2575052 Vali Loss: 0.3719063 Test Loss: 0.2914669
Validation loss decreased (0.373698 --> 0.371906).  Saving model ...
Updating learning rate to 9.993096095176514e-05
	iters: 100, epoch: 42 | loss: 0.2335187
	speed: 0.1168s/iter; left time: 1821.3653s
	iters: 200, epoch: 42 | loss: 0.2647584
	speed: 0.0495s/iter; left time: 767.5113s
Epoch: 42 cost time: 13.170223712921143
Epoch: 42, Steps: 266 | Train Loss: 0.2561776 Vali Loss: 0.3704638 Test Loss: 0.2908506
Validation loss decreased (0.371906 --> 0.370464).  Saving model ...
Updating learning rate to 9.972506612706808e-05
	iters: 100, epoch: 43 | loss: 0.2771488
	speed: 0.1167s/iter; left time: 1789.6015s
	iters: 200, epoch: 43 | loss: 0.2409905
	speed: 0.0495s/iter; left time: 754.5779s
Epoch: 43 cost time: 13.168485641479492
Epoch: 43, Steps: 266 | Train Loss: 0.2549108 Vali Loss: 0.3703492 Test Loss: 0.2905537
Validation loss decreased (0.370464 --> 0.370349).  Saving model ...
Updating learning rate to 9.93828789006498e-05
	iters: 100, epoch: 44 | loss: 0.2774704
	speed: 0.1167s/iter; left time: 1757.5127s
	iters: 200, epoch: 44 | loss: 0.2364390
	speed: 0.0495s/iter; left time: 740.9651s
Epoch: 44 cost time: 13.16826319694519
Epoch: 44, Steps: 266 | Train Loss: 0.2539538 Vali Loss: 0.3701847 Test Loss: 0.2900138
Validation loss decreased (0.370349 --> 0.370185).  Saving model ...
Updating learning rate to 9.890533718391275e-05
	iters: 100, epoch: 45 | loss: 0.2441140
	speed: 0.1169s/iter; left time: 1729.6375s
	iters: 200, epoch: 45 | loss: 0.2516159
	speed: 0.0495s/iter; left time: 728.0355s
Epoch: 45 cost time: 13.177095174789429
Epoch: 45, Steps: 266 | Train Loss: 0.2527252 Vali Loss: 0.3689635 Test Loss: 0.2897094
Validation loss decreased (0.370185 --> 0.368963).  Saving model ...
Updating learning rate to 9.829374988550901e-05
	iters: 100, epoch: 46 | loss: 0.2491674
	speed: 0.1169s/iter; left time: 1698.2113s
	iters: 200, epoch: 46 | loss: 0.2522391
	speed: 0.0495s/iter; left time: 713.9647s
Epoch: 46 cost time: 13.164551734924316
Epoch: 46, Steps: 266 | Train Loss: 0.2517826 Vali Loss: 0.3682407 Test Loss: 0.2893129
Validation loss decreased (0.368963 --> 0.368241).  Saving model ...
Updating learning rate to 9.754979332371259e-05
	iters: 100, epoch: 47 | loss: 0.2574261
	speed: 0.1168s/iter; left time: 1665.8165s
	iters: 200, epoch: 47 | loss: 0.2540905
	speed: 0.0495s/iter; left time: 700.9108s
Epoch: 47 cost time: 13.163774490356445
Epoch: 47, Steps: 266 | Train Loss: 0.2508744 Vali Loss: 0.3669516 Test Loss: 0.2889992
Validation loss decreased (0.368241 --> 0.366952).  Saving model ...
Updating learning rate to 9.667550663174757e-05
	iters: 100, epoch: 48 | loss: 0.2353565
	speed: 0.1168s/iter; left time: 1635.3776s
	iters: 200, epoch: 48 | loss: 0.2422235
	speed: 0.0495s/iter; left time: 687.8482s
Epoch: 48 cost time: 13.166176080703735
Epoch: 48, Steps: 266 | Train Loss: 0.2500161 Vali Loss: 0.3669887 Test Loss: 0.2888472
EarlyStopping counter: 1 out of 20
Updating learning rate to 9.567328616866573e-05
	iters: 100, epoch: 49 | loss: 0.2663750
	speed: 0.1163s/iter; left time: 1597.0153s
	iters: 200, epoch: 49 | loss: 0.2486343
	speed: 0.0495s/iter; left time: 674.4848s
Epoch: 49 cost time: 13.163696765899658
Epoch: 49, Steps: 266 | Train Loss: 0.2491484 Vali Loss: 0.3657227 Test Loss: 0.2883687
Validation loss decreased (0.366952 --> 0.365723).  Saving model ...
Updating learning rate to 9.454587895109285e-05
	iters: 100, epoch: 50 | loss: 0.2442361
	speed: 0.1168s/iter; left time: 1573.4373s
	iters: 200, epoch: 50 | loss: 0.2384998
	speed: 0.0495s/iter; left time: 661.3711s
Epoch: 50 cost time: 13.167430877685547
Epoch: 50, Steps: 266 | Train Loss: 0.2485843 Vali Loss: 0.3650075 Test Loss: 0.2880371
Validation loss decreased (0.365723 --> 0.365008).  Saving model ...
Updating learning rate to 9.329637512384722e-05
	iters: 100, epoch: 51 | loss: 0.2193400
	speed: 0.1169s/iter; left time: 1542.9450s
	iters: 200, epoch: 51 | loss: 0.2552326
	speed: 0.0495s/iter; left time: 648.1807s
Epoch: 51 cost time: 13.163339376449585
Epoch: 51, Steps: 266 | Train Loss: 0.2475617 Vali Loss: 0.3656192 Test Loss: 0.2881134
EarlyStopping counter: 1 out of 20
Updating learning rate to 9.192819949006735e-05
	iters: 100, epoch: 52 | loss: 0.2421388
	speed: 0.1163s/iter; left time: 1504.6510s
	iters: 200, epoch: 52 | loss: 0.2440049
	speed: 0.0495s/iter; left time: 635.0515s
Epoch: 52 cost time: 13.166468620300293
Epoch: 52, Steps: 266 | Train Loss: 0.2468988 Vali Loss: 0.3642979 Test Loss: 0.2878169
Validation loss decreased (0.365008 --> 0.364298).  Saving model ...
Updating learning rate to 9.044510212406473e-05
	iters: 100, epoch: 53 | loss: 0.2337864
	speed: 0.1168s/iter; left time: 1480.3261s
	iters: 200, epoch: 53 | loss: 0.2370833
	speed: 0.0495s/iter; left time: 621.9108s
Epoch: 53 cost time: 13.169034719467163
Epoch: 53, Steps: 266 | Train Loss: 0.2462884 Vali Loss: 0.3636158 Test Loss: 0.2879089
Validation loss decreased (0.364298 --> 0.363616).  Saving model ...
Updating learning rate to 8.885114809263072e-05
	iters: 100, epoch: 54 | loss: 0.2353685
	speed: 0.1168s/iter; left time: 1448.6141s
	iters: 200, epoch: 54 | loss: 0.2377732
	speed: 0.0495s/iter; left time: 608.5786s
Epoch: 54 cost time: 13.166210174560547
Epoch: 54, Steps: 266 | Train Loss: 0.2455312 Vali Loss: 0.3639016 Test Loss: 0.2877406
EarlyStopping counter: 1 out of 20
Updating learning rate to 8.71507063129711e-05
	iters: 100, epoch: 55 | loss: 0.2302566
	speed: 0.1165s/iter; left time: 1413.8381s
	iters: 200, epoch: 55 | loss: 0.2577631
	speed: 0.0495s/iter; left time: 595.7247s
Epoch: 55 cost time: 13.168442010879517
Epoch: 55, Steps: 266 | Train Loss: 0.2450766 Vali Loss: 0.3636800 Test Loss: 0.2875715
EarlyStopping counter: 2 out of 20
Updating learning rate to 8.534843757780764e-05
	iters: 100, epoch: 56 | loss: 0.2574525
	speed: 0.1164s/iter; left time: 1381.1922s
	iters: 200, epoch: 56 | loss: 0.2561425
	speed: 0.0495s/iter; left time: 582.7090s
Epoch: 56 cost time: 13.16977047920227
Epoch: 56, Steps: 266 | Train Loss: 0.2443390 Vali Loss: 0.3629131 Test Loss: 0.2874256
Validation loss decreased (0.363616 --> 0.362913).  Saving model ...
Updating learning rate to 8.34492817804693e-05
	iters: 100, epoch: 57 | loss: 0.2262284
	speed: 0.1168s/iter; left time: 1355.0416s
	iters: 200, epoch: 57 | loss: 0.2245413
	speed: 0.0495s/iter; left time: 569.1096s
Epoch: 57 cost time: 13.159387826919556
Epoch: 57, Steps: 266 | Train Loss: 0.2438261 Vali Loss: 0.3624637 Test Loss: 0.2875889
Validation loss decreased (0.362913 --> 0.362464).  Saving model ...
Updating learning rate to 8.145844437498785e-05
	iters: 100, epoch: 58 | loss: 0.2269169
	speed: 0.1168s/iter; left time: 1324.6785s
	iters: 200, epoch: 58 | loss: 0.2526920
	speed: 0.0495s/iter; left time: 555.8889s
Epoch: 58 cost time: 13.160531044006348
Epoch: 58, Steps: 266 | Train Loss: 0.2433708 Vali Loss: 0.3619758 Test Loss: 0.2871399
Validation loss decreased (0.362464 --> 0.361976).  Saving model ...
Updating learning rate to 7.938138210831032e-05
	iters: 100, epoch: 59 | loss: 0.2619638
	speed: 0.1167s/iter; left time: 1292.6098s
	iters: 200, epoch: 59 | loss: 0.2284151
	speed: 0.0495s/iter; left time: 542.8486s
Epoch: 59 cost time: 13.15874719619751
Epoch: 59, Steps: 266 | Train Loss: 0.2428827 Vali Loss: 0.3623880 Test Loss: 0.2873437
EarlyStopping counter: 1 out of 20
Updating learning rate to 7.722378806373484e-05
	iters: 100, epoch: 60 | loss: 0.2545952
	speed: 0.1164s/iter; left time: 1257.5758s
	iters: 200, epoch: 60 | loss: 0.2249167
	speed: 0.0495s/iter; left time: 529.6385s
Epoch: 60 cost time: 13.159761190414429
Epoch: 60, Steps: 266 | Train Loss: 0.2422819 Vali Loss: 0.3620900 Test Loss: 0.2874590
EarlyStopping counter: 2 out of 20
Updating learning rate to 7.499157605656507e-05
	iters: 100, epoch: 61 | loss: 0.2480105
	speed: 0.1163s/iter; left time: 1226.1463s
	iters: 200, epoch: 61 | loss: 0.2334799
	speed: 0.0495s/iter; left time: 516.7991s
Epoch: 61 cost time: 13.163020133972168
Epoch: 61, Steps: 266 | Train Loss: 0.2418634 Vali Loss: 0.3619476 Test Loss: 0.2874771
Validation loss decreased (0.361976 --> 0.361948).  Saving model ...
Updating learning rate to 7.26908644247535e-05
	iters: 100, epoch: 62 | loss: 0.2312788
	speed: 0.1167s/iter; left time: 1199.3121s
	iters: 200, epoch: 62 | loss: 0.2350562
	speed: 0.0495s/iter; left time: 503.1836s
Epoch: 62 cost time: 13.158557176589966
Epoch: 62, Steps: 266 | Train Loss: 0.2414392 Vali Loss: 0.3613937 Test Loss: 0.2872193
Validation loss decreased (0.361948 --> 0.361394).  Saving model ...
Updating learning rate to 7.032795925896242e-05
	iters: 100, epoch: 63 | loss: 0.2147928
	speed: 0.1171s/iter; left time: 1171.5535s
	iters: 200, epoch: 63 | loss: 0.2426858
	speed: 0.0495s/iter; left time: 490.2369s
Epoch: 63 cost time: 13.161195993423462
Epoch: 63, Steps: 266 | Train Loss: 0.2411997 Vali Loss: 0.3617363 Test Loss: 0.2872184
EarlyStopping counter: 1 out of 20
Updating learning rate to 6.790933711800776e-05
	iters: 100, epoch: 64 | loss: 0.2358434
	speed: 0.1162s/iter; left time: 1132.3210s
	iters: 200, epoch: 64 | loss: 0.2704797
	speed: 0.0495s/iter; left time: 477.0779s
Epoch: 64 cost time: 13.159231424331665
Epoch: 64, Steps: 266 | Train Loss: 0.2405724 Vali Loss: 0.3603980 Test Loss: 0.2873077
Validation loss decreased (0.361394 --> 0.360398).  Saving model ...
Updating learning rate to 6.544162727706148e-05
	iters: 100, epoch: 65 | loss: 0.2061825
	speed: 0.1171s/iter; left time: 1109.8929s
	iters: 200, epoch: 65 | loss: 0.2516525
	speed: 0.0495s/iter; left time: 463.7837s
Epoch: 65 cost time: 13.158935308456421
Epoch: 65, Steps: 266 | Train Loss: 0.2404354 Vali Loss: 0.3609495 Test Loss: 0.2870262
EarlyStopping counter: 1 out of 20
Updating learning rate to 6.293159355726925e-05
	iters: 100, epoch: 66 | loss: 0.2322418
	speed: 0.1163s/iter; left time: 1071.1590s
	iters: 200, epoch: 66 | loss: 0.2445464
	speed: 0.0495s/iter; left time: 450.9467s
Epoch: 66 cost time: 13.168070554733276
Epoch: 66, Steps: 266 | Train Loss: 0.2400046 Vali Loss: 0.3607715 Test Loss: 0.2870290
EarlyStopping counter: 2 out of 20
Updating learning rate to 6.038611578658668e-05
	iters: 100, epoch: 67 | loss: 0.2589225
	speed: 0.1163s/iter; left time: 1040.0858s
	iters: 200, epoch: 67 | loss: 0.2380877
	speed: 0.0495s/iter; left time: 437.7297s
Epoch: 67 cost time: 13.161341667175293
Epoch: 67, Steps: 266 | Train Loss: 0.2395817 Vali Loss: 0.3616694 Test Loss: 0.2871083
EarlyStopping counter: 3 out of 20
Updating learning rate to 5.7812170942649225e-05
	iters: 100, epoch: 68 | loss: 0.2317014
	speed: 0.1163s/iter; left time: 1009.7630s
	iters: 200, epoch: 68 | loss: 0.2715904
	speed: 0.0495s/iter; left time: 424.3264s
Epoch: 68 cost time: 13.160313844680786
Epoch: 68, Steps: 266 | Train Loss: 0.2392557 Vali Loss: 0.3602764 Test Loss: 0.2868659
Validation loss decreased (0.360398 --> 0.360276).  Saving model ...
Updating learning rate to 5.521681402936143e-05
	iters: 100, epoch: 69 | loss: 0.2449378
	speed: 0.1167s/iter; left time: 981.6664s
	iters: 200, epoch: 69 | loss: 0.2406810
	speed: 0.0494s/iter; left time: 410.9783s
Epoch: 69 cost time: 13.157771348953247
Epoch: 69, Steps: 266 | Train Loss: 0.2388331 Vali Loss: 0.3608192 Test Loss: 0.2869442
EarlyStopping counter: 1 out of 20
Updating learning rate to 5.260715873962152e-05
	iters: 100, epoch: 70 | loss: 0.2483682
	speed: 0.1162s/iter; left time: 946.8837s
	iters: 200, epoch: 70 | loss: 0.2422940
	speed: 0.0495s/iter; left time: 398.2412s
Epoch: 70 cost time: 13.165616273880005
Epoch: 70, Steps: 266 | Train Loss: 0.2383882 Vali Loss: 0.3605413 Test Loss: 0.2869270
EarlyStopping counter: 2 out of 20
Updating learning rate to 4.999035795718381e-05
	iters: 100, epoch: 71 | loss: 0.2459421
	speed: 0.1163s/iter; left time: 916.3241s
	iters: 200, epoch: 71 | loss: 0.2429091
	speed: 0.0495s/iter; left time: 385.0806s
Epoch: 71 cost time: 13.16664171218872
Epoch: 71, Steps: 266 | Train Loss: 0.2382169 Vali Loss: 0.3611727 Test Loss: 0.2869933
EarlyStopping counter: 3 out of 20
Updating learning rate to 4.737358415110133e-05
	iters: 100, epoch: 72 | loss: 0.2550328
	speed: 0.1162s/iter; left time: 885.0690s
	iters: 200, epoch: 72 | loss: 0.2615359
	speed: 0.0495s/iter; left time: 371.9551s
Epoch: 72 cost time: 13.163309812545776
Epoch: 72, Steps: 266 | Train Loss: 0.2380108 Vali Loss: 0.3596357 Test Loss: 0.2863318
Validation loss decreased (0.360276 --> 0.359636).  Saving model ...
Updating learning rate to 4.476400971648687e-05
	iters: 100, epoch: 73 | loss: 0.2452051
	speed: 0.1166s/iter; left time: 857.2542s
	iters: 200, epoch: 73 | loss: 0.2247116
	speed: 0.0495s/iter; left time: 358.7835s
Epoch: 73 cost time: 13.162219762802124
Epoch: 73, Steps: 266 | Train Loss: 0.2379174 Vali Loss: 0.3605460 Test Loss: 0.2867675
EarlyStopping counter: 1 out of 20
Updating learning rate to 4.2168787315476384e-05
	iters: 100, epoch: 74 | loss: 0.2316629
	speed: 0.1162s/iter; left time: 823.2519s
	iters: 200, epoch: 74 | loss: 0.2266069
	speed: 0.0495s/iter; left time: 345.6312s
Epoch: 74 cost time: 13.162252187728882
Epoch: 74, Steps: 266 | Train Loss: 0.2376316 Vali Loss: 0.3602293 Test Loss: 0.2865311
EarlyStopping counter: 2 out of 20
Updating learning rate to 3.959503027227936e-05
	iters: 100, epoch: 75 | loss: 0.2467407
	speed: 0.1162s/iter; left time: 792.0011s
	iters: 200, epoch: 75 | loss: 0.2540421
	speed: 0.0495s/iter; left time: 332.5679s
Epoch: 75 cost time: 13.163662433624268
Epoch: 75, Steps: 266 | Train Loss: 0.2374046 Vali Loss: 0.3607228 Test Loss: 0.2866508
EarlyStopping counter: 3 out of 20
Updating learning rate to 3.704979307605154e-05
	iters: 100, epoch: 76 | loss: 0.2402169
	speed: 0.1162s/iter; left time: 761.0288s
	iters: 200, epoch: 76 | loss: 0.2520991
	speed: 0.0495s/iter; left time: 319.3169s
Epoch: 76 cost time: 13.161454677581787
Epoch: 76, Steps: 266 | Train Loss: 0.2372078 Vali Loss: 0.3603894 Test Loss: 0.2866906
EarlyStopping counter: 4 out of 20
Updating learning rate to 3.454005204503052e-05
	iters: 100, epoch: 77 | loss: 0.2299903
	speed: 0.1163s/iter; left time: 730.7528s
	iters: 200, epoch: 77 | loss: 0.2213069
	speed: 0.0495s/iter; left time: 306.3018s
Epoch: 77 cost time: 13.16380763053894
Epoch: 77, Steps: 266 | Train Loss: 0.2368298 Vali Loss: 0.3599051 Test Loss: 0.2865832
EarlyStopping counter: 5 out of 20
Updating learning rate to 3.207268620493234e-05
	iters: 100, epoch: 78 | loss: 0.2362347
	speed: 0.1161s/iter; left time: 699.0479s
	iters: 200, epoch: 78 | loss: 0.2572142
	speed: 0.0495s/iter; left time: 292.9388s
Epoch: 78 cost time: 13.157877922058105
Epoch: 78, Steps: 266 | Train Loss: 0.2366122 Vali Loss: 0.3597926 Test Loss: 0.2867007
EarlyStopping counter: 6 out of 20
Updating learning rate to 2.965445843402027e-05
	iters: 100, epoch: 79 | loss: 0.2655111
	speed: 0.1162s/iter; left time: 668.5961s
	iters: 200, epoch: 79 | loss: 0.2332287
	speed: 0.0495s/iter; left time: 279.8274s
Epoch: 79 cost time: 13.160335302352905
Epoch: 79, Steps: 266 | Train Loss: 0.2362974 Vali Loss: 0.3603244 Test Loss: 0.2866157
EarlyStopping counter: 7 out of 20
Updating learning rate to 2.729199692652537e-05
	iters: 100, epoch: 80 | loss: 0.2325075
	speed: 0.1162s/iter; left time: 637.4575s
	iters: 200, epoch: 80 | loss: 0.2736444
	speed: 0.0495s/iter; left time: 266.6478s
Epoch: 80 cost time: 13.157607555389404
Epoch: 80, Steps: 266 | Train Loss: 0.2364062 Vali Loss: 0.3601361 Test Loss: 0.2866012
EarlyStopping counter: 8 out of 20
Updating learning rate to 2.4991777025227013e-05
	iters: 100, epoch: 81 | loss: 0.2319523
	speed: 0.1161s/iter; left time: 606.2918s
	iters: 200, epoch: 81 | loss: 0.2311402
	speed: 0.0495s/iter; left time: 253.6357s
Epoch: 81 cost time: 13.167913913726807
Epoch: 81, Steps: 266 | Train Loss: 0.2360830 Vali Loss: 0.3601841 Test Loss: 0.2866616
EarlyStopping counter: 9 out of 20
Updating learning rate to 2.2760103472988355e-05
	iters: 100, epoch: 82 | loss: 0.2440272
	speed: 0.1164s/iter; left time: 576.8260s
	iters: 200, epoch: 82 | loss: 0.2596062
	speed: 0.0495s/iter; left time: 240.1385s
Epoch: 82 cost time: 13.176415920257568
Epoch: 82, Steps: 266 | Train Loss: 0.2362659 Vali Loss: 0.3595870 Test Loss: 0.2864370
Validation loss decreased (0.359636 --> 0.359587).  Saving model ...
Updating learning rate to 2.0603093131894333e-05
	iters: 100, epoch: 83 | loss: 0.2453970
	speed: 0.1167s/iter; left time: 547.4189s
	iters: 200, epoch: 83 | loss: 0.2402768
	speed: 0.0495s/iter; left time: 226.9648s
Epoch: 83 cost time: 13.166891098022461
Epoch: 83, Steps: 266 | Train Loss: 0.2357741 Vali Loss: 0.3599399 Test Loss: 0.2864719
EarlyStopping counter: 1 out of 20
Updating learning rate to 1.852665821735796e-05
	iters: 100, epoch: 84 | loss: 0.2111870
	speed: 0.1162s/iter; left time: 513.7641s
	iters: 200, epoch: 84 | loss: 0.2555820
	speed: 0.0495s/iter; left time: 213.8241s
Epoch: 84 cost time: 13.156026124954224
Epoch: 84, Steps: 266 | Train Loss: 0.2356961 Vali Loss: 0.3598420 Test Loss: 0.2865850
EarlyStopping counter: 2 out of 20
Updating learning rate to 1.653649009314874e-05
	iters: 100, epoch: 85 | loss: 0.2347019
	speed: 0.1161s/iter; left time: 482.6049s
	iters: 200, epoch: 85 | loss: 0.2229029
	speed: 0.0495s/iter; left time: 200.9027s
Epoch: 85 cost time: 13.159815311431885
Epoch: 85, Steps: 266 | Train Loss: 0.2354509 Vali Loss: 0.3600411 Test Loss: 0.2866528
EarlyStopping counter: 3 out of 20
Updating learning rate to 1.4638043671760242e-05
	iters: 100, epoch: 86 | loss: 0.2274579
	speed: 0.1162s/iter; left time: 452.0429s
	iters: 200, epoch: 86 | loss: 0.2283890
	speed: 0.0495s/iter; left time: 187.7230s
Epoch: 86 cost time: 13.16441535949707
Epoch: 86, Steps: 266 | Train Loss: 0.2354690 Vali Loss: 0.3599129 Test Loss: 0.2865987
EarlyStopping counter: 4 out of 20
Updating learning rate to 1.2836522462874087e-05
	iters: 100, epoch: 87 | loss: 0.2241908
	speed: 0.1162s/iter; left time: 421.2351s
	iters: 200, epoch: 87 | loss: 0.2180708
	speed: 0.0495s/iter; left time: 174.5895s
Epoch: 87 cost time: 13.160213947296143
Epoch: 87, Steps: 266 | Train Loss: 0.2354512 Vali Loss: 0.3603694 Test Loss: 0.2865993
EarlyStopping counter: 5 out of 20
Updating learning rate to 1.1136864310901654e-05
	iters: 100, epoch: 88 | loss: 0.2378374
	speed: 0.1162s/iter; left time: 390.2368s
	iters: 200, epoch: 88 | loss: 0.2161243
	speed: 0.0495s/iter; left time: 161.4425s
Epoch: 88 cost time: 13.168588161468506
Epoch: 88, Steps: 266 | Train Loss: 0.2353845 Vali Loss: 0.3590606 Test Loss: 0.2865744
Validation loss decreased (0.359587 --> 0.359061).  Saving model ...
Updating learning rate to 9.543727860695686e-06
	iters: 100, epoch: 89 | loss: 0.2581555
	speed: 0.1173s/iter; left time: 362.7248s
	iters: 200, epoch: 89 | loss: 0.2355224
	speed: 0.0496s/iter; left time: 148.3340s
Epoch: 89 cost time: 13.175379276275635
Epoch: 89, Steps: 266 | Train Loss: 0.2351587 Vali Loss: 0.3596314 Test Loss: 0.2864998
EarlyStopping counter: 1 out of 20
Updating learning rate to 8.061479788528676e-06
	iters: 100, epoch: 90 | loss: 0.2195549
	speed: 0.1164s/iter; left time: 329.0833s
	iters: 200, epoch: 90 | loss: 0.2431844
	speed: 0.0496s/iter; left time: 135.3517s
Epoch: 90 cost time: 13.19524097442627
Epoch: 90, Steps: 266 | Train Loss: 0.2353315 Vali Loss: 0.3598045 Test Loss: 0.2866098
EarlyStopping counter: 2 out of 20
Updating learning rate to 6.694182833336585e-06
	iters: 100, epoch: 91 | loss: 0.2284395
	speed: 0.1165s/iter; left time: 298.2993s
	iters: 200, epoch: 91 | loss: 0.2275317
	speed: 0.0496s/iter; left time: 122.1465s
Epoch: 91 cost time: 13.20368504524231
Epoch: 91, Steps: 266 | Train Loss: 0.2351926 Vali Loss: 0.3596962 Test Loss: 0.2867465
EarlyStopping counter: 3 out of 20
Updating learning rate to 5.445584661033984e-06
	iters: 100, epoch: 92 | loss: 0.2178359
	speed: 0.1167s/iter; left time: 267.7355s
	iters: 200, epoch: 92 | loss: 0.2494768
	speed: 0.0497s/iter; left time: 109.1332s
Epoch: 92 cost time: 13.223285913467407
Epoch: 92, Steps: 266 | Train Loss: 0.2352869 Vali Loss: 0.3602443 Test Loss: 0.2866184
EarlyStopping counter: 4 out of 20
Updating learning rate to 4.319107592422141e-06
	iters: 100, epoch: 93 | loss: 0.2243429
	speed: 0.1168s/iter; left time: 236.9550s
	iters: 200, epoch: 93 | loss: 0.2357100
	speed: 0.0497s/iter; left time: 95.9495s
Epoch: 93 cost time: 13.23287558555603
Epoch: 93, Steps: 266 | Train Loss: 0.2352507 Vali Loss: 0.3598959 Test Loss: 0.2864327
EarlyStopping counter: 5 out of 20
Updating learning rate to 3.317839222845672e-06
	iters: 100, epoch: 94 | loss: 0.2530015
	speed: 0.1169s/iter; left time: 206.1267s
	iters: 200, epoch: 94 | loss: 0.2122924
	speed: 0.0498s/iter; left time: 82.8305s
Epoch: 94 cost time: 13.243910789489746
Epoch: 94, Steps: 266 | Train Loss: 0.2351247 Vali Loss: 0.3593168 Test Loss: 0.2866002
EarlyStopping counter: 6 out of 20
Updating learning rate to 2.444523959308275e-06
	iters: 100, epoch: 95 | loss: 0.2295218
	speed: 0.1170s/iter; left time: 175.1876s
	iters: 200, epoch: 95 | loss: 0.2249220
	speed: 0.0498s/iter; left time: 69.6026s
Epoch: 95 cost time: 13.254337072372437
Epoch: 95, Steps: 266 | Train Loss: 0.2352990 Vali Loss: 0.3598887 Test Loss: 0.2864730
EarlyStopping counter: 7 out of 20
Updating learning rate to 1.7015554982438941e-06
	iters: 100, epoch: 96 | loss: 0.2360670
	speed: 0.1172s/iter; left time: 144.3107s
	iters: 200, epoch: 96 | loss: 0.2280556
	speed: 0.0499s/iter; left time: 56.4126s
Epoch: 96 cost time: 13.265307664871216
Epoch: 96, Steps: 266 | Train Loss: 0.2351793 Vali Loss: 0.3594131 Test Loss: 0.2865382
EarlyStopping counter: 8 out of 20
Updating learning rate to 1.090970264561212e-06
	iters: 100, epoch: 97 | loss: 0.2178749
	speed: 0.1172s/iter; left time: 113.1383s
	iters: 200, epoch: 97 | loss: 0.2355617
	speed: 0.0499s/iter; left time: 43.1934s
Epoch: 97 cost time: 13.274030685424805
Epoch: 97, Steps: 266 | Train Loss: 0.2350539 Vali Loss: 0.3593165 Test Loss: 0.2866218
EarlyStopping counter: 9 out of 20
Updating learning rate to 6.1444182994449e-07
	iters: 100, epoch: 98 | loss: 0.2249069
	speed: 0.1172s/iter; left time: 81.9033s
	iters: 200, epoch: 98 | loss: 0.2071730
	speed: 0.0499s/iter; left time: 29.9166s
Epoch: 98 cost time: 13.274113416671753
Epoch: 98, Steps: 266 | Train Loss: 0.2351981 Vali Loss: 0.3597566 Test Loss: 0.2865576
EarlyStopping counter: 10 out of 20
Updating learning rate to 2.7327632570993355e-07
	iters: 100, epoch: 99 | loss: 0.2183496
	speed: 0.1173s/iter; left time: 50.7740s
	iters: 200, epoch: 99 | loss: 0.2541080
	speed: 0.0499s/iter; left time: 16.6331s
Epoch: 99 cost time: 13.289870500564575
Epoch: 99, Steps: 266 | Train Loss: 0.2350977 Vali Loss: 0.3593715 Test Loss: 0.2864685
EarlyStopping counter: 11 out of 20
Updating learning rate to 6.840886279052353e-08
	iters: 100, epoch: 100 | loss: 0.2215299
	speed: 0.1173s/iter; left time: 19.5878s
	iters: 200, epoch: 100 | loss: 0.2400307
	speed: 0.0500s/iter; left time: 3.3516s
Epoch: 100 cost time: 13.300595998764038
Epoch: 100, Steps: 266 | Train Loss: 0.2350687 Vali Loss: 0.3597347 Test Loss: 0.2866562
EarlyStopping counter: 12 out of 20
Updating learning rate to 4.0096866195066605e-10
>>>>>>>testing : NL_ettm1_flatten_lr0.00005_always_336_96_PatchTST_ETTm1_ftM_sl336_ll48_pl96_dm128_nh16_el3_dl1_df256_fc1_ebtimeF_dtTruelr5e-05_polalways_Nested_Learning_0<<<<<<<<<<<<<<<<<<<<<<<<<<<<<<<<<
test 11425
 Ejecutando Inferencia DINÁMICA (Nested Learning con flatten)
  -> Política: always | LR: 5e-05 | Target: head

RESUMEN: El CMS se actualizó 89 veces de 89 posibles.

mse:0.28737273812294006, mae:0.33931946754455566, rse:0.5099297165870667
Args in experiment:
Namespace(random_seed=2021, is_training=1, model_id='NL_ettm1_flatten_lr0.00005_always_336_192', model='PatchTST', data='ETTm1', root_path='./dataset/', data_path='ETTm1.csv', features='M', target='OT', freq='h', checkpoints='./checkpoints/', seq_len=336, label_len=48, pred_len=192, head_type='flatten', cms_lr=5e-05, update_policy='always', fc_dropout=0.2, head_dropout=0.0, patch_len=16, stride=8, padding_patch='end', revin=1, affine=0, subtract_last=0, decomposition=0, kernel_size=25, individual=0, embed_type=0, enc_in=7, dec_in=7, c_out=7, d_model=128, n_heads=16, e_layers=3, d_layers=1, d_ff=256, moving_avg=25, factor=1, distil=True, dropout=0.2, embed='timeF', activation='gelu', output_attention=False, do_predict=False, num_workers=0, itr=1, train_epochs=100, batch_size=128, patience=20, learning_rate=0.0001, des='Nested_Learning', loss='mse', lradj='TST', pct_start=0.4, use_amp=False, use_gpu=True, gpu=0, use_multi_gpu=False, devices='0,1,2,3', test_flop=False)
Use GPU: cuda:0
>>>>>>>start training : NL_ettm1_flatten_lr0.00005_always_336_192_PatchTST_ETTm1_ftM_sl336_ll48_pl192_dm128_nh16_el3_dl1_df256_fc1_ebtimeF_dtTruelr5e-05_polalways_Nested_Learning_0>>>>>>>>>>>>>>>>>>>>>>>>>>
train 34033
val 11329
test 11329
	iters: 100, epoch: 1 | loss: 0.6860712
	speed: 0.0699s/iter; left time: 1844.4924s
	iters: 200, epoch: 1 | loss: 0.6738187
	speed: 0.0539s/iter; left time: 1417.5914s
Epoch: 1 cost time: 14.531283617019653
Epoch: 1, Steps: 265 | Train Loss: 0.6365437 Vali Loss: 1.1120480 Test Loss: 0.8167978
Validation loss decreased (inf --> 1.112048).  Saving model ...
Updating learning rate to 4.147995888890545e-06
	iters: 100, epoch: 2 | loss: 0.6448866
	speed: 0.1260s/iter; left time: 3293.1466s
	iters: 200, epoch: 2 | loss: 0.6203042
	speed: 0.0550s/iter; left time: 1432.0697s
Epoch: 2 cost time: 14.537900924682617
Epoch: 2, Steps: 265 | Train Loss: 0.6335253 Vali Loss: 1.1042835 Test Loss: 0.8112320
Validation loss decreased (1.112048 --> 1.104283).  Saving model ...
Updating learning rate to 4.591070939598485e-06
	iters: 100, epoch: 3 | loss: 0.6259280
	speed: 0.1268s/iter; left time: 3280.7307s
	iters: 200, epoch: 3 | loss: 0.6189137
	speed: 0.0552s/iter; left time: 1421.7294s
Epoch: 3 cost time: 14.595667839050293
Epoch: 3, Steps: 265 | Train Loss: 0.6299636 Vali Loss: 1.0977184 Test Loss: 0.8054699
Validation loss decreased (1.104283 --> 1.097718).  Saving model ...
Updating learning rate to 5.326492931874866e-06
	iters: 100, epoch: 4 | loss: 0.6094371
	speed: 0.1270s/iter; left time: 3251.5174s
	iters: 200, epoch: 4 | loss: 0.6249275
	speed: 0.0553s/iter; left time: 1410.4329s
Epoch: 4 cost time: 14.619736194610596
Epoch: 4, Steps: 265 | Train Loss: 0.6266462 Vali Loss: 1.0881947 Test Loss: 0.7982252
Validation loss decreased (1.097718 --> 1.088195).  Saving model ...
Updating learning rate to 6.349726889409005e-06
	iters: 100, epoch: 5 | loss: 0.6443520
	speed: 0.1279s/iter; left time: 3241.1830s
	iters: 200, epoch: 5 | loss: 0.6029859
	speed: 0.0553s/iter; left time: 1396.3542s
Epoch: 5 cost time: 14.63011360168457
Epoch: 5, Steps: 265 | Train Loss: 0.6222073 Vali Loss: 1.0785505 Test Loss: 0.7898638
Validation loss decreased (1.088195 --> 1.078550).  Saving model ...
Updating learning rate to 7.654463044738896e-06
	iters: 100, epoch: 6 | loss: 0.6152099
	speed: 0.1273s/iter; left time: 3192.4412s
	iters: 200, epoch: 6 | loss: 0.6152353
	speed: 0.0554s/iter; left time: 1382.7668s
Epoch: 6 cost time: 14.648635387420654
Epoch: 6, Steps: 265 | Train Loss: 0.6172130 Vali Loss: 1.0676351 Test Loss: 0.7801998
Validation loss decreased (1.078550 --> 1.067635).  Saving model ...
Updating learning rate to 9.232655748403029e-06
	iters: 100, epoch: 7 | loss: 0.5689325
	speed: 0.1274s/iter; left time: 3160.9630s
	iters: 200, epoch: 7 | loss: 0.5939009
	speed: 0.0554s/iter; left time: 1368.2492s
Epoch: 7 cost time: 14.65629506111145
Epoch: 7, Steps: 265 | Train Loss: 0.6108623 Vali Loss: 1.0543052 Test Loss: 0.7684185
Validation loss decreased (1.067635 --> 1.054305).  Saving model ...
Updating learning rate to 1.107457308240065e-05
	iters: 100, epoch: 8 | loss: 0.6150193
	speed: 0.1274s/iter; left time: 3128.3165s
	iters: 200, epoch: 8 | loss: 0.6022970
	speed: 0.0554s/iter; left time: 1353.9862s
Epoch: 8 cost time: 14.660478353500366
Epoch: 8, Steps: 265 | Train Loss: 0.6036304 Vali Loss: 1.0390949 Test Loss: 0.7547632
Validation loss decreased (1.054305 --> 1.039095).  Saving model ...
Updating learning rate to 1.3168856872018862e-05
	iters: 100, epoch: 9 | loss: 0.6107562
	speed: 0.1274s/iter; left time: 3093.3703s
	iters: 200, epoch: 9 | loss: 0.5807608
	speed: 0.0554s/iter; left time: 1340.6006s
Epoch: 9 cost time: 14.668393850326538
Epoch: 9, Steps: 265 | Train Loss: 0.5951789 Vali Loss: 1.0211331 Test Loss: 0.7396922
Validation loss decreased (1.039095 --> 1.021133).  Saving model ...
Updating learning rate to 1.550259272596464e-05
	iters: 100, epoch: 10 | loss: 0.5753699
	speed: 0.1274s/iter; left time: 3059.1295s
	iters: 200, epoch: 10 | loss: 0.5832943
	speed: 0.0554s/iter; left time: 1325.2042s
Epoch: 10 cost time: 14.672798871994019
Epoch: 10, Steps: 265 | Train Loss: 0.5856341 Vali Loss: 1.0002065 Test Loss: 0.7221966
Validation loss decreased (1.021133 --> 1.000206).  Saving model ...
Updating learning rate to 1.806138967289881e-05
	iters: 100, epoch: 11 | loss: 0.5983598
	speed: 0.1274s/iter; left time: 3026.3850s
	iters: 200, epoch: 11 | loss: 0.5345635
	speed: 0.0553s/iter; left time: 1308.8149s
Epoch: 11 cost time: 14.652869939804077
Epoch: 11, Steps: 265 | Train Loss: 0.5747695 Vali Loss: 0.9767253 Test Loss: 0.7028112
Validation loss decreased (1.000206 --> 0.976725).  Saving model ...
Updating learning rate to 2.0829468903294163e-05
	iters: 100, epoch: 12 | loss: 0.5439259
	speed: 0.1273s/iter; left time: 2990.4201s
	iters: 200, epoch: 12 | loss: 0.5778995
	speed: 0.0554s/iter; left time: 1294.4852s
Epoch: 12 cost time: 14.663955450057983
Epoch: 12, Steps: 265 | Train Loss: 0.5627683 Vali Loss: 0.9516270 Test Loss: 0.6814895
Validation loss decreased (0.976725 --> 0.951627).  Saving model ...
Updating learning rate to 2.3789761069391508e-05
	iters: 100, epoch: 13 | loss: 0.5829921
	speed: 0.1275s/iter; left time: 2960.7437s
	iters: 200, epoch: 13 | loss: 0.5488502
	speed: 0.0554s/iter; left time: 1279.9797s
Epoch: 13 cost time: 14.650843858718872
Epoch: 13, Steps: 265 | Train Loss: 0.5493449 Vali Loss: 0.9244409 Test Loss: 0.6585891
Validation loss decreased (0.951627 --> 0.924441).  Saving model ...
Updating learning rate to 2.692401154325343e-05
	iters: 100, epoch: 14 | loss: 0.5878215
	speed: 0.1273s/iter; left time: 2922.7080s
	iters: 200, epoch: 14 | loss: 0.5220829
	speed: 0.0553s/iter; left time: 1265.0331s
Epoch: 14 cost time: 14.655730724334717
Epoch: 14, Steps: 265 | Train Loss: 0.5349649 Vali Loss: 0.8952852 Test Loss: 0.6339636
Validation loss decreased (0.924441 --> 0.895285).  Saving model ...
Updating learning rate to 3.0212892983843068e-05
	iters: 100, epoch: 15 | loss: 0.5246471
	speed: 0.1273s/iter; left time: 2889.4947s
	iters: 200, epoch: 15 | loss: 0.5130703
	speed: 0.0554s/iter; left time: 1251.0356s
Epoch: 15 cost time: 14.657859325408936
Epoch: 15, Steps: 265 | Train Loss: 0.5193828 Vali Loss: 0.8629954 Test Loss: 0.6080298
Validation loss decreased (0.895285 --> 0.862995).  Saving model ...
Updating learning rate to 3.3636124518983084e-05
	iters: 100, epoch: 16 | loss: 0.5253219
	speed: 0.1274s/iter; left time: 2858.0288s
	iters: 200, epoch: 16 | loss: 0.5157161
	speed: 0.0554s/iter; left time: 1236.0542s
Epoch: 16 cost time: 14.650416374206543
Epoch: 16, Steps: 265 | Train Loss: 0.5027090 Vali Loss: 0.8298851 Test Loss: 0.5808106
Validation loss decreased (0.862995 --> 0.829885).  Saving model ...
Updating learning rate to 3.717259680726015e-05
	iters: 100, epoch: 17 | loss: 0.4697475
	speed: 0.1274s/iter; left time: 2824.3809s
	iters: 200, epoch: 17 | loss: 0.4898368
	speed: 0.0553s/iter; left time: 1220.1692s
Epoch: 17 cost time: 14.639232158660889
Epoch: 17, Steps: 265 | Train Loss: 0.4852808 Vali Loss: 0.7949904 Test Loss: 0.5526865
Validation loss decreased (0.829885 --> 0.794990).  Saving model ...
Updating learning rate to 4.080050220868085e-05
	iters: 100, epoch: 18 | loss: 0.4155452
	speed: 0.1274s/iter; left time: 2790.4477s
	iters: 200, epoch: 18 | loss: 0.4403026
	speed: 0.0553s/iter; left time: 1205.9297s
Epoch: 18 cost time: 14.640223979949951
Epoch: 18, Steps: 265 | Train Loss: 0.4670250 Vali Loss: 0.7597257 Test Loss: 0.5238290
Validation loss decreased (0.794990 --> 0.759726).  Saving model ...
Updating learning rate to 4.449746926138297e-05
	iters: 100, epoch: 19 | loss: 0.4559258
	speed: 0.1272s/iter; left time: 2751.6427s
	iters: 200, epoch: 19 | loss: 0.4302868
	speed: 0.0553s/iter; left time: 1191.2242s
Epoch: 19 cost time: 14.639620780944824
Epoch: 19, Steps: 265 | Train Loss: 0.4487645 Vali Loss: 0.7220154 Test Loss: 0.4947389
Validation loss decreased (0.759726 --> 0.722015).  Saving model ...
Updating learning rate to 4.824070063515135e-05
	iters: 100, epoch: 20 | loss: 0.3961315
	speed: 0.1271s/iter; left time: 2715.3014s
	iters: 200, epoch: 20 | loss: 0.4261505
	speed: 0.0552s/iter; left time: 1174.7594s
Epoch: 20 cost time: 14.619810104370117
Epoch: 20, Steps: 265 | Train Loss: 0.4299531 Vali Loss: 0.6849814 Test Loss: 0.4658712
Validation loss decreased (0.722015 --> 0.684981).  Saving model ...
Updating learning rate to 5.200711371104918e-05
	iters: 100, epoch: 21 | loss: 0.4346592
	speed: 0.1269s/iter; left time: 2678.6421s
	iters: 200, epoch: 21 | loss: 0.3910518
	speed: 0.0553s/iter; left time: 1162.0817s
Epoch: 21 cost time: 14.644378662109375
Epoch: 21, Steps: 265 | Train Loss: 0.4115231 Vali Loss: 0.6490914 Test Loss: 0.4383325
Validation loss decreased (0.684981 --> 0.649091).  Saving model ...
Updating learning rate to 5.577348292028073e-05
	iters: 100, epoch: 22 | loss: 0.3761248
	speed: 0.1271s/iter; left time: 2648.4693s
	iters: 200, epoch: 22 | loss: 0.4225293
	speed: 0.0553s/iter; left time: 1146.7095s
Epoch: 22 cost time: 14.631247282028198
Epoch: 22, Steps: 265 | Train Loss: 0.3941374 Vali Loss: 0.6146265 Test Loss: 0.4133793
Validation loss decreased (0.649091 --> 0.614627).  Saving model ...
Updating learning rate to 5.9516582964553954e-05
	iters: 100, epoch: 23 | loss: 0.3861656
	speed: 0.1275s/iter; left time: 2623.7759s
	iters: 200, epoch: 23 | loss: 0.3971872
	speed: 0.0553s/iter; left time: 1132.3908s
Epoch: 23 cost time: 14.633854389190674
Epoch: 23, Steps: 265 | Train Loss: 0.3780164 Vali Loss: 0.5853596 Test Loss: 0.3924403
Validation loss decreased (0.614627 --> 0.585360).  Saving model ...
Updating learning rate to 6.321333203477474e-05
	iters: 100, epoch: 24 | loss: 0.3953304
	speed: 0.1286s/iter; left time: 2611.1805s
	iters: 200, epoch: 24 | loss: 0.3643258
	speed: 0.0552s/iter; left time: 1116.3067s
Epoch: 24 cost time: 14.616933822631836
Epoch: 24, Steps: 265 | Train Loss: 0.3640576 Vali Loss: 0.5623239 Test Loss: 0.3767889
Validation loss decreased (0.585360 --> 0.562324).  Saving model ...
Updating learning rate to 6.684093414491588e-05
	iters: 100, epoch: 25 | loss: 0.3645346
	speed: 0.1272s/iter; left time: 2549.4243s
	iters: 200, epoch: 25 | loss: 0.3237986
	speed: 0.0553s/iter; left time: 1103.6151s
Epoch: 25 cost time: 14.637680768966675
Epoch: 25, Steps: 265 | Train Loss: 0.3530597 Vali Loss: 0.5464377 Test Loss: 0.3666041
Validation loss decreased (0.562324 --> 0.546438).  Saving model ...
Updating learning rate to 7.037701970335941e-05
	iters: 100, epoch: 26 | loss: 0.3381266
	speed: 0.1273s/iter; left time: 2517.4726s
	iters: 200, epoch: 26 | loss: 0.3662198
	speed: 0.0554s/iter; left time: 1089.2175s
Epoch: 26 cost time: 14.645918846130371
Epoch: 26, Steps: 265 | Train Loss: 0.3445555 Vali Loss: 0.5363510 Test Loss: 0.3596549
Validation loss decreased (0.546438 --> 0.536351).  Saving model ...
Updating learning rate to 7.379978345487968e-05
	iters: 100, epoch: 27 | loss: 0.3405630
	speed: 0.1273s/iter; left time: 2484.6372s
	iters: 200, epoch: 27 | loss: 0.3520755
	speed: 0.0554s/iter; left time: 1074.6077s
Epoch: 27 cost time: 14.636545181274414
Epoch: 27, Steps: 265 | Train Loss: 0.3379585 Vali Loss: 0.5296112 Test Loss: 0.3544672
Validation loss decreased (0.536351 --> 0.529611).  Saving model ...
Updating learning rate to 7.70881189426489e-05
	iters: 100, epoch: 28 | loss: 0.3397778
	speed: 0.1273s/iter; left time: 2449.4264s
	iters: 200, epoch: 28 | loss: 0.3232431
	speed: 0.0553s/iter; left time: 1059.3342s
Epoch: 28 cost time: 14.64686918258667
Epoch: 28, Steps: 265 | Train Loss: 0.3329969 Vali Loss: 0.5237679 Test Loss: 0.3507712
Validation loss decreased (0.529611 --> 0.523768).  Saving model ...
Updating learning rate to 8.022174866110521e-05
	iters: 100, epoch: 29 | loss: 0.3640592
	speed: 0.1272s/iter; left time: 2414.8969s
	iters: 200, epoch: 29 | loss: 0.3048185
	speed: 0.0555s/iter; left time: 1047.3196s
Epoch: 29 cost time: 14.654961585998535
Epoch: 29, Steps: 265 | Train Loss: 0.3286278 Vali Loss: 0.5186781 Test Loss: 0.3478478
Validation loss decreased (0.523768 --> 0.518678).  Saving model ...
Updating learning rate to 8.318134909709714e-05
	iters: 100, epoch: 30 | loss: 0.2793234
	speed: 0.1299s/iter; left time: 2431.7727s
	iters: 200, epoch: 30 | loss: 0.3210871
	speed: 0.0553s/iter; left time: 1030.1142s
Epoch: 30 cost time: 14.623477935791016
Epoch: 30, Steps: 265 | Train Loss: 0.3252115 Vali Loss: 0.5156472 Test Loss: 0.3455648
Validation loss decreased (0.518678 --> 0.515647).  Saving model ...
Updating learning rate to 8.594866988823775e-05
	iters: 100, epoch: 31 | loss: 0.2971294
	speed: 0.1271s/iter; left time: 2344.8235s
	iters: 200, epoch: 31 | loss: 0.3654791
	speed: 0.0554s/iter; left time: 1016.2581s
Epoch: 31 cost time: 14.642009258270264
Epoch: 31, Steps: 265 | Train Loss: 0.3221006 Vali Loss: 0.5120881 Test Loss: 0.3436411
Validation loss decreased (0.515647 --> 0.512088).  Saving model ...
Updating learning rate to 8.850664636367998e-05
	iters: 100, epoch: 32 | loss: 0.3006316
	speed: 0.1274s/iter; left time: 2316.0147s
	iters: 200, epoch: 32 | loss: 0.3301477
	speed: 0.0554s/iter; left time: 1001.5623s
Epoch: 32 cost time: 14.646565198898315
Epoch: 32, Steps: 265 | Train Loss: 0.3195062 Vali Loss: 0.5098742 Test Loss: 0.3418303
Validation loss decreased (0.512088 --> 0.509874).  Saving model ...
Updating learning rate to 9.083950477333033e-05
	iters: 100, epoch: 33 | loss: 0.2892046
	speed: 0.1303s/iter; left time: 2335.3054s
	iters: 200, epoch: 33 | loss: 0.3273015
	speed: 0.0554s/iter; left time: 987.1589s
Epoch: 33 cost time: 14.63128662109375
Epoch: 33, Steps: 265 | Train Loss: 0.3174023 Vali Loss: 0.5068035 Test Loss: 0.3405885
Validation loss decreased (0.509874 --> 0.506804).  Saving model ...
Updating learning rate to 9.293285955660577e-05
	iters: 100, epoch: 34 | loss: 0.3097459
	speed: 0.1275s/iter; left time: 2251.4370s
	iters: 200, epoch: 34 | loss: 0.2963190
	speed: 0.0554s/iter; left time: 971.9338s
Epoch: 34 cost time: 14.653666496276855
Epoch: 34, Steps: 265 | Train Loss: 0.3154943 Vali Loss: 0.5056618 Test Loss: 0.3394270
Validation loss decreased (0.506804 --> 0.505662).  Saving model ...
Updating learning rate to 9.477380205092656e-05
	iters: 100, epoch: 35 | loss: 0.3091823
	speed: 0.1273s/iter; left time: 2213.3472s
	iters: 200, epoch: 35 | loss: 0.2974877
	speed: 0.0554s/iter; left time: 957.6478s
Epoch: 35 cost time: 14.658154726028442
Epoch: 35, Steps: 265 | Train Loss: 0.3137160 Vali Loss: 0.5033743 Test Loss: 0.3384915
Validation loss decreased (0.505662 --> 0.503374).  Saving model ...
Updating learning rate to 9.635098009292423e-05
	iters: 100, epoch: 36 | loss: 0.3035396
	speed: 0.1274s/iter; left time: 2181.4056s
	iters: 200, epoch: 36 | loss: 0.2764390
	speed: 0.0553s/iter; left time: 941.9240s
Epoch: 36 cost time: 14.6483793258667
Epoch: 36, Steps: 265 | Train Loss: 0.3121096 Vali Loss: 0.5026078 Test Loss: 0.3374196
Validation loss decreased (0.503374 --> 0.502608).  Saving model ...
Updating learning rate to 9.765466802150444e-05
	iters: 100, epoch: 37 | loss: 0.3598132
	speed: 0.1275s/iter; left time: 2149.7718s
	iters: 200, epoch: 37 | loss: 0.3272793
	speed: 0.0554s/iter; left time: 927.7749s
Epoch: 37 cost time: 14.644572019577026
Epoch: 37, Steps: 265 | Train Loss: 0.3106380 Vali Loss: 0.5002481 Test Loss: 0.3365001
Validation loss decreased (0.502608 --> 0.500248).  Saving model ...
Updating learning rate to 9.867682665109111e-05
	iters: 100, epoch: 38 | loss: 0.3022972
	speed: 0.1272s/iter; left time: 2110.9706s
	iters: 200, epoch: 38 | loss: 0.2888787
	speed: 0.0554s/iter; left time: 914.2535s
Epoch: 38 cost time: 14.653444766998291
Epoch: 38, Steps: 265 | Train Loss: 0.3092671 Vali Loss: 0.4991556 Test Loss: 0.3357209
Validation loss decreased (0.500248 --> 0.499156).  Saving model ...
Updating learning rate to 9.941115284522702e-05
	iters: 100, epoch: 39 | loss: 0.3138687
	speed: 0.1274s/iter; left time: 2080.4230s
	iters: 200, epoch: 39 | loss: 0.2885707
	speed: 0.0553s/iter; left time: 898.1389s
Epoch: 39 cost time: 14.649846315383911
Epoch: 39, Steps: 265 | Train Loss: 0.3077989 Vali Loss: 0.4976902 Test Loss: 0.3348910
Validation loss decreased (0.499156 --> 0.497690).  Saving model ...
Updating learning rate to 9.985311838483566e-05
	iters: 100, epoch: 40 | loss: 0.2640971
	speed: 0.1274s/iter; left time: 2046.0082s
	iters: 200, epoch: 40 | loss: 0.3084645
	speed: 0.0553s/iter; left time: 883.2757s
Epoch: 40 cost time: 14.649089097976685
Epoch: 40, Steps: 265 | Train Loss: 0.3064540 Vali Loss: 0.4963104 Test Loss: 0.3342612
Validation loss decreased (0.497690 --> 0.496310).  Saving model ...
Updating learning rate to 9.99999990240136e-05
	iters: 100, epoch: 41 | loss: 0.3093888
	speed: 0.1350s/iter; left time: 2132.5298s
	iters: 200, epoch: 41 | loss: 0.3152931
	speed: 0.0553s/iter; left time: 868.5359s
Epoch: 41 cost time: 14.608675718307495
Epoch: 41, Steps: 265 | Train Loss: 0.3049826 Vali Loss: 0.4951690 Test Loss: 0.3334263
Validation loss decreased (0.496310 --> 0.495169).  Saving model ...
Updating learning rate to 9.993095900070463e-05
	iters: 100, epoch: 42 | loss: 0.3066722
	speed: 0.1287s/iter; left time: 1998.7578s
	iters: 200, epoch: 42 | loss: 0.3202424
	speed: 0.0554s/iter; left time: 855.4163s
Epoch: 42 cost time: 14.659616470336914
Epoch: 42, Steps: 265 | Train Loss: 0.3037222 Vali Loss: 0.4950519 Test Loss: 0.3326224
Validation loss decreased (0.495169 --> 0.495052).  Saving model ...
Updating learning rate to 9.972506223761924e-05
	iters: 100, epoch: 43 | loss: 0.2998517
	speed: 0.1276s/iter; left time: 1949.1636s
	iters: 200, epoch: 43 | loss: 0.2911074
	speed: 0.0554s/iter; left time: 840.6572s
Epoch: 43 cost time: 14.666104316711426
Epoch: 43, Steps: 265 | Train Loss: 0.3025435 Vali Loss: 0.4929460 Test Loss: 0.3318798
Validation loss decreased (0.495052 --> 0.492946).  Saving model ...
Updating learning rate to 9.938287308347333e-05
	iters: 100, epoch: 44 | loss: 0.3154440
	speed: 0.1277s/iter; left time: 1916.2469s
	iters: 200, epoch: 44 | loss: 0.3312746
	speed: 0.0554s/iter; left time: 825.4790s
Epoch: 44 cost time: 14.659653186798096
Epoch: 44, Steps: 265 | Train Loss: 0.3012101 Vali Loss: 0.4921465 Test Loss: 0.3314699
Validation loss decreased (0.492946 --> 0.492146).  Saving model ...
Updating learning rate to 9.890532945495314e-05
	iters: 100, epoch: 45 | loss: 0.2890491
	speed: 0.1274s/iter; left time: 1878.4904s
	iters: 200, epoch: 45 | loss: 0.3292480
	speed: 0.0554s/iter; left time: 811.6806s
Epoch: 45 cost time: 14.663607835769653
Epoch: 45, Steps: 265 | Train Loss: 0.3000940 Vali Loss: 0.4920306 Test Loss: 0.3307722
Validation loss decreased (0.492146 --> 0.492031).  Saving model ...
Updating learning rate to 9.829374026595078e-05
	iters: 100, epoch: 46 | loss: 0.2988681
	speed: 0.1275s/iter; left time: 1845.2141s
	iters: 200, epoch: 46 | loss: 0.2933705
	speed: 0.0554s/iter; left time: 796.9811s
Epoch: 46 cost time: 14.672113418579102
Epoch: 46, Steps: 265 | Train Loss: 0.2987568 Vali Loss: 0.4908034 Test Loss: 0.3305119
Validation loss decreased (0.492031 --> 0.490803).  Saving model ...
Updating learning rate to 9.754978183992228e-05
	iters: 100, epoch: 47 | loss: 0.2835680
	speed: 0.1311s/iter; left time: 1862.8858s
	iters: 200, epoch: 47 | loss: 0.3310638
	speed: 0.0553s/iter; left time: 781.0196s
Epoch: 47 cost time: 14.626587390899658
Epoch: 47, Steps: 265 | Train Loss: 0.2978070 Vali Loss: 0.4898199 Test Loss: 0.3300489
Validation loss decreased (0.490803 --> 0.489820).  Saving model ...
Updating learning rate to 9.667549331520148e-05
	iters: 100, epoch: 48 | loss: 0.2798899
	speed: 0.1275s/iter; left time: 1777.5581s
	iters: 200, epoch: 48 | loss: 0.2857917
	speed: 0.0555s/iter; left time: 768.4698s
Epoch: 48 cost time: 14.67315149307251
Epoch: 48, Steps: 265 | Train Loss: 0.2967000 Vali Loss: 0.4897197 Test Loss: 0.3299269
Validation loss decreased (0.489820 --> 0.489720).  Saving model ...
Updating learning rate to 9.567327105586355e-05
	iters: 100, epoch: 49 | loss: 0.2886365
	speed: 0.1274s/iter; left time: 1743.0940s
	iters: 200, epoch: 49 | loss: 0.2885243
	speed: 0.0555s/iter; left time: 753.5018s
Epoch: 49 cost time: 14.673460483551025
Epoch: 49, Steps: 265 | Train Loss: 0.2959579 Vali Loss: 0.4879198 Test Loss: 0.3295811
Validation loss decreased (0.489720 --> 0.487920).  Saving model ...
Updating learning rate to 9.454586208345774e-05
	iters: 100, epoch: 50 | loss: 0.3112454
	speed: 0.1273s/iter; left time: 1707.5901s
	iters: 200, epoch: 50 | loss: 0.3121334
	speed: 0.0555s/iter; left time: 739.2228s
Epoch: 50 cost time: 14.673306703567505
Epoch: 50, Steps: 265 | Train Loss: 0.2950477 Vali Loss: 0.4876063 Test Loss: 0.3292595
Validation loss decreased (0.487920 --> 0.487606).  Saving model ...
Updating learning rate to 9.329635654761219e-05
	iters: 100, epoch: 51 | loss: 0.3094572
	speed: 0.1283s/iter; left time: 1687.7373s
	iters: 200, epoch: 51 | loss: 0.3259062
	speed: 0.0555s/iter; left time: 724.0313s
Epoch: 51 cost time: 14.667403221130371
Epoch: 51, Steps: 265 | Train Loss: 0.2942038 Vali Loss: 0.4879122 Test Loss: 0.3290918
EarlyStopping counter: 1 out of 20
Updating learning rate to 9.192817925614859e-05
	iters: 100, epoch: 52 | loss: 0.2828886
	speed: 0.1268s/iter; left time: 1633.4855s
	iters: 200, epoch: 52 | loss: 0.3043307
	speed: 0.0554s/iter; left time: 708.4736s
Epoch: 52 cost time: 14.650985479354858
Epoch: 52, Steps: 265 | Train Loss: 0.2931578 Vali Loss: 0.4868105 Test Loss: 0.3290704
Validation loss decreased (0.487606 --> 0.486810).  Saving model ...
Updating learning rate to 9.044508028792197e-05
	iters: 100, epoch: 53 | loss: 0.2757368
	speed: 0.1273s/iter; left time: 1606.4246s
	iters: 200, epoch: 53 | loss: 0.3164496
	speed: 0.0553s/iter; left time: 691.8877s
Epoch: 53 cost time: 14.620802164077759
Epoch: 53, Steps: 265 | Train Loss: 0.2926670 Vali Loss: 0.4867572 Test Loss: 0.3289107
Validation loss decreased (0.486810 --> 0.486757).  Saving model ...
Updating learning rate to 8.885112471411532e-05
	iters: 100, epoch: 54 | loss: 0.2763079
	speed: 0.1276s/iter; left time: 1576.0116s
	iters: 200, epoch: 54 | loss: 0.2919832
	speed: 0.0552s/iter; left time: 676.6142s
Epoch: 54 cost time: 14.600792169570923
Epoch: 54, Steps: 265 | Train Loss: 0.2920611 Vali Loss: 0.4857713 Test Loss: 0.3287114
Validation loss decreased (0.486757 --> 0.485771).  Saving model ...
Updating learning rate to 8.715068145616196e-05
	iters: 100, epoch: 55 | loss: 0.3018206
	speed: 0.1270s/iter; left time: 1535.0605s
	iters: 200, epoch: 55 | loss: 0.3136987
	speed: 0.0551s/iter; left time: 660.3537s
Epoch: 55 cost time: 14.580783605575562
Epoch: 55, Steps: 265 | Train Loss: 0.2913423 Vali Loss: 0.4850927 Test Loss: 0.3284628
Validation loss decreased (0.485771 --> 0.485093).  Saving model ...
Updating learning rate to 8.534841131083555e-05
	iters: 100, epoch: 56 | loss: 0.2900718
	speed: 0.1284s/iter; left time: 1518.1741s
	iters: 200, epoch: 56 | loss: 0.3086056
	speed: 0.0550s/iter; left time: 644.6714s
Epoch: 56 cost time: 14.54282546043396
Epoch: 56, Steps: 265 | Train Loss: 0.2907853 Vali Loss: 0.4852998 Test Loss: 0.3288448
EarlyStopping counter: 1 out of 20
Updating learning rate to 8.344925417533019e-05
	iters: 100, epoch: 57 | loss: 0.3152781
	speed: 0.1260s/iter; left time: 1456.8043s
	iters: 200, epoch: 57 | loss: 0.2903969
	speed: 0.0549s/iter; left time: 629.7402s
Epoch: 57 cost time: 14.547221183776855
Epoch: 57, Steps: 265 | Train Loss: 0.2901845 Vali Loss: 0.4847252 Test Loss: 0.3287073
Validation loss decreased (0.485093 --> 0.484725).  Saving model ...
Updating learning rate to 8.14584155073455e-05
	iters: 100, epoch: 58 | loss: 0.2980185
	speed: 0.1265s/iter; left time: 1428.5752s
	iters: 200, epoch: 58 | loss: 0.3016154
	speed: 0.0549s/iter; left time: 614.9041s
Epoch: 58 cost time: 14.536588191986084
Epoch: 58, Steps: 265 | Train Loss: 0.2897540 Vali Loss: 0.4842427 Test Loss: 0.3283324
Validation loss decreased (0.484725 --> 0.484243).  Saving model ...
Updating learning rate to 7.938135205728891e-05
	iters: 100, epoch: 59 | loss: 0.2782483
	speed: 0.1265s/iter; left time: 1394.9123s
	iters: 200, epoch: 59 | loss: 0.2767172
	speed: 0.0548s/iter; left time: 599.3328s
Epoch: 59 cost time: 14.519702434539795
Epoch: 59, Steps: 265 | Train Loss: 0.2891677 Vali Loss: 0.4831246 Test Loss: 0.3283314
Validation loss decreased (0.484243 --> 0.483125).  Saving model ...
Updating learning rate to 7.722375691170215e-05
	iters: 100, epoch: 60 | loss: 0.3066226
	speed: 0.1264s/iter; left time: 1360.3927s
	iters: 200, epoch: 60 | loss: 0.3040437
	speed: 0.0548s/iter; left time: 584.6961s
Epoch: 60 cost time: 14.515356063842773
Epoch: 60, Steps: 265 | Train Loss: 0.2887873 Vali Loss: 0.4829552 Test Loss: 0.3282676
Validation loss decreased (0.483125 --> 0.482955).  Saving model ...
Updating learning rate to 7.499154388890664e-05
	iters: 100, epoch: 61 | loss: 0.2896589
	speed: 0.1264s/iter; left time: 1327.5655s
	iters: 200, epoch: 61 | loss: 0.2510336
	speed: 0.0547s/iter; left time: 569.0462s
Epoch: 61 cost time: 14.487435340881348
Epoch: 61, Steps: 265 | Train Loss: 0.2883133 Vali Loss: 0.4829077 Test Loss: 0.3280123
Validation loss decreased (0.482955 --> 0.482908).  Saving model ...
Updating learning rate to 7.269083132963864e-05
	iters: 100, epoch: 62 | loss: 0.3115296
	speed: 0.1263s/iter; left time: 1293.2386s
	iters: 200, epoch: 62 | loss: 0.2799849
	speed: 0.0547s/iter; left time: 554.5557s
Epoch: 62 cost time: 14.487033367156982
Epoch: 62, Steps: 265 | Train Loss: 0.2877881 Vali Loss: 0.4824937 Test Loss: 0.3279779
Validation loss decreased (0.482908 --> 0.482494).  Saving model ...
Updating learning rate to 7.032792532710257e-05
	iters: 100, epoch: 63 | loss: 0.3030986
	speed: 0.1263s/iter; left time: 1259.3258s
	iters: 200, epoch: 63 | loss: 0.2955002
	speed: 0.0547s/iter; left time: 539.7636s
Epoch: 63 cost time: 14.48164415359497
Epoch: 63, Steps: 265 | Train Loss: 0.2872446 Vali Loss: 0.4821668 Test Loss: 0.3280664
Validation loss decreased (0.482494 --> 0.482167).  Saving model ...
Updating learning rate to 6.790930244240778e-05
	iters: 100, epoch: 64 | loss: 0.3045484
	speed: 0.1261s/iter; left time: 1224.1637s
	iters: 200, epoch: 64 | loss: 0.2624250
	speed: 0.0547s/iter; left time: 525.5484s
Epoch: 64 cost time: 14.48356008529663
Epoch: 64, Steps: 265 | Train Loss: 0.2869572 Vali Loss: 0.4821367 Test Loss: 0.3282654
Validation loss decreased (0.482167 --> 0.482137).  Saving model ...
Updating learning rate to 6.544159195276479e-05
	iters: 100, epoch: 65 | loss: 0.2495022
	speed: 0.1260s/iter; left time: 1190.0008s
	iters: 200, epoch: 65 | loss: 0.2780780
	speed: 0.0546s/iter; left time: 510.1340s
Epoch: 65 cost time: 14.461224555969238
Epoch: 65, Steps: 265 | Train Loss: 0.2865528 Vali Loss: 0.4821829 Test Loss: 0.3283659
EarlyStopping counter: 1 out of 20
Updating learning rate to 6.293155768109725e-05
	iters: 100, epoch: 66 | loss: 0.2785281
	speed: 0.1255s/iter; left time: 1151.1519s
	iters: 200, epoch: 66 | loss: 0.2634436
	speed: 0.0546s/iter; left time: 495.6858s
Epoch: 66 cost time: 14.464538097381592
Epoch: 66, Steps: 265 | Train Loss: 0.2861760 Vali Loss: 0.4823317 Test Loss: 0.3282598
EarlyStopping counter: 2 out of 20
Updating learning rate to 6.038607945687349e-05
	iters: 100, epoch: 67 | loss: 0.2755071
	speed: 0.1252s/iter; left time: 1115.9341s
	iters: 200, epoch: 67 | loss: 0.2574904
	speed: 0.0546s/iter; left time: 480.8926s
Epoch: 67 cost time: 14.451074123382568
Epoch: 67, Steps: 265 | Train Loss: 0.2858318 Vali Loss: 0.4808975 Test Loss: 0.3281806
Validation loss decreased (0.482137 --> 0.480898).  Saving model ...
Updating learning rate to 5.781213425897207e-05
	iters: 100, epoch: 68 | loss: 0.2791374
	speed: 0.1259s/iter; left time: 1088.5668s
	iters: 200, epoch: 68 | loss: 0.2851749
	speed: 0.0545s/iter; left time: 466.1339s
Epoch: 68 cost time: 14.446249961853027
Epoch: 68, Steps: 265 | Train Loss: 0.2852614 Vali Loss: 0.4800504 Test Loss: 0.3280032
Validation loss decreased (0.480898 --> 0.480050).  Saving model ...
Updating learning rate to 5.5216777092267685e-05
	iters: 100, epoch: 69 | loss: 0.2895716
	speed: 0.1260s/iter; left time: 1055.8611s
	iters: 200, epoch: 69 | loss: 0.2885440
	speed: 0.0545s/iter; left time: 451.5758s
Epoch: 69 cost time: 14.444158554077148
Epoch: 69, Steps: 265 | Train Loss: 0.2850988 Vali Loss: 0.4808145 Test Loss: 0.3284359
EarlyStopping counter: 1 out of 20
Updating learning rate to 5.260712165035325e-05
	iters: 100, epoch: 70 | loss: 0.3342044
	speed: 0.1252s/iter; left time: 1015.9194s
	iters: 200, epoch: 70 | loss: 0.2659772
	speed: 0.0546s/iter; left time: 437.3194s
Epoch: 70 cost time: 14.449822425842285
Epoch: 70, Steps: 265 | Train Loss: 0.2846564 Vali Loss: 0.4808235 Test Loss: 0.3281880
EarlyStopping counter: 2 out of 20
Updating learning rate to 4.999032081740008e-05
	iters: 100, epoch: 71 | loss: 0.2649070
	speed: 0.1252s/iter; left time: 982.8036s
	iters: 200, epoch: 71 | loss: 0.3115721
	speed: 0.0546s/iter; left time: 422.8478s
Epoch: 71 cost time: 14.44273066520691
Epoch: 71, Steps: 265 | Train Loss: 0.2844150 Vali Loss: 0.4805796 Test Loss: 0.3282556
EarlyStopping counter: 3 out of 20
Updating learning rate to 4.737354706259972e-05
	iters: 100, epoch: 72 | loss: 0.2772081
	speed: 0.1253s/iter; left time: 950.5888s
	iters: 200, epoch: 72 | loss: 0.2755941
	speed: 0.0545s/iter; left time: 408.1603s
Epoch: 72 cost time: 14.43912124633789
Epoch: 72, Steps: 265 | Train Loss: 0.2840824 Vali Loss: 0.4812863 Test Loss: 0.3281896
EarlyStopping counter: 4 out of 20
Updating learning rate to 4.476397278092438e-05
	iters: 100, epoch: 73 | loss: 0.2741094
	speed: 0.1252s/iter; left time: 916.9473s
	iters: 200, epoch: 73 | loss: 0.2658132
	speed: 0.0546s/iter; left time: 393.9470s
Epoch: 73 cost time: 14.438836574554443
Epoch: 73, Steps: 265 | Train Loss: 0.2836654 Vali Loss: 0.4805811 Test Loss: 0.3284372
EarlyStopping counter: 5 out of 20
Updating learning rate to 4.216875063409081e-05
	iters: 100, epoch: 74 | loss: 0.2973359
	speed: 0.1249s/iter; left time: 881.6004s
	iters: 200, epoch: 74 | loss: 0.2971079
	speed: 0.0545s/iter; left time: 379.3192s
Epoch: 74 cost time: 14.431102514266968
Epoch: 74, Steps: 265 | Train Loss: 0.2834930 Vali Loss: 0.4797302 Test Loss: 0.3282402
Validation loss decreased (0.480050 --> 0.479730).  Saving model ...
Updating learning rate to 3.959499394561185e-05
	iters: 100, epoch: 75 | loss: 0.2863839
	speed: 0.1256s/iter; left time: 852.9280s
	iters: 200, epoch: 75 | loss: 0.2592324
	speed: 0.0545s/iter; left time: 364.7127s
Epoch: 75 cost time: 14.425129652023315
Epoch: 75, Steps: 265 | Train Loss: 0.2831985 Vali Loss: 0.4798823 Test Loss: 0.3280094
EarlyStopping counter: 1 out of 20
Updating learning rate to 3.704975720367095e-05
	iters: 100, epoch: 76 | loss: 0.3133716
	speed: 0.1251s/iter; left time: 816.3156s
	iters: 200, epoch: 76 | loss: 0.3106363
	speed: 0.0545s/iter; left time: 350.3166s
Epoch: 76 cost time: 14.424655437469482
Epoch: 76, Steps: 265 | Train Loss: 0.2831969 Vali Loss: 0.4794188 Test Loss: 0.3283150
Validation loss decreased (0.479730 --> 0.479419).  Saving model ...
Updating learning rate to 3.454001672526056e-05
	iters: 100, epoch: 77 | loss: 0.2575642
	speed: 0.1257s/iter; left time: 786.8263s
	iters: 200, epoch: 77 | loss: 0.2782858
	speed: 0.0545s/iter; left time: 335.6287s
Epoch: 77 cost time: 14.418229341506958
Epoch: 77, Steps: 265 | Train Loss: 0.2830248 Vali Loss: 0.4797414 Test Loss: 0.3281039
EarlyStopping counter: 1 out of 20
Updating learning rate to 3.207265153458206e-05
	iters: 100, epoch: 78 | loss: 0.2828872
	speed: 0.1250s/iter; left time: 749.3267s
	iters: 200, epoch: 78 | loss: 0.2924132
	speed: 0.0545s/iter; left time: 321.3640s
Epoch: 78 cost time: 14.425004482269287
Epoch: 78, Steps: 265 | Train Loss: 0.2826857 Vali Loss: 0.4797703 Test Loss: 0.3279681
EarlyStopping counter: 2 out of 20
Updating learning rate to 2.965442450811866e-05
	iters: 100, epoch: 79 | loss: 0.2756528
	speed: 0.1250s/iter; left time: 716.1262s
	iters: 200, epoch: 79 | loss: 0.2577722
	speed: 0.0545s/iter; left time: 307.0864s
Epoch: 79 cost time: 14.434475183486938
Epoch: 79, Steps: 265 | Train Loss: 0.2826575 Vali Loss: 0.4795336 Test Loss: 0.3280599
EarlyStopping counter: 3 out of 20
Updating learning rate to 2.7291963838060986e-05
	iters: 100, epoch: 80 | loss: 0.2978695
	speed: 0.1255s/iter; left time: 685.7487s
	iters: 200, epoch: 80 | loss: 0.2727002
	speed: 0.0545s/iter; left time: 292.4342s
Epoch: 80 cost time: 14.444408178329468
Epoch: 80, Steps: 265 | Train Loss: 0.2822107 Vali Loss: 0.4793920 Test Loss: 0.3283625
Validation loss decreased (0.479419 --> 0.479392).  Saving model ...
Updating learning rate to 2.499174486489305e-05
	iters: 100, epoch: 81 | loss: 0.2869262
	speed: 0.1271s/iter; left time: 660.9211s
	iters: 200, epoch: 81 | loss: 0.2709560
	speed: 0.0545s/iter; left time: 278.0099s
Epoch: 81 cost time: 14.418319463729858
Epoch: 81, Steps: 265 | Train Loss: 0.2823750 Vali Loss: 0.4792688 Test Loss: 0.3280820
Validation loss decreased (0.479392 --> 0.479269).  Saving model ...
Updating learning rate to 2.276007232893402e-05
	iters: 100, epoch: 82 | loss: 0.2813871
	speed: 0.1257s/iter; left time: 620.6563s
	iters: 200, epoch: 82 | loss: 0.3012214
	speed: 0.0545s/iter; left time: 263.4594s
Epoch: 82 cost time: 14.426198244094849
Epoch: 82, Steps: 265 | Train Loss: 0.2820426 Vali Loss: 0.4790212 Test Loss: 0.3281042
Validation loss decreased (0.479269 --> 0.479021).  Saving model ...
Updating learning rate to 2.0603063089483323e-05
	iters: 100, epoch: 83 | loss: 0.2979528
	speed: 0.1258s/iter; left time: 587.4502s
	iters: 200, epoch: 83 | loss: 0.2775023
	speed: 0.0544s/iter; left time: 248.8468s
Epoch: 83 cost time: 14.41665005683899
Epoch: 83, Steps: 265 | Train Loss: 0.2820425 Vali Loss: 0.4789559 Test Loss: 0.3283807
Validation loss decreased (0.479021 --> 0.478956).  Saving model ...
Updating learning rate to 1.8526629358934466e-05
	iters: 100, epoch: 84 | loss: 0.2845854
	speed: 0.1276s/iter; left time: 562.3581s
	iters: 200, epoch: 84 | loss: 0.3024883
	speed: 0.0543s/iter; left time: 233.8312s
Epoch: 84 cost time: 14.385856866836548
Epoch: 84, Steps: 265 | Train Loss: 0.2820881 Vali Loss: 0.4796201 Test Loss: 0.3281596
EarlyStopping counter: 1 out of 20
Updating learning rate to 1.653646249781165e-05
	iters: 100, epoch: 85 | loss: 0.2812954
	speed: 0.1248s/iter; left time: 516.9220s
	iters: 200, epoch: 85 | loss: 0.2926195
	speed: 0.0544s/iter; left time: 219.7042s
Epoch: 85 cost time: 14.398330688476562
Epoch: 85, Steps: 265 | Train Loss: 0.2817047 Vali Loss: 0.4798197 Test Loss: 0.3281969
EarlyStopping counter: 2 out of 20
Updating learning rate to 1.4638017415146474e-05
	iters: 100, epoch: 86 | loss: 0.2695827
	speed: 0.1250s/iter; left time: 484.5264s
	iters: 200, epoch: 86 | loss: 0.2828088
	speed: 0.0544s/iter; left time: 205.2603s
Epoch: 86 cost time: 14.400679349899292
Epoch: 86, Steps: 265 | Train Loss: 0.2816448 Vali Loss: 0.4791229 Test Loss: 0.3280513
EarlyStopping counter: 3 out of 20
Updating learning rate to 1.2836497616951199e-05
	iters: 100, epoch: 87 | loss: 0.3415192
	speed: 0.1249s/iter; left time: 450.8511s
	iters: 200, epoch: 87 | loss: 0.2707911
	speed: 0.0544s/iter; left time: 190.8498s
Epoch: 87 cost time: 14.402191638946533
Epoch: 87, Steps: 265 | Train Loss: 0.2815598 Vali Loss: 0.4792660 Test Loss: 0.3281389
EarlyStopping counter: 4 out of 20
Updating learning rate to 1.1136840943770596e-05
	iters: 100, epoch: 88 | loss: 0.2805343
	speed: 0.1250s/iter; left time: 418.1949s
	iters: 200, epoch: 88 | loss: 0.2996275
	speed: 0.0544s/iter; left time: 176.5086s
Epoch: 88 cost time: 14.409038782119751
Epoch: 88, Steps: 265 | Train Loss: 0.2812814 Vali Loss: 0.4789276 Test Loss: 0.3281985
Validation loss decreased (0.478956 --> 0.478928).  Saving model ...
Updating learning rate to 9.54370603640415e-06
	iters: 100, epoch: 89 | loss: 0.2861598
	speed: 0.1255s/iter; left time: 386.6797s
	iters: 200, epoch: 89 | loss: 0.2534226
	speed: 0.0544s/iter; left time: 162.0405s
Epoch: 89 cost time: 14.399841070175171
Epoch: 89, Steps: 265 | Train Loss: 0.2814685 Vali Loss: 0.4795375 Test Loss: 0.3282320
EarlyStopping counter: 1 out of 20
Updating learning rate to 8.061459566895504e-06
	iters: 100, epoch: 90 | loss: 0.2924503
	speed: 0.1249s/iter; left time: 351.7612s
	iters: 200, epoch: 90 | loss: 0.2775456
	speed: 0.0545s/iter; left time: 147.9092s
Epoch: 90 cost time: 14.408040046691895
Epoch: 90, Steps: 265 | Train Loss: 0.2814282 Vali Loss: 0.4787512 Test Loss: 0.3283341
Validation loss decreased (0.478928 --> 0.478751).  Saving model ...
Updating learning rate to 6.694164269787878e-06
	iters: 100, epoch: 91 | loss: 0.3034359
	speed: 0.1281s/iter; left time: 326.7203s
	iters: 200, epoch: 91 | loss: 0.3041447
	speed: 0.0544s/iter; left time: 133.3098s
Epoch: 91 cost time: 14.39195466041565
Epoch: 91, Steps: 265 | Train Loss: 0.2813835 Vali Loss: 0.4793265 Test Loss: 0.3282073
EarlyStopping counter: 1 out of 20
Updating learning rate to 5.4455678064511385e-06
	iters: 100, epoch: 92 | loss: 0.2953312
	speed: 0.1248s/iter; left time: 285.2867s
	iters: 200, epoch: 92 | loss: 0.2821284
	speed: 0.0544s/iter; left time: 118.8435s
Epoch: 92 cost time: 14.399509906768799
Epoch: 92, Steps: 265 | Train Loss: 0.2812268 Vali Loss: 0.4791118 Test Loss: 0.3283208
EarlyStopping counter: 2 out of 20
Updating learning rate to 4.319092493002395e-06
	iters: 100, epoch: 93 | loss: 0.2951575
	speed: 0.1247s/iter; left time: 251.9767s
	iters: 200, epoch: 93 | loss: 0.2781229
	speed: 0.0543s/iter; left time: 104.3601s
Epoch: 93 cost time: 14.397765159606934
Epoch: 93, Steps: 265 | Train Loss: 0.2812719 Vali Loss: 0.4788364 Test Loss: 0.3283165
EarlyStopping counter: 3 out of 20
Updating learning rate to 3.317825919975493e-06
	iters: 100, epoch: 94 | loss: 0.3277212
	speed: 0.1249s/iter; left time: 219.2471s
	iters: 200, epoch: 94 | loss: 0.2625603
	speed: 0.0544s/iter; left time: 90.0104s
Epoch: 94 cost time: 14.399933815002441
Epoch: 94, Steps: 265 | Train Loss: 0.2811784 Vali Loss: 0.4785826 Test Loss: 0.3283968
Validation loss decreased (0.478751 --> 0.478583).  Saving model ...
Updating learning rate to 2.4445124894499002e-06
	iters: 100, epoch: 95 | loss: 0.2799231
	speed: 0.1257s/iter; left time: 187.3777s
	iters: 200, epoch: 95 | loss: 0.2716466
	speed: 0.0544s/iter; left time: 75.6738s
Epoch: 95 cost time: 14.401309967041016
Epoch: 95, Steps: 265 | Train Loss: 0.2810347 Vali Loss: 0.4787255 Test Loss: 0.3282272
EarlyStopping counter: 1 out of 20
Updating learning rate to 1.7015458928354114e-06
	iters: 100, epoch: 96 | loss: 0.2828263
	speed: 0.1252s/iter; left time: 153.5258s
	iters: 200, epoch: 96 | loss: 0.2806055
	speed: 0.0544s/iter; left time: 61.2161s
Epoch: 96 cost time: 14.398097276687622
Epoch: 96, Steps: 265 | Train Loss: 0.2812028 Vali Loss: 0.4792756 Test Loss: 0.3283474
EarlyStopping counter: 2 out of 20
Updating learning rate to 1.0909625499303723e-06
	iters: 100, epoch: 97 | loss: 0.2781042
	speed: 0.1250s/iter; left time: 120.0954s
	iters: 200, epoch: 97 | loss: 0.2536228
	speed: 0.0544s/iter; left time: 46.7973s
Epoch: 97 cost time: 14.401872873306274
Epoch: 97, Steps: 265 | Train Loss: 0.2811958 Vali Loss: 0.4798007 Test Loss: 0.3282699
EarlyStopping counter: 3 out of 20
Updating learning rate to 6.144360272365664e-07
	iters: 100, epoch: 98 | loss: 0.3000756
	speed: 0.1249s/iter; left time: 86.9104s
	iters: 200, epoch: 98 | loss: 0.2712709
	speed: 0.0544s/iter; left time: 32.4004s
Epoch: 98 cost time: 14.411572217941284
Epoch: 98, Steps: 265 | Train Loss: 0.2811702 Vali Loss: 0.4788506 Test Loss: 0.3284240
EarlyStopping counter: 4 out of 20
Updating learning rate to 2.732724508297455e-07
	iters: 100, epoch: 99 | loss: 0.2825528
	speed: 0.1249s/iter; left time: 53.8339s
	iters: 200, epoch: 99 | loss: 0.2917185
	speed: 0.0544s/iter; left time: 18.0023s
Epoch: 99 cost time: 14.403514862060547
Epoch: 99, Steps: 265 | Train Loss: 0.2810894 Vali Loss: 0.4788339 Test Loss: 0.3283111
EarlyStopping counter: 5 out of 20
Updating learning rate to 6.840692635883826e-08
	iters: 100, epoch: 100 | loss: 0.2891123
	speed: 0.1249s/iter; left time: 20.7372s
	iters: 200, epoch: 100 | loss: 0.2920473
	speed: 0.0544s/iter; left time: 3.5927s
Epoch: 100 cost time: 14.406124114990234
Epoch: 100, Steps: 265 | Train Loss: 0.2812121 Vali Loss: 0.4789402 Test Loss: 0.3281827
EarlyStopping counter: 6 out of 20
Updating learning rate to 4.0097598640127963e-10
>>>>>>>testing : NL_ettm1_flatten_lr0.00005_always_336_192_PatchTST_ETTm1_ftM_sl336_ll48_pl192_dm128_nh16_el3_dl1_df256_fc1_ebtimeF_dtTruelr5e-05_polalways_Nested_Learning_0<<<<<<<<<<<<<<<<<<<<<<<<<<<<<<<<<
test 11329
 Ejecutando Inferencia DINÁMICA (Nested Learning con flatten)
  -> Política: always | LR: 5e-05 | Target: head

RESUMEN: El CMS se actualizó 88 veces de 88 posibles.

mse:0.3285284638404846, mae:0.36595243215560913, rse:0.5451687574386597
Args in experiment:
Namespace(random_seed=2021, is_training=1, model_id='NL_ettm1_flatten_lr0.00005_always_336_336', model='PatchTST', data='ETTm1', root_path='./dataset/', data_path='ETTm1.csv', features='M', target='OT', freq='h', checkpoints='./checkpoints/', seq_len=336, label_len=48, pred_len=336, head_type='flatten', cms_lr=5e-05, update_policy='always', fc_dropout=0.2, head_dropout=0.0, patch_len=16, stride=8, padding_patch='end', revin=1, affine=0, subtract_last=0, decomposition=0, kernel_size=25, individual=0, embed_type=0, enc_in=7, dec_in=7, c_out=7, d_model=128, n_heads=16, e_layers=3, d_layers=1, d_ff=256, moving_avg=25, factor=1, distil=True, dropout=0.2, embed='timeF', activation='gelu', output_attention=False, do_predict=False, num_workers=0, itr=1, train_epochs=100, batch_size=128, patience=20, learning_rate=0.0001, des='Nested_Learning', loss='mse', lradj='TST', pct_start=0.4, use_amp=False, use_gpu=True, gpu=0, use_multi_gpu=False, devices='0,1,2,3', test_flop=False)
Use GPU: cuda:0
>>>>>>>start training : NL_ettm1_flatten_lr0.00005_always_336_336_PatchTST_ETTm1_ftM_sl336_ll48_pl336_dm128_nh16_el3_dl1_df256_fc1_ebtimeF_dtTruelr5e-05_polalways_Nested_Learning_0>>>>>>>>>>>>>>>>>>>>>>>>>>
train 33889
val 11185
test 11185
	iters: 100, epoch: 1 | loss: 0.6263599
	speed: 0.0764s/iter; left time: 2009.6807s
	iters: 200, epoch: 1 | loss: 0.6820586
	speed: 0.0615s/iter; left time: 1610.8370s
Epoch: 1 cost time: 16.48136019706726
Epoch: 1, Steps: 264 | Train Loss: 0.6608423 Vali Loss: 1.2181603 Test Loss: 0.8224521
Validation loss decreased (inf --> 1.218160).  Saving model ...
Updating learning rate to 4.147995994617984e-06
	iters: 100, epoch: 2 | loss: 0.6652161
	speed: 0.1395s/iter; left time: 3631.3531s
	iters: 200, epoch: 2 | loss: 0.6436985
	speed: 0.0622s/iter; left time: 1612.2723s
Epoch: 2 cost time: 16.39295768737793
Epoch: 2, Steps: 264 | Train Loss: 0.6586664 Vali Loss: 1.2131107 Test Loss: 0.8185019
Validation loss decreased (1.218160 --> 1.213111).  Saving model ...
Updating learning rate to 4.591071361204269e-06
	iters: 100, epoch: 3 | loss: 0.6522428
	speed: 0.1397s/iter; left time: 3600.4264s
	iters: 200, epoch: 3 | loss: 0.6803056
	speed: 0.0624s/iter; left time: 1602.6589s
Epoch: 3 cost time: 16.45124626159668
Epoch: 3, Steps: 264 | Train Loss: 0.6561689 Vali Loss: 1.2082295 Test Loss: 0.8138891
Validation loss decreased (1.213111 --> 1.208230).  Saving model ...
Updating learning rate to 5.3264938756102174e-06
	iters: 100, epoch: 4 | loss: 0.6786554
	speed: 0.1399s/iter; left time: 3568.1343s
	iters: 200, epoch: 4 | loss: 0.6164776
	speed: 0.0624s/iter; left time: 1586.0123s
Epoch: 4 cost time: 16.457349061965942
Epoch: 4, Steps: 264 | Train Loss: 0.6534423 Vali Loss: 1.2021751 Test Loss: 0.8083414
Validation loss decreased (1.208230 --> 1.202175).  Saving model ...
Updating learning rate to 6.349728555065631e-06
	iters: 100, epoch: 5 | loss: 0.6217896
	speed: 0.1399s/iter; left time: 3530.9072s
	iters: 200, epoch: 5 | loss: 0.6685819
	speed: 0.0625s/iter; left time: 1572.0473s
Epoch: 5 cost time: 16.480096340179443
Epoch: 5, Steps: 264 | Train Loss: 0.6501957 Vali Loss: 1.1949759 Test Loss: 0.8022613
Validation loss decreased (1.202175 --> 1.194976).  Saving model ...
Updating learning rate to 7.654465623149092e-06
	iters: 100, epoch: 6 | loss: 0.6897836
	speed: 0.1399s/iter; left time: 3493.6743s
	iters: 200, epoch: 6 | loss: 0.6383489
	speed: 0.0624s/iter; left time: 1553.6964s
Epoch: 6 cost time: 16.46207094192505
Epoch: 6, Steps: 264 | Train Loss: 0.6461458 Vali Loss: 1.1850197 Test Loss: 0.7946249
Validation loss decreased (1.194976 --> 1.185020).  Saving model ...
Updating learning rate to 9.232659419022894e-06
	iters: 100, epoch: 7 | loss: 0.7096903
	speed: 0.1409s/iter; left time: 3483.3266s
	iters: 200, epoch: 7 | loss: 0.6120560
	speed: 0.0625s/iter; left time: 1539.1789s
Epoch: 7 cost time: 16.48087191581726
Epoch: 7, Steps: 264 | Train Loss: 0.6413439 Vali Loss: 1.1761267 Test Loss: 0.7861949
Validation loss decreased (1.185020 --> 1.176127).  Saving model ...
Updating learning rate to 1.1074578010998666e-05
	iters: 100, epoch: 8 | loss: 0.6293011
	speed: 0.1402s/iter; left time: 3429.0879s
	iters: 200, epoch: 8 | loss: 0.6406897
	speed: 0.0625s/iter; left time: 1523.2484s
Epoch: 8 cost time: 16.478853225708008
Epoch: 8, Steps: 264 | Train Loss: 0.6358687 Vali Loss: 1.1634517 Test Loss: 0.7755937
Validation loss decreased (1.176127 --> 1.163452).  Saving model ...
Updating learning rate to 1.3168863208492038e-05
	iters: 100, epoch: 9 | loss: 0.6219205
	speed: 0.1402s/iter; left time: 3390.3239s
	iters: 200, epoch: 9 | loss: 0.6740963
	speed: 0.0625s/iter; left time: 1504.9108s
Epoch: 9 cost time: 16.466853141784668
Epoch: 9, Steps: 264 | Train Loss: 0.6294387 Vali Loss: 1.1503071 Test Loss: 0.7641496
Validation loss decreased (1.163452 --> 1.150307).  Saving model ...
Updating learning rate to 1.5502600602302323e-05
	iters: 100, epoch: 10 | loss: 0.6217356
	speed: 0.1398s/iter; left time: 3344.8146s
	iters: 200, epoch: 10 | loss: 0.5728241
	speed: 0.0624s/iter; left time: 1487.3676s
Epoch: 10 cost time: 16.461385488510132
Epoch: 10, Steps: 264 | Train Loss: 0.6221254 Vali Loss: 1.1345173 Test Loss: 0.7509939
Validation loss decreased (1.150307 --> 1.134517).  Saving model ...
Updating learning rate to 1.8061399201313948e-05
	iters: 100, epoch: 11 | loss: 0.5841365
	speed: 0.1398s/iter; left time: 3308.5221s
	iters: 200, epoch: 11 | loss: 0.6260415
	speed: 0.0625s/iter; left time: 1473.2520s
Epoch: 11 cost time: 16.47684669494629
Epoch: 11, Steps: 264 | Train Loss: 0.6134116 Vali Loss: 1.1169285 Test Loss: 0.7363803
Validation loss decreased (1.134517 --> 1.116928).  Saving model ...
Updating learning rate to 2.08294801745399e-05
	iters: 100, epoch: 12 | loss: 0.5988163
	speed: 0.1396s/iter; left time: 3266.9516s
	iters: 200, epoch: 12 | loss: 0.6105999
	speed: 0.0625s/iter; left time: 1455.1863s
Epoch: 12 cost time: 16.466136693954468
Epoch: 12, Steps: 264 | Train Loss: 0.6039746 Vali Loss: 1.0988091 Test Loss: 0.7201176
Validation loss decreased (1.116928 --> 1.098809).  Saving model ...
Updating learning rate to 2.378977415127951e-05
	iters: 100, epoch: 13 | loss: 0.5857432
	speed: 0.1397s/iter; left time: 3232.4919s
	iters: 200, epoch: 13 | loss: 0.6499354
	speed: 0.0625s/iter; left time: 1439.9590s
Epoch: 13 cost time: 16.465575695037842
Epoch: 13, Steps: 264 | Train Loss: 0.5936354 Vali Loss: 1.0774331 Test Loss: 0.7024080
Validation loss decreased (1.098809 --> 1.077433).  Saving model ...
Updating learning rate to 2.6924026479389104e-05
	iters: 100, epoch: 14 | loss: 0.5844918
	speed: 0.1394s/iter; left time: 3187.7457s
	iters: 200, epoch: 14 | loss: 0.5977281
	speed: 0.0626s/iter; left time: 1424.2853s
Epoch: 14 cost time: 16.46116304397583
Epoch: 14, Steps: 264 | Train Loss: 0.5822101 Vali Loss: 1.0548208 Test Loss: 0.6834704
Validation loss decreased (1.077433 --> 1.054821).  Saving model ...
Updating learning rate to 3.0212909792590238e-05
	iters: 100, epoch: 15 | loss: 0.6006367
	speed: 0.1394s/iter; left time: 3151.6645s
	iters: 200, epoch: 15 | loss: 0.5846869
	speed: 0.0623s/iter; left time: 1403.1822s
Epoch: 15 cost time: 16.424122095108032
Epoch: 15, Steps: 264 | Train Loss: 0.5698847 Vali Loss: 1.0309546 Test Loss: 0.6633881
Validation loss decreased (1.054821 --> 1.030955).  Saving model ...
Updating learning rate to 3.363614319266957e-05
	iters: 100, epoch: 16 | loss: 0.5829913
	speed: 0.1397s/iter; left time: 3120.0910s
	iters: 200, epoch: 16 | loss: 0.5630286
	speed: 0.0623s/iter; left time: 1385.1453s
Epoch: 16 cost time: 16.420664072036743
Epoch: 16, Steps: 264 | Train Loss: 0.5565197 Vali Loss: 1.0046920 Test Loss: 0.6421255
Validation loss decreased (1.030955 --> 1.004692).  Saving model ...
Updating learning rate to 3.7172617311633196e-05
	iters: 100, epoch: 17 | loss: 0.5029303
	speed: 0.1394s/iter; left time: 3078.5951s
	iters: 200, epoch: 17 | loss: 0.5462277
	speed: 0.0623s/iter; left time: 1369.3495s
Epoch: 17 cost time: 16.419715642929077
Epoch: 17, Steps: 264 | Train Loss: 0.5424862 Vali Loss: 0.9771143 Test Loss: 0.6201057
Validation loss decreased (1.004692 --> 0.977114).  Saving model ...
Updating learning rate to 4.0800524482619576e-05
	iters: 100, epoch: 18 | loss: 0.5046167
	speed: 0.1392s/iter; left time: 3036.9685s
	iters: 200, epoch: 18 | loss: 0.5430295
	speed: 0.0623s/iter; left time: 1352.2516s
Epoch: 18 cost time: 16.413535356521606
Epoch: 18, Steps: 264 | Train Loss: 0.5277544 Vali Loss: 0.9495516 Test Loss: 0.5971317
Validation loss decreased (0.977114 --> 0.949552).  Saving model ...
Updating learning rate to 4.449749321687241e-05
	iters: 100, epoch: 19 | loss: 0.5264508
	speed: 0.1392s/iter; left time: 3000.3218s
	iters: 200, epoch: 19 | loss: 0.5655623
	speed: 0.0623s/iter; left time: 1335.3666s
Epoch: 19 cost time: 16.409443616867065
Epoch: 19, Steps: 264 | Train Loss: 0.5125041 Vali Loss: 0.9193996 Test Loss: 0.5735040
Validation loss decreased (0.949552 --> 0.919400).  Saving model ...
Updating learning rate to 4.824072615752094e-05
	iters: 100, epoch: 20 | loss: 0.5171032
	speed: 0.1395s/iter; left time: 2968.9499s
	iters: 200, epoch: 20 | loss: 0.5355502
	speed: 0.0622s/iter; left time: 1317.7802s
Epoch: 20 cost time: 16.403794050216675
Epoch: 20, Steps: 264 | Train Loss: 0.4968083 Vali Loss: 0.8888772 Test Loss: 0.5491764
Validation loss decreased (0.919400 --> 0.888877).  Saving model ...
Updating learning rate to 5.200714065947608e-05
	iters: 100, epoch: 21 | loss: 0.4775547
	speed: 0.1392s/iter; left time: 2925.9139s
	iters: 200, epoch: 21 | loss: 0.4897547
	speed: 0.0623s/iter; left time: 1302.8693s
Epoch: 21 cost time: 16.413422107696533
Epoch: 21, Steps: 264 | Train Loss: 0.4808038 Vali Loss: 0.8575326 Test Loss: 0.5244382
Validation loss decreased (0.888877 --> 0.857533).  Saving model ...
Updating learning rate to 5.577351112855618e-05
	iters: 100, epoch: 22 | loss: 0.4587722
	speed: 0.1394s/iter; left time: 2894.3136s
	iters: 200, epoch: 22 | loss: 0.4821284
	speed: 0.0622s/iter; left time: 1284.9726s
Epoch: 22 cost time: 16.407918214797974
Epoch: 22, Steps: 264 | Train Loss: 0.4647068 Vali Loss: 0.8259792 Test Loss: 0.4997261
Validation loss decreased (0.857533 --> 0.825979).  Saving model ...
Updating learning rate to 5.951661224210828e-05
	iters: 100, epoch: 23 | loss: 0.4336613
	speed: 0.1392s/iter; left time: 2852.2240s
	iters: 200, epoch: 23 | loss: 0.4317746
	speed: 0.0621s/iter; left time: 1267.3310s
Epoch: 23 cost time: 16.39557433128357
Epoch: 23, Steps: 264 | Train Loss: 0.4487493 Vali Loss: 0.7939993 Test Loss: 0.4755699
Validation loss decreased (0.825979 --> 0.793999).  Saving model ...
Updating learning rate to 6.321336216795497e-05
	iters: 100, epoch: 24 | loss: 0.3880237
	speed: 0.1392s/iter; left time: 2816.5297s
	iters: 200, epoch: 24 | loss: 0.4587185
	speed: 0.0622s/iter; left time: 1251.0280s
Epoch: 24 cost time: 16.403879404067993
Epoch: 24, Steps: 264 | Train Loss: 0.4333506 Vali Loss: 0.7643102 Test Loss: 0.4528296
Validation loss decreased (0.793999 --> 0.764310).  Saving model ...
Updating learning rate to 6.684096489850761e-05
	iters: 100, epoch: 25 | loss: 0.4283730
	speed: 0.1399s/iter; left time: 2792.2161s
	iters: 200, epoch: 25 | loss: 0.4446842
	speed: 0.0621s/iter; left time: 1234.1659s
Epoch: 25 cost time: 16.405874013900757
Epoch: 25, Steps: 264 | Train Loss: 0.4190653 Vali Loss: 0.7369074 Test Loss: 0.4326750
Validation loss decreased (0.764310 --> 0.736907).  Saving model ...
Updating learning rate to 7.03770508223417e-05
	iters: 100, epoch: 26 | loss: 0.3813159
	speed: 0.1393s/iter; left time: 2744.1753s
	iters: 200, epoch: 26 | loss: 0.4416552
	speed: 0.0622s/iter; left time: 1218.9282s
Epoch: 26 cost time: 16.40908932685852
Epoch: 26, Steps: 264 | Train Loss: 0.4059677 Vali Loss: 0.7131961 Test Loss: 0.4163269
Validation loss decreased (0.736907 --> 0.713196).  Saving model ...
Updating learning rate to 7.379981466640088e-05
	iters: 100, epoch: 27 | loss: 0.3719346
	speed: 0.1393s/iter; left time: 2706.7462s
	iters: 200, epoch: 27 | loss: 0.4309556
	speed: 0.0622s/iter; left time: 1202.3382s
Epoch: 27 cost time: 16.407130002975464
Epoch: 27, Steps: 264 | Train Loss: 0.3950365 Vali Loss: 0.6958224 Test Loss: 0.4044096
Validation loss decreased (0.713196 --> 0.695822).  Saving model ...
Updating learning rate to 7.708814995820833e-05
	iters: 100, epoch: 28 | loss: 0.3593275
	speed: 0.1395s/iter; left time: 2674.1974s
	iters: 200, epoch: 28 | loss: 0.4051900
	speed: 0.0622s/iter; left time: 1186.4778s
Epoch: 28 cost time: 16.414852619171143
Epoch: 28, Steps: 264 | Train Loss: 0.3862379 Vali Loss: 0.6830711 Test Loss: 0.3966522
Validation loss decreased (0.695822 --> 0.683071).  Saving model ...
Updating learning rate to 8.022177917892456e-05
	iters: 100, epoch: 29 | loss: 0.4041434
	speed: 0.1394s/iter; left time: 2636.4608s
	iters: 200, epoch: 29 | loss: 0.3548213
	speed: 0.0622s/iter; left time: 1169.6807s
Epoch: 29 cost time: 16.413751363754272
Epoch: 29, Steps: 264 | Train Loss: 0.3793793 Vali Loss: 0.6764895 Test Loss: 0.3912228
Validation loss decreased (0.683071 --> 0.676490).  Saving model ...
Updating learning rate to 8.318137880466269e-05
	iters: 100, epoch: 30 | loss: 0.3427791
	speed: 0.1393s/iter; left time: 2598.0026s
	iters: 200, epoch: 30 | loss: 0.3657741
	speed: 0.0622s/iter; left time: 1153.0761s
Epoch: 30 cost time: 16.40888023376465
Epoch: 30, Steps: 264 | Train Loss: 0.3744456 Vali Loss: 0.6707827 Test Loss: 0.3868514
Validation loss decreased (0.676490 --> 0.670783).  Saving model ...
Updating learning rate to 8.594869846499432e-05
	iters: 100, epoch: 31 | loss: 0.4064114
	speed: 0.1402s/iter; left time: 2576.2518s
	iters: 200, epoch: 31 | loss: 0.3565637
	speed: 0.0622s/iter; left time: 1136.4560s
Epoch: 31 cost time: 16.4007887840271
Epoch: 31, Steps: 264 | Train Loss: 0.3702391 Vali Loss: 0.6668177 Test Loss: 0.3836530
Validation loss decreased (0.670783 --> 0.666818).  Saving model ...
Updating learning rate to 8.85066734838546e-05
	iters: 100, epoch: 32 | loss: 0.3770885
	speed: 0.1394s/iter; left time: 2525.2130s
	iters: 200, epoch: 32 | loss: 0.3242388
	speed: 0.0622s/iter; left time: 1120.4696s
Epoch: 32 cost time: 16.404858350753784
Epoch: 32, Steps: 264 | Train Loss: 0.3669304 Vali Loss: 0.6627629 Test Loss: 0.3805939
Validation loss decreased (0.666818 --> 0.662763).  Saving model ...
Updating learning rate to 9.083953010886336e-05
	iters: 100, epoch: 33 | loss: 0.3883326
	speed: 0.1397s/iter; left time: 2493.4189s
	iters: 200, epoch: 33 | loss: 0.3385781
	speed: 0.0622s/iter; left time: 1104.3838s
Epoch: 33 cost time: 16.403245449066162
Epoch: 33, Steps: 264 | Train Loss: 0.3642104 Vali Loss: 0.6610988 Test Loss: 0.3782994
Validation loss decreased (0.662763 --> 0.661099).  Saving model ...
Updating learning rate to 9.29328827801656e-05
	iters: 100, epoch: 34 | loss: 0.3483827
	speed: 0.1400s/iter; left time: 2462.2435s
	iters: 200, epoch: 34 | loss: 0.3877274
	speed: 0.0622s/iter; left time: 1087.5964s
Epoch: 34 cost time: 16.40293550491333
Epoch: 34, Steps: 264 | Train Loss: 0.3618383 Vali Loss: 0.6579320 Test Loss: 0.3768285
Validation loss decreased (0.661099 --> 0.657932).  Saving model ...
Updating learning rate to 9.477382283898318e-05
	iters: 100, epoch: 35 | loss: 0.3438261
	speed: 0.1394s/iter; left time: 2414.5100s
	iters: 200, epoch: 35 | loss: 0.3728405
	speed: 0.0622s/iter; left time: 1071.5816s
Epoch: 35 cost time: 16.412291288375854
Epoch: 35, Steps: 264 | Train Loss: 0.3596622 Vali Loss: 0.6553689 Test Loss: 0.3754596
Validation loss decreased (0.657932 --> 0.655369).  Saving model ...
Updating learning rate to 9.635099812885627e-05
	iters: 100, epoch: 36 | loss: 0.3443315
	speed: 0.1396s/iter; left time: 2380.9736s
	iters: 200, epoch: 36 | loss: 0.3548618
	speed: 0.0622s/iter; left time: 1054.8948s
Epoch: 36 cost time: 16.403594970703125
Epoch: 36, Steps: 264 | Train Loss: 0.3581127 Vali Loss: 0.6533232 Test Loss: 0.3743473
Validation loss decreased (0.655369 --> 0.653323).  Saving model ...
Updating learning rate to 9.765468299871352e-05
	iters: 100, epoch: 37 | loss: 0.3602479
	speed: 0.1393s/iter; left time: 2340.4487s
	iters: 200, epoch: 37 | loss: 0.3298644
	speed: 0.0622s/iter; left time: 1038.0013s
Epoch: 37 cost time: 16.40567111968994
Epoch: 37, Steps: 264 | Train Loss: 0.3564723 Vali Loss: 0.6521721 Test Loss: 0.3731431
Validation loss decreased (0.653323 --> 0.652172).  Saving model ...
Updating learning rate to 9.86768382760973e-05
	iters: 100, epoch: 38 | loss: 0.3466733
	speed: 0.1393s/iter; left time: 2303.2002s
	iters: 200, epoch: 38 | loss: 0.3861344
	speed: 0.0622s/iter; left time: 1021.4497s
Epoch: 38 cost time: 16.40286111831665
Epoch: 38, Steps: 264 | Train Loss: 0.3550534 Vali Loss: 0.6507703 Test Loss: 0.3717223
Validation loss decreased (0.652172 --> 0.650770).  Saving model ...
Updating learning rate to 9.941116084071886e-05
	iters: 100, epoch: 39 | loss: 0.3559645
	speed: 0.1394s/iter; left time: 2267.6152s
	iters: 200, epoch: 39 | loss: 0.3895409
	speed: 0.0621s/iter; left time: 1004.7360s
Epoch: 39 cost time: 16.400110006332397
Epoch: 39, Steps: 264 | Train Loss: 0.3538447 Vali Loss: 0.6490332 Test Loss: 0.3708313
Validation loss decreased (0.650770 --> 0.649033).  Saving model ...
Updating learning rate to 9.985312249264813e-05
	iters: 100, epoch: 40 | loss: 0.3344811
	speed: 0.1391s/iter; left time: 2226.3597s
	iters: 200, epoch: 40 | loss: 0.3368397
	speed: 0.0621s/iter; left time: 988.2851s
Epoch: 40 cost time: 16.399914264678955
Epoch: 40, Steps: 264 | Train Loss: 0.3526646 Vali Loss: 0.6480476 Test Loss: 0.3699052
Validation loss decreased (0.649033 --> 0.648048).  Saving model ...
Updating learning rate to 9.999999901660576e-05
	iters: 100, epoch: 41 | loss: 0.3673696
	speed: 0.1393s/iter; left time: 2192.5239s
	iters: 200, epoch: 41 | loss: 0.3506028
	speed: 0.0622s/iter; left time: 972.2595s
Epoch: 41 cost time: 16.398603200912476
Epoch: 41, Steps: 264 | Train Loss: 0.3516385 Vali Loss: 0.6465064 Test Loss: 0.3688869
Validation loss decreased (0.648048 --> 0.646506).  Saving model ...
Updating learning rate to 9.99309570348355e-05
	iters: 100, epoch: 42 | loss: 0.3490396
	speed: 0.1402s/iter; left time: 2170.2246s
	iters: 200, epoch: 42 | loss: 0.3774036
	speed: 0.0622s/iter; left time: 956.0543s
Epoch: 42 cost time: 16.400402069091797
Epoch: 42, Steps: 264 | Train Loss: 0.3504600 Vali Loss: 0.6453218 Test Loss: 0.3681016
Validation loss decreased (0.646506 --> 0.645322).  Saving model ...
Updating learning rate to 9.972505831867712e-05
	iters: 100, epoch: 43 | loss: 0.3975733
	speed: 0.1391s/iter; left time: 2115.5215s
	iters: 200, epoch: 43 | loss: 0.3430009
	speed: 0.0622s/iter; left time: 939.8947s
Epoch: 43 cost time: 16.399791479110718
Epoch: 43, Steps: 264 | Train Loss: 0.3491705 Vali Loss: 0.6426203 Test Loss: 0.3671450
Validation loss decreased (0.645322 --> 0.642620).  Saving model ...
Updating learning rate to 9.938286722219978e-05
	iters: 100, epoch: 44 | loss: 0.3645419
	speed: 0.1392s/iter; left time: 2081.4757s
	iters: 200, epoch: 44 | loss: 0.3265280
	speed: 0.0622s/iter; left time: 923.4059s
Epoch: 44 cost time: 16.397003173828125
Epoch: 44, Steps: 264 | Train Loss: 0.3482836 Vali Loss: 0.6427849 Test Loss: 0.3662995
EarlyStopping counter: 1 out of 20
Updating learning rate to 9.890532166741349e-05
	iters: 100, epoch: 45 | loss: 0.3123959
	speed: 0.1381s/iter; left time: 2028.1526s
	iters: 200, epoch: 45 | loss: 0.3578729
	speed: 0.0622s/iter; left time: 907.8195s
Epoch: 45 cost time: 16.40684676170349
Epoch: 45, Steps: 264 | Train Loss: 0.3472681 Vali Loss: 0.6418353 Test Loss: 0.3654736
Validation loss decreased (0.642620 --> 0.641835).  Saving model ...
Updating learning rate to 9.829373057349015e-05
	iters: 100, epoch: 46 | loss: 0.3388815
	speed: 0.1392s/iter; left time: 2007.2375s
	iters: 200, epoch: 46 | loss: 0.3839384
	speed: 0.0622s/iter; left time: 890.8744s
Epoch: 46 cost time: 16.406036853790283
Epoch: 46, Steps: 264 | Train Loss: 0.3461997 Vali Loss: 0.6399369 Test Loss: 0.3644313
Validation loss decreased (0.641835 --> 0.639937).  Saving model ...
Updating learning rate to 9.754977026910703e-05
	iters: 100, epoch: 47 | loss: 0.3459128
	speed: 0.1393s/iter; left time: 1972.2989s
	iters: 200, epoch: 47 | loss: 0.3274798
	speed: 0.0622s/iter; left time: 874.9427s
Epoch: 47 cost time: 16.409152030944824
Epoch: 47, Steps: 264 | Train Loss: 0.3452293 Vali Loss: 0.6401660 Test Loss: 0.3639092
EarlyStopping counter: 1 out of 20
Updating learning rate to 9.66754798977464e-05
	iters: 100, epoch: 48 | loss: 0.3202070
	speed: 0.1381s/iter; left time: 1919.0319s
	iters: 200, epoch: 48 | loss: 0.3621285
	speed: 0.0622s/iter; left time: 858.3953s
Epoch: 48 cost time: 16.40679907798767
Epoch: 48, Steps: 264 | Train Loss: 0.3445963 Vali Loss: 0.6396065 Test Loss: 0.3636453
Validation loss decreased (0.639937 --> 0.639607).  Saving model ...
Updating learning rate to 9.567325582854496e-05
	iters: 100, epoch: 49 | loss: 0.3697623
	speed: 0.1393s/iter; left time: 1898.5566s
	iters: 200, epoch: 49 | loss: 0.3240274
	speed: 0.0622s/iter; left time: 841.5510s
Epoch: 49 cost time: 16.40171217918396
Epoch: 49, Steps: 264 | Train Loss: 0.3436343 Vali Loss: 0.6373421 Test Loss: 0.3631315
Validation loss decreased (0.639607 --> 0.637342).  Saving model ...
Updating learning rate to 9.454584508801265e-05
	iters: 100, epoch: 50 | loss: 0.3396306
	speed: 0.1390s/iter; left time: 1857.4418s
	iters: 200, epoch: 50 | loss: 0.3477416
	speed: 0.0622s/iter; left time: 825.2228s
Epoch: 50 cost time: 16.397324323654175
Epoch: 50, Steps: 264 | Train Loss: 0.3428948 Vali Loss: 0.6375188 Test Loss: 0.3625500
EarlyStopping counter: 1 out of 20
Updating learning rate to 9.329633783062396e-05
	iters: 100, epoch: 51 | loss: 0.3261813
	speed: 0.1380s/iter; left time: 1808.0054s
	iters: 200, epoch: 51 | loss: 0.3436571
	speed: 0.0622s/iter; left time: 808.7951s
Epoch: 51 cost time: 16.40088725090027
Epoch: 51, Steps: 264 | Train Loss: 0.3418730 Vali Loss: 0.6375858 Test Loss: 0.3625668
EarlyStopping counter: 2 out of 20
Updating learning rate to 9.192815886891915e-05
	iters: 100, epoch: 52 | loss: 0.3267215
	speed: 0.1383s/iter; left time: 1775.5246s
	iters: 200, epoch: 52 | loss: 0.3297200
	speed: 0.0622s/iter; left time: 792.4536s
Epoch: 52 cost time: 16.402469635009766
Epoch: 52, Steps: 264 | Train Loss: 0.3412400 Vali Loss: 0.6363909 Test Loss: 0.3621150
Validation loss decreased (0.637342 --> 0.636391).  Saving model ...
Updating learning rate to 9.044505828633132e-05
	iters: 100, epoch: 53 | loss: 0.3458155
	speed: 0.1419s/iter; left time: 1783.8603s
	iters: 200, epoch: 53 | loss: 0.3490727
	speed: 0.0622s/iter; left time: 775.2856s
Epoch: 53 cost time: 16.38448452949524
Epoch: 53, Steps: 264 | Train Loss: 0.3405153 Vali Loss: 0.6367751 Test Loss: 0.3616703
EarlyStopping counter: 1 out of 20
Updating learning rate to 8.88511011584683e-05
	iters: 100, epoch: 54 | loss: 0.3485344
	speed: 0.1380s/iter; left time: 1699.1445s
	iters: 200, epoch: 54 | loss: 0.3140713
	speed: 0.0622s/iter; left time: 759.1196s
Epoch: 54 cost time: 16.395623683929443
Epoch: 54, Steps: 264 | Train Loss: 0.3398516 Vali Loss: 0.6369692 Test Loss: 0.3617108
EarlyStopping counter: 2 out of 20
Updating learning rate to 8.715065641102294e-05
	iters: 100, epoch: 55 | loss: 0.3451674
	speed: 0.1383s/iter; left time: 1665.2511s
	iters: 200, epoch: 55 | loss: 0.3312008
	speed: 0.0622s/iter; left time: 742.5448s
Epoch: 55 cost time: 16.395139694213867
Epoch: 55, Steps: 264 | Train Loss: 0.3389720 Vali Loss: 0.6361601 Test Loss: 0.3612592
Validation loss decreased (0.636391 --> 0.636160).  Saving model ...
Updating learning rate to 8.534838484485153e-05
	iters: 100, epoch: 56 | loss: 0.3275231
	speed: 0.1391s/iter; left time: 1638.3162s
	iters: 200, epoch: 56 | loss: 0.3061132
	speed: 0.0622s/iter; left time: 726.0427s
Epoch: 56 cost time: 16.39753222465515
Epoch: 56, Steps: 264 | Train Loss: 0.3385130 Vali Loss: 0.6354459 Test Loss: 0.3612689
Validation loss decreased (0.636160 --> 0.635446).  Saving model ...
Updating learning rate to 8.344922636104257e-05
	iters: 100, epoch: 57 | loss: 0.3189364
	speed: 0.1392s/iter; left time: 1603.6454s
	iters: 200, epoch: 57 | loss: 0.3241849
	speed: 0.0622s/iter; left time: 709.8327s
Epoch: 57 cost time: 16.402644634246826
Epoch: 57, Steps: 264 | Train Loss: 0.3378334 Vali Loss: 0.6352123 Test Loss: 0.3609383
Validation loss decreased (0.635446 --> 0.635212).  Saving model ...
Updating learning rate to 8.145838642099132e-05
	iters: 100, epoch: 58 | loss: 0.3397565
	speed: 0.1391s/iter; left time: 1565.0333s
	iters: 200, epoch: 58 | loss: 0.3002568
	speed: 0.0621s/iter; left time: 692.6002s
Epoch: 58 cost time: 16.388174533843994
Epoch: 58, Steps: 264 | Train Loss: 0.3370313 Vali Loss: 0.6356716 Test Loss: 0.3605007
EarlyStopping counter: 1 out of 20
Updating learning rate to 7.938132177859184e-05
	iters: 100, epoch: 59 | loss: 0.3568453
	speed: 0.1381s/iter; left time: 1517.3490s
	iters: 200, epoch: 59 | loss: 0.3373291
	speed: 0.0621s/iter; left time: 676.2811s
Epoch: 59 cost time: 16.39123272895813
Epoch: 59, Steps: 264 | Train Loss: 0.3366018 Vali Loss: 0.6354776 Test Loss: 0.3606385
EarlyStopping counter: 2 out of 20
Updating learning rate to 7.7223725523654e-05
	iters: 100, epoch: 60 | loss: 0.3514233
	speed: 0.1383s/iter; left time: 1483.2689s
	iters: 200, epoch: 60 | loss: 0.3193747
	speed: 0.0621s/iter; left time: 660.3181s
Epoch: 60 cost time: 16.399720668792725
Epoch: 60, Steps: 264 | Train Loss: 0.3358390 Vali Loss: 0.6352400 Test Loss: 0.3604486
EarlyStopping counter: 3 out of 20
Updating learning rate to 7.499151147753989e-05
	iters: 100, epoch: 61 | loss: 0.3489720
	speed: 0.1381s/iter; left time: 1444.3842s
	iters: 200, epoch: 61 | loss: 0.3553742
	speed: 0.0621s/iter; left time: 643.8368s
Epoch: 61 cost time: 16.393487691879272
Epoch: 61, Steps: 264 | Train Loss: 0.3353862 Vali Loss: 0.6348403 Test Loss: 0.3606981
Validation loss decreased (0.635212 --> 0.634840).  Saving model ...
Updating learning rate to 7.269079798379057e-05
	iters: 100, epoch: 62 | loss: 0.3410830
	speed: 0.1390s/iter; left time: 1417.6858s
	iters: 200, epoch: 62 | loss: 0.3326575
	speed: 0.0621s/iter; left time: 627.4120s
Epoch: 62 cost time: 16.395495891571045
Epoch: 62, Steps: 264 | Train Loss: 0.3348676 Vali Loss: 0.6350930 Test Loss: 0.3605993
EarlyStopping counter: 1 out of 20
Updating learning rate to 7.032789113817185e-05
	iters: 100, epoch: 63 | loss: 0.3439132
	speed: 0.1384s/iter; left time: 1374.6418s
	iters: 200, epoch: 63 | loss: 0.3264631
	speed: 0.0621s/iter; left time: 611.1152s
Epoch: 63 cost time: 16.3974187374115
Epoch: 63, Steps: 264 | Train Loss: 0.3342840 Vali Loss: 0.6347488 Test Loss: 0.3609466
Validation loss decreased (0.634840 --> 0.634749).  Saving model ...
Updating learning rate to 6.790926750410386e-05
	iters: 100, epoch: 64 | loss: 0.3407921
	speed: 0.1391s/iter; left time: 1345.4112s
	iters: 200, epoch: 64 | loss: 0.3216893
	speed: 0.0621s/iter; left time: 594.5144s
Epoch: 64 cost time: 16.393519163131714
Epoch: 64, Steps: 264 | Train Loss: 0.3338067 Vali Loss: 0.6350129 Test Loss: 0.3607912
EarlyStopping counter: 1 out of 20
Updating learning rate to 6.544155636085115e-05
	iters: 100, epoch: 65 | loss: 0.3170842
	speed: 0.1385s/iter; left time: 1302.8945s
	iters: 200, epoch: 65 | loss: 0.3450742
	speed: 0.0622s/iter; left time: 578.4744s
Epoch: 65 cost time: 16.39761185646057
Epoch: 65, Steps: 264 | Train Loss: 0.3333368 Vali Loss: 0.6348168 Test Loss: 0.3604271
EarlyStopping counter: 2 out of 20
Updating learning rate to 6.293152153312886e-05
	iters: 100, epoch: 66 | loss: 0.3080864
	speed: 0.1384s/iter; left time: 1265.0025s
	iters: 200, epoch: 66 | loss: 0.3605498
	speed: 0.0621s/iter; left time: 561.8645s
Epoch: 66 cost time: 16.396304607391357
Epoch: 66, Steps: 264 | Train Loss: 0.3329381 Vali Loss: 0.6349937 Test Loss: 0.3607745
EarlyStopping counter: 3 out of 20
Updating learning rate to 6.03860428519294e-05
	iters: 100, epoch: 67 | loss: 0.3193349
	speed: 0.1384s/iter; left time: 1228.3077s
	iters: 200, epoch: 67 | loss: 0.3284266
	speed: 0.0621s/iter; left time: 545.4067s
Epoch: 67 cost time: 16.391730308532715
Epoch: 67, Steps: 264 | Train Loss: 0.3323326 Vali Loss: 0.6353813 Test Loss: 0.3612304
EarlyStopping counter: 4 out of 20
Updating learning rate to 5.781209729738391e-05
	iters: 100, epoch: 68 | loss: 0.3213963
	speed: 0.1386s/iter; left time: 1193.9544s
	iters: 200, epoch: 68 | loss: 0.3931212
	speed: 0.0621s/iter; left time: 529.0393s
Epoch: 68 cost time: 16.39218521118164
Epoch: 68, Steps: 264 | Train Loss: 0.3319906 Vali Loss: 0.6346914 Test Loss: 0.3610228
Validation loss decreased (0.634749 --> 0.634691).  Saving model ...
Updating learning rate to 5.52167398753446e-05
	iters: 100, epoch: 69 | loss: 0.3427393
	speed: 0.1394s/iter; left time: 1163.5400s
	iters: 200, epoch: 69 | loss: 0.3219104
	speed: 0.0621s/iter; left time: 512.2807s
Epoch: 69 cost time: 16.382649183273315
Epoch: 69, Steps: 264 | Train Loss: 0.3317496 Vali Loss: 0.6343337 Test Loss: 0.3611005
Validation loss decreased (0.634691 --> 0.634334).  Saving model ...
Updating learning rate to 5.260708428010421e-05
	iters: 100, epoch: 70 | loss: 0.3341577
	speed: 0.1393s/iter; left time: 1126.1761s
	iters: 200, epoch: 70 | loss: 0.2976406
	speed: 0.0621s/iter; left time: 495.9516s
Epoch: 70 cost time: 16.38458752632141
Epoch: 70, Steps: 264 | Train Loss: 0.3311921 Vali Loss: 0.6346006 Test Loss: 0.3610186
EarlyStopping counter: 1 out of 20
Updating learning rate to 4.9990283396254354e-05
	iters: 100, epoch: 71 | loss: 0.3260692
	speed: 0.1384s/iter; left time: 1082.7580s
	iters: 200, epoch: 71 | loss: 0.3383587
	speed: 0.0621s/iter; left time: 479.6121s
Epoch: 71 cost time: 16.395967483520508
Epoch: 71, Steps: 264 | Train Loss: 0.3309328 Vali Loss: 0.6341673 Test Loss: 0.3612034
Validation loss decreased (0.634334 --> 0.634167).  Saving model ...
Updating learning rate to 4.737350969312607e-05
	iters: 100, epoch: 72 | loss: 0.3317438
	speed: 0.1393s/iter; left time: 1052.5907s
	iters: 200, epoch: 72 | loss: 0.3251472
	speed: 0.0621s/iter; left time: 463.1770s
Epoch: 72 cost time: 16.397788524627686
Epoch: 72, Steps: 264 | Train Loss: 0.3305878 Vali Loss: 0.6351492 Test Loss: 0.3616119
EarlyStopping counter: 1 out of 20
Updating learning rate to 4.476393556554994e-05
	iters: 100, epoch: 73 | loss: 0.3141159
	speed: 0.1385s/iter; left time: 1009.7826s
	iters: 200, epoch: 73 | loss: 0.3332249
	speed: 0.0621s/iter; left time: 446.8905s
Epoch: 73 cost time: 16.396174430847168
Epoch: 73, Steps: 264 | Train Loss: 0.3302226 Vali Loss: 0.6342458 Test Loss: 0.3614152
EarlyStopping counter: 2 out of 20
Updating learning rate to 4.216871367482033e-05
	iters: 100, epoch: 74 | loss: 0.3364164
	speed: 0.1382s/iter; left time: 971.5296s
	iters: 200, epoch: 74 | loss: 0.3448879
	speed: 0.0621s/iter; left time: 430.4329s
Epoch: 74 cost time: 16.392290830612183
Epoch: 74, Steps: 264 | Train Loss: 0.3297445 Vali Loss: 0.6342983 Test Loss: 0.3612444
EarlyStopping counter: 3 out of 20
Updating learning rate to 3.9594957343748134e-05
	iters: 100, epoch: 75 | loss: 0.3285718
	speed: 0.1381s/iter; left time: 933.9840s
	iters: 200, epoch: 75 | loss: 0.3435392
	speed: 0.0621s/iter; left time: 413.9941s
Epoch: 75 cost time: 16.398043870925903
Epoch: 75, Steps: 264 | Train Loss: 0.3298208 Vali Loss: 0.6345968 Test Loss: 0.3614194
EarlyStopping counter: 4 out of 20
Updating learning rate to 3.704972105953714e-05
	iters: 100, epoch: 76 | loss: 0.3397435
	speed: 0.1392s/iter; left time: 904.9191s
	iters: 200, epoch: 76 | loss: 0.3214673
	speed: 0.0622s/iter; left time: 397.8726s
Epoch: 76 cost time: 16.402006149291992
Epoch: 76, Steps: 264 | Train Loss: 0.3292304 Vali Loss: 0.6337712 Test Loss: 0.3615523
Validation loss decreased (0.634167 --> 0.633771).  Saving model ...
Updating learning rate to 3.453998113792522e-05
	iters: 100, epoch: 77 | loss: 0.3300649
	speed: 0.1391s/iter; left time: 867.3175s
	iters: 200, epoch: 77 | loss: 0.3546666
	speed: 0.0623s/iter; left time: 382.1770s
Epoch: 77 cost time: 16.40159845352173
Epoch: 77, Steps: 264 | Train Loss: 0.3290132 Vali Loss: 0.6344119 Test Loss: 0.3618359
EarlyStopping counter: 1 out of 20
Updating learning rate to 3.2072616601587606e-05
	iters: 100, epoch: 78 | loss: 0.3552451
	speed: 0.1382s/iter; left time: 825.4019s
	iters: 200, epoch: 78 | loss: 0.3338757
	speed: 0.0622s/iter; left time: 365.0149s
Epoch: 78 cost time: 16.40575647354126
Epoch: 78, Steps: 264 | Train Loss: 0.3289685 Vali Loss: 0.6341618 Test Loss: 0.3619921
EarlyStopping counter: 2 out of 20
Updating learning rate to 2.9654390325214005e-05
	iters: 100, epoch: 79 | loss: 0.3327722
	speed: 0.1383s/iter; left time: 789.7707s
	iters: 200, epoch: 79 | loss: 0.4002514
	speed: 0.0621s/iter; left time: 348.2776s
Epoch: 79 cost time: 16.381138801574707
Epoch: 79, Steps: 264 | Train Loss: 0.3286227 Vali Loss: 0.6344389 Test Loss: 0.3620920
EarlyStopping counter: 3 out of 20
Updating learning rate to 2.729193049893908e-05
	iters: 100, epoch: 80 | loss: 0.3487226
	speed: 0.1387s/iter; left time: 755.0812s
	iters: 200, epoch: 80 | loss: 0.3129341
	speed: 0.0621s/iter; left time: 331.8878s
Epoch: 80 cost time: 16.38961410522461
Epoch: 80, Steps: 264 | Train Loss: 0.3285435 Vali Loss: 0.6347002 Test Loss: 0.3620593
EarlyStopping counter: 4 out of 20
Updating learning rate to 2.4991712460934126e-05
	iters: 100, epoch: 81 | loss: 0.3127944
	speed: 0.1383s/iter; left time: 716.3530s
	iters: 200, epoch: 81 | loss: 0.3122507
	speed: 0.0621s/iter; left time: 315.6035s
Epoch: 81 cost time: 16.39555048942566
Epoch: 81, Steps: 264 | Train Loss: 0.3283086 Vali Loss: 0.6352707 Test Loss: 0.3623902
EarlyStopping counter: 5 out of 20
Updating learning rate to 2.2760040948955092e-05
	iters: 100, epoch: 82 | loss: 0.3525288
	speed: 0.1381s/iter; left time: 678.8181s
	iters: 200, epoch: 82 | loss: 0.3015178
	speed: 0.0623s/iter; left time: 299.8822s
Epoch: 82 cost time: 16.400392293930054
Epoch: 82, Steps: 264 | Train Loss: 0.3280563 Vali Loss: 0.6350827 Test Loss: 0.3622906
EarlyStopping counter: 6 out of 20
Updating learning rate to 2.060303281949472e-05
	iters: 100, epoch: 83 | loss: 0.3143354
	speed: 0.1380s/iter; left time: 642.0065s
	iters: 200, epoch: 83 | loss: 0.3227809
	speed: 0.0621s/iter; left time: 282.8927s
Epoch: 83 cost time: 16.393790245056152
Epoch: 83, Steps: 264 | Train Loss: 0.3280008 Vali Loss: 0.6350672 Test Loss: 0.3624853
EarlyStopping counter: 7 out of 20
Updating learning rate to 1.8526600281904088e-05
	iters: 100, epoch: 84 | loss: 0.3253976
	speed: 0.1383s/iter; left time: 607.0408s
	iters: 200, epoch: 84 | loss: 0.3458414
	speed: 0.0621s/iter; left time: 266.4848s
Epoch: 84 cost time: 16.388442516326904
Epoch: 84, Steps: 264 | Train Loss: 0.3278995 Vali Loss: 0.6358343 Test Loss: 0.3625986
EarlyStopping counter: 8 out of 20
Updating learning rate to 1.653643469343765e-05
	iters: 100, epoch: 85 | loss: 0.2975423
	speed: 0.1388s/iter; left time: 572.6165s
	iters: 200, epoch: 85 | loss: 0.3269515
	speed: 0.0621s/iter; left time: 249.9616s
Epoch: 85 cost time: 16.38321566581726
Epoch: 85, Steps: 264 | Train Loss: 0.3276986 Vali Loss: 0.6358699 Test Loss: 0.3626090
EarlyStopping counter: 9 out of 20
Updating learning rate to 1.4637990959638704e-05
	iters: 100, epoch: 86 | loss: 0.2821001
	speed: 0.1384s/iter; left time: 534.3696s
	iters: 200, epoch: 86 | loss: 0.3205012
	speed: 0.0621s/iter; left time: 233.4334s
Epoch: 86 cost time: 16.390077829360962
Epoch: 86, Steps: 264 | Train Loss: 0.3276689 Vali Loss: 0.6351455 Test Loss: 0.3628660
EarlyStopping counter: 10 out of 20
Updating learning rate to 1.2836472582822378e-05
	iters: 100, epoch: 87 | loss: 0.3437998
	speed: 0.1380s/iter; left time: 496.3723s
	iters: 200, epoch: 87 | loss: 0.3190029
	speed: 0.0622s/iter; left time: 217.5166s
Epoch: 87 cost time: 16.393757343292236
Epoch: 87, Steps: 264 | Train Loss: 0.3276146 Vali Loss: 0.6356447 Test Loss: 0.3627840
EarlyStopping counter: 11 out of 20
Updating learning rate to 1.1136817399637517e-05
	iters: 100, epoch: 88 | loss: 0.3097214
	speed: 0.1381s/iter; left time: 460.1470s
	iters: 200, epoch: 88 | loss: 0.3101197
	speed: 0.0622s/iter; left time: 201.0388s
Epoch: 88 cost time: 16.396719217300415
Epoch: 88, Steps: 264 | Train Loss: 0.3273789 Vali Loss: 0.6361583 Test Loss: 0.3627958
EarlyStopping counter: 12 out of 20
Updating learning rate to 9.543684046799632e-06
	iters: 100, epoch: 89 | loss: 0.3024457
	speed: 0.1383s/iter; left time: 424.4541s
	iters: 200, epoch: 89 | loss: 0.3597583
	speed: 0.0621s/iter; left time: 184.3749s
Epoch: 89 cost time: 16.387512922286987
Epoch: 89, Steps: 264 | Train Loss: 0.3272451 Vali Loss: 0.6357965 Test Loss: 0.3630907
EarlyStopping counter: 13 out of 20
Updating learning rate to 8.061439192091535e-06
	iters: 100, epoch: 90 | loss: 0.3213181
	speed: 0.1386s/iter; left time: 388.7343s
	iters: 200, epoch: 90 | loss: 0.3321044
	speed: 0.0621s/iter; left time: 168.0527s
Epoch: 90 cost time: 16.38621187210083
Epoch: 90, Steps: 264 | Train Loss: 0.3271784 Vali Loss: 0.6360708 Test Loss: 0.3629346
EarlyStopping counter: 14 out of 20
Updating learning rate to 6.694145565630398e-06
	iters: 100, epoch: 91 | loss: 0.3208834
	speed: 0.1382s/iter; left time: 351.2508s
	iters: 200, epoch: 91 | loss: 0.3443940
	speed: 0.0621s/iter; left time: 151.6499s
Epoch: 91 cost time: 16.399047374725342
Epoch: 91, Steps: 264 | Train Loss: 0.3271898 Vali Loss: 0.6352100 Test Loss: 0.3629360
EarlyStopping counter: 15 out of 20
Updating learning rate to 5.445550824206933e-06
	iters: 100, epoch: 92 | loss: 0.3145945
	speed: 0.1383s/iter; left time: 314.9584s
	iters: 200, epoch: 92 | loss: 0.3167057
	speed: 0.0622s/iter; left time: 135.4159s
Epoch: 92 cost time: 16.397682428359985
Epoch: 92, Steps: 264 | Train Loss: 0.3271520 Vali Loss: 0.6360781 Test Loss: 0.3630992
EarlyStopping counter: 16 out of 20
Updating learning rate to 4.319077279218611e-06
	iters: 100, epoch: 93 | loss: 0.3134260
	speed: 0.1380s/iter; left time: 277.8014s
	iters: 200, epoch: 93 | loss: 0.3501962
	speed: 0.0622s/iter; left time: 119.0475s
Epoch: 93 cost time: 16.400050163269043
Epoch: 93, Steps: 264 | Train Loss: 0.3271007 Vali Loss: 0.6352990 Test Loss: 0.3630741
EarlyStopping counter: 17 out of 20
Updating learning rate to 3.317812516352051e-06
	iters: 100, epoch: 94 | loss: 0.3402404
	speed: 0.1382s/iter; left time: 241.6778s
	iters: 200, epoch: 94 | loss: 0.2973891
	speed: 0.0621s/iter; left time: 102.3769s
Epoch: 94 cost time: 16.38788104057312
Epoch: 94, Steps: 264 | Train Loss: 0.3271668 Vali Loss: 0.6357937 Test Loss: 0.3628439
EarlyStopping counter: 18 out of 20
Updating learning rate to 2.444500932725193e-06
	iters: 100, epoch: 95 | loss: 0.3445373
	speed: 0.1382s/iter; left time: 205.2991s
	iters: 200, epoch: 95 | loss: 0.3543820
	speed: 0.0621s/iter; left time: 86.0277s
Epoch: 95 cost time: 16.384771585464478
Epoch: 95, Steps: 264 | Train Loss: 0.3269776 Vali Loss: 0.6351738 Test Loss: 0.3631391
EarlyStopping counter: 19 out of 20
Updating learning rate to 1.701536214685629e-06
	iters: 100, epoch: 96 | loss: 0.2845595
	speed: 0.1384s/iter; left time: 169.0258s
	iters: 200, epoch: 96 | loss: 0.3298517
	speed: 0.0621s/iter; left time: 69.6121s
Epoch: 96 cost time: 16.388624906539917
Epoch: 96, Steps: 264 | Train Loss: 0.3268943 Vali Loss: 0.6361458 Test Loss: 0.3628924
EarlyStopping counter: 20 out of 20
Early stopping
>>>>>>>testing : NL_ettm1_flatten_lr0.00005_always_336_336_PatchTST_ETTm1_ftM_sl336_ll48_pl336_dm128_nh16_el3_dl1_df256_fc1_ebtimeF_dtTruelr5e-05_polalways_Nested_Learning_0<<<<<<<<<<<<<<<<<<<<<<<<<<<<<<<<<
test 11185
 Ejecutando Inferencia DINÁMICA (Nested Learning con flatten)
  -> Política: always | LR: 5e-05 | Target: head

RESUMEN: El CMS se actualizó 87 veces de 87 posibles.

mse:0.36443695425987244, mae:0.38820528984069824, rse:0.5743911266326904
Args in experiment:
Namespace(random_seed=2021, is_training=1, model_id='NL_ettm1_flatten_lr0.00005_always_336_720', model='PatchTST', data='ETTm1', root_path='./dataset/', data_path='ETTm1.csv', features='M', target='OT', freq='h', checkpoints='./checkpoints/', seq_len=336, label_len=48, pred_len=720, head_type='flatten', cms_lr=5e-05, update_policy='always', fc_dropout=0.2, head_dropout=0.0, patch_len=16, stride=8, padding_patch='end', revin=1, affine=0, subtract_last=0, decomposition=0, kernel_size=25, individual=0, embed_type=0, enc_in=7, dec_in=7, c_out=7, d_model=128, n_heads=16, e_layers=3, d_layers=1, d_ff=256, moving_avg=25, factor=1, distil=True, dropout=0.2, embed='timeF', activation='gelu', output_attention=False, do_predict=False, num_workers=0, itr=1, train_epochs=100, batch_size=128, patience=20, learning_rate=0.0001, des='Nested_Learning', loss='mse', lradj='TST', pct_start=0.4, use_amp=False, use_gpu=True, gpu=0, use_multi_gpu=False, devices='0,1,2,3', test_flop=False)
Use GPU: cuda:0
>>>>>>>start training : NL_ettm1_flatten_lr0.00005_always_336_720_PatchTST_ETTm1_ftM_sl336_ll48_pl720_dm128_nh16_el3_dl1_df256_fc1_ebtimeF_dtTruelr5e-05_polalways_Nested_Learning_0>>>>>>>>>>>>>>>>>>>>>>>>>>
train 33505
val 10801
test 10801
	iters: 100, epoch: 1 | loss: 0.6836258
	speed: 0.0954s/iter; left time: 2481.5302s
	iters: 200, epoch: 1 | loss: 0.7302117
	speed: 0.0811s/iter; left time: 2100.4055s
Epoch: 1 cost time: 21.42879033088684
Epoch: 1, Steps: 261 | Train Loss: 0.7121876 Vali Loss: 1.5017862 Test Loss: 0.8425058
Validation loss decreased (inf --> 1.501786).  Saving model ...
Updating learning rate to 4.147996316662011e-06
	iters: 100, epoch: 2 | loss: 0.7104186
	speed: 0.1730s/iter; left time: 4454.0936s
	iters: 200, epoch: 2 | loss: 0.7275418
	speed: 0.0817s/iter; left time: 2094.3262s
Epoch: 2 cost time: 21.254892349243164
Epoch: 2, Steps: 261 | Train Loss: 0.7103373 Vali Loss: 1.4974869 Test Loss: 0.8394664
Validation loss decreased (1.501786 --> 1.497487).  Saving model ...
Updating learning rate to 4.591072645408634e-06
	iters: 100, epoch: 3 | loss: 0.6887021
	speed: 0.1739s/iter; left time: 4430.4335s
	iters: 200, epoch: 3 | loss: 0.7175485
	speed: 0.0818s/iter; left time: 2077.1554s
Epoch: 3 cost time: 21.297159910202026
Epoch: 3, Steps: 261 | Train Loss: 0.7087313 Vali Loss: 1.4930851 Test Loss: 0.8363009
Validation loss decreased (1.497487 --> 1.493085).  Saving model ...
Updating learning rate to 5.326496750212602e-06
	iters: 100, epoch: 4 | loss: 0.7299187
	speed: 0.1730s/iter; left time: 4362.7568s
	iters: 200, epoch: 4 | loss: 0.7078417
	speed: 0.0818s/iter; left time: 2055.2995s
Epoch: 4 cost time: 21.303694248199463
Epoch: 4, Steps: 261 | Train Loss: 0.7067200 Vali Loss: 1.4897482 Test Loss: 0.8329603
Validation loss decreased (1.493085 --> 1.489748).  Saving model ...
Updating learning rate to 6.349733628628268e-06
	iters: 100, epoch: 5 | loss: 0.6997150
	speed: 0.1731s/iter; left time: 4320.3085s
	iters: 200, epoch: 5 | loss: 0.7182694
	speed: 0.0819s/iter; left time: 2035.3192s
Epoch: 5 cost time: 21.32067584991455
Epoch: 5, Steps: 261 | Train Loss: 0.7042856 Vali Loss: 1.4844865 Test Loss: 0.8285581
Validation loss decreased (1.489748 --> 1.484486).  Saving model ...
Updating learning rate to 7.654473476944045e-06
	iters: 100, epoch: 6 | loss: 0.7201602
	speed: 0.1732s/iter; left time: 4276.4294s
	iters: 200, epoch: 6 | loss: 0.7040857
	speed: 0.0819s/iter; left time: 2015.5015s
Epoch: 6 cost time: 21.327334880828857
Epoch: 6, Steps: 261 | Train Loss: 0.7013829 Vali Loss: 1.4783814 Test Loss: 0.8232347
Validation loss decreased (1.484486 --> 1.478381).  Saving model ...
Updating learning rate to 9.232670599670218e-06
	iters: 100, epoch: 7 | loss: 0.6897781
	speed: 0.1735s/iter; left time: 4238.6005s
	iters: 200, epoch: 7 | loss: 0.7130610
	speed: 0.0820s/iter; left time: 1995.6404s
Epoch: 7 cost time: 21.3437442779541
Epoch: 7, Steps: 261 | Train Loss: 0.6980320 Vali Loss: 1.4713023 Test Loss: 0.8179297
Validation loss decreased (1.478381 --> 1.471302).  Saving model ...
Updating learning rate to 1.1074593023426382e-05
	iters: 100, epoch: 8 | loss: 0.6542373
	speed: 0.1733s/iter; left time: 4188.3694s
	iters: 200, epoch: 8 | loss: 0.6523749
	speed: 0.0821s/iter; left time: 1976.7187s
Epoch: 8 cost time: 21.373319387435913
Epoch: 8, Steps: 261 | Train Loss: 0.6939876 Vali Loss: 1.4622500 Test Loss: 0.8107176
Validation loss decreased (1.471302 --> 1.462250).  Saving model ...
Updating learning rate to 1.3168882509283648e-05
	iters: 100, epoch: 9 | loss: 0.6958703
	speed: 0.1837s/iter; left time: 4391.6744s
	iters: 200, epoch: 9 | loss: 0.6632672
	speed: 0.0821s/iter; left time: 1955.5938s
Epoch: 9 cost time: 21.361335277557373
Epoch: 9, Steps: 261 | Train Loss: 0.6893915 Vali Loss: 1.4531908 Test Loss: 0.8025572
Validation loss decreased (1.462250 --> 1.453191).  Saving model ...
Updating learning rate to 1.5502624593494887e-05
	iters: 100, epoch: 10 | loss: 0.6914372
	speed: 0.1818s/iter; left time: 4299.2686s
	iters: 200, epoch: 10 | loss: 0.6841530
	speed: 0.0824s/iter; left time: 1940.1303s
Epoch: 10 cost time: 21.427346229553223
Epoch: 10, Steps: 261 | Train Loss: 0.6837938 Vali Loss: 1.4429128 Test Loss: 0.7935864
Validation loss decreased (1.453191 --> 1.442913).  Saving model ...
Updating learning rate to 1.806142822470586e-05
	iters: 100, epoch: 11 | loss: 0.6510418
	speed: 0.1745s/iter; left time: 4081.7155s
	iters: 200, epoch: 11 | loss: 0.7230467
	speed: 0.0826s/iter; left time: 1922.9524s
Epoch: 11 cost time: 21.505048751831055
Epoch: 11, Steps: 261 | Train Loss: 0.6774284 Vali Loss: 1.4298521 Test Loss: 0.7832335
Validation loss decreased (1.442913 --> 1.429852).  Saving model ...
Updating learning rate to 2.0829514506563195e-05
	iters: 100, epoch: 12 | loss: 0.6486521
	speed: 0.1747s/iter; left time: 4041.4187s
	iters: 200, epoch: 12 | loss: 0.6723721
	speed: 0.0828s/iter; left time: 1906.7645s
Epoch: 12 cost time: 21.55878734588623
Epoch: 12, Steps: 261 | Train Loss: 0.6707310 Vali Loss: 1.4150832 Test Loss: 0.7716701
Validation loss decreased (1.429852 --> 1.415083).  Saving model ...
Updating learning rate to 2.3789813998487008e-05
	iters: 100, epoch: 13 | loss: 0.6743119
	speed: 0.1747s/iter; left time: 3994.6013s
	iters: 200, epoch: 13 | loss: 0.6501352
	speed: 0.0828s/iter; left time: 1885.2588s
Epoch: 13 cost time: 21.544891119003296
Epoch: 13, Steps: 261 | Train Loss: 0.6629224 Vali Loss: 1.4007279 Test Loss: 0.7594694
Validation loss decreased (1.415083 --> 1.400728).  Saving model ...
Updating learning rate to 2.6924071974601397e-05
	iters: 100, epoch: 14 | loss: 0.6647457
	speed: 0.1747s/iter; left time: 3950.3140s
	iters: 200, epoch: 14 | loss: 0.6876386
	speed: 0.0829s/iter; left time: 1865.4878s
Epoch: 14 cost time: 21.557980060577393
Epoch: 14, Steps: 261 | Train Loss: 0.6543446 Vali Loss: 1.3840543 Test Loss: 0.7458634
Validation loss decreased (1.400728 --> 1.384054).  Saving model ...
Updating learning rate to 3.0212960991742456e-05
	iters: 100, epoch: 15 | loss: 0.6207957
	speed: 0.1747s/iter; left time: 3904.4946s
	iters: 200, epoch: 15 | loss: 0.6478630
	speed: 0.0830s/iter; left time: 1846.0956s
Epoch: 15 cost time: 21.58633255958557
Epoch: 15, Steps: 261 | Train Loss: 0.6452190 Vali Loss: 1.3663347 Test Loss: 0.7317483
Validation loss decreased (1.384054 --> 1.366335).  Saving model ...
Updating learning rate to 3.363620007239161e-05
	iters: 100, epoch: 16 | loss: 0.6227343
	speed: 0.1749s/iter; left time: 3862.9658s
	iters: 200, epoch: 16 | loss: 0.6766072
	speed: 0.0828s/iter; left time: 1821.4062s
Epoch: 16 cost time: 21.577072381973267
Epoch: 16, Steps: 261 | Train Loss: 0.6352257 Vali Loss: 1.3473692 Test Loss: 0.7166457
Validation loss decreased (1.366335 --> 1.347369).  Saving model ...
Updating learning rate to 3.717267976759092e-05
	iters: 100, epoch: 17 | loss: 0.6180028
	speed: 0.1746s/iter; left time: 3811.2733s
	iters: 200, epoch: 17 | loss: 0.6080574
	speed: 0.0829s/iter; left time: 1801.8967s
Epoch: 17 cost time: 21.57390022277832
Epoch: 17, Steps: 261 | Train Loss: 0.6243193 Vali Loss: 1.3276486 Test Loss: 0.7008412
Validation loss decreased (1.347369 --> 1.327649).  Saving model ...
Updating learning rate to 4.0800592328638756e-05
	iters: 100, epoch: 18 | loss: 0.5721627
	speed: 0.1751s/iter; left time: 3776.0898s
	iters: 200, epoch: 18 | loss: 0.5964794
	speed: 0.0829s/iter; left time: 1780.2653s
Epoch: 18 cost time: 21.587267875671387
Epoch: 18, Steps: 261 | Train Loss: 0.6131276 Vali Loss: 1.3062433 Test Loss: 0.6843246
Validation loss decreased (1.327649 --> 1.306243).  Saving model ...
Updating learning rate to 4.449756618485984e-05
	iters: 100, epoch: 19 | loss: 0.6146379
	speed: 0.1751s/iter; left time: 3730.8168s
	iters: 200, epoch: 19 | loss: 0.5668533
	speed: 0.0829s/iter; left time: 1758.7766s
Epoch: 19 cost time: 21.589202642440796
Epoch: 19, Steps: 261 | Train Loss: 0.6011346 Vali Loss: 1.2839048 Test Loss: 0.6674241
Validation loss decreased (1.306243 --> 1.283905).  Saving model ...
Updating learning rate to 4.824080389819096e-05
	iters: 100, epoch: 20 | loss: 0.5843086
	speed: 0.1758s/iter; left time: 3698.7731s
	iters: 200, epoch: 20 | loss: 0.5828013
	speed: 0.0829s/iter; left time: 1736.0869s
Epoch: 20 cost time: 21.567442417144775
Epoch: 20, Steps: 261 | Train Loss: 0.5889774 Vali Loss: 1.2619545 Test Loss: 0.6499106
Validation loss decreased (1.283905 --> 1.261955).  Saving model ...
Updating learning rate to 5.2007222743883666e-05
	iters: 100, epoch: 21 | loss: 0.6191082
	speed: 0.1763s/iter; left time: 3662.8203s
	iters: 200, epoch: 21 | loss: 0.6210554
	speed: 0.0830s/iter; left time: 1717.4387s
Epoch: 21 cost time: 21.588262796401978
Epoch: 21, Steps: 261 | Train Loss: 0.5761468 Vali Loss: 1.2378042 Test Loss: 0.6318980
Validation loss decreased (1.261955 --> 1.237804).  Saving model ...
Updating learning rate to 5.577359705043091e-05
	iters: 100, epoch: 22 | loss: 0.5611560
	speed: 0.1756s/iter; left time: 3603.8172s
	iters: 200, epoch: 22 | loss: 0.5559598
	speed: 0.0831s/iter; left time: 1697.6429s
Epoch: 22 cost time: 21.620173692703247
Epoch: 22, Steps: 261 | Train Loss: 0.5631177 Vali Loss: 1.2145140 Test Loss: 0.6133694
Validation loss decreased (1.237804 --> 1.214514).  Saving model ...
Updating learning rate to 5.951670142097692e-05
	iters: 100, epoch: 23 | loss: 0.5235458
	speed: 0.1759s/iter; left time: 3562.7380s
	iters: 200, epoch: 23 | loss: 0.5044227
	speed: 0.0830s/iter; left time: 1674.1829s
Epoch: 23 cost time: 21.618603706359863
Epoch: 23, Steps: 261 | Train Loss: 0.5500341 Vali Loss: 1.1894889 Test Loss: 0.5942516
Validation loss decreased (1.214514 --> 1.189489).  Saving model ...
Updating learning rate to 6.321345395303321e-05
	iters: 100, epoch: 24 | loss: 0.5424144
	speed: 0.1752s/iter; left time: 3503.6392s
	iters: 200, epoch: 24 | loss: 0.5078988
	speed: 0.0830s/iter; left time: 1651.4985s
Epoch: 24 cost time: 21.61197590827942
Epoch: 24, Steps: 261 | Train Loss: 0.5368200 Vali Loss: 1.1628517 Test Loss: 0.5746533
Validation loss decreased (1.189489 --> 1.162852).  Saving model ...
Updating learning rate to 6.6841058573335e-05
	iters: 100, epoch: 25 | loss: 0.5334011
	speed: 0.1750s/iter; left time: 3454.2615s
	iters: 200, epoch: 25 | loss: 0.5161589
	speed: 0.0831s/iter; left time: 1631.2120s
Epoch: 25 cost time: 21.613505601882935
Epoch: 25, Steps: 261 | Train Loss: 0.5235787 Vali Loss: 1.1348174 Test Loss: 0.5547334
Validation loss decreased (1.162852 --> 1.134817).  Saving model ...
Updating learning rate to 7.037714561012768e-05
	iters: 100, epoch: 26 | loss: 0.5246393
	speed: 0.1776s/iter; left time: 3459.1545s
	iters: 200, epoch: 26 | loss: 0.5244750
	speed: 0.0831s/iter; left time: 1610.2751s
Epoch: 26 cost time: 21.62015390396118
Epoch: 26, Steps: 261 | Train Loss: 0.5104953 Vali Loss: 1.1091866 Test Loss: 0.5349668
Validation loss decreased (1.134817 --> 1.109187).  Saving model ...
Updating learning rate to 7.379990973604285e-05
	iters: 100, epoch: 27 | loss: 0.4664087
	speed: 0.1751s/iter; left time: 3363.9268s
	iters: 200, epoch: 27 | loss: 0.5107635
	speed: 0.0831s/iter; left time: 1588.3721s
Epoch: 27 cost time: 21.63577890396118
Epoch: 27, Steps: 261 | Train Loss: 0.4979671 Vali Loss: 1.0833807 Test Loss: 0.5159616
Validation loss decreased (1.109187 --> 1.083381).  Saving model ...
Updating learning rate to 7.708824443093723e-05
	iters: 100, epoch: 28 | loss: 0.4855080
	speed: 0.1750s/iter; left time: 3316.1371s
	iters: 200, epoch: 28 | loss: 0.4804540
	speed: 0.0832s/iter; left time: 1568.9216s
Epoch: 28 cost time: 21.63838839530945
Epoch: 28, Steps: 261 | Train Loss: 0.4858482 Vali Loss: 1.0574399 Test Loss: 0.4983494
Validation loss decreased (1.083381 --> 1.057440).  Saving model ...
Updating learning rate to 8.022187213552767e-05
	iters: 100, epoch: 29 | loss: 0.4518075
	speed: 0.1750s/iter; left time: 3270.7441s
	iters: 200, epoch: 29 | loss: 0.5003690
	speed: 0.0833s/iter; left time: 1549.1990s
Epoch: 29 cost time: 21.65436053276062
Epoch: 29, Steps: 261 | Train Loss: 0.4747254 Vali Loss: 1.0355811 Test Loss: 0.4832206
Validation loss decreased (1.057440 --> 1.035581).  Saving model ...
Updating learning rate to 8.318146929322795e-05
	iters: 100, epoch: 30 | loss: 0.4647788
	speed: 0.1789s/iter; left time: 3296.8416s
	iters: 200, epoch: 30 | loss: 0.4985161
	speed: 0.0833s/iter; left time: 1527.7934s
Epoch: 30 cost time: 21.63331127166748
Epoch: 30, Steps: 261 | Train Loss: 0.4646845 Vali Loss: 1.0166850 Test Loss: 0.4708869
Validation loss decreased (1.035581 --> 1.016685).  Saving model ...
Updating learning rate to 8.59487855091154e-05
	iters: 100, epoch: 31 | loss: 0.4680708
	speed: 0.1760s/iter; left time: 3198.3076s
	iters: 200, epoch: 31 | loss: 0.4538476
	speed: 0.0834s/iter; left time: 1507.2727s
Epoch: 31 cost time: 21.666345357894897
Epoch: 31, Steps: 261 | Train Loss: 0.4562371 Vali Loss: 1.0019324 Test Loss: 0.4614416
Validation loss decreased (1.016685 --> 1.001932).  Saving model ...
Updating learning rate to 8.850675609123214e-05
	iters: 100, epoch: 32 | loss: 0.4501919
	speed: 0.1752s/iter; left time: 3137.4187s
	iters: 200, epoch: 32 | loss: 0.4261301
	speed: 0.0834s/iter; left time: 1485.9092s
Epoch: 32 cost time: 21.669694900512695
Epoch: 32, Steps: 261 | Train Loss: 0.4489059 Vali Loss: 0.9898944 Test Loss: 0.4543173
Validation loss decreased (1.001932 --> 0.989894).  Saving model ...
Updating learning rate to 9.083960728023302e-05
	iters: 100, epoch: 33 | loss: 0.3925198
	speed: 0.1754s/iter; left time: 3095.6067s
	iters: 200, epoch: 33 | loss: 0.4206379
	speed: 0.0835s/iter; left time: 1464.8395s
Epoch: 33 cost time: 21.682924032211304
Epoch: 33, Steps: 261 | Train Loss: 0.4433965 Vali Loss: 0.9837427 Test Loss: 0.4492499
Validation loss decreased (0.989894 --> 0.983743).  Saving model ...
Updating learning rate to 9.293295351848083e-05
	iters: 100, epoch: 34 | loss: 0.4282030
	speed: 0.1752s/iter; left time: 3046.6903s
	iters: 200, epoch: 34 | loss: 0.3995168
	speed: 0.0837s/iter; left time: 1447.6266s
Epoch: 34 cost time: 21.720176458358765
Epoch: 34, Steps: 261 | Train Loss: 0.4389242 Vali Loss: 0.9787056 Test Loss: 0.4455609
Validation loss decreased (0.983743 --> 0.978706).  Saving model ...
Updating learning rate to 9.47738861587773e-05
	iters: 100, epoch: 35 | loss: 0.4388012
	speed: 0.1752s/iter; left time: 3000.8180s
	iters: 200, epoch: 35 | loss: 0.4472533
	speed: 0.0833s/iter; left time: 1418.3936s
Epoch: 35 cost time: 21.6617169380188
Epoch: 35, Steps: 261 | Train Loss: 0.4356472 Vali Loss: 0.9748945 Test Loss: 0.4422831
Validation loss decreased (0.978706 --> 0.974894).  Saving model ...
Updating learning rate to 9.635105306570629e-05
	iters: 100, epoch: 36 | loss: 0.4223942
	speed: 0.1757s/iter; left time: 2963.8592s
	iters: 200, epoch: 36 | loss: 0.4258865
	speed: 0.0832s/iter; left time: 1394.6589s
Epoch: 36 cost time: 21.631720781326294
Epoch: 36, Steps: 261 | Train Loss: 0.4327968 Vali Loss: 0.9717818 Test Loss: 0.4394875
Validation loss decreased (0.974894 --> 0.971782).  Saving model ...
Updating learning rate to 9.765472861872672e-05
	iters: 100, epoch: 37 | loss: 0.4280893
	speed: 0.1753s/iter; left time: 2911.2902s
	iters: 200, epoch: 37 | loss: 0.3933791
	speed: 0.0834s/iter; left time: 1376.9406s
Epoch: 37 cost time: 21.679130792617798
Epoch: 37, Steps: 261 | Train Loss: 0.4305277 Vali Loss: 0.9701906 Test Loss: 0.4374057
Validation loss decreased (0.971782 --> 0.970191).  Saving model ...
Updating learning rate to 9.867687368533986e-05
	iters: 100, epoch: 38 | loss: 0.4197226
	speed: 0.1755s/iter; left time: 2868.5623s
	iters: 200, epoch: 38 | loss: 0.4329740
	speed: 0.0835s/iter; left time: 1356.0410s
Epoch: 38 cost time: 21.723549365997314
Epoch: 38, Steps: 261 | Train Loss: 0.4285151 Vali Loss: 0.9675444 Test Loss: 0.4354716
Validation loss decreased (0.970191 --> 0.967544).  Saving model ...
Updating learning rate to 9.941118519450599e-05
	iters: 100, epoch: 39 | loss: 0.4111137
	speed: 0.1755s/iter; left time: 2822.8448s
	iters: 200, epoch: 39 | loss: 0.4413691
	speed: 0.0835s/iter; left time: 1334.4076s
Epoch: 39 cost time: 21.721243858337402
Epoch: 39, Steps: 261 | Train Loss: 0.4267690 Vali Loss: 0.9660258 Test Loss: 0.4330743
Validation loss decreased (0.967544 --> 0.966026).  Saving model ...
Updating learning rate to 9.985313500461516e-05
	iters: 100, epoch: 40 | loss: 0.4068015
	speed: 0.1758s/iter; left time: 2782.2984s
	iters: 200, epoch: 40 | loss: 0.4049285
	speed: 0.0835s/iter; left time: 1312.5555s
Epoch: 40 cost time: 21.727093935012817
Epoch: 40, Steps: 261 | Train Loss: 0.4251118 Vali Loss: 0.9643548 Test Loss: 0.4316827
Validation loss decreased (0.966026 --> 0.964355).  Saving model ...
Updating learning rate to 9.999999899386908e-05
	iters: 100, epoch: 41 | loss: 0.4271076
	speed: 0.1756s/iter; left time: 2732.5025s
	iters: 200, epoch: 41 | loss: 0.4020598
	speed: 0.0835s/iter; left time: 1290.7597s
Epoch: 41 cost time: 21.713749408721924
Epoch: 41, Steps: 261 | Train Loss: 0.4235976 Vali Loss: 0.9631608 Test Loss: 0.4299407
Validation loss decreased (0.964355 --> 0.963161).  Saving model ...
Updating learning rate to 9.993095104667097e-05
	iters: 100, epoch: 42 | loss: 0.4243946
	speed: 0.1756s/iter; left time: 2686.2234s
	iters: 200, epoch: 42 | loss: 0.4446393
	speed: 0.0835s/iter; left time: 1269.3698s
Epoch: 42 cost time: 21.726263999938965
Epoch: 42, Steps: 261 | Train Loss: 0.4223629 Vali Loss: 0.9601368 Test Loss: 0.4283730
Validation loss decreased (0.963161 --> 0.960137).  Saving model ...
Updating learning rate to 9.97250463814979e-05
	iters: 100, epoch: 43 | loss: 0.4085998
	speed: 0.1761s/iter; left time: 2647.7482s
	iters: 200, epoch: 43 | loss: 0.4453662
	speed: 0.0834s/iter; left time: 1246.2297s
Epoch: 43 cost time: 21.719357013702393
Epoch: 43, Steps: 261 | Train Loss: 0.4213698 Vali Loss: 0.9591261 Test Loss: 0.4269945
Validation loss decreased (0.960137 --> 0.959126).  Saving model ...
Updating learning rate to 9.938284936872484e-05
	iters: 100, epoch: 44 | loss: 0.4578483
	speed: 0.1769s/iter; left time: 2614.5958s
	iters: 200, epoch: 44 | loss: 0.4011137
	speed: 0.0835s/iter; left time: 1226.3121s
Epoch: 44 cost time: 21.742281436920166
Epoch: 44, Steps: 261 | Train Loss: 0.4199833 Vali Loss: 0.9568107 Test Loss: 0.4257579
Validation loss decreased (0.959126 --> 0.956811).  Saving model ...
Updating learning rate to 9.890529794657798e-05
	iters: 100, epoch: 45 | loss: 0.4313670
	speed: 0.1766s/iter; left time: 2564.3762s
	iters: 200, epoch: 45 | loss: 0.4226155
	speed: 0.0836s/iter; left time: 1205.1398s
Epoch: 45 cost time: 21.746031999588013
Epoch: 45, Steps: 261 | Train Loss: 0.4190166 Vali Loss: 0.9555558 Test Loss: 0.4242293
Validation loss decreased (0.956811 --> 0.955556).  Saving model ...
Updating learning rate to 9.829370105031122e-05
	iters: 100, epoch: 46 | loss: 0.4442778
	speed: 0.1763s/iter; left time: 2513.6259s
	iters: 200, epoch: 46 | loss: 0.3933933
	speed: 0.0836s/iter; left time: 1183.2530s
Epoch: 46 cost time: 21.739553928375244
Epoch: 46, Steps: 261 | Train Loss: 0.4177393 Vali Loss: 0.9541855 Test Loss: 0.4233151
Validation loss decreased (0.955556 --> 0.954185).  Saving model ...
Updating learning rate to 9.754973502450565e-05
	iters: 100, epoch: 47 | loss: 0.3735675
	speed: 0.1762s/iter; left time: 2466.2005s
	iters: 200, epoch: 47 | loss: 0.4318027
	speed: 0.0836s/iter; left time: 1160.9335s
Epoch: 47 cost time: 21.754353761672974
Epoch: 47, Steps: 261 | Train Loss: 0.4169219 Vali Loss: 0.9518356 Test Loss: 0.4223368
Validation loss decreased (0.954185 --> 0.951836).  Saving model ...
Updating learning rate to 9.667543902832558e-05
	iters: 100, epoch: 48 | loss: 0.3919217
	speed: 0.1762s/iter; left time: 2419.9414s
	iters: 200, epoch: 48 | loss: 0.4339913
	speed: 0.0836s/iter; left time: 1139.9361s
Epoch: 48 cost time: 21.7646644115448
Epoch: 48, Steps: 261 | Train Loss: 0.4158369 Vali Loss: 0.9492550 Test Loss: 0.4213279
Validation loss decreased (0.951836 --> 0.949255).  Saving model ...
Updating learning rate to 9.567320944632494e-05
	iters: 100, epoch: 49 | loss: 0.4330324
	speed: 0.1758s/iter; left time: 2368.9329s
	iters: 200, epoch: 49 | loss: 0.4152616
	speed: 0.0837s/iter; left time: 1119.7721s
Epoch: 49 cost time: 21.766530990600586
Epoch: 49, Steps: 261 | Train Loss: 0.4147935 Vali Loss: 0.9489541 Test Loss: 0.4195901
Validation loss decreased (0.949255 --> 0.948954).  Saving model ...
Updating learning rate to 9.45457933201239e-05
	iters: 100, epoch: 50 | loss: 0.4113017
	speed: 0.1758s/iter; left time: 2322.4432s
	iters: 200, epoch: 50 | loss: 0.4195742
	speed: 0.0837s/iter; left time: 1097.7071s
Epoch: 50 cost time: 21.762402772903442
Epoch: 50, Steps: 261 | Train Loss: 0.4139610 Vali Loss: 0.9474177 Test Loss: 0.4184084
Validation loss decreased (0.948954 --> 0.947418).  Saving model ...
Updating learning rate to 9.329628081895862e-05
	iters: 100, epoch: 51 | loss: 0.4193351
	speed: 0.1760s/iter; left time: 2279.1278s
	iters: 200, epoch: 51 | loss: 0.4319464
	speed: 0.0837s/iter; left time: 1075.6785s
Epoch: 51 cost time: 21.745041847229004
Epoch: 51, Steps: 261 | Train Loss: 0.4131019 Vali Loss: 0.9468170 Test Loss: 0.4180764
Validation loss decreased (0.947418 --> 0.946817).  Saving model ...
Updating learning rate to 9.192809676974225e-05
	iters: 100, epoch: 52 | loss: 0.3962798
	speed: 0.1757s/iter; left time: 2229.7634s
	iters: 200, epoch: 52 | loss: 0.4493753
	speed: 0.0835s/iter; left time: 1051.3296s
Epoch: 52 cost time: 21.699339389801025
Epoch: 52, Steps: 261 | Train Loss: 0.4121682 Vali Loss: 0.9463621 Test Loss: 0.4172549
Validation loss decreased (0.946817 --> 0.946362).  Saving model ...
Updating learning rate to 9.044499126985239e-05
	iters: 100, epoch: 53 | loss: 0.4078040
	speed: 0.1753s/iter; left time: 2179.1212s
	iters: 200, epoch: 53 | loss: 0.4515948
	speed: 0.0833s/iter; left time: 1027.4084s
Epoch: 53 cost time: 21.66028380393982
Epoch: 53, Steps: 261 | Train Loss: 0.4114556 Vali Loss: 0.9452766 Test Loss: 0.4167295
Validation loss decreased (0.946362 --> 0.945277).  Saving model ...
Updating learning rate to 8.885102940837483e-05
	iters: 100, epoch: 54 | loss: 0.4142419
	speed: 0.1749s/iter; left time: 2128.5576s
	iters: 200, epoch: 54 | loss: 0.4184375
	speed: 0.0830s/iter; left time: 1001.2336s
Epoch: 54 cost time: 21.561452388763428
Epoch: 54, Steps: 261 | Train Loss: 0.4107362 Vali Loss: 0.9451647 Test Loss: 0.4154782
Validation loss decreased (0.945277 --> 0.945165).  Saving model ...
Updating learning rate to 8.715058012397698e-05
	iters: 100, epoch: 55 | loss: 0.3996950
	speed: 0.1742s/iter; left time: 2073.6265s
	iters: 200, epoch: 55 | loss: 0.3682726
	speed: 0.0828s/iter; left time: 977.6305s
Epoch: 55 cost time: 21.514841556549072
Epoch: 55, Steps: 261 | Train Loss: 0.4099955 Vali Loss: 0.9445480 Test Loss: 0.4150580
Validation loss decreased (0.945165 --> 0.944548).  Saving model ...
Updating learning rate to 8.534830422995055e-05
	iters: 100, epoch: 56 | loss: 0.3703373
	speed: 0.1739s/iter; left time: 2025.1136s
	iters: 200, epoch: 56 | loss: 0.4370367
	speed: 0.0828s/iter; left time: 955.4345s
Epoch: 56 cost time: 21.509541511535645
Epoch: 56, Steps: 261 | Train Loss: 0.4093343 Vali Loss: 0.9435721 Test Loss: 0.4145723
Validation loss decreased (0.944548 --> 0.943572).  Saving model ...
Updating learning rate to 8.344914163924644e-05
	iters: 100, epoch: 57 | loss: 0.4237450
	speed: 0.1740s/iter; left time: 1981.3630s
	iters: 200, epoch: 57 | loss: 0.4204047
	speed: 0.0826s/iter; left time: 932.0424s
Epoch: 57 cost time: 21.4804208278656
Epoch: 57, Steps: 261 | Train Loss: 0.4086290 Vali Loss: 0.9439203 Test Loss: 0.4138147
EarlyStopping counter: 1 out of 20
Updating learning rate to 8.145829782451657e-05
	iters: 100, epoch: 58 | loss: 0.4199820
	speed: 0.1721s/iter; left time: 1914.0899s
	iters: 200, epoch: 58 | loss: 0.3953318
	speed: 0.0824s/iter; left time: 908.5466s
Epoch: 58 cost time: 21.46302890777588
Epoch: 58, Steps: 261 | Train Loss: 0.4080435 Vali Loss: 0.9437410 Test Loss: 0.4131419
EarlyStopping counter: 2 out of 20
Updating learning rate to 7.938122955027528e-05
	iters: 100, epoch: 59 | loss: 0.4263838
	speed: 0.1723s/iter; left time: 1871.3694s
	iters: 200, epoch: 59 | loss: 0.3912196
	speed: 0.0824s/iter; left time: 886.3959s
Epoch: 59 cost time: 21.442169904708862
Epoch: 59, Steps: 261 | Train Loss: 0.4072747 Vali Loss: 0.9436759 Test Loss: 0.4127166
EarlyStopping counter: 3 out of 20
Updating learning rate to 7.722362991628698e-05
	iters: 100, epoch: 60 | loss: 0.4002130
	speed: 0.1718s/iter; left time: 1821.1551s
	iters: 200, epoch: 60 | loss: 0.4359649
	speed: 0.0823s/iter; left time: 864.3552s
Epoch: 60 cost time: 21.43488383293152
Epoch: 60, Steps: 261 | Train Loss: 0.4068457 Vali Loss: 0.9425767 Test Loss: 0.4123143
Validation loss decreased (0.943572 --> 0.942577).  Saving model ...
Updating learning rate to 7.499141275317558e-05
	iters: 100, epoch: 61 | loss: 0.4350308
	speed: 0.1735s/iter; left time: 1794.6196s
	iters: 200, epoch: 61 | loss: 0.4075752
	speed: 0.0821s/iter; left time: 840.8105s
Epoch: 61 cost time: 21.40547275543213
Epoch: 61, Steps: 261 | Train Loss: 0.4062098 Vali Loss: 0.9427029 Test Loss: 0.4122022
EarlyStopping counter: 1 out of 20
Updating learning rate to 7.269069641302562e-05
	iters: 100, epoch: 62 | loss: 0.3847404
	speed: 0.1723s/iter; left time: 1737.1388s
	iters: 200, epoch: 62 | loss: 0.4488039
	speed: 0.0822s/iter; left time: 820.0936s
Epoch: 62 cost time: 21.409177541732788
Epoch: 62, Steps: 261 | Train Loss: 0.4058669 Vali Loss: 0.9417306 Test Loss: 0.4115029
Validation loss decreased (0.942577 --> 0.941731).  Saving model ...
Updating learning rate to 7.032778699940462e-05
	iters: 100, epoch: 63 | loss: 0.3674519
	speed: 0.1740s/iter; left time: 1708.7916s
	iters: 200, epoch: 63 | loss: 0.4073188
	speed: 0.0820s/iter; left time: 797.3258s
Epoch: 63 cost time: 21.383015632629395
Epoch: 63, Steps: 261 | Train Loss: 0.4053049 Vali Loss: 0.9430777 Test Loss: 0.4113496
EarlyStopping counter: 1 out of 20
Updating learning rate to 6.79091610827715e-05
	iters: 100, epoch: 64 | loss: 0.3684014
	speed: 0.1716s/iter; left time: 1640.2642s
	iters: 200, epoch: 64 | loss: 0.4085630
	speed: 0.0820s/iter; left time: 775.8406s
Epoch: 64 cost time: 21.384454011917114
Epoch: 64, Steps: 261 | Train Loss: 0.4048605 Vali Loss: 0.9410794 Test Loss: 0.4111094
Validation loss decreased (0.941731 --> 0.941079).  Saving model ...
Updating learning rate to 6.544144794864713e-05
	iters: 100, epoch: 65 | loss: 0.4146707
	speed: 0.1793s/iter; left time: 1667.0945s
	iters: 200, epoch: 65 | loss: 0.3870294
	speed: 0.1012s/iter; left time: 931.0773s
Epoch: 65 cost time: 23.247527360916138
Epoch: 65, Steps: 261 | Train Loss: 0.4041845 Vali Loss: 0.9414500 Test Loss: 0.4107563
EarlyStopping counter: 1 out of 20
Updating learning rate to 6.293141142720349e-05
	iters: 100, epoch: 66 | loss: 0.4158491
	speed: 0.1712s/iter; left time: 1547.2364s
	iters: 200, epoch: 66 | loss: 0.4070027
	speed: 0.0822s/iter; left time: 734.2203s
Epoch: 66 cost time: 21.382408618927002
Epoch: 66, Steps: 261 | Train Loss: 0.4036412 Vali Loss: 0.9414050 Test Loss: 0.4110361
EarlyStopping counter: 2 out of 20
Updating learning rate to 6.038593135407538e-05
	iters: 100, epoch: 67 | loss: 0.4159814
	speed: 0.1720s/iter; left time: 1509.0794s
	iters: 200, epoch: 67 | loss: 0.4146609
	speed: 0.0824s/iter; left time: 714.7545s
Epoch: 67 cost time: 21.443630695343018
Epoch: 67, Steps: 261 | Train Loss: 0.4031084 Vali Loss: 0.9419568 Test Loss: 0.4105327
EarlyStopping counter: 3 out of 20
Updating learning rate to 5.7811984713209085e-05
	iters: 100, epoch: 68 | loss: 0.3614524
	speed: 0.1718s/iter; left time: 1462.7824s
	iters: 200, epoch: 68 | loss: 0.4255924
	speed: 0.0823s/iter; left time: 692.7184s
Epoch: 68 cost time: 21.43405246734619
Epoch: 68, Steps: 261 | Train Loss: 0.4027517 Vali Loss: 0.9422610 Test Loss: 0.4110210
EarlyStopping counter: 4 out of 20
Updating learning rate to 5.5216626513434395e-05
	iters: 100, epoch: 69 | loss: 0.4561598
	speed: 0.1720s/iter; left time: 1419.1252s
	iters: 200, epoch: 69 | loss: 0.4204884
	speed: 0.0821s/iter; left time: 669.7269s
Epoch: 69 cost time: 21.40136957168579
Epoch: 69, Steps: 261 | Train Loss: 0.4022119 Vali Loss: 0.9412372 Test Loss: 0.4106649
EarlyStopping counter: 5 out of 20
Updating learning rate to 5.260697045117572e-05
	iters: 100, epoch: 70 | loss: 0.4054568
	speed: 0.1717s/iter; left time: 1372.3584s
	iters: 200, epoch: 70 | loss: 0.4147511
	speed: 0.0820s/iter; left time: 647.2919s
Epoch: 70 cost time: 21.381096124649048
Epoch: 70, Steps: 261 | Train Loss: 0.4019977 Vali Loss: 0.9415500 Test Loss: 0.4107096
EarlyStopping counter: 6 out of 20
Updating learning rate to 4.999016941230477e-05
	iters: 100, epoch: 71 | loss: 0.3718204
	speed: 0.1719s/iter; left time: 1328.8288s
	iters: 200, epoch: 71 | loss: 0.3996485
	speed: 0.0821s/iter; left time: 626.2476s
Epoch: 71 cost time: 21.370806217193604
Epoch: 71, Steps: 261 | Train Loss: 0.4015265 Vali Loss: 0.9426196 Test Loss: 0.4107509
EarlyStopping counter: 7 out of 20
Updating learning rate to 4.7373395866577476e-05
	iters: 100, epoch: 72 | loss: 0.3679250
	speed: 0.1714s/iter; left time: 1279.9985s
	iters: 200, epoch: 72 | loss: 0.3831350
	speed: 0.0820s/iter; left time: 604.1452s
Epoch: 72 cost time: 21.366137981414795
Epoch: 72, Steps: 261 | Train Loss: 0.4010223 Vali Loss: 0.9429888 Test Loss: 0.4108258
EarlyStopping counter: 8 out of 20
Updating learning rate to 4.476382220839299e-05
	iters: 100, epoch: 73 | loss: 0.3723575
	speed: 0.1715s/iter; left time: 1236.6766s
	iters: 200, epoch: 73 | loss: 0.4018967
	speed: 0.0819s/iter; left time: 582.4534s
Epoch: 73 cost time: 21.353307723999023
Epoch: 73, Steps: 261 | Train Loss: 0.4006132 Vali Loss: 0.9414241 Test Loss: 0.4108771
EarlyStopping counter: 9 out of 20
Updating learning rate to 4.2168601097759126e-05
	iters: 100, epoch: 74 | loss: 0.4093792
	speed: 0.1714s/iter; left time: 1190.8126s
	iters: 200, epoch: 74 | loss: 0.4086013
	speed: 0.0819s/iter; left time: 561.0698s
Epoch: 74 cost time: 21.351233959197998
Epoch: 74, Steps: 261 | Train Loss: 0.4004743 Vali Loss: 0.9421206 Test Loss: 0.4109203
EarlyStopping counter: 10 out of 20
Updating learning rate to 3.959484585534855e-05
	iters: 100, epoch: 75 | loss: 0.4034326
	speed: 0.1717s/iter; left time: 1147.8745s
	iters: 200, epoch: 75 | loss: 0.3586050
	speed: 0.0820s/iter; left time: 539.9774s
Epoch: 75 cost time: 21.34836745262146
Epoch: 75, Steps: 261 | Train Loss: 0.3999755 Vali Loss: 0.9424934 Test Loss: 0.4112276
EarlyStopping counter: 11 out of 20
Updating learning rate to 3.7049610965381156e-05
	iters: 100, epoch: 76 | loss: 0.3887120
	speed: 0.1713s/iter; left time: 1100.6155s
	iters: 200, epoch: 76 | loss: 0.3848352
	speed: 0.0819s/iter; left time: 518.1524s
Epoch: 76 cost time: 21.34075355529785
Epoch: 76, Steps: 261 | Train Loss: 0.3996629 Vali Loss: 0.9425429 Test Loss: 0.4112101
EarlyStopping counter: 12 out of 20
Updating learning rate to 3.4539872739773254e-05
	iters: 100, epoch: 77 | loss: 0.4014621
	speed: 0.1713s/iter; left time: 1055.7590s
	iters: 200, epoch: 77 | loss: 0.4045933
	speed: 0.0819s/iter; left time: 496.6092s
Epoch: 77 cost time: 21.337920665740967
Epoch: 77, Steps: 261 | Train Loss: 0.3992649 Vali Loss: 0.9422975 Test Loss: 0.4112864
EarlyStopping counter: 13 out of 20
Updating learning rate to 3.2072510196551436e-05
	iters: 100, epoch: 78 | loss: 0.4339032
	speed: 0.1713s/iter; left time: 1011.3593s
	iters: 200, epoch: 78 | loss: 0.4043802
	speed: 0.0819s/iter; left time: 475.3919s
Epoch: 78 cost time: 21.34051823616028
Epoch: 78, Steps: 261 | Train Loss: 0.3991267 Vali Loss: 0.9429926 Test Loss: 0.4113418
EarlyStopping counter: 14 out of 20
Updating learning rate to 2.965428620494246e-05
	iters: 100, epoch: 79 | loss: 0.3889664
	speed: 0.1712s/iter; left time: 966.2852s
	iters: 200, epoch: 79 | loss: 0.4025630
	speed: 0.0819s/iter; left time: 454.0524s
Epoch: 79 cost time: 21.345067977905273
Epoch: 79, Steps: 261 | Train Loss: 0.3988614 Vali Loss: 0.9442689 Test Loss: 0.4116945
EarlyStopping counter: 15 out of 20
Updating learning rate to 2.72918289488186e-05
	iters: 100, epoch: 80 | loss: 0.3869530
	speed: 0.1715s/iter; left time: 923.1118s
	iters: 200, epoch: 80 | loss: 0.3667488
	speed: 0.0819s/iter; left time: 432.6690s
Epoch: 80 cost time: 21.344943284988403
Epoch: 80, Steps: 261 | Train Loss: 0.3985759 Vali Loss: 0.9431704 Test Loss: 0.4115409
EarlyStopping counter: 16 out of 20
Updating learning rate to 2.499161375930652e-05
	iters: 100, epoch: 81 | loss: 0.4061496
	speed: 0.1715s/iter; left time: 878.4953s
	iters: 200, epoch: 81 | loss: 0.4204149
	speed: 0.0819s/iter; left time: 411.2043s
Epoch: 81 cost time: 21.345520734786987
Epoch: 81, Steps: 261 | Train Loss: 0.3984093 Vali Loss: 0.9440405 Test Loss: 0.4117898
EarlyStopping counter: 17 out of 20
Updating learning rate to 2.275994536635464e-05
	iters: 100, epoch: 82 | loss: 0.3958320
	speed: 0.1712s/iter; left time: 832.1404s
	iters: 200, epoch: 82 | loss: 0.3679972
	speed: 0.0819s/iter; left time: 389.9065s
Epoch: 82 cost time: 21.337486028671265
Epoch: 82, Steps: 261 | Train Loss: 0.3982856 Vali Loss: 0.9439927 Test Loss: 0.4117991
EarlyStopping counter: 18 out of 20
Updating learning rate to 2.0602940617906718e-05
	iters: 100, epoch: 83 | loss: 0.4177874
	speed: 0.1713s/iter; left time: 787.8947s
	iters: 200, epoch: 83 | loss: 0.3980067
	speed: 0.0819s/iter; left time: 368.4634s
Epoch: 83 cost time: 21.349357843399048
Epoch: 83, Steps: 261 | Train Loss: 0.3979649 Vali Loss: 0.9434507 Test Loss: 0.4119067
EarlyStopping counter: 19 out of 20
Updating learning rate to 1.8526511714046667e-05
	iters: 100, epoch: 84 | loss: 0.3861737
	speed: 0.1715s/iter; left time: 743.8600s
	iters: 200, epoch: 84 | loss: 0.3916080
	speed: 0.0819s/iter; left time: 347.0911s
Epoch: 84 cost time: 21.334574937820435
Epoch: 84, Steps: 261 | Train Loss: 0.3978372 Vali Loss: 0.9437001 Test Loss: 0.4120222
EarlyStopping counter: 20 out of 20
Early stopping
>>>>>>>testing : NL_ettm1_flatten_lr0.00005_always_336_720_PatchTST_ETTm1_ftM_sl336_ll48_pl720_dm128_nh16_el3_dl1_df256_fc1_ebtimeF_dtTruelr5e-05_polalways_Nested_Learning_0<<<<<<<<<<<<<<<<<<<<<<<<<<<<<<<<<
test 10801
 Ejecutando Inferencia DINÁMICA (Nested Learning con flatten)
  -> Política: always | LR: 5e-05 | Target: head

RESUMEN: El CMS se actualizó 84 veces de 84 posibles.

mse:0.42046043276786804, mae:0.42167532444000244, rse:0.6168073415756226
